model,loss_function,hessian_method,sample_index,number_of_atoms,dft_negative_mode_count,predicted_negative_mode_count,exact_negative_mode_count_match,dft_stationary_point_class,predicted_stationary_point_class,three_class_match,dft_is_first_order_transition_state,predicted_is_first_order_transition_state
HIP,MSE,Direct prediction,0,16,1,0,False,Transition state,Minimum,False,True,False
HIP,MSE,Direct prediction,1,16,1,1,True,Transition state,Transition state,True,True,True
HIP,MSE,Direct prediction,2,15,1,1,True,Transition state,Transition state,True,True,True
HIP,MSE,Direct prediction,3,18,0,1,False,Minimum,Transition state,False,False,True
HIP,MSE,Direct prediction,4,16,0,1,False,Minimum,Transition state,False,False,True
HIP,MSE,Direct prediction,5,16,1,1,True,Transition state,Transition state,True,True,True
HIP,MSE,Direct prediction,6,16,1,1,True,Transition state,Transition state,True,True,True
HIP,MSE,Direct prediction,7,14,1,1,True,Transition state,Transition state,True,True,True
HIP,MSE,Direct prediction,8,15,0,0,True,Minimum,Minimum,True,False,False
HIP,MSE,Direct prediction,9,17,1,1,True,Transition state,Transition state,True,True,True
HIP,MSE,Direct prediction,10,15,2,2,True,Higher-order saddle point,Higher-order saddle point,True,False,False
HIP,MSE,Direct prediction,11,15,1,1,True,Transition state,Transition state,True,True,True
HIP,MSE,Direct prediction,12,11,0,0,True,Minimum,Minimum,True,False,False
HIP,MSE,Direct prediction,13,16,1,1,True,Transition state,Transition state,True,True,True
HIP,MSE,Direct prediction,14,10,0,0,True,Minimum,Minimum,True,False,False
HIP,MSE,Direct prediction,15,18,1,1,True,Transition state,Transition state,True,True,True
HIP,MSE,Direct prediction,16,12,0,0,True,Minimum,Minimum,True,False,False
HIP,MSE,Direct prediction,17,10,2,2,True,Higher-order saddle point,Higher-order saddle point,True,False,False
HIP,MSE,Direct prediction,18,12,1,1,True,Transition state,Transition state,True,True,True
HIP,MSE,Direct prediction,19,14,1,1,True,Transition state,Transition state,True,True,True
HIP,MSE,Direct prediction,20,15,1,0,False,Transition state,Minimum,False,True,False
HIP,MSE,Direct prediction,21,17,1,1,True,Transition state,Transition state,True,True,True
HIP,MSE,Direct prediction,22,15,3,3,True,Higher-order saddle point,Higher-order saddle point,True,False,False
HIP,MSE,Direct prediction,23,16,0,0,True,Minimum,Minimum,True,False,False
HIP,MSE,Direct prediction,24,16,0,0,True,Minimum,Minimum,True,False,False
HIP,MSE,Direct prediction,25,16,1,1,True,Transition state,Transition state,True,True,True
HIP,MSE,Direct prediction,26,14,0,1,False,Minimum,Transition state,False,False,True
HIP,MSE,Direct prediction,27,15,2,2,True,Higher-order saddle point,Higher-order saddle point,True,False,False
HIP,MSE,Direct prediction,28,16,0,0,True,Minimum,Minimum,True,False,False
HIP,MSE,Direct prediction,29,14,2,3,False,Higher-order saddle point,Higher-order saddle point,True,False,False
HIP,MSE,Direct prediction,30,14,0,0,True,Minimum,Minimum,True,False,False
HIP,MSE,Direct prediction,31,14,0,0,True,Minimum,Minimum,True,False,False
HIP,MSE,Direct prediction,32,13,1,1,True,Transition state,Transition state,True,True,True
HIP,MSE,Direct prediction,33,16,0,1,False,Minimum,Transition state,False,False,True
HIP,MSE,Direct prediction,34,14,0,0,True,Minimum,Minimum,True,False,False
HIP,MSE,Direct prediction,35,14,1,1,True,Transition state,Transition state,True,True,True
HIP,MSE,Direct prediction,36,15,1,1,True,Transition state,Transition state,True,True,True
HIP,MSE,Direct prediction,37,11,2,3,False,Higher-order saddle point,Higher-order saddle point,True,False,False
HIP,MSE,Direct prediction,38,16,0,0,True,Minimum,Minimum,True,False,False
HIP,MSE,Direct prediction,39,11,1,1,True,Transition state,Transition state,True,True,True
HIP,MSE,Direct prediction,40,14,2,2,True,Higher-order saddle point,Higher-order saddle point,True,False,False
HIP,MSE,Direct prediction,41,10,1,1,True,Transition state,Transition state,True,True,True
HIP,MSE,Direct prediction,42,13,1,1,True,Transition state,Transition state,True,True,True
HIP,MSE,Direct prediction,43,10,0,0,True,Minimum,Minimum,True,False,False
HIP,MSE,Direct prediction,44,15,1,1,True,Transition state,Transition state,True,True,True
HIP,MSE,Direct prediction,45,19,1,1,True,Transition state,Transition state,True,True,True
HIP,MSE,Direct prediction,46,12,1,1,True,Transition state,Transition state,True,True,True
HIP,MSE,Direct prediction,47,12,0,1,False,Minimum,Transition state,False,False,True
HIP,MSE,Direct prediction,48,17,2,2,True,Higher-order saddle point,Higher-order saddle point,True,False,False
HIP,MSE,Direct prediction,49,14,1,1,True,Transition state,Transition state,True,True,True
HIP,MSE,Direct prediction,50,17,3,3,True,Higher-order saddle point,Higher-order saddle point,True,False,False
HIP,MSE,Direct prediction,51,13,2,2,True,Higher-order saddle point,Higher-order saddle point,True,False,False
HIP,MSE,Direct prediction,52,11,0,0,True,Minimum,Minimum,True,False,False
HIP,MSE,Direct prediction,53,19,0,0,True,Minimum,Minimum,True,False,False
HIP,MSE,Direct prediction,54,19,0,0,True,Minimum,Minimum,True,False,False
HIP,MSE,Direct prediction,55,17,1,1,True,Transition state,Transition state,True,True,True
HIP,MSE,Direct prediction,56,17,1,1,True,Transition state,Transition state,True,True,True
HIP,MSE,Direct prediction,57,16,0,0,True,Minimum,Minimum,True,False,False
HIP,MSE,Direct prediction,58,17,0,0,True,Minimum,Minimum,True,False,False
HIP,MSE,Direct prediction,59,15,1,1,True,Transition state,Transition state,True,True,True
HIP,MSE,Direct prediction,60,14,2,2,True,Higher-order saddle point,Higher-order saddle point,True,False,False
HIP,MSE,Direct prediction,61,15,0,0,True,Minimum,Minimum,True,False,False
HIP,MSE,Direct prediction,62,8,1,1,True,Transition state,Transition state,True,True,True
HIP,MSE,Direct prediction,63,19,1,1,True,Transition state,Transition state,True,True,True
HIP,MSE,Direct prediction,64,17,0,0,True,Minimum,Minimum,True,False,False
HIP,MSE,Direct prediction,65,13,1,1,True,Transition state,Transition state,True,True,True
HIP,MSE,Direct prediction,66,16,3,3,True,Higher-order saddle point,Higher-order saddle point,True,False,False
HIP,MSE,Direct prediction,67,16,0,0,True,Minimum,Minimum,True,False,False
HIP,MSE,Direct prediction,68,14,1,1,True,Transition state,Transition state,True,True,True
HIP,MSE,Direct prediction,69,15,0,0,True,Minimum,Minimum,True,False,False
HIP,MSE,Direct prediction,70,14,0,0,True,Minimum,Minimum,True,False,False
HIP,MSE,Direct prediction,71,14,1,1,True,Transition state,Transition state,True,True,True
HIP,MSE,Direct prediction,72,14,0,0,True,Minimum,Minimum,True,False,False
HIP,MSE,Direct prediction,73,12,0,0,True,Minimum,Minimum,True,False,False
HIP,MSE,Direct prediction,74,16,1,1,True,Transition state,Transition state,True,True,True
HIP,MSE,Direct prediction,75,13,3,3,True,Higher-order saddle point,Higher-order saddle point,True,False,False
HIP,MSE,Direct prediction,76,16,1,1,True,Transition state,Transition state,True,True,True
HIP,MSE,Direct prediction,77,9,0,0,True,Minimum,Minimum,True,False,False
HIP,MSE,Direct prediction,78,11,1,1,True,Transition state,Transition state,True,True,True
HIP,MSE,Direct prediction,79,16,1,1,True,Transition state,Transition state,True,True,True
HIP,MSE,Direct prediction,80,12,0,0,True,Minimum,Minimum,True,False,False
HIP,MSE,Direct prediction,81,12,0,0,True,Minimum,Minimum,True,False,False
HIP,MSE,Direct prediction,82,16,1,1,True,Transition state,Transition state,True,True,True
HIP,MSE,Direct prediction,83,17,1,1,True,Transition state,Transition state,True,True,True
HIP,MSE,Direct prediction,84,13,0,0,True,Minimum,Minimum,True,False,False
HIP,MSE,Direct prediction,85,14,0,0,True,Minimum,Minimum,True,False,False
HIP,MSE,Direct prediction,86,12,0,0,True,Minimum,Minimum,True,False,False
HIP,MSE,Direct prediction,87,17,0,1,False,Minimum,Transition state,False,False,True
HIP,MSE,Direct prediction,88,13,1,1,True,Transition state,Transition state,True,True,True
HIP,MSE,Direct prediction,89,10,1,1,True,Transition state,Transition state,True,True,True
HIP,MSE,Direct prediction,90,17,4,4,True,Higher-order saddle point,Higher-order saddle point,True,False,False
HIP,MSE,Direct prediction,91,14,0,0,True,Minimum,Minimum,True,False,False
HIP,MSE,Direct prediction,92,14,2,2,True,Higher-order saddle point,Higher-order saddle point,True,False,False
HIP,MSE,Direct prediction,93,14,0,0,True,Minimum,Minimum,True,False,False
HIP,MSE,Direct prediction,94,15,1,1,True,Transition state,Transition state,True,True,True
HIP,MSE,Direct prediction,95,13,1,1,True,Transition state,Transition state,True,True,True
HIP,MSE,Direct prediction,96,16,0,1,False,Minimum,Transition state,False,False,True
HIP,MSE,Direct prediction,97,10,1,1,True,Transition state,Transition state,True,True,True
HIP,MSE,Direct prediction,98,17,1,1,True,Transition state,Transition state,True,True,True
HIP,MSE,Direct prediction,99,9,0,0,True,Minimum,Minimum,True,False,False
HIP,MSE,Direct prediction,100,10,1,1,True,Transition state,Transition state,True,True,True
HIP,MSE,Direct prediction,101,12,1,1,True,Transition state,Transition state,True,True,True
HIP,MSE,Direct prediction,102,15,0,0,True,Minimum,Minimum,True,False,False
HIP,MSE,Direct prediction,103,16,0,0,True,Minimum,Minimum,True,False,False
HIP,MSE,Direct prediction,104,9,1,1,True,Transition state,Transition state,True,True,True
HIP,MSE,Direct prediction,105,10,1,1,True,Transition state,Transition state,True,True,True
HIP,MSE,Direct prediction,106,11,0,0,True,Minimum,Minimum,True,False,False
HIP,MSE,Direct prediction,107,10,1,2,False,Transition state,Higher-order saddle point,False,True,False
HIP,MSE,Direct prediction,108,13,3,2,False,Higher-order saddle point,Higher-order saddle point,True,False,False
HIP,MSE,Direct prediction,109,17,0,0,True,Minimum,Minimum,True,False,False
HIP,MSE,Direct prediction,110,7,0,0,True,Minimum,Minimum,True,False,False
HIP,MSE,Direct prediction,111,15,1,1,True,Transition state,Transition state,True,True,True
HIP,MSE,Direct prediction,112,13,1,1,True,Transition state,Transition state,True,True,True
HIP,MSE,Direct prediction,113,16,2,2,True,Higher-order saddle point,Higher-order saddle point,True,False,False
HIP,MSE,Direct prediction,114,11,0,0,True,Minimum,Minimum,True,False,False
HIP,MSE,Direct prediction,115,15,2,1,False,Higher-order saddle point,Transition state,False,False,True
HIP,MSE,Direct prediction,116,13,0,0,True,Minimum,Minimum,True,False,False
HIP,MSE,Direct prediction,117,12,0,0,True,Minimum,Minimum,True,False,False
HIP,MSE,Direct prediction,118,14,1,1,True,Transition state,Transition state,True,True,True
HIP,MSE,Direct prediction,119,12,0,0,True,Minimum,Minimum,True,False,False
HIP,MSE,Direct prediction,120,14,0,0,True,Minimum,Minimum,True,False,False
HIP,MSE,Direct prediction,121,16,2,2,True,Higher-order saddle point,Higher-order saddle point,True,False,False
HIP,MSE,Direct prediction,122,16,0,1,False,Minimum,Transition state,False,False,True
HIP,MSE,Direct prediction,123,11,0,0,True,Minimum,Minimum,True,False,False
HIP,MSE,Direct prediction,124,15,0,1,False,Minimum,Transition state,False,False,True
HIP,MSE,Direct prediction,125,13,0,0,True,Minimum,Minimum,True,False,False
HIP,MSE,Direct prediction,126,10,1,0,False,Transition state,Minimum,False,True,False
HIP,MSE,Direct prediction,127,15,1,1,True,Transition state,Transition state,True,True,True
HIP,MSE,Direct prediction,128,10,0,0,True,Minimum,Minimum,True,False,False
HIP,MSE,Direct prediction,129,18,2,2,True,Higher-order saddle point,Higher-order saddle point,True,False,False
HIP,MSE,Direct prediction,130,13,1,1,True,Transition state,Transition state,True,True,True
HIP,MSE,Direct prediction,131,9,0,0,True,Minimum,Minimum,True,False,False
HIP,MSE,Direct prediction,132,16,0,0,True,Minimum,Minimum,True,False,False
HIP,MSE,Direct prediction,133,13,0,0,True,Minimum,Minimum,True,False,False
HIP,MSE,Direct prediction,134,12,0,0,True,Minimum,Minimum,True,False,False
HIP,MSE,Direct prediction,135,18,1,1,True,Transition state,Transition state,True,True,True
HIP,MSE,Direct prediction,136,16,1,1,True,Transition state,Transition state,True,True,True
HIP,MSE,Direct prediction,137,9,0,0,True,Minimum,Minimum,True,False,False
HIP,MSE,Direct prediction,138,15,0,0,True,Minimum,Minimum,True,False,False
HIP,MSE,Direct prediction,139,15,1,1,True,Transition state,Transition state,True,True,True
HIP,MSE,Direct prediction,140,16,2,2,True,Higher-order saddle point,Higher-order saddle point,True,False,False
HIP,MSE,Direct prediction,141,12,1,1,True,Transition state,Transition state,True,True,True
HIP,MSE,Direct prediction,142,12,1,1,True,Transition state,Transition state,True,True,True
HIP,MSE,Direct prediction,143,13,1,1,True,Transition state,Transition state,True,True,True
HIP,MSE,Direct prediction,144,21,1,1,True,Transition state,Transition state,True,True,True
HIP,MSE,Direct prediction,145,15,1,1,True,Transition state,Transition state,True,True,True
HIP,MSE,Direct prediction,146,11,1,2,False,Transition state,Higher-order saddle point,False,True,False
HIP,MSE,Direct prediction,147,16,2,2,True,Higher-order saddle point,Higher-order saddle point,True,False,False
HIP,MSE,Direct prediction,148,12,1,0,False,Transition state,Minimum,False,True,False
HIP,MSE,Direct prediction,149,14,1,1,True,Transition state,Transition state,True,True,True
HIP,MSE,Direct prediction,150,14,1,1,True,Transition state,Transition state,True,True,True
HIP,MSE,Direct prediction,151,19,1,1,True,Transition state,Transition state,True,True,True
HIP,MSE,Direct prediction,152,12,0,0,True,Minimum,Minimum,True,False,False
HIP,MSE,Direct prediction,153,12,1,1,True,Transition state,Transition state,True,True,True
HIP,MSE,Direct prediction,154,16,1,1,True,Transition state,Transition state,True,True,True
HIP,MSE,Direct prediction,155,9,1,1,True,Transition state,Transition state,True,True,True
HIP,MSE,Direct prediction,156,16,0,0,True,Minimum,Minimum,True,False,False
HIP,MSE,Direct prediction,157,16,3,3,True,Higher-order saddle point,Higher-order saddle point,True,False,False
HIP,MSE,Direct prediction,158,13,1,1,True,Transition state,Transition state,True,True,True
HIP,MSE,Direct prediction,159,12,1,1,True,Transition state,Transition state,True,True,True
HIP,MSE,Direct prediction,160,13,1,1,True,Transition state,Transition state,True,True,True
HIP,MSE,Direct prediction,161,13,1,1,True,Transition state,Transition state,True,True,True
HIP,MSE,Direct prediction,162,16,1,1,True,Transition state,Transition state,True,True,True
HIP,MSE,Direct prediction,163,14,1,1,True,Transition state,Transition state,True,True,True
HIP,MSE,Direct prediction,164,13,0,0,True,Minimum,Minimum,True,False,False
HIP,MSE,Direct prediction,165,14,3,3,True,Higher-order saddle point,Higher-order saddle point,True,False,False
HIP,MSE,Direct prediction,166,11,1,1,True,Transition state,Transition state,True,True,True
HIP,MSE,Direct prediction,167,17,0,0,True,Minimum,Minimum,True,False,False
HIP,MSE,Direct prediction,168,9,2,3,False,Higher-order saddle point,Higher-order saddle point,True,False,False
HIP,MSE,Direct prediction,169,13,2,2,True,Higher-order saddle point,Higher-order saddle point,True,False,False
HIP,MSE,Direct prediction,170,11,1,0,False,Transition state,Minimum,False,True,False
HIP,MSE,Direct prediction,171,11,1,1,True,Transition state,Transition state,True,True,True
HIP,MSE,Direct prediction,172,13,0,0,True,Minimum,Minimum,True,False,False
HIP,MSE,Direct prediction,173,13,1,1,True,Transition state,Transition state,True,True,True
HIP,MSE,Direct prediction,174,12,1,1,True,Transition state,Transition state,True,True,True
HIP,MSE,Direct prediction,175,15,1,1,True,Transition state,Transition state,True,True,True
HIP,MSE,Direct prediction,176,16,1,1,True,Transition state,Transition state,True,True,True
HIP,MSE,Direct prediction,177,17,3,3,True,Higher-order saddle point,Higher-order saddle point,True,False,False
HIP,MSE,Direct prediction,178,8,1,1,True,Transition state,Transition state,True,True,True
HIP,MSE,Direct prediction,179,12,1,1,True,Transition state,Transition state,True,True,True
HIP,MSE,Direct prediction,180,11,1,1,True,Transition state,Transition state,True,True,True
HIP,MSE,Direct prediction,181,14,0,0,True,Minimum,Minimum,True,False,False
HIP,MSE,Direct prediction,182,9,0,0,True,Minimum,Minimum,True,False,False
HIP,MSE,Direct prediction,183,11,1,2,False,Transition state,Higher-order saddle point,False,True,False
HIP,MSE,Direct prediction,184,14,1,1,True,Transition state,Transition state,True,True,True
HIP,MSE,Direct prediction,185,18,2,2,True,Higher-order saddle point,Higher-order saddle point,True,False,False
HIP,MSE,Direct prediction,186,6,0,0,True,Minimum,Minimum,True,False,False
HIP,MSE,Direct prediction,187,19,1,1,True,Transition state,Transition state,True,True,True
HIP,MSE,Direct prediction,188,12,1,1,True,Transition state,Transition state,True,True,True
HIP,MSE,Direct prediction,189,11,0,0,True,Minimum,Minimum,True,False,False
HIP,MSE,Direct prediction,190,11,2,2,True,Higher-order saddle point,Higher-order saddle point,True,False,False
HIP,MSE,Direct prediction,191,14,0,1,False,Minimum,Transition state,False,False,True
HIP,MSE,Direct prediction,192,11,0,0,True,Minimum,Minimum,True,False,False
HIP,MSE,Direct prediction,193,15,0,0,True,Minimum,Minimum,True,False,False
HIP,MSE,Direct prediction,194,16,0,0,True,Minimum,Minimum,True,False,False
HIP,MSE,Direct prediction,195,16,3,3,True,Higher-order saddle point,Higher-order saddle point,True,False,False
HIP,MSE,Direct prediction,196,16,3,3,True,Higher-order saddle point,Higher-order saddle point,True,False,False
HIP,MSE,Direct prediction,197,19,0,0,True,Minimum,Minimum,True,False,False
HIP,MSE,Direct prediction,198,11,1,1,True,Transition state,Transition state,True,True,True
HIP,MSE,Direct prediction,199,12,1,0,False,Transition state,Minimum,False,True,False
HIP,MSE,Direct prediction,200,17,1,1,True,Transition state,Transition state,True,True,True
HIP,MSE,Direct prediction,201,17,0,1,False,Minimum,Transition state,False,False,True
HIP,MSE,Direct prediction,202,5,0,0,True,Minimum,Minimum,True,False,False
HIP,MSE,Direct prediction,203,17,1,1,True,Transition state,Transition state,True,True,True
HIP,MSE,Direct prediction,204,10,0,1,False,Minimum,Transition state,False,False,True
HIP,MSE,Direct prediction,205,15,1,2,False,Transition state,Higher-order saddle point,False,True,False
HIP,MSE,Direct prediction,206,16,1,1,True,Transition state,Transition state,True,True,True
HIP,MSE,Direct prediction,207,10,0,0,True,Minimum,Minimum,True,False,False
HIP,MSE,Direct prediction,208,10,0,0,True,Minimum,Minimum,True,False,False
HIP,MSE,Direct prediction,209,14,2,1,False,Higher-order saddle point,Transition state,False,False,True
HIP,MSE,Direct prediction,210,14,1,1,True,Transition state,Transition state,True,True,True
HIP,MSE,Direct prediction,211,15,0,0,True,Minimum,Minimum,True,False,False
HIP,MSE,Direct prediction,212,13,1,1,True,Transition state,Transition state,True,True,True
HIP,MSE,Direct prediction,213,15,0,0,True,Minimum,Minimum,True,False,False
HIP,MSE,Direct prediction,214,17,2,2,True,Higher-order saddle point,Higher-order saddle point,True,False,False
HIP,MSE,Direct prediction,215,10,1,1,True,Transition state,Transition state,True,True,True
HIP,MSE,Direct prediction,216,10,0,0,True,Minimum,Minimum,True,False,False
HIP,MSE,Direct prediction,217,15,2,2,True,Higher-order saddle point,Higher-order saddle point,True,False,False
HIP,MSE,Direct prediction,218,15,1,1,True,Transition state,Transition state,True,True,True
HIP,MSE,Direct prediction,219,12,1,1,True,Transition state,Transition state,True,True,True
HIP,MSE,Direct prediction,220,16,2,2,True,Higher-order saddle point,Higher-order saddle point,True,False,False
HIP,MSE,Direct prediction,221,16,2,3,False,Higher-order saddle point,Higher-order saddle point,True,False,False
HIP,MSE,Direct prediction,222,16,0,0,True,Minimum,Minimum,True,False,False
HIP,MSE,Direct prediction,223,12,0,0,True,Minimum,Minimum,True,False,False
HIP,MSE,Direct prediction,224,14,3,1,False,Higher-order saddle point,Transition state,False,False,True
HIP,MSE,Direct prediction,225,19,0,0,True,Minimum,Minimum,True,False,False
HIP,MSE,Direct prediction,226,11,0,0,True,Minimum,Minimum,True,False,False
HIP,MSE,Direct prediction,227,12,2,1,False,Higher-order saddle point,Transition state,False,False,True
HIP,MSE,Direct prediction,228,8,2,1,False,Higher-order saddle point,Transition state,False,False,True
HIP,MSE,Direct prediction,229,14,0,1,False,Minimum,Transition state,False,False,True
HIP,MSE,Direct prediction,230,16,1,1,True,Transition state,Transition state,True,True,True
HIP,MSE,Direct prediction,231,11,0,0,True,Minimum,Minimum,True,False,False
HIP,MSE,Direct prediction,232,13,0,0,True,Minimum,Minimum,True,False,False
HIP,MSE,Direct prediction,233,17,0,1,False,Minimum,Transition state,False,False,True
HIP,MSE,Direct prediction,234,16,1,1,True,Transition state,Transition state,True,True,True
HIP,MSE,Direct prediction,235,14,1,0,False,Transition state,Minimum,False,True,False
HIP,MSE,Direct prediction,236,12,1,1,True,Transition state,Transition state,True,True,True
HIP,MSE,Direct prediction,237,14,3,3,True,Higher-order saddle point,Higher-order saddle point,True,False,False
HIP,MSE,Direct prediction,238,11,1,1,True,Transition state,Transition state,True,True,True
HIP,MSE,Direct prediction,239,14,4,2,False,Higher-order saddle point,Higher-order saddle point,True,False,False
HIP,MSE,Direct prediction,240,11,1,1,True,Transition state,Transition state,True,True,True
HIP,MSE,Direct prediction,241,8,0,0,True,Minimum,Minimum,True,False,False
HIP,MSE,Direct prediction,242,9,2,2,True,Higher-order saddle point,Higher-order saddle point,True,False,False
HIP,MSE,Direct prediction,243,11,1,1,True,Transition state,Transition state,True,True,True
HIP,MSE,Direct prediction,244,12,1,1,True,Transition state,Transition state,True,True,True
HIP,MSE,Direct prediction,245,11,1,1,True,Transition state,Transition state,True,True,True
HIP,MSE,Direct prediction,246,12,0,0,True,Minimum,Minimum,True,False,False
HIP,MSE,Direct prediction,247,16,0,0,True,Minimum,Minimum,True,False,False
HIP,MSE,Direct prediction,248,16,0,0,True,Minimum,Minimum,True,False,False
HIP,MSE,Direct prediction,249,15,2,2,True,Higher-order saddle point,Higher-order saddle point,True,False,False
HIP,MSE,Direct prediction,250,17,0,0,True,Minimum,Minimum,True,False,False
HIP,MSE,Direct prediction,251,14,3,3,True,Higher-order saddle point,Higher-order saddle point,True,False,False
HIP,MSE,Direct prediction,252,11,1,1,True,Transition state,Transition state,True,True,True
HIP,MSE,Direct prediction,253,19,0,0,True,Minimum,Minimum,True,False,False
HIP,MSE,Direct prediction,254,16,0,1,False,Minimum,Transition state,False,False,True
HIP,MSE,Direct prediction,255,12,1,1,True,Transition state,Transition state,True,True,True
HIP,MSE,Direct prediction,256,15,0,0,True,Minimum,Minimum,True,False,False
HIP,MSE,Direct prediction,257,14,0,0,True,Minimum,Minimum,True,False,False
HIP,MSE,Direct prediction,258,11,2,2,True,Higher-order saddle point,Higher-order saddle point,True,False,False
HIP,MSE,Direct prediction,259,12,1,1,True,Transition state,Transition state,True,True,True
HIP,MSE,Direct prediction,260,15,1,1,True,Transition state,Transition state,True,True,True
HIP,MSE,Direct prediction,261,13,2,2,True,Higher-order saddle point,Higher-order saddle point,True,False,False
HIP,MSE,Direct prediction,262,19,0,1,False,Minimum,Transition state,False,False,True
HIP,MSE,Direct prediction,263,12,2,2,True,Higher-order saddle point,Higher-order saddle point,True,False,False
HIP,MSE,Direct prediction,264,12,0,0,True,Minimum,Minimum,True,False,False
HIP,MSE,Direct prediction,265,12,2,2,True,Higher-order saddle point,Higher-order saddle point,True,False,False
HIP,MSE,Direct prediction,266,15,0,0,True,Minimum,Minimum,True,False,False
HIP,MSE,Direct prediction,267,14,1,1,True,Transition state,Transition state,True,True,True
HIP,MSE,Direct prediction,268,12,0,0,True,Minimum,Minimum,True,False,False
HIP,MSE,Direct prediction,269,14,1,1,True,Transition state,Transition state,True,True,True
HIP,MSE,Direct prediction,270,12,3,3,True,Higher-order saddle point,Higher-order saddle point,True,False,False
HIP,MSE,Direct prediction,271,18,0,0,True,Minimum,Minimum,True,False,False
HIP,MSE,Direct prediction,272,9,1,1,True,Transition state,Transition state,True,True,True
HIP,MSE,Direct prediction,273,8,1,0,False,Transition state,Minimum,False,True,False
HIP,MSE,Direct prediction,274,18,0,0,True,Minimum,Minimum,True,False,False
HIP,MSE,Direct prediction,275,10,1,1,True,Transition state,Transition state,True,True,True
HIP,MSE,Direct prediction,276,14,1,1,True,Transition state,Transition state,True,True,True
HIP,MSE,Direct prediction,277,13,0,0,True,Minimum,Minimum,True,False,False
HIP,MSE,Direct prediction,278,17,0,0,True,Minimum,Minimum,True,False,False
HIP,MSE,Direct prediction,279,16,2,2,True,Higher-order saddle point,Higher-order saddle point,True,False,False
HIP,MSE,Direct prediction,280,18,1,0,False,Transition state,Minimum,False,True,False
HIP,MSE,Direct prediction,281,14,1,1,True,Transition state,Transition state,True,True,True
HIP,MSE,Direct prediction,282,14,2,2,True,Higher-order saddle point,Higher-order saddle point,True,False,False
HIP,MSE,Direct prediction,283,15,2,2,True,Higher-order saddle point,Higher-order saddle point,True,False,False
HIP,MSE,Direct prediction,284,12,1,1,True,Transition state,Transition state,True,True,True
HIP,MSE,Direct prediction,285,17,1,1,True,Transition state,Transition state,True,True,True
HIP,MSE,Direct prediction,286,14,0,0,True,Minimum,Minimum,True,False,False
HIP,MSE,Direct prediction,287,10,1,1,True,Transition state,Transition state,True,True,True
HIP,MSE,Direct prediction,288,13,0,0,True,Minimum,Minimum,True,False,False
HIP,MSE,Direct prediction,289,12,1,2,False,Transition state,Higher-order saddle point,False,True,False
HIP,MSE,Direct prediction,290,14,1,1,True,Transition state,Transition state,True,True,True
HIP,MSE,Direct prediction,291,13,1,1,True,Transition state,Transition state,True,True,True
HIP,MSE,Direct prediction,292,17,1,1,True,Transition state,Transition state,True,True,True
HIP,MSE,Direct prediction,293,12,0,0,True,Minimum,Minimum,True,False,False
HIP,MSE,Direct prediction,294,15,1,1,True,Transition state,Transition state,True,True,True
HIP,MSE,Direct prediction,295,5,0,0,True,Minimum,Minimum,True,False,False
HIP,MSE,Direct prediction,296,14,1,1,True,Transition state,Transition state,True,True,True
HIP,MSE,Direct prediction,297,15,1,1,True,Transition state,Transition state,True,True,True
HIP,MSE,Direct prediction,298,13,0,0,True,Minimum,Minimum,True,False,False
HIP,MSE,Direct prediction,299,14,1,1,True,Transition state,Transition state,True,True,True
HIP,MSE,Direct prediction,300,15,2,2,True,Higher-order saddle point,Higher-order saddle point,True,False,False
HIP,MSE,Direct prediction,301,17,2,1,False,Higher-order saddle point,Transition state,False,False,True
HIP,MSE,Direct prediction,302,12,1,1,True,Transition state,Transition state,True,True,True
HIP,MSE,Direct prediction,303,11,1,0,False,Transition state,Minimum,False,True,False
HIP,MSE,Direct prediction,304,18,1,1,True,Transition state,Transition state,True,True,True
HIP,MSE,Direct prediction,305,14,0,0,True,Minimum,Minimum,True,False,False
HIP,MSE,Direct prediction,306,16,4,4,True,Higher-order saddle point,Higher-order saddle point,True,False,False
HIP,MSE,Direct prediction,307,15,3,3,True,Higher-order saddle point,Higher-order saddle point,True,False,False
HIP,MSE,Direct prediction,308,18,1,2,False,Transition state,Higher-order saddle point,False,True,False
HIP,MSE,Direct prediction,309,16,2,2,True,Higher-order saddle point,Higher-order saddle point,True,False,False
HIP,MSE,Direct prediction,310,11,0,0,True,Minimum,Minimum,True,False,False
HIP,MSE,Direct prediction,311,14,1,1,True,Transition state,Transition state,True,True,True
HIP,MSE,Direct prediction,312,9,0,0,True,Minimum,Minimum,True,False,False
HIP,MSE,Direct prediction,313,15,2,2,True,Higher-order saddle point,Higher-order saddle point,True,False,False
HIP,MSE,Direct prediction,314,13,1,1,True,Transition state,Transition state,True,True,True
HIP,MSE,Direct prediction,315,14,1,1,True,Transition state,Transition state,True,True,True
HIP,MSE,Direct prediction,316,14,3,2,False,Higher-order saddle point,Higher-order saddle point,True,False,False
HIP,MSE,Direct prediction,317,9,0,0,True,Minimum,Minimum,True,False,False
HIP,MSE,Direct prediction,318,17,0,1,False,Minimum,Transition state,False,False,True
HIP,MSE,Direct prediction,319,10,1,1,True,Transition state,Transition state,True,True,True
HIP,MSE,Direct prediction,320,15,0,0,True,Minimum,Minimum,True,False,False
HIP,MSE,Direct prediction,321,15,0,0,True,Minimum,Minimum,True,False,False
HIP,MSE,Direct prediction,322,10,0,0,True,Minimum,Minimum,True,False,False
HIP,MSE,Direct prediction,323,15,2,1,False,Higher-order saddle point,Transition state,False,False,True
HIP,MSE,Direct prediction,324,15,0,0,True,Minimum,Minimum,True,False,False
HIP,MSE,Direct prediction,325,15,0,0,True,Minimum,Minimum,True,False,False
HIP,MSE,Direct prediction,326,10,1,1,True,Transition state,Transition state,True,True,True
HIP,MSE,Direct prediction,327,13,2,2,True,Higher-order saddle point,Higher-order saddle point,True,False,False
HIP,MSE,Direct prediction,328,14,1,1,True,Transition state,Transition state,True,True,True
HIP,MSE,Direct prediction,329,14,2,2,True,Higher-order saddle point,Higher-order saddle point,True,False,False
HIP,MSE,Direct prediction,330,19,0,0,True,Minimum,Minimum,True,False,False
HIP,MSE,Direct prediction,331,15,1,1,True,Transition state,Transition state,True,True,True
HIP,MSE,Direct prediction,332,16,1,1,True,Transition state,Transition state,True,True,True
HIP,MSE,Direct prediction,333,16,1,1,True,Transition state,Transition state,True,True,True
HIP,MSE,Direct prediction,334,13,2,2,True,Higher-order saddle point,Higher-order saddle point,True,False,False
HIP,MSE,Direct prediction,335,11,0,0,True,Minimum,Minimum,True,False,False
HIP,MSE,Direct prediction,336,12,1,1,True,Transition state,Transition state,True,True,True
HIP,MSE,Direct prediction,337,12,0,0,True,Minimum,Minimum,True,False,False
HIP,MSE,Direct prediction,338,15,1,1,True,Transition state,Transition state,True,True,True
HIP,MSE,Direct prediction,339,13,0,0,True,Minimum,Minimum,True,False,False
HIP,MSE,Direct prediction,340,15,3,2,False,Higher-order saddle point,Higher-order saddle point,True,False,False
HIP,MSE,Direct prediction,341,13,1,1,True,Transition state,Transition state,True,True,True
HIP,MSE,Direct prediction,342,10,0,0,True,Minimum,Minimum,True,False,False
HIP,MSE,Direct prediction,343,12,0,0,True,Minimum,Minimum,True,False,False
HIP,MSE,Direct prediction,344,11,0,0,True,Minimum,Minimum,True,False,False
HIP,MSE,Direct prediction,345,15,1,1,True,Transition state,Transition state,True,True,True
HIP,MSE,Direct prediction,346,16,2,2,True,Higher-order saddle point,Higher-order saddle point,True,False,False
HIP,MSE,Direct prediction,347,14,1,1,True,Transition state,Transition state,True,True,True
HIP,MSE,Direct prediction,348,16,1,1,True,Transition state,Transition state,True,True,True
HIP,MSE,Direct prediction,349,12,1,1,True,Transition state,Transition state,True,True,True
HIP,MSE,Direct prediction,350,16,0,1,False,Minimum,Transition state,False,False,True
HIP,MSE,Direct prediction,351,18,1,1,True,Transition state,Transition state,True,True,True
HIP,MSE,Direct prediction,352,10,0,0,True,Minimum,Minimum,True,False,False
HIP,MSE,Direct prediction,353,12,2,2,True,Higher-order saddle point,Higher-order saddle point,True,False,False
HIP,MSE,Direct prediction,354,11,1,1,True,Transition state,Transition state,True,True,True
HIP,MSE,Direct prediction,355,12,0,0,True,Minimum,Minimum,True,False,False
HIP,MSE,Direct prediction,356,13,1,1,True,Transition state,Transition state,True,True,True
HIP,MSE,Direct prediction,357,17,0,0,True,Minimum,Minimum,True,False,False
HIP,MSE,Direct prediction,358,13,0,0,True,Minimum,Minimum,True,False,False
HIP,MSE,Direct prediction,359,15,1,1,True,Transition state,Transition state,True,True,True
HIP,MSE,Direct prediction,360,16,1,1,True,Transition state,Transition state,True,True,True
HIP,MSE,Direct prediction,361,19,1,1,True,Transition state,Transition state,True,True,True
HIP,MSE,Direct prediction,362,16,2,2,True,Higher-order saddle point,Higher-order saddle point,True,False,False
HIP,MSE,Direct prediction,363,14,0,0,True,Minimum,Minimum,True,False,False
HIP,MSE,Direct prediction,364,17,4,3,False,Higher-order saddle point,Higher-order saddle point,True,False,False
HIP,MSE,Direct prediction,365,11,0,1,False,Minimum,Transition state,False,False,True
HIP,MSE,Direct prediction,366,19,2,2,True,Higher-order saddle point,Higher-order saddle point,True,False,False
HIP,MSE,Direct prediction,367,7,0,0,True,Minimum,Minimum,True,False,False
HIP,MSE,Direct prediction,368,10,1,1,True,Transition state,Transition state,True,True,True
HIP,MSE,Direct prediction,369,16,2,2,True,Higher-order saddle point,Higher-order saddle point,True,False,False
HIP,MSE,Direct prediction,370,15,1,1,True,Transition state,Transition state,True,True,True
HIP,MSE,Direct prediction,371,15,0,0,True,Minimum,Minimum,True,False,False
HIP,MSE,Direct prediction,372,14,0,0,True,Minimum,Minimum,True,False,False
HIP,MSE,Direct prediction,373,10,2,3,False,Higher-order saddle point,Higher-order saddle point,True,False,False
HIP,MSE,Direct prediction,374,12,0,0,True,Minimum,Minimum,True,False,False
HIP,MSE,Direct prediction,375,12,1,1,True,Transition state,Transition state,True,True,True
HIP,MSE,Direct prediction,376,16,1,1,True,Transition state,Transition state,True,True,True
HIP,MSE,Direct prediction,377,11,1,1,True,Transition state,Transition state,True,True,True
HIP,MSE,Direct prediction,378,17,1,1,True,Transition state,Transition state,True,True,True
HIP,MSE,Direct prediction,379,13,1,1,True,Transition state,Transition state,True,True,True
HIP,MSE,Direct prediction,380,8,2,2,True,Higher-order saddle point,Higher-order saddle point,True,False,False
HIP,MSE,Direct prediction,381,9,0,0,True,Minimum,Minimum,True,False,False
HIP,MSE,Direct prediction,382,12,0,0,True,Minimum,Minimum,True,False,False
HIP,MSE,Direct prediction,383,10,1,1,True,Transition state,Transition state,True,True,True
HIP,MSE,Direct prediction,384,14,0,1,False,Minimum,Transition state,False,False,True
HIP,MSE,Direct prediction,385,14,0,0,True,Minimum,Minimum,True,False,False
HIP,MSE,Direct prediction,386,13,2,2,True,Higher-order saddle point,Higher-order saddle point,True,False,False
HIP,MSE,Direct prediction,387,16,1,1,True,Transition state,Transition state,True,True,True
HIP,MSE,Direct prediction,388,12,0,0,True,Minimum,Minimum,True,False,False
HIP,MSE,Direct prediction,389,16,1,1,True,Transition state,Transition state,True,True,True
HIP,MSE,Direct prediction,390,13,3,3,True,Higher-order saddle point,Higher-order saddle point,True,False,False
HIP,MSE,Direct prediction,391,15,2,2,True,Higher-order saddle point,Higher-order saddle point,True,False,False
HIP,MSE,Direct prediction,392,11,0,0,True,Minimum,Minimum,True,False,False
HIP,MSE,Direct prediction,393,9,0,0,True,Minimum,Minimum,True,False,False
HIP,MSE,Direct prediction,394,13,0,0,True,Minimum,Minimum,True,False,False
HIP,MSE,Direct prediction,395,13,2,2,True,Higher-order saddle point,Higher-order saddle point,True,False,False
HIP,MSE,Direct prediction,396,10,1,2,False,Transition state,Higher-order saddle point,False,True,False
HIP,MSE,Direct prediction,397,13,0,0,True,Minimum,Minimum,True,False,False
HIP,MSE,Direct prediction,398,9,0,0,True,Minimum,Minimum,True,False,False
HIP,MSE,Direct prediction,399,14,2,2,True,Higher-order saddle point,Higher-order saddle point,True,False,False
HIP,MSE,Direct prediction,400,14,0,0,True,Minimum,Minimum,True,False,False
HIP,MSE,Direct prediction,401,14,0,1,False,Minimum,Transition state,False,False,True
HIP,MSE,Direct prediction,402,15,1,1,True,Transition state,Transition state,True,True,True
HIP,MSE,Direct prediction,403,16,1,1,True,Transition state,Transition state,True,True,True
HIP,MSE,Direct prediction,404,12,0,0,True,Minimum,Minimum,True,False,False
HIP,MSE,Direct prediction,405,12,3,3,True,Higher-order saddle point,Higher-order saddle point,True,False,False
HIP,MSE,Direct prediction,406,12,2,1,False,Higher-order saddle point,Transition state,False,False,True
HIP,MSE,Direct prediction,407,14,0,0,True,Minimum,Minimum,True,False,False
HIP,MSE,Direct prediction,408,10,0,0,True,Minimum,Minimum,True,False,False
HIP,MSE,Direct prediction,409,18,2,2,True,Higher-order saddle point,Higher-order saddle point,True,False,False
HIP,MSE,Direct prediction,410,6,0,0,True,Minimum,Minimum,True,False,False
HIP,MSE,Direct prediction,411,12,0,0,True,Minimum,Minimum,True,False,False
HIP,MSE,Direct prediction,412,11,1,1,True,Transition state,Transition state,True,True,True
HIP,MSE,Direct prediction,413,19,3,2,False,Higher-order saddle point,Higher-order saddle point,True,False,False
HIP,MSE,Direct prediction,414,16,2,3,False,Higher-order saddle point,Higher-order saddle point,True,False,False
HIP,MSE,Direct prediction,415,13,3,3,True,Higher-order saddle point,Higher-order saddle point,True,False,False
HIP,MSE,Direct prediction,416,17,1,1,True,Transition state,Transition state,True,True,True
HIP,MSE,Direct prediction,417,12,0,0,True,Minimum,Minimum,True,False,False
HIP,MSE,Direct prediction,418,12,0,0,True,Minimum,Minimum,True,False,False
HIP,MSE,Direct prediction,419,13,1,1,True,Transition state,Transition state,True,True,True
HIP,MSE,Direct prediction,420,11,0,0,True,Minimum,Minimum,True,False,False
HIP,MSE,Direct prediction,421,15,3,3,True,Higher-order saddle point,Higher-order saddle point,True,False,False
HIP,MSE,Direct prediction,422,19,0,0,True,Minimum,Minimum,True,False,False
HIP,MSE,Direct prediction,423,16,3,3,True,Higher-order saddle point,Higher-order saddle point,True,False,False
HIP,MSE,Direct prediction,424,14,4,4,True,Higher-order saddle point,Higher-order saddle point,True,False,False
HIP,MSE,Direct prediction,425,14,1,1,True,Transition state,Transition state,True,True,True
HIP,MSE,Direct prediction,426,15,1,1,True,Transition state,Transition state,True,True,True
HIP,MSE,Direct prediction,427,10,0,0,True,Minimum,Minimum,True,False,False
HIP,MSE,Direct prediction,428,10,1,1,True,Transition state,Transition state,True,True,True
HIP,MSE,Direct prediction,429,14,0,0,True,Minimum,Minimum,True,False,False
HIP,MSE,Direct prediction,430,14,0,1,False,Minimum,Transition state,False,False,True
HIP,MSE,Direct prediction,431,15,0,0,True,Minimum,Minimum,True,False,False
HIP,MSE,Direct prediction,432,16,0,0,True,Minimum,Minimum,True,False,False
HIP,MSE,Direct prediction,433,15,1,1,True,Transition state,Transition state,True,True,True
HIP,MSE,Direct prediction,434,12,0,0,True,Minimum,Minimum,True,False,False
HIP,MSE,Direct prediction,435,15,1,1,True,Transition state,Transition state,True,True,True
HIP,MSE,Direct prediction,436,15,0,0,True,Minimum,Minimum,True,False,False
HIP,MSE,Direct prediction,437,11,2,2,True,Higher-order saddle point,Higher-order saddle point,True,False,False
HIP,MSE,Direct prediction,438,13,0,0,True,Minimum,Minimum,True,False,False
HIP,MSE,Direct prediction,439,15,0,0,True,Minimum,Minimum,True,False,False
HIP,MSE,Direct prediction,440,16,1,1,True,Transition state,Transition state,True,True,True
HIP,MSE,Direct prediction,441,16,4,4,True,Higher-order saddle point,Higher-order saddle point,True,False,False
HIP,MSE,Direct prediction,442,15,2,2,True,Higher-order saddle point,Higher-order saddle point,True,False,False
HIP,MSE,Direct prediction,443,16,2,2,True,Higher-order saddle point,Higher-order saddle point,True,False,False
HIP,MSE,Direct prediction,444,13,1,1,True,Transition state,Transition state,True,True,True
HIP,MSE,Direct prediction,445,14,0,0,True,Minimum,Minimum,True,False,False
HIP,MSE,Direct prediction,446,18,0,3,False,Minimum,Higher-order saddle point,False,False,False
HIP,MSE,Direct prediction,447,11,1,1,True,Transition state,Transition state,True,True,True
HIP,MSE,Direct prediction,448,10,1,2,False,Transition state,Higher-order saddle point,False,True,False
HIP,MSE,Direct prediction,449,14,2,2,True,Higher-order saddle point,Higher-order saddle point,True,False,False
HIP,MSE,Direct prediction,450,18,0,0,True,Minimum,Minimum,True,False,False
HIP,MSE,Direct prediction,451,13,1,1,True,Transition state,Transition state,True,True,True
HIP,MSE,Direct prediction,452,19,2,2,True,Higher-order saddle point,Higher-order saddle point,True,False,False
HIP,MSE,Direct prediction,453,13,1,1,True,Transition state,Transition state,True,True,True
HIP,MSE,Direct prediction,454,10,3,3,True,Higher-order saddle point,Higher-order saddle point,True,False,False
HIP,MSE,Direct prediction,455,12,0,0,True,Minimum,Minimum,True,False,False
HIP,MSE,Direct prediction,456,14,1,1,True,Transition state,Transition state,True,True,True
HIP,MSE,Direct prediction,457,14,1,1,True,Transition state,Transition state,True,True,True
HIP,MSE,Direct prediction,458,10,0,0,True,Minimum,Minimum,True,False,False
HIP,MSE,Direct prediction,459,19,1,1,True,Transition state,Transition state,True,True,True
HIP,MSE,Direct prediction,460,16,1,1,True,Transition state,Transition state,True,True,True
HIP,MSE,Direct prediction,461,14,0,0,True,Minimum,Minimum,True,False,False
HIP,MSE,Direct prediction,462,11,0,1,False,Minimum,Transition state,False,False,True
HIP,MSE,Direct prediction,463,11,1,1,True,Transition state,Transition state,True,True,True
HIP,MSE,Direct prediction,464,15,2,2,True,Higher-order saddle point,Higher-order saddle point,True,False,False
HIP,MSE,Direct prediction,465,14,0,0,True,Minimum,Minimum,True,False,False
HIP,MSE,Direct prediction,466,15,2,2,True,Higher-order saddle point,Higher-order saddle point,True,False,False
HIP,MSE,Direct prediction,467,13,0,0,True,Minimum,Minimum,True,False,False
HIP,MSE,Direct prediction,468,16,1,1,True,Transition state,Transition state,True,True,True
HIP,MSE,Direct prediction,469,11,0,0,True,Minimum,Minimum,True,False,False
HIP,MSE,Direct prediction,470,15,1,1,True,Transition state,Transition state,True,True,True
HIP,MSE,Direct prediction,471,13,0,0,True,Minimum,Minimum,True,False,False
HIP,MSE,Direct prediction,472,9,1,1,True,Transition state,Transition state,True,True,True
HIP,MSE,Direct prediction,473,17,1,1,True,Transition state,Transition state,True,True,True
HIP,MSE,Direct prediction,474,13,0,1,False,Minimum,Transition state,False,False,True
HIP,MSE,Direct prediction,475,12,0,0,True,Minimum,Minimum,True,False,False
HIP,MSE,Direct prediction,476,13,0,0,True,Minimum,Minimum,True,False,False
HIP,MSE,Direct prediction,477,14,2,2,True,Higher-order saddle point,Higher-order saddle point,True,False,False
HIP,MSE,Direct prediction,478,12,1,1,True,Transition state,Transition state,True,True,True
HIP,MSE,Direct prediction,479,16,0,1,False,Minimum,Transition state,False,False,True
HIP,MSE,Direct prediction,480,16,3,2,False,Higher-order saddle point,Higher-order saddle point,True,False,False
HIP,MSE,Direct prediction,481,18,1,0,False,Transition state,Minimum,False,True,False
HIP,MSE,Direct prediction,482,13,1,1,True,Transition state,Transition state,True,True,True
HIP,MSE,Direct prediction,483,14,0,1,False,Minimum,Transition state,False,False,True
HIP,MSE,Direct prediction,484,11,4,3,False,Higher-order saddle point,Higher-order saddle point,True,False,False
HIP,MSE,Direct prediction,485,17,1,1,True,Transition state,Transition state,True,True,True
HIP,MSE,Direct prediction,486,16,2,2,True,Higher-order saddle point,Higher-order saddle point,True,False,False
HIP,MSE,Direct prediction,487,15,0,0,True,Minimum,Minimum,True,False,False
HIP,MSE,Direct prediction,488,16,4,3,False,Higher-order saddle point,Higher-order saddle point,True,False,False
HIP,MSE,Direct prediction,489,16,1,1,True,Transition state,Transition state,True,True,True
HIP,MSE,Direct prediction,490,9,2,2,True,Higher-order saddle point,Higher-order saddle point,True,False,False
HIP,MSE,Direct prediction,491,11,0,0,True,Minimum,Minimum,True,False,False
HIP,MSE,Direct prediction,492,16,2,2,True,Higher-order saddle point,Higher-order saddle point,True,False,False
HIP,MSE,Direct prediction,493,12,2,2,True,Higher-order saddle point,Higher-order saddle point,True,False,False
HIP,MSE,Direct prediction,494,14,0,0,True,Minimum,Minimum,True,False,False
HIP,MSE,Direct prediction,495,13,1,0,False,Transition state,Minimum,False,True,False
HIP,MSE,Direct prediction,496,14,1,1,True,Transition state,Transition state,True,True,True
HIP,MSE,Direct prediction,497,11,0,0,True,Minimum,Minimum,True,False,False
HIP,MSE,Direct prediction,498,15,0,0,True,Minimum,Minimum,True,False,False
HIP,MSE,Direct prediction,499,15,1,1,True,Transition state,Transition state,True,True,True
HIP,MSE,Direct prediction,500,12,1,1,True,Transition state,Transition state,True,True,True
HIP,MSE,Direct prediction,501,10,1,1,True,Transition state,Transition state,True,True,True
HIP,MSE,Direct prediction,502,16,1,1,True,Transition state,Transition state,True,True,True
HIP,MSE,Direct prediction,503,13,0,0,True,Minimum,Minimum,True,False,False
HIP,MSE,Direct prediction,504,10,2,1,False,Higher-order saddle point,Transition state,False,False,True
HIP,MSE,Direct prediction,505,12,0,0,True,Minimum,Minimum,True,False,False
HIP,MSE,Direct prediction,506,21,1,1,True,Transition state,Transition state,True,True,True
HIP,MSE,Direct prediction,507,10,0,0,True,Minimum,Minimum,True,False,False
HIP,MSE,Direct prediction,508,18,1,1,True,Transition state,Transition state,True,True,True
HIP,MSE,Direct prediction,509,12,1,1,True,Transition state,Transition state,True,True,True
HIP,MSE,Direct prediction,510,16,0,1,False,Minimum,Transition state,False,False,True
HIP,MSE,Direct prediction,511,17,1,1,True,Transition state,Transition state,True,True,True
HIP,MSE,Direct prediction,512,21,3,3,True,Higher-order saddle point,Higher-order saddle point,True,False,False
HIP,MSE,Direct prediction,513,18,2,3,False,Higher-order saddle point,Higher-order saddle point,True,False,False
HIP,MSE,Direct prediction,514,13,1,1,True,Transition state,Transition state,True,True,True
HIP,MSE,Direct prediction,515,15,1,1,True,Transition state,Transition state,True,True,True
HIP,MSE,Direct prediction,516,10,0,0,True,Minimum,Minimum,True,False,False
HIP,MSE,Direct prediction,517,17,1,1,True,Transition state,Transition state,True,True,True
HIP,MSE,Direct prediction,518,15,0,0,True,Minimum,Minimum,True,False,False
HIP,MSE,Direct prediction,519,12,1,1,True,Transition state,Transition state,True,True,True
HIP,MSE,Direct prediction,520,15,1,1,True,Transition state,Transition state,True,True,True
HIP,MSE,Direct prediction,521,14,1,1,True,Transition state,Transition state,True,True,True
HIP,MSE,Direct prediction,522,16,1,1,True,Transition state,Transition state,True,True,True
HIP,MSE,Direct prediction,523,12,3,2,False,Higher-order saddle point,Higher-order saddle point,True,False,False
HIP,MSE,Direct prediction,524,10,0,0,True,Minimum,Minimum,True,False,False
HIP,MSE,Direct prediction,525,12,0,0,True,Minimum,Minimum,True,False,False
HIP,MSE,Direct prediction,526,13,1,1,True,Transition state,Transition state,True,True,True
HIP,MSE,Direct prediction,527,15,1,1,True,Transition state,Transition state,True,True,True
HIP,MSE,Direct prediction,528,19,2,2,True,Higher-order saddle point,Higher-order saddle point,True,False,False
HIP,MSE,Direct prediction,529,10,1,1,True,Transition state,Transition state,True,True,True
HIP,MSE,Direct prediction,530,11,1,1,True,Transition state,Transition state,True,True,True
HIP,MSE,Direct prediction,531,16,0,0,True,Minimum,Minimum,True,False,False
HIP,MSE,Direct prediction,532,15,0,0,True,Minimum,Minimum,True,False,False
HIP,MSE,Direct prediction,533,15,1,0,False,Transition state,Minimum,False,True,False
HIP,MSE,Direct prediction,534,14,2,2,True,Higher-order saddle point,Higher-order saddle point,True,False,False
HIP,MSE,Direct prediction,535,13,1,1,True,Transition state,Transition state,True,True,True
HIP,MSE,Direct prediction,536,12,3,3,True,Higher-order saddle point,Higher-order saddle point,True,False,False
HIP,MSE,Direct prediction,537,15,2,2,True,Higher-order saddle point,Higher-order saddle point,True,False,False
HIP,MSE,Direct prediction,538,16,0,0,True,Minimum,Minimum,True,False,False
HIP,MSE,Direct prediction,539,15,1,1,True,Transition state,Transition state,True,True,True
HIP,MSE,Direct prediction,540,11,1,1,True,Transition state,Transition state,True,True,True
HIP,MSE,Direct prediction,541,13,1,1,True,Transition state,Transition state,True,True,True
HIP,MSE,Direct prediction,542,14,1,1,True,Transition state,Transition state,True,True,True
HIP,MSE,Direct prediction,543,16,0,0,True,Minimum,Minimum,True,False,False
HIP,MSE,Direct prediction,544,11,1,1,True,Transition state,Transition state,True,True,True
HIP,MSE,Direct prediction,545,14,0,0,True,Minimum,Minimum,True,False,False
HIP,MSE,Direct prediction,546,13,2,3,False,Higher-order saddle point,Higher-order saddle point,True,False,False
HIP,MSE,Direct prediction,547,11,1,1,True,Transition state,Transition state,True,True,True
HIP,MSE,Direct prediction,548,13,0,1,False,Minimum,Transition state,False,False,True
HIP,MSE,Direct prediction,549,14,1,2,False,Transition state,Higher-order saddle point,False,True,False
HIP,MSE,Direct prediction,550,13,0,0,True,Minimum,Minimum,True,False,False
HIP,MSE,Direct prediction,551,9,2,2,True,Higher-order saddle point,Higher-order saddle point,True,False,False
HIP,MSE,Direct prediction,552,12,1,1,True,Transition state,Transition state,True,True,True
HIP,MSE,Direct prediction,553,14,1,1,True,Transition state,Transition state,True,True,True
HIP,MSE,Direct prediction,554,10,1,0,False,Transition state,Minimum,False,True,False
HIP,MSE,Direct prediction,555,16,0,0,True,Minimum,Minimum,True,False,False
HIP,MSE,Direct prediction,556,16,2,1,False,Higher-order saddle point,Transition state,False,False,True
HIP,MSE,Direct prediction,557,11,1,0,False,Transition state,Minimum,False,True,False
HIP,MSE,Direct prediction,558,13,0,0,True,Minimum,Minimum,True,False,False
HIP,MSE,Direct prediction,559,13,0,0,True,Minimum,Minimum,True,False,False
HIP,MSE,Direct prediction,560,17,0,0,True,Minimum,Minimum,True,False,False
HIP,MSE,Direct prediction,561,12,0,0,True,Minimum,Minimum,True,False,False
HIP,MSE,Direct prediction,562,19,0,0,True,Minimum,Minimum,True,False,False
HIP,MSE,Direct prediction,563,14,1,1,True,Transition state,Transition state,True,True,True
HIP,MSE,Direct prediction,564,18,0,0,True,Minimum,Minimum,True,False,False
HIP,MSE,Direct prediction,565,14,6,6,True,Higher-order saddle point,Higher-order saddle point,True,False,False
HIP,MSE,Direct prediction,566,19,0,0,True,Minimum,Minimum,True,False,False
HIP,MSE,Direct prediction,567,13,1,1,True,Transition state,Transition state,True,True,True
HIP,MSE,Direct prediction,568,14,1,1,True,Transition state,Transition state,True,True,True
HIP,MSE,Direct prediction,569,15,1,1,True,Transition state,Transition state,True,True,True
HIP,MSE,Direct prediction,570,15,1,1,True,Transition state,Transition state,True,True,True
HIP,MSE,Direct prediction,571,14,1,2,False,Transition state,Higher-order saddle point,False,True,False
HIP,MSE,Direct prediction,572,16,3,3,True,Higher-order saddle point,Higher-order saddle point,True,False,False
HIP,MSE,Direct prediction,573,16,0,0,True,Minimum,Minimum,True,False,False
HIP,MSE,Direct prediction,574,13,1,1,True,Transition state,Transition state,True,True,True
HIP,MSE,Direct prediction,575,12,1,1,True,Transition state,Transition state,True,True,True
HIP,MSE,Direct prediction,576,12,0,0,True,Minimum,Minimum,True,False,False
HIP,MSE,Direct prediction,577,15,3,3,True,Higher-order saddle point,Higher-order saddle point,True,False,False
HIP,MSE,Direct prediction,578,14,2,2,True,Higher-order saddle point,Higher-order saddle point,True,False,False
HIP,MSE,Direct prediction,579,16,1,0,False,Transition state,Minimum,False,True,False
HIP,MSE,Direct prediction,580,13,1,1,True,Transition state,Transition state,True,True,True
HIP,MSE,Direct prediction,581,11,0,0,True,Minimum,Minimum,True,False,False
HIP,MSE,Direct prediction,582,16,1,1,True,Transition state,Transition state,True,True,True
HIP,MSE,Direct prediction,583,15,1,1,True,Transition state,Transition state,True,True,True
HIP,MSE,Direct prediction,584,17,2,2,True,Higher-order saddle point,Higher-order saddle point,True,False,False
HIP,MSE,Direct prediction,585,10,1,0,False,Transition state,Minimum,False,True,False
HIP,MSE,Direct prediction,586,11,1,1,True,Transition state,Transition state,True,True,True
HIP,MSE,Direct prediction,587,14,1,1,True,Transition state,Transition state,True,True,True
HIP,MSE,Direct prediction,588,19,1,1,True,Transition state,Transition state,True,True,True
HIP,MSE,Direct prediction,589,14,2,2,True,Higher-order saddle point,Higher-order saddle point,True,False,False
HIP,MSE,Direct prediction,590,16,0,0,True,Minimum,Minimum,True,False,False
HIP,MSE,Direct prediction,591,15,1,1,True,Transition state,Transition state,True,True,True
HIP,MSE,Direct prediction,592,17,1,1,True,Transition state,Transition state,True,True,True
HIP,MSE,Direct prediction,593,13,0,0,True,Minimum,Minimum,True,False,False
HIP,MSE,Direct prediction,594,14,1,1,True,Transition state,Transition state,True,True,True
HIP,MSE,Direct prediction,595,15,1,1,True,Transition state,Transition state,True,True,True
HIP,MSE,Direct prediction,596,13,0,0,True,Minimum,Minimum,True,False,False
HIP,MSE,Direct prediction,597,11,0,0,True,Minimum,Minimum,True,False,False
HIP,MSE,Direct prediction,598,10,1,1,True,Transition state,Transition state,True,True,True
HIP,MSE,Direct prediction,599,12,1,1,True,Transition state,Transition state,True,True,True
HIP,MSE,Direct prediction,600,15,0,0,True,Minimum,Minimum,True,False,False
HIP,MSE,Direct prediction,601,9,2,1,False,Higher-order saddle point,Transition state,False,False,True
HIP,MSE,Direct prediction,602,16,1,2,False,Transition state,Higher-order saddle point,False,True,False
HIP,MSE,Direct prediction,603,16,0,0,True,Minimum,Minimum,True,False,False
HIP,MSE,Direct prediction,604,10,0,0,True,Minimum,Minimum,True,False,False
HIP,MSE,Direct prediction,605,17,2,1,False,Higher-order saddle point,Transition state,False,False,True
HIP,MSE,Direct prediction,606,18,1,3,False,Transition state,Higher-order saddle point,False,True,False
HIP,MSE,Direct prediction,607,14,0,0,True,Minimum,Minimum,True,False,False
HIP,MSE,Direct prediction,608,15,0,0,True,Minimum,Minimum,True,False,False
HIP,MSE,Direct prediction,609,19,0,0,True,Minimum,Minimum,True,False,False
HIP,MSE,Direct prediction,610,13,0,0,True,Minimum,Minimum,True,False,False
HIP,MSE,Direct prediction,611,14,1,1,True,Transition state,Transition state,True,True,True
HIP,MSE,Direct prediction,612,14,0,0,True,Minimum,Minimum,True,False,False
HIP,MSE,Direct prediction,613,12,0,0,True,Minimum,Minimum,True,False,False
HIP,MSE,Direct prediction,614,12,0,0,True,Minimum,Minimum,True,False,False
HIP,MSE,Direct prediction,615,15,1,1,True,Transition state,Transition state,True,True,True
HIP,MSE,Direct prediction,616,15,1,1,True,Transition state,Transition state,True,True,True
HIP,MSE,Direct prediction,617,12,1,1,True,Transition state,Transition state,True,True,True
HIP,MSE,Direct prediction,618,14,0,1,False,Minimum,Transition state,False,False,True
HIP,MSE,Direct prediction,619,15,1,1,True,Transition state,Transition state,True,True,True
HIP,MSE,Direct prediction,620,13,0,1,False,Minimum,Transition state,False,False,True
HIP,MSE,Direct prediction,621,13,0,1,False,Minimum,Transition state,False,False,True
HIP,MSE,Direct prediction,622,11,0,0,True,Minimum,Minimum,True,False,False
HIP,MSE,Direct prediction,623,16,1,1,True,Transition state,Transition state,True,True,True
HIP,MSE,Direct prediction,624,18,0,0,True,Minimum,Minimum,True,False,False
HIP,MSE,Direct prediction,625,11,2,2,True,Higher-order saddle point,Higher-order saddle point,True,False,False
HIP,MSE,Direct prediction,626,14,1,1,True,Transition state,Transition state,True,True,True
HIP,MSE,Direct prediction,627,15,1,1,True,Transition state,Transition state,True,True,True
HIP,MSE,Direct prediction,628,21,1,1,True,Transition state,Transition state,True,True,True
HIP,MSE,Direct prediction,629,11,2,2,True,Higher-order saddle point,Higher-order saddle point,True,False,False
HIP,MSE,Direct prediction,630,19,3,3,True,Higher-order saddle point,Higher-order saddle point,True,False,False
HIP,MSE,Direct prediction,631,15,1,1,True,Transition state,Transition state,True,True,True
HIP,MSE,Direct prediction,632,18,1,1,True,Transition state,Transition state,True,True,True
HIP,MSE,Direct prediction,633,11,2,2,True,Higher-order saddle point,Higher-order saddle point,True,False,False
HIP,MSE,Direct prediction,634,16,1,1,True,Transition state,Transition state,True,True,True
HIP,MSE,Direct prediction,635,13,0,0,True,Minimum,Minimum,True,False,False
HIP,MSE,Direct prediction,636,12,1,1,True,Transition state,Transition state,True,True,True
HIP,MSE,Direct prediction,637,12,0,0,True,Minimum,Minimum,True,False,False
HIP,MSE,Direct prediction,638,16,1,1,True,Transition state,Transition state,True,True,True
HIP,MSE,Direct prediction,639,12,1,1,True,Transition state,Transition state,True,True,True
HIP,MSE,Direct prediction,640,15,2,2,True,Higher-order saddle point,Higher-order saddle point,True,False,False
HIP,MSE,Direct prediction,641,19,1,1,True,Transition state,Transition state,True,True,True
HIP,MSE,Direct prediction,642,16,2,2,True,Higher-order saddle point,Higher-order saddle point,True,False,False
HIP,MSE,Direct prediction,643,14,1,1,True,Transition state,Transition state,True,True,True
HIP,MSE,Direct prediction,644,18,3,3,True,Higher-order saddle point,Higher-order saddle point,True,False,False
HIP,MSE,Direct prediction,645,14,0,0,True,Minimum,Minimum,True,False,False
HIP,MSE,Direct prediction,646,11,0,0,True,Minimum,Minimum,True,False,False
HIP,MSE,Direct prediction,647,16,0,0,True,Minimum,Minimum,True,False,False
HIP,MSE,Direct prediction,648,16,1,1,True,Transition state,Transition state,True,True,True
HIP,MSE,Direct prediction,649,15,1,1,True,Transition state,Transition state,True,True,True
HIP,MSE,Direct prediction,650,12,1,1,True,Transition state,Transition state,True,True,True
HIP,MSE,Direct prediction,651,17,1,1,True,Transition state,Transition state,True,True,True
HIP,MSE,Direct prediction,652,11,0,0,True,Minimum,Minimum,True,False,False
HIP,MSE,Direct prediction,653,15,0,0,True,Minimum,Minimum,True,False,False
HIP,MSE,Direct prediction,654,10,1,1,True,Transition state,Transition state,True,True,True
HIP,MSE,Direct prediction,655,13,1,1,True,Transition state,Transition state,True,True,True
HIP,MSE,Direct prediction,656,17,0,0,True,Minimum,Minimum,True,False,False
HIP,MSE,Direct prediction,657,13,0,0,True,Minimum,Minimum,True,False,False
HIP,MSE,Direct prediction,658,12,1,1,True,Transition state,Transition state,True,True,True
HIP,MSE,Direct prediction,659,10,1,1,True,Transition state,Transition state,True,True,True
HIP,MSE,Direct prediction,660,14,1,1,True,Transition state,Transition state,True,True,True
HIP,MSE,Direct prediction,661,18,0,1,False,Minimum,Transition state,False,False,True
HIP,MSE,Direct prediction,662,14,2,0,False,Higher-order saddle point,Minimum,False,False,False
HIP,MSE,Direct prediction,663,16,1,1,True,Transition state,Transition state,True,True,True
HIP,MSE,Direct prediction,664,10,1,1,True,Transition state,Transition state,True,True,True
HIP,MSE,Direct prediction,665,12,0,0,True,Minimum,Minimum,True,False,False
HIP,MSE,Direct prediction,666,10,1,1,True,Transition state,Transition state,True,True,True
HIP,MSE,Direct prediction,667,13,1,1,True,Transition state,Transition state,True,True,True
HIP,MSE,Direct prediction,668,16,0,0,True,Minimum,Minimum,True,False,False
HIP,MSE,Direct prediction,669,11,1,1,True,Transition state,Transition state,True,True,True
HIP,MSE,Direct prediction,670,14,0,0,True,Minimum,Minimum,True,False,False
HIP,MSE,Direct prediction,671,14,1,0,False,Transition state,Minimum,False,True,False
HIP,MSE,Direct prediction,672,12,1,0,False,Transition state,Minimum,False,True,False
HIP,MSE,Direct prediction,673,13,1,1,True,Transition state,Transition state,True,True,True
HIP,MSE,Direct prediction,674,14,1,1,True,Transition state,Transition state,True,True,True
HIP,MSE,Direct prediction,675,14,0,0,True,Minimum,Minimum,True,False,False
HIP,MSE,Direct prediction,676,14,0,0,True,Minimum,Minimum,True,False,False
HIP,MSE,Direct prediction,677,15,1,1,True,Transition state,Transition state,True,True,True
HIP,MSE,Direct prediction,678,18,0,0,True,Minimum,Minimum,True,False,False
HIP,MSE,Direct prediction,679,15,1,1,True,Transition state,Transition state,True,True,True
HIP,MSE,Direct prediction,680,13,0,1,False,Minimum,Transition state,False,False,True
HIP,MSE,Direct prediction,681,12,1,1,True,Transition state,Transition state,True,True,True
HIP,MSE,Direct prediction,682,9,0,0,True,Minimum,Minimum,True,False,False
HIP,MSE,Direct prediction,683,13,1,1,True,Transition state,Transition state,True,True,True
HIP,MSE,Direct prediction,684,15,2,2,True,Higher-order saddle point,Higher-order saddle point,True,False,False
HIP,MSE,Direct prediction,685,15,2,2,True,Higher-order saddle point,Higher-order saddle point,True,False,False
HIP,MSE,Direct prediction,686,8,1,1,True,Transition state,Transition state,True,True,True
HIP,MSE,Direct prediction,687,14,1,0,False,Transition state,Minimum,False,True,False
HIP,MSE,Direct prediction,688,19,1,1,True,Transition state,Transition state,True,True,True
HIP,MSE,Direct prediction,689,16,0,0,True,Minimum,Minimum,True,False,False
HIP,MSE,Direct prediction,690,10,0,0,True,Minimum,Minimum,True,False,False
HIP,MSE,Direct prediction,691,12,1,1,True,Transition state,Transition state,True,True,True
HIP,MSE,Direct prediction,692,17,0,0,True,Minimum,Minimum,True,False,False
HIP,MSE,Direct prediction,693,9,0,0,True,Minimum,Minimum,True,False,False
HIP,MSE,Direct prediction,694,15,1,1,True,Transition state,Transition state,True,True,True
HIP,MSE,Direct prediction,695,10,1,1,True,Transition state,Transition state,True,True,True
HIP,MSE,Direct prediction,696,10,1,0,False,Transition state,Minimum,False,True,False
HIP,MSE,Direct prediction,697,15,2,2,True,Higher-order saddle point,Higher-order saddle point,True,False,False
HIP,MSE,Direct prediction,698,13,0,1,False,Minimum,Transition state,False,False,True
HIP,MSE,Direct prediction,699,12,1,2,False,Transition state,Higher-order saddle point,False,True,False
HIP,MSE,Direct prediction,700,14,1,1,True,Transition state,Transition state,True,True,True
HIP,MSE,Direct prediction,701,17,2,2,True,Higher-order saddle point,Higher-order saddle point,True,False,False
HIP,MSE,Direct prediction,702,16,1,1,True,Transition state,Transition state,True,True,True
HIP,MSE,Direct prediction,703,15,1,1,True,Transition state,Transition state,True,True,True
HIP,MSE,Direct prediction,704,16,0,0,True,Minimum,Minimum,True,False,False
HIP,MSE,Direct prediction,705,10,0,0,True,Minimum,Minimum,True,False,False
HIP,MSE,Direct prediction,706,14,1,1,True,Transition state,Transition state,True,True,True
HIP,MSE,Direct prediction,707,14,0,0,True,Minimum,Minimum,True,False,False
HIP,MSE,Direct prediction,708,12,1,1,True,Transition state,Transition state,True,True,True
HIP,MSE,Direct prediction,709,12,1,1,True,Transition state,Transition state,True,True,True
HIP,MSE,Direct prediction,710,13,1,1,True,Transition state,Transition state,True,True,True
HIP,MSE,Direct prediction,711,11,0,0,True,Minimum,Minimum,True,False,False
HIP,MSE,Direct prediction,712,12,0,0,True,Minimum,Minimum,True,False,False
HIP,MSE,Direct prediction,713,14,1,1,True,Transition state,Transition state,True,True,True
HIP,MSE,Direct prediction,714,16,1,1,True,Transition state,Transition state,True,True,True
HIP,MSE,Direct prediction,715,11,0,0,True,Minimum,Minimum,True,False,False
HIP,MSE,Direct prediction,716,5,0,0,True,Minimum,Minimum,True,False,False
HIP,MSE,Direct prediction,717,14,1,1,True,Transition state,Transition state,True,True,True
HIP,MSE,Direct prediction,718,13,0,0,True,Minimum,Minimum,True,False,False
HIP,MSE,Direct prediction,719,11,2,2,True,Higher-order saddle point,Higher-order saddle point,True,False,False
HIP,MSE,Direct prediction,720,13,0,0,True,Minimum,Minimum,True,False,False
HIP,MSE,Direct prediction,721,13,1,1,True,Transition state,Transition state,True,True,True
HIP,MSE,Direct prediction,722,12,0,0,True,Minimum,Minimum,True,False,False
HIP,MSE,Direct prediction,723,13,1,1,True,Transition state,Transition state,True,True,True
HIP,MSE,Direct prediction,724,19,2,2,True,Higher-order saddle point,Higher-order saddle point,True,False,False
HIP,MSE,Direct prediction,725,13,1,1,True,Transition state,Transition state,True,True,True
HIP,MSE,Direct prediction,726,11,0,0,True,Minimum,Minimum,True,False,False
HIP,MSE,Direct prediction,727,16,0,0,True,Minimum,Minimum,True,False,False
HIP,MSE,Direct prediction,728,14,1,1,True,Transition state,Transition state,True,True,True
HIP,MSE,Direct prediction,729,13,2,2,True,Higher-order saddle point,Higher-order saddle point,True,False,False
HIP,MSE,Direct prediction,730,14,0,0,True,Minimum,Minimum,True,False,False
HIP,MSE,Direct prediction,731,14,1,1,True,Transition state,Transition state,True,True,True
HIP,MSE,Direct prediction,732,16,1,1,True,Transition state,Transition state,True,True,True
HIP,MSE,Direct prediction,733,12,0,0,True,Minimum,Minimum,True,False,False
HIP,MSE,Direct prediction,734,12,1,1,True,Transition state,Transition state,True,True,True
HIP,MSE,Direct prediction,735,17,2,2,True,Higher-order saddle point,Higher-order saddle point,True,False,False
HIP,MSE,Direct prediction,736,5,1,1,True,Transition state,Transition state,True,True,True
HIP,MSE,Direct prediction,737,15,1,1,True,Transition state,Transition state,True,True,True
HIP,MSE,Direct prediction,738,14,0,0,True,Minimum,Minimum,True,False,False
HIP,MSE,Direct prediction,739,16,0,1,False,Minimum,Transition state,False,False,True
HIP,MSE,Direct prediction,740,14,0,0,True,Minimum,Minimum,True,False,False
HIP,MSE,Direct prediction,741,15,1,1,True,Transition state,Transition state,True,True,True
HIP,MSE,Direct prediction,742,12,0,0,True,Minimum,Minimum,True,False,False
HIP,MSE,Direct prediction,743,15,0,0,True,Minimum,Minimum,True,False,False
HIP,MSE,Direct prediction,744,13,1,1,True,Transition state,Transition state,True,True,True
HIP,MSE,Direct prediction,745,10,1,1,True,Transition state,Transition state,True,True,True
HIP,MSE,Direct prediction,746,13,0,0,True,Minimum,Minimum,True,False,False
HIP,MSE,Direct prediction,747,16,1,2,False,Transition state,Higher-order saddle point,False,True,False
HIP,MSE,Direct prediction,748,8,0,0,True,Minimum,Minimum,True,False,False
HIP,MSE,Direct prediction,749,7,2,2,True,Higher-order saddle point,Higher-order saddle point,True,False,False
HIP,MSE,Direct prediction,750,14,2,2,True,Higher-order saddle point,Higher-order saddle point,True,False,False
HIP,MSE,Direct prediction,751,19,1,1,True,Transition state,Transition state,True,True,True
HIP,MSE,Direct prediction,752,14,1,1,True,Transition state,Transition state,True,True,True
HIP,MSE,Direct prediction,753,8,0,0,True,Minimum,Minimum,True,False,False
HIP,MSE,Direct prediction,754,12,1,1,True,Transition state,Transition state,True,True,True
HIP,MSE,Direct prediction,755,17,2,1,False,Higher-order saddle point,Transition state,False,False,True
HIP,MSE,Direct prediction,756,14,0,0,True,Minimum,Minimum,True,False,False
HIP,MSE,Direct prediction,757,11,1,1,True,Transition state,Transition state,True,True,True
HIP,MSE,Direct prediction,758,13,0,0,True,Minimum,Minimum,True,False,False
HIP,MSE,Direct prediction,759,16,2,2,True,Higher-order saddle point,Higher-order saddle point,True,False,False
HIP,MSE,Direct prediction,760,11,0,0,True,Minimum,Minimum,True,False,False
HIP,MSE,Direct prediction,761,11,1,1,True,Transition state,Transition state,True,True,True
HIP,MSE,Direct prediction,762,16,1,1,True,Transition state,Transition state,True,True,True
HIP,MSE,Direct prediction,763,15,3,3,True,Higher-order saddle point,Higher-order saddle point,True,False,False
HIP,MSE,Direct prediction,764,11,0,0,True,Minimum,Minimum,True,False,False
HIP,MSE,Direct prediction,765,12,1,1,True,Transition state,Transition state,True,True,True
HIP,MSE,Direct prediction,766,14,1,0,False,Transition state,Minimum,False,True,False
HIP,MSE,Direct prediction,767,12,1,1,True,Transition state,Transition state,True,True,True
HIP,MSE,Direct prediction,768,15,2,2,True,Higher-order saddle point,Higher-order saddle point,True,False,False
HIP,MSE,Direct prediction,769,14,1,1,True,Transition state,Transition state,True,True,True
HIP,MSE,Direct prediction,770,16,1,1,True,Transition state,Transition state,True,True,True
HIP,MSE,Direct prediction,771,13,0,0,True,Minimum,Minimum,True,False,False
HIP,MSE,Direct prediction,772,8,2,2,True,Higher-order saddle point,Higher-order saddle point,True,False,False
HIP,MSE,Direct prediction,773,12,1,1,True,Transition state,Transition state,True,True,True
HIP,MSE,Direct prediction,774,15,0,0,True,Minimum,Minimum,True,False,False
HIP,MSE,Direct prediction,775,13,2,2,True,Higher-order saddle point,Higher-order saddle point,True,False,False
HIP,MSE,Direct prediction,776,14,1,1,True,Transition state,Transition state,True,True,True
HIP,MSE,Direct prediction,777,14,0,0,True,Minimum,Minimum,True,False,False
HIP,MSE,Direct prediction,778,15,1,1,True,Transition state,Transition state,True,True,True
HIP,MSE,Direct prediction,779,12,0,0,True,Minimum,Minimum,True,False,False
HIP,MSE,Direct prediction,780,14,1,1,True,Transition state,Transition state,True,True,True
HIP,MSE,Direct prediction,781,11,1,1,True,Transition state,Transition state,True,True,True
HIP,MSE,Direct prediction,782,13,0,1,False,Minimum,Transition state,False,False,True
HIP,MSE,Direct prediction,783,14,0,0,True,Minimum,Minimum,True,False,False
HIP,MSE,Direct prediction,784,15,1,1,True,Transition state,Transition state,True,True,True
HIP,MSE,Direct prediction,785,15,1,1,True,Transition state,Transition state,True,True,True
HIP,MSE,Direct prediction,786,15,2,2,True,Higher-order saddle point,Higher-order saddle point,True,False,False
HIP,MSE,Direct prediction,787,14,1,1,True,Transition state,Transition state,True,True,True
HIP,MSE,Direct prediction,788,18,2,3,False,Higher-order saddle point,Higher-order saddle point,True,False,False
HIP,MSE,Direct prediction,789,17,1,1,True,Transition state,Transition state,True,True,True
HIP,MSE,Direct prediction,790,15,2,2,True,Higher-order saddle point,Higher-order saddle point,True,False,False
HIP,MSE,Direct prediction,791,15,2,2,True,Higher-order saddle point,Higher-order saddle point,True,False,False
HIP,MSE,Direct prediction,792,15,1,1,True,Transition state,Transition state,True,True,True
HIP,MSE,Direct prediction,793,10,0,0,True,Minimum,Minimum,True,False,False
HIP,MSE,Direct prediction,794,17,1,0,False,Transition state,Minimum,False,True,False
HIP,MSE,Direct prediction,795,14,1,1,True,Transition state,Transition state,True,True,True
HIP,MSE,Direct prediction,796,15,0,0,True,Minimum,Minimum,True,False,False
HIP,MSE,Direct prediction,797,12,2,2,True,Higher-order saddle point,Higher-order saddle point,True,False,False
HIP,MSE,Direct prediction,798,16,0,0,True,Minimum,Minimum,True,False,False
HIP,MSE,Direct prediction,799,19,0,2,False,Minimum,Higher-order saddle point,False,False,False
HIP,MSE,Direct prediction,800,13,1,1,True,Transition state,Transition state,True,True,True
HIP,MSE,Direct prediction,801,6,1,1,True,Transition state,Transition state,True,True,True
HIP,MSE,Direct prediction,802,9,0,0,True,Minimum,Minimum,True,False,False
HIP,MSE,Direct prediction,803,13,1,0,False,Transition state,Minimum,False,True,False
HIP,MSE,Direct prediction,804,15,0,0,True,Minimum,Minimum,True,False,False
HIP,MSE,Direct prediction,805,12,3,3,True,Higher-order saddle point,Higher-order saddle point,True,False,False
HIP,MSE,Direct prediction,806,14,0,0,True,Minimum,Minimum,True,False,False
HIP,MSE,Direct prediction,807,10,1,1,True,Transition state,Transition state,True,True,True
HIP,MSE,Direct prediction,808,13,1,1,True,Transition state,Transition state,True,True,True
HIP,MSE,Direct prediction,809,18,0,0,True,Minimum,Minimum,True,False,False
HIP,MSE,Direct prediction,810,12,2,2,True,Higher-order saddle point,Higher-order saddle point,True,False,False
HIP,MSE,Direct prediction,811,15,1,1,True,Transition state,Transition state,True,True,True
HIP,MSE,Direct prediction,812,14,1,0,False,Transition state,Minimum,False,True,False
HIP,MSE,Direct prediction,813,14,0,0,True,Minimum,Minimum,True,False,False
HIP,MSE,Direct prediction,814,9,0,0,True,Minimum,Minimum,True,False,False
HIP,MSE,Direct prediction,815,15,0,0,True,Minimum,Minimum,True,False,False
HIP,MSE,Direct prediction,816,16,1,1,True,Transition state,Transition state,True,True,True
HIP,MSE,Direct prediction,817,14,0,0,True,Minimum,Minimum,True,False,False
HIP,MSE,Direct prediction,818,18,3,3,True,Higher-order saddle point,Higher-order saddle point,True,False,False
HIP,MSE,Direct prediction,819,16,1,1,True,Transition state,Transition state,True,True,True
HIP,MSE,Direct prediction,820,10,0,0,True,Minimum,Minimum,True,False,False
HIP,MSE,Direct prediction,821,10,1,1,True,Transition state,Transition state,True,True,True
HIP,MSE,Direct prediction,822,14,1,2,False,Transition state,Higher-order saddle point,False,True,False
HIP,MSE,Direct prediction,823,12,0,1,False,Minimum,Transition state,False,False,True
HIP,MSE,Direct prediction,824,17,1,1,True,Transition state,Transition state,True,True,True
HIP,MSE,Direct prediction,825,16,1,2,False,Transition state,Higher-order saddle point,False,True,False
HIP,MSE,Direct prediction,826,19,2,3,False,Higher-order saddle point,Higher-order saddle point,True,False,False
HIP,MSE,Direct prediction,827,13,0,0,True,Minimum,Minimum,True,False,False
HIP,MSE,Direct prediction,828,14,1,1,True,Transition state,Transition state,True,True,True
HIP,MSE,Direct prediction,829,13,2,1,False,Higher-order saddle point,Transition state,False,False,True
HIP,MSE,Direct prediction,830,11,1,0,False,Transition state,Minimum,False,True,False
HIP,MSE,Direct prediction,831,8,0,0,True,Minimum,Minimum,True,False,False
HIP,MSE,Direct prediction,832,16,3,3,True,Higher-order saddle point,Higher-order saddle point,True,False,False
HIP,MSE,Direct prediction,833,10,0,0,True,Minimum,Minimum,True,False,False
HIP,MSE,Direct prediction,834,14,0,0,True,Minimum,Minimum,True,False,False
HIP,MSE,Direct prediction,835,16,0,1,False,Minimum,Transition state,False,False,True
HIP,MSE,Direct prediction,836,21,1,1,True,Transition state,Transition state,True,True,True
HIP,MSE,Direct prediction,837,14,0,0,True,Minimum,Minimum,True,False,False
HIP,MSE,Direct prediction,838,12,1,1,True,Transition state,Transition state,True,True,True
HIP,MSE,Direct prediction,839,11,1,1,True,Transition state,Transition state,True,True,True
HIP,MSE,Direct prediction,840,14,1,1,True,Transition state,Transition state,True,True,True
HIP,MSE,Direct prediction,841,18,1,1,True,Transition state,Transition state,True,True,True
HIP,MSE,Direct prediction,842,11,3,3,True,Higher-order saddle point,Higher-order saddle point,True,False,False
HIP,MSE,Direct prediction,843,17,2,1,False,Higher-order saddle point,Transition state,False,False,True
HIP,MSE,Direct prediction,844,11,0,0,True,Minimum,Minimum,True,False,False
HIP,MSE,Direct prediction,845,15,1,1,True,Transition state,Transition state,True,True,True
HIP,MSE,Direct prediction,846,16,0,0,True,Minimum,Minimum,True,False,False
HIP,MSE,Direct prediction,847,12,1,1,True,Transition state,Transition state,True,True,True
HIP,MSE,Direct prediction,848,12,0,0,True,Minimum,Minimum,True,False,False
HIP,MSE,Direct prediction,849,9,1,1,True,Transition state,Transition state,True,True,True
HIP,MSE,Direct prediction,850,12,2,2,True,Higher-order saddle point,Higher-order saddle point,True,False,False
HIP,MSE,Direct prediction,851,16,0,0,True,Minimum,Minimum,True,False,False
HIP,MSE,Direct prediction,852,16,1,1,True,Transition state,Transition state,True,True,True
HIP,MSE,Direct prediction,853,12,2,2,True,Higher-order saddle point,Higher-order saddle point,True,False,False
HIP,MSE,Direct prediction,854,15,1,1,True,Transition state,Transition state,True,True,True
HIP,MSE,Direct prediction,855,10,0,0,True,Minimum,Minimum,True,False,False
HIP,MSE,Direct prediction,856,15,1,1,True,Transition state,Transition state,True,True,True
HIP,MSE,Direct prediction,857,15,0,1,False,Minimum,Transition state,False,False,True
HIP,MSE,Direct prediction,858,10,0,0,True,Minimum,Minimum,True,False,False
HIP,MSE,Direct prediction,859,10,0,0,True,Minimum,Minimum,True,False,False
HIP,MSE,Direct prediction,860,13,0,0,True,Minimum,Minimum,True,False,False
HIP,MSE,Direct prediction,861,18,0,0,True,Minimum,Minimum,True,False,False
HIP,MSE,Direct prediction,862,11,0,0,True,Minimum,Minimum,True,False,False
HIP,MSE,Direct prediction,863,16,0,0,True,Minimum,Minimum,True,False,False
HIP,MSE,Direct prediction,864,16,2,3,False,Higher-order saddle point,Higher-order saddle point,True,False,False
HIP,MSE,Direct prediction,865,13,2,2,True,Higher-order saddle point,Higher-order saddle point,True,False,False
HIP,MSE,Direct prediction,866,11,1,1,True,Transition state,Transition state,True,True,True
HIP,MSE,Direct prediction,867,13,1,1,True,Transition state,Transition state,True,True,True
HIP,MSE,Direct prediction,868,12,1,2,False,Transition state,Higher-order saddle point,False,True,False
HIP,MSE,Direct prediction,869,14,2,2,True,Higher-order saddle point,Higher-order saddle point,True,False,False
HIP,MSE,Direct prediction,870,14,2,2,True,Higher-order saddle point,Higher-order saddle point,True,False,False
HIP,MSE,Direct prediction,871,15,3,3,True,Higher-order saddle point,Higher-order saddle point,True,False,False
HIP,MSE,Direct prediction,872,14,1,1,True,Transition state,Transition state,True,True,True
HIP,MSE,Direct prediction,873,21,1,1,True,Transition state,Transition state,True,True,True
HIP,MSE,Direct prediction,874,15,0,0,True,Minimum,Minimum,True,False,False
HIP,MSE,Direct prediction,875,11,1,1,True,Transition state,Transition state,True,True,True
HIP,MSE,Direct prediction,876,13,1,2,False,Transition state,Higher-order saddle point,False,True,False
HIP,MSE,Direct prediction,877,14,1,1,True,Transition state,Transition state,True,True,True
HIP,MSE,Direct prediction,878,17,1,2,False,Transition state,Higher-order saddle point,False,True,False
HIP,MSE,Direct prediction,879,13,1,1,True,Transition state,Transition state,True,True,True
HIP,MSE,Direct prediction,880,16,2,1,False,Higher-order saddle point,Transition state,False,False,True
HIP,MSE,Direct prediction,881,14,0,0,True,Minimum,Minimum,True,False,False
HIP,MSE,Direct prediction,882,16,1,1,True,Transition state,Transition state,True,True,True
HIP,MSE,Direct prediction,883,11,1,1,True,Transition state,Transition state,True,True,True
HIP,MSE,Direct prediction,884,10,0,0,True,Minimum,Minimum,True,False,False
HIP,MSE,Direct prediction,885,16,2,2,True,Higher-order saddle point,Higher-order saddle point,True,False,False
HIP,MSE,Direct prediction,886,13,0,0,True,Minimum,Minimum,True,False,False
HIP,MSE,Direct prediction,887,16,0,0,True,Minimum,Minimum,True,False,False
HIP,MSE,Direct prediction,888,17,1,2,False,Transition state,Higher-order saddle point,False,True,False
HIP,MSE,Direct prediction,889,10,1,1,True,Transition state,Transition state,True,True,True
HIP,MSE,Direct prediction,890,11,1,1,True,Transition state,Transition state,True,True,True
HIP,MSE,Direct prediction,891,18,1,2,False,Transition state,Higher-order saddle point,False,True,False
HIP,MSE,Direct prediction,892,16,1,1,True,Transition state,Transition state,True,True,True
HIP,MSE,Direct prediction,893,10,1,1,True,Transition state,Transition state,True,True,True
HIP,MSE,Direct prediction,894,16,1,1,True,Transition state,Transition state,True,True,True
HIP,MSE,Direct prediction,895,17,0,1,False,Minimum,Transition state,False,False,True
HIP,MSE,Direct prediction,896,14,0,0,True,Minimum,Minimum,True,False,False
HIP,MSE,Direct prediction,897,18,2,2,True,Higher-order saddle point,Higher-order saddle point,True,False,False
HIP,MSE,Direct prediction,898,13,0,0,True,Minimum,Minimum,True,False,False
HIP,MSE,Direct prediction,899,17,2,2,True,Higher-order saddle point,Higher-order saddle point,True,False,False
HIP,MSE,Direct prediction,900,14,0,0,True,Minimum,Minimum,True,False,False
HIP,MSE,Direct prediction,901,12,2,2,True,Higher-order saddle point,Higher-order saddle point,True,False,False
HIP,MSE,Direct prediction,902,18,3,3,True,Higher-order saddle point,Higher-order saddle point,True,False,False
HIP,MSE,Direct prediction,903,6,0,0,True,Minimum,Minimum,True,False,False
HIP,MSE,Direct prediction,904,19,0,0,True,Minimum,Minimum,True,False,False
HIP,MSE,Direct prediction,905,11,1,1,True,Transition state,Transition state,True,True,True
HIP,MSE,Direct prediction,906,12,1,1,True,Transition state,Transition state,True,True,True
HIP,MSE,Direct prediction,907,18,1,1,True,Transition state,Transition state,True,True,True
HIP,MSE,Direct prediction,908,12,2,2,True,Higher-order saddle point,Higher-order saddle point,True,False,False
HIP,MSE,Direct prediction,909,12,0,1,False,Minimum,Transition state,False,False,True
HIP,MSE,Direct prediction,910,15,0,1,False,Minimum,Transition state,False,False,True
HIP,MSE,Direct prediction,911,16,0,0,True,Minimum,Minimum,True,False,False
HIP,MSE,Direct prediction,912,16,1,1,True,Transition state,Transition state,True,True,True
HIP,MSE,Direct prediction,913,13,2,2,True,Higher-order saddle point,Higher-order saddle point,True,False,False
HIP,MSE,Direct prediction,914,15,0,0,True,Minimum,Minimum,True,False,False
HIP,MSE,Direct prediction,915,14,3,3,True,Higher-order saddle point,Higher-order saddle point,True,False,False
HIP,MSE,Direct prediction,916,11,2,2,True,Higher-order saddle point,Higher-order saddle point,True,False,False
HIP,MSE,Direct prediction,917,14,1,1,True,Transition state,Transition state,True,True,True
HIP,MSE,Direct prediction,918,14,1,1,True,Transition state,Transition state,True,True,True
HIP,MSE,Direct prediction,919,15,1,1,True,Transition state,Transition state,True,True,True
HIP,MSE,Direct prediction,920,14,1,1,True,Transition state,Transition state,True,True,True
HIP,MSE,Direct prediction,921,13,1,1,True,Transition state,Transition state,True,True,True
HIP,MSE,Direct prediction,922,13,1,1,True,Transition state,Transition state,True,True,True
HIP,MSE,Direct prediction,923,12,1,1,True,Transition state,Transition state,True,True,True
HIP,MSE,Direct prediction,924,15,1,1,True,Transition state,Transition state,True,True,True
HIP,MSE,Direct prediction,925,10,3,3,True,Higher-order saddle point,Higher-order saddle point,True,False,False
HIP,MSE,Direct prediction,926,17,0,0,True,Minimum,Minimum,True,False,False
HIP,MSE,Direct prediction,927,15,0,0,True,Minimum,Minimum,True,False,False
HIP,MSE,Direct prediction,928,16,1,1,True,Transition state,Transition state,True,True,True
HIP,MSE,Direct prediction,929,13,0,0,True,Minimum,Minimum,True,False,False
HIP,MSE,Direct prediction,930,20,0,1,False,Minimum,Transition state,False,False,True
HIP,MSE,Direct prediction,931,19,1,1,True,Transition state,Transition state,True,True,True
HIP,MSE,Direct prediction,932,15,1,2,False,Transition state,Higher-order saddle point,False,True,False
HIP,MSE,Direct prediction,933,16,0,0,True,Minimum,Minimum,True,False,False
HIP,MSE,Direct prediction,934,8,0,0,True,Minimum,Minimum,True,False,False
HIP,MSE,Direct prediction,935,19,4,4,True,Higher-order saddle point,Higher-order saddle point,True,False,False
HIP,MSE,Direct prediction,936,14,1,1,True,Transition state,Transition state,True,True,True
HIP,MSE,Direct prediction,937,12,2,2,True,Higher-order saddle point,Higher-order saddle point,True,False,False
HIP,MSE,Direct prediction,938,11,0,0,True,Minimum,Minimum,True,False,False
HIP,MSE,Direct prediction,939,16,0,0,True,Minimum,Minimum,True,False,False
HIP,MSE,Direct prediction,940,12,1,1,True,Transition state,Transition state,True,True,True
HIP,MSE,Direct prediction,941,16,4,4,True,Higher-order saddle point,Higher-order saddle point,True,False,False
HIP,MSE,Direct prediction,942,11,0,0,True,Minimum,Minimum,True,False,False
HIP,MSE,Direct prediction,943,12,0,0,True,Minimum,Minimum,True,False,False
HIP,MSE,Direct prediction,944,13,0,0,True,Minimum,Minimum,True,False,False
HIP,MSE,Direct prediction,945,14,1,1,True,Transition state,Transition state,True,True,True
HIP,MSE,Direct prediction,946,13,1,1,True,Transition state,Transition state,True,True,True
HIP,MSE,Direct prediction,947,16,0,0,True,Minimum,Minimum,True,False,False
HIP,MSE,Direct prediction,948,9,2,2,True,Higher-order saddle point,Higher-order saddle point,True,False,False
HIP,MSE,Direct prediction,949,13,0,0,True,Minimum,Minimum,True,False,False
HIP,MSE,Direct prediction,950,14,1,1,True,Transition state,Transition state,True,True,True
HIP,MSE,Direct prediction,951,12,0,0,True,Minimum,Minimum,True,False,False
HIP,MSE,Direct prediction,952,16,0,0,True,Minimum,Minimum,True,False,False
HIP,MSE,Direct prediction,953,12,1,1,True,Transition state,Transition state,True,True,True
HIP,MSE,Direct prediction,954,14,3,3,True,Higher-order saddle point,Higher-order saddle point,True,False,False
HIP,MSE,Direct prediction,955,12,1,1,True,Transition state,Transition state,True,True,True
HIP,MSE,Direct prediction,956,12,1,1,True,Transition state,Transition state,True,True,True
HIP,MSE,Direct prediction,957,13,0,0,True,Minimum,Minimum,True,False,False
HIP,MSE,Direct prediction,958,15,0,0,True,Minimum,Minimum,True,False,False
HIP,MSE,Direct prediction,959,13,1,1,True,Transition state,Transition state,True,True,True
HIP,MSE,Direct prediction,960,16,1,1,True,Transition state,Transition state,True,True,True
HIP,MSE,Direct prediction,961,14,1,1,True,Transition state,Transition state,True,True,True
HIP,MSE,Direct prediction,962,13,2,2,True,Higher-order saddle point,Higher-order saddle point,True,False,False
HIP,MSE,Direct prediction,963,12,1,1,True,Transition state,Transition state,True,True,True
HIP,MSE,Direct prediction,964,16,0,0,True,Minimum,Minimum,True,False,False
HIP,MSE,Direct prediction,965,19,2,3,False,Higher-order saddle point,Higher-order saddle point,True,False,False
HIP,MSE,Direct prediction,966,14,2,2,True,Higher-order saddle point,Higher-order saddle point,True,False,False
HIP,MSE,Direct prediction,967,8,1,1,True,Transition state,Transition state,True,True,True
HIP,MSE,Direct prediction,968,11,0,0,True,Minimum,Minimum,True,False,False
HIP,MSE,Direct prediction,969,12,1,1,True,Transition state,Transition state,True,True,True
HIP,MSE,Direct prediction,970,19,2,2,True,Higher-order saddle point,Higher-order saddle point,True,False,False
HIP,MSE,Direct prediction,971,12,1,2,False,Transition state,Higher-order saddle point,False,True,False
HIP,MSE,Direct prediction,972,11,0,0,True,Minimum,Minimum,True,False,False
HIP,MSE,Direct prediction,973,19,0,0,True,Minimum,Minimum,True,False,False
HIP,MSE,Direct prediction,974,16,1,0,False,Transition state,Minimum,False,True,False
HIP,MSE,Direct prediction,975,12,0,0,True,Minimum,Minimum,True,False,False
HIP,MSE,Direct prediction,976,16,2,2,True,Higher-order saddle point,Higher-order saddle point,True,False,False
HIP,MSE,Direct prediction,977,14,1,1,True,Transition state,Transition state,True,True,True
HIP,MSE,Direct prediction,978,14,1,1,True,Transition state,Transition state,True,True,True
HIP,MSE,Direct prediction,979,10,1,1,True,Transition state,Transition state,True,True,True
HIP,MSE,Direct prediction,980,13,2,2,True,Higher-order saddle point,Higher-order saddle point,True,False,False
HIP,MSE,Direct prediction,981,9,0,0,True,Minimum,Minimum,True,False,False
HIP,MSE,Direct prediction,982,19,0,0,True,Minimum,Minimum,True,False,False
HIP,MSE,Direct prediction,983,18,0,0,True,Minimum,Minimum,True,False,False
HIP,MSE,Direct prediction,984,10,1,1,True,Transition state,Transition state,True,True,True
HIP,MSE,Direct prediction,985,17,2,2,True,Higher-order saddle point,Higher-order saddle point,True,False,False
HIP,MSE,Direct prediction,986,14,0,1,False,Minimum,Transition state,False,False,True
HIP,MSE,Direct prediction,987,15,0,0,True,Minimum,Minimum,True,False,False
HIP,MSE,Direct prediction,988,16,1,1,True,Transition state,Transition state,True,True,True
HIP,MSE,Direct prediction,989,18,0,1,False,Minimum,Transition state,False,False,True
HIP,MSE,Direct prediction,990,17,0,0,True,Minimum,Minimum,True,False,False
HIP,MSE,Direct prediction,991,13,1,1,True,Transition state,Transition state,True,True,True
HIP,MSE,Direct prediction,992,12,2,2,True,Higher-order saddle point,Higher-order saddle point,True,False,False
HIP,MSE,Direct prediction,993,15,2,2,True,Higher-order saddle point,Higher-order saddle point,True,False,False
HIP,MSE,Direct prediction,994,11,1,1,True,Transition state,Transition state,True,True,True
HIP,MSE,Direct prediction,995,12,1,1,True,Transition state,Transition state,True,True,True
HIP,MSE,Direct prediction,996,10,1,1,True,Transition state,Transition state,True,True,True
HIP,MSE,Direct prediction,997,11,1,1,True,Transition state,Transition state,True,True,True
HIP,MSE,Direct prediction,998,12,1,0,False,Transition state,Minimum,False,True,False
HIP,MSE,Direct prediction,999,10,1,1,True,Transition state,Transition state,True,True,True
HIP,MAE,Direct prediction,0,16,1,1,True,Transition state,Transition state,True,True,True
HIP,MAE,Direct prediction,1,16,1,1,True,Transition state,Transition state,True,True,True
HIP,MAE,Direct prediction,2,15,1,1,True,Transition state,Transition state,True,True,True
HIP,MAE,Direct prediction,3,18,0,0,True,Minimum,Minimum,True,False,False
HIP,MAE,Direct prediction,4,16,0,0,True,Minimum,Minimum,True,False,False
HIP,MAE,Direct prediction,5,16,1,1,True,Transition state,Transition state,True,True,True
HIP,MAE,Direct prediction,6,16,1,1,True,Transition state,Transition state,True,True,True
HIP,MAE,Direct prediction,7,14,1,1,True,Transition state,Transition state,True,True,True
HIP,MAE,Direct prediction,8,15,0,0,True,Minimum,Minimum,True,False,False
HIP,MAE,Direct prediction,9,17,1,1,True,Transition state,Transition state,True,True,True
HIP,MAE,Direct prediction,10,15,2,2,True,Higher-order saddle point,Higher-order saddle point,True,False,False
HIP,MAE,Direct prediction,11,15,1,1,True,Transition state,Transition state,True,True,True
HIP,MAE,Direct prediction,12,11,0,0,True,Minimum,Minimum,True,False,False
HIP,MAE,Direct prediction,13,16,1,1,True,Transition state,Transition state,True,True,True
HIP,MAE,Direct prediction,14,10,0,0,True,Minimum,Minimum,True,False,False
HIP,MAE,Direct prediction,15,18,1,1,True,Transition state,Transition state,True,True,True
HIP,MAE,Direct prediction,16,12,0,0,True,Minimum,Minimum,True,False,False
HIP,MAE,Direct prediction,17,10,2,2,True,Higher-order saddle point,Higher-order saddle point,True,False,False
HIP,MAE,Direct prediction,18,12,1,1,True,Transition state,Transition state,True,True,True
HIP,MAE,Direct prediction,19,14,1,1,True,Transition state,Transition state,True,True,True
HIP,MAE,Direct prediction,20,15,1,2,False,Transition state,Higher-order saddle point,False,True,False
HIP,MAE,Direct prediction,21,17,1,2,False,Transition state,Higher-order saddle point,False,True,False
HIP,MAE,Direct prediction,22,15,3,3,True,Higher-order saddle point,Higher-order saddle point,True,False,False
HIP,MAE,Direct prediction,23,16,0,1,False,Minimum,Transition state,False,False,True
HIP,MAE,Direct prediction,24,16,0,0,True,Minimum,Minimum,True,False,False
HIP,MAE,Direct prediction,25,16,1,1,True,Transition state,Transition state,True,True,True
HIP,MAE,Direct prediction,26,14,0,0,True,Minimum,Minimum,True,False,False
HIP,MAE,Direct prediction,27,15,2,2,True,Higher-order saddle point,Higher-order saddle point,True,False,False
HIP,MAE,Direct prediction,28,16,0,0,True,Minimum,Minimum,True,False,False
HIP,MAE,Direct prediction,29,14,2,3,False,Higher-order saddle point,Higher-order saddle point,True,False,False
HIP,MAE,Direct prediction,30,14,0,0,True,Minimum,Minimum,True,False,False
HIP,MAE,Direct prediction,31,14,0,0,True,Minimum,Minimum,True,False,False
HIP,MAE,Direct prediction,32,13,1,1,True,Transition state,Transition state,True,True,True
HIP,MAE,Direct prediction,33,16,0,0,True,Minimum,Minimum,True,False,False
HIP,MAE,Direct prediction,34,14,0,0,True,Minimum,Minimum,True,False,False
HIP,MAE,Direct prediction,35,14,1,1,True,Transition state,Transition state,True,True,True
HIP,MAE,Direct prediction,36,15,1,1,True,Transition state,Transition state,True,True,True
HIP,MAE,Direct prediction,37,11,2,3,False,Higher-order saddle point,Higher-order saddle point,True,False,False
HIP,MAE,Direct prediction,38,16,0,0,True,Minimum,Minimum,True,False,False
HIP,MAE,Direct prediction,39,11,1,1,True,Transition state,Transition state,True,True,True
HIP,MAE,Direct prediction,40,14,2,2,True,Higher-order saddle point,Higher-order saddle point,True,False,False
HIP,MAE,Direct prediction,41,10,1,1,True,Transition state,Transition state,True,True,True
HIP,MAE,Direct prediction,42,13,1,1,True,Transition state,Transition state,True,True,True
HIP,MAE,Direct prediction,43,10,0,0,True,Minimum,Minimum,True,False,False
HIP,MAE,Direct prediction,44,15,1,1,True,Transition state,Transition state,True,True,True
HIP,MAE,Direct prediction,45,19,1,1,True,Transition state,Transition state,True,True,True
HIP,MAE,Direct prediction,46,12,1,1,True,Transition state,Transition state,True,True,True
HIP,MAE,Direct prediction,47,12,0,1,False,Minimum,Transition state,False,False,True
HIP,MAE,Direct prediction,48,17,2,2,True,Higher-order saddle point,Higher-order saddle point,True,False,False
HIP,MAE,Direct prediction,49,14,1,1,True,Transition state,Transition state,True,True,True
HIP,MAE,Direct prediction,50,17,3,3,True,Higher-order saddle point,Higher-order saddle point,True,False,False
HIP,MAE,Direct prediction,51,13,2,2,True,Higher-order saddle point,Higher-order saddle point,True,False,False
HIP,MAE,Direct prediction,52,11,0,0,True,Minimum,Minimum,True,False,False
HIP,MAE,Direct prediction,53,19,0,0,True,Minimum,Minimum,True,False,False
HIP,MAE,Direct prediction,54,19,0,0,True,Minimum,Minimum,True,False,False
HIP,MAE,Direct prediction,55,17,1,1,True,Transition state,Transition state,True,True,True
HIP,MAE,Direct prediction,56,17,1,1,True,Transition state,Transition state,True,True,True
HIP,MAE,Direct prediction,57,16,0,0,True,Minimum,Minimum,True,False,False
HIP,MAE,Direct prediction,58,17,0,0,True,Minimum,Minimum,True,False,False
HIP,MAE,Direct prediction,59,15,1,1,True,Transition state,Transition state,True,True,True
HIP,MAE,Direct prediction,60,14,2,2,True,Higher-order saddle point,Higher-order saddle point,True,False,False
HIP,MAE,Direct prediction,61,15,0,0,True,Minimum,Minimum,True,False,False
HIP,MAE,Direct prediction,62,8,1,1,True,Transition state,Transition state,True,True,True
HIP,MAE,Direct prediction,63,19,1,1,True,Transition state,Transition state,True,True,True
HIP,MAE,Direct prediction,64,17,0,0,True,Minimum,Minimum,True,False,False
HIP,MAE,Direct prediction,65,13,1,1,True,Transition state,Transition state,True,True,True
HIP,MAE,Direct prediction,66,16,3,3,True,Higher-order saddle point,Higher-order saddle point,True,False,False
HIP,MAE,Direct prediction,67,16,0,0,True,Minimum,Minimum,True,False,False
HIP,MAE,Direct prediction,68,14,1,1,True,Transition state,Transition state,True,True,True
HIP,MAE,Direct prediction,69,15,0,0,True,Minimum,Minimum,True,False,False
HIP,MAE,Direct prediction,70,14,0,0,True,Minimum,Minimum,True,False,False
HIP,MAE,Direct prediction,71,14,1,1,True,Transition state,Transition state,True,True,True
HIP,MAE,Direct prediction,72,14,0,0,True,Minimum,Minimum,True,False,False
HIP,MAE,Direct prediction,73,12,0,0,True,Minimum,Minimum,True,False,False
HIP,MAE,Direct prediction,74,16,1,1,True,Transition state,Transition state,True,True,True
HIP,MAE,Direct prediction,75,13,3,3,True,Higher-order saddle point,Higher-order saddle point,True,False,False
HIP,MAE,Direct prediction,76,16,1,1,True,Transition state,Transition state,True,True,True
HIP,MAE,Direct prediction,77,9,0,0,True,Minimum,Minimum,True,False,False
HIP,MAE,Direct prediction,78,11,1,1,True,Transition state,Transition state,True,True,True
HIP,MAE,Direct prediction,79,16,1,1,True,Transition state,Transition state,True,True,True
HIP,MAE,Direct prediction,80,12,0,0,True,Minimum,Minimum,True,False,False
HIP,MAE,Direct prediction,81,12,0,0,True,Minimum,Minimum,True,False,False
HIP,MAE,Direct prediction,82,16,1,1,True,Transition state,Transition state,True,True,True
HIP,MAE,Direct prediction,83,17,1,1,True,Transition state,Transition state,True,True,True
HIP,MAE,Direct prediction,84,13,0,0,True,Minimum,Minimum,True,False,False
HIP,MAE,Direct prediction,85,14,0,0,True,Minimum,Minimum,True,False,False
HIP,MAE,Direct prediction,86,12,0,0,True,Minimum,Minimum,True,False,False
HIP,MAE,Direct prediction,87,17,0,1,False,Minimum,Transition state,False,False,True
HIP,MAE,Direct prediction,88,13,1,1,True,Transition state,Transition state,True,True,True
HIP,MAE,Direct prediction,89,10,1,1,True,Transition state,Transition state,True,True,True
HIP,MAE,Direct prediction,90,17,4,4,True,Higher-order saddle point,Higher-order saddle point,True,False,False
HIP,MAE,Direct prediction,91,14,0,0,True,Minimum,Minimum,True,False,False
HIP,MAE,Direct prediction,92,14,2,2,True,Higher-order saddle point,Higher-order saddle point,True,False,False
HIP,MAE,Direct prediction,93,14,0,0,True,Minimum,Minimum,True,False,False
HIP,MAE,Direct prediction,94,15,1,1,True,Transition state,Transition state,True,True,True
HIP,MAE,Direct prediction,95,13,1,1,True,Transition state,Transition state,True,True,True
HIP,MAE,Direct prediction,96,16,0,0,True,Minimum,Minimum,True,False,False
HIP,MAE,Direct prediction,97,10,1,1,True,Transition state,Transition state,True,True,True
HIP,MAE,Direct prediction,98,17,1,1,True,Transition state,Transition state,True,True,True
HIP,MAE,Direct prediction,99,9,0,0,True,Minimum,Minimum,True,False,False
HIP,MAE,Direct prediction,100,10,1,1,True,Transition state,Transition state,True,True,True
HIP,MAE,Direct prediction,101,12,1,1,True,Transition state,Transition state,True,True,True
HIP,MAE,Direct prediction,102,15,0,0,True,Minimum,Minimum,True,False,False
HIP,MAE,Direct prediction,103,16,0,0,True,Minimum,Minimum,True,False,False
HIP,MAE,Direct prediction,104,9,1,1,True,Transition state,Transition state,True,True,True
HIP,MAE,Direct prediction,105,10,1,1,True,Transition state,Transition state,True,True,True
HIP,MAE,Direct prediction,106,11,0,0,True,Minimum,Minimum,True,False,False
HIP,MAE,Direct prediction,107,10,1,1,True,Transition state,Transition state,True,True,True
HIP,MAE,Direct prediction,108,13,3,3,True,Higher-order saddle point,Higher-order saddle point,True,False,False
HIP,MAE,Direct prediction,109,17,0,0,True,Minimum,Minimum,True,False,False
HIP,MAE,Direct prediction,110,7,0,0,True,Minimum,Minimum,True,False,False
HIP,MAE,Direct prediction,111,15,1,1,True,Transition state,Transition state,True,True,True
HIP,MAE,Direct prediction,112,13,1,1,True,Transition state,Transition state,True,True,True
HIP,MAE,Direct prediction,113,16,2,2,True,Higher-order saddle point,Higher-order saddle point,True,False,False
HIP,MAE,Direct prediction,114,11,0,0,True,Minimum,Minimum,True,False,False
HIP,MAE,Direct prediction,115,15,2,2,True,Higher-order saddle point,Higher-order saddle point,True,False,False
HIP,MAE,Direct prediction,116,13,0,0,True,Minimum,Minimum,True,False,False
HIP,MAE,Direct prediction,117,12,0,1,False,Minimum,Transition state,False,False,True
HIP,MAE,Direct prediction,118,14,1,1,True,Transition state,Transition state,True,True,True
HIP,MAE,Direct prediction,119,12,0,0,True,Minimum,Minimum,True,False,False
HIP,MAE,Direct prediction,120,14,0,0,True,Minimum,Minimum,True,False,False
HIP,MAE,Direct prediction,121,16,2,1,False,Higher-order saddle point,Transition state,False,False,True
HIP,MAE,Direct prediction,122,16,0,1,False,Minimum,Transition state,False,False,True
HIP,MAE,Direct prediction,123,11,0,0,True,Minimum,Minimum,True,False,False
HIP,MAE,Direct prediction,124,15,0,0,True,Minimum,Minimum,True,False,False
HIP,MAE,Direct prediction,125,13,0,1,False,Minimum,Transition state,False,False,True
HIP,MAE,Direct prediction,126,10,1,1,True,Transition state,Transition state,True,True,True
HIP,MAE,Direct prediction,127,15,1,1,True,Transition state,Transition state,True,True,True
HIP,MAE,Direct prediction,128,10,0,0,True,Minimum,Minimum,True,False,False
HIP,MAE,Direct prediction,129,18,2,2,True,Higher-order saddle point,Higher-order saddle point,True,False,False
HIP,MAE,Direct prediction,130,13,1,2,False,Transition state,Higher-order saddle point,False,True,False
HIP,MAE,Direct prediction,131,9,0,0,True,Minimum,Minimum,True,False,False
HIP,MAE,Direct prediction,132,16,0,0,True,Minimum,Minimum,True,False,False
HIP,MAE,Direct prediction,133,13,0,0,True,Minimum,Minimum,True,False,False
HIP,MAE,Direct prediction,134,12,0,0,True,Minimum,Minimum,True,False,False
HIP,MAE,Direct prediction,135,18,1,1,True,Transition state,Transition state,True,True,True
HIP,MAE,Direct prediction,136,16,1,1,True,Transition state,Transition state,True,True,True
HIP,MAE,Direct prediction,137,9,0,0,True,Minimum,Minimum,True,False,False
HIP,MAE,Direct prediction,138,15,0,0,True,Minimum,Minimum,True,False,False
HIP,MAE,Direct prediction,139,15,1,1,True,Transition state,Transition state,True,True,True
HIP,MAE,Direct prediction,140,16,2,2,True,Higher-order saddle point,Higher-order saddle point,True,False,False
HIP,MAE,Direct prediction,141,12,1,1,True,Transition state,Transition state,True,True,True
HIP,MAE,Direct prediction,142,12,1,1,True,Transition state,Transition state,True,True,True
HIP,MAE,Direct prediction,143,13,1,1,True,Transition state,Transition state,True,True,True
HIP,MAE,Direct prediction,144,21,1,2,False,Transition state,Higher-order saddle point,False,True,False
HIP,MAE,Direct prediction,145,15,1,1,True,Transition state,Transition state,True,True,True
HIP,MAE,Direct prediction,146,11,1,2,False,Transition state,Higher-order saddle point,False,True,False
HIP,MAE,Direct prediction,147,16,2,2,True,Higher-order saddle point,Higher-order saddle point,True,False,False
HIP,MAE,Direct prediction,148,12,1,1,True,Transition state,Transition state,True,True,True
HIP,MAE,Direct prediction,149,14,1,1,True,Transition state,Transition state,True,True,True
HIP,MAE,Direct prediction,150,14,1,1,True,Transition state,Transition state,True,True,True
HIP,MAE,Direct prediction,151,19,1,1,True,Transition state,Transition state,True,True,True
HIP,MAE,Direct prediction,152,12,0,0,True,Minimum,Minimum,True,False,False
HIP,MAE,Direct prediction,153,12,1,1,True,Transition state,Transition state,True,True,True
HIP,MAE,Direct prediction,154,16,1,1,True,Transition state,Transition state,True,True,True
HIP,MAE,Direct prediction,155,9,1,1,True,Transition state,Transition state,True,True,True
HIP,MAE,Direct prediction,156,16,0,0,True,Minimum,Minimum,True,False,False
HIP,MAE,Direct prediction,157,16,3,3,True,Higher-order saddle point,Higher-order saddle point,True,False,False
HIP,MAE,Direct prediction,158,13,1,1,True,Transition state,Transition state,True,True,True
HIP,MAE,Direct prediction,159,12,1,2,False,Transition state,Higher-order saddle point,False,True,False
HIP,MAE,Direct prediction,160,13,1,1,True,Transition state,Transition state,True,True,True
HIP,MAE,Direct prediction,161,13,1,1,True,Transition state,Transition state,True,True,True
HIP,MAE,Direct prediction,162,16,1,1,True,Transition state,Transition state,True,True,True
HIP,MAE,Direct prediction,163,14,1,1,True,Transition state,Transition state,True,True,True
HIP,MAE,Direct prediction,164,13,0,0,True,Minimum,Minimum,True,False,False
HIP,MAE,Direct prediction,165,14,3,3,True,Higher-order saddle point,Higher-order saddle point,True,False,False
HIP,MAE,Direct prediction,166,11,1,1,True,Transition state,Transition state,True,True,True
HIP,MAE,Direct prediction,167,17,0,0,True,Minimum,Minimum,True,False,False
HIP,MAE,Direct prediction,168,9,2,2,True,Higher-order saddle point,Higher-order saddle point,True,False,False
HIP,MAE,Direct prediction,169,13,2,2,True,Higher-order saddle point,Higher-order saddle point,True,False,False
HIP,MAE,Direct prediction,170,11,1,1,True,Transition state,Transition state,True,True,True
HIP,MAE,Direct prediction,171,11,1,1,True,Transition state,Transition state,True,True,True
HIP,MAE,Direct prediction,172,13,0,0,True,Minimum,Minimum,True,False,False
HIP,MAE,Direct prediction,173,13,1,1,True,Transition state,Transition state,True,True,True
HIP,MAE,Direct prediction,174,12,1,1,True,Transition state,Transition state,True,True,True
HIP,MAE,Direct prediction,175,15,1,1,True,Transition state,Transition state,True,True,True
HIP,MAE,Direct prediction,176,16,1,1,True,Transition state,Transition state,True,True,True
HIP,MAE,Direct prediction,177,17,3,3,True,Higher-order saddle point,Higher-order saddle point,True,False,False
HIP,MAE,Direct prediction,178,8,1,1,True,Transition state,Transition state,True,True,True
HIP,MAE,Direct prediction,179,12,1,1,True,Transition state,Transition state,True,True,True
HIP,MAE,Direct prediction,180,11,1,0,False,Transition state,Minimum,False,True,False
HIP,MAE,Direct prediction,181,14,0,0,True,Minimum,Minimum,True,False,False
HIP,MAE,Direct prediction,182,9,0,0,True,Minimum,Minimum,True,False,False
HIP,MAE,Direct prediction,183,11,1,1,True,Transition state,Transition state,True,True,True
HIP,MAE,Direct prediction,184,14,1,1,True,Transition state,Transition state,True,True,True
HIP,MAE,Direct prediction,185,18,2,2,True,Higher-order saddle point,Higher-order saddle point,True,False,False
HIP,MAE,Direct prediction,186,6,0,0,True,Minimum,Minimum,True,False,False
HIP,MAE,Direct prediction,187,19,1,1,True,Transition state,Transition state,True,True,True
HIP,MAE,Direct prediction,188,12,1,1,True,Transition state,Transition state,True,True,True
HIP,MAE,Direct prediction,189,11,0,0,True,Minimum,Minimum,True,False,False
HIP,MAE,Direct prediction,190,11,2,2,True,Higher-order saddle point,Higher-order saddle point,True,False,False
HIP,MAE,Direct prediction,191,14,0,1,False,Minimum,Transition state,False,False,True
HIP,MAE,Direct prediction,192,11,0,0,True,Minimum,Minimum,True,False,False
HIP,MAE,Direct prediction,193,15,0,0,True,Minimum,Minimum,True,False,False
HIP,MAE,Direct prediction,194,16,0,0,True,Minimum,Minimum,True,False,False
HIP,MAE,Direct prediction,195,16,3,2,False,Higher-order saddle point,Higher-order saddle point,True,False,False
HIP,MAE,Direct prediction,196,16,3,3,True,Higher-order saddle point,Higher-order saddle point,True,False,False
HIP,MAE,Direct prediction,197,19,0,0,True,Minimum,Minimum,True,False,False
HIP,MAE,Direct prediction,198,11,1,1,True,Transition state,Transition state,True,True,True
HIP,MAE,Direct prediction,199,12,1,1,True,Transition state,Transition state,True,True,True
HIP,MAE,Direct prediction,200,17,1,1,True,Transition state,Transition state,True,True,True
HIP,MAE,Direct prediction,201,17,0,0,True,Minimum,Minimum,True,False,False
HIP,MAE,Direct prediction,202,5,0,0,True,Minimum,Minimum,True,False,False
HIP,MAE,Direct prediction,203,17,1,1,True,Transition state,Transition state,True,True,True
HIP,MAE,Direct prediction,204,10,0,0,True,Minimum,Minimum,True,False,False
HIP,MAE,Direct prediction,205,15,1,2,False,Transition state,Higher-order saddle point,False,True,False
HIP,MAE,Direct prediction,206,16,1,1,True,Transition state,Transition state,True,True,True
HIP,MAE,Direct prediction,207,10,0,0,True,Minimum,Minimum,True,False,False
HIP,MAE,Direct prediction,208,10,0,0,True,Minimum,Minimum,True,False,False
HIP,MAE,Direct prediction,209,14,2,2,True,Higher-order saddle point,Higher-order saddle point,True,False,False
HIP,MAE,Direct prediction,210,14,1,1,True,Transition state,Transition state,True,True,True
HIP,MAE,Direct prediction,211,15,0,0,True,Minimum,Minimum,True,False,False
HIP,MAE,Direct prediction,212,13,1,1,True,Transition state,Transition state,True,True,True
HIP,MAE,Direct prediction,213,15,0,0,True,Minimum,Minimum,True,False,False
HIP,MAE,Direct prediction,214,17,2,2,True,Higher-order saddle point,Higher-order saddle point,True,False,False
HIP,MAE,Direct prediction,215,10,1,1,True,Transition state,Transition state,True,True,True
HIP,MAE,Direct prediction,216,10,0,0,True,Minimum,Minimum,True,False,False
HIP,MAE,Direct prediction,217,15,2,2,True,Higher-order saddle point,Higher-order saddle point,True,False,False
HIP,MAE,Direct prediction,218,15,1,1,True,Transition state,Transition state,True,True,True
HIP,MAE,Direct prediction,219,12,1,1,True,Transition state,Transition state,True,True,True
HIP,MAE,Direct prediction,220,16,2,2,True,Higher-order saddle point,Higher-order saddle point,True,False,False
HIP,MAE,Direct prediction,221,16,2,1,False,Higher-order saddle point,Transition state,False,False,True
HIP,MAE,Direct prediction,222,16,0,0,True,Minimum,Minimum,True,False,False
HIP,MAE,Direct prediction,223,12,0,0,True,Minimum,Minimum,True,False,False
HIP,MAE,Direct prediction,224,14,3,3,True,Higher-order saddle point,Higher-order saddle point,True,False,False
HIP,MAE,Direct prediction,225,19,0,0,True,Minimum,Minimum,True,False,False
HIP,MAE,Direct prediction,226,11,0,0,True,Minimum,Minimum,True,False,False
HIP,MAE,Direct prediction,227,12,2,1,False,Higher-order saddle point,Transition state,False,False,True
HIP,MAE,Direct prediction,228,8,2,2,True,Higher-order saddle point,Higher-order saddle point,True,False,False
HIP,MAE,Direct prediction,229,14,0,1,False,Minimum,Transition state,False,False,True
HIP,MAE,Direct prediction,230,16,1,1,True,Transition state,Transition state,True,True,True
HIP,MAE,Direct prediction,231,11,0,0,True,Minimum,Minimum,True,False,False
HIP,MAE,Direct prediction,232,13,0,0,True,Minimum,Minimum,True,False,False
HIP,MAE,Direct prediction,233,17,0,0,True,Minimum,Minimum,True,False,False
HIP,MAE,Direct prediction,234,16,1,1,True,Transition state,Transition state,True,True,True
HIP,MAE,Direct prediction,235,14,1,0,False,Transition state,Minimum,False,True,False
HIP,MAE,Direct prediction,236,12,1,1,True,Transition state,Transition state,True,True,True
HIP,MAE,Direct prediction,237,14,3,3,True,Higher-order saddle point,Higher-order saddle point,True,False,False
HIP,MAE,Direct prediction,238,11,1,1,True,Transition state,Transition state,True,True,True
HIP,MAE,Direct prediction,239,14,4,3,False,Higher-order saddle point,Higher-order saddle point,True,False,False
HIP,MAE,Direct prediction,240,11,1,1,True,Transition state,Transition state,True,True,True
HIP,MAE,Direct prediction,241,8,0,0,True,Minimum,Minimum,True,False,False
HIP,MAE,Direct prediction,242,9,2,2,True,Higher-order saddle point,Higher-order saddle point,True,False,False
HIP,MAE,Direct prediction,243,11,1,2,False,Transition state,Higher-order saddle point,False,True,False
HIP,MAE,Direct prediction,244,12,1,1,True,Transition state,Transition state,True,True,True
HIP,MAE,Direct prediction,245,11,1,1,True,Transition state,Transition state,True,True,True
HIP,MAE,Direct prediction,246,12,0,0,True,Minimum,Minimum,True,False,False
HIP,MAE,Direct prediction,247,16,0,0,True,Minimum,Minimum,True,False,False
HIP,MAE,Direct prediction,248,16,0,0,True,Minimum,Minimum,True,False,False
HIP,MAE,Direct prediction,249,15,2,2,True,Higher-order saddle point,Higher-order saddle point,True,False,False
HIP,MAE,Direct prediction,250,17,0,0,True,Minimum,Minimum,True,False,False
HIP,MAE,Direct prediction,251,14,3,3,True,Higher-order saddle point,Higher-order saddle point,True,False,False
HIP,MAE,Direct prediction,252,11,1,1,True,Transition state,Transition state,True,True,True
HIP,MAE,Direct prediction,253,19,0,0,True,Minimum,Minimum,True,False,False
HIP,MAE,Direct prediction,254,16,0,1,False,Minimum,Transition state,False,False,True
HIP,MAE,Direct prediction,255,12,1,1,True,Transition state,Transition state,True,True,True
HIP,MAE,Direct prediction,256,15,0,0,True,Minimum,Minimum,True,False,False
HIP,MAE,Direct prediction,257,14,0,0,True,Minimum,Minimum,True,False,False
HIP,MAE,Direct prediction,258,11,2,2,True,Higher-order saddle point,Higher-order saddle point,True,False,False
HIP,MAE,Direct prediction,259,12,1,1,True,Transition state,Transition state,True,True,True
HIP,MAE,Direct prediction,260,15,1,1,True,Transition state,Transition state,True,True,True
HIP,MAE,Direct prediction,261,13,2,1,False,Higher-order saddle point,Transition state,False,False,True
HIP,MAE,Direct prediction,262,19,0,1,False,Minimum,Transition state,False,False,True
HIP,MAE,Direct prediction,263,12,2,2,True,Higher-order saddle point,Higher-order saddle point,True,False,False
HIP,MAE,Direct prediction,264,12,0,0,True,Minimum,Minimum,True,False,False
HIP,MAE,Direct prediction,265,12,2,2,True,Higher-order saddle point,Higher-order saddle point,True,False,False
HIP,MAE,Direct prediction,266,15,0,0,True,Minimum,Minimum,True,False,False
HIP,MAE,Direct prediction,267,14,1,1,True,Transition state,Transition state,True,True,True
HIP,MAE,Direct prediction,268,12,0,0,True,Minimum,Minimum,True,False,False
HIP,MAE,Direct prediction,269,14,1,1,True,Transition state,Transition state,True,True,True
HIP,MAE,Direct prediction,270,12,3,3,True,Higher-order saddle point,Higher-order saddle point,True,False,False
HIP,MAE,Direct prediction,271,18,0,0,True,Minimum,Minimum,True,False,False
HIP,MAE,Direct prediction,272,9,1,1,True,Transition state,Transition state,True,True,True
HIP,MAE,Direct prediction,273,8,1,1,True,Transition state,Transition state,True,True,True
HIP,MAE,Direct prediction,274,18,0,0,True,Minimum,Minimum,True,False,False
HIP,MAE,Direct prediction,275,10,1,1,True,Transition state,Transition state,True,True,True
HIP,MAE,Direct prediction,276,14,1,1,True,Transition state,Transition state,True,True,True
HIP,MAE,Direct prediction,277,13,0,0,True,Minimum,Minimum,True,False,False
HIP,MAE,Direct prediction,278,17,0,0,True,Minimum,Minimum,True,False,False
HIP,MAE,Direct prediction,279,16,2,3,False,Higher-order saddle point,Higher-order saddle point,True,False,False
HIP,MAE,Direct prediction,280,18,1,1,True,Transition state,Transition state,True,True,True
HIP,MAE,Direct prediction,281,14,1,2,False,Transition state,Higher-order saddle point,False,True,False
HIP,MAE,Direct prediction,282,14,2,2,True,Higher-order saddle point,Higher-order saddle point,True,False,False
HIP,MAE,Direct prediction,283,15,2,2,True,Higher-order saddle point,Higher-order saddle point,True,False,False
HIP,MAE,Direct prediction,284,12,1,1,True,Transition state,Transition state,True,True,True
HIP,MAE,Direct prediction,285,17,1,1,True,Transition state,Transition state,True,True,True
HIP,MAE,Direct prediction,286,14,0,0,True,Minimum,Minimum,True,False,False
HIP,MAE,Direct prediction,287,10,1,1,True,Transition state,Transition state,True,True,True
HIP,MAE,Direct prediction,288,13,0,0,True,Minimum,Minimum,True,False,False
HIP,MAE,Direct prediction,289,12,1,1,True,Transition state,Transition state,True,True,True
HIP,MAE,Direct prediction,290,14,1,1,True,Transition state,Transition state,True,True,True
HIP,MAE,Direct prediction,291,13,1,1,True,Transition state,Transition state,True,True,True
HIP,MAE,Direct prediction,292,17,1,1,True,Transition state,Transition state,True,True,True
HIP,MAE,Direct prediction,293,12,0,0,True,Minimum,Minimum,True,False,False
HIP,MAE,Direct prediction,294,15,1,1,True,Transition state,Transition state,True,True,True
HIP,MAE,Direct prediction,295,5,0,0,True,Minimum,Minimum,True,False,False
HIP,MAE,Direct prediction,296,14,1,1,True,Transition state,Transition state,True,True,True
HIP,MAE,Direct prediction,297,15,1,1,True,Transition state,Transition state,True,True,True
HIP,MAE,Direct prediction,298,13,0,0,True,Minimum,Minimum,True,False,False
HIP,MAE,Direct prediction,299,14,1,0,False,Transition state,Minimum,False,True,False
HIP,MAE,Direct prediction,300,15,2,2,True,Higher-order saddle point,Higher-order saddle point,True,False,False
HIP,MAE,Direct prediction,301,17,2,1,False,Higher-order saddle point,Transition state,False,False,True
HIP,MAE,Direct prediction,302,12,1,1,True,Transition state,Transition state,True,True,True
HIP,MAE,Direct prediction,303,11,1,0,False,Transition state,Minimum,False,True,False
HIP,MAE,Direct prediction,304,18,1,1,True,Transition state,Transition state,True,True,True
HIP,MAE,Direct prediction,305,14,0,0,True,Minimum,Minimum,True,False,False
HIP,MAE,Direct prediction,306,16,4,4,True,Higher-order saddle point,Higher-order saddle point,True,False,False
HIP,MAE,Direct prediction,307,15,3,3,True,Higher-order saddle point,Higher-order saddle point,True,False,False
HIP,MAE,Direct prediction,308,18,1,1,True,Transition state,Transition state,True,True,True
HIP,MAE,Direct prediction,309,16,2,2,True,Higher-order saddle point,Higher-order saddle point,True,False,False
HIP,MAE,Direct prediction,310,11,0,0,True,Minimum,Minimum,True,False,False
HIP,MAE,Direct prediction,311,14,1,1,True,Transition state,Transition state,True,True,True
HIP,MAE,Direct prediction,312,9,0,0,True,Minimum,Minimum,True,False,False
HIP,MAE,Direct prediction,313,15,2,2,True,Higher-order saddle point,Higher-order saddle point,True,False,False
HIP,MAE,Direct prediction,314,13,1,1,True,Transition state,Transition state,True,True,True
HIP,MAE,Direct prediction,315,14,1,1,True,Transition state,Transition state,True,True,True
HIP,MAE,Direct prediction,316,14,3,2,False,Higher-order saddle point,Higher-order saddle point,True,False,False
HIP,MAE,Direct prediction,317,9,0,0,True,Minimum,Minimum,True,False,False
HIP,MAE,Direct prediction,318,17,0,1,False,Minimum,Transition state,False,False,True
HIP,MAE,Direct prediction,319,10,1,1,True,Transition state,Transition state,True,True,True
HIP,MAE,Direct prediction,320,15,0,0,True,Minimum,Minimum,True,False,False
HIP,MAE,Direct prediction,321,15,0,0,True,Minimum,Minimum,True,False,False
HIP,MAE,Direct prediction,322,10,0,0,True,Minimum,Minimum,True,False,False
HIP,MAE,Direct prediction,323,15,2,2,True,Higher-order saddle point,Higher-order saddle point,True,False,False
HIP,MAE,Direct prediction,324,15,0,0,True,Minimum,Minimum,True,False,False
HIP,MAE,Direct prediction,325,15,0,0,True,Minimum,Minimum,True,False,False
HIP,MAE,Direct prediction,326,10,1,1,True,Transition state,Transition state,True,True,True
HIP,MAE,Direct prediction,327,13,2,2,True,Higher-order saddle point,Higher-order saddle point,True,False,False
HIP,MAE,Direct prediction,328,14,1,1,True,Transition state,Transition state,True,True,True
HIP,MAE,Direct prediction,329,14,2,2,True,Higher-order saddle point,Higher-order saddle point,True,False,False
HIP,MAE,Direct prediction,330,19,0,0,True,Minimum,Minimum,True,False,False
HIP,MAE,Direct prediction,331,15,1,1,True,Transition state,Transition state,True,True,True
HIP,MAE,Direct prediction,332,16,1,1,True,Transition state,Transition state,True,True,True
HIP,MAE,Direct prediction,333,16,1,1,True,Transition state,Transition state,True,True,True
HIP,MAE,Direct prediction,334,13,2,2,True,Higher-order saddle point,Higher-order saddle point,True,False,False
HIP,MAE,Direct prediction,335,11,0,0,True,Minimum,Minimum,True,False,False
HIP,MAE,Direct prediction,336,12,1,1,True,Transition state,Transition state,True,True,True
HIP,MAE,Direct prediction,337,12,0,0,True,Minimum,Minimum,True,False,False
HIP,MAE,Direct prediction,338,15,1,1,True,Transition state,Transition state,True,True,True
HIP,MAE,Direct prediction,339,13,0,0,True,Minimum,Minimum,True,False,False
HIP,MAE,Direct prediction,340,15,3,3,True,Higher-order saddle point,Higher-order saddle point,True,False,False
HIP,MAE,Direct prediction,341,13,1,1,True,Transition state,Transition state,True,True,True
HIP,MAE,Direct prediction,342,10,0,0,True,Minimum,Minimum,True,False,False
HIP,MAE,Direct prediction,343,12,0,0,True,Minimum,Minimum,True,False,False
HIP,MAE,Direct prediction,344,11,0,0,True,Minimum,Minimum,True,False,False
HIP,MAE,Direct prediction,345,15,1,1,True,Transition state,Transition state,True,True,True
HIP,MAE,Direct prediction,346,16,2,2,True,Higher-order saddle point,Higher-order saddle point,True,False,False
HIP,MAE,Direct prediction,347,14,1,1,True,Transition state,Transition state,True,True,True
HIP,MAE,Direct prediction,348,16,1,0,False,Transition state,Minimum,False,True,False
HIP,MAE,Direct prediction,349,12,1,1,True,Transition state,Transition state,True,True,True
HIP,MAE,Direct prediction,350,16,0,0,True,Minimum,Minimum,True,False,False
HIP,MAE,Direct prediction,351,18,1,1,True,Transition state,Transition state,True,True,True
HIP,MAE,Direct prediction,352,10,0,0,True,Minimum,Minimum,True,False,False
HIP,MAE,Direct prediction,353,12,2,2,True,Higher-order saddle point,Higher-order saddle point,True,False,False
HIP,MAE,Direct prediction,354,11,1,1,True,Transition state,Transition state,True,True,True
HIP,MAE,Direct prediction,355,12,0,0,True,Minimum,Minimum,True,False,False
HIP,MAE,Direct prediction,356,13,1,1,True,Transition state,Transition state,True,True,True
HIP,MAE,Direct prediction,357,17,0,0,True,Minimum,Minimum,True,False,False
HIP,MAE,Direct prediction,358,13,0,0,True,Minimum,Minimum,True,False,False
HIP,MAE,Direct prediction,359,15,1,1,True,Transition state,Transition state,True,True,True
HIP,MAE,Direct prediction,360,16,1,1,True,Transition state,Transition state,True,True,True
HIP,MAE,Direct prediction,361,19,1,1,True,Transition state,Transition state,True,True,True
HIP,MAE,Direct prediction,362,16,2,2,True,Higher-order saddle point,Higher-order saddle point,True,False,False
HIP,MAE,Direct prediction,363,14,0,0,True,Minimum,Minimum,True,False,False
HIP,MAE,Direct prediction,364,17,4,4,True,Higher-order saddle point,Higher-order saddle point,True,False,False
HIP,MAE,Direct prediction,365,11,0,0,True,Minimum,Minimum,True,False,False
HIP,MAE,Direct prediction,366,19,2,2,True,Higher-order saddle point,Higher-order saddle point,True,False,False
HIP,MAE,Direct prediction,367,7,0,0,True,Minimum,Minimum,True,False,False
HIP,MAE,Direct prediction,368,10,1,0,False,Transition state,Minimum,False,True,False
HIP,MAE,Direct prediction,369,16,2,2,True,Higher-order saddle point,Higher-order saddle point,True,False,False
HIP,MAE,Direct prediction,370,15,1,1,True,Transition state,Transition state,True,True,True
HIP,MAE,Direct prediction,371,15,0,0,True,Minimum,Minimum,True,False,False
HIP,MAE,Direct prediction,372,14,0,0,True,Minimum,Minimum,True,False,False
HIP,MAE,Direct prediction,373,10,2,3,False,Higher-order saddle point,Higher-order saddle point,True,False,False
HIP,MAE,Direct prediction,374,12,0,0,True,Minimum,Minimum,True,False,False
HIP,MAE,Direct prediction,375,12,1,1,True,Transition state,Transition state,True,True,True
HIP,MAE,Direct prediction,376,16,1,1,True,Transition state,Transition state,True,True,True
HIP,MAE,Direct prediction,377,11,1,1,True,Transition state,Transition state,True,True,True
HIP,MAE,Direct prediction,378,17,1,1,True,Transition state,Transition state,True,True,True
HIP,MAE,Direct prediction,379,13,1,1,True,Transition state,Transition state,True,True,True
HIP,MAE,Direct prediction,380,8,2,2,True,Higher-order saddle point,Higher-order saddle point,True,False,False
HIP,MAE,Direct prediction,381,9,0,0,True,Minimum,Minimum,True,False,False
HIP,MAE,Direct prediction,382,12,0,0,True,Minimum,Minimum,True,False,False
HIP,MAE,Direct prediction,383,10,1,1,True,Transition state,Transition state,True,True,True
HIP,MAE,Direct prediction,384,14,0,0,True,Minimum,Minimum,True,False,False
HIP,MAE,Direct prediction,385,14,0,0,True,Minimum,Minimum,True,False,False
HIP,MAE,Direct prediction,386,13,2,2,True,Higher-order saddle point,Higher-order saddle point,True,False,False
HIP,MAE,Direct prediction,387,16,1,1,True,Transition state,Transition state,True,True,True
HIP,MAE,Direct prediction,388,12,0,0,True,Minimum,Minimum,True,False,False
HIP,MAE,Direct prediction,389,16,1,1,True,Transition state,Transition state,True,True,True
HIP,MAE,Direct prediction,390,13,3,3,True,Higher-order saddle point,Higher-order saddle point,True,False,False
HIP,MAE,Direct prediction,391,15,2,2,True,Higher-order saddle point,Higher-order saddle point,True,False,False
HIP,MAE,Direct prediction,392,11,0,0,True,Minimum,Minimum,True,False,False
HIP,MAE,Direct prediction,393,9,0,0,True,Minimum,Minimum,True,False,False
HIP,MAE,Direct prediction,394,13,0,0,True,Minimum,Minimum,True,False,False
HIP,MAE,Direct prediction,395,13,2,2,True,Higher-order saddle point,Higher-order saddle point,True,False,False
HIP,MAE,Direct prediction,396,10,1,2,False,Transition state,Higher-order saddle point,False,True,False
HIP,MAE,Direct prediction,397,13,0,0,True,Minimum,Minimum,True,False,False
HIP,MAE,Direct prediction,398,9,0,0,True,Minimum,Minimum,True,False,False
HIP,MAE,Direct prediction,399,14,2,2,True,Higher-order saddle point,Higher-order saddle point,True,False,False
HIP,MAE,Direct prediction,400,14,0,1,False,Minimum,Transition state,False,False,True
HIP,MAE,Direct prediction,401,14,0,0,True,Minimum,Minimum,True,False,False
HIP,MAE,Direct prediction,402,15,1,1,True,Transition state,Transition state,True,True,True
HIP,MAE,Direct prediction,403,16,1,1,True,Transition state,Transition state,True,True,True
HIP,MAE,Direct prediction,404,12,0,0,True,Minimum,Minimum,True,False,False
HIP,MAE,Direct prediction,405,12,3,3,True,Higher-order saddle point,Higher-order saddle point,True,False,False
HIP,MAE,Direct prediction,406,12,2,1,False,Higher-order saddle point,Transition state,False,False,True
HIP,MAE,Direct prediction,407,14,0,0,True,Minimum,Minimum,True,False,False
HIP,MAE,Direct prediction,408,10,0,0,True,Minimum,Minimum,True,False,False
HIP,MAE,Direct prediction,409,18,2,2,True,Higher-order saddle point,Higher-order saddle point,True,False,False
HIP,MAE,Direct prediction,410,6,0,0,True,Minimum,Minimum,True,False,False
HIP,MAE,Direct prediction,411,12,0,0,True,Minimum,Minimum,True,False,False
HIP,MAE,Direct prediction,412,11,1,1,True,Transition state,Transition state,True,True,True
HIP,MAE,Direct prediction,413,19,3,3,True,Higher-order saddle point,Higher-order saddle point,True,False,False
HIP,MAE,Direct prediction,414,16,2,2,True,Higher-order saddle point,Higher-order saddle point,True,False,False
HIP,MAE,Direct prediction,415,13,3,2,False,Higher-order saddle point,Higher-order saddle point,True,False,False
HIP,MAE,Direct prediction,416,17,1,1,True,Transition state,Transition state,True,True,True
HIP,MAE,Direct prediction,417,12,0,0,True,Minimum,Minimum,True,False,False
HIP,MAE,Direct prediction,418,12,0,0,True,Minimum,Minimum,True,False,False
HIP,MAE,Direct prediction,419,13,1,1,True,Transition state,Transition state,True,True,True
HIP,MAE,Direct prediction,420,11,0,0,True,Minimum,Minimum,True,False,False
HIP,MAE,Direct prediction,421,15,3,3,True,Higher-order saddle point,Higher-order saddle point,True,False,False
HIP,MAE,Direct prediction,422,19,0,1,False,Minimum,Transition state,False,False,True
HIP,MAE,Direct prediction,423,16,3,3,True,Higher-order saddle point,Higher-order saddle point,True,False,False
HIP,MAE,Direct prediction,424,14,4,4,True,Higher-order saddle point,Higher-order saddle point,True,False,False
HIP,MAE,Direct prediction,425,14,1,1,True,Transition state,Transition state,True,True,True
HIP,MAE,Direct prediction,426,15,1,1,True,Transition state,Transition state,True,True,True
HIP,MAE,Direct prediction,427,10,0,0,True,Minimum,Minimum,True,False,False
HIP,MAE,Direct prediction,428,10,1,1,True,Transition state,Transition state,True,True,True
HIP,MAE,Direct prediction,429,14,0,0,True,Minimum,Minimum,True,False,False
HIP,MAE,Direct prediction,430,14,0,0,True,Minimum,Minimum,True,False,False
HIP,MAE,Direct prediction,431,15,0,0,True,Minimum,Minimum,True,False,False
HIP,MAE,Direct prediction,432,16,0,0,True,Minimum,Minimum,True,False,False
HIP,MAE,Direct prediction,433,15,1,1,True,Transition state,Transition state,True,True,True
HIP,MAE,Direct prediction,434,12,0,1,False,Minimum,Transition state,False,False,True
HIP,MAE,Direct prediction,435,15,1,1,True,Transition state,Transition state,True,True,True
HIP,MAE,Direct prediction,436,15,0,0,True,Minimum,Minimum,True,False,False
HIP,MAE,Direct prediction,437,11,2,2,True,Higher-order saddle point,Higher-order saddle point,True,False,False
HIP,MAE,Direct prediction,438,13,0,0,True,Minimum,Minimum,True,False,False
HIP,MAE,Direct prediction,439,15,0,0,True,Minimum,Minimum,True,False,False
HIP,MAE,Direct prediction,440,16,1,1,True,Transition state,Transition state,True,True,True
HIP,MAE,Direct prediction,441,16,4,4,True,Higher-order saddle point,Higher-order saddle point,True,False,False
HIP,MAE,Direct prediction,442,15,2,1,False,Higher-order saddle point,Transition state,False,False,True
HIP,MAE,Direct prediction,443,16,2,2,True,Higher-order saddle point,Higher-order saddle point,True,False,False
HIP,MAE,Direct prediction,444,13,1,1,True,Transition state,Transition state,True,True,True
HIP,MAE,Direct prediction,445,14,0,0,True,Minimum,Minimum,True,False,False
HIP,MAE,Direct prediction,446,18,0,1,False,Minimum,Transition state,False,False,True
HIP,MAE,Direct prediction,447,11,1,1,True,Transition state,Transition state,True,True,True
HIP,MAE,Direct prediction,448,10,1,1,True,Transition state,Transition state,True,True,True
HIP,MAE,Direct prediction,449,14,2,2,True,Higher-order saddle point,Higher-order saddle point,True,False,False
HIP,MAE,Direct prediction,450,18,0,0,True,Minimum,Minimum,True,False,False
HIP,MAE,Direct prediction,451,13,1,1,True,Transition state,Transition state,True,True,True
HIP,MAE,Direct prediction,452,19,2,2,True,Higher-order saddle point,Higher-order saddle point,True,False,False
HIP,MAE,Direct prediction,453,13,1,1,True,Transition state,Transition state,True,True,True
HIP,MAE,Direct prediction,454,10,3,3,True,Higher-order saddle point,Higher-order saddle point,True,False,False
HIP,MAE,Direct prediction,455,12,0,0,True,Minimum,Minimum,True,False,False
HIP,MAE,Direct prediction,456,14,1,1,True,Transition state,Transition state,True,True,True
HIP,MAE,Direct prediction,457,14,1,1,True,Transition state,Transition state,True,True,True
HIP,MAE,Direct prediction,458,10,0,0,True,Minimum,Minimum,True,False,False
HIP,MAE,Direct prediction,459,19,1,1,True,Transition state,Transition state,True,True,True
HIP,MAE,Direct prediction,460,16,1,1,True,Transition state,Transition state,True,True,True
HIP,MAE,Direct prediction,461,14,0,0,True,Minimum,Minimum,True,False,False
HIP,MAE,Direct prediction,462,11,0,1,False,Minimum,Transition state,False,False,True
HIP,MAE,Direct prediction,463,11,1,1,True,Transition state,Transition state,True,True,True
HIP,MAE,Direct prediction,464,15,2,2,True,Higher-order saddle point,Higher-order saddle point,True,False,False
HIP,MAE,Direct prediction,465,14,0,0,True,Minimum,Minimum,True,False,False
HIP,MAE,Direct prediction,466,15,2,2,True,Higher-order saddle point,Higher-order saddle point,True,False,False
HIP,MAE,Direct prediction,467,13,0,0,True,Minimum,Minimum,True,False,False
HIP,MAE,Direct prediction,468,16,1,1,True,Transition state,Transition state,True,True,True
HIP,MAE,Direct prediction,469,11,0,0,True,Minimum,Minimum,True,False,False
HIP,MAE,Direct prediction,470,15,1,1,True,Transition state,Transition state,True,True,True
HIP,MAE,Direct prediction,471,13,0,0,True,Minimum,Minimum,True,False,False
HIP,MAE,Direct prediction,472,9,1,0,False,Transition state,Minimum,False,True,False
HIP,MAE,Direct prediction,473,17,1,1,True,Transition state,Transition state,True,True,True
HIP,MAE,Direct prediction,474,13,0,0,True,Minimum,Minimum,True,False,False
HIP,MAE,Direct prediction,475,12,0,0,True,Minimum,Minimum,True,False,False
HIP,MAE,Direct prediction,476,13,0,0,True,Minimum,Minimum,True,False,False
HIP,MAE,Direct prediction,477,14,2,2,True,Higher-order saddle point,Higher-order saddle point,True,False,False
HIP,MAE,Direct prediction,478,12,1,1,True,Transition state,Transition state,True,True,True
HIP,MAE,Direct prediction,479,16,0,0,True,Minimum,Minimum,True,False,False
HIP,MAE,Direct prediction,480,16,3,3,True,Higher-order saddle point,Higher-order saddle point,True,False,False
HIP,MAE,Direct prediction,481,18,1,1,True,Transition state,Transition state,True,True,True
HIP,MAE,Direct prediction,482,13,1,1,True,Transition state,Transition state,True,True,True
HIP,MAE,Direct prediction,483,14,0,0,True,Minimum,Minimum,True,False,False
HIP,MAE,Direct prediction,484,11,4,4,True,Higher-order saddle point,Higher-order saddle point,True,False,False
HIP,MAE,Direct prediction,485,17,1,1,True,Transition state,Transition state,True,True,True
HIP,MAE,Direct prediction,486,16,2,2,True,Higher-order saddle point,Higher-order saddle point,True,False,False
HIP,MAE,Direct prediction,487,15,0,0,True,Minimum,Minimum,True,False,False
HIP,MAE,Direct prediction,488,16,4,3,False,Higher-order saddle point,Higher-order saddle point,True,False,False
HIP,MAE,Direct prediction,489,16,1,1,True,Transition state,Transition state,True,True,True
HIP,MAE,Direct prediction,490,9,2,2,True,Higher-order saddle point,Higher-order saddle point,True,False,False
HIP,MAE,Direct prediction,491,11,0,0,True,Minimum,Minimum,True,False,False
HIP,MAE,Direct prediction,492,16,2,2,True,Higher-order saddle point,Higher-order saddle point,True,False,False
HIP,MAE,Direct prediction,493,12,2,3,False,Higher-order saddle point,Higher-order saddle point,True,False,False
HIP,MAE,Direct prediction,494,14,0,0,True,Minimum,Minimum,True,False,False
HIP,MAE,Direct prediction,495,13,1,0,False,Transition state,Minimum,False,True,False
HIP,MAE,Direct prediction,496,14,1,1,True,Transition state,Transition state,True,True,True
HIP,MAE,Direct prediction,497,11,0,0,True,Minimum,Minimum,True,False,False
HIP,MAE,Direct prediction,498,15,0,0,True,Minimum,Minimum,True,False,False
HIP,MAE,Direct prediction,499,15,1,1,True,Transition state,Transition state,True,True,True
HIP,MAE,Direct prediction,500,12,1,1,True,Transition state,Transition state,True,True,True
HIP,MAE,Direct prediction,501,10,1,1,True,Transition state,Transition state,True,True,True
HIP,MAE,Direct prediction,502,16,1,1,True,Transition state,Transition state,True,True,True
HIP,MAE,Direct prediction,503,13,0,0,True,Minimum,Minimum,True,False,False
HIP,MAE,Direct prediction,504,10,2,2,True,Higher-order saddle point,Higher-order saddle point,True,False,False
HIP,MAE,Direct prediction,505,12,0,0,True,Minimum,Minimum,True,False,False
HIP,MAE,Direct prediction,506,21,1,1,True,Transition state,Transition state,True,True,True
HIP,MAE,Direct prediction,507,10,0,0,True,Minimum,Minimum,True,False,False
HIP,MAE,Direct prediction,508,18,1,1,True,Transition state,Transition state,True,True,True
HIP,MAE,Direct prediction,509,12,1,1,True,Transition state,Transition state,True,True,True
HIP,MAE,Direct prediction,510,16,0,1,False,Minimum,Transition state,False,False,True
HIP,MAE,Direct prediction,511,17,1,1,True,Transition state,Transition state,True,True,True
HIP,MAE,Direct prediction,512,21,3,3,True,Higher-order saddle point,Higher-order saddle point,True,False,False
HIP,MAE,Direct prediction,513,18,2,3,False,Higher-order saddle point,Higher-order saddle point,True,False,False
HIP,MAE,Direct prediction,514,13,1,1,True,Transition state,Transition state,True,True,True
HIP,MAE,Direct prediction,515,15,1,1,True,Transition state,Transition state,True,True,True
HIP,MAE,Direct prediction,516,10,0,0,True,Minimum,Minimum,True,False,False
HIP,MAE,Direct prediction,517,17,1,1,True,Transition state,Transition state,True,True,True
HIP,MAE,Direct prediction,518,15,0,0,True,Minimum,Minimum,True,False,False
HIP,MAE,Direct prediction,519,12,1,1,True,Transition state,Transition state,True,True,True
HIP,MAE,Direct prediction,520,15,1,1,True,Transition state,Transition state,True,True,True
HIP,MAE,Direct prediction,521,14,1,1,True,Transition state,Transition state,True,True,True
HIP,MAE,Direct prediction,522,16,1,1,True,Transition state,Transition state,True,True,True
HIP,MAE,Direct prediction,523,12,3,3,True,Higher-order saddle point,Higher-order saddle point,True,False,False
HIP,MAE,Direct prediction,524,10,0,0,True,Minimum,Minimum,True,False,False
HIP,MAE,Direct prediction,525,12,0,0,True,Minimum,Minimum,True,False,False
HIP,MAE,Direct prediction,526,13,1,1,True,Transition state,Transition state,True,True,True
HIP,MAE,Direct prediction,527,15,1,1,True,Transition state,Transition state,True,True,True
HIP,MAE,Direct prediction,528,19,2,2,True,Higher-order saddle point,Higher-order saddle point,True,False,False
HIP,MAE,Direct prediction,529,10,1,1,True,Transition state,Transition state,True,True,True
HIP,MAE,Direct prediction,530,11,1,1,True,Transition state,Transition state,True,True,True
HIP,MAE,Direct prediction,531,16,0,0,True,Minimum,Minimum,True,False,False
HIP,MAE,Direct prediction,532,15,0,0,True,Minimum,Minimum,True,False,False
HIP,MAE,Direct prediction,533,15,1,1,True,Transition state,Transition state,True,True,True
HIP,MAE,Direct prediction,534,14,2,3,False,Higher-order saddle point,Higher-order saddle point,True,False,False
HIP,MAE,Direct prediction,535,13,1,1,True,Transition state,Transition state,True,True,True
HIP,MAE,Direct prediction,536,12,3,3,True,Higher-order saddle point,Higher-order saddle point,True,False,False
HIP,MAE,Direct prediction,537,15,2,2,True,Higher-order saddle point,Higher-order saddle point,True,False,False
HIP,MAE,Direct prediction,538,16,0,0,True,Minimum,Minimum,True,False,False
HIP,MAE,Direct prediction,539,15,1,1,True,Transition state,Transition state,True,True,True
HIP,MAE,Direct prediction,540,11,1,1,True,Transition state,Transition state,True,True,True
HIP,MAE,Direct prediction,541,13,1,1,True,Transition state,Transition state,True,True,True
HIP,MAE,Direct prediction,542,14,1,1,True,Transition state,Transition state,True,True,True
HIP,MAE,Direct prediction,543,16,0,0,True,Minimum,Minimum,True,False,False
HIP,MAE,Direct prediction,544,11,1,1,True,Transition state,Transition state,True,True,True
HIP,MAE,Direct prediction,545,14,0,0,True,Minimum,Minimum,True,False,False
HIP,MAE,Direct prediction,546,13,2,3,False,Higher-order saddle point,Higher-order saddle point,True,False,False
HIP,MAE,Direct prediction,547,11,1,1,True,Transition state,Transition state,True,True,True
HIP,MAE,Direct prediction,548,13,0,1,False,Minimum,Transition state,False,False,True
HIP,MAE,Direct prediction,549,14,1,1,True,Transition state,Transition state,True,True,True
HIP,MAE,Direct prediction,550,13,0,0,True,Minimum,Minimum,True,False,False
HIP,MAE,Direct prediction,551,9,2,2,True,Higher-order saddle point,Higher-order saddle point,True,False,False
HIP,MAE,Direct prediction,552,12,1,1,True,Transition state,Transition state,True,True,True
HIP,MAE,Direct prediction,553,14,1,1,True,Transition state,Transition state,True,True,True
HIP,MAE,Direct prediction,554,10,1,0,False,Transition state,Minimum,False,True,False
HIP,MAE,Direct prediction,555,16,0,0,True,Minimum,Minimum,True,False,False
HIP,MAE,Direct prediction,556,16,2,2,True,Higher-order saddle point,Higher-order saddle point,True,False,False
HIP,MAE,Direct prediction,557,11,1,1,True,Transition state,Transition state,True,True,True
HIP,MAE,Direct prediction,558,13,0,0,True,Minimum,Minimum,True,False,False
HIP,MAE,Direct prediction,559,13,0,0,True,Minimum,Minimum,True,False,False
HIP,MAE,Direct prediction,560,17,0,0,True,Minimum,Minimum,True,False,False
HIP,MAE,Direct prediction,561,12,0,0,True,Minimum,Minimum,True,False,False
HIP,MAE,Direct prediction,562,19,0,0,True,Minimum,Minimum,True,False,False
HIP,MAE,Direct prediction,563,14,1,1,True,Transition state,Transition state,True,True,True
HIP,MAE,Direct prediction,564,18,0,0,True,Minimum,Minimum,True,False,False
HIP,MAE,Direct prediction,565,14,6,6,True,Higher-order saddle point,Higher-order saddle point,True,False,False
HIP,MAE,Direct prediction,566,19,0,0,True,Minimum,Minimum,True,False,False
HIP,MAE,Direct prediction,567,13,1,1,True,Transition state,Transition state,True,True,True
HIP,MAE,Direct prediction,568,14,1,1,True,Transition state,Transition state,True,True,True
HIP,MAE,Direct prediction,569,15,1,1,True,Transition state,Transition state,True,True,True
HIP,MAE,Direct prediction,570,15,1,1,True,Transition state,Transition state,True,True,True
HIP,MAE,Direct prediction,571,14,1,2,False,Transition state,Higher-order saddle point,False,True,False
HIP,MAE,Direct prediction,572,16,3,3,True,Higher-order saddle point,Higher-order saddle point,True,False,False
HIP,MAE,Direct prediction,573,16,0,0,True,Minimum,Minimum,True,False,False
HIP,MAE,Direct prediction,574,13,1,1,True,Transition state,Transition state,True,True,True
HIP,MAE,Direct prediction,575,12,1,1,True,Transition state,Transition state,True,True,True
HIP,MAE,Direct prediction,576,12,0,0,True,Minimum,Minimum,True,False,False
HIP,MAE,Direct prediction,577,15,3,3,True,Higher-order saddle point,Higher-order saddle point,True,False,False
HIP,MAE,Direct prediction,578,14,2,2,True,Higher-order saddle point,Higher-order saddle point,True,False,False
HIP,MAE,Direct prediction,579,16,1,0,False,Transition state,Minimum,False,True,False
HIP,MAE,Direct prediction,580,13,1,1,True,Transition state,Transition state,True,True,True
HIP,MAE,Direct prediction,581,11,0,0,True,Minimum,Minimum,True,False,False
HIP,MAE,Direct prediction,582,16,1,1,True,Transition state,Transition state,True,True,True
HIP,MAE,Direct prediction,583,15,1,1,True,Transition state,Transition state,True,True,True
HIP,MAE,Direct prediction,584,17,2,2,True,Higher-order saddle point,Higher-order saddle point,True,False,False
HIP,MAE,Direct prediction,585,10,1,1,True,Transition state,Transition state,True,True,True
HIP,MAE,Direct prediction,586,11,1,1,True,Transition state,Transition state,True,True,True
HIP,MAE,Direct prediction,587,14,1,1,True,Transition state,Transition state,True,True,True
HIP,MAE,Direct prediction,588,19,1,1,True,Transition state,Transition state,True,True,True
HIP,MAE,Direct prediction,589,14,2,2,True,Higher-order saddle point,Higher-order saddle point,True,False,False
HIP,MAE,Direct prediction,590,16,0,0,True,Minimum,Minimum,True,False,False
HIP,MAE,Direct prediction,591,15,1,1,True,Transition state,Transition state,True,True,True
HIP,MAE,Direct prediction,592,17,1,1,True,Transition state,Transition state,True,True,True
HIP,MAE,Direct prediction,593,13,0,0,True,Minimum,Minimum,True,False,False
HIP,MAE,Direct prediction,594,14,1,1,True,Transition state,Transition state,True,True,True
HIP,MAE,Direct prediction,595,15,1,1,True,Transition state,Transition state,True,True,True
HIP,MAE,Direct prediction,596,13,0,0,True,Minimum,Minimum,True,False,False
HIP,MAE,Direct prediction,597,11,0,0,True,Minimum,Minimum,True,False,False
HIP,MAE,Direct prediction,598,10,1,1,True,Transition state,Transition state,True,True,True
HIP,MAE,Direct prediction,599,12,1,1,True,Transition state,Transition state,True,True,True
HIP,MAE,Direct prediction,600,15,0,1,False,Minimum,Transition state,False,False,True
HIP,MAE,Direct prediction,601,9,2,2,True,Higher-order saddle point,Higher-order saddle point,True,False,False
HIP,MAE,Direct prediction,602,16,1,1,True,Transition state,Transition state,True,True,True
HIP,MAE,Direct prediction,603,16,0,0,True,Minimum,Minimum,True,False,False
HIP,MAE,Direct prediction,604,10,0,0,True,Minimum,Minimum,True,False,False
HIP,MAE,Direct prediction,605,17,2,2,True,Higher-order saddle point,Higher-order saddle point,True,False,False
HIP,MAE,Direct prediction,606,18,1,1,True,Transition state,Transition state,True,True,True
HIP,MAE,Direct prediction,607,14,0,0,True,Minimum,Minimum,True,False,False
HIP,MAE,Direct prediction,608,15,0,0,True,Minimum,Minimum,True,False,False
HIP,MAE,Direct prediction,609,19,0,0,True,Minimum,Minimum,True,False,False
HIP,MAE,Direct prediction,610,13,0,0,True,Minimum,Minimum,True,False,False
HIP,MAE,Direct prediction,611,14,1,1,True,Transition state,Transition state,True,True,True
HIP,MAE,Direct prediction,612,14,0,0,True,Minimum,Minimum,True,False,False
HIP,MAE,Direct prediction,613,12,0,0,True,Minimum,Minimum,True,False,False
HIP,MAE,Direct prediction,614,12,0,0,True,Minimum,Minimum,True,False,False
HIP,MAE,Direct prediction,615,15,1,1,True,Transition state,Transition state,True,True,True
HIP,MAE,Direct prediction,616,15,1,1,True,Transition state,Transition state,True,True,True
HIP,MAE,Direct prediction,617,12,1,1,True,Transition state,Transition state,True,True,True
HIP,MAE,Direct prediction,618,14,0,0,True,Minimum,Minimum,True,False,False
HIP,MAE,Direct prediction,619,15,1,1,True,Transition state,Transition state,True,True,True
HIP,MAE,Direct prediction,620,13,0,0,True,Minimum,Minimum,True,False,False
HIP,MAE,Direct prediction,621,13,0,1,False,Minimum,Transition state,False,False,True
HIP,MAE,Direct prediction,622,11,0,0,True,Minimum,Minimum,True,False,False
HIP,MAE,Direct prediction,623,16,1,1,True,Transition state,Transition state,True,True,True
HIP,MAE,Direct prediction,624,18,0,0,True,Minimum,Minimum,True,False,False
HIP,MAE,Direct prediction,625,11,2,2,True,Higher-order saddle point,Higher-order saddle point,True,False,False
HIP,MAE,Direct prediction,626,14,1,1,True,Transition state,Transition state,True,True,True
HIP,MAE,Direct prediction,627,15,1,1,True,Transition state,Transition state,True,True,True
HIP,MAE,Direct prediction,628,21,1,1,True,Transition state,Transition state,True,True,True
HIP,MAE,Direct prediction,629,11,2,2,True,Higher-order saddle point,Higher-order saddle point,True,False,False
HIP,MAE,Direct prediction,630,19,3,3,True,Higher-order saddle point,Higher-order saddle point,True,False,False
HIP,MAE,Direct prediction,631,15,1,1,True,Transition state,Transition state,True,True,True
HIP,MAE,Direct prediction,632,18,1,1,True,Transition state,Transition state,True,True,True
HIP,MAE,Direct prediction,633,11,2,2,True,Higher-order saddle point,Higher-order saddle point,True,False,False
HIP,MAE,Direct prediction,634,16,1,1,True,Transition state,Transition state,True,True,True
HIP,MAE,Direct prediction,635,13,0,0,True,Minimum,Minimum,True,False,False
HIP,MAE,Direct prediction,636,12,1,1,True,Transition state,Transition state,True,True,True
HIP,MAE,Direct prediction,637,12,0,0,True,Minimum,Minimum,True,False,False
HIP,MAE,Direct prediction,638,16,1,1,True,Transition state,Transition state,True,True,True
HIP,MAE,Direct prediction,639,12,1,1,True,Transition state,Transition state,True,True,True
HIP,MAE,Direct prediction,640,15,2,2,True,Higher-order saddle point,Higher-order saddle point,True,False,False
HIP,MAE,Direct prediction,641,19,1,1,True,Transition state,Transition state,True,True,True
HIP,MAE,Direct prediction,642,16,2,2,True,Higher-order saddle point,Higher-order saddle point,True,False,False
HIP,MAE,Direct prediction,643,14,1,1,True,Transition state,Transition state,True,True,True
HIP,MAE,Direct prediction,644,18,3,3,True,Higher-order saddle point,Higher-order saddle point,True,False,False
HIP,MAE,Direct prediction,645,14,0,0,True,Minimum,Minimum,True,False,False
HIP,MAE,Direct prediction,646,11,0,0,True,Minimum,Minimum,True,False,False
HIP,MAE,Direct prediction,647,16,0,0,True,Minimum,Minimum,True,False,False
HIP,MAE,Direct prediction,648,16,1,1,True,Transition state,Transition state,True,True,True
HIP,MAE,Direct prediction,649,15,1,1,True,Transition state,Transition state,True,True,True
HIP,MAE,Direct prediction,650,12,1,1,True,Transition state,Transition state,True,True,True
HIP,MAE,Direct prediction,651,17,1,1,True,Transition state,Transition state,True,True,True
HIP,MAE,Direct prediction,652,11,0,0,True,Minimum,Minimum,True,False,False
HIP,MAE,Direct prediction,653,15,0,0,True,Minimum,Minimum,True,False,False
HIP,MAE,Direct prediction,654,10,1,1,True,Transition state,Transition state,True,True,True
HIP,MAE,Direct prediction,655,13,1,1,True,Transition state,Transition state,True,True,True
HIP,MAE,Direct prediction,656,17,0,0,True,Minimum,Minimum,True,False,False
HIP,MAE,Direct prediction,657,13,0,0,True,Minimum,Minimum,True,False,False
HIP,MAE,Direct prediction,658,12,1,1,True,Transition state,Transition state,True,True,True
HIP,MAE,Direct prediction,659,10,1,1,True,Transition state,Transition state,True,True,True
HIP,MAE,Direct prediction,660,14,1,1,True,Transition state,Transition state,True,True,True
HIP,MAE,Direct prediction,661,18,0,2,False,Minimum,Higher-order saddle point,False,False,False
HIP,MAE,Direct prediction,662,14,2,2,True,Higher-order saddle point,Higher-order saddle point,True,False,False
HIP,MAE,Direct prediction,663,16,1,1,True,Transition state,Transition state,True,True,True
HIP,MAE,Direct prediction,664,10,1,1,True,Transition state,Transition state,True,True,True
HIP,MAE,Direct prediction,665,12,0,0,True,Minimum,Minimum,True,False,False
HIP,MAE,Direct prediction,666,10,1,1,True,Transition state,Transition state,True,True,True
HIP,MAE,Direct prediction,667,13,1,1,True,Transition state,Transition state,True,True,True
HIP,MAE,Direct prediction,668,16,0,0,True,Minimum,Minimum,True,False,False
HIP,MAE,Direct prediction,669,11,1,1,True,Transition state,Transition state,True,True,True
HIP,MAE,Direct prediction,670,14,0,0,True,Minimum,Minimum,True,False,False
HIP,MAE,Direct prediction,671,14,1,1,True,Transition state,Transition state,True,True,True
HIP,MAE,Direct prediction,672,12,1,0,False,Transition state,Minimum,False,True,False
HIP,MAE,Direct prediction,673,13,1,1,True,Transition state,Transition state,True,True,True
HIP,MAE,Direct prediction,674,14,1,1,True,Transition state,Transition state,True,True,True
HIP,MAE,Direct prediction,675,14,0,0,True,Minimum,Minimum,True,False,False
HIP,MAE,Direct prediction,676,14,0,0,True,Minimum,Minimum,True,False,False
HIP,MAE,Direct prediction,677,15,1,1,True,Transition state,Transition state,True,True,True
HIP,MAE,Direct prediction,678,18,0,0,True,Minimum,Minimum,True,False,False
HIP,MAE,Direct prediction,679,15,1,1,True,Transition state,Transition state,True,True,True
HIP,MAE,Direct prediction,680,13,0,1,False,Minimum,Transition state,False,False,True
HIP,MAE,Direct prediction,681,12,1,1,True,Transition state,Transition state,True,True,True
HIP,MAE,Direct prediction,682,9,0,0,True,Minimum,Minimum,True,False,False
HIP,MAE,Direct prediction,683,13,1,1,True,Transition state,Transition state,True,True,True
HIP,MAE,Direct prediction,684,15,2,1,False,Higher-order saddle point,Transition state,False,False,True
HIP,MAE,Direct prediction,685,15,2,3,False,Higher-order saddle point,Higher-order saddle point,True,False,False
HIP,MAE,Direct prediction,686,8,1,1,True,Transition state,Transition state,True,True,True
HIP,MAE,Direct prediction,687,14,1,1,True,Transition state,Transition state,True,True,True
HIP,MAE,Direct prediction,688,19,1,1,True,Transition state,Transition state,True,True,True
HIP,MAE,Direct prediction,689,16,0,0,True,Minimum,Minimum,True,False,False
HIP,MAE,Direct prediction,690,10,0,0,True,Minimum,Minimum,True,False,False
HIP,MAE,Direct prediction,691,12,1,1,True,Transition state,Transition state,True,True,True
HIP,MAE,Direct prediction,692,17,0,0,True,Minimum,Minimum,True,False,False
HIP,MAE,Direct prediction,693,9,0,0,True,Minimum,Minimum,True,False,False
HIP,MAE,Direct prediction,694,15,1,1,True,Transition state,Transition state,True,True,True
HIP,MAE,Direct prediction,695,10,1,1,True,Transition state,Transition state,True,True,True
HIP,MAE,Direct prediction,696,10,1,0,False,Transition state,Minimum,False,True,False
HIP,MAE,Direct prediction,697,15,2,2,True,Higher-order saddle point,Higher-order saddle point,True,False,False
HIP,MAE,Direct prediction,698,13,0,0,True,Minimum,Minimum,True,False,False
HIP,MAE,Direct prediction,699,12,1,1,True,Transition state,Transition state,True,True,True
HIP,MAE,Direct prediction,700,14,1,1,True,Transition state,Transition state,True,True,True
HIP,MAE,Direct prediction,701,17,2,2,True,Higher-order saddle point,Higher-order saddle point,True,False,False
HIP,MAE,Direct prediction,702,16,1,1,True,Transition state,Transition state,True,True,True
HIP,MAE,Direct prediction,703,15,1,1,True,Transition state,Transition state,True,True,True
HIP,MAE,Direct prediction,704,16,0,0,True,Minimum,Minimum,True,False,False
HIP,MAE,Direct prediction,705,10,0,0,True,Minimum,Minimum,True,False,False
HIP,MAE,Direct prediction,706,14,1,1,True,Transition state,Transition state,True,True,True
HIP,MAE,Direct prediction,707,14,0,0,True,Minimum,Minimum,True,False,False
HIP,MAE,Direct prediction,708,12,1,1,True,Transition state,Transition state,True,True,True
HIP,MAE,Direct prediction,709,12,1,1,True,Transition state,Transition state,True,True,True
HIP,MAE,Direct prediction,710,13,1,1,True,Transition state,Transition state,True,True,True
HIP,MAE,Direct prediction,711,11,0,0,True,Minimum,Minimum,True,False,False
HIP,MAE,Direct prediction,712,12,0,0,True,Minimum,Minimum,True,False,False
HIP,MAE,Direct prediction,713,14,1,1,True,Transition state,Transition state,True,True,True
HIP,MAE,Direct prediction,714,16,1,1,True,Transition state,Transition state,True,True,True
HIP,MAE,Direct prediction,715,11,0,0,True,Minimum,Minimum,True,False,False
HIP,MAE,Direct prediction,716,5,0,0,True,Minimum,Minimum,True,False,False
HIP,MAE,Direct prediction,717,14,1,1,True,Transition state,Transition state,True,True,True
HIP,MAE,Direct prediction,718,13,0,0,True,Minimum,Minimum,True,False,False
HIP,MAE,Direct prediction,719,11,2,2,True,Higher-order saddle point,Higher-order saddle point,True,False,False
HIP,MAE,Direct prediction,720,13,0,0,True,Minimum,Minimum,True,False,False
HIP,MAE,Direct prediction,721,13,1,1,True,Transition state,Transition state,True,True,True
HIP,MAE,Direct prediction,722,12,0,0,True,Minimum,Minimum,True,False,False
HIP,MAE,Direct prediction,723,13,1,1,True,Transition state,Transition state,True,True,True
HIP,MAE,Direct prediction,724,19,2,2,True,Higher-order saddle point,Higher-order saddle point,True,False,False
HIP,MAE,Direct prediction,725,13,1,1,True,Transition state,Transition state,True,True,True
HIP,MAE,Direct prediction,726,11,0,0,True,Minimum,Minimum,True,False,False
HIP,MAE,Direct prediction,727,16,0,0,True,Minimum,Minimum,True,False,False
HIP,MAE,Direct prediction,728,14,1,1,True,Transition state,Transition state,True,True,True
HIP,MAE,Direct prediction,729,13,2,2,True,Higher-order saddle point,Higher-order saddle point,True,False,False
HIP,MAE,Direct prediction,730,14,0,0,True,Minimum,Minimum,True,False,False
HIP,MAE,Direct prediction,731,14,1,1,True,Transition state,Transition state,True,True,True
HIP,MAE,Direct prediction,732,16,1,1,True,Transition state,Transition state,True,True,True
HIP,MAE,Direct prediction,733,12,0,0,True,Minimum,Minimum,True,False,False
HIP,MAE,Direct prediction,734,12,1,1,True,Transition state,Transition state,True,True,True
HIP,MAE,Direct prediction,735,17,2,2,True,Higher-order saddle point,Higher-order saddle point,True,False,False
HIP,MAE,Direct prediction,736,5,1,1,True,Transition state,Transition state,True,True,True
HIP,MAE,Direct prediction,737,15,1,1,True,Transition state,Transition state,True,True,True
HIP,MAE,Direct prediction,738,14,0,0,True,Minimum,Minimum,True,False,False
HIP,MAE,Direct prediction,739,16,0,1,False,Minimum,Transition state,False,False,True
HIP,MAE,Direct prediction,740,14,0,0,True,Minimum,Minimum,True,False,False
HIP,MAE,Direct prediction,741,15,1,1,True,Transition state,Transition state,True,True,True
HIP,MAE,Direct prediction,742,12,0,0,True,Minimum,Minimum,True,False,False
HIP,MAE,Direct prediction,743,15,0,0,True,Minimum,Minimum,True,False,False
HIP,MAE,Direct prediction,744,13,1,1,True,Transition state,Transition state,True,True,True
HIP,MAE,Direct prediction,745,10,1,1,True,Transition state,Transition state,True,True,True
HIP,MAE,Direct prediction,746,13,0,0,True,Minimum,Minimum,True,False,False
HIP,MAE,Direct prediction,747,16,1,1,True,Transition state,Transition state,True,True,True
HIP,MAE,Direct prediction,748,8,0,0,True,Minimum,Minimum,True,False,False
HIP,MAE,Direct prediction,749,7,2,2,True,Higher-order saddle point,Higher-order saddle point,True,False,False
HIP,MAE,Direct prediction,750,14,2,2,True,Higher-order saddle point,Higher-order saddle point,True,False,False
HIP,MAE,Direct prediction,751,19,1,1,True,Transition state,Transition state,True,True,True
HIP,MAE,Direct prediction,752,14,1,1,True,Transition state,Transition state,True,True,True
HIP,MAE,Direct prediction,753,8,0,0,True,Minimum,Minimum,True,False,False
HIP,MAE,Direct prediction,754,12,1,1,True,Transition state,Transition state,True,True,True
HIP,MAE,Direct prediction,755,17,2,2,True,Higher-order saddle point,Higher-order saddle point,True,False,False
HIP,MAE,Direct prediction,756,14,0,1,False,Minimum,Transition state,False,False,True
HIP,MAE,Direct prediction,757,11,1,1,True,Transition state,Transition state,True,True,True
HIP,MAE,Direct prediction,758,13,0,0,True,Minimum,Minimum,True,False,False
HIP,MAE,Direct prediction,759,16,2,2,True,Higher-order saddle point,Higher-order saddle point,True,False,False
HIP,MAE,Direct prediction,760,11,0,0,True,Minimum,Minimum,True,False,False
HIP,MAE,Direct prediction,761,11,1,1,True,Transition state,Transition state,True,True,True
HIP,MAE,Direct prediction,762,16,1,1,True,Transition state,Transition state,True,True,True
HIP,MAE,Direct prediction,763,15,3,4,False,Higher-order saddle point,Higher-order saddle point,True,False,False
HIP,MAE,Direct prediction,764,11,0,0,True,Minimum,Minimum,True,False,False
HIP,MAE,Direct prediction,765,12,1,1,True,Transition state,Transition state,True,True,True
HIP,MAE,Direct prediction,766,14,1,1,True,Transition state,Transition state,True,True,True
HIP,MAE,Direct prediction,767,12,1,1,True,Transition state,Transition state,True,True,True
HIP,MAE,Direct prediction,768,15,2,2,True,Higher-order saddle point,Higher-order saddle point,True,False,False
HIP,MAE,Direct prediction,769,14,1,1,True,Transition state,Transition state,True,True,True
HIP,MAE,Direct prediction,770,16,1,1,True,Transition state,Transition state,True,True,True
HIP,MAE,Direct prediction,771,13,0,0,True,Minimum,Minimum,True,False,False
HIP,MAE,Direct prediction,772,8,2,2,True,Higher-order saddle point,Higher-order saddle point,True,False,False
HIP,MAE,Direct prediction,773,12,1,0,False,Transition state,Minimum,False,True,False
HIP,MAE,Direct prediction,774,15,0,0,True,Minimum,Minimum,True,False,False
HIP,MAE,Direct prediction,775,13,2,2,True,Higher-order saddle point,Higher-order saddle point,True,False,False
HIP,MAE,Direct prediction,776,14,1,1,True,Transition state,Transition state,True,True,True
HIP,MAE,Direct prediction,777,14,0,0,True,Minimum,Minimum,True,False,False
HIP,MAE,Direct prediction,778,15,1,1,True,Transition state,Transition state,True,True,True
HIP,MAE,Direct prediction,779,12,0,0,True,Minimum,Minimum,True,False,False
HIP,MAE,Direct prediction,780,14,1,1,True,Transition state,Transition state,True,True,True
HIP,MAE,Direct prediction,781,11,1,1,True,Transition state,Transition state,True,True,True
HIP,MAE,Direct prediction,782,13,0,0,True,Minimum,Minimum,True,False,False
HIP,MAE,Direct prediction,783,14,0,0,True,Minimum,Minimum,True,False,False
HIP,MAE,Direct prediction,784,15,1,1,True,Transition state,Transition state,True,True,True
HIP,MAE,Direct prediction,785,15,1,1,True,Transition state,Transition state,True,True,True
HIP,MAE,Direct prediction,786,15,2,1,False,Higher-order saddle point,Transition state,False,False,True
HIP,MAE,Direct prediction,787,14,1,1,True,Transition state,Transition state,True,True,True
HIP,MAE,Direct prediction,788,18,2,2,True,Higher-order saddle point,Higher-order saddle point,True,False,False
HIP,MAE,Direct prediction,789,17,1,1,True,Transition state,Transition state,True,True,True
HIP,MAE,Direct prediction,790,15,2,2,True,Higher-order saddle point,Higher-order saddle point,True,False,False
HIP,MAE,Direct prediction,791,15,2,2,True,Higher-order saddle point,Higher-order saddle point,True,False,False
HIP,MAE,Direct prediction,792,15,1,1,True,Transition state,Transition state,True,True,True
HIP,MAE,Direct prediction,793,10,0,0,True,Minimum,Minimum,True,False,False
HIP,MAE,Direct prediction,794,17,1,0,False,Transition state,Minimum,False,True,False
HIP,MAE,Direct prediction,795,14,1,1,True,Transition state,Transition state,True,True,True
HIP,MAE,Direct prediction,796,15,0,0,True,Minimum,Minimum,True,False,False
HIP,MAE,Direct prediction,797,12,2,2,True,Higher-order saddle point,Higher-order saddle point,True,False,False
HIP,MAE,Direct prediction,798,16,0,0,True,Minimum,Minimum,True,False,False
HIP,MAE,Direct prediction,799,19,0,0,True,Minimum,Minimum,True,False,False
HIP,MAE,Direct prediction,800,13,1,1,True,Transition state,Transition state,True,True,True
HIP,MAE,Direct prediction,801,6,1,1,True,Transition state,Transition state,True,True,True
HIP,MAE,Direct prediction,802,9,0,0,True,Minimum,Minimum,True,False,False
HIP,MAE,Direct prediction,803,13,1,0,False,Transition state,Minimum,False,True,False
HIP,MAE,Direct prediction,804,15,0,0,True,Minimum,Minimum,True,False,False
HIP,MAE,Direct prediction,805,12,3,3,True,Higher-order saddle point,Higher-order saddle point,True,False,False
HIP,MAE,Direct prediction,806,14,0,0,True,Minimum,Minimum,True,False,False
HIP,MAE,Direct prediction,807,10,1,1,True,Transition state,Transition state,True,True,True
HIP,MAE,Direct prediction,808,13,1,1,True,Transition state,Transition state,True,True,True
HIP,MAE,Direct prediction,809,18,0,0,True,Minimum,Minimum,True,False,False
HIP,MAE,Direct prediction,810,12,2,3,False,Higher-order saddle point,Higher-order saddle point,True,False,False
HIP,MAE,Direct prediction,811,15,1,1,True,Transition state,Transition state,True,True,True
HIP,MAE,Direct prediction,812,14,1,1,True,Transition state,Transition state,True,True,True
HIP,MAE,Direct prediction,813,14,0,0,True,Minimum,Minimum,True,False,False
HIP,MAE,Direct prediction,814,9,0,0,True,Minimum,Minimum,True,False,False
HIP,MAE,Direct prediction,815,15,0,0,True,Minimum,Minimum,True,False,False
HIP,MAE,Direct prediction,816,16,1,1,True,Transition state,Transition state,True,True,True
HIP,MAE,Direct prediction,817,14,0,0,True,Minimum,Minimum,True,False,False
HIP,MAE,Direct prediction,818,18,3,3,True,Higher-order saddle point,Higher-order saddle point,True,False,False
HIP,MAE,Direct prediction,819,16,1,1,True,Transition state,Transition state,True,True,True
HIP,MAE,Direct prediction,820,10,0,0,True,Minimum,Minimum,True,False,False
HIP,MAE,Direct prediction,821,10,1,1,True,Transition state,Transition state,True,True,True
HIP,MAE,Direct prediction,822,14,1,1,True,Transition state,Transition state,True,True,True
HIP,MAE,Direct prediction,823,12,0,1,False,Minimum,Transition state,False,False,True
HIP,MAE,Direct prediction,824,17,1,1,True,Transition state,Transition state,True,True,True
HIP,MAE,Direct prediction,825,16,1,2,False,Transition state,Higher-order saddle point,False,True,False
HIP,MAE,Direct prediction,826,19,2,3,False,Higher-order saddle point,Higher-order saddle point,True,False,False
HIP,MAE,Direct prediction,827,13,0,0,True,Minimum,Minimum,True,False,False
HIP,MAE,Direct prediction,828,14,1,1,True,Transition state,Transition state,True,True,True
HIP,MAE,Direct prediction,829,13,2,1,False,Higher-order saddle point,Transition state,False,False,True
HIP,MAE,Direct prediction,830,11,1,1,True,Transition state,Transition state,True,True,True
HIP,MAE,Direct prediction,831,8,0,0,True,Minimum,Minimum,True,False,False
HIP,MAE,Direct prediction,832,16,3,3,True,Higher-order saddle point,Higher-order saddle point,True,False,False
HIP,MAE,Direct prediction,833,10,0,0,True,Minimum,Minimum,True,False,False
HIP,MAE,Direct prediction,834,14,0,0,True,Minimum,Minimum,True,False,False
HIP,MAE,Direct prediction,835,16,0,0,True,Minimum,Minimum,True,False,False
HIP,MAE,Direct prediction,836,21,1,1,True,Transition state,Transition state,True,True,True
HIP,MAE,Direct prediction,837,14,0,0,True,Minimum,Minimum,True,False,False
HIP,MAE,Direct prediction,838,12,1,1,True,Transition state,Transition state,True,True,True
HIP,MAE,Direct prediction,839,11,1,1,True,Transition state,Transition state,True,True,True
HIP,MAE,Direct prediction,840,14,1,1,True,Transition state,Transition state,True,True,True
HIP,MAE,Direct prediction,841,18,1,1,True,Transition state,Transition state,True,True,True
HIP,MAE,Direct prediction,842,11,3,3,True,Higher-order saddle point,Higher-order saddle point,True,False,False
HIP,MAE,Direct prediction,843,17,2,2,True,Higher-order saddle point,Higher-order saddle point,True,False,False
HIP,MAE,Direct prediction,844,11,0,0,True,Minimum,Minimum,True,False,False
HIP,MAE,Direct prediction,845,15,1,1,True,Transition state,Transition state,True,True,True
HIP,MAE,Direct prediction,846,16,0,0,True,Minimum,Minimum,True,False,False
HIP,MAE,Direct prediction,847,12,1,1,True,Transition state,Transition state,True,True,True
HIP,MAE,Direct prediction,848,12,0,0,True,Minimum,Minimum,True,False,False
HIP,MAE,Direct prediction,849,9,1,1,True,Transition state,Transition state,True,True,True
HIP,MAE,Direct prediction,850,12,2,2,True,Higher-order saddle point,Higher-order saddle point,True,False,False
HIP,MAE,Direct prediction,851,16,0,0,True,Minimum,Minimum,True,False,False
HIP,MAE,Direct prediction,852,16,1,1,True,Transition state,Transition state,True,True,True
HIP,MAE,Direct prediction,853,12,2,1,False,Higher-order saddle point,Transition state,False,False,True
HIP,MAE,Direct prediction,854,15,1,1,True,Transition state,Transition state,True,True,True
HIP,MAE,Direct prediction,855,10,0,0,True,Minimum,Minimum,True,False,False
HIP,MAE,Direct prediction,856,15,1,1,True,Transition state,Transition state,True,True,True
HIP,MAE,Direct prediction,857,15,0,0,True,Minimum,Minimum,True,False,False
HIP,MAE,Direct prediction,858,10,0,0,True,Minimum,Minimum,True,False,False
HIP,MAE,Direct prediction,859,10,0,0,True,Minimum,Minimum,True,False,False
HIP,MAE,Direct prediction,860,13,0,0,True,Minimum,Minimum,True,False,False
HIP,MAE,Direct prediction,861,18,0,0,True,Minimum,Minimum,True,False,False
HIP,MAE,Direct prediction,862,11,0,0,True,Minimum,Minimum,True,False,False
HIP,MAE,Direct prediction,863,16,0,0,True,Minimum,Minimum,True,False,False
HIP,MAE,Direct prediction,864,16,2,2,True,Higher-order saddle point,Higher-order saddle point,True,False,False
HIP,MAE,Direct prediction,865,13,2,2,True,Higher-order saddle point,Higher-order saddle point,True,False,False
HIP,MAE,Direct prediction,866,11,1,1,True,Transition state,Transition state,True,True,True
HIP,MAE,Direct prediction,867,13,1,1,True,Transition state,Transition state,True,True,True
HIP,MAE,Direct prediction,868,12,1,2,False,Transition state,Higher-order saddle point,False,True,False
HIP,MAE,Direct prediction,869,14,2,2,True,Higher-order saddle point,Higher-order saddle point,True,False,False
HIP,MAE,Direct prediction,870,14,2,2,True,Higher-order saddle point,Higher-order saddle point,True,False,False
HIP,MAE,Direct prediction,871,15,3,3,True,Higher-order saddle point,Higher-order saddle point,True,False,False
HIP,MAE,Direct prediction,872,14,1,1,True,Transition state,Transition state,True,True,True
HIP,MAE,Direct prediction,873,21,1,1,True,Transition state,Transition state,True,True,True
HIP,MAE,Direct prediction,874,15,0,0,True,Minimum,Minimum,True,False,False
HIP,MAE,Direct prediction,875,11,1,1,True,Transition state,Transition state,True,True,True
HIP,MAE,Direct prediction,876,13,1,1,True,Transition state,Transition state,True,True,True
HIP,MAE,Direct prediction,877,14,1,1,True,Transition state,Transition state,True,True,True
HIP,MAE,Direct prediction,878,17,1,1,True,Transition state,Transition state,True,True,True
HIP,MAE,Direct prediction,879,13,1,1,True,Transition state,Transition state,True,True,True
HIP,MAE,Direct prediction,880,16,2,1,False,Higher-order saddle point,Transition state,False,False,True
HIP,MAE,Direct prediction,881,14,0,1,False,Minimum,Transition state,False,False,True
HIP,MAE,Direct prediction,882,16,1,1,True,Transition state,Transition state,True,True,True
HIP,MAE,Direct prediction,883,11,1,1,True,Transition state,Transition state,True,True,True
HIP,MAE,Direct prediction,884,10,0,0,True,Minimum,Minimum,True,False,False
HIP,MAE,Direct prediction,885,16,2,2,True,Higher-order saddle point,Higher-order saddle point,True,False,False
HIP,MAE,Direct prediction,886,13,0,0,True,Minimum,Minimum,True,False,False
HIP,MAE,Direct prediction,887,16,0,0,True,Minimum,Minimum,True,False,False
HIP,MAE,Direct prediction,888,17,1,1,True,Transition state,Transition state,True,True,True
HIP,MAE,Direct prediction,889,10,1,1,True,Transition state,Transition state,True,True,True
HIP,MAE,Direct prediction,890,11,1,1,True,Transition state,Transition state,True,True,True
HIP,MAE,Direct prediction,891,18,1,1,True,Transition state,Transition state,True,True,True
HIP,MAE,Direct prediction,892,16,1,1,True,Transition state,Transition state,True,True,True
HIP,MAE,Direct prediction,893,10,1,1,True,Transition state,Transition state,True,True,True
HIP,MAE,Direct prediction,894,16,1,1,True,Transition state,Transition state,True,True,True
HIP,MAE,Direct prediction,895,17,0,1,False,Minimum,Transition state,False,False,True
HIP,MAE,Direct prediction,896,14,0,0,True,Minimum,Minimum,True,False,False
HIP,MAE,Direct prediction,897,18,2,2,True,Higher-order saddle point,Higher-order saddle point,True,False,False
HIP,MAE,Direct prediction,898,13,0,0,True,Minimum,Minimum,True,False,False
HIP,MAE,Direct prediction,899,17,2,2,True,Higher-order saddle point,Higher-order saddle point,True,False,False
HIP,MAE,Direct prediction,900,14,0,0,True,Minimum,Minimum,True,False,False
HIP,MAE,Direct prediction,901,12,2,2,True,Higher-order saddle point,Higher-order saddle point,True,False,False
HIP,MAE,Direct prediction,902,18,3,3,True,Higher-order saddle point,Higher-order saddle point,True,False,False
HIP,MAE,Direct prediction,903,6,0,0,True,Minimum,Minimum,True,False,False
HIP,MAE,Direct prediction,904,19,0,0,True,Minimum,Minimum,True,False,False
HIP,MAE,Direct prediction,905,11,1,1,True,Transition state,Transition state,True,True,True
HIP,MAE,Direct prediction,906,12,1,1,True,Transition state,Transition state,True,True,True
HIP,MAE,Direct prediction,907,18,1,1,True,Transition state,Transition state,True,True,True
HIP,MAE,Direct prediction,908,12,2,2,True,Higher-order saddle point,Higher-order saddle point,True,False,False
HIP,MAE,Direct prediction,909,12,0,1,False,Minimum,Transition state,False,False,True
HIP,MAE,Direct prediction,910,15,0,0,True,Minimum,Minimum,True,False,False
HIP,MAE,Direct prediction,911,16,0,0,True,Minimum,Minimum,True,False,False
HIP,MAE,Direct prediction,912,16,1,1,True,Transition state,Transition state,True,True,True
HIP,MAE,Direct prediction,913,13,2,2,True,Higher-order saddle point,Higher-order saddle point,True,False,False
HIP,MAE,Direct prediction,914,15,0,0,True,Minimum,Minimum,True,False,False
HIP,MAE,Direct prediction,915,14,3,3,True,Higher-order saddle point,Higher-order saddle point,True,False,False
HIP,MAE,Direct prediction,916,11,2,2,True,Higher-order saddle point,Higher-order saddle point,True,False,False
HIP,MAE,Direct prediction,917,14,1,1,True,Transition state,Transition state,True,True,True
HIP,MAE,Direct prediction,918,14,1,1,True,Transition state,Transition state,True,True,True
HIP,MAE,Direct prediction,919,15,1,1,True,Transition state,Transition state,True,True,True
HIP,MAE,Direct prediction,920,14,1,1,True,Transition state,Transition state,True,True,True
HIP,MAE,Direct prediction,921,13,1,1,True,Transition state,Transition state,True,True,True
HIP,MAE,Direct prediction,922,13,1,1,True,Transition state,Transition state,True,True,True
HIP,MAE,Direct prediction,923,12,1,1,True,Transition state,Transition state,True,True,True
HIP,MAE,Direct prediction,924,15,1,1,True,Transition state,Transition state,True,True,True
HIP,MAE,Direct prediction,925,10,3,3,True,Higher-order saddle point,Higher-order saddle point,True,False,False
HIP,MAE,Direct prediction,926,17,0,0,True,Minimum,Minimum,True,False,False
HIP,MAE,Direct prediction,927,15,0,0,True,Minimum,Minimum,True,False,False
HIP,MAE,Direct prediction,928,16,1,1,True,Transition state,Transition state,True,True,True
HIP,MAE,Direct prediction,929,13,0,0,True,Minimum,Minimum,True,False,False
HIP,MAE,Direct prediction,930,20,0,1,False,Minimum,Transition state,False,False,True
HIP,MAE,Direct prediction,931,19,1,1,True,Transition state,Transition state,True,True,True
HIP,MAE,Direct prediction,932,15,1,2,False,Transition state,Higher-order saddle point,False,True,False
HIP,MAE,Direct prediction,933,16,0,0,True,Minimum,Minimum,True,False,False
HIP,MAE,Direct prediction,934,8,0,0,True,Minimum,Minimum,True,False,False
HIP,MAE,Direct prediction,935,19,4,4,True,Higher-order saddle point,Higher-order saddle point,True,False,False
HIP,MAE,Direct prediction,936,14,1,1,True,Transition state,Transition state,True,True,True
HIP,MAE,Direct prediction,937,12,2,2,True,Higher-order saddle point,Higher-order saddle point,True,False,False
HIP,MAE,Direct prediction,938,11,0,0,True,Minimum,Minimum,True,False,False
HIP,MAE,Direct prediction,939,16,0,0,True,Minimum,Minimum,True,False,False
HIP,MAE,Direct prediction,940,12,1,1,True,Transition state,Transition state,True,True,True
HIP,MAE,Direct prediction,941,16,4,4,True,Higher-order saddle point,Higher-order saddle point,True,False,False
HIP,MAE,Direct prediction,942,11,0,0,True,Minimum,Minimum,True,False,False
HIP,MAE,Direct prediction,943,12,0,0,True,Minimum,Minimum,True,False,False
HIP,MAE,Direct prediction,944,13,0,0,True,Minimum,Minimum,True,False,False
HIP,MAE,Direct prediction,945,14,1,1,True,Transition state,Transition state,True,True,True
HIP,MAE,Direct prediction,946,13,1,1,True,Transition state,Transition state,True,True,True
HIP,MAE,Direct prediction,947,16,0,0,True,Minimum,Minimum,True,False,False
HIP,MAE,Direct prediction,948,9,2,2,True,Higher-order saddle point,Higher-order saddle point,True,False,False
HIP,MAE,Direct prediction,949,13,0,0,True,Minimum,Minimum,True,False,False
HIP,MAE,Direct prediction,950,14,1,1,True,Transition state,Transition state,True,True,True
HIP,MAE,Direct prediction,951,12,0,0,True,Minimum,Minimum,True,False,False
HIP,MAE,Direct prediction,952,16,0,0,True,Minimum,Minimum,True,False,False
HIP,MAE,Direct prediction,953,12,1,1,True,Transition state,Transition state,True,True,True
HIP,MAE,Direct prediction,954,14,3,2,False,Higher-order saddle point,Higher-order saddle point,True,False,False
HIP,MAE,Direct prediction,955,12,1,1,True,Transition state,Transition state,True,True,True
HIP,MAE,Direct prediction,956,12,1,1,True,Transition state,Transition state,True,True,True
HIP,MAE,Direct prediction,957,13,0,0,True,Minimum,Minimum,True,False,False
HIP,MAE,Direct prediction,958,15,0,0,True,Minimum,Minimum,True,False,False
HIP,MAE,Direct prediction,959,13,1,1,True,Transition state,Transition state,True,True,True
HIP,MAE,Direct prediction,960,16,1,1,True,Transition state,Transition state,True,True,True
HIP,MAE,Direct prediction,961,14,1,1,True,Transition state,Transition state,True,True,True
HIP,MAE,Direct prediction,962,13,2,2,True,Higher-order saddle point,Higher-order saddle point,True,False,False
HIP,MAE,Direct prediction,963,12,1,1,True,Transition state,Transition state,True,True,True
HIP,MAE,Direct prediction,964,16,0,0,True,Minimum,Minimum,True,False,False
HIP,MAE,Direct prediction,965,19,2,2,True,Higher-order saddle point,Higher-order saddle point,True,False,False
HIP,MAE,Direct prediction,966,14,2,2,True,Higher-order saddle point,Higher-order saddle point,True,False,False
HIP,MAE,Direct prediction,967,8,1,1,True,Transition state,Transition state,True,True,True
HIP,MAE,Direct prediction,968,11,0,0,True,Minimum,Minimum,True,False,False
HIP,MAE,Direct prediction,969,12,1,2,False,Transition state,Higher-order saddle point,False,True,False
HIP,MAE,Direct prediction,970,19,2,2,True,Higher-order saddle point,Higher-order saddle point,True,False,False
HIP,MAE,Direct prediction,971,12,1,1,True,Transition state,Transition state,True,True,True
HIP,MAE,Direct prediction,972,11,0,0,True,Minimum,Minimum,True,False,False
HIP,MAE,Direct prediction,973,19,0,0,True,Minimum,Minimum,True,False,False
HIP,MAE,Direct prediction,974,16,1,1,True,Transition state,Transition state,True,True,True
HIP,MAE,Direct prediction,975,12,0,0,True,Minimum,Minimum,True,False,False
HIP,MAE,Direct prediction,976,16,2,2,True,Higher-order saddle point,Higher-order saddle point,True,False,False
HIP,MAE,Direct prediction,977,14,1,1,True,Transition state,Transition state,True,True,True
HIP,MAE,Direct prediction,978,14,1,1,True,Transition state,Transition state,True,True,True
HIP,MAE,Direct prediction,979,10,1,1,True,Transition state,Transition state,True,True,True
HIP,MAE,Direct prediction,980,13,2,2,True,Higher-order saddle point,Higher-order saddle point,True,False,False
HIP,MAE,Direct prediction,981,9,0,0,True,Minimum,Minimum,True,False,False
HIP,MAE,Direct prediction,982,19,0,0,True,Minimum,Minimum,True,False,False
HIP,MAE,Direct prediction,983,18,0,0,True,Minimum,Minimum,True,False,False
HIP,MAE,Direct prediction,984,10,1,1,True,Transition state,Transition state,True,True,True
HIP,MAE,Direct prediction,985,17,2,2,True,Higher-order saddle point,Higher-order saddle point,True,False,False
HIP,MAE,Direct prediction,986,14,0,0,True,Minimum,Minimum,True,False,False
HIP,MAE,Direct prediction,987,15,0,0,True,Minimum,Minimum,True,False,False
HIP,MAE,Direct prediction,988,16,1,1,True,Transition state,Transition state,True,True,True
HIP,MAE,Direct prediction,989,18,0,0,True,Minimum,Minimum,True,False,False
HIP,MAE,Direct prediction,990,17,0,0,True,Minimum,Minimum,True,False,False
HIP,MAE,Direct prediction,991,13,1,1,True,Transition state,Transition state,True,True,True
HIP,MAE,Direct prediction,992,12,2,2,True,Higher-order saddle point,Higher-order saddle point,True,False,False
HIP,MAE,Direct prediction,993,15,2,2,True,Higher-order saddle point,Higher-order saddle point,True,False,False
HIP,MAE,Direct prediction,994,11,1,1,True,Transition state,Transition state,True,True,True
HIP,MAE,Direct prediction,995,12,1,1,True,Transition state,Transition state,True,True,True
HIP,MAE,Direct prediction,996,10,1,1,True,Transition state,Transition state,True,True,True
HIP,MAE,Direct prediction,997,11,1,1,True,Transition state,Transition state,True,True,True
HIP,MAE,Direct prediction,998,12,1,1,True,Transition state,Transition state,True,True,True
HIP,MAE,Direct prediction,999,10,1,1,True,Transition state,Transition state,True,True,True
HIP,MAE+Sub,Direct prediction,0,16,1,1,True,Transition state,Transition state,True,True,True
HIP,MAE+Sub,Direct prediction,1,16,1,1,True,Transition state,Transition state,True,True,True
HIP,MAE+Sub,Direct prediction,2,15,1,1,True,Transition state,Transition state,True,True,True
HIP,MAE+Sub,Direct prediction,3,18,0,0,True,Minimum,Minimum,True,False,False
HIP,MAE+Sub,Direct prediction,4,16,0,0,True,Minimum,Minimum,True,False,False
HIP,MAE+Sub,Direct prediction,5,16,1,1,True,Transition state,Transition state,True,True,True
HIP,MAE+Sub,Direct prediction,6,16,1,1,True,Transition state,Transition state,True,True,True
HIP,MAE+Sub,Direct prediction,7,14,1,1,True,Transition state,Transition state,True,True,True
HIP,MAE+Sub,Direct prediction,8,15,0,0,True,Minimum,Minimum,True,False,False
HIP,MAE+Sub,Direct prediction,9,17,1,1,True,Transition state,Transition state,True,True,True
HIP,MAE+Sub,Direct prediction,10,15,2,2,True,Higher-order saddle point,Higher-order saddle point,True,False,False
HIP,MAE+Sub,Direct prediction,11,15,1,1,True,Transition state,Transition state,True,True,True
HIP,MAE+Sub,Direct prediction,12,11,0,0,True,Minimum,Minimum,True,False,False
HIP,MAE+Sub,Direct prediction,13,16,1,1,True,Transition state,Transition state,True,True,True
HIP,MAE+Sub,Direct prediction,14,10,0,0,True,Minimum,Minimum,True,False,False
HIP,MAE+Sub,Direct prediction,15,18,1,1,True,Transition state,Transition state,True,True,True
HIP,MAE+Sub,Direct prediction,16,12,0,0,True,Minimum,Minimum,True,False,False
HIP,MAE+Sub,Direct prediction,17,10,2,2,True,Higher-order saddle point,Higher-order saddle point,True,False,False
HIP,MAE+Sub,Direct prediction,18,12,1,1,True,Transition state,Transition state,True,True,True
HIP,MAE+Sub,Direct prediction,19,14,1,1,True,Transition state,Transition state,True,True,True
HIP,MAE+Sub,Direct prediction,20,15,1,0,False,Transition state,Minimum,False,True,False
HIP,MAE+Sub,Direct prediction,21,17,1,2,False,Transition state,Higher-order saddle point,False,True,False
HIP,MAE+Sub,Direct prediction,22,15,3,3,True,Higher-order saddle point,Higher-order saddle point,True,False,False
HIP,MAE+Sub,Direct prediction,23,16,0,0,True,Minimum,Minimum,True,False,False
HIP,MAE+Sub,Direct prediction,24,16,0,0,True,Minimum,Minimum,True,False,False
HIP,MAE+Sub,Direct prediction,25,16,1,1,True,Transition state,Transition state,True,True,True
HIP,MAE+Sub,Direct prediction,26,14,0,0,True,Minimum,Minimum,True,False,False
HIP,MAE+Sub,Direct prediction,27,15,2,2,True,Higher-order saddle point,Higher-order saddle point,True,False,False
HIP,MAE+Sub,Direct prediction,28,16,0,0,True,Minimum,Minimum,True,False,False
HIP,MAE+Sub,Direct prediction,29,14,2,3,False,Higher-order saddle point,Higher-order saddle point,True,False,False
HIP,MAE+Sub,Direct prediction,30,14,0,0,True,Minimum,Minimum,True,False,False
HIP,MAE+Sub,Direct prediction,31,14,0,0,True,Minimum,Minimum,True,False,False
HIP,MAE+Sub,Direct prediction,32,13,1,1,True,Transition state,Transition state,True,True,True
HIP,MAE+Sub,Direct prediction,33,16,0,0,True,Minimum,Minimum,True,False,False
HIP,MAE+Sub,Direct prediction,34,14,0,0,True,Minimum,Minimum,True,False,False
HIP,MAE+Sub,Direct prediction,35,14,1,1,True,Transition state,Transition state,True,True,True
HIP,MAE+Sub,Direct prediction,36,15,1,1,True,Transition state,Transition state,True,True,True
HIP,MAE+Sub,Direct prediction,37,11,2,4,False,Higher-order saddle point,Higher-order saddle point,True,False,False
HIP,MAE+Sub,Direct prediction,38,16,0,0,True,Minimum,Minimum,True,False,False
HIP,MAE+Sub,Direct prediction,39,11,1,1,True,Transition state,Transition state,True,True,True
HIP,MAE+Sub,Direct prediction,40,14,2,1,False,Higher-order saddle point,Transition state,False,False,True
HIP,MAE+Sub,Direct prediction,41,10,1,1,True,Transition state,Transition state,True,True,True
HIP,MAE+Sub,Direct prediction,42,13,1,1,True,Transition state,Transition state,True,True,True
HIP,MAE+Sub,Direct prediction,43,10,0,0,True,Minimum,Minimum,True,False,False
HIP,MAE+Sub,Direct prediction,44,15,1,1,True,Transition state,Transition state,True,True,True
HIP,MAE+Sub,Direct prediction,45,19,1,1,True,Transition state,Transition state,True,True,True
HIP,MAE+Sub,Direct prediction,46,12,1,1,True,Transition state,Transition state,True,True,True
HIP,MAE+Sub,Direct prediction,47,12,0,1,False,Minimum,Transition state,False,False,True
HIP,MAE+Sub,Direct prediction,48,17,2,2,True,Higher-order saddle point,Higher-order saddle point,True,False,False
HIP,MAE+Sub,Direct prediction,49,14,1,1,True,Transition state,Transition state,True,True,True
HIP,MAE+Sub,Direct prediction,50,17,3,2,False,Higher-order saddle point,Higher-order saddle point,True,False,False
HIP,MAE+Sub,Direct prediction,51,13,2,2,True,Higher-order saddle point,Higher-order saddle point,True,False,False
HIP,MAE+Sub,Direct prediction,52,11,0,1,False,Minimum,Transition state,False,False,True
HIP,MAE+Sub,Direct prediction,53,19,0,0,True,Minimum,Minimum,True,False,False
HIP,MAE+Sub,Direct prediction,54,19,0,0,True,Minimum,Minimum,True,False,False
HIP,MAE+Sub,Direct prediction,55,17,1,1,True,Transition state,Transition state,True,True,True
HIP,MAE+Sub,Direct prediction,56,17,1,1,True,Transition state,Transition state,True,True,True
HIP,MAE+Sub,Direct prediction,57,16,0,0,True,Minimum,Minimum,True,False,False
HIP,MAE+Sub,Direct prediction,58,17,0,0,True,Minimum,Minimum,True,False,False
HIP,MAE+Sub,Direct prediction,59,15,1,1,True,Transition state,Transition state,True,True,True
HIP,MAE+Sub,Direct prediction,60,14,2,1,False,Higher-order saddle point,Transition state,False,False,True
HIP,MAE+Sub,Direct prediction,61,15,0,0,True,Minimum,Minimum,True,False,False
HIP,MAE+Sub,Direct prediction,62,8,1,1,True,Transition state,Transition state,True,True,True
HIP,MAE+Sub,Direct prediction,63,19,1,2,False,Transition state,Higher-order saddle point,False,True,False
HIP,MAE+Sub,Direct prediction,64,17,0,0,True,Minimum,Minimum,True,False,False
HIP,MAE+Sub,Direct prediction,65,13,1,1,True,Transition state,Transition state,True,True,True
HIP,MAE+Sub,Direct prediction,66,16,3,3,True,Higher-order saddle point,Higher-order saddle point,True,False,False
HIP,MAE+Sub,Direct prediction,67,16,0,0,True,Minimum,Minimum,True,False,False
HIP,MAE+Sub,Direct prediction,68,14,1,1,True,Transition state,Transition state,True,True,True
HIP,MAE+Sub,Direct prediction,69,15,0,0,True,Minimum,Minimum,True,False,False
HIP,MAE+Sub,Direct prediction,70,14,0,0,True,Minimum,Minimum,True,False,False
HIP,MAE+Sub,Direct prediction,71,14,1,1,True,Transition state,Transition state,True,True,True
HIP,MAE+Sub,Direct prediction,72,14,0,0,True,Minimum,Minimum,True,False,False
HIP,MAE+Sub,Direct prediction,73,12,0,0,True,Minimum,Minimum,True,False,False
HIP,MAE+Sub,Direct prediction,74,16,1,1,True,Transition state,Transition state,True,True,True
HIP,MAE+Sub,Direct prediction,75,13,3,3,True,Higher-order saddle point,Higher-order saddle point,True,False,False
HIP,MAE+Sub,Direct prediction,76,16,1,1,True,Transition state,Transition state,True,True,True
HIP,MAE+Sub,Direct prediction,77,9,0,0,True,Minimum,Minimum,True,False,False
HIP,MAE+Sub,Direct prediction,78,11,1,1,True,Transition state,Transition state,True,True,True
HIP,MAE+Sub,Direct prediction,79,16,1,1,True,Transition state,Transition state,True,True,True
HIP,MAE+Sub,Direct prediction,80,12,0,0,True,Minimum,Minimum,True,False,False
HIP,MAE+Sub,Direct prediction,81,12,0,0,True,Minimum,Minimum,True,False,False
HIP,MAE+Sub,Direct prediction,82,16,1,1,True,Transition state,Transition state,True,True,True
HIP,MAE+Sub,Direct prediction,83,17,1,1,True,Transition state,Transition state,True,True,True
HIP,MAE+Sub,Direct prediction,84,13,0,0,True,Minimum,Minimum,True,False,False
HIP,MAE+Sub,Direct prediction,85,14,0,0,True,Minimum,Minimum,True,False,False
HIP,MAE+Sub,Direct prediction,86,12,0,0,True,Minimum,Minimum,True,False,False
HIP,MAE+Sub,Direct prediction,87,17,0,1,False,Minimum,Transition state,False,False,True
HIP,MAE+Sub,Direct prediction,88,13,1,1,True,Transition state,Transition state,True,True,True
HIP,MAE+Sub,Direct prediction,89,10,1,1,True,Transition state,Transition state,True,True,True
HIP,MAE+Sub,Direct prediction,90,17,4,5,False,Higher-order saddle point,Higher-order saddle point,True,False,False
HIP,MAE+Sub,Direct prediction,91,14,0,0,True,Minimum,Minimum,True,False,False
HIP,MAE+Sub,Direct prediction,92,14,2,2,True,Higher-order saddle point,Higher-order saddle point,True,False,False
HIP,MAE+Sub,Direct prediction,93,14,0,0,True,Minimum,Minimum,True,False,False
HIP,MAE+Sub,Direct prediction,94,15,1,1,True,Transition state,Transition state,True,True,True
HIP,MAE+Sub,Direct prediction,95,13,1,1,True,Transition state,Transition state,True,True,True
HIP,MAE+Sub,Direct prediction,96,16,0,0,True,Minimum,Minimum,True,False,False
HIP,MAE+Sub,Direct prediction,97,10,1,1,True,Transition state,Transition state,True,True,True
HIP,MAE+Sub,Direct prediction,98,17,1,1,True,Transition state,Transition state,True,True,True
HIP,MAE+Sub,Direct prediction,99,9,0,0,True,Minimum,Minimum,True,False,False
HIP,MAE+Sub,Direct prediction,100,10,1,1,True,Transition state,Transition state,True,True,True
HIP,MAE+Sub,Direct prediction,101,12,1,1,True,Transition state,Transition state,True,True,True
HIP,MAE+Sub,Direct prediction,102,15,0,0,True,Minimum,Minimum,True,False,False
HIP,MAE+Sub,Direct prediction,103,16,0,0,True,Minimum,Minimum,True,False,False
HIP,MAE+Sub,Direct prediction,104,9,1,1,True,Transition state,Transition state,True,True,True
HIP,MAE+Sub,Direct prediction,105,10,1,1,True,Transition state,Transition state,True,True,True
HIP,MAE+Sub,Direct prediction,106,11,0,0,True,Minimum,Minimum,True,False,False
HIP,MAE+Sub,Direct prediction,107,10,1,1,True,Transition state,Transition state,True,True,True
HIP,MAE+Sub,Direct prediction,108,13,3,3,True,Higher-order saddle point,Higher-order saddle point,True,False,False
HIP,MAE+Sub,Direct prediction,109,17,0,0,True,Minimum,Minimum,True,False,False
HIP,MAE+Sub,Direct prediction,110,7,0,0,True,Minimum,Minimum,True,False,False
HIP,MAE+Sub,Direct prediction,111,15,1,1,True,Transition state,Transition state,True,True,True
HIP,MAE+Sub,Direct prediction,112,13,1,1,True,Transition state,Transition state,True,True,True
HIP,MAE+Sub,Direct prediction,113,16,2,2,True,Higher-order saddle point,Higher-order saddle point,True,False,False
HIP,MAE+Sub,Direct prediction,114,11,0,0,True,Minimum,Minimum,True,False,False
HIP,MAE+Sub,Direct prediction,115,15,2,1,False,Higher-order saddle point,Transition state,False,False,True
HIP,MAE+Sub,Direct prediction,116,13,0,0,True,Minimum,Minimum,True,False,False
HIP,MAE+Sub,Direct prediction,117,12,0,0,True,Minimum,Minimum,True,False,False
HIP,MAE+Sub,Direct prediction,118,14,1,1,True,Transition state,Transition state,True,True,True
HIP,MAE+Sub,Direct prediction,119,12,0,0,True,Minimum,Minimum,True,False,False
HIP,MAE+Sub,Direct prediction,120,14,0,0,True,Minimum,Minimum,True,False,False
HIP,MAE+Sub,Direct prediction,121,16,2,1,False,Higher-order saddle point,Transition state,False,False,True
HIP,MAE+Sub,Direct prediction,122,16,0,1,False,Minimum,Transition state,False,False,True
HIP,MAE+Sub,Direct prediction,123,11,0,0,True,Minimum,Minimum,True,False,False
HIP,MAE+Sub,Direct prediction,124,15,0,0,True,Minimum,Minimum,True,False,False
HIP,MAE+Sub,Direct prediction,125,13,0,0,True,Minimum,Minimum,True,False,False
HIP,MAE+Sub,Direct prediction,126,10,1,1,True,Transition state,Transition state,True,True,True
HIP,MAE+Sub,Direct prediction,127,15,1,1,True,Transition state,Transition state,True,True,True
HIP,MAE+Sub,Direct prediction,128,10,0,0,True,Minimum,Minimum,True,False,False
HIP,MAE+Sub,Direct prediction,129,18,2,2,True,Higher-order saddle point,Higher-order saddle point,True,False,False
HIP,MAE+Sub,Direct prediction,130,13,1,2,False,Transition state,Higher-order saddle point,False,True,False
HIP,MAE+Sub,Direct prediction,131,9,0,0,True,Minimum,Minimum,True,False,False
HIP,MAE+Sub,Direct prediction,132,16,0,0,True,Minimum,Minimum,True,False,False
HIP,MAE+Sub,Direct prediction,133,13,0,0,True,Minimum,Minimum,True,False,False
HIP,MAE+Sub,Direct prediction,134,12,0,0,True,Minimum,Minimum,True,False,False
HIP,MAE+Sub,Direct prediction,135,18,1,1,True,Transition state,Transition state,True,True,True
HIP,MAE+Sub,Direct prediction,136,16,1,1,True,Transition state,Transition state,True,True,True
HIP,MAE+Sub,Direct prediction,137,9,0,0,True,Minimum,Minimum,True,False,False
HIP,MAE+Sub,Direct prediction,138,15,0,0,True,Minimum,Minimum,True,False,False
HIP,MAE+Sub,Direct prediction,139,15,1,1,True,Transition state,Transition state,True,True,True
HIP,MAE+Sub,Direct prediction,140,16,2,2,True,Higher-order saddle point,Higher-order saddle point,True,False,False
HIP,MAE+Sub,Direct prediction,141,12,1,1,True,Transition state,Transition state,True,True,True
HIP,MAE+Sub,Direct prediction,142,12,1,1,True,Transition state,Transition state,True,True,True
HIP,MAE+Sub,Direct prediction,143,13,1,1,True,Transition state,Transition state,True,True,True
HIP,MAE+Sub,Direct prediction,144,21,1,1,True,Transition state,Transition state,True,True,True
HIP,MAE+Sub,Direct prediction,145,15,1,1,True,Transition state,Transition state,True,True,True
HIP,MAE+Sub,Direct prediction,146,11,1,2,False,Transition state,Higher-order saddle point,False,True,False
HIP,MAE+Sub,Direct prediction,147,16,2,2,True,Higher-order saddle point,Higher-order saddle point,True,False,False
HIP,MAE+Sub,Direct prediction,148,12,1,1,True,Transition state,Transition state,True,True,True
HIP,MAE+Sub,Direct prediction,149,14,1,1,True,Transition state,Transition state,True,True,True
HIP,MAE+Sub,Direct prediction,150,14,1,2,False,Transition state,Higher-order saddle point,False,True,False
HIP,MAE+Sub,Direct prediction,151,19,1,1,True,Transition state,Transition state,True,True,True
HIP,MAE+Sub,Direct prediction,152,12,0,0,True,Minimum,Minimum,True,False,False
HIP,MAE+Sub,Direct prediction,153,12,1,1,True,Transition state,Transition state,True,True,True
HIP,MAE+Sub,Direct prediction,154,16,1,1,True,Transition state,Transition state,True,True,True
HIP,MAE+Sub,Direct prediction,155,9,1,1,True,Transition state,Transition state,True,True,True
HIP,MAE+Sub,Direct prediction,156,16,0,0,True,Minimum,Minimum,True,False,False
HIP,MAE+Sub,Direct prediction,157,16,3,3,True,Higher-order saddle point,Higher-order saddle point,True,False,False
HIP,MAE+Sub,Direct prediction,158,13,1,1,True,Transition state,Transition state,True,True,True
HIP,MAE+Sub,Direct prediction,159,12,1,2,False,Transition state,Higher-order saddle point,False,True,False
HIP,MAE+Sub,Direct prediction,160,13,1,1,True,Transition state,Transition state,True,True,True
HIP,MAE+Sub,Direct prediction,161,13,1,1,True,Transition state,Transition state,True,True,True
HIP,MAE+Sub,Direct prediction,162,16,1,1,True,Transition state,Transition state,True,True,True
HIP,MAE+Sub,Direct prediction,163,14,1,1,True,Transition state,Transition state,True,True,True
HIP,MAE+Sub,Direct prediction,164,13,0,0,True,Minimum,Minimum,True,False,False
HIP,MAE+Sub,Direct prediction,165,14,3,3,True,Higher-order saddle point,Higher-order saddle point,True,False,False
HIP,MAE+Sub,Direct prediction,166,11,1,1,True,Transition state,Transition state,True,True,True
HIP,MAE+Sub,Direct prediction,167,17,0,0,True,Minimum,Minimum,True,False,False
HIP,MAE+Sub,Direct prediction,168,9,2,2,True,Higher-order saddle point,Higher-order saddle point,True,False,False
HIP,MAE+Sub,Direct prediction,169,13,2,2,True,Higher-order saddle point,Higher-order saddle point,True,False,False
HIP,MAE+Sub,Direct prediction,170,11,1,1,True,Transition state,Transition state,True,True,True
HIP,MAE+Sub,Direct prediction,171,11,1,1,True,Transition state,Transition state,True,True,True
HIP,MAE+Sub,Direct prediction,172,13,0,0,True,Minimum,Minimum,True,False,False
HIP,MAE+Sub,Direct prediction,173,13,1,1,True,Transition state,Transition state,True,True,True
HIP,MAE+Sub,Direct prediction,174,12,1,1,True,Transition state,Transition state,True,True,True
HIP,MAE+Sub,Direct prediction,175,15,1,1,True,Transition state,Transition state,True,True,True
HIP,MAE+Sub,Direct prediction,176,16,1,1,True,Transition state,Transition state,True,True,True
HIP,MAE+Sub,Direct prediction,177,17,3,3,True,Higher-order saddle point,Higher-order saddle point,True,False,False
HIP,MAE+Sub,Direct prediction,178,8,1,1,True,Transition state,Transition state,True,True,True
HIP,MAE+Sub,Direct prediction,179,12,1,1,True,Transition state,Transition state,True,True,True
HIP,MAE+Sub,Direct prediction,180,11,1,1,True,Transition state,Transition state,True,True,True
HIP,MAE+Sub,Direct prediction,181,14,0,0,True,Minimum,Minimum,True,False,False
HIP,MAE+Sub,Direct prediction,182,9,0,0,True,Minimum,Minimum,True,False,False
HIP,MAE+Sub,Direct prediction,183,11,1,1,True,Transition state,Transition state,True,True,True
HIP,MAE+Sub,Direct prediction,184,14,1,1,True,Transition state,Transition state,True,True,True
HIP,MAE+Sub,Direct prediction,185,18,2,2,True,Higher-order saddle point,Higher-order saddle point,True,False,False
HIP,MAE+Sub,Direct prediction,186,6,0,0,True,Minimum,Minimum,True,False,False
HIP,MAE+Sub,Direct prediction,187,19,1,1,True,Transition state,Transition state,True,True,True
HIP,MAE+Sub,Direct prediction,188,12,1,1,True,Transition state,Transition state,True,True,True
HIP,MAE+Sub,Direct prediction,189,11,0,0,True,Minimum,Minimum,True,False,False
HIP,MAE+Sub,Direct prediction,190,11,2,2,True,Higher-order saddle point,Higher-order saddle point,True,False,False
HIP,MAE+Sub,Direct prediction,191,14,0,0,True,Minimum,Minimum,True,False,False
HIP,MAE+Sub,Direct prediction,192,11,0,0,True,Minimum,Minimum,True,False,False
HIP,MAE+Sub,Direct prediction,193,15,0,0,True,Minimum,Minimum,True,False,False
HIP,MAE+Sub,Direct prediction,194,16,0,0,True,Minimum,Minimum,True,False,False
HIP,MAE+Sub,Direct prediction,195,16,3,3,True,Higher-order saddle point,Higher-order saddle point,True,False,False
HIP,MAE+Sub,Direct prediction,196,16,3,3,True,Higher-order saddle point,Higher-order saddle point,True,False,False
HIP,MAE+Sub,Direct prediction,197,19,0,0,True,Minimum,Minimum,True,False,False
HIP,MAE+Sub,Direct prediction,198,11,1,1,True,Transition state,Transition state,True,True,True
HIP,MAE+Sub,Direct prediction,199,12,1,1,True,Transition state,Transition state,True,True,True
HIP,MAE+Sub,Direct prediction,200,17,1,1,True,Transition state,Transition state,True,True,True
HIP,MAE+Sub,Direct prediction,201,17,0,0,True,Minimum,Minimum,True,False,False
HIP,MAE+Sub,Direct prediction,202,5,0,0,True,Minimum,Minimum,True,False,False
HIP,MAE+Sub,Direct prediction,203,17,1,1,True,Transition state,Transition state,True,True,True
HIP,MAE+Sub,Direct prediction,204,10,0,0,True,Minimum,Minimum,True,False,False
HIP,MAE+Sub,Direct prediction,205,15,1,1,True,Transition state,Transition state,True,True,True
HIP,MAE+Sub,Direct prediction,206,16,1,1,True,Transition state,Transition state,True,True,True
HIP,MAE+Sub,Direct prediction,207,10,0,0,True,Minimum,Minimum,True,False,False
HIP,MAE+Sub,Direct prediction,208,10,0,0,True,Minimum,Minimum,True,False,False
HIP,MAE+Sub,Direct prediction,209,14,2,2,True,Higher-order saddle point,Higher-order saddle point,True,False,False
HIP,MAE+Sub,Direct prediction,210,14,1,1,True,Transition state,Transition state,True,True,True
HIP,MAE+Sub,Direct prediction,211,15,0,0,True,Minimum,Minimum,True,False,False
HIP,MAE+Sub,Direct prediction,212,13,1,1,True,Transition state,Transition state,True,True,True
HIP,MAE+Sub,Direct prediction,213,15,0,0,True,Minimum,Minimum,True,False,False
HIP,MAE+Sub,Direct prediction,214,17,2,2,True,Higher-order saddle point,Higher-order saddle point,True,False,False
HIP,MAE+Sub,Direct prediction,215,10,1,1,True,Transition state,Transition state,True,True,True
HIP,MAE+Sub,Direct prediction,216,10,0,0,True,Minimum,Minimum,True,False,False
HIP,MAE+Sub,Direct prediction,217,15,2,2,True,Higher-order saddle point,Higher-order saddle point,True,False,False
HIP,MAE+Sub,Direct prediction,218,15,1,1,True,Transition state,Transition state,True,True,True
HIP,MAE+Sub,Direct prediction,219,12,1,1,True,Transition state,Transition state,True,True,True
HIP,MAE+Sub,Direct prediction,220,16,2,2,True,Higher-order saddle point,Higher-order saddle point,True,False,False
HIP,MAE+Sub,Direct prediction,221,16,2,1,False,Higher-order saddle point,Transition state,False,False,True
HIP,MAE+Sub,Direct prediction,222,16,0,0,True,Minimum,Minimum,True,False,False
HIP,MAE+Sub,Direct prediction,223,12,0,0,True,Minimum,Minimum,True,False,False
HIP,MAE+Sub,Direct prediction,224,14,3,3,True,Higher-order saddle point,Higher-order saddle point,True,False,False
HIP,MAE+Sub,Direct prediction,225,19,0,0,True,Minimum,Minimum,True,False,False
HIP,MAE+Sub,Direct prediction,226,11,0,0,True,Minimum,Minimum,True,False,False
HIP,MAE+Sub,Direct prediction,227,12,2,2,True,Higher-order saddle point,Higher-order saddle point,True,False,False
HIP,MAE+Sub,Direct prediction,228,8,2,2,True,Higher-order saddle point,Higher-order saddle point,True,False,False
HIP,MAE+Sub,Direct prediction,229,14,0,0,True,Minimum,Minimum,True,False,False
HIP,MAE+Sub,Direct prediction,230,16,1,1,True,Transition state,Transition state,True,True,True
HIP,MAE+Sub,Direct prediction,231,11,0,0,True,Minimum,Minimum,True,False,False
HIP,MAE+Sub,Direct prediction,232,13,0,0,True,Minimum,Minimum,True,False,False
HIP,MAE+Sub,Direct prediction,233,17,0,0,True,Minimum,Minimum,True,False,False
HIP,MAE+Sub,Direct prediction,234,16,1,1,True,Transition state,Transition state,True,True,True
HIP,MAE+Sub,Direct prediction,235,14,1,0,False,Transition state,Minimum,False,True,False
HIP,MAE+Sub,Direct prediction,236,12,1,1,True,Transition state,Transition state,True,True,True
HIP,MAE+Sub,Direct prediction,237,14,3,3,True,Higher-order saddle point,Higher-order saddle point,True,False,False
HIP,MAE+Sub,Direct prediction,238,11,1,1,True,Transition state,Transition state,True,True,True
HIP,MAE+Sub,Direct prediction,239,14,4,3,False,Higher-order saddle point,Higher-order saddle point,True,False,False
HIP,MAE+Sub,Direct prediction,240,11,1,1,True,Transition state,Transition state,True,True,True
HIP,MAE+Sub,Direct prediction,241,8,0,0,True,Minimum,Minimum,True,False,False
HIP,MAE+Sub,Direct prediction,242,9,2,2,True,Higher-order saddle point,Higher-order saddle point,True,False,False
HIP,MAE+Sub,Direct prediction,243,11,1,1,True,Transition state,Transition state,True,True,True
HIP,MAE+Sub,Direct prediction,244,12,1,1,True,Transition state,Transition state,True,True,True
HIP,MAE+Sub,Direct prediction,245,11,1,1,True,Transition state,Transition state,True,True,True
HIP,MAE+Sub,Direct prediction,246,12,0,0,True,Minimum,Minimum,True,False,False
HIP,MAE+Sub,Direct prediction,247,16,0,0,True,Minimum,Minimum,True,False,False
HIP,MAE+Sub,Direct prediction,248,16,0,0,True,Minimum,Minimum,True,False,False
HIP,MAE+Sub,Direct prediction,249,15,2,2,True,Higher-order saddle point,Higher-order saddle point,True,False,False
HIP,MAE+Sub,Direct prediction,250,17,0,0,True,Minimum,Minimum,True,False,False
HIP,MAE+Sub,Direct prediction,251,14,3,3,True,Higher-order saddle point,Higher-order saddle point,True,False,False
HIP,MAE+Sub,Direct prediction,252,11,1,1,True,Transition state,Transition state,True,True,True
HIP,MAE+Sub,Direct prediction,253,19,0,0,True,Minimum,Minimum,True,False,False
HIP,MAE+Sub,Direct prediction,254,16,0,1,False,Minimum,Transition state,False,False,True
HIP,MAE+Sub,Direct prediction,255,12,1,1,True,Transition state,Transition state,True,True,True
HIP,MAE+Sub,Direct prediction,256,15,0,0,True,Minimum,Minimum,True,False,False
HIP,MAE+Sub,Direct prediction,257,14,0,0,True,Minimum,Minimum,True,False,False
HIP,MAE+Sub,Direct prediction,258,11,2,2,True,Higher-order saddle point,Higher-order saddle point,True,False,False
HIP,MAE+Sub,Direct prediction,259,12,1,1,True,Transition state,Transition state,True,True,True
HIP,MAE+Sub,Direct prediction,260,15,1,1,True,Transition state,Transition state,True,True,True
HIP,MAE+Sub,Direct prediction,261,13,2,2,True,Higher-order saddle point,Higher-order saddle point,True,False,False
HIP,MAE+Sub,Direct prediction,262,19,0,1,False,Minimum,Transition state,False,False,True
HIP,MAE+Sub,Direct prediction,263,12,2,2,True,Higher-order saddle point,Higher-order saddle point,True,False,False
HIP,MAE+Sub,Direct prediction,264,12,0,0,True,Minimum,Minimum,True,False,False
HIP,MAE+Sub,Direct prediction,265,12,2,2,True,Higher-order saddle point,Higher-order saddle point,True,False,False
HIP,MAE+Sub,Direct prediction,266,15,0,0,True,Minimum,Minimum,True,False,False
HIP,MAE+Sub,Direct prediction,267,14,1,1,True,Transition state,Transition state,True,True,True
HIP,MAE+Sub,Direct prediction,268,12,0,0,True,Minimum,Minimum,True,False,False
HIP,MAE+Sub,Direct prediction,269,14,1,1,True,Transition state,Transition state,True,True,True
HIP,MAE+Sub,Direct prediction,270,12,3,3,True,Higher-order saddle point,Higher-order saddle point,True,False,False
HIP,MAE+Sub,Direct prediction,271,18,0,0,True,Minimum,Minimum,True,False,False
HIP,MAE+Sub,Direct prediction,272,9,1,1,True,Transition state,Transition state,True,True,True
HIP,MAE+Sub,Direct prediction,273,8,1,0,False,Transition state,Minimum,False,True,False
HIP,MAE+Sub,Direct prediction,274,18,0,0,True,Minimum,Minimum,True,False,False
HIP,MAE+Sub,Direct prediction,275,10,1,1,True,Transition state,Transition state,True,True,True
HIP,MAE+Sub,Direct prediction,276,14,1,1,True,Transition state,Transition state,True,True,True
HIP,MAE+Sub,Direct prediction,277,13,0,0,True,Minimum,Minimum,True,False,False
HIP,MAE+Sub,Direct prediction,278,17,0,0,True,Minimum,Minimum,True,False,False
HIP,MAE+Sub,Direct prediction,279,16,2,2,True,Higher-order saddle point,Higher-order saddle point,True,False,False
HIP,MAE+Sub,Direct prediction,280,18,1,1,True,Transition state,Transition state,True,True,True
HIP,MAE+Sub,Direct prediction,281,14,1,0,False,Transition state,Minimum,False,True,False
HIP,MAE+Sub,Direct prediction,282,14,2,2,True,Higher-order saddle point,Higher-order saddle point,True,False,False
HIP,MAE+Sub,Direct prediction,283,15,2,2,True,Higher-order saddle point,Higher-order saddle point,True,False,False
HIP,MAE+Sub,Direct prediction,284,12,1,1,True,Transition state,Transition state,True,True,True
HIP,MAE+Sub,Direct prediction,285,17,1,0,False,Transition state,Minimum,False,True,False
HIP,MAE+Sub,Direct prediction,286,14,0,0,True,Minimum,Minimum,True,False,False
HIP,MAE+Sub,Direct prediction,287,10,1,1,True,Transition state,Transition state,True,True,True
HIP,MAE+Sub,Direct prediction,288,13,0,0,True,Minimum,Minimum,True,False,False
HIP,MAE+Sub,Direct prediction,289,12,1,1,True,Transition state,Transition state,True,True,True
HIP,MAE+Sub,Direct prediction,290,14,1,1,True,Transition state,Transition state,True,True,True
HIP,MAE+Sub,Direct prediction,291,13,1,1,True,Transition state,Transition state,True,True,True
HIP,MAE+Sub,Direct prediction,292,17,1,1,True,Transition state,Transition state,True,True,True
HIP,MAE+Sub,Direct prediction,293,12,0,0,True,Minimum,Minimum,True,False,False
HIP,MAE+Sub,Direct prediction,294,15,1,1,True,Transition state,Transition state,True,True,True
HIP,MAE+Sub,Direct prediction,295,5,0,0,True,Minimum,Minimum,True,False,False
HIP,MAE+Sub,Direct prediction,296,14,1,1,True,Transition state,Transition state,True,True,True
HIP,MAE+Sub,Direct prediction,297,15,1,1,True,Transition state,Transition state,True,True,True
HIP,MAE+Sub,Direct prediction,298,13,0,0,True,Minimum,Minimum,True,False,False
HIP,MAE+Sub,Direct prediction,299,14,1,0,False,Transition state,Minimum,False,True,False
HIP,MAE+Sub,Direct prediction,300,15,2,2,True,Higher-order saddle point,Higher-order saddle point,True,False,False
HIP,MAE+Sub,Direct prediction,301,17,2,1,False,Higher-order saddle point,Transition state,False,False,True
HIP,MAE+Sub,Direct prediction,302,12,1,1,True,Transition state,Transition state,True,True,True
HIP,MAE+Sub,Direct prediction,303,11,1,1,True,Transition state,Transition state,True,True,True
HIP,MAE+Sub,Direct prediction,304,18,1,1,True,Transition state,Transition state,True,True,True
HIP,MAE+Sub,Direct prediction,305,14,0,0,True,Minimum,Minimum,True,False,False
HIP,MAE+Sub,Direct prediction,306,16,4,4,True,Higher-order saddle point,Higher-order saddle point,True,False,False
HIP,MAE+Sub,Direct prediction,307,15,3,3,True,Higher-order saddle point,Higher-order saddle point,True,False,False
HIP,MAE+Sub,Direct prediction,308,18,1,1,True,Transition state,Transition state,True,True,True
HIP,MAE+Sub,Direct prediction,309,16,2,1,False,Higher-order saddle point,Transition state,False,False,True
HIP,MAE+Sub,Direct prediction,310,11,0,0,True,Minimum,Minimum,True,False,False
HIP,MAE+Sub,Direct prediction,311,14,1,1,True,Transition state,Transition state,True,True,True
HIP,MAE+Sub,Direct prediction,312,9,0,0,True,Minimum,Minimum,True,False,False
HIP,MAE+Sub,Direct prediction,313,15,2,2,True,Higher-order saddle point,Higher-order saddle point,True,False,False
HIP,MAE+Sub,Direct prediction,314,13,1,1,True,Transition state,Transition state,True,True,True
HIP,MAE+Sub,Direct prediction,315,14,1,1,True,Transition state,Transition state,True,True,True
HIP,MAE+Sub,Direct prediction,316,14,3,2,False,Higher-order saddle point,Higher-order saddle point,True,False,False
HIP,MAE+Sub,Direct prediction,317,9,0,0,True,Minimum,Minimum,True,False,False
HIP,MAE+Sub,Direct prediction,318,17,0,1,False,Minimum,Transition state,False,False,True
HIP,MAE+Sub,Direct prediction,319,10,1,1,True,Transition state,Transition state,True,True,True
HIP,MAE+Sub,Direct prediction,320,15,0,0,True,Minimum,Minimum,True,False,False
HIP,MAE+Sub,Direct prediction,321,15,0,0,True,Minimum,Minimum,True,False,False
HIP,MAE+Sub,Direct prediction,322,10,0,0,True,Minimum,Minimum,True,False,False
HIP,MAE+Sub,Direct prediction,323,15,2,1,False,Higher-order saddle point,Transition state,False,False,True
HIP,MAE+Sub,Direct prediction,324,15,0,0,True,Minimum,Minimum,True,False,False
HIP,MAE+Sub,Direct prediction,325,15,0,0,True,Minimum,Minimum,True,False,False
HIP,MAE+Sub,Direct prediction,326,10,1,1,True,Transition state,Transition state,True,True,True
HIP,MAE+Sub,Direct prediction,327,13,2,2,True,Higher-order saddle point,Higher-order saddle point,True,False,False
HIP,MAE+Sub,Direct prediction,328,14,1,1,True,Transition state,Transition state,True,True,True
HIP,MAE+Sub,Direct prediction,329,14,2,2,True,Higher-order saddle point,Higher-order saddle point,True,False,False
HIP,MAE+Sub,Direct prediction,330,19,0,0,True,Minimum,Minimum,True,False,False
HIP,MAE+Sub,Direct prediction,331,15,1,1,True,Transition state,Transition state,True,True,True
HIP,MAE+Sub,Direct prediction,332,16,1,1,True,Transition state,Transition state,True,True,True
HIP,MAE+Sub,Direct prediction,333,16,1,1,True,Transition state,Transition state,True,True,True
HIP,MAE+Sub,Direct prediction,334,13,2,2,True,Higher-order saddle point,Higher-order saddle point,True,False,False
HIP,MAE+Sub,Direct prediction,335,11,0,0,True,Minimum,Minimum,True,False,False
HIP,MAE+Sub,Direct prediction,336,12,1,1,True,Transition state,Transition state,True,True,True
HIP,MAE+Sub,Direct prediction,337,12,0,0,True,Minimum,Minimum,True,False,False
HIP,MAE+Sub,Direct prediction,338,15,1,1,True,Transition state,Transition state,True,True,True
HIP,MAE+Sub,Direct prediction,339,13,0,0,True,Minimum,Minimum,True,False,False
HIP,MAE+Sub,Direct prediction,340,15,3,2,False,Higher-order saddle point,Higher-order saddle point,True,False,False
HIP,MAE+Sub,Direct prediction,341,13,1,1,True,Transition state,Transition state,True,True,True
HIP,MAE+Sub,Direct prediction,342,10,0,0,True,Minimum,Minimum,True,False,False
HIP,MAE+Sub,Direct prediction,343,12,0,0,True,Minimum,Minimum,True,False,False
HIP,MAE+Sub,Direct prediction,344,11,0,0,True,Minimum,Minimum,True,False,False
HIP,MAE+Sub,Direct prediction,345,15,1,1,True,Transition state,Transition state,True,True,True
HIP,MAE+Sub,Direct prediction,346,16,2,2,True,Higher-order saddle point,Higher-order saddle point,True,False,False
HIP,MAE+Sub,Direct prediction,347,14,1,1,True,Transition state,Transition state,True,True,True
HIP,MAE+Sub,Direct prediction,348,16,1,1,True,Transition state,Transition state,True,True,True
HIP,MAE+Sub,Direct prediction,349,12,1,1,True,Transition state,Transition state,True,True,True
HIP,MAE+Sub,Direct prediction,350,16,0,1,False,Minimum,Transition state,False,False,True
HIP,MAE+Sub,Direct prediction,351,18,1,1,True,Transition state,Transition state,True,True,True
HIP,MAE+Sub,Direct prediction,352,10,0,0,True,Minimum,Minimum,True,False,False
HIP,MAE+Sub,Direct prediction,353,12,2,2,True,Higher-order saddle point,Higher-order saddle point,True,False,False
HIP,MAE+Sub,Direct prediction,354,11,1,1,True,Transition state,Transition state,True,True,True
HIP,MAE+Sub,Direct prediction,355,12,0,0,True,Minimum,Minimum,True,False,False
HIP,MAE+Sub,Direct prediction,356,13,1,1,True,Transition state,Transition state,True,True,True
HIP,MAE+Sub,Direct prediction,357,17,0,0,True,Minimum,Minimum,True,False,False
HIP,MAE+Sub,Direct prediction,358,13,0,0,True,Minimum,Minimum,True,False,False
HIP,MAE+Sub,Direct prediction,359,15,1,1,True,Transition state,Transition state,True,True,True
HIP,MAE+Sub,Direct prediction,360,16,1,1,True,Transition state,Transition state,True,True,True
HIP,MAE+Sub,Direct prediction,361,19,1,1,True,Transition state,Transition state,True,True,True
HIP,MAE+Sub,Direct prediction,362,16,2,2,True,Higher-order saddle point,Higher-order saddle point,True,False,False
HIP,MAE+Sub,Direct prediction,363,14,0,0,True,Minimum,Minimum,True,False,False
HIP,MAE+Sub,Direct prediction,364,17,4,3,False,Higher-order saddle point,Higher-order saddle point,True,False,False
HIP,MAE+Sub,Direct prediction,365,11,0,0,True,Minimum,Minimum,True,False,False
HIP,MAE+Sub,Direct prediction,366,19,2,3,False,Higher-order saddle point,Higher-order saddle point,True,False,False
HIP,MAE+Sub,Direct prediction,367,7,0,0,True,Minimum,Minimum,True,False,False
HIP,MAE+Sub,Direct prediction,368,10,1,1,True,Transition state,Transition state,True,True,True
HIP,MAE+Sub,Direct prediction,369,16,2,2,True,Higher-order saddle point,Higher-order saddle point,True,False,False
HIP,MAE+Sub,Direct prediction,370,15,1,2,False,Transition state,Higher-order saddle point,False,True,False
HIP,MAE+Sub,Direct prediction,371,15,0,0,True,Minimum,Minimum,True,False,False
HIP,MAE+Sub,Direct prediction,372,14,0,0,True,Minimum,Minimum,True,False,False
HIP,MAE+Sub,Direct prediction,373,10,2,2,True,Higher-order saddle point,Higher-order saddle point,True,False,False
HIP,MAE+Sub,Direct prediction,374,12,0,1,False,Minimum,Transition state,False,False,True
HIP,MAE+Sub,Direct prediction,375,12,1,1,True,Transition state,Transition state,True,True,True
HIP,MAE+Sub,Direct prediction,376,16,1,1,True,Transition state,Transition state,True,True,True
HIP,MAE+Sub,Direct prediction,377,11,1,1,True,Transition state,Transition state,True,True,True
HIP,MAE+Sub,Direct prediction,378,17,1,1,True,Transition state,Transition state,True,True,True
HIP,MAE+Sub,Direct prediction,379,13,1,1,True,Transition state,Transition state,True,True,True
HIP,MAE+Sub,Direct prediction,380,8,2,2,True,Higher-order saddle point,Higher-order saddle point,True,False,False
HIP,MAE+Sub,Direct prediction,381,9,0,0,True,Minimum,Minimum,True,False,False
HIP,MAE+Sub,Direct prediction,382,12,0,0,True,Minimum,Minimum,True,False,False
HIP,MAE+Sub,Direct prediction,383,10,1,1,True,Transition state,Transition state,True,True,True
HIP,MAE+Sub,Direct prediction,384,14,0,0,True,Minimum,Minimum,True,False,False
HIP,MAE+Sub,Direct prediction,385,14,0,0,True,Minimum,Minimum,True,False,False
HIP,MAE+Sub,Direct prediction,386,13,2,2,True,Higher-order saddle point,Higher-order saddle point,True,False,False
HIP,MAE+Sub,Direct prediction,387,16,1,1,True,Transition state,Transition state,True,True,True
HIP,MAE+Sub,Direct prediction,388,12,0,0,True,Minimum,Minimum,True,False,False
HIP,MAE+Sub,Direct prediction,389,16,1,1,True,Transition state,Transition state,True,True,True
HIP,MAE+Sub,Direct prediction,390,13,3,3,True,Higher-order saddle point,Higher-order saddle point,True,False,False
HIP,MAE+Sub,Direct prediction,391,15,2,2,True,Higher-order saddle point,Higher-order saddle point,True,False,False
HIP,MAE+Sub,Direct prediction,392,11,0,0,True,Minimum,Minimum,True,False,False
HIP,MAE+Sub,Direct prediction,393,9,0,0,True,Minimum,Minimum,True,False,False
HIP,MAE+Sub,Direct prediction,394,13,0,0,True,Minimum,Minimum,True,False,False
HIP,MAE+Sub,Direct prediction,395,13,2,2,True,Higher-order saddle point,Higher-order saddle point,True,False,False
HIP,MAE+Sub,Direct prediction,396,10,1,2,False,Transition state,Higher-order saddle point,False,True,False
HIP,MAE+Sub,Direct prediction,397,13,0,0,True,Minimum,Minimum,True,False,False
HIP,MAE+Sub,Direct prediction,398,9,0,0,True,Minimum,Minimum,True,False,False
HIP,MAE+Sub,Direct prediction,399,14,2,2,True,Higher-order saddle point,Higher-order saddle point,True,False,False
HIP,MAE+Sub,Direct prediction,400,14,0,0,True,Minimum,Minimum,True,False,False
HIP,MAE+Sub,Direct prediction,401,14,0,0,True,Minimum,Minimum,True,False,False
HIP,MAE+Sub,Direct prediction,402,15,1,1,True,Transition state,Transition state,True,True,True
HIP,MAE+Sub,Direct prediction,403,16,1,1,True,Transition state,Transition state,True,True,True
HIP,MAE+Sub,Direct prediction,404,12,0,0,True,Minimum,Minimum,True,False,False
HIP,MAE+Sub,Direct prediction,405,12,3,3,True,Higher-order saddle point,Higher-order saddle point,True,False,False
HIP,MAE+Sub,Direct prediction,406,12,2,1,False,Higher-order saddle point,Transition state,False,False,True
HIP,MAE+Sub,Direct prediction,407,14,0,0,True,Minimum,Minimum,True,False,False
HIP,MAE+Sub,Direct prediction,408,10,0,0,True,Minimum,Minimum,True,False,False
HIP,MAE+Sub,Direct prediction,409,18,2,1,False,Higher-order saddle point,Transition state,False,False,True
HIP,MAE+Sub,Direct prediction,410,6,0,0,True,Minimum,Minimum,True,False,False
HIP,MAE+Sub,Direct prediction,411,12,0,0,True,Minimum,Minimum,True,False,False
HIP,MAE+Sub,Direct prediction,412,11,1,1,True,Transition state,Transition state,True,True,True
HIP,MAE+Sub,Direct prediction,413,19,3,2,False,Higher-order saddle point,Higher-order saddle point,True,False,False
HIP,MAE+Sub,Direct prediction,414,16,2,2,True,Higher-order saddle point,Higher-order saddle point,True,False,False
HIP,MAE+Sub,Direct prediction,415,13,3,3,True,Higher-order saddle point,Higher-order saddle point,True,False,False
HIP,MAE+Sub,Direct prediction,416,17,1,1,True,Transition state,Transition state,True,True,True
HIP,MAE+Sub,Direct prediction,417,12,0,0,True,Minimum,Minimum,True,False,False
HIP,MAE+Sub,Direct prediction,418,12,0,0,True,Minimum,Minimum,True,False,False
HIP,MAE+Sub,Direct prediction,419,13,1,0,False,Transition state,Minimum,False,True,False
HIP,MAE+Sub,Direct prediction,420,11,0,0,True,Minimum,Minimum,True,False,False
HIP,MAE+Sub,Direct prediction,421,15,3,3,True,Higher-order saddle point,Higher-order saddle point,True,False,False
HIP,MAE+Sub,Direct prediction,422,19,0,1,False,Minimum,Transition state,False,False,True
HIP,MAE+Sub,Direct prediction,423,16,3,3,True,Higher-order saddle point,Higher-order saddle point,True,False,False
HIP,MAE+Sub,Direct prediction,424,14,4,4,True,Higher-order saddle point,Higher-order saddle point,True,False,False
HIP,MAE+Sub,Direct prediction,425,14,1,1,True,Transition state,Transition state,True,True,True
HIP,MAE+Sub,Direct prediction,426,15,1,1,True,Transition state,Transition state,True,True,True
HIP,MAE+Sub,Direct prediction,427,10,0,0,True,Minimum,Minimum,True,False,False
HIP,MAE+Sub,Direct prediction,428,10,1,1,True,Transition state,Transition state,True,True,True
HIP,MAE+Sub,Direct prediction,429,14,0,0,True,Minimum,Minimum,True,False,False
HIP,MAE+Sub,Direct prediction,430,14,0,0,True,Minimum,Minimum,True,False,False
HIP,MAE+Sub,Direct prediction,431,15,0,0,True,Minimum,Minimum,True,False,False
HIP,MAE+Sub,Direct prediction,432,16,0,0,True,Minimum,Minimum,True,False,False
HIP,MAE+Sub,Direct prediction,433,15,1,1,True,Transition state,Transition state,True,True,True
HIP,MAE+Sub,Direct prediction,434,12,0,0,True,Minimum,Minimum,True,False,False
HIP,MAE+Sub,Direct prediction,435,15,1,1,True,Transition state,Transition state,True,True,True
HIP,MAE+Sub,Direct prediction,436,15,0,0,True,Minimum,Minimum,True,False,False
HIP,MAE+Sub,Direct prediction,437,11,2,2,True,Higher-order saddle point,Higher-order saddle point,True,False,False
HIP,MAE+Sub,Direct prediction,438,13,0,0,True,Minimum,Minimum,True,False,False
HIP,MAE+Sub,Direct prediction,439,15,0,0,True,Minimum,Minimum,True,False,False
HIP,MAE+Sub,Direct prediction,440,16,1,1,True,Transition state,Transition state,True,True,True
HIP,MAE+Sub,Direct prediction,441,16,4,3,False,Higher-order saddle point,Higher-order saddle point,True,False,False
HIP,MAE+Sub,Direct prediction,442,15,2,1,False,Higher-order saddle point,Transition state,False,False,True
HIP,MAE+Sub,Direct prediction,443,16,2,2,True,Higher-order saddle point,Higher-order saddle point,True,False,False
HIP,MAE+Sub,Direct prediction,444,13,1,1,True,Transition state,Transition state,True,True,True
HIP,MAE+Sub,Direct prediction,445,14,0,0,True,Minimum,Minimum,True,False,False
HIP,MAE+Sub,Direct prediction,446,18,0,1,False,Minimum,Transition state,False,False,True
HIP,MAE+Sub,Direct prediction,447,11,1,1,True,Transition state,Transition state,True,True,True
HIP,MAE+Sub,Direct prediction,448,10,1,1,True,Transition state,Transition state,True,True,True
HIP,MAE+Sub,Direct prediction,449,14,2,2,True,Higher-order saddle point,Higher-order saddle point,True,False,False
HIP,MAE+Sub,Direct prediction,450,18,0,0,True,Minimum,Minimum,True,False,False
HIP,MAE+Sub,Direct prediction,451,13,1,1,True,Transition state,Transition state,True,True,True
HIP,MAE+Sub,Direct prediction,452,19,2,2,True,Higher-order saddle point,Higher-order saddle point,True,False,False
HIP,MAE+Sub,Direct prediction,453,13,1,1,True,Transition state,Transition state,True,True,True
HIP,MAE+Sub,Direct prediction,454,10,3,3,True,Higher-order saddle point,Higher-order saddle point,True,False,False
HIP,MAE+Sub,Direct prediction,455,12,0,0,True,Minimum,Minimum,True,False,False
HIP,MAE+Sub,Direct prediction,456,14,1,1,True,Transition state,Transition state,True,True,True
HIP,MAE+Sub,Direct prediction,457,14,1,1,True,Transition state,Transition state,True,True,True
HIP,MAE+Sub,Direct prediction,458,10,0,0,True,Minimum,Minimum,True,False,False
HIP,MAE+Sub,Direct prediction,459,19,1,1,True,Transition state,Transition state,True,True,True
HIP,MAE+Sub,Direct prediction,460,16,1,1,True,Transition state,Transition state,True,True,True
HIP,MAE+Sub,Direct prediction,461,14,0,0,True,Minimum,Minimum,True,False,False
HIP,MAE+Sub,Direct prediction,462,11,0,0,True,Minimum,Minimum,True,False,False
HIP,MAE+Sub,Direct prediction,463,11,1,1,True,Transition state,Transition state,True,True,True
HIP,MAE+Sub,Direct prediction,464,15,2,2,True,Higher-order saddle point,Higher-order saddle point,True,False,False
HIP,MAE+Sub,Direct prediction,465,14,0,0,True,Minimum,Minimum,True,False,False
HIP,MAE+Sub,Direct prediction,466,15,2,2,True,Higher-order saddle point,Higher-order saddle point,True,False,False
HIP,MAE+Sub,Direct prediction,467,13,0,0,True,Minimum,Minimum,True,False,False
HIP,MAE+Sub,Direct prediction,468,16,1,1,True,Transition state,Transition state,True,True,True
HIP,MAE+Sub,Direct prediction,469,11,0,0,True,Minimum,Minimum,True,False,False
HIP,MAE+Sub,Direct prediction,470,15,1,1,True,Transition state,Transition state,True,True,True
HIP,MAE+Sub,Direct prediction,471,13,0,0,True,Minimum,Minimum,True,False,False
HIP,MAE+Sub,Direct prediction,472,9,1,0,False,Transition state,Minimum,False,True,False
HIP,MAE+Sub,Direct prediction,473,17,1,1,True,Transition state,Transition state,True,True,True
HIP,MAE+Sub,Direct prediction,474,13,0,0,True,Minimum,Minimum,True,False,False
HIP,MAE+Sub,Direct prediction,475,12,0,0,True,Minimum,Minimum,True,False,False
HIP,MAE+Sub,Direct prediction,476,13,0,0,True,Minimum,Minimum,True,False,False
HIP,MAE+Sub,Direct prediction,477,14,2,2,True,Higher-order saddle point,Higher-order saddle point,True,False,False
HIP,MAE+Sub,Direct prediction,478,12,1,1,True,Transition state,Transition state,True,True,True
HIP,MAE+Sub,Direct prediction,479,16,0,0,True,Minimum,Minimum,True,False,False
HIP,MAE+Sub,Direct prediction,480,16,3,3,True,Higher-order saddle point,Higher-order saddle point,True,False,False
HIP,MAE+Sub,Direct prediction,481,18,1,1,True,Transition state,Transition state,True,True,True
HIP,MAE+Sub,Direct prediction,482,13,1,1,True,Transition state,Transition state,True,True,True
HIP,MAE+Sub,Direct prediction,483,14,0,0,True,Minimum,Minimum,True,False,False
HIP,MAE+Sub,Direct prediction,484,11,4,4,True,Higher-order saddle point,Higher-order saddle point,True,False,False
HIP,MAE+Sub,Direct prediction,485,17,1,1,True,Transition state,Transition state,True,True,True
HIP,MAE+Sub,Direct prediction,486,16,2,2,True,Higher-order saddle point,Higher-order saddle point,True,False,False
HIP,MAE+Sub,Direct prediction,487,15,0,0,True,Minimum,Minimum,True,False,False
HIP,MAE+Sub,Direct prediction,488,16,4,3,False,Higher-order saddle point,Higher-order saddle point,True,False,False
HIP,MAE+Sub,Direct prediction,489,16,1,1,True,Transition state,Transition state,True,True,True
HIP,MAE+Sub,Direct prediction,490,9,2,2,True,Higher-order saddle point,Higher-order saddle point,True,False,False
HIP,MAE+Sub,Direct prediction,491,11,0,0,True,Minimum,Minimum,True,False,False
HIP,MAE+Sub,Direct prediction,492,16,2,2,True,Higher-order saddle point,Higher-order saddle point,True,False,False
HIP,MAE+Sub,Direct prediction,493,12,2,3,False,Higher-order saddle point,Higher-order saddle point,True,False,False
HIP,MAE+Sub,Direct prediction,494,14,0,0,True,Minimum,Minimum,True,False,False
HIP,MAE+Sub,Direct prediction,495,13,1,0,False,Transition state,Minimum,False,True,False
HIP,MAE+Sub,Direct prediction,496,14,1,1,True,Transition state,Transition state,True,True,True
HIP,MAE+Sub,Direct prediction,497,11,0,0,True,Minimum,Minimum,True,False,False
HIP,MAE+Sub,Direct prediction,498,15,0,0,True,Minimum,Minimum,True,False,False
HIP,MAE+Sub,Direct prediction,499,15,1,1,True,Transition state,Transition state,True,True,True
HIP,MAE+Sub,Direct prediction,500,12,1,1,True,Transition state,Transition state,True,True,True
HIP,MAE+Sub,Direct prediction,501,10,1,1,True,Transition state,Transition state,True,True,True
HIP,MAE+Sub,Direct prediction,502,16,1,1,True,Transition state,Transition state,True,True,True
HIP,MAE+Sub,Direct prediction,503,13,0,0,True,Minimum,Minimum,True,False,False
HIP,MAE+Sub,Direct prediction,504,10,2,1,False,Higher-order saddle point,Transition state,False,False,True
HIP,MAE+Sub,Direct prediction,505,12,0,0,True,Minimum,Minimum,True,False,False
HIP,MAE+Sub,Direct prediction,506,21,1,1,True,Transition state,Transition state,True,True,True
HIP,MAE+Sub,Direct prediction,507,10,0,0,True,Minimum,Minimum,True,False,False
HIP,MAE+Sub,Direct prediction,508,18,1,1,True,Transition state,Transition state,True,True,True
HIP,MAE+Sub,Direct prediction,509,12,1,1,True,Transition state,Transition state,True,True,True
HIP,MAE+Sub,Direct prediction,510,16,0,0,True,Minimum,Minimum,True,False,False
HIP,MAE+Sub,Direct prediction,511,17,1,1,True,Transition state,Transition state,True,True,True
HIP,MAE+Sub,Direct prediction,512,21,3,3,True,Higher-order saddle point,Higher-order saddle point,True,False,False
HIP,MAE+Sub,Direct prediction,513,18,2,2,True,Higher-order saddle point,Higher-order saddle point,True,False,False
HIP,MAE+Sub,Direct prediction,514,13,1,1,True,Transition state,Transition state,True,True,True
HIP,MAE+Sub,Direct prediction,515,15,1,1,True,Transition state,Transition state,True,True,True
HIP,MAE+Sub,Direct prediction,516,10,0,0,True,Minimum,Minimum,True,False,False
HIP,MAE+Sub,Direct prediction,517,17,1,1,True,Transition state,Transition state,True,True,True
HIP,MAE+Sub,Direct prediction,518,15,0,0,True,Minimum,Minimum,True,False,False
HIP,MAE+Sub,Direct prediction,519,12,1,1,True,Transition state,Transition state,True,True,True
HIP,MAE+Sub,Direct prediction,520,15,1,1,True,Transition state,Transition state,True,True,True
HIP,MAE+Sub,Direct prediction,521,14,1,1,True,Transition state,Transition state,True,True,True
HIP,MAE+Sub,Direct prediction,522,16,1,1,True,Transition state,Transition state,True,True,True
HIP,MAE+Sub,Direct prediction,523,12,3,3,True,Higher-order saddle point,Higher-order saddle point,True,False,False
HIP,MAE+Sub,Direct prediction,524,10,0,0,True,Minimum,Minimum,True,False,False
HIP,MAE+Sub,Direct prediction,525,12,0,0,True,Minimum,Minimum,True,False,False
HIP,MAE+Sub,Direct prediction,526,13,1,1,True,Transition state,Transition state,True,True,True
HIP,MAE+Sub,Direct prediction,527,15,1,1,True,Transition state,Transition state,True,True,True
HIP,MAE+Sub,Direct prediction,528,19,2,1,False,Higher-order saddle point,Transition state,False,False,True
HIP,MAE+Sub,Direct prediction,529,10,1,2,False,Transition state,Higher-order saddle point,False,True,False
HIP,MAE+Sub,Direct prediction,530,11,1,1,True,Transition state,Transition state,True,True,True
HIP,MAE+Sub,Direct prediction,531,16,0,0,True,Minimum,Minimum,True,False,False
HIP,MAE+Sub,Direct prediction,532,15,0,0,True,Minimum,Minimum,True,False,False
HIP,MAE+Sub,Direct prediction,533,15,1,1,True,Transition state,Transition state,True,True,True
HIP,MAE+Sub,Direct prediction,534,14,2,2,True,Higher-order saddle point,Higher-order saddle point,True,False,False
HIP,MAE+Sub,Direct prediction,535,13,1,1,True,Transition state,Transition state,True,True,True
HIP,MAE+Sub,Direct prediction,536,12,3,3,True,Higher-order saddle point,Higher-order saddle point,True,False,False
HIP,MAE+Sub,Direct prediction,537,15,2,2,True,Higher-order saddle point,Higher-order saddle point,True,False,False
HIP,MAE+Sub,Direct prediction,538,16,0,0,True,Minimum,Minimum,True,False,False
HIP,MAE+Sub,Direct prediction,539,15,1,1,True,Transition state,Transition state,True,True,True
HIP,MAE+Sub,Direct prediction,540,11,1,1,True,Transition state,Transition state,True,True,True
HIP,MAE+Sub,Direct prediction,541,13,1,1,True,Transition state,Transition state,True,True,True
HIP,MAE+Sub,Direct prediction,542,14,1,2,False,Transition state,Higher-order saddle point,False,True,False
HIP,MAE+Sub,Direct prediction,543,16,0,0,True,Minimum,Minimum,True,False,False
HIP,MAE+Sub,Direct prediction,544,11,1,1,True,Transition state,Transition state,True,True,True
HIP,MAE+Sub,Direct prediction,545,14,0,0,True,Minimum,Minimum,True,False,False
HIP,MAE+Sub,Direct prediction,546,13,2,2,True,Higher-order saddle point,Higher-order saddle point,True,False,False
HIP,MAE+Sub,Direct prediction,547,11,1,1,True,Transition state,Transition state,True,True,True
HIP,MAE+Sub,Direct prediction,548,13,0,0,True,Minimum,Minimum,True,False,False
HIP,MAE+Sub,Direct prediction,549,14,1,1,True,Transition state,Transition state,True,True,True
HIP,MAE+Sub,Direct prediction,550,13,0,0,True,Minimum,Minimum,True,False,False
HIP,MAE+Sub,Direct prediction,551,9,2,2,True,Higher-order saddle point,Higher-order saddle point,True,False,False
HIP,MAE+Sub,Direct prediction,552,12,1,1,True,Transition state,Transition state,True,True,True
HIP,MAE+Sub,Direct prediction,553,14,1,1,True,Transition state,Transition state,True,True,True
HIP,MAE+Sub,Direct prediction,554,10,1,0,False,Transition state,Minimum,False,True,False
HIP,MAE+Sub,Direct prediction,555,16,0,0,True,Minimum,Minimum,True,False,False
HIP,MAE+Sub,Direct prediction,556,16,2,2,True,Higher-order saddle point,Higher-order saddle point,True,False,False
HIP,MAE+Sub,Direct prediction,557,11,1,1,True,Transition state,Transition state,True,True,True
HIP,MAE+Sub,Direct prediction,558,13,0,0,True,Minimum,Minimum,True,False,False
HIP,MAE+Sub,Direct prediction,559,13,0,0,True,Minimum,Minimum,True,False,False
HIP,MAE+Sub,Direct prediction,560,17,0,0,True,Minimum,Minimum,True,False,False
HIP,MAE+Sub,Direct prediction,561,12,0,0,True,Minimum,Minimum,True,False,False
HIP,MAE+Sub,Direct prediction,562,19,0,0,True,Minimum,Minimum,True,False,False
HIP,MAE+Sub,Direct prediction,563,14,1,1,True,Transition state,Transition state,True,True,True
HIP,MAE+Sub,Direct prediction,564,18,0,0,True,Minimum,Minimum,True,False,False
HIP,MAE+Sub,Direct prediction,565,14,6,6,True,Higher-order saddle point,Higher-order saddle point,True,False,False
HIP,MAE+Sub,Direct prediction,566,19,0,0,True,Minimum,Minimum,True,False,False
HIP,MAE+Sub,Direct prediction,567,13,1,1,True,Transition state,Transition state,True,True,True
HIP,MAE+Sub,Direct prediction,568,14,1,1,True,Transition state,Transition state,True,True,True
HIP,MAE+Sub,Direct prediction,569,15,1,1,True,Transition state,Transition state,True,True,True
HIP,MAE+Sub,Direct prediction,570,15,1,1,True,Transition state,Transition state,True,True,True
HIP,MAE+Sub,Direct prediction,571,14,1,2,False,Transition state,Higher-order saddle point,False,True,False
HIP,MAE+Sub,Direct prediction,572,16,3,3,True,Higher-order saddle point,Higher-order saddle point,True,False,False
HIP,MAE+Sub,Direct prediction,573,16,0,0,True,Minimum,Minimum,True,False,False
HIP,MAE+Sub,Direct prediction,574,13,1,1,True,Transition state,Transition state,True,True,True
HIP,MAE+Sub,Direct prediction,575,12,1,1,True,Transition state,Transition state,True,True,True
HIP,MAE+Sub,Direct prediction,576,12,0,0,True,Minimum,Minimum,True,False,False
HIP,MAE+Sub,Direct prediction,577,15,3,3,True,Higher-order saddle point,Higher-order saddle point,True,False,False
HIP,MAE+Sub,Direct prediction,578,14,2,2,True,Higher-order saddle point,Higher-order saddle point,True,False,False
HIP,MAE+Sub,Direct prediction,579,16,1,0,False,Transition state,Minimum,False,True,False
HIP,MAE+Sub,Direct prediction,580,13,1,1,True,Transition state,Transition state,True,True,True
HIP,MAE+Sub,Direct prediction,581,11,0,0,True,Minimum,Minimum,True,False,False
HIP,MAE+Sub,Direct prediction,582,16,1,1,True,Transition state,Transition state,True,True,True
HIP,MAE+Sub,Direct prediction,583,15,1,1,True,Transition state,Transition state,True,True,True
HIP,MAE+Sub,Direct prediction,584,17,2,2,True,Higher-order saddle point,Higher-order saddle point,True,False,False
HIP,MAE+Sub,Direct prediction,585,10,1,1,True,Transition state,Transition state,True,True,True
HIP,MAE+Sub,Direct prediction,586,11,1,1,True,Transition state,Transition state,True,True,True
HIP,MAE+Sub,Direct prediction,587,14,1,1,True,Transition state,Transition state,True,True,True
HIP,MAE+Sub,Direct prediction,588,19,1,1,True,Transition state,Transition state,True,True,True
HIP,MAE+Sub,Direct prediction,589,14,2,2,True,Higher-order saddle point,Higher-order saddle point,True,False,False
HIP,MAE+Sub,Direct prediction,590,16,0,0,True,Minimum,Minimum,True,False,False
HIP,MAE+Sub,Direct prediction,591,15,1,1,True,Transition state,Transition state,True,True,True
HIP,MAE+Sub,Direct prediction,592,17,1,1,True,Transition state,Transition state,True,True,True
HIP,MAE+Sub,Direct prediction,593,13,0,0,True,Minimum,Minimum,True,False,False
HIP,MAE+Sub,Direct prediction,594,14,1,1,True,Transition state,Transition state,True,True,True
HIP,MAE+Sub,Direct prediction,595,15,1,1,True,Transition state,Transition state,True,True,True
HIP,MAE+Sub,Direct prediction,596,13,0,0,True,Minimum,Minimum,True,False,False
HIP,MAE+Sub,Direct prediction,597,11,0,0,True,Minimum,Minimum,True,False,False
HIP,MAE+Sub,Direct prediction,598,10,1,1,True,Transition state,Transition state,True,True,True
HIP,MAE+Sub,Direct prediction,599,12,1,1,True,Transition state,Transition state,True,True,True
HIP,MAE+Sub,Direct prediction,600,15,0,0,True,Minimum,Minimum,True,False,False
HIP,MAE+Sub,Direct prediction,601,9,2,2,True,Higher-order saddle point,Higher-order saddle point,True,False,False
HIP,MAE+Sub,Direct prediction,602,16,1,1,True,Transition state,Transition state,True,True,True
HIP,MAE+Sub,Direct prediction,603,16,0,0,True,Minimum,Minimum,True,False,False
HIP,MAE+Sub,Direct prediction,604,10,0,0,True,Minimum,Minimum,True,False,False
HIP,MAE+Sub,Direct prediction,605,17,2,2,True,Higher-order saddle point,Higher-order saddle point,True,False,False
HIP,MAE+Sub,Direct prediction,606,18,1,1,True,Transition state,Transition state,True,True,True
HIP,MAE+Sub,Direct prediction,607,14,0,0,True,Minimum,Minimum,True,False,False
HIP,MAE+Sub,Direct prediction,608,15,0,0,True,Minimum,Minimum,True,False,False
HIP,MAE+Sub,Direct prediction,609,19,0,0,True,Minimum,Minimum,True,False,False
HIP,MAE+Sub,Direct prediction,610,13,0,0,True,Minimum,Minimum,True,False,False
HIP,MAE+Sub,Direct prediction,611,14,1,1,True,Transition state,Transition state,True,True,True
HIP,MAE+Sub,Direct prediction,612,14,0,0,True,Minimum,Minimum,True,False,False
HIP,MAE+Sub,Direct prediction,613,12,0,0,True,Minimum,Minimum,True,False,False
HIP,MAE+Sub,Direct prediction,614,12,0,0,True,Minimum,Minimum,True,False,False
HIP,MAE+Sub,Direct prediction,615,15,1,1,True,Transition state,Transition state,True,True,True
HIP,MAE+Sub,Direct prediction,616,15,1,1,True,Transition state,Transition state,True,True,True
HIP,MAE+Sub,Direct prediction,617,12,1,1,True,Transition state,Transition state,True,True,True
HIP,MAE+Sub,Direct prediction,618,14,0,0,True,Minimum,Minimum,True,False,False
HIP,MAE+Sub,Direct prediction,619,15,1,1,True,Transition state,Transition state,True,True,True
HIP,MAE+Sub,Direct prediction,620,13,0,0,True,Minimum,Minimum,True,False,False
HIP,MAE+Sub,Direct prediction,621,13,0,0,True,Minimum,Minimum,True,False,False
HIP,MAE+Sub,Direct prediction,622,11,0,0,True,Minimum,Minimum,True,False,False
HIP,MAE+Sub,Direct prediction,623,16,1,1,True,Transition state,Transition state,True,True,True
HIP,MAE+Sub,Direct prediction,624,18,0,0,True,Minimum,Minimum,True,False,False
HIP,MAE+Sub,Direct prediction,625,11,2,2,True,Higher-order saddle point,Higher-order saddle point,True,False,False
HIP,MAE+Sub,Direct prediction,626,14,1,1,True,Transition state,Transition state,True,True,True
HIP,MAE+Sub,Direct prediction,627,15,1,1,True,Transition state,Transition state,True,True,True
HIP,MAE+Sub,Direct prediction,628,21,1,0,False,Transition state,Minimum,False,True,False
HIP,MAE+Sub,Direct prediction,629,11,2,2,True,Higher-order saddle point,Higher-order saddle point,True,False,False
HIP,MAE+Sub,Direct prediction,630,19,3,3,True,Higher-order saddle point,Higher-order saddle point,True,False,False
HIP,MAE+Sub,Direct prediction,631,15,1,1,True,Transition state,Transition state,True,True,True
HIP,MAE+Sub,Direct prediction,632,18,1,1,True,Transition state,Transition state,True,True,True
HIP,MAE+Sub,Direct prediction,633,11,2,2,True,Higher-order saddle point,Higher-order saddle point,True,False,False
HIP,MAE+Sub,Direct prediction,634,16,1,1,True,Transition state,Transition state,True,True,True
HIP,MAE+Sub,Direct prediction,635,13,0,0,True,Minimum,Minimum,True,False,False
HIP,MAE+Sub,Direct prediction,636,12,1,1,True,Transition state,Transition state,True,True,True
HIP,MAE+Sub,Direct prediction,637,12,0,0,True,Minimum,Minimum,True,False,False
HIP,MAE+Sub,Direct prediction,638,16,1,1,True,Transition state,Transition state,True,True,True
HIP,MAE+Sub,Direct prediction,639,12,1,1,True,Transition state,Transition state,True,True,True
HIP,MAE+Sub,Direct prediction,640,15,2,2,True,Higher-order saddle point,Higher-order saddle point,True,False,False
HIP,MAE+Sub,Direct prediction,641,19,1,1,True,Transition state,Transition state,True,True,True
HIP,MAE+Sub,Direct prediction,642,16,2,2,True,Higher-order saddle point,Higher-order saddle point,True,False,False
HIP,MAE+Sub,Direct prediction,643,14,1,1,True,Transition state,Transition state,True,True,True
HIP,MAE+Sub,Direct prediction,644,18,3,3,True,Higher-order saddle point,Higher-order saddle point,True,False,False
HIP,MAE+Sub,Direct prediction,645,14,0,0,True,Minimum,Minimum,True,False,False
HIP,MAE+Sub,Direct prediction,646,11,0,0,True,Minimum,Minimum,True,False,False
HIP,MAE+Sub,Direct prediction,647,16,0,0,True,Minimum,Minimum,True,False,False
HIP,MAE+Sub,Direct prediction,648,16,1,1,True,Transition state,Transition state,True,True,True
HIP,MAE+Sub,Direct prediction,649,15,1,1,True,Transition state,Transition state,True,True,True
HIP,MAE+Sub,Direct prediction,650,12,1,1,True,Transition state,Transition state,True,True,True
HIP,MAE+Sub,Direct prediction,651,17,1,1,True,Transition state,Transition state,True,True,True
HIP,MAE+Sub,Direct prediction,652,11,0,0,True,Minimum,Minimum,True,False,False
HIP,MAE+Sub,Direct prediction,653,15,0,0,True,Minimum,Minimum,True,False,False
HIP,MAE+Sub,Direct prediction,654,10,1,1,True,Transition state,Transition state,True,True,True
HIP,MAE+Sub,Direct prediction,655,13,1,1,True,Transition state,Transition state,True,True,True
HIP,MAE+Sub,Direct prediction,656,17,0,0,True,Minimum,Minimum,True,False,False
HIP,MAE+Sub,Direct prediction,657,13,0,0,True,Minimum,Minimum,True,False,False
HIP,MAE+Sub,Direct prediction,658,12,1,1,True,Transition state,Transition state,True,True,True
HIP,MAE+Sub,Direct prediction,659,10,1,1,True,Transition state,Transition state,True,True,True
HIP,MAE+Sub,Direct prediction,660,14,1,1,True,Transition state,Transition state,True,True,True
HIP,MAE+Sub,Direct prediction,661,18,0,1,False,Minimum,Transition state,False,False,True
HIP,MAE+Sub,Direct prediction,662,14,2,1,False,Higher-order saddle point,Transition state,False,False,True
HIP,MAE+Sub,Direct prediction,663,16,1,1,True,Transition state,Transition state,True,True,True
HIP,MAE+Sub,Direct prediction,664,10,1,1,True,Transition state,Transition state,True,True,True
HIP,MAE+Sub,Direct prediction,665,12,0,0,True,Minimum,Minimum,True,False,False
HIP,MAE+Sub,Direct prediction,666,10,1,1,True,Transition state,Transition state,True,True,True
HIP,MAE+Sub,Direct prediction,667,13,1,1,True,Transition state,Transition state,True,True,True
HIP,MAE+Sub,Direct prediction,668,16,0,0,True,Minimum,Minimum,True,False,False
HIP,MAE+Sub,Direct prediction,669,11,1,1,True,Transition state,Transition state,True,True,True
HIP,MAE+Sub,Direct prediction,670,14,0,0,True,Minimum,Minimum,True,False,False
HIP,MAE+Sub,Direct prediction,671,14,1,1,True,Transition state,Transition state,True,True,True
HIP,MAE+Sub,Direct prediction,672,12,1,0,False,Transition state,Minimum,False,True,False
HIP,MAE+Sub,Direct prediction,673,13,1,1,True,Transition state,Transition state,True,True,True
HIP,MAE+Sub,Direct prediction,674,14,1,1,True,Transition state,Transition state,True,True,True
HIP,MAE+Sub,Direct prediction,675,14,0,0,True,Minimum,Minimum,True,False,False
HIP,MAE+Sub,Direct prediction,676,14,0,0,True,Minimum,Minimum,True,False,False
HIP,MAE+Sub,Direct prediction,677,15,1,1,True,Transition state,Transition state,True,True,True
HIP,MAE+Sub,Direct prediction,678,18,0,0,True,Minimum,Minimum,True,False,False
HIP,MAE+Sub,Direct prediction,679,15,1,1,True,Transition state,Transition state,True,True,True
HIP,MAE+Sub,Direct prediction,680,13,0,0,True,Minimum,Minimum,True,False,False
HIP,MAE+Sub,Direct prediction,681,12,1,1,True,Transition state,Transition state,True,True,True
HIP,MAE+Sub,Direct prediction,682,9,0,0,True,Minimum,Minimum,True,False,False
HIP,MAE+Sub,Direct prediction,683,13,1,1,True,Transition state,Transition state,True,True,True
HIP,MAE+Sub,Direct prediction,684,15,2,2,True,Higher-order saddle point,Higher-order saddle point,True,False,False
HIP,MAE+Sub,Direct prediction,685,15,2,2,True,Higher-order saddle point,Higher-order saddle point,True,False,False
HIP,MAE+Sub,Direct prediction,686,8,1,1,True,Transition state,Transition state,True,True,True
HIP,MAE+Sub,Direct prediction,687,14,1,1,True,Transition state,Transition state,True,True,True
HIP,MAE+Sub,Direct prediction,688,19,1,1,True,Transition state,Transition state,True,True,True
HIP,MAE+Sub,Direct prediction,689,16,0,0,True,Minimum,Minimum,True,False,False
HIP,MAE+Sub,Direct prediction,690,10,0,0,True,Minimum,Minimum,True,False,False
HIP,MAE+Sub,Direct prediction,691,12,1,1,True,Transition state,Transition state,True,True,True
HIP,MAE+Sub,Direct prediction,692,17,0,0,True,Minimum,Minimum,True,False,False
HIP,MAE+Sub,Direct prediction,693,9,0,0,True,Minimum,Minimum,True,False,False
HIP,MAE+Sub,Direct prediction,694,15,1,1,True,Transition state,Transition state,True,True,True
HIP,MAE+Sub,Direct prediction,695,10,1,1,True,Transition state,Transition state,True,True,True
HIP,MAE+Sub,Direct prediction,696,10,1,0,False,Transition state,Minimum,False,True,False
HIP,MAE+Sub,Direct prediction,697,15,2,2,True,Higher-order saddle point,Higher-order saddle point,True,False,False
HIP,MAE+Sub,Direct prediction,698,13,0,0,True,Minimum,Minimum,True,False,False
HIP,MAE+Sub,Direct prediction,699,12,1,1,True,Transition state,Transition state,True,True,True
HIP,MAE+Sub,Direct prediction,700,14,1,1,True,Transition state,Transition state,True,True,True
HIP,MAE+Sub,Direct prediction,701,17,2,2,True,Higher-order saddle point,Higher-order saddle point,True,False,False
HIP,MAE+Sub,Direct prediction,702,16,1,1,True,Transition state,Transition state,True,True,True
HIP,MAE+Sub,Direct prediction,703,15,1,1,True,Transition state,Transition state,True,True,True
HIP,MAE+Sub,Direct prediction,704,16,0,0,True,Minimum,Minimum,True,False,False
HIP,MAE+Sub,Direct prediction,705,10,0,0,True,Minimum,Minimum,True,False,False
HIP,MAE+Sub,Direct prediction,706,14,1,1,True,Transition state,Transition state,True,True,True
HIP,MAE+Sub,Direct prediction,707,14,0,0,True,Minimum,Minimum,True,False,False
HIP,MAE+Sub,Direct prediction,708,12,1,1,True,Transition state,Transition state,True,True,True
HIP,MAE+Sub,Direct prediction,709,12,1,1,True,Transition state,Transition state,True,True,True
HIP,MAE+Sub,Direct prediction,710,13,1,1,True,Transition state,Transition state,True,True,True
HIP,MAE+Sub,Direct prediction,711,11,0,0,True,Minimum,Minimum,True,False,False
HIP,MAE+Sub,Direct prediction,712,12,0,0,True,Minimum,Minimum,True,False,False
HIP,MAE+Sub,Direct prediction,713,14,1,1,True,Transition state,Transition state,True,True,True
HIP,MAE+Sub,Direct prediction,714,16,1,1,True,Transition state,Transition state,True,True,True
HIP,MAE+Sub,Direct prediction,715,11,0,0,True,Minimum,Minimum,True,False,False
HIP,MAE+Sub,Direct prediction,716,5,0,0,True,Minimum,Minimum,True,False,False
HIP,MAE+Sub,Direct prediction,717,14,1,1,True,Transition state,Transition state,True,True,True
HIP,MAE+Sub,Direct prediction,718,13,0,0,True,Minimum,Minimum,True,False,False
HIP,MAE+Sub,Direct prediction,719,11,2,2,True,Higher-order saddle point,Higher-order saddle point,True,False,False
HIP,MAE+Sub,Direct prediction,720,13,0,0,True,Minimum,Minimum,True,False,False
HIP,MAE+Sub,Direct prediction,721,13,1,1,True,Transition state,Transition state,True,True,True
HIP,MAE+Sub,Direct prediction,722,12,0,0,True,Minimum,Minimum,True,False,False
HIP,MAE+Sub,Direct prediction,723,13,1,1,True,Transition state,Transition state,True,True,True
HIP,MAE+Sub,Direct prediction,724,19,2,2,True,Higher-order saddle point,Higher-order saddle point,True,False,False
HIP,MAE+Sub,Direct prediction,725,13,1,1,True,Transition state,Transition state,True,True,True
HIP,MAE+Sub,Direct prediction,726,11,0,0,True,Minimum,Minimum,True,False,False
HIP,MAE+Sub,Direct prediction,727,16,0,0,True,Minimum,Minimum,True,False,False
HIP,MAE+Sub,Direct prediction,728,14,1,1,True,Transition state,Transition state,True,True,True
HIP,MAE+Sub,Direct prediction,729,13,2,2,True,Higher-order saddle point,Higher-order saddle point,True,False,False
HIP,MAE+Sub,Direct prediction,730,14,0,0,True,Minimum,Minimum,True,False,False
HIP,MAE+Sub,Direct prediction,731,14,1,1,True,Transition state,Transition state,True,True,True
HIP,MAE+Sub,Direct prediction,732,16,1,1,True,Transition state,Transition state,True,True,True
HIP,MAE+Sub,Direct prediction,733,12,0,0,True,Minimum,Minimum,True,False,False
HIP,MAE+Sub,Direct prediction,734,12,1,1,True,Transition state,Transition state,True,True,True
HIP,MAE+Sub,Direct prediction,735,17,2,2,True,Higher-order saddle point,Higher-order saddle point,True,False,False
HIP,MAE+Sub,Direct prediction,736,5,1,1,True,Transition state,Transition state,True,True,True
HIP,MAE+Sub,Direct prediction,737,15,1,1,True,Transition state,Transition state,True,True,True
HIP,MAE+Sub,Direct prediction,738,14,0,0,True,Minimum,Minimum,True,False,False
HIP,MAE+Sub,Direct prediction,739,16,0,0,True,Minimum,Minimum,True,False,False
HIP,MAE+Sub,Direct prediction,740,14,0,0,True,Minimum,Minimum,True,False,False
HIP,MAE+Sub,Direct prediction,741,15,1,1,True,Transition state,Transition state,True,True,True
HIP,MAE+Sub,Direct prediction,742,12,0,0,True,Minimum,Minimum,True,False,False
HIP,MAE+Sub,Direct prediction,743,15,0,0,True,Minimum,Minimum,True,False,False
HIP,MAE+Sub,Direct prediction,744,13,1,1,True,Transition state,Transition state,True,True,True
HIP,MAE+Sub,Direct prediction,745,10,1,1,True,Transition state,Transition state,True,True,True
HIP,MAE+Sub,Direct prediction,746,13,0,1,False,Minimum,Transition state,False,False,True
HIP,MAE+Sub,Direct prediction,747,16,1,1,True,Transition state,Transition state,True,True,True
HIP,MAE+Sub,Direct prediction,748,8,0,0,True,Minimum,Minimum,True,False,False
HIP,MAE+Sub,Direct prediction,749,7,2,2,True,Higher-order saddle point,Higher-order saddle point,True,False,False
HIP,MAE+Sub,Direct prediction,750,14,2,2,True,Higher-order saddle point,Higher-order saddle point,True,False,False
HIP,MAE+Sub,Direct prediction,751,19,1,1,True,Transition state,Transition state,True,True,True
HIP,MAE+Sub,Direct prediction,752,14,1,1,True,Transition state,Transition state,True,True,True
HIP,MAE+Sub,Direct prediction,753,8,0,0,True,Minimum,Minimum,True,False,False
HIP,MAE+Sub,Direct prediction,754,12,1,1,True,Transition state,Transition state,True,True,True
HIP,MAE+Sub,Direct prediction,755,17,2,1,False,Higher-order saddle point,Transition state,False,False,True
HIP,MAE+Sub,Direct prediction,756,14,0,1,False,Minimum,Transition state,False,False,True
HIP,MAE+Sub,Direct prediction,757,11,1,1,True,Transition state,Transition state,True,True,True
HIP,MAE+Sub,Direct prediction,758,13,0,0,True,Minimum,Minimum,True,False,False
HIP,MAE+Sub,Direct prediction,759,16,2,2,True,Higher-order saddle point,Higher-order saddle point,True,False,False
HIP,MAE+Sub,Direct prediction,760,11,0,0,True,Minimum,Minimum,True,False,False
HIP,MAE+Sub,Direct prediction,761,11,1,1,True,Transition state,Transition state,True,True,True
HIP,MAE+Sub,Direct prediction,762,16,1,1,True,Transition state,Transition state,True,True,True
HIP,MAE+Sub,Direct prediction,763,15,3,4,False,Higher-order saddle point,Higher-order saddle point,True,False,False
HIP,MAE+Sub,Direct prediction,764,11,0,0,True,Minimum,Minimum,True,False,False
HIP,MAE+Sub,Direct prediction,765,12,1,1,True,Transition state,Transition state,True,True,True
HIP,MAE+Sub,Direct prediction,766,14,1,1,True,Transition state,Transition state,True,True,True
HIP,MAE+Sub,Direct prediction,767,12,1,1,True,Transition state,Transition state,True,True,True
HIP,MAE+Sub,Direct prediction,768,15,2,2,True,Higher-order saddle point,Higher-order saddle point,True,False,False
HIP,MAE+Sub,Direct prediction,769,14,1,1,True,Transition state,Transition state,True,True,True
HIP,MAE+Sub,Direct prediction,770,16,1,1,True,Transition state,Transition state,True,True,True
HIP,MAE+Sub,Direct prediction,771,13,0,0,True,Minimum,Minimum,True,False,False
HIP,MAE+Sub,Direct prediction,772,8,2,2,True,Higher-order saddle point,Higher-order saddle point,True,False,False
HIP,MAE+Sub,Direct prediction,773,12,1,0,False,Transition state,Minimum,False,True,False
HIP,MAE+Sub,Direct prediction,774,15,0,0,True,Minimum,Minimum,True,False,False
HIP,MAE+Sub,Direct prediction,775,13,2,2,True,Higher-order saddle point,Higher-order saddle point,True,False,False
HIP,MAE+Sub,Direct prediction,776,14,1,1,True,Transition state,Transition state,True,True,True
HIP,MAE+Sub,Direct prediction,777,14,0,0,True,Minimum,Minimum,True,False,False
HIP,MAE+Sub,Direct prediction,778,15,1,1,True,Transition state,Transition state,True,True,True
HIP,MAE+Sub,Direct prediction,779,12,0,0,True,Minimum,Minimum,True,False,False
HIP,MAE+Sub,Direct prediction,780,14,1,1,True,Transition state,Transition state,True,True,True
HIP,MAE+Sub,Direct prediction,781,11,1,1,True,Transition state,Transition state,True,True,True
HIP,MAE+Sub,Direct prediction,782,13,0,0,True,Minimum,Minimum,True,False,False
HIP,MAE+Sub,Direct prediction,783,14,0,0,True,Minimum,Minimum,True,False,False
HIP,MAE+Sub,Direct prediction,784,15,1,1,True,Transition state,Transition state,True,True,True
HIP,MAE+Sub,Direct prediction,785,15,1,1,True,Transition state,Transition state,True,True,True
HIP,MAE+Sub,Direct prediction,786,15,2,1,False,Higher-order saddle point,Transition state,False,False,True
HIP,MAE+Sub,Direct prediction,787,14,1,1,True,Transition state,Transition state,True,True,True
HIP,MAE+Sub,Direct prediction,788,18,2,2,True,Higher-order saddle point,Higher-order saddle point,True,False,False
HIP,MAE+Sub,Direct prediction,789,17,1,1,True,Transition state,Transition state,True,True,True
HIP,MAE+Sub,Direct prediction,790,15,2,2,True,Higher-order saddle point,Higher-order saddle point,True,False,False
HIP,MAE+Sub,Direct prediction,791,15,2,2,True,Higher-order saddle point,Higher-order saddle point,True,False,False
HIP,MAE+Sub,Direct prediction,792,15,1,1,True,Transition state,Transition state,True,True,True
HIP,MAE+Sub,Direct prediction,793,10,0,0,True,Minimum,Minimum,True,False,False
HIP,MAE+Sub,Direct prediction,794,17,1,0,False,Transition state,Minimum,False,True,False
HIP,MAE+Sub,Direct prediction,795,14,1,1,True,Transition state,Transition state,True,True,True
HIP,MAE+Sub,Direct prediction,796,15,0,0,True,Minimum,Minimum,True,False,False
HIP,MAE+Sub,Direct prediction,797,12,2,2,True,Higher-order saddle point,Higher-order saddle point,True,False,False
HIP,MAE+Sub,Direct prediction,798,16,0,0,True,Minimum,Minimum,True,False,False
HIP,MAE+Sub,Direct prediction,799,19,0,0,True,Minimum,Minimum,True,False,False
HIP,MAE+Sub,Direct prediction,800,13,1,1,True,Transition state,Transition state,True,True,True
HIP,MAE+Sub,Direct prediction,801,6,1,1,True,Transition state,Transition state,True,True,True
HIP,MAE+Sub,Direct prediction,802,9,0,0,True,Minimum,Minimum,True,False,False
HIP,MAE+Sub,Direct prediction,803,13,1,1,True,Transition state,Transition state,True,True,True
HIP,MAE+Sub,Direct prediction,804,15,0,0,True,Minimum,Minimum,True,False,False
HIP,MAE+Sub,Direct prediction,805,12,3,3,True,Higher-order saddle point,Higher-order saddle point,True,False,False
HIP,MAE+Sub,Direct prediction,806,14,0,0,True,Minimum,Minimum,True,False,False
HIP,MAE+Sub,Direct prediction,807,10,1,1,True,Transition state,Transition state,True,True,True
HIP,MAE+Sub,Direct prediction,808,13,1,1,True,Transition state,Transition state,True,True,True
HIP,MAE+Sub,Direct prediction,809,18,0,0,True,Minimum,Minimum,True,False,False
HIP,MAE+Sub,Direct prediction,810,12,2,3,False,Higher-order saddle point,Higher-order saddle point,True,False,False
HIP,MAE+Sub,Direct prediction,811,15,1,1,True,Transition state,Transition state,True,True,True
HIP,MAE+Sub,Direct prediction,812,14,1,1,True,Transition state,Transition state,True,True,True
HIP,MAE+Sub,Direct prediction,813,14,0,0,True,Minimum,Minimum,True,False,False
HIP,MAE+Sub,Direct prediction,814,9,0,0,True,Minimum,Minimum,True,False,False
HIP,MAE+Sub,Direct prediction,815,15,0,0,True,Minimum,Minimum,True,False,False
HIP,MAE+Sub,Direct prediction,816,16,1,1,True,Transition state,Transition state,True,True,True
HIP,MAE+Sub,Direct prediction,817,14,0,0,True,Minimum,Minimum,True,False,False
HIP,MAE+Sub,Direct prediction,818,18,3,3,True,Higher-order saddle point,Higher-order saddle point,True,False,False
HIP,MAE+Sub,Direct prediction,819,16,1,1,True,Transition state,Transition state,True,True,True
HIP,MAE+Sub,Direct prediction,820,10,0,0,True,Minimum,Minimum,True,False,False
HIP,MAE+Sub,Direct prediction,821,10,1,1,True,Transition state,Transition state,True,True,True
HIP,MAE+Sub,Direct prediction,822,14,1,1,True,Transition state,Transition state,True,True,True
HIP,MAE+Sub,Direct prediction,823,12,0,0,True,Minimum,Minimum,True,False,False
HIP,MAE+Sub,Direct prediction,824,17,1,1,True,Transition state,Transition state,True,True,True
HIP,MAE+Sub,Direct prediction,825,16,1,2,False,Transition state,Higher-order saddle point,False,True,False
HIP,MAE+Sub,Direct prediction,826,19,2,2,True,Higher-order saddle point,Higher-order saddle point,True,False,False
HIP,MAE+Sub,Direct prediction,827,13,0,0,True,Minimum,Minimum,True,False,False
HIP,MAE+Sub,Direct prediction,828,14,1,1,True,Transition state,Transition state,True,True,True
HIP,MAE+Sub,Direct prediction,829,13,2,1,False,Higher-order saddle point,Transition state,False,False,True
HIP,MAE+Sub,Direct prediction,830,11,1,1,True,Transition state,Transition state,True,True,True
HIP,MAE+Sub,Direct prediction,831,8,0,0,True,Minimum,Minimum,True,False,False
HIP,MAE+Sub,Direct prediction,832,16,3,3,True,Higher-order saddle point,Higher-order saddle point,True,False,False
HIP,MAE+Sub,Direct prediction,833,10,0,0,True,Minimum,Minimum,True,False,False
HIP,MAE+Sub,Direct prediction,834,14,0,0,True,Minimum,Minimum,True,False,False
HIP,MAE+Sub,Direct prediction,835,16,0,0,True,Minimum,Minimum,True,False,False
HIP,MAE+Sub,Direct prediction,836,21,1,1,True,Transition state,Transition state,True,True,True
HIP,MAE+Sub,Direct prediction,837,14,0,0,True,Minimum,Minimum,True,False,False
HIP,MAE+Sub,Direct prediction,838,12,1,1,True,Transition state,Transition state,True,True,True
HIP,MAE+Sub,Direct prediction,839,11,1,1,True,Transition state,Transition state,True,True,True
HIP,MAE+Sub,Direct prediction,840,14,1,1,True,Transition state,Transition state,True,True,True
HIP,MAE+Sub,Direct prediction,841,18,1,1,True,Transition state,Transition state,True,True,True
HIP,MAE+Sub,Direct prediction,842,11,3,3,True,Higher-order saddle point,Higher-order saddle point,True,False,False
HIP,MAE+Sub,Direct prediction,843,17,2,1,False,Higher-order saddle point,Transition state,False,False,True
HIP,MAE+Sub,Direct prediction,844,11,0,0,True,Minimum,Minimum,True,False,False
HIP,MAE+Sub,Direct prediction,845,15,1,1,True,Transition state,Transition state,True,True,True
HIP,MAE+Sub,Direct prediction,846,16,0,0,True,Minimum,Minimum,True,False,False
HIP,MAE+Sub,Direct prediction,847,12,1,1,True,Transition state,Transition state,True,True,True
HIP,MAE+Sub,Direct prediction,848,12,0,0,True,Minimum,Minimum,True,False,False
HIP,MAE+Sub,Direct prediction,849,9,1,1,True,Transition state,Transition state,True,True,True
HIP,MAE+Sub,Direct prediction,850,12,2,2,True,Higher-order saddle point,Higher-order saddle point,True,False,False
HIP,MAE+Sub,Direct prediction,851,16,0,0,True,Minimum,Minimum,True,False,False
HIP,MAE+Sub,Direct prediction,852,16,1,1,True,Transition state,Transition state,True,True,True
HIP,MAE+Sub,Direct prediction,853,12,2,2,True,Higher-order saddle point,Higher-order saddle point,True,False,False
HIP,MAE+Sub,Direct prediction,854,15,1,1,True,Transition state,Transition state,True,True,True
HIP,MAE+Sub,Direct prediction,855,10,0,0,True,Minimum,Minimum,True,False,False
HIP,MAE+Sub,Direct prediction,856,15,1,1,True,Transition state,Transition state,True,True,True
HIP,MAE+Sub,Direct prediction,857,15,0,0,True,Minimum,Minimum,True,False,False
HIP,MAE+Sub,Direct prediction,858,10,0,0,True,Minimum,Minimum,True,False,False
HIP,MAE+Sub,Direct prediction,859,10,0,0,True,Minimum,Minimum,True,False,False
HIP,MAE+Sub,Direct prediction,860,13,0,0,True,Minimum,Minimum,True,False,False
HIP,MAE+Sub,Direct prediction,861,18,0,0,True,Minimum,Minimum,True,False,False
HIP,MAE+Sub,Direct prediction,862,11,0,0,True,Minimum,Minimum,True,False,False
HIP,MAE+Sub,Direct prediction,863,16,0,0,True,Minimum,Minimum,True,False,False
HIP,MAE+Sub,Direct prediction,864,16,2,2,True,Higher-order saddle point,Higher-order saddle point,True,False,False
HIP,MAE+Sub,Direct prediction,865,13,2,2,True,Higher-order saddle point,Higher-order saddle point,True,False,False
HIP,MAE+Sub,Direct prediction,866,11,1,1,True,Transition state,Transition state,True,True,True
HIP,MAE+Sub,Direct prediction,867,13,1,1,True,Transition state,Transition state,True,True,True
HIP,MAE+Sub,Direct prediction,868,12,1,1,True,Transition state,Transition state,True,True,True
HIP,MAE+Sub,Direct prediction,869,14,2,2,True,Higher-order saddle point,Higher-order saddle point,True,False,False
HIP,MAE+Sub,Direct prediction,870,14,2,2,True,Higher-order saddle point,Higher-order saddle point,True,False,False
HIP,MAE+Sub,Direct prediction,871,15,3,2,False,Higher-order saddle point,Higher-order saddle point,True,False,False
HIP,MAE+Sub,Direct prediction,872,14,1,1,True,Transition state,Transition state,True,True,True
HIP,MAE+Sub,Direct prediction,873,21,1,1,True,Transition state,Transition state,True,True,True
HIP,MAE+Sub,Direct prediction,874,15,0,0,True,Minimum,Minimum,True,False,False
HIP,MAE+Sub,Direct prediction,875,11,1,1,True,Transition state,Transition state,True,True,True
HIP,MAE+Sub,Direct prediction,876,13,1,1,True,Transition state,Transition state,True,True,True
HIP,MAE+Sub,Direct prediction,877,14,1,1,True,Transition state,Transition state,True,True,True
HIP,MAE+Sub,Direct prediction,878,17,1,1,True,Transition state,Transition state,True,True,True
HIP,MAE+Sub,Direct prediction,879,13,1,1,True,Transition state,Transition state,True,True,True
HIP,MAE+Sub,Direct prediction,880,16,2,1,False,Higher-order saddle point,Transition state,False,False,True
HIP,MAE+Sub,Direct prediction,881,14,0,0,True,Minimum,Minimum,True,False,False
HIP,MAE+Sub,Direct prediction,882,16,1,1,True,Transition state,Transition state,True,True,True
HIP,MAE+Sub,Direct prediction,883,11,1,1,True,Transition state,Transition state,True,True,True
HIP,MAE+Sub,Direct prediction,884,10,0,0,True,Minimum,Minimum,True,False,False
HIP,MAE+Sub,Direct prediction,885,16,2,2,True,Higher-order saddle point,Higher-order saddle point,True,False,False
HIP,MAE+Sub,Direct prediction,886,13,0,0,True,Minimum,Minimum,True,False,False
HIP,MAE+Sub,Direct prediction,887,16,0,0,True,Minimum,Minimum,True,False,False
HIP,MAE+Sub,Direct prediction,888,17,1,1,True,Transition state,Transition state,True,True,True
HIP,MAE+Sub,Direct prediction,889,10,1,1,True,Transition state,Transition state,True,True,True
HIP,MAE+Sub,Direct prediction,890,11,1,1,True,Transition state,Transition state,True,True,True
HIP,MAE+Sub,Direct prediction,891,18,1,1,True,Transition state,Transition state,True,True,True
HIP,MAE+Sub,Direct prediction,892,16,1,1,True,Transition state,Transition state,True,True,True
HIP,MAE+Sub,Direct prediction,893,10,1,1,True,Transition state,Transition state,True,True,True
HIP,MAE+Sub,Direct prediction,894,16,1,1,True,Transition state,Transition state,True,True,True
HIP,MAE+Sub,Direct prediction,895,17,0,1,False,Minimum,Transition state,False,False,True
HIP,MAE+Sub,Direct prediction,896,14,0,0,True,Minimum,Minimum,True,False,False
HIP,MAE+Sub,Direct prediction,897,18,2,2,True,Higher-order saddle point,Higher-order saddle point,True,False,False
HIP,MAE+Sub,Direct prediction,898,13,0,0,True,Minimum,Minimum,True,False,False
HIP,MAE+Sub,Direct prediction,899,17,2,2,True,Higher-order saddle point,Higher-order saddle point,True,False,False
HIP,MAE+Sub,Direct prediction,900,14,0,0,True,Minimum,Minimum,True,False,False
HIP,MAE+Sub,Direct prediction,901,12,2,2,True,Higher-order saddle point,Higher-order saddle point,True,False,False
HIP,MAE+Sub,Direct prediction,902,18,3,3,True,Higher-order saddle point,Higher-order saddle point,True,False,False
HIP,MAE+Sub,Direct prediction,903,6,0,0,True,Minimum,Minimum,True,False,False
HIP,MAE+Sub,Direct prediction,904,19,0,0,True,Minimum,Minimum,True,False,False
HIP,MAE+Sub,Direct prediction,905,11,1,1,True,Transition state,Transition state,True,True,True
HIP,MAE+Sub,Direct prediction,906,12,1,1,True,Transition state,Transition state,True,True,True
HIP,MAE+Sub,Direct prediction,907,18,1,1,True,Transition state,Transition state,True,True,True
HIP,MAE+Sub,Direct prediction,908,12,2,2,True,Higher-order saddle point,Higher-order saddle point,True,False,False
HIP,MAE+Sub,Direct prediction,909,12,0,0,True,Minimum,Minimum,True,False,False
HIP,MAE+Sub,Direct prediction,910,15,0,0,True,Minimum,Minimum,True,False,False
HIP,MAE+Sub,Direct prediction,911,16,0,0,True,Minimum,Minimum,True,False,False
HIP,MAE+Sub,Direct prediction,912,16,1,1,True,Transition state,Transition state,True,True,True
HIP,MAE+Sub,Direct prediction,913,13,2,2,True,Higher-order saddle point,Higher-order saddle point,True,False,False
HIP,MAE+Sub,Direct prediction,914,15,0,0,True,Minimum,Minimum,True,False,False
HIP,MAE+Sub,Direct prediction,915,14,3,3,True,Higher-order saddle point,Higher-order saddle point,True,False,False
HIP,MAE+Sub,Direct prediction,916,11,2,2,True,Higher-order saddle point,Higher-order saddle point,True,False,False
HIP,MAE+Sub,Direct prediction,917,14,1,1,True,Transition state,Transition state,True,True,True
HIP,MAE+Sub,Direct prediction,918,14,1,1,True,Transition state,Transition state,True,True,True
HIP,MAE+Sub,Direct prediction,919,15,1,1,True,Transition state,Transition state,True,True,True
HIP,MAE+Sub,Direct prediction,920,14,1,1,True,Transition state,Transition state,True,True,True
HIP,MAE+Sub,Direct prediction,921,13,1,1,True,Transition state,Transition state,True,True,True
HIP,MAE+Sub,Direct prediction,922,13,1,1,True,Transition state,Transition state,True,True,True
HIP,MAE+Sub,Direct prediction,923,12,1,1,True,Transition state,Transition state,True,True,True
HIP,MAE+Sub,Direct prediction,924,15,1,1,True,Transition state,Transition state,True,True,True
HIP,MAE+Sub,Direct prediction,925,10,3,3,True,Higher-order saddle point,Higher-order saddle point,True,False,False
HIP,MAE+Sub,Direct prediction,926,17,0,0,True,Minimum,Minimum,True,False,False
HIP,MAE+Sub,Direct prediction,927,15,0,0,True,Minimum,Minimum,True,False,False
HIP,MAE+Sub,Direct prediction,928,16,1,1,True,Transition state,Transition state,True,True,True
HIP,MAE+Sub,Direct prediction,929,13,0,0,True,Minimum,Minimum,True,False,False
HIP,MAE+Sub,Direct prediction,930,20,0,0,True,Minimum,Minimum,True,False,False
HIP,MAE+Sub,Direct prediction,931,19,1,1,True,Transition state,Transition state,True,True,True
HIP,MAE+Sub,Direct prediction,932,15,1,1,True,Transition state,Transition state,True,True,True
HIP,MAE+Sub,Direct prediction,933,16,0,0,True,Minimum,Minimum,True,False,False
HIP,MAE+Sub,Direct prediction,934,8,0,0,True,Minimum,Minimum,True,False,False
HIP,MAE+Sub,Direct prediction,935,19,4,4,True,Higher-order saddle point,Higher-order saddle point,True,False,False
HIP,MAE+Sub,Direct prediction,936,14,1,1,True,Transition state,Transition state,True,True,True
HIP,MAE+Sub,Direct prediction,937,12,2,2,True,Higher-order saddle point,Higher-order saddle point,True,False,False
HIP,MAE+Sub,Direct prediction,938,11,0,0,True,Minimum,Minimum,True,False,False
HIP,MAE+Sub,Direct prediction,939,16,0,0,True,Minimum,Minimum,True,False,False
HIP,MAE+Sub,Direct prediction,940,12,1,1,True,Transition state,Transition state,True,True,True
HIP,MAE+Sub,Direct prediction,941,16,4,4,True,Higher-order saddle point,Higher-order saddle point,True,False,False
HIP,MAE+Sub,Direct prediction,942,11,0,0,True,Minimum,Minimum,True,False,False
HIP,MAE+Sub,Direct prediction,943,12,0,0,True,Minimum,Minimum,True,False,False
HIP,MAE+Sub,Direct prediction,944,13,0,0,True,Minimum,Minimum,True,False,False
HIP,MAE+Sub,Direct prediction,945,14,1,1,True,Transition state,Transition state,True,True,True
HIP,MAE+Sub,Direct prediction,946,13,1,1,True,Transition state,Transition state,True,True,True
HIP,MAE+Sub,Direct prediction,947,16,0,0,True,Minimum,Minimum,True,False,False
HIP,MAE+Sub,Direct prediction,948,9,2,2,True,Higher-order saddle point,Higher-order saddle point,True,False,False
HIP,MAE+Sub,Direct prediction,949,13,0,0,True,Minimum,Minimum,True,False,False
HIP,MAE+Sub,Direct prediction,950,14,1,1,True,Transition state,Transition state,True,True,True
HIP,MAE+Sub,Direct prediction,951,12,0,0,True,Minimum,Minimum,True,False,False
HIP,MAE+Sub,Direct prediction,952,16,0,0,True,Minimum,Minimum,True,False,False
HIP,MAE+Sub,Direct prediction,953,12,1,1,True,Transition state,Transition state,True,True,True
HIP,MAE+Sub,Direct prediction,954,14,3,3,True,Higher-order saddle point,Higher-order saddle point,True,False,False
HIP,MAE+Sub,Direct prediction,955,12,1,1,True,Transition state,Transition state,True,True,True
HIP,MAE+Sub,Direct prediction,956,12,1,1,True,Transition state,Transition state,True,True,True
HIP,MAE+Sub,Direct prediction,957,13,0,0,True,Minimum,Minimum,True,False,False
HIP,MAE+Sub,Direct prediction,958,15,0,0,True,Minimum,Minimum,True,False,False
HIP,MAE+Sub,Direct prediction,959,13,1,1,True,Transition state,Transition state,True,True,True
HIP,MAE+Sub,Direct prediction,960,16,1,1,True,Transition state,Transition state,True,True,True
HIP,MAE+Sub,Direct prediction,961,14,1,1,True,Transition state,Transition state,True,True,True
HIP,MAE+Sub,Direct prediction,962,13,2,2,True,Higher-order saddle point,Higher-order saddle point,True,False,False
HIP,MAE+Sub,Direct prediction,963,12,1,1,True,Transition state,Transition state,True,True,True
HIP,MAE+Sub,Direct prediction,964,16,0,0,True,Minimum,Minimum,True,False,False
HIP,MAE+Sub,Direct prediction,965,19,2,2,True,Higher-order saddle point,Higher-order saddle point,True,False,False
HIP,MAE+Sub,Direct prediction,966,14,2,2,True,Higher-order saddle point,Higher-order saddle point,True,False,False
HIP,MAE+Sub,Direct prediction,967,8,1,1,True,Transition state,Transition state,True,True,True
HIP,MAE+Sub,Direct prediction,968,11,0,0,True,Minimum,Minimum,True,False,False
HIP,MAE+Sub,Direct prediction,969,12,1,2,False,Transition state,Higher-order saddle point,False,True,False
HIP,MAE+Sub,Direct prediction,970,19,2,2,True,Higher-order saddle point,Higher-order saddle point,True,False,False
HIP,MAE+Sub,Direct prediction,971,12,1,1,True,Transition state,Transition state,True,True,True
HIP,MAE+Sub,Direct prediction,972,11,0,0,True,Minimum,Minimum,True,False,False
HIP,MAE+Sub,Direct prediction,973,19,0,0,True,Minimum,Minimum,True,False,False
HIP,MAE+Sub,Direct prediction,974,16,1,1,True,Transition state,Transition state,True,True,True
HIP,MAE+Sub,Direct prediction,975,12,0,0,True,Minimum,Minimum,True,False,False
HIP,MAE+Sub,Direct prediction,976,16,2,2,True,Higher-order saddle point,Higher-order saddle point,True,False,False
HIP,MAE+Sub,Direct prediction,977,14,1,1,True,Transition state,Transition state,True,True,True
HIP,MAE+Sub,Direct prediction,978,14,1,1,True,Transition state,Transition state,True,True,True
HIP,MAE+Sub,Direct prediction,979,10,1,1,True,Transition state,Transition state,True,True,True
HIP,MAE+Sub,Direct prediction,980,13,2,2,True,Higher-order saddle point,Higher-order saddle point,True,False,False
HIP,MAE+Sub,Direct prediction,981,9,0,0,True,Minimum,Minimum,True,False,False
HIP,MAE+Sub,Direct prediction,982,19,0,0,True,Minimum,Minimum,True,False,False
HIP,MAE+Sub,Direct prediction,983,18,0,0,True,Minimum,Minimum,True,False,False
HIP,MAE+Sub,Direct prediction,984,10,1,1,True,Transition state,Transition state,True,True,True
HIP,MAE+Sub,Direct prediction,985,17,2,2,True,Higher-order saddle point,Higher-order saddle point,True,False,False
HIP,MAE+Sub,Direct prediction,986,14,0,0,True,Minimum,Minimum,True,False,False
HIP,MAE+Sub,Direct prediction,987,15,0,1,False,Minimum,Transition state,False,False,True
HIP,MAE+Sub,Direct prediction,988,16,1,1,True,Transition state,Transition state,True,True,True
HIP,MAE+Sub,Direct prediction,989,18,0,0,True,Minimum,Minimum,True,False,False
HIP,MAE+Sub,Direct prediction,990,17,0,0,True,Minimum,Minimum,True,False,False
HIP,MAE+Sub,Direct prediction,991,13,1,1,True,Transition state,Transition state,True,True,True
HIP,MAE+Sub,Direct prediction,992,12,2,2,True,Higher-order saddle point,Higher-order saddle point,True,False,False
HIP,MAE+Sub,Direct prediction,993,15,2,1,False,Higher-order saddle point,Transition state,False,False,True
HIP,MAE+Sub,Direct prediction,994,11,1,1,True,Transition state,Transition state,True,True,True
HIP,MAE+Sub,Direct prediction,995,12,1,1,True,Transition state,Transition state,True,True,True
HIP,MAE+Sub,Direct prediction,996,10,1,1,True,Transition state,Transition state,True,True,True
HIP,MAE+Sub,Direct prediction,997,11,1,1,True,Transition state,Transition state,True,True,True
HIP,MAE+Sub,Direct prediction,998,12,1,1,True,Transition state,Transition state,True,True,True
HIP,MAE+Sub,Direct prediction,999,10,1,1,True,Transition state,Transition state,True,True,True
