model,sample_index,number_of_atoms,dft_negative_mode_count,predicted_negative_mode_count,exact_negative_mode_count_match,dft_stationary_point_class,predicted_stationary_point_class,three_class_match
AlphaNet AD,0,16,1,1,True,Transition state,Transition state,True
AlphaNet AD,1,16,1,1,True,Transition state,Transition state,True
AlphaNet AD,2,15,1,1,True,Transition state,Transition state,True
AlphaNet AD,3,18,0,2,False,Minimum,Higher-order saddle point,False
AlphaNet AD,4,16,0,0,True,Minimum,Minimum,True
AlphaNet AD,5,16,1,1,True,Transition state,Transition state,True
AlphaNet AD,6,16,1,1,True,Transition state,Transition state,True
AlphaNet AD,7,14,1,1,True,Transition state,Transition state,True
AlphaNet AD,8,15,0,0,True,Minimum,Minimum,True
AlphaNet AD,9,17,1,1,True,Transition state,Transition state,True
AlphaNet AD,10,15,2,2,True,Higher-order saddle point,Higher-order saddle point,True
AlphaNet AD,11,15,1,4,False,Transition state,Higher-order saddle point,False
AlphaNet AD,12,11,0,2,False,Minimum,Higher-order saddle point,False
AlphaNet AD,13,16,1,2,False,Transition state,Higher-order saddle point,False
AlphaNet AD,14,10,0,0,True,Minimum,Minimum,True
AlphaNet AD,15,18,1,0,False,Transition state,Minimum,False
AlphaNet AD,16,12,0,0,True,Minimum,Minimum,True
AlphaNet AD,17,10,2,2,True,Higher-order saddle point,Higher-order saddle point,True
AlphaNet AD,18,12,1,1,True,Transition state,Transition state,True
AlphaNet AD,19,14,1,3,False,Transition state,Higher-order saddle point,False
AlphaNet AD,20,15,1,0,False,Transition state,Minimum,False
AlphaNet AD,21,17,1,2,False,Transition state,Higher-order saddle point,False
AlphaNet AD,22,15,3,3,True,Higher-order saddle point,Higher-order saddle point,True
AlphaNet AD,23,16,0,0,True,Minimum,Minimum,True
AlphaNet AD,24,16,0,0,True,Minimum,Minimum,True
AlphaNet AD,25,16,1,1,True,Transition state,Transition state,True
AlphaNet AD,26,14,0,1,False,Minimum,Transition state,False
AlphaNet AD,27,15,2,3,False,Higher-order saddle point,Higher-order saddle point,True
AlphaNet AD,28,16,0,0,True,Minimum,Minimum,True
AlphaNet AD,29,14,2,4,False,Higher-order saddle point,Higher-order saddle point,True
AlphaNet AD,30,14,0,0,True,Minimum,Minimum,True
AlphaNet AD,31,14,0,0,True,Minimum,Minimum,True
AlphaNet AD,32,13,1,2,False,Transition state,Higher-order saddle point,False
AlphaNet AD,33,16,0,1,False,Minimum,Transition state,False
AlphaNet AD,34,14,0,0,True,Minimum,Minimum,True
AlphaNet AD,35,14,1,1,True,Transition state,Transition state,True
AlphaNet AD,36,15,1,2,False,Transition state,Higher-order saddle point,False
AlphaNet AD,37,11,2,4,False,Higher-order saddle point,Higher-order saddle point,True
AlphaNet AD,38,16,0,0,True,Minimum,Minimum,True
AlphaNet AD,39,11,1,2,False,Transition state,Higher-order saddle point,False
AlphaNet AD,40,14,2,2,True,Higher-order saddle point,Higher-order saddle point,True
AlphaNet AD,41,10,1,1,True,Transition state,Transition state,True
AlphaNet AD,42,13,1,1,True,Transition state,Transition state,True
AlphaNet AD,43,10,0,0,True,Minimum,Minimum,True
AlphaNet AD,44,15,1,1,True,Transition state,Transition state,True
AlphaNet AD,45,19,1,1,True,Transition state,Transition state,True
AlphaNet AD,46,12,1,1,True,Transition state,Transition state,True
AlphaNet AD,47,12,0,1,False,Minimum,Transition state,False
AlphaNet AD,48,17,2,3,False,Higher-order saddle point,Higher-order saddle point,True
AlphaNet AD,49,14,1,1,True,Transition state,Transition state,True
AlphaNet AD,50,17,3,3,True,Higher-order saddle point,Higher-order saddle point,True
AlphaNet AD,51,13,2,3,False,Higher-order saddle point,Higher-order saddle point,True
AlphaNet AD,52,11,0,0,True,Minimum,Minimum,True
AlphaNet AD,53,19,0,0,True,Minimum,Minimum,True
AlphaNet AD,54,19,0,0,True,Minimum,Minimum,True
AlphaNet AD,55,17,1,1,True,Transition state,Transition state,True
AlphaNet AD,56,17,1,0,False,Transition state,Minimum,False
AlphaNet AD,57,16,0,1,False,Minimum,Transition state,False
AlphaNet AD,58,17,0,1,False,Minimum,Transition state,False
AlphaNet AD,59,15,1,2,False,Transition state,Higher-order saddle point,False
AlphaNet AD,60,14,2,3,False,Higher-order saddle point,Higher-order saddle point,True
AlphaNet AD,61,15,0,0,True,Minimum,Minimum,True
AlphaNet AD,62,8,1,1,True,Transition state,Transition state,True
AlphaNet AD,63,19,1,3,False,Transition state,Higher-order saddle point,False
AlphaNet AD,64,17,0,0,True,Minimum,Minimum,True
AlphaNet AD,65,13,1,1,True,Transition state,Transition state,True
AlphaNet AD,66,16,3,3,True,Higher-order saddle point,Higher-order saddle point,True
AlphaNet AD,67,16,0,1,False,Minimum,Transition state,False
AlphaNet AD,68,14,1,1,True,Transition state,Transition state,True
AlphaNet AD,69,15,0,0,True,Minimum,Minimum,True
AlphaNet AD,70,14,0,1,False,Minimum,Transition state,False
AlphaNet AD,71,14,1,1,True,Transition state,Transition state,True
AlphaNet AD,72,14,0,0,True,Minimum,Minimum,True
AlphaNet AD,73,12,0,0,True,Minimum,Minimum,True
AlphaNet AD,74,16,1,1,True,Transition state,Transition state,True
AlphaNet AD,75,13,3,3,True,Higher-order saddle point,Higher-order saddle point,True
AlphaNet AD,76,16,1,1,True,Transition state,Transition state,True
AlphaNet AD,77,9,0,1,False,Minimum,Transition state,False
AlphaNet AD,78,11,1,2,False,Transition state,Higher-order saddle point,False
AlphaNet AD,79,16,1,1,True,Transition state,Transition state,True
AlphaNet AD,80,12,0,0,True,Minimum,Minimum,True
AlphaNet AD,81,12,0,0,True,Minimum,Minimum,True
AlphaNet AD,82,16,1,2,False,Transition state,Higher-order saddle point,False
AlphaNet AD,83,17,1,1,True,Transition state,Transition state,True
AlphaNet AD,84,13,0,1,False,Minimum,Transition state,False
AlphaNet AD,85,14,0,0,True,Minimum,Minimum,True
AlphaNet AD,86,12,0,0,True,Minimum,Minimum,True
AlphaNet AD,87,17,0,1,False,Minimum,Transition state,False
AlphaNet AD,88,13,1,1,True,Transition state,Transition state,True
AlphaNet AD,89,10,1,2,False,Transition state,Higher-order saddle point,False
AlphaNet AD,90,17,4,4,True,Higher-order saddle point,Higher-order saddle point,True
AlphaNet AD,91,14,0,0,True,Minimum,Minimum,True
AlphaNet AD,92,14,2,2,True,Higher-order saddle point,Higher-order saddle point,True
AlphaNet AD,93,14,0,0,True,Minimum,Minimum,True
AlphaNet AD,94,15,1,0,False,Transition state,Minimum,False
AlphaNet AD,95,13,1,1,True,Transition state,Transition state,True
AlphaNet AD,96,16,0,1,False,Minimum,Transition state,False
AlphaNet AD,97,10,1,1,True,Transition state,Transition state,True
AlphaNet AD,98,17,1,2,False,Transition state,Higher-order saddle point,False
AlphaNet AD,99,9,0,1,False,Minimum,Transition state,False
AlphaNet AD,100,10,1,2,False,Transition state,Higher-order saddle point,False
AlphaNet AD,101,12,1,2,False,Transition state,Higher-order saddle point,False
AlphaNet AD,102,15,0,0,True,Minimum,Minimum,True
AlphaNet AD,103,16,0,0,True,Minimum,Minimum,True
AlphaNet AD,104,9,1,1,True,Transition state,Transition state,True
AlphaNet AD,105,10,1,1,True,Transition state,Transition state,True
AlphaNet AD,106,11,0,1,False,Minimum,Transition state,False
AlphaNet AD,107,10,1,1,True,Transition state,Transition state,True
AlphaNet AD,108,13,3,3,True,Higher-order saddle point,Higher-order saddle point,True
AlphaNet AD,109,17,0,0,True,Minimum,Minimum,True
AlphaNet AD,110,7,0,0,True,Minimum,Minimum,True
AlphaNet AD,111,15,1,1,True,Transition state,Transition state,True
AlphaNet AD,112,13,1,1,True,Transition state,Transition state,True
AlphaNet AD,113,16,2,2,True,Higher-order saddle point,Higher-order saddle point,True
AlphaNet AD,114,11,0,1,False,Minimum,Transition state,False
AlphaNet AD,115,15,2,2,True,Higher-order saddle point,Higher-order saddle point,True
AlphaNet AD,116,13,0,0,True,Minimum,Minimum,True
AlphaNet AD,117,12,0,0,True,Minimum,Minimum,True
AlphaNet AD,118,14,1,2,False,Transition state,Higher-order saddle point,False
AlphaNet AD,119,12,0,0,True,Minimum,Minimum,True
AlphaNet AD,120,14,0,0,True,Minimum,Minimum,True
AlphaNet AD,121,16,2,3,False,Higher-order saddle point,Higher-order saddle point,True
AlphaNet AD,122,16,0,2,False,Minimum,Higher-order saddle point,False
AlphaNet AD,123,11,0,0,True,Minimum,Minimum,True
AlphaNet AD,124,15,0,0,True,Minimum,Minimum,True
AlphaNet AD,125,13,0,1,False,Minimum,Transition state,False
AlphaNet AD,126,10,1,1,True,Transition state,Transition state,True
AlphaNet AD,127,15,1,2,False,Transition state,Higher-order saddle point,False
AlphaNet AD,128,10,0,1,False,Minimum,Transition state,False
AlphaNet AD,129,18,2,2,True,Higher-order saddle point,Higher-order saddle point,True
AlphaNet AD,130,13,1,2,False,Transition state,Higher-order saddle point,False
AlphaNet AD,131,9,0,1,False,Minimum,Transition state,False
AlphaNet AD,132,16,0,0,True,Minimum,Minimum,True
AlphaNet AD,133,13,0,0,True,Minimum,Minimum,True
AlphaNet AD,134,12,0,0,True,Minimum,Minimum,True
AlphaNet AD,135,18,1,2,False,Transition state,Higher-order saddle point,False
AlphaNet AD,136,16,1,2,False,Transition state,Higher-order saddle point,False
AlphaNet AD,137,9,0,0,True,Minimum,Minimum,True
AlphaNet AD,138,15,0,0,True,Minimum,Minimum,True
AlphaNet AD,139,15,1,1,True,Transition state,Transition state,True
AlphaNet AD,140,16,2,3,False,Higher-order saddle point,Higher-order saddle point,True
AlphaNet AD,141,12,1,1,True,Transition state,Transition state,True
AlphaNet AD,142,12,1,1,True,Transition state,Transition state,True
AlphaNet AD,143,13,1,2,False,Transition state,Higher-order saddle point,False
AlphaNet AD,144,21,1,1,True,Transition state,Transition state,True
AlphaNet AD,145,15,1,1,True,Transition state,Transition state,True
AlphaNet AD,146,11,1,2,False,Transition state,Higher-order saddle point,False
AlphaNet AD,147,16,2,2,True,Higher-order saddle point,Higher-order saddle point,True
AlphaNet AD,148,12,1,1,True,Transition state,Transition state,True
AlphaNet AD,149,14,1,1,True,Transition state,Transition state,True
AlphaNet AD,150,14,1,4,False,Transition state,Higher-order saddle point,False
AlphaNet AD,151,19,1,1,True,Transition state,Transition state,True
AlphaNet AD,152,12,0,1,False,Minimum,Transition state,False
AlphaNet AD,153,12,1,1,True,Transition state,Transition state,True
AlphaNet AD,154,16,1,1,True,Transition state,Transition state,True
AlphaNet AD,155,9,1,1,True,Transition state,Transition state,True
AlphaNet AD,156,16,0,0,True,Minimum,Minimum,True
AlphaNet AD,157,16,3,3,True,Higher-order saddle point,Higher-order saddle point,True
AlphaNet AD,158,13,1,1,True,Transition state,Transition state,True
AlphaNet AD,159,12,1,3,False,Transition state,Higher-order saddle point,False
AlphaNet AD,160,13,1,1,True,Transition state,Transition state,True
AlphaNet AD,161,13,1,1,True,Transition state,Transition state,True
AlphaNet AD,162,16,1,1,True,Transition state,Transition state,True
AlphaNet AD,163,14,1,1,True,Transition state,Transition state,True
AlphaNet AD,164,13,0,0,True,Minimum,Minimum,True
AlphaNet AD,165,14,3,3,True,Higher-order saddle point,Higher-order saddle point,True
AlphaNet AD,166,11,1,1,True,Transition state,Transition state,True
AlphaNet AD,167,17,0,1,False,Minimum,Transition state,False
AlphaNet AD,168,9,2,2,True,Higher-order saddle point,Higher-order saddle point,True
AlphaNet AD,169,13,2,2,True,Higher-order saddle point,Higher-order saddle point,True
AlphaNet AD,170,11,1,1,True,Transition state,Transition state,True
AlphaNet AD,171,11,1,1,True,Transition state,Transition state,True
AlphaNet AD,172,13,0,0,True,Minimum,Minimum,True
AlphaNet AD,173,13,1,1,True,Transition state,Transition state,True
AlphaNet AD,174,12,1,1,True,Transition state,Transition state,True
AlphaNet AD,175,15,1,1,True,Transition state,Transition state,True
AlphaNet AD,176,16,1,1,True,Transition state,Transition state,True
AlphaNet AD,177,17,3,4,False,Higher-order saddle point,Higher-order saddle point,True
AlphaNet AD,178,8,1,1,True,Transition state,Transition state,True
AlphaNet AD,179,12,1,1,True,Transition state,Transition state,True
AlphaNet AD,180,11,1,0,False,Transition state,Minimum,False
AlphaNet AD,181,14,0,0,True,Minimum,Minimum,True
AlphaNet AD,182,9,0,0,True,Minimum,Minimum,True
AlphaNet AD,183,11,1,2,False,Transition state,Higher-order saddle point,False
AlphaNet AD,184,14,1,1,True,Transition state,Transition state,True
AlphaNet AD,185,18,2,2,True,Higher-order saddle point,Higher-order saddle point,True
AlphaNet AD,186,6,0,0,True,Minimum,Minimum,True
AlphaNet AD,187,19,1,1,True,Transition state,Transition state,True
AlphaNet AD,188,12,1,2,False,Transition state,Higher-order saddle point,False
AlphaNet AD,189,11,0,0,True,Minimum,Minimum,True
AlphaNet AD,190,11,2,3,False,Higher-order saddle point,Higher-order saddle point,True
AlphaNet AD,191,14,0,1,False,Minimum,Transition state,False
AlphaNet AD,192,11,0,0,True,Minimum,Minimum,True
AlphaNet AD,193,15,0,0,True,Minimum,Minimum,True
AlphaNet AD,194,16,0,0,True,Minimum,Minimum,True
AlphaNet AD,195,16,3,3,True,Higher-order saddle point,Higher-order saddle point,True
AlphaNet AD,196,16,3,3,True,Higher-order saddle point,Higher-order saddle point,True
AlphaNet AD,197,19,0,0,True,Minimum,Minimum,True
AlphaNet AD,198,11,1,1,True,Transition state,Transition state,True
AlphaNet AD,199,12,1,1,True,Transition state,Transition state,True
AlphaNet AD,200,17,1,1,True,Transition state,Transition state,True
AlphaNet AD,201,17,0,0,True,Minimum,Minimum,True
AlphaNet AD,202,5,0,0,True,Minimum,Minimum,True
AlphaNet AD,203,17,1,1,True,Transition state,Transition state,True
AlphaNet AD,204,10,0,1,False,Minimum,Transition state,False
AlphaNet AD,205,15,1,2,False,Transition state,Higher-order saddle point,False
AlphaNet AD,206,16,1,1,True,Transition state,Transition state,True
AlphaNet AD,207,10,0,0,True,Minimum,Minimum,True
AlphaNet AD,208,10,0,0,True,Minimum,Minimum,True
AlphaNet AD,209,14,2,2,True,Higher-order saddle point,Higher-order saddle point,True
AlphaNet AD,210,14,1,2,False,Transition state,Higher-order saddle point,False
AlphaNet AD,211,15,0,0,True,Minimum,Minimum,True
AlphaNet AD,212,13,1,1,True,Transition state,Transition state,True
AlphaNet AD,213,15,0,0,True,Minimum,Minimum,True
AlphaNet AD,214,17,2,2,True,Higher-order saddle point,Higher-order saddle point,True
AlphaNet AD,215,10,1,2,False,Transition state,Higher-order saddle point,False
AlphaNet AD,216,10,0,1,False,Minimum,Transition state,False
AlphaNet AD,217,15,2,2,True,Higher-order saddle point,Higher-order saddle point,True
AlphaNet AD,218,15,1,1,True,Transition state,Transition state,True
AlphaNet AD,219,12,1,1,True,Transition state,Transition state,True
AlphaNet AD,220,16,2,2,True,Higher-order saddle point,Higher-order saddle point,True
AlphaNet AD,221,16,2,1,False,Higher-order saddle point,Transition state,False
AlphaNet AD,222,16,0,0,True,Minimum,Minimum,True
AlphaNet AD,223,12,0,0,True,Minimum,Minimum,True
AlphaNet AD,224,14,3,2,False,Higher-order saddle point,Higher-order saddle point,True
AlphaNet AD,225,19,0,0,True,Minimum,Minimum,True
AlphaNet AD,226,11,0,1,False,Minimum,Transition state,False
AlphaNet AD,227,12,2,2,True,Higher-order saddle point,Higher-order saddle point,True
AlphaNet AD,228,8,2,1,False,Higher-order saddle point,Transition state,False
AlphaNet AD,229,14,0,1,False,Minimum,Transition state,False
AlphaNet AD,230,16,1,1,True,Transition state,Transition state,True
AlphaNet AD,231,11,0,0,True,Minimum,Minimum,True
AlphaNet AD,232,13,0,0,True,Minimum,Minimum,True
AlphaNet AD,233,17,0,0,True,Minimum,Minimum,True
AlphaNet AD,234,16,1,1,True,Transition state,Transition state,True
AlphaNet AD,235,14,1,1,True,Transition state,Transition state,True
AlphaNet AD,236,12,1,1,True,Transition state,Transition state,True
AlphaNet AD,237,14,3,3,True,Higher-order saddle point,Higher-order saddle point,True
AlphaNet AD,238,11,1,1,True,Transition state,Transition state,True
AlphaNet AD,239,14,4,3,False,Higher-order saddle point,Higher-order saddle point,True
AlphaNet AD,240,11,1,2,False,Transition state,Higher-order saddle point,False
AlphaNet AD,241,8,0,2,False,Minimum,Higher-order saddle point,False
AlphaNet AD,242,9,2,1,False,Higher-order saddle point,Transition state,False
AlphaNet AD,243,11,1,1,True,Transition state,Transition state,True
AlphaNet AD,244,12,1,1,True,Transition state,Transition state,True
AlphaNet AD,245,11,1,1,True,Transition state,Transition state,True
AlphaNet AD,246,12,0,1,False,Minimum,Transition state,False
AlphaNet AD,247,16,0,0,True,Minimum,Minimum,True
AlphaNet AD,248,16,0,0,True,Minimum,Minimum,True
AlphaNet AD,249,15,2,2,True,Higher-order saddle point,Higher-order saddle point,True
AlphaNet AD,250,17,0,0,True,Minimum,Minimum,True
AlphaNet AD,251,14,3,4,False,Higher-order saddle point,Higher-order saddle point,True
AlphaNet AD,252,11,1,2,False,Transition state,Higher-order saddle point,False
AlphaNet AD,253,19,0,0,True,Minimum,Minimum,True
AlphaNet AD,254,16,0,1,False,Minimum,Transition state,False
AlphaNet AD,255,12,1,0,False,Transition state,Minimum,False
AlphaNet AD,256,15,0,0,True,Minimum,Minimum,True
AlphaNet AD,257,14,0,0,True,Minimum,Minimum,True
AlphaNet AD,258,11,2,2,True,Higher-order saddle point,Higher-order saddle point,True
AlphaNet AD,259,12,1,2,False,Transition state,Higher-order saddle point,False
AlphaNet AD,260,15,1,2,False,Transition state,Higher-order saddle point,False
AlphaNet AD,261,13,2,2,True,Higher-order saddle point,Higher-order saddle point,True
AlphaNet AD,262,19,0,1,False,Minimum,Transition state,False
AlphaNet AD,263,12,2,2,True,Higher-order saddle point,Higher-order saddle point,True
AlphaNet AD,264,12,0,0,True,Minimum,Minimum,True
AlphaNet AD,265,12,2,2,True,Higher-order saddle point,Higher-order saddle point,True
AlphaNet AD,266,15,0,0,True,Minimum,Minimum,True
AlphaNet AD,267,14,1,1,True,Transition state,Transition state,True
AlphaNet AD,268,12,0,0,True,Minimum,Minimum,True
AlphaNet AD,269,14,1,1,True,Transition state,Transition state,True
AlphaNet AD,270,12,3,4,False,Higher-order saddle point,Higher-order saddle point,True
AlphaNet AD,271,18,0,0,True,Minimum,Minimum,True
AlphaNet AD,272,9,1,2,False,Transition state,Higher-order saddle point,False
AlphaNet AD,273,8,1,1,True,Transition state,Transition state,True
AlphaNet AD,274,18,0,0,True,Minimum,Minimum,True
AlphaNet AD,275,10,1,2,False,Transition state,Higher-order saddle point,False
AlphaNet AD,276,14,1,1,True,Transition state,Transition state,True
AlphaNet AD,277,13,0,0,True,Minimum,Minimum,True
AlphaNet AD,278,17,0,0,True,Minimum,Minimum,True
AlphaNet AD,279,16,2,5,False,Higher-order saddle point,Higher-order saddle point,True
AlphaNet AD,280,18,1,1,True,Transition state,Transition state,True
AlphaNet AD,281,14,1,2,False,Transition state,Higher-order saddle point,False
AlphaNet AD,282,14,2,2,True,Higher-order saddle point,Higher-order saddle point,True
AlphaNet AD,283,15,2,3,False,Higher-order saddle point,Higher-order saddle point,True
AlphaNet AD,284,12,1,1,True,Transition state,Transition state,True
AlphaNet AD,285,17,1,2,False,Transition state,Higher-order saddle point,False
AlphaNet AD,286,14,0,0,True,Minimum,Minimum,True
AlphaNet AD,287,10,1,1,True,Transition state,Transition state,True
AlphaNet AD,288,13,0,1,False,Minimum,Transition state,False
AlphaNet AD,289,12,1,2,False,Transition state,Higher-order saddle point,False
AlphaNet AD,290,14,1,1,True,Transition state,Transition state,True
AlphaNet AD,291,13,1,1,True,Transition state,Transition state,True
AlphaNet AD,292,17,1,0,False,Transition state,Minimum,False
AlphaNet AD,293,12,0,0,True,Minimum,Minimum,True
AlphaNet AD,294,15,1,1,True,Transition state,Transition state,True
AlphaNet AD,295,5,0,0,True,Minimum,Minimum,True
AlphaNet AD,296,14,1,1,True,Transition state,Transition state,True
AlphaNet AD,297,15,1,1,True,Transition state,Transition state,True
AlphaNet AD,298,13,0,0,True,Minimum,Minimum,True
AlphaNet AD,299,14,1,1,True,Transition state,Transition state,True
AlphaNet AD,300,15,2,1,False,Higher-order saddle point,Transition state,False
AlphaNet AD,301,17,2,2,True,Higher-order saddle point,Higher-order saddle point,True
AlphaNet AD,302,12,1,0,False,Transition state,Minimum,False
AlphaNet AD,303,11,1,0,False,Transition state,Minimum,False
AlphaNet AD,304,18,1,1,True,Transition state,Transition state,True
AlphaNet AD,305,14,0,0,True,Minimum,Minimum,True
AlphaNet AD,306,16,4,5,False,Higher-order saddle point,Higher-order saddle point,True
AlphaNet AD,307,15,3,3,True,Higher-order saddle point,Higher-order saddle point,True
AlphaNet AD,308,18,1,2,False,Transition state,Higher-order saddle point,False
AlphaNet AD,309,16,2,2,True,Higher-order saddle point,Higher-order saddle point,True
AlphaNet AD,310,11,0,0,True,Minimum,Minimum,True
AlphaNet AD,311,14,1,1,True,Transition state,Transition state,True
AlphaNet AD,312,9,0,1,False,Minimum,Transition state,False
AlphaNet AD,313,15,2,2,True,Higher-order saddle point,Higher-order saddle point,True
AlphaNet AD,314,13,1,1,True,Transition state,Transition state,True
AlphaNet AD,315,14,1,1,True,Transition state,Transition state,True
AlphaNet AD,316,14,3,2,False,Higher-order saddle point,Higher-order saddle point,True
AlphaNet AD,317,9,0,0,True,Minimum,Minimum,True
AlphaNet AD,318,17,0,1,False,Minimum,Transition state,False
AlphaNet AD,319,10,1,2,False,Transition state,Higher-order saddle point,False
AlphaNet AD,320,15,0,0,True,Minimum,Minimum,True
AlphaNet AD,321,15,0,0,True,Minimum,Minimum,True
AlphaNet AD,322,10,0,1,False,Minimum,Transition state,False
AlphaNet AD,323,15,2,2,True,Higher-order saddle point,Higher-order saddle point,True
AlphaNet AD,324,15,0,0,True,Minimum,Minimum,True
AlphaNet AD,325,15,0,0,True,Minimum,Minimum,True
AlphaNet AD,326,10,1,1,True,Transition state,Transition state,True
AlphaNet AD,327,13,2,2,True,Higher-order saddle point,Higher-order saddle point,True
AlphaNet AD,328,14,1,1,True,Transition state,Transition state,True
AlphaNet AD,329,14,2,2,True,Higher-order saddle point,Higher-order saddle point,True
AlphaNet AD,330,19,0,1,False,Minimum,Transition state,False
AlphaNet AD,331,15,1,1,True,Transition state,Transition state,True
AlphaNet AD,332,16,1,1,True,Transition state,Transition state,True
AlphaNet AD,333,16,1,2,False,Transition state,Higher-order saddle point,False
AlphaNet AD,334,13,2,2,True,Higher-order saddle point,Higher-order saddle point,True
AlphaNet AD,335,11,0,0,True,Minimum,Minimum,True
AlphaNet AD,336,12,1,1,True,Transition state,Transition state,True
AlphaNet AD,337,12,0,0,True,Minimum,Minimum,True
AlphaNet AD,338,15,1,2,False,Transition state,Higher-order saddle point,False
AlphaNet AD,339,13,0,0,True,Minimum,Minimum,True
AlphaNet AD,340,15,3,3,True,Higher-order saddle point,Higher-order saddle point,True
AlphaNet AD,341,13,1,2,False,Transition state,Higher-order saddle point,False
AlphaNet AD,342,10,0,0,True,Minimum,Minimum,True
AlphaNet AD,343,12,0,0,True,Minimum,Minimum,True
AlphaNet AD,344,11,0,0,True,Minimum,Minimum,True
AlphaNet AD,345,15,1,1,True,Transition state,Transition state,True
AlphaNet AD,346,16,2,2,True,Higher-order saddle point,Higher-order saddle point,True
AlphaNet AD,347,14,1,1,True,Transition state,Transition state,True
AlphaNet AD,348,16,1,2,False,Transition state,Higher-order saddle point,False
AlphaNet AD,349,12,1,2,False,Transition state,Higher-order saddle point,False
AlphaNet AD,350,16,0,1,False,Minimum,Transition state,False
AlphaNet AD,351,18,1,1,True,Transition state,Transition state,True
AlphaNet AD,352,10,0,0,True,Minimum,Minimum,True
AlphaNet AD,353,12,2,3,False,Higher-order saddle point,Higher-order saddle point,True
AlphaNet AD,354,11,1,1,True,Transition state,Transition state,True
AlphaNet AD,355,12,0,0,True,Minimum,Minimum,True
AlphaNet AD,356,13,1,1,True,Transition state,Transition state,True
AlphaNet AD,357,17,0,0,True,Minimum,Minimum,True
AlphaNet AD,358,13,0,0,True,Minimum,Minimum,True
AlphaNet AD,359,15,1,1,True,Transition state,Transition state,True
AlphaNet AD,360,16,1,2,False,Transition state,Higher-order saddle point,False
AlphaNet AD,361,19,1,1,True,Transition state,Transition state,True
AlphaNet AD,362,16,2,2,True,Higher-order saddle point,Higher-order saddle point,True
AlphaNet AD,363,14,0,0,True,Minimum,Minimum,True
AlphaNet AD,364,17,4,4,True,Higher-order saddle point,Higher-order saddle point,True
AlphaNet AD,365,11,0,0,True,Minimum,Minimum,True
AlphaNet AD,366,19,2,2,True,Higher-order saddle point,Higher-order saddle point,True
AlphaNet AD,367,7,0,0,True,Minimum,Minimum,True
AlphaNet AD,368,10,1,2,False,Transition state,Higher-order saddle point,False
AlphaNet AD,369,16,2,2,True,Higher-order saddle point,Higher-order saddle point,True
AlphaNet AD,370,15,1,2,False,Transition state,Higher-order saddle point,False
AlphaNet AD,371,15,0,0,True,Minimum,Minimum,True
AlphaNet AD,372,14,0,0,True,Minimum,Minimum,True
AlphaNet AD,373,10,2,3,False,Higher-order saddle point,Higher-order saddle point,True
AlphaNet AD,374,12,0,0,True,Minimum,Minimum,True
AlphaNet AD,375,12,1,1,True,Transition state,Transition state,True
AlphaNet AD,376,16,1,1,True,Transition state,Transition state,True
AlphaNet AD,377,11,1,1,True,Transition state,Transition state,True
AlphaNet AD,378,17,1,1,True,Transition state,Transition state,True
AlphaNet AD,379,13,1,1,True,Transition state,Transition state,True
AlphaNet AD,380,8,2,3,False,Higher-order saddle point,Higher-order saddle point,True
AlphaNet AD,381,9,0,2,False,Minimum,Higher-order saddle point,False
AlphaNet AD,382,12,0,0,True,Minimum,Minimum,True
AlphaNet AD,383,10,1,1,True,Transition state,Transition state,True
AlphaNet AD,384,14,0,1,False,Minimum,Transition state,False
AlphaNet AD,385,14,0,0,True,Minimum,Minimum,True
AlphaNet AD,386,13,2,2,True,Higher-order saddle point,Higher-order saddle point,True
AlphaNet AD,387,16,1,1,True,Transition state,Transition state,True
AlphaNet AD,388,12,0,0,True,Minimum,Minimum,True
AlphaNet AD,389,16,1,1,True,Transition state,Transition state,True
AlphaNet AD,390,13,3,4,False,Higher-order saddle point,Higher-order saddle point,True
AlphaNet AD,391,15,2,2,True,Higher-order saddle point,Higher-order saddle point,True
AlphaNet AD,392,11,0,1,False,Minimum,Transition state,False
AlphaNet AD,393,9,0,0,True,Minimum,Minimum,True
AlphaNet AD,394,13,0,0,True,Minimum,Minimum,True
AlphaNet AD,395,13,2,2,True,Higher-order saddle point,Higher-order saddle point,True
AlphaNet AD,396,10,1,2,False,Transition state,Higher-order saddle point,False
AlphaNet AD,397,13,0,0,True,Minimum,Minimum,True
AlphaNet AD,398,9,0,0,True,Minimum,Minimum,True
AlphaNet AD,399,14,2,2,True,Higher-order saddle point,Higher-order saddle point,True
AlphaNet AD,400,14,0,1,False,Minimum,Transition state,False
AlphaNet AD,401,14,0,1,False,Minimum,Transition state,False
AlphaNet AD,402,15,1,1,True,Transition state,Transition state,True
AlphaNet AD,403,16,1,1,True,Transition state,Transition state,True
AlphaNet AD,404,12,0,0,True,Minimum,Minimum,True
AlphaNet AD,405,12,3,3,True,Higher-order saddle point,Higher-order saddle point,True
AlphaNet AD,406,12,2,4,False,Higher-order saddle point,Higher-order saddle point,True
AlphaNet AD,407,14,0,0,True,Minimum,Minimum,True
AlphaNet AD,408,10,0,0,True,Minimum,Minimum,True
AlphaNet AD,409,18,2,1,False,Higher-order saddle point,Transition state,False
AlphaNet AD,410,6,0,0,True,Minimum,Minimum,True
AlphaNet AD,411,12,0,0,True,Minimum,Minimum,True
AlphaNet AD,412,11,1,1,True,Transition state,Transition state,True
AlphaNet AD,413,19,3,3,True,Higher-order saddle point,Higher-order saddle point,True
AlphaNet AD,414,16,2,5,False,Higher-order saddle point,Higher-order saddle point,True
AlphaNet AD,415,13,3,4,False,Higher-order saddle point,Higher-order saddle point,True
AlphaNet AD,416,17,1,0,False,Transition state,Minimum,False
AlphaNet AD,417,12,0,0,True,Minimum,Minimum,True
AlphaNet AD,418,12,0,0,True,Minimum,Minimum,True
AlphaNet AD,419,13,1,2,False,Transition state,Higher-order saddle point,False
AlphaNet AD,420,11,0,1,False,Minimum,Transition state,False
AlphaNet AD,421,15,3,3,True,Higher-order saddle point,Higher-order saddle point,True
AlphaNet AD,422,19,0,2,False,Minimum,Higher-order saddle point,False
AlphaNet AD,423,16,3,3,True,Higher-order saddle point,Higher-order saddle point,True
AlphaNet AD,424,14,4,5,False,Higher-order saddle point,Higher-order saddle point,True
AlphaNet AD,425,14,1,1,True,Transition state,Transition state,True
AlphaNet AD,426,15,1,2,False,Transition state,Higher-order saddle point,False
AlphaNet AD,427,10,0,0,True,Minimum,Minimum,True
AlphaNet AD,428,10,1,1,True,Transition state,Transition state,True
AlphaNet AD,429,14,0,1,False,Minimum,Transition state,False
AlphaNet AD,430,14,0,1,False,Minimum,Transition state,False
AlphaNet AD,431,15,0,0,True,Minimum,Minimum,True
AlphaNet AD,432,16,0,0,True,Minimum,Minimum,True
AlphaNet AD,433,15,1,1,True,Transition state,Transition state,True
AlphaNet AD,434,12,0,1,False,Minimum,Transition state,False
AlphaNet AD,435,15,1,2,False,Transition state,Higher-order saddle point,False
AlphaNet AD,436,15,0,0,True,Minimum,Minimum,True
AlphaNet AD,437,11,2,3,False,Higher-order saddle point,Higher-order saddle point,True
AlphaNet AD,438,13,0,0,True,Minimum,Minimum,True
AlphaNet AD,439,15,0,1,False,Minimum,Transition state,False
AlphaNet AD,440,16,1,1,True,Transition state,Transition state,True
AlphaNet AD,441,16,4,4,True,Higher-order saddle point,Higher-order saddle point,True
AlphaNet AD,442,15,2,2,True,Higher-order saddle point,Higher-order saddle point,True
AlphaNet AD,443,16,2,2,True,Higher-order saddle point,Higher-order saddle point,True
AlphaNet AD,444,13,1,3,False,Transition state,Higher-order saddle point,False
AlphaNet AD,445,14,0,1,False,Minimum,Transition state,False
AlphaNet AD,446,18,0,1,False,Minimum,Transition state,False
AlphaNet AD,447,11,1,1,True,Transition state,Transition state,True
AlphaNet AD,448,10,1,2,False,Transition state,Higher-order saddle point,False
AlphaNet AD,449,14,2,2,True,Higher-order saddle point,Higher-order saddle point,True
AlphaNet AD,450,18,0,0,True,Minimum,Minimum,True
AlphaNet AD,451,13,1,1,True,Transition state,Transition state,True
AlphaNet AD,452,19,2,2,True,Higher-order saddle point,Higher-order saddle point,True
AlphaNet AD,453,13,1,1,True,Transition state,Transition state,True
AlphaNet AD,454,10,3,3,True,Higher-order saddle point,Higher-order saddle point,True
AlphaNet AD,455,12,0,0,True,Minimum,Minimum,True
AlphaNet AD,456,14,1,1,True,Transition state,Transition state,True
AlphaNet AD,457,14,1,1,True,Transition state,Transition state,True
AlphaNet AD,458,10,0,0,True,Minimum,Minimum,True
AlphaNet AD,459,19,1,2,False,Transition state,Higher-order saddle point,False
AlphaNet AD,460,16,1,3,False,Transition state,Higher-order saddle point,False
AlphaNet AD,461,14,0,0,True,Minimum,Minimum,True
AlphaNet AD,462,11,0,1,False,Minimum,Transition state,False
AlphaNet AD,463,11,1,1,True,Transition state,Transition state,True
AlphaNet AD,464,15,2,2,True,Higher-order saddle point,Higher-order saddle point,True
AlphaNet AD,465,14,0,1,False,Minimum,Transition state,False
AlphaNet AD,466,15,2,3,False,Higher-order saddle point,Higher-order saddle point,True
AlphaNet AD,467,13,0,0,True,Minimum,Minimum,True
AlphaNet AD,468,16,1,2,False,Transition state,Higher-order saddle point,False
AlphaNet AD,469,11,0,0,True,Minimum,Minimum,True
AlphaNet AD,470,15,1,1,True,Transition state,Transition state,True
AlphaNet AD,471,13,0,2,False,Minimum,Higher-order saddle point,False
AlphaNet AD,472,9,1,2,False,Transition state,Higher-order saddle point,False
AlphaNet AD,473,17,1,2,False,Transition state,Higher-order saddle point,False
AlphaNet AD,474,13,0,1,False,Minimum,Transition state,False
AlphaNet AD,475,12,0,0,True,Minimum,Minimum,True
AlphaNet AD,476,13,0,1,False,Minimum,Transition state,False
AlphaNet AD,477,14,2,2,True,Higher-order saddle point,Higher-order saddle point,True
AlphaNet AD,478,12,1,1,True,Transition state,Transition state,True
AlphaNet AD,479,16,0,1,False,Minimum,Transition state,False
AlphaNet AD,480,16,3,3,True,Higher-order saddle point,Higher-order saddle point,True
AlphaNet AD,481,18,1,1,True,Transition state,Transition state,True
AlphaNet AD,482,13,1,1,True,Transition state,Transition state,True
AlphaNet AD,483,14,0,1,False,Minimum,Transition state,False
AlphaNet AD,484,11,4,5,False,Higher-order saddle point,Higher-order saddle point,True
AlphaNet AD,485,17,1,2,False,Transition state,Higher-order saddle point,False
AlphaNet AD,486,16,2,2,True,Higher-order saddle point,Higher-order saddle point,True
AlphaNet AD,487,15,0,0,True,Minimum,Minimum,True
AlphaNet AD,488,16,4,2,False,Higher-order saddle point,Higher-order saddle point,True
AlphaNet AD,489,16,1,1,True,Transition state,Transition state,True
AlphaNet AD,490,9,2,2,True,Higher-order saddle point,Higher-order saddle point,True
AlphaNet AD,491,11,0,0,True,Minimum,Minimum,True
AlphaNet AD,492,16,2,2,True,Higher-order saddle point,Higher-order saddle point,True
AlphaNet AD,493,12,2,3,False,Higher-order saddle point,Higher-order saddle point,True
AlphaNet AD,494,14,0,0,True,Minimum,Minimum,True
AlphaNet AD,495,13,1,1,True,Transition state,Transition state,True
AlphaNet AD,496,14,1,1,True,Transition state,Transition state,True
AlphaNet AD,497,11,0,0,True,Minimum,Minimum,True
AlphaNet AD,498,15,0,0,True,Minimum,Minimum,True
AlphaNet AD,499,15,1,2,False,Transition state,Higher-order saddle point,False
AlphaNet AD,500,12,1,1,True,Transition state,Transition state,True
AlphaNet AD,501,10,1,1,True,Transition state,Transition state,True
AlphaNet AD,502,16,1,1,True,Transition state,Transition state,True
AlphaNet AD,503,13,0,0,True,Minimum,Minimum,True
AlphaNet AD,504,10,2,2,True,Higher-order saddle point,Higher-order saddle point,True
AlphaNet AD,505,12,0,0,True,Minimum,Minimum,True
AlphaNet AD,506,21,1,2,False,Transition state,Higher-order saddle point,False
AlphaNet AD,507,10,0,2,False,Minimum,Higher-order saddle point,False
AlphaNet AD,508,18,1,1,True,Transition state,Transition state,True
AlphaNet AD,509,12,1,1,True,Transition state,Transition state,True
AlphaNet AD,510,16,0,1,False,Minimum,Transition state,False
AlphaNet AD,511,17,1,1,True,Transition state,Transition state,True
AlphaNet AD,512,21,3,3,True,Higher-order saddle point,Higher-order saddle point,True
AlphaNet AD,513,18,2,3,False,Higher-order saddle point,Higher-order saddle point,True
AlphaNet AD,514,13,1,1,True,Transition state,Transition state,True
AlphaNet AD,515,15,1,4,False,Transition state,Higher-order saddle point,False
AlphaNet AD,516,10,0,1,False,Minimum,Transition state,False
AlphaNet AD,517,17,1,1,True,Transition state,Transition state,True
AlphaNet AD,518,15,0,0,True,Minimum,Minimum,True
AlphaNet AD,519,12,1,1,True,Transition state,Transition state,True
AlphaNet AD,520,15,1,1,True,Transition state,Transition state,True
AlphaNet AD,521,14,1,1,True,Transition state,Transition state,True
AlphaNet AD,522,16,1,1,True,Transition state,Transition state,True
AlphaNet AD,523,12,3,3,True,Higher-order saddle point,Higher-order saddle point,True
AlphaNet AD,524,10,0,0,True,Minimum,Minimum,True
AlphaNet AD,525,12,0,0,True,Minimum,Minimum,True
AlphaNet AD,526,13,1,1,True,Transition state,Transition state,True
AlphaNet AD,527,15,1,1,True,Transition state,Transition state,True
AlphaNet AD,528,19,2,2,True,Higher-order saddle point,Higher-order saddle point,True
AlphaNet AD,529,10,1,1,True,Transition state,Transition state,True
AlphaNet AD,530,11,1,2,False,Transition state,Higher-order saddle point,False
AlphaNet AD,531,16,0,1,False,Minimum,Transition state,False
AlphaNet AD,532,15,0,0,True,Minimum,Minimum,True
AlphaNet AD,533,15,1,0,False,Transition state,Minimum,False
AlphaNet AD,534,14,2,3,False,Higher-order saddle point,Higher-order saddle point,True
AlphaNet AD,535,13,1,1,True,Transition state,Transition state,True
AlphaNet AD,536,12,3,3,True,Higher-order saddle point,Higher-order saddle point,True
AlphaNet AD,537,15,2,3,False,Higher-order saddle point,Higher-order saddle point,True
AlphaNet AD,538,16,0,1,False,Minimum,Transition state,False
AlphaNet AD,539,15,1,1,True,Transition state,Transition state,True
AlphaNet AD,540,11,1,1,True,Transition state,Transition state,True
AlphaNet AD,541,13,1,1,True,Transition state,Transition state,True
AlphaNet AD,542,14,1,2,False,Transition state,Higher-order saddle point,False
AlphaNet AD,543,16,0,0,True,Minimum,Minimum,True
AlphaNet AD,544,11,1,1,True,Transition state,Transition state,True
AlphaNet AD,545,14,0,0,True,Minimum,Minimum,True
AlphaNet AD,546,13,2,3,False,Higher-order saddle point,Higher-order saddle point,True
AlphaNet AD,547,11,1,1,True,Transition state,Transition state,True
AlphaNet AD,548,13,0,1,False,Minimum,Transition state,False
AlphaNet AD,549,14,1,1,True,Transition state,Transition state,True
AlphaNet AD,550,13,0,0,True,Minimum,Minimum,True
AlphaNet AD,551,9,2,1,False,Higher-order saddle point,Transition state,False
AlphaNet AD,552,12,1,2,False,Transition state,Higher-order saddle point,False
AlphaNet AD,553,14,1,2,False,Transition state,Higher-order saddle point,False
AlphaNet AD,554,10,1,1,True,Transition state,Transition state,True
AlphaNet AD,555,16,0,0,True,Minimum,Minimum,True
AlphaNet AD,556,16,2,2,True,Higher-order saddle point,Higher-order saddle point,True
AlphaNet AD,557,11,1,1,True,Transition state,Transition state,True
AlphaNet AD,558,13,0,1,False,Minimum,Transition state,False
AlphaNet AD,559,13,0,0,True,Minimum,Minimum,True
AlphaNet AD,560,17,0,2,False,Minimum,Higher-order saddle point,False
AlphaNet AD,561,12,0,0,True,Minimum,Minimum,True
AlphaNet AD,562,19,0,0,True,Minimum,Minimum,True
AlphaNet AD,563,14,1,1,True,Transition state,Transition state,True
AlphaNet AD,564,18,0,0,True,Minimum,Minimum,True
AlphaNet AD,565,14,6,8,False,Higher-order saddle point,Higher-order saddle point,True
AlphaNet AD,566,19,0,0,True,Minimum,Minimum,True
AlphaNet AD,567,13,1,1,True,Transition state,Transition state,True
AlphaNet AD,568,14,1,1,True,Transition state,Transition state,True
AlphaNet AD,569,15,1,1,True,Transition state,Transition state,True
AlphaNet AD,570,15,1,1,True,Transition state,Transition state,True
AlphaNet AD,571,14,1,2,False,Transition state,Higher-order saddle point,False
AlphaNet AD,572,16,3,3,True,Higher-order saddle point,Higher-order saddle point,True
AlphaNet AD,573,16,0,0,True,Minimum,Minimum,True
AlphaNet AD,574,13,1,1,True,Transition state,Transition state,True
AlphaNet AD,575,12,1,1,True,Transition state,Transition state,True
AlphaNet AD,576,12,0,0,True,Minimum,Minimum,True
AlphaNet AD,577,15,3,4,False,Higher-order saddle point,Higher-order saddle point,True
AlphaNet AD,578,14,2,3,False,Higher-order saddle point,Higher-order saddle point,True
AlphaNet AD,579,16,1,0,False,Transition state,Minimum,False
AlphaNet AD,580,13,1,1,True,Transition state,Transition state,True
AlphaNet AD,581,11,0,1,False,Minimum,Transition state,False
AlphaNet AD,582,16,1,1,True,Transition state,Transition state,True
AlphaNet AD,583,15,1,1,True,Transition state,Transition state,True
AlphaNet AD,584,17,2,2,True,Higher-order saddle point,Higher-order saddle point,True
AlphaNet AD,585,10,1,1,True,Transition state,Transition state,True
AlphaNet AD,586,11,1,1,True,Transition state,Transition state,True
AlphaNet AD,587,14,1,1,True,Transition state,Transition state,True
AlphaNet AD,588,19,1,0,False,Transition state,Minimum,False
AlphaNet AD,589,14,2,3,False,Higher-order saddle point,Higher-order saddle point,True
AlphaNet AD,590,16,0,0,True,Minimum,Minimum,True
AlphaNet AD,591,15,1,1,True,Transition state,Transition state,True
AlphaNet AD,592,17,1,1,True,Transition state,Transition state,True
AlphaNet AD,593,13,0,0,True,Minimum,Minimum,True
AlphaNet AD,594,14,1,1,True,Transition state,Transition state,True
AlphaNet AD,595,15,1,1,True,Transition state,Transition state,True
AlphaNet AD,596,13,0,0,True,Minimum,Minimum,True
AlphaNet AD,597,11,0,0,True,Minimum,Minimum,True
AlphaNet AD,598,10,1,1,True,Transition state,Transition state,True
AlphaNet AD,599,12,1,1,True,Transition state,Transition state,True
AlphaNet AD,600,15,0,0,True,Minimum,Minimum,True
AlphaNet AD,601,9,2,2,True,Higher-order saddle point,Higher-order saddle point,True
AlphaNet AD,602,16,1,0,False,Transition state,Minimum,False
AlphaNet AD,603,16,0,0,True,Minimum,Minimum,True
AlphaNet AD,604,10,0,0,True,Minimum,Minimum,True
AlphaNet AD,605,17,2,2,True,Higher-order saddle point,Higher-order saddle point,True
AlphaNet AD,606,18,1,1,True,Transition state,Transition state,True
AlphaNet AD,607,14,0,0,True,Minimum,Minimum,True
AlphaNet AD,608,15,0,0,True,Minimum,Minimum,True
AlphaNet AD,609,19,0,0,True,Minimum,Minimum,True
AlphaNet AD,610,13,0,0,True,Minimum,Minimum,True
AlphaNet AD,611,14,1,1,True,Transition state,Transition state,True
AlphaNet AD,612,14,0,0,True,Minimum,Minimum,True
AlphaNet AD,613,12,0,1,False,Minimum,Transition state,False
AlphaNet AD,614,12,0,0,True,Minimum,Minimum,True
AlphaNet AD,615,15,1,1,True,Transition state,Transition state,True
AlphaNet AD,616,15,1,1,True,Transition state,Transition state,True
AlphaNet AD,617,12,1,2,False,Transition state,Higher-order saddle point,False
AlphaNet AD,618,14,0,0,True,Minimum,Minimum,True
AlphaNet AD,619,15,1,1,True,Transition state,Transition state,True
AlphaNet AD,620,13,0,0,True,Minimum,Minimum,True
AlphaNet AD,621,13,0,0,True,Minimum,Minimum,True
AlphaNet AD,622,11,0,0,True,Minimum,Minimum,True
AlphaNet AD,623,16,1,1,True,Transition state,Transition state,True
AlphaNet AD,624,18,0,0,True,Minimum,Minimum,True
AlphaNet AD,625,11,2,2,True,Higher-order saddle point,Higher-order saddle point,True
AlphaNet AD,626,14,1,1,True,Transition state,Transition state,True
AlphaNet AD,627,15,1,2,False,Transition state,Higher-order saddle point,False
AlphaNet AD,628,21,1,1,True,Transition state,Transition state,True
AlphaNet AD,629,11,2,3,False,Higher-order saddle point,Higher-order saddle point,True
AlphaNet AD,630,19,3,3,True,Higher-order saddle point,Higher-order saddle point,True
AlphaNet AD,631,15,1,2,False,Transition state,Higher-order saddle point,False
AlphaNet AD,632,18,1,2,False,Transition state,Higher-order saddle point,False
AlphaNet AD,633,11,2,2,True,Higher-order saddle point,Higher-order saddle point,True
AlphaNet AD,634,16,1,6,False,Transition state,Higher-order saddle point,False
AlphaNet AD,635,13,0,0,True,Minimum,Minimum,True
AlphaNet AD,636,12,1,1,True,Transition state,Transition state,True
AlphaNet AD,637,12,0,0,True,Minimum,Minimum,True
AlphaNet AD,638,16,1,1,True,Transition state,Transition state,True
AlphaNet AD,639,12,1,2,False,Transition state,Higher-order saddle point,False
AlphaNet AD,640,15,2,2,True,Higher-order saddle point,Higher-order saddle point,True
AlphaNet AD,641,19,1,1,True,Transition state,Transition state,True
AlphaNet AD,642,16,2,2,True,Higher-order saddle point,Higher-order saddle point,True
AlphaNet AD,643,14,1,1,True,Transition state,Transition state,True
AlphaNet AD,644,18,3,3,True,Higher-order saddle point,Higher-order saddle point,True
AlphaNet AD,645,14,0,0,True,Minimum,Minimum,True
AlphaNet AD,646,11,0,0,True,Minimum,Minimum,True
AlphaNet AD,647,16,0,0,True,Minimum,Minimum,True
AlphaNet AD,648,16,1,1,True,Transition state,Transition state,True
AlphaNet AD,649,15,1,2,False,Transition state,Higher-order saddle point,False
AlphaNet AD,650,12,1,1,True,Transition state,Transition state,True
AlphaNet AD,651,17,1,2,False,Transition state,Higher-order saddle point,False
AlphaNet AD,652,11,0,0,True,Minimum,Minimum,True
AlphaNet AD,653,15,0,0,True,Minimum,Minimum,True
AlphaNet AD,654,10,1,1,True,Transition state,Transition state,True
AlphaNet AD,655,13,1,1,True,Transition state,Transition state,True
AlphaNet AD,656,17,0,1,False,Minimum,Transition state,False
AlphaNet AD,657,13,0,0,True,Minimum,Minimum,True
AlphaNet AD,658,12,1,1,True,Transition state,Transition state,True
AlphaNet AD,659,10,1,2,False,Transition state,Higher-order saddle point,False
AlphaNet AD,660,14,1,1,True,Transition state,Transition state,True
AlphaNet AD,661,18,0,0,True,Minimum,Minimum,True
AlphaNet AD,662,14,2,3,False,Higher-order saddle point,Higher-order saddle point,True
AlphaNet AD,663,16,1,1,True,Transition state,Transition state,True
AlphaNet AD,664,10,1,2,False,Transition state,Higher-order saddle point,False
AlphaNet AD,665,12,0,1,False,Minimum,Transition state,False
AlphaNet AD,666,10,1,3,False,Transition state,Higher-order saddle point,False
AlphaNet AD,667,13,1,0,False,Transition state,Minimum,False
AlphaNet AD,668,16,0,1,False,Minimum,Transition state,False
AlphaNet AD,669,11,1,1,True,Transition state,Transition state,True
AlphaNet AD,670,14,0,0,True,Minimum,Minimum,True
AlphaNet AD,671,14,1,1,True,Transition state,Transition state,True
AlphaNet AD,672,12,1,1,True,Transition state,Transition state,True
AlphaNet AD,673,13,1,1,True,Transition state,Transition state,True
AlphaNet AD,674,14,1,1,True,Transition state,Transition state,True
AlphaNet AD,675,14,0,0,True,Minimum,Minimum,True
AlphaNet AD,676,14,0,0,True,Minimum,Minimum,True
AlphaNet AD,677,15,1,1,True,Transition state,Transition state,True
AlphaNet AD,678,18,0,1,False,Minimum,Transition state,False
AlphaNet AD,679,15,1,1,True,Transition state,Transition state,True
AlphaNet AD,680,13,0,1,False,Minimum,Transition state,False
AlphaNet AD,681,12,1,1,True,Transition state,Transition state,True
AlphaNet AD,682,9,0,0,True,Minimum,Minimum,True
AlphaNet AD,683,13,1,1,True,Transition state,Transition state,True
AlphaNet AD,684,15,2,2,True,Higher-order saddle point,Higher-order saddle point,True
AlphaNet AD,685,15,2,2,True,Higher-order saddle point,Higher-order saddle point,True
AlphaNet AD,686,8,1,1,True,Transition state,Transition state,True
AlphaNet AD,687,14,1,1,True,Transition state,Transition state,True
AlphaNet AD,688,19,1,1,True,Transition state,Transition state,True
AlphaNet AD,689,16,0,0,True,Minimum,Minimum,True
AlphaNet AD,690,10,0,0,True,Minimum,Minimum,True
AlphaNet AD,691,12,1,1,True,Transition state,Transition state,True
AlphaNet AD,692,17,0,0,True,Minimum,Minimum,True
AlphaNet AD,693,9,0,0,True,Minimum,Minimum,True
AlphaNet AD,694,15,1,1,True,Transition state,Transition state,True
AlphaNet AD,695,10,1,1,True,Transition state,Transition state,True
AlphaNet AD,696,10,1,1,True,Transition state,Transition state,True
AlphaNet AD,697,15,2,3,False,Higher-order saddle point,Higher-order saddle point,True
AlphaNet AD,698,13,0,0,True,Minimum,Minimum,True
AlphaNet AD,699,12,1,2,False,Transition state,Higher-order saddle point,False
AlphaNet AD,700,14,1,1,True,Transition state,Transition state,True
AlphaNet AD,701,17,2,3,False,Higher-order saddle point,Higher-order saddle point,True
AlphaNet AD,702,16,1,1,True,Transition state,Transition state,True
AlphaNet AD,703,15,1,1,True,Transition state,Transition state,True
AlphaNet AD,704,16,0,0,True,Minimum,Minimum,True
AlphaNet AD,705,10,0,0,True,Minimum,Minimum,True
AlphaNet AD,706,14,1,1,True,Transition state,Transition state,True
AlphaNet AD,707,14,0,1,False,Minimum,Transition state,False
AlphaNet AD,708,12,1,1,True,Transition state,Transition state,True
AlphaNet AD,709,12,1,1,True,Transition state,Transition state,True
AlphaNet AD,710,13,1,1,True,Transition state,Transition state,True
AlphaNet AD,711,11,0,1,False,Minimum,Transition state,False
AlphaNet AD,712,12,0,0,True,Minimum,Minimum,True
AlphaNet AD,713,14,1,1,True,Transition state,Transition state,True
AlphaNet AD,714,16,1,1,True,Transition state,Transition state,True
AlphaNet AD,715,11,0,1,False,Minimum,Transition state,False
AlphaNet AD,716,5,0,0,True,Minimum,Minimum,True
AlphaNet AD,717,14,1,1,True,Transition state,Transition state,True
AlphaNet AD,718,13,0,1,False,Minimum,Transition state,False
AlphaNet AD,719,11,2,2,True,Higher-order saddle point,Higher-order saddle point,True
AlphaNet AD,720,13,0,0,True,Minimum,Minimum,True
AlphaNet AD,721,13,1,2,False,Transition state,Higher-order saddle point,False
AlphaNet AD,722,12,0,0,True,Minimum,Minimum,True
AlphaNet AD,723,13,1,1,True,Transition state,Transition state,True
AlphaNet AD,724,19,2,2,True,Higher-order saddle point,Higher-order saddle point,True
AlphaNet AD,725,13,1,1,True,Transition state,Transition state,True
AlphaNet AD,726,11,0,0,True,Minimum,Minimum,True
AlphaNet AD,727,16,0,0,True,Minimum,Minimum,True
AlphaNet AD,728,14,1,1,True,Transition state,Transition state,True
AlphaNet AD,729,13,2,2,True,Higher-order saddle point,Higher-order saddle point,True
AlphaNet AD,730,14,0,1,False,Minimum,Transition state,False
AlphaNet AD,731,14,1,1,True,Transition state,Transition state,True
AlphaNet AD,732,16,1,1,True,Transition state,Transition state,True
AlphaNet AD,733,12,0,0,True,Minimum,Minimum,True
AlphaNet AD,734,12,1,1,True,Transition state,Transition state,True
AlphaNet AD,735,17,2,3,False,Higher-order saddle point,Higher-order saddle point,True
AlphaNet AD,736,5,1,1,True,Transition state,Transition state,True
AlphaNet AD,737,15,1,2,False,Transition state,Higher-order saddle point,False
AlphaNet AD,738,14,0,0,True,Minimum,Minimum,True
AlphaNet AD,739,16,0,0,True,Minimum,Minimum,True
AlphaNet AD,740,14,0,0,True,Minimum,Minimum,True
AlphaNet AD,741,15,1,2,False,Transition state,Higher-order saddle point,False
AlphaNet AD,742,12,0,0,True,Minimum,Minimum,True
AlphaNet AD,743,15,0,0,True,Minimum,Minimum,True
AlphaNet AD,744,13,1,1,True,Transition state,Transition state,True
AlphaNet AD,745,10,1,1,True,Transition state,Transition state,True
AlphaNet AD,746,13,0,0,True,Minimum,Minimum,True
AlphaNet AD,747,16,1,1,True,Transition state,Transition state,True
AlphaNet AD,748,8,0,0,True,Minimum,Minimum,True
AlphaNet AD,749,7,2,2,True,Higher-order saddle point,Higher-order saddle point,True
AlphaNet AD,750,14,2,2,True,Higher-order saddle point,Higher-order saddle point,True
AlphaNet AD,751,19,1,0,False,Transition state,Minimum,False
AlphaNet AD,752,14,1,1,True,Transition state,Transition state,True
AlphaNet AD,753,8,0,1,False,Minimum,Transition state,False
AlphaNet AD,754,12,1,2,False,Transition state,Higher-order saddle point,False
AlphaNet AD,755,17,2,2,True,Higher-order saddle point,Higher-order saddle point,True
AlphaNet AD,756,14,0,1,False,Minimum,Transition state,False
AlphaNet AD,757,11,1,1,True,Transition state,Transition state,True
AlphaNet AD,758,13,0,0,True,Minimum,Minimum,True
AlphaNet AD,759,16,2,2,True,Higher-order saddle point,Higher-order saddle point,True
AlphaNet AD,760,11,0,0,True,Minimum,Minimum,True
AlphaNet AD,761,11,1,1,True,Transition state,Transition state,True
AlphaNet AD,762,16,1,2,False,Transition state,Higher-order saddle point,False
AlphaNet AD,763,15,3,5,False,Higher-order saddle point,Higher-order saddle point,True
AlphaNet AD,764,11,0,0,True,Minimum,Minimum,True
AlphaNet AD,765,12,1,2,False,Transition state,Higher-order saddle point,False
AlphaNet AD,766,14,1,1,True,Transition state,Transition state,True
AlphaNet AD,767,12,1,1,True,Transition state,Transition state,True
AlphaNet AD,768,15,2,2,True,Higher-order saddle point,Higher-order saddle point,True
AlphaNet AD,769,14,1,3,False,Transition state,Higher-order saddle point,False
AlphaNet AD,770,16,1,1,True,Transition state,Transition state,True
AlphaNet AD,771,13,0,0,True,Minimum,Minimum,True
AlphaNet AD,772,8,2,2,True,Higher-order saddle point,Higher-order saddle point,True
AlphaNet AD,773,12,1,0,False,Transition state,Minimum,False
AlphaNet AD,774,15,0,1,False,Minimum,Transition state,False
AlphaNet AD,775,13,2,2,True,Higher-order saddle point,Higher-order saddle point,True
AlphaNet AD,776,14,1,2,False,Transition state,Higher-order saddle point,False
AlphaNet AD,777,14,0,0,True,Minimum,Minimum,True
AlphaNet AD,778,15,1,2,False,Transition state,Higher-order saddle point,False
AlphaNet AD,779,12,0,0,True,Minimum,Minimum,True
AlphaNet AD,780,14,1,1,True,Transition state,Transition state,True
AlphaNet AD,781,11,1,1,True,Transition state,Transition state,True
AlphaNet AD,782,13,0,0,True,Minimum,Minimum,True
AlphaNet AD,783,14,0,0,True,Minimum,Minimum,True
AlphaNet AD,784,15,1,1,True,Transition state,Transition state,True
AlphaNet AD,785,15,1,2,False,Transition state,Higher-order saddle point,False
AlphaNet AD,786,15,2,4,False,Higher-order saddle point,Higher-order saddle point,True
AlphaNet AD,787,14,1,1,True,Transition state,Transition state,True
AlphaNet AD,788,18,2,3,False,Higher-order saddle point,Higher-order saddle point,True
AlphaNet AD,789,17,1,0,False,Transition state,Minimum,False
AlphaNet AD,790,15,2,1,False,Higher-order saddle point,Transition state,False
AlphaNet AD,791,15,2,2,True,Higher-order saddle point,Higher-order saddle point,True
AlphaNet AD,792,15,1,2,False,Transition state,Higher-order saddle point,False
AlphaNet AD,793,10,0,1,False,Minimum,Transition state,False
AlphaNet AD,794,17,1,0,False,Transition state,Minimum,False
AlphaNet AD,795,14,1,1,True,Transition state,Transition state,True
AlphaNet AD,796,15,0,1,False,Minimum,Transition state,False
AlphaNet AD,797,12,2,2,True,Higher-order saddle point,Higher-order saddle point,True
AlphaNet AD,798,16,0,0,True,Minimum,Minimum,True
AlphaNet AD,799,19,0,0,True,Minimum,Minimum,True
AlphaNet AD,800,13,1,1,True,Transition state,Transition state,True
AlphaNet AD,801,6,1,2,False,Transition state,Higher-order saddle point,False
AlphaNet AD,802,9,0,1,False,Minimum,Transition state,False
AlphaNet AD,803,13,1,1,True,Transition state,Transition state,True
AlphaNet AD,804,15,0,0,True,Minimum,Minimum,True
AlphaNet AD,805,12,3,6,False,Higher-order saddle point,Higher-order saddle point,True
AlphaNet AD,806,14,0,0,True,Minimum,Minimum,True
AlphaNet AD,807,10,1,1,True,Transition state,Transition state,True
AlphaNet AD,808,13,1,2,False,Transition state,Higher-order saddle point,False
AlphaNet AD,809,18,0,0,True,Minimum,Minimum,True
AlphaNet AD,810,12,2,3,False,Higher-order saddle point,Higher-order saddle point,True
AlphaNet AD,811,15,1,1,True,Transition state,Transition state,True
AlphaNet AD,812,14,1,1,True,Transition state,Transition state,True
AlphaNet AD,813,14,0,0,True,Minimum,Minimum,True
AlphaNet AD,814,9,0,0,True,Minimum,Minimum,True
AlphaNet AD,815,15,0,0,True,Minimum,Minimum,True
AlphaNet AD,816,16,1,1,True,Transition state,Transition state,True
AlphaNet AD,817,14,0,0,True,Minimum,Minimum,True
AlphaNet AD,818,18,3,2,False,Higher-order saddle point,Higher-order saddle point,True
AlphaNet AD,819,16,1,1,True,Transition state,Transition state,True
AlphaNet AD,820,10,0,0,True,Minimum,Minimum,True
AlphaNet AD,821,10,1,2,False,Transition state,Higher-order saddle point,False
AlphaNet AD,822,14,1,1,True,Transition state,Transition state,True
AlphaNet AD,823,12,0,1,False,Minimum,Transition state,False
AlphaNet AD,824,17,1,3,False,Transition state,Higher-order saddle point,False
AlphaNet AD,825,16,1,2,False,Transition state,Higher-order saddle point,False
AlphaNet AD,826,19,2,2,True,Higher-order saddle point,Higher-order saddle point,True
AlphaNet AD,827,13,0,0,True,Minimum,Minimum,True
AlphaNet AD,828,14,1,1,True,Transition state,Transition state,True
AlphaNet AD,829,13,2,2,True,Higher-order saddle point,Higher-order saddle point,True
AlphaNet AD,830,11,1,1,True,Transition state,Transition state,True
AlphaNet AD,831,8,0,0,True,Minimum,Minimum,True
AlphaNet AD,832,16,3,3,True,Higher-order saddle point,Higher-order saddle point,True
AlphaNet AD,833,10,0,1,False,Minimum,Transition state,False
AlphaNet AD,834,14,0,1,False,Minimum,Transition state,False
AlphaNet AD,835,16,0,1,False,Minimum,Transition state,False
AlphaNet AD,836,21,1,1,True,Transition state,Transition state,True
AlphaNet AD,837,14,0,0,True,Minimum,Minimum,True
AlphaNet AD,838,12,1,1,True,Transition state,Transition state,True
AlphaNet AD,839,11,1,1,True,Transition state,Transition state,True
AlphaNet AD,840,14,1,1,True,Transition state,Transition state,True
AlphaNet AD,841,18,1,1,True,Transition state,Transition state,True
AlphaNet AD,842,11,3,4,False,Higher-order saddle point,Higher-order saddle point,True
AlphaNet AD,843,17,2,2,True,Higher-order saddle point,Higher-order saddle point,True
AlphaNet AD,844,11,0,0,True,Minimum,Minimum,True
AlphaNet AD,845,15,1,2,False,Transition state,Higher-order saddle point,False
AlphaNet AD,846,16,0,1,False,Minimum,Transition state,False
AlphaNet AD,847,12,1,2,False,Transition state,Higher-order saddle point,False
AlphaNet AD,848,12,0,0,True,Minimum,Minimum,True
AlphaNet AD,849,9,1,2,False,Transition state,Higher-order saddle point,False
AlphaNet AD,850,12,2,1,False,Higher-order saddle point,Transition state,False
AlphaNet AD,851,16,0,0,True,Minimum,Minimum,True
AlphaNet AD,852,16,1,2,False,Transition state,Higher-order saddle point,False
AlphaNet AD,853,12,2,2,True,Higher-order saddle point,Higher-order saddle point,True
AlphaNet AD,854,15,1,1,True,Transition state,Transition state,True
AlphaNet AD,855,10,0,0,True,Minimum,Minimum,True
AlphaNet AD,856,15,1,1,True,Transition state,Transition state,True
AlphaNet AD,857,15,0,1,False,Minimum,Transition state,False
AlphaNet AD,858,10,0,1,False,Minimum,Transition state,False
AlphaNet AD,859,10,0,0,True,Minimum,Minimum,True
AlphaNet AD,860,13,0,1,False,Minimum,Transition state,False
AlphaNet AD,861,18,0,1,False,Minimum,Transition state,False
AlphaNet AD,862,11,0,0,True,Minimum,Minimum,True
AlphaNet AD,863,16,0,0,True,Minimum,Minimum,True
AlphaNet AD,864,16,2,2,True,Higher-order saddle point,Higher-order saddle point,True
AlphaNet AD,865,13,2,2,True,Higher-order saddle point,Higher-order saddle point,True
AlphaNet AD,866,11,1,1,True,Transition state,Transition state,True
AlphaNet AD,867,13,1,1,True,Transition state,Transition state,True
AlphaNet AD,868,12,1,2,False,Transition state,Higher-order saddle point,False
AlphaNet AD,869,14,2,1,False,Higher-order saddle point,Transition state,False
AlphaNet AD,870,14,2,2,True,Higher-order saddle point,Higher-order saddle point,True
AlphaNet AD,871,15,3,3,True,Higher-order saddle point,Higher-order saddle point,True
AlphaNet AD,872,14,1,2,False,Transition state,Higher-order saddle point,False
AlphaNet AD,873,21,1,1,True,Transition state,Transition state,True
AlphaNet AD,874,15,0,1,False,Minimum,Transition state,False
AlphaNet AD,875,11,1,1,True,Transition state,Transition state,True
AlphaNet AD,876,13,1,2,False,Transition state,Higher-order saddle point,False
AlphaNet AD,877,14,1,1,True,Transition state,Transition state,True
AlphaNet AD,878,17,1,1,True,Transition state,Transition state,True
AlphaNet AD,879,13,1,1,True,Transition state,Transition state,True
AlphaNet AD,880,16,2,1,False,Higher-order saddle point,Transition state,False
AlphaNet AD,881,14,0,1,False,Minimum,Transition state,False
AlphaNet AD,882,16,1,1,True,Transition state,Transition state,True
AlphaNet AD,883,11,1,2,False,Transition state,Higher-order saddle point,False
AlphaNet AD,884,10,0,1,False,Minimum,Transition state,False
AlphaNet AD,885,16,2,2,True,Higher-order saddle point,Higher-order saddle point,True
AlphaNet AD,886,13,0,0,True,Minimum,Minimum,True
AlphaNet AD,887,16,0,1,False,Minimum,Transition state,False
AlphaNet AD,888,17,1,2,False,Transition state,Higher-order saddle point,False
AlphaNet AD,889,10,1,1,True,Transition state,Transition state,True
AlphaNet AD,890,11,1,1,True,Transition state,Transition state,True
AlphaNet AD,891,18,1,1,True,Transition state,Transition state,True
AlphaNet AD,892,16,1,1,True,Transition state,Transition state,True
AlphaNet AD,893,10,1,1,True,Transition state,Transition state,True
AlphaNet AD,894,16,1,2,False,Transition state,Higher-order saddle point,False
AlphaNet AD,895,17,0,0,True,Minimum,Minimum,True
AlphaNet AD,896,14,0,1,False,Minimum,Transition state,False
AlphaNet AD,897,18,2,2,True,Higher-order saddle point,Higher-order saddle point,True
AlphaNet AD,898,13,0,0,True,Minimum,Minimum,True
AlphaNet AD,899,17,2,2,True,Higher-order saddle point,Higher-order saddle point,True
AlphaNet AD,900,14,0,0,True,Minimum,Minimum,True
AlphaNet AD,901,12,2,2,True,Higher-order saddle point,Higher-order saddle point,True
AlphaNet AD,902,18,3,3,True,Higher-order saddle point,Higher-order saddle point,True
AlphaNet AD,903,6,0,0,True,Minimum,Minimum,True
AlphaNet AD,904,19,0,0,True,Minimum,Minimum,True
AlphaNet AD,905,11,1,1,True,Transition state,Transition state,True
AlphaNet AD,906,12,1,1,True,Transition state,Transition state,True
AlphaNet AD,907,18,1,1,True,Transition state,Transition state,True
AlphaNet AD,908,12,2,3,False,Higher-order saddle point,Higher-order saddle point,True
AlphaNet AD,909,12,0,1,False,Minimum,Transition state,False
AlphaNet AD,910,15,0,2,False,Minimum,Higher-order saddle point,False
AlphaNet AD,911,16,0,0,True,Minimum,Minimum,True
AlphaNet AD,912,16,1,1,True,Transition state,Transition state,True
AlphaNet AD,913,13,2,2,True,Higher-order saddle point,Higher-order saddle point,True
AlphaNet AD,914,15,0,0,True,Minimum,Minimum,True
AlphaNet AD,915,14,3,3,True,Higher-order saddle point,Higher-order saddle point,True
AlphaNet AD,916,11,2,3,False,Higher-order saddle point,Higher-order saddle point,True
AlphaNet AD,917,14,1,1,True,Transition state,Transition state,True
AlphaNet AD,918,14,1,1,True,Transition state,Transition state,True
AlphaNet AD,919,15,1,1,True,Transition state,Transition state,True
AlphaNet AD,920,14,1,1,True,Transition state,Transition state,True
AlphaNet AD,921,13,1,2,False,Transition state,Higher-order saddle point,False
AlphaNet AD,922,13,1,1,True,Transition state,Transition state,True
AlphaNet AD,923,12,1,2,False,Transition state,Higher-order saddle point,False
AlphaNet AD,924,15,1,1,True,Transition state,Transition state,True
AlphaNet AD,925,10,3,3,True,Higher-order saddle point,Higher-order saddle point,True
AlphaNet AD,926,17,0,0,True,Minimum,Minimum,True
AlphaNet AD,927,15,0,0,True,Minimum,Minimum,True
AlphaNet AD,928,16,1,1,True,Transition state,Transition state,True
AlphaNet AD,929,13,0,0,True,Minimum,Minimum,True
AlphaNet AD,930,20,0,1,False,Minimum,Transition state,False
AlphaNet AD,931,19,1,1,True,Transition state,Transition state,True
AlphaNet AD,932,15,1,2,False,Transition state,Higher-order saddle point,False
AlphaNet AD,933,16,0,0,True,Minimum,Minimum,True
AlphaNet AD,934,8,0,0,True,Minimum,Minimum,True
AlphaNet AD,935,19,4,4,True,Higher-order saddle point,Higher-order saddle point,True
AlphaNet AD,936,14,1,1,True,Transition state,Transition state,True
AlphaNet AD,937,12,2,2,True,Higher-order saddle point,Higher-order saddle point,True
AlphaNet AD,938,11,0,0,True,Minimum,Minimum,True
AlphaNet AD,939,16,0,0,True,Minimum,Minimum,True
AlphaNet AD,940,12,1,0,False,Transition state,Minimum,False
AlphaNet AD,941,16,4,4,True,Higher-order saddle point,Higher-order saddle point,True
AlphaNet AD,942,11,0,0,True,Minimum,Minimum,True
AlphaNet AD,943,12,0,0,True,Minimum,Minimum,True
AlphaNet AD,944,13,0,0,True,Minimum,Minimum,True
AlphaNet AD,945,14,1,1,True,Transition state,Transition state,True
AlphaNet AD,946,13,1,1,True,Transition state,Transition state,True
AlphaNet AD,947,16,0,0,True,Minimum,Minimum,True
AlphaNet AD,948,9,2,2,True,Higher-order saddle point,Higher-order saddle point,True
AlphaNet AD,949,13,0,0,True,Minimum,Minimum,True
AlphaNet AD,950,14,1,1,True,Transition state,Transition state,True
AlphaNet AD,951,12,0,0,True,Minimum,Minimum,True
AlphaNet AD,952,16,0,0,True,Minimum,Minimum,True
AlphaNet AD,953,12,1,1,True,Transition state,Transition state,True
AlphaNet AD,954,14,3,2,False,Higher-order saddle point,Higher-order saddle point,True
AlphaNet AD,955,12,1,1,True,Transition state,Transition state,True
AlphaNet AD,956,12,1,1,True,Transition state,Transition state,True
AlphaNet AD,957,13,0,0,True,Minimum,Minimum,True
AlphaNet AD,958,15,0,0,True,Minimum,Minimum,True
AlphaNet AD,959,13,1,2,False,Transition state,Higher-order saddle point,False
AlphaNet AD,960,16,1,2,False,Transition state,Higher-order saddle point,False
AlphaNet AD,961,14,1,0,False,Transition state,Minimum,False
AlphaNet AD,962,13,2,1,False,Higher-order saddle point,Transition state,False
AlphaNet AD,963,12,1,1,True,Transition state,Transition state,True
AlphaNet AD,964,16,0,0,True,Minimum,Minimum,True
AlphaNet AD,965,19,2,2,True,Higher-order saddle point,Higher-order saddle point,True
AlphaNet AD,966,14,2,2,True,Higher-order saddle point,Higher-order saddle point,True
AlphaNet AD,967,8,1,2,False,Transition state,Higher-order saddle point,False
AlphaNet AD,968,11,0,0,True,Minimum,Minimum,True
AlphaNet AD,969,12,1,3,False,Transition state,Higher-order saddle point,False
AlphaNet AD,970,19,2,3,False,Higher-order saddle point,Higher-order saddle point,True
AlphaNet AD,971,12,1,5,False,Transition state,Higher-order saddle point,False
AlphaNet AD,972,11,0,0,True,Minimum,Minimum,True
AlphaNet AD,973,19,0,0,True,Minimum,Minimum,True
AlphaNet AD,974,16,1,1,True,Transition state,Transition state,True
AlphaNet AD,975,12,0,0,True,Minimum,Minimum,True
AlphaNet AD,976,16,2,2,True,Higher-order saddle point,Higher-order saddle point,True
AlphaNet AD,977,14,1,1,True,Transition state,Transition state,True
AlphaNet AD,978,14,1,1,True,Transition state,Transition state,True
AlphaNet AD,979,10,1,2,False,Transition state,Higher-order saddle point,False
AlphaNet AD,980,13,2,2,True,Higher-order saddle point,Higher-order saddle point,True
AlphaNet AD,981,9,0,0,True,Minimum,Minimum,True
AlphaNet AD,982,19,0,0,True,Minimum,Minimum,True
AlphaNet AD,983,18,0,0,True,Minimum,Minimum,True
AlphaNet AD,984,10,1,1,True,Transition state,Transition state,True
AlphaNet AD,985,17,2,3,False,Higher-order saddle point,Higher-order saddle point,True
AlphaNet AD,986,14,0,1,False,Minimum,Transition state,False
AlphaNet AD,987,15,0,2,False,Minimum,Higher-order saddle point,False
AlphaNet AD,988,16,1,1,True,Transition state,Transition state,True
AlphaNet AD,989,18,0,0,True,Minimum,Minimum,True
AlphaNet AD,990,17,0,0,True,Minimum,Minimum,True
AlphaNet AD,991,13,1,2,False,Transition state,Higher-order saddle point,False
AlphaNet AD,992,12,2,3,False,Higher-order saddle point,Higher-order saddle point,True
AlphaNet AD,993,15,2,2,True,Higher-order saddle point,Higher-order saddle point,True
AlphaNet AD,994,11,1,1,True,Transition state,Transition state,True
AlphaNet AD,995,12,1,1,True,Transition state,Transition state,True
AlphaNet AD,996,10,1,1,True,Transition state,Transition state,True
AlphaNet AD,997,11,1,1,True,Transition state,Transition state,True
AlphaNet AD,998,12,1,0,False,Transition state,Minimum,False
AlphaNet AD,999,10,1,1,True,Transition state,Transition state,True
LeftNet-CF AD,0,16,1,1,True,Transition state,Transition state,True
LeftNet-CF AD,1,16,1,1,True,Transition state,Transition state,True
LeftNet-CF AD,2,15,1,1,True,Transition state,Transition state,True
LeftNet-CF AD,3,18,0,1,False,Minimum,Transition state,False
LeftNet-CF AD,4,16,0,0,True,Minimum,Minimum,True
LeftNet-CF AD,5,16,1,1,True,Transition state,Transition state,True
LeftNet-CF AD,6,16,1,1,True,Transition state,Transition state,True
LeftNet-CF AD,7,14,1,1,True,Transition state,Transition state,True
LeftNet-CF AD,8,15,0,1,False,Minimum,Transition state,False
LeftNet-CF AD,9,17,1,1,True,Transition state,Transition state,True
LeftNet-CF AD,10,15,2,2,True,Higher-order saddle point,Higher-order saddle point,True
LeftNet-CF AD,11,15,1,1,True,Transition state,Transition state,True
LeftNet-CF AD,12,11,0,0,True,Minimum,Minimum,True
LeftNet-CF AD,13,16,1,1,True,Transition state,Transition state,True
LeftNet-CF AD,14,10,0,0,True,Minimum,Minimum,True
LeftNet-CF AD,15,18,1,1,True,Transition state,Transition state,True
LeftNet-CF AD,16,12,0,0,True,Minimum,Minimum,True
LeftNet-CF AD,17,10,2,2,True,Higher-order saddle point,Higher-order saddle point,True
LeftNet-CF AD,18,12,1,1,True,Transition state,Transition state,True
LeftNet-CF AD,19,14,1,1,True,Transition state,Transition state,True
LeftNet-CF AD,20,15,1,0,False,Transition state,Minimum,False
LeftNet-CF AD,21,17,1,2,False,Transition state,Higher-order saddle point,False
LeftNet-CF AD,22,15,3,3,True,Higher-order saddle point,Higher-order saddle point,True
LeftNet-CF AD,23,16,0,0,True,Minimum,Minimum,True
LeftNet-CF AD,24,16,0,0,True,Minimum,Minimum,True
LeftNet-CF AD,25,16,1,1,True,Transition state,Transition state,True
LeftNet-CF AD,26,14,0,0,True,Minimum,Minimum,True
LeftNet-CF AD,27,15,2,2,True,Higher-order saddle point,Higher-order saddle point,True
LeftNet-CF AD,28,16,0,0,True,Minimum,Minimum,True
LeftNet-CF AD,29,14,2,4,False,Higher-order saddle point,Higher-order saddle point,True
LeftNet-CF AD,30,14,0,0,True,Minimum,Minimum,True
LeftNet-CF AD,31,14,0,0,True,Minimum,Minimum,True
LeftNet-CF AD,32,13,1,2,False,Transition state,Higher-order saddle point,False
LeftNet-CF AD,33,16,0,0,True,Minimum,Minimum,True
LeftNet-CF AD,34,14,0,0,True,Minimum,Minimum,True
LeftNet-CF AD,35,14,1,1,True,Transition state,Transition state,True
LeftNet-CF AD,36,15,1,2,False,Transition state,Higher-order saddle point,False
LeftNet-CF AD,37,11,2,4,False,Higher-order saddle point,Higher-order saddle point,True
LeftNet-CF AD,38,16,0,0,True,Minimum,Minimum,True
LeftNet-CF AD,39,11,1,1,True,Transition state,Transition state,True
LeftNet-CF AD,40,14,2,2,True,Higher-order saddle point,Higher-order saddle point,True
LeftNet-CF AD,41,10,1,1,True,Transition state,Transition state,True
LeftNet-CF AD,42,13,1,1,True,Transition state,Transition state,True
LeftNet-CF AD,43,10,0,0,True,Minimum,Minimum,True
LeftNet-CF AD,44,15,1,1,True,Transition state,Transition state,True
LeftNet-CF AD,45,19,1,1,True,Transition state,Transition state,True
LeftNet-CF AD,46,12,1,1,True,Transition state,Transition state,True
LeftNet-CF AD,47,12,0,1,False,Minimum,Transition state,False
LeftNet-CF AD,48,17,2,2,True,Higher-order saddle point,Higher-order saddle point,True
LeftNet-CF AD,49,14,1,1,True,Transition state,Transition state,True
LeftNet-CF AD,50,17,3,3,True,Higher-order saddle point,Higher-order saddle point,True
LeftNet-CF AD,51,13,2,2,True,Higher-order saddle point,Higher-order saddle point,True
LeftNet-CF AD,52,11,0,1,False,Minimum,Transition state,False
LeftNet-CF AD,53,19,0,0,True,Minimum,Minimum,True
LeftNet-CF AD,54,19,0,0,True,Minimum,Minimum,True
LeftNet-CF AD,55,17,1,1,True,Transition state,Transition state,True
LeftNet-CF AD,56,17,1,1,True,Transition state,Transition state,True
LeftNet-CF AD,57,16,0,0,True,Minimum,Minimum,True
LeftNet-CF AD,58,17,0,0,True,Minimum,Minimum,True
LeftNet-CF AD,59,15,1,1,True,Transition state,Transition state,True
LeftNet-CF AD,60,14,2,2,True,Higher-order saddle point,Higher-order saddle point,True
LeftNet-CF AD,61,15,0,0,True,Minimum,Minimum,True
LeftNet-CF AD,62,8,1,1,True,Transition state,Transition state,True
LeftNet-CF AD,63,19,1,2,False,Transition state,Higher-order saddle point,False
LeftNet-CF AD,64,17,0,0,True,Minimum,Minimum,True
LeftNet-CF AD,65,13,1,1,True,Transition state,Transition state,True
LeftNet-CF AD,66,16,3,3,True,Higher-order saddle point,Higher-order saddle point,True
LeftNet-CF AD,67,16,0,0,True,Minimum,Minimum,True
LeftNet-CF AD,68,14,1,1,True,Transition state,Transition state,True
LeftNet-CF AD,69,15,0,0,True,Minimum,Minimum,True
LeftNet-CF AD,70,14,0,0,True,Minimum,Minimum,True
LeftNet-CF AD,71,14,1,1,True,Transition state,Transition state,True
LeftNet-CF AD,72,14,0,0,True,Minimum,Minimum,True
LeftNet-CF AD,73,12,0,0,True,Minimum,Minimum,True
LeftNet-CF AD,74,16,1,1,True,Transition state,Transition state,True
LeftNet-CF AD,75,13,3,3,True,Higher-order saddle point,Higher-order saddle point,True
LeftNet-CF AD,76,16,1,1,True,Transition state,Transition state,True
LeftNet-CF AD,77,9,0,0,True,Minimum,Minimum,True
LeftNet-CF AD,78,11,1,1,True,Transition state,Transition state,True
LeftNet-CF AD,79,16,1,0,False,Transition state,Minimum,False
LeftNet-CF AD,80,12,0,0,True,Minimum,Minimum,True
LeftNet-CF AD,81,12,0,0,True,Minimum,Minimum,True
LeftNet-CF AD,82,16,1,1,True,Transition state,Transition state,True
LeftNet-CF AD,83,17,1,1,True,Transition state,Transition state,True
LeftNet-CF AD,84,13,0,0,True,Minimum,Minimum,True
LeftNet-CF AD,85,14,0,0,True,Minimum,Minimum,True
LeftNet-CF AD,86,12,0,0,True,Minimum,Minimum,True
LeftNet-CF AD,87,17,0,1,False,Minimum,Transition state,False
LeftNet-CF AD,88,13,1,1,True,Transition state,Transition state,True
LeftNet-CF AD,89,10,1,1,True,Transition state,Transition state,True
LeftNet-CF AD,90,17,4,4,True,Higher-order saddle point,Higher-order saddle point,True
LeftNet-CF AD,91,14,0,0,True,Minimum,Minimum,True
LeftNet-CF AD,92,14,2,3,False,Higher-order saddle point,Higher-order saddle point,True
LeftNet-CF AD,93,14,0,0,True,Minimum,Minimum,True
LeftNet-CF AD,94,15,1,1,True,Transition state,Transition state,True
LeftNet-CF AD,95,13,1,1,True,Transition state,Transition state,True
LeftNet-CF AD,96,16,0,0,True,Minimum,Minimum,True
LeftNet-CF AD,97,10,1,1,True,Transition state,Transition state,True
LeftNet-CF AD,98,17,1,2,False,Transition state,Higher-order saddle point,False
LeftNet-CF AD,99,9,0,0,True,Minimum,Minimum,True
LeftNet-CF AD,100,10,1,2,False,Transition state,Higher-order saddle point,False
LeftNet-CF AD,101,12,1,1,True,Transition state,Transition state,True
LeftNet-CF AD,102,15,0,0,True,Minimum,Minimum,True
LeftNet-CF AD,103,16,0,0,True,Minimum,Minimum,True
LeftNet-CF AD,104,9,1,1,True,Transition state,Transition state,True
LeftNet-CF AD,105,10,1,1,True,Transition state,Transition state,True
LeftNet-CF AD,106,11,0,1,False,Minimum,Transition state,False
LeftNet-CF AD,107,10,1,2,False,Transition state,Higher-order saddle point,False
LeftNet-CF AD,108,13,3,3,True,Higher-order saddle point,Higher-order saddle point,True
LeftNet-CF AD,109,17,0,0,True,Minimum,Minimum,True
LeftNet-CF AD,110,7,0,0,True,Minimum,Minimum,True
LeftNet-CF AD,111,15,1,2,False,Transition state,Higher-order saddle point,False
LeftNet-CF AD,112,13,1,1,True,Transition state,Transition state,True
LeftNet-CF AD,113,16,2,2,True,Higher-order saddle point,Higher-order saddle point,True
LeftNet-CF AD,114,11,0,0,True,Minimum,Minimum,True
LeftNet-CF AD,115,15,2,2,True,Higher-order saddle point,Higher-order saddle point,True
LeftNet-CF AD,116,13,0,0,True,Minimum,Minimum,True
LeftNet-CF AD,117,12,0,0,True,Minimum,Minimum,True
LeftNet-CF AD,118,14,1,2,False,Transition state,Higher-order saddle point,False
LeftNet-CF AD,119,12,0,0,True,Minimum,Minimum,True
LeftNet-CF AD,120,14,0,0,True,Minimum,Minimum,True
LeftNet-CF AD,121,16,2,1,False,Higher-order saddle point,Transition state,False
LeftNet-CF AD,122,16,0,1,False,Minimum,Transition state,False
LeftNet-CF AD,123,11,0,0,True,Minimum,Minimum,True
LeftNet-CF AD,124,15,0,0,True,Minimum,Minimum,True
LeftNet-CF AD,125,13,0,0,True,Minimum,Minimum,True
LeftNet-CF AD,126,10,1,1,True,Transition state,Transition state,True
LeftNet-CF AD,127,15,1,2,False,Transition state,Higher-order saddle point,False
LeftNet-CF AD,128,10,0,1,False,Minimum,Transition state,False
LeftNet-CF AD,129,18,2,2,True,Higher-order saddle point,Higher-order saddle point,True
LeftNet-CF AD,130,13,1,2,False,Transition state,Higher-order saddle point,False
LeftNet-CF AD,131,9,0,0,True,Minimum,Minimum,True
LeftNet-CF AD,132,16,0,0,True,Minimum,Minimum,True
LeftNet-CF AD,133,13,0,0,True,Minimum,Minimum,True
LeftNet-CF AD,134,12,0,0,True,Minimum,Minimum,True
LeftNet-CF AD,135,18,1,1,True,Transition state,Transition state,True
LeftNet-CF AD,136,16,1,1,True,Transition state,Transition state,True
LeftNet-CF AD,137,9,0,0,True,Minimum,Minimum,True
LeftNet-CF AD,138,15,0,0,True,Minimum,Minimum,True
LeftNet-CF AD,139,15,1,1,True,Transition state,Transition state,True
LeftNet-CF AD,140,16,2,3,False,Higher-order saddle point,Higher-order saddle point,True
LeftNet-CF AD,141,12,1,1,True,Transition state,Transition state,True
LeftNet-CF AD,142,12,1,1,True,Transition state,Transition state,True
LeftNet-CF AD,143,13,1,1,True,Transition state,Transition state,True
LeftNet-CF AD,144,21,1,1,True,Transition state,Transition state,True
LeftNet-CF AD,145,15,1,1,True,Transition state,Transition state,True
LeftNet-CF AD,146,11,1,2,False,Transition state,Higher-order saddle point,False
LeftNet-CF AD,147,16,2,2,True,Higher-order saddle point,Higher-order saddle point,True
LeftNet-CF AD,148,12,1,1,True,Transition state,Transition state,True
LeftNet-CF AD,149,14,1,1,True,Transition state,Transition state,True
LeftNet-CF AD,150,14,1,2,False,Transition state,Higher-order saddle point,False
LeftNet-CF AD,151,19,1,1,True,Transition state,Transition state,True
LeftNet-CF AD,152,12,0,0,True,Minimum,Minimum,True
LeftNet-CF AD,153,12,1,1,True,Transition state,Transition state,True
LeftNet-CF AD,154,16,1,1,True,Transition state,Transition state,True
LeftNet-CF AD,155,9,1,1,True,Transition state,Transition state,True
LeftNet-CF AD,156,16,0,0,True,Minimum,Minimum,True
LeftNet-CF AD,157,16,3,3,True,Higher-order saddle point,Higher-order saddle point,True
LeftNet-CF AD,158,13,1,1,True,Transition state,Transition state,True
LeftNet-CF AD,159,12,1,1,True,Transition state,Transition state,True
LeftNet-CF AD,160,13,1,1,True,Transition state,Transition state,True
LeftNet-CF AD,161,13,1,1,True,Transition state,Transition state,True
LeftNet-CF AD,162,16,1,1,True,Transition state,Transition state,True
LeftNet-CF AD,163,14,1,1,True,Transition state,Transition state,True
LeftNet-CF AD,164,13,0,0,True,Minimum,Minimum,True
LeftNet-CF AD,165,14,3,3,True,Higher-order saddle point,Higher-order saddle point,True
LeftNet-CF AD,166,11,1,1,True,Transition state,Transition state,True
LeftNet-CF AD,167,17,0,0,True,Minimum,Minimum,True
LeftNet-CF AD,168,9,2,2,True,Higher-order saddle point,Higher-order saddle point,True
LeftNet-CF AD,169,13,2,2,True,Higher-order saddle point,Higher-order saddle point,True
LeftNet-CF AD,170,11,1,0,False,Transition state,Minimum,False
LeftNet-CF AD,171,11,1,1,True,Transition state,Transition state,True
LeftNet-CF AD,172,13,0,0,True,Minimum,Minimum,True
LeftNet-CF AD,173,13,1,1,True,Transition state,Transition state,True
LeftNet-CF AD,174,12,1,1,True,Transition state,Transition state,True
LeftNet-CF AD,175,15,1,1,True,Transition state,Transition state,True
LeftNet-CF AD,176,16,1,1,True,Transition state,Transition state,True
LeftNet-CF AD,177,17,3,3,True,Higher-order saddle point,Higher-order saddle point,True
LeftNet-CF AD,178,8,1,1,True,Transition state,Transition state,True
LeftNet-CF AD,179,12,1,1,True,Transition state,Transition state,True
LeftNet-CF AD,180,11,1,1,True,Transition state,Transition state,True
LeftNet-CF AD,181,14,0,0,True,Minimum,Minimum,True
LeftNet-CF AD,182,9,0,0,True,Minimum,Minimum,True
LeftNet-CF AD,183,11,1,2,False,Transition state,Higher-order saddle point,False
LeftNet-CF AD,184,14,1,1,True,Transition state,Transition state,True
LeftNet-CF AD,185,18,2,2,True,Higher-order saddle point,Higher-order saddle point,True
LeftNet-CF AD,186,6,0,0,True,Minimum,Minimum,True
LeftNet-CF AD,187,19,1,1,True,Transition state,Transition state,True
LeftNet-CF AD,188,12,1,1,True,Transition state,Transition state,True
LeftNet-CF AD,189,11,0,0,True,Minimum,Minimum,True
LeftNet-CF AD,190,11,2,3,False,Higher-order saddle point,Higher-order saddle point,True
LeftNet-CF AD,191,14,0,1,False,Minimum,Transition state,False
LeftNet-CF AD,192,11,0,0,True,Minimum,Minimum,True
LeftNet-CF AD,193,15,0,0,True,Minimum,Minimum,True
LeftNet-CF AD,194,16,0,0,True,Minimum,Minimum,True
LeftNet-CF AD,195,16,3,3,True,Higher-order saddle point,Higher-order saddle point,True
LeftNet-CF AD,196,16,3,3,True,Higher-order saddle point,Higher-order saddle point,True
LeftNet-CF AD,197,19,0,0,True,Minimum,Minimum,True
LeftNet-CF AD,198,11,1,1,True,Transition state,Transition state,True
LeftNet-CF AD,199,12,1,0,False,Transition state,Minimum,False
LeftNet-CF AD,200,17,1,1,True,Transition state,Transition state,True
LeftNet-CF AD,201,17,0,0,True,Minimum,Minimum,True
LeftNet-CF AD,202,5,0,0,True,Minimum,Minimum,True
LeftNet-CF AD,203,17,1,1,True,Transition state,Transition state,True
LeftNet-CF AD,204,10,0,0,True,Minimum,Minimum,True
LeftNet-CF AD,205,15,1,1,True,Transition state,Transition state,True
LeftNet-CF AD,206,16,1,1,True,Transition state,Transition state,True
LeftNet-CF AD,207,10,0,0,True,Minimum,Minimum,True
LeftNet-CF AD,208,10,0,0,True,Minimum,Minimum,True
LeftNet-CF AD,209,14,2,3,False,Higher-order saddle point,Higher-order saddle point,True
LeftNet-CF AD,210,14,1,1,True,Transition state,Transition state,True
LeftNet-CF AD,211,15,0,0,True,Minimum,Minimum,True
LeftNet-CF AD,212,13,1,1,True,Transition state,Transition state,True
LeftNet-CF AD,213,15,0,0,True,Minimum,Minimum,True
LeftNet-CF AD,214,17,2,3,False,Higher-order saddle point,Higher-order saddle point,True
LeftNet-CF AD,215,10,1,1,True,Transition state,Transition state,True
LeftNet-CF AD,216,10,0,0,True,Minimum,Minimum,True
LeftNet-CF AD,217,15,2,2,True,Higher-order saddle point,Higher-order saddle point,True
LeftNet-CF AD,218,15,1,1,True,Transition state,Transition state,True
LeftNet-CF AD,219,12,1,1,True,Transition state,Transition state,True
LeftNet-CF AD,220,16,2,3,False,Higher-order saddle point,Higher-order saddle point,True
LeftNet-CF AD,221,16,2,2,True,Higher-order saddle point,Higher-order saddle point,True
LeftNet-CF AD,222,16,0,0,True,Minimum,Minimum,True
LeftNet-CF AD,223,12,0,0,True,Minimum,Minimum,True
LeftNet-CF AD,224,14,3,2,False,Higher-order saddle point,Higher-order saddle point,True
LeftNet-CF AD,225,19,0,1,False,Minimum,Transition state,False
LeftNet-CF AD,226,11,0,0,True,Minimum,Minimum,True
LeftNet-CF AD,227,12,2,2,True,Higher-order saddle point,Higher-order saddle point,True
LeftNet-CF AD,228,8,2,2,True,Higher-order saddle point,Higher-order saddle point,True
LeftNet-CF AD,229,14,0,1,False,Minimum,Transition state,False
LeftNet-CF AD,230,16,1,1,True,Transition state,Transition state,True
LeftNet-CF AD,231,11,0,0,True,Minimum,Minimum,True
LeftNet-CF AD,232,13,0,0,True,Minimum,Minimum,True
LeftNet-CF AD,233,17,0,0,True,Minimum,Minimum,True
LeftNet-CF AD,234,16,1,1,True,Transition state,Transition state,True
LeftNet-CF AD,235,14,1,0,False,Transition state,Minimum,False
LeftNet-CF AD,236,12,1,1,True,Transition state,Transition state,True
LeftNet-CF AD,237,14,3,3,True,Higher-order saddle point,Higher-order saddle point,True
LeftNet-CF AD,238,11,1,1,True,Transition state,Transition state,True
LeftNet-CF AD,239,14,4,3,False,Higher-order saddle point,Higher-order saddle point,True
LeftNet-CF AD,240,11,1,1,True,Transition state,Transition state,True
LeftNet-CF AD,241,8,0,0,True,Minimum,Minimum,True
LeftNet-CF AD,242,9,2,2,True,Higher-order saddle point,Higher-order saddle point,True
LeftNet-CF AD,243,11,1,1,True,Transition state,Transition state,True
LeftNet-CF AD,244,12,1,1,True,Transition state,Transition state,True
LeftNet-CF AD,245,11,1,1,True,Transition state,Transition state,True
LeftNet-CF AD,246,12,0,0,True,Minimum,Minimum,True
LeftNet-CF AD,247,16,0,0,True,Minimum,Minimum,True
LeftNet-CF AD,248,16,0,0,True,Minimum,Minimum,True
LeftNet-CF AD,249,15,2,2,True,Higher-order saddle point,Higher-order saddle point,True
LeftNet-CF AD,250,17,0,0,True,Minimum,Minimum,True
LeftNet-CF AD,251,14,3,4,False,Higher-order saddle point,Higher-order saddle point,True
LeftNet-CF AD,252,11,1,1,True,Transition state,Transition state,True
LeftNet-CF AD,253,19,0,0,True,Minimum,Minimum,True
LeftNet-CF AD,254,16,0,1,False,Minimum,Transition state,False
LeftNet-CF AD,255,12,1,1,True,Transition state,Transition state,True
LeftNet-CF AD,256,15,0,0,True,Minimum,Minimum,True
LeftNet-CF AD,257,14,0,0,True,Minimum,Minimum,True
LeftNet-CF AD,258,11,2,2,True,Higher-order saddle point,Higher-order saddle point,True
LeftNet-CF AD,259,12,1,2,False,Transition state,Higher-order saddle point,False
LeftNet-CF AD,260,15,1,1,True,Transition state,Transition state,True
LeftNet-CF AD,261,13,2,3,False,Higher-order saddle point,Higher-order saddle point,True
LeftNet-CF AD,262,19,0,0,True,Minimum,Minimum,True
LeftNet-CF AD,263,12,2,2,True,Higher-order saddle point,Higher-order saddle point,True
LeftNet-CF AD,264,12,0,0,True,Minimum,Minimum,True
LeftNet-CF AD,265,12,2,2,True,Higher-order saddle point,Higher-order saddle point,True
LeftNet-CF AD,266,15,0,0,True,Minimum,Minimum,True
LeftNet-CF AD,267,14,1,1,True,Transition state,Transition state,True
LeftNet-CF AD,268,12,0,0,True,Minimum,Minimum,True
LeftNet-CF AD,269,14,1,1,True,Transition state,Transition state,True
LeftNet-CF AD,270,12,3,3,True,Higher-order saddle point,Higher-order saddle point,True
LeftNet-CF AD,271,18,0,0,True,Minimum,Minimum,True
LeftNet-CF AD,272,9,1,1,True,Transition state,Transition state,True
LeftNet-CF AD,273,8,1,1,True,Transition state,Transition state,True
LeftNet-CF AD,274,18,0,0,True,Minimum,Minimum,True
LeftNet-CF AD,275,10,1,1,True,Transition state,Transition state,True
LeftNet-CF AD,276,14,1,1,True,Transition state,Transition state,True
LeftNet-CF AD,277,13,0,0,True,Minimum,Minimum,True
LeftNet-CF AD,278,17,0,0,True,Minimum,Minimum,True
LeftNet-CF AD,279,16,2,4,False,Higher-order saddle point,Higher-order saddle point,True
LeftNet-CF AD,280,18,1,1,True,Transition state,Transition state,True
LeftNet-CF AD,281,14,1,1,True,Transition state,Transition state,True
LeftNet-CF AD,282,14,2,2,True,Higher-order saddle point,Higher-order saddle point,True
LeftNet-CF AD,283,15,2,2,True,Higher-order saddle point,Higher-order saddle point,True
LeftNet-CF AD,284,12,1,1,True,Transition state,Transition state,True
LeftNet-CF AD,285,17,1,1,True,Transition state,Transition state,True
LeftNet-CF AD,286,14,0,0,True,Minimum,Minimum,True
LeftNet-CF AD,287,10,1,1,True,Transition state,Transition state,True
LeftNet-CF AD,288,13,0,0,True,Minimum,Minimum,True
LeftNet-CF AD,289,12,1,2,False,Transition state,Higher-order saddle point,False
LeftNet-CF AD,290,14,1,1,True,Transition state,Transition state,True
LeftNet-CF AD,291,13,1,1,True,Transition state,Transition state,True
LeftNet-CF AD,292,17,1,1,True,Transition state,Transition state,True
LeftNet-CF AD,293,12,0,0,True,Minimum,Minimum,True
LeftNet-CF AD,294,15,1,2,False,Transition state,Higher-order saddle point,False
LeftNet-CF AD,295,5,0,0,True,Minimum,Minimum,True
LeftNet-CF AD,296,14,1,1,True,Transition state,Transition state,True
LeftNet-CF AD,297,15,1,1,True,Transition state,Transition state,True
LeftNet-CF AD,298,13,0,0,True,Minimum,Minimum,True
LeftNet-CF AD,299,14,1,0,False,Transition state,Minimum,False
LeftNet-CF AD,300,15,2,2,True,Higher-order saddle point,Higher-order saddle point,True
LeftNet-CF AD,301,17,2,2,True,Higher-order saddle point,Higher-order saddle point,True
LeftNet-CF AD,302,12,1,1,True,Transition state,Transition state,True
LeftNet-CF AD,303,11,1,1,True,Transition state,Transition state,True
LeftNet-CF AD,304,18,1,1,True,Transition state,Transition state,True
LeftNet-CF AD,305,14,0,0,True,Minimum,Minimum,True
LeftNet-CF AD,306,16,4,4,True,Higher-order saddle point,Higher-order saddle point,True
LeftNet-CF AD,307,15,3,3,True,Higher-order saddle point,Higher-order saddle point,True
LeftNet-CF AD,308,18,1,1,True,Transition state,Transition state,True
LeftNet-CF AD,309,16,2,2,True,Higher-order saddle point,Higher-order saddle point,True
LeftNet-CF AD,310,11,0,0,True,Minimum,Minimum,True
LeftNet-CF AD,311,14,1,1,True,Transition state,Transition state,True
LeftNet-CF AD,312,9,0,1,False,Minimum,Transition state,False
LeftNet-CF AD,313,15,2,2,True,Higher-order saddle point,Higher-order saddle point,True
LeftNet-CF AD,314,13,1,1,True,Transition state,Transition state,True
LeftNet-CF AD,315,14,1,1,True,Transition state,Transition state,True
LeftNet-CF AD,316,14,3,3,True,Higher-order saddle point,Higher-order saddle point,True
LeftNet-CF AD,317,9,0,0,True,Minimum,Minimum,True
LeftNet-CF AD,318,17,0,1,False,Minimum,Transition state,False
LeftNet-CF AD,319,10,1,2,False,Transition state,Higher-order saddle point,False
LeftNet-CF AD,320,15,0,0,True,Minimum,Minimum,True
LeftNet-CF AD,321,15,0,0,True,Minimum,Minimum,True
LeftNet-CF AD,322,10,0,0,True,Minimum,Minimum,True
LeftNet-CF AD,323,15,2,1,False,Higher-order saddle point,Transition state,False
LeftNet-CF AD,324,15,0,0,True,Minimum,Minimum,True
LeftNet-CF AD,325,15,0,0,True,Minimum,Minimum,True
LeftNet-CF AD,326,10,1,1,True,Transition state,Transition state,True
LeftNet-CF AD,327,13,2,2,True,Higher-order saddle point,Higher-order saddle point,True
LeftNet-CF AD,328,14,1,1,True,Transition state,Transition state,True
LeftNet-CF AD,329,14,2,2,True,Higher-order saddle point,Higher-order saddle point,True
LeftNet-CF AD,330,19,0,0,True,Minimum,Minimum,True
LeftNet-CF AD,331,15,1,1,True,Transition state,Transition state,True
LeftNet-CF AD,332,16,1,1,True,Transition state,Transition state,True
LeftNet-CF AD,333,16,1,1,True,Transition state,Transition state,True
LeftNet-CF AD,334,13,2,2,True,Higher-order saddle point,Higher-order saddle point,True
LeftNet-CF AD,335,11,0,0,True,Minimum,Minimum,True
LeftNet-CF AD,336,12,1,1,True,Transition state,Transition state,True
LeftNet-CF AD,337,12,0,0,True,Minimum,Minimum,True
LeftNet-CF AD,338,15,1,1,True,Transition state,Transition state,True
LeftNet-CF AD,339,13,0,0,True,Minimum,Minimum,True
LeftNet-CF AD,340,15,3,2,False,Higher-order saddle point,Higher-order saddle point,True
LeftNet-CF AD,341,13,1,1,True,Transition state,Transition state,True
LeftNet-CF AD,342,10,0,0,True,Minimum,Minimum,True
LeftNet-CF AD,343,12,0,0,True,Minimum,Minimum,True
LeftNet-CF AD,344,11,0,0,True,Minimum,Minimum,True
LeftNet-CF AD,345,15,1,1,True,Transition state,Transition state,True
LeftNet-CF AD,346,16,2,2,True,Higher-order saddle point,Higher-order saddle point,True
LeftNet-CF AD,347,14,1,1,True,Transition state,Transition state,True
LeftNet-CF AD,348,16,1,1,True,Transition state,Transition state,True
LeftNet-CF AD,349,12,1,1,True,Transition state,Transition state,True
LeftNet-CF AD,350,16,0,1,False,Minimum,Transition state,False
LeftNet-CF AD,351,18,1,1,True,Transition state,Transition state,True
LeftNet-CF AD,352,10,0,0,True,Minimum,Minimum,True
LeftNet-CF AD,353,12,2,2,True,Higher-order saddle point,Higher-order saddle point,True
LeftNet-CF AD,354,11,1,1,True,Transition state,Transition state,True
LeftNet-CF AD,355,12,0,0,True,Minimum,Minimum,True
LeftNet-CF AD,356,13,1,1,True,Transition state,Transition state,True
LeftNet-CF AD,357,17,0,0,True,Minimum,Minimum,True
LeftNet-CF AD,358,13,0,0,True,Minimum,Minimum,True
LeftNet-CF AD,359,15,1,2,False,Transition state,Higher-order saddle point,False
LeftNet-CF AD,360,16,1,1,True,Transition state,Transition state,True
LeftNet-CF AD,361,19,1,1,True,Transition state,Transition state,True
LeftNet-CF AD,362,16,2,2,True,Higher-order saddle point,Higher-order saddle point,True
LeftNet-CF AD,363,14,0,0,True,Minimum,Minimum,True
LeftNet-CF AD,364,17,4,3,False,Higher-order saddle point,Higher-order saddle point,True
LeftNet-CF AD,365,11,0,1,False,Minimum,Transition state,False
LeftNet-CF AD,366,19,2,3,False,Higher-order saddle point,Higher-order saddle point,True
LeftNet-CF AD,367,7,0,0,True,Minimum,Minimum,True
LeftNet-CF AD,368,10,1,1,True,Transition state,Transition state,True
LeftNet-CF AD,369,16,2,2,True,Higher-order saddle point,Higher-order saddle point,True
LeftNet-CF AD,370,15,1,2,False,Transition state,Higher-order saddle point,False
LeftNet-CF AD,371,15,0,0,True,Minimum,Minimum,True
LeftNet-CF AD,372,14,0,0,True,Minimum,Minimum,True
LeftNet-CF AD,373,10,2,2,True,Higher-order saddle point,Higher-order saddle point,True
LeftNet-CF AD,374,12,0,0,True,Minimum,Minimum,True
LeftNet-CF AD,375,12,1,1,True,Transition state,Transition state,True
LeftNet-CF AD,376,16,1,1,True,Transition state,Transition state,True
LeftNet-CF AD,377,11,1,1,True,Transition state,Transition state,True
LeftNet-CF AD,378,17,1,1,True,Transition state,Transition state,True
LeftNet-CF AD,379,13,1,1,True,Transition state,Transition state,True
LeftNet-CF AD,380,8,2,2,True,Higher-order saddle point,Higher-order saddle point,True
LeftNet-CF AD,381,9,0,0,True,Minimum,Minimum,True
LeftNet-CF AD,382,12,0,1,False,Minimum,Transition state,False
LeftNet-CF AD,383,10,1,1,True,Transition state,Transition state,True
LeftNet-CF AD,384,14,0,1,False,Minimum,Transition state,False
LeftNet-CF AD,385,14,0,0,True,Minimum,Minimum,True
LeftNet-CF AD,386,13,2,2,True,Higher-order saddle point,Higher-order saddle point,True
LeftNet-CF AD,387,16,1,1,True,Transition state,Transition state,True
LeftNet-CF AD,388,12,0,0,True,Minimum,Minimum,True
LeftNet-CF AD,389,16,1,1,True,Transition state,Transition state,True
LeftNet-CF AD,390,13,3,3,True,Higher-order saddle point,Higher-order saddle point,True
LeftNet-CF AD,391,15,2,2,True,Higher-order saddle point,Higher-order saddle point,True
LeftNet-CF AD,392,11,0,0,True,Minimum,Minimum,True
LeftNet-CF AD,393,9,0,0,True,Minimum,Minimum,True
LeftNet-CF AD,394,13,0,0,True,Minimum,Minimum,True
LeftNet-CF AD,395,13,2,2,True,Higher-order saddle point,Higher-order saddle point,True
LeftNet-CF AD,396,10,1,1,True,Transition state,Transition state,True
LeftNet-CF AD,397,13,0,0,True,Minimum,Minimum,True
LeftNet-CF AD,398,9,0,0,True,Minimum,Minimum,True
LeftNet-CF AD,399,14,2,2,True,Higher-order saddle point,Higher-order saddle point,True
LeftNet-CF AD,400,14,0,0,True,Minimum,Minimum,True
LeftNet-CF AD,401,14,0,1,False,Minimum,Transition state,False
LeftNet-CF AD,402,15,1,1,True,Transition state,Transition state,True
LeftNet-CF AD,403,16,1,1,True,Transition state,Transition state,True
LeftNet-CF AD,404,12,0,0,True,Minimum,Minimum,True
LeftNet-CF AD,405,12,3,3,True,Higher-order saddle point,Higher-order saddle point,True
LeftNet-CF AD,406,12,2,1,False,Higher-order saddle point,Transition state,False
LeftNet-CF AD,407,14,0,0,True,Minimum,Minimum,True
LeftNet-CF AD,408,10,0,0,True,Minimum,Minimum,True
LeftNet-CF AD,409,18,2,2,True,Higher-order saddle point,Higher-order saddle point,True
LeftNet-CF AD,410,6,0,0,True,Minimum,Minimum,True
LeftNet-CF AD,411,12,0,0,True,Minimum,Minimum,True
LeftNet-CF AD,412,11,1,1,True,Transition state,Transition state,True
LeftNet-CF AD,413,19,3,2,False,Higher-order saddle point,Higher-order saddle point,True
LeftNet-CF AD,414,16,2,2,True,Higher-order saddle point,Higher-order saddle point,True
LeftNet-CF AD,415,13,3,3,True,Higher-order saddle point,Higher-order saddle point,True
LeftNet-CF AD,416,17,1,1,True,Transition state,Transition state,True
LeftNet-CF AD,417,12,0,0,True,Minimum,Minimum,True
LeftNet-CF AD,418,12,0,0,True,Minimum,Minimum,True
LeftNet-CF AD,419,13,1,0,False,Transition state,Minimum,False
LeftNet-CF AD,420,11,0,1,False,Minimum,Transition state,False
LeftNet-CF AD,421,15,3,3,True,Higher-order saddle point,Higher-order saddle point,True
LeftNet-CF AD,422,19,0,1,False,Minimum,Transition state,False
LeftNet-CF AD,423,16,3,3,True,Higher-order saddle point,Higher-order saddle point,True
LeftNet-CF AD,424,14,4,4,True,Higher-order saddle point,Higher-order saddle point,True
LeftNet-CF AD,425,14,1,1,True,Transition state,Transition state,True
LeftNet-CF AD,426,15,1,1,True,Transition state,Transition state,True
LeftNet-CF AD,427,10,0,0,True,Minimum,Minimum,True
LeftNet-CF AD,428,10,1,1,True,Transition state,Transition state,True
LeftNet-CF AD,429,14,0,1,False,Minimum,Transition state,False
LeftNet-CF AD,430,14,0,1,False,Minimum,Transition state,False
LeftNet-CF AD,431,15,0,0,True,Minimum,Minimum,True
LeftNet-CF AD,432,16,0,0,True,Minimum,Minimum,True
LeftNet-CF AD,433,15,1,1,True,Transition state,Transition state,True
LeftNet-CF AD,434,12,0,0,True,Minimum,Minimum,True
LeftNet-CF AD,435,15,1,2,False,Transition state,Higher-order saddle point,False
LeftNet-CF AD,436,15,0,0,True,Minimum,Minimum,True
LeftNet-CF AD,437,11,2,3,False,Higher-order saddle point,Higher-order saddle point,True
LeftNet-CF AD,438,13,0,0,True,Minimum,Minimum,True
LeftNet-CF AD,439,15,0,0,True,Minimum,Minimum,True
LeftNet-CF AD,440,16,1,1,True,Transition state,Transition state,True
LeftNet-CF AD,441,16,4,4,True,Higher-order saddle point,Higher-order saddle point,True
LeftNet-CF AD,442,15,2,2,True,Higher-order saddle point,Higher-order saddle point,True
LeftNet-CF AD,443,16,2,2,True,Higher-order saddle point,Higher-order saddle point,True
LeftNet-CF AD,444,13,1,1,True,Transition state,Transition state,True
LeftNet-CF AD,445,14,0,0,True,Minimum,Minimum,True
LeftNet-CF AD,446,18,0,1,False,Minimum,Transition state,False
LeftNet-CF AD,447,11,1,1,True,Transition state,Transition state,True
LeftNet-CF AD,448,10,1,1,True,Transition state,Transition state,True
LeftNet-CF AD,449,14,2,2,True,Higher-order saddle point,Higher-order saddle point,True
LeftNet-CF AD,450,18,0,0,True,Minimum,Minimum,True
LeftNet-CF AD,451,13,1,1,True,Transition state,Transition state,True
LeftNet-CF AD,452,19,2,2,True,Higher-order saddle point,Higher-order saddle point,True
LeftNet-CF AD,453,13,1,1,True,Transition state,Transition state,True
LeftNet-CF AD,454,10,3,3,True,Higher-order saddle point,Higher-order saddle point,True
LeftNet-CF AD,455,12,0,0,True,Minimum,Minimum,True
LeftNet-CF AD,456,14,1,1,True,Transition state,Transition state,True
LeftNet-CF AD,457,14,1,1,True,Transition state,Transition state,True
LeftNet-CF AD,458,10,0,0,True,Minimum,Minimum,True
LeftNet-CF AD,459,19,1,1,True,Transition state,Transition state,True
LeftNet-CF AD,460,16,1,1,True,Transition state,Transition state,True
LeftNet-CF AD,461,14,0,0,True,Minimum,Minimum,True
LeftNet-CF AD,462,11,0,0,True,Minimum,Minimum,True
LeftNet-CF AD,463,11,1,1,True,Transition state,Transition state,True
LeftNet-CF AD,464,15,2,2,True,Higher-order saddle point,Higher-order saddle point,True
LeftNet-CF AD,465,14,0,0,True,Minimum,Minimum,True
LeftNet-CF AD,466,15,2,3,False,Higher-order saddle point,Higher-order saddle point,True
LeftNet-CF AD,467,13,0,0,True,Minimum,Minimum,True
LeftNet-CF AD,468,16,1,1,True,Transition state,Transition state,True
LeftNet-CF AD,469,11,0,0,True,Minimum,Minimum,True
LeftNet-CF AD,470,15,1,1,True,Transition state,Transition state,True
LeftNet-CF AD,471,13,0,0,True,Minimum,Minimum,True
LeftNet-CF AD,472,9,1,1,True,Transition state,Transition state,True
LeftNet-CF AD,473,17,1,1,True,Transition state,Transition state,True
LeftNet-CF AD,474,13,0,0,True,Minimum,Minimum,True
LeftNet-CF AD,475,12,0,0,True,Minimum,Minimum,True
LeftNet-CF AD,476,13,0,0,True,Minimum,Minimum,True
LeftNet-CF AD,477,14,2,2,True,Higher-order saddle point,Higher-order saddle point,True
LeftNet-CF AD,478,12,1,1,True,Transition state,Transition state,True
LeftNet-CF AD,479,16,0,1,False,Minimum,Transition state,False
LeftNet-CF AD,480,16,3,2,False,Higher-order saddle point,Higher-order saddle point,True
LeftNet-CF AD,481,18,1,1,True,Transition state,Transition state,True
LeftNet-CF AD,482,13,1,1,True,Transition state,Transition state,True
LeftNet-CF AD,483,14,0,0,True,Minimum,Minimum,True
LeftNet-CF AD,484,11,4,5,False,Higher-order saddle point,Higher-order saddle point,True
LeftNet-CF AD,485,17,1,2,False,Transition state,Higher-order saddle point,False
LeftNet-CF AD,486,16,2,2,True,Higher-order saddle point,Higher-order saddle point,True
LeftNet-CF AD,487,15,0,0,True,Minimum,Minimum,True
LeftNet-CF AD,488,16,4,3,False,Higher-order saddle point,Higher-order saddle point,True
LeftNet-CF AD,489,16,1,1,True,Transition state,Transition state,True
LeftNet-CF AD,490,9,2,2,True,Higher-order saddle point,Higher-order saddle point,True
LeftNet-CF AD,491,11,0,0,True,Minimum,Minimum,True
LeftNet-CF AD,492,16,2,2,True,Higher-order saddle point,Higher-order saddle point,True
LeftNet-CF AD,493,12,2,3,False,Higher-order saddle point,Higher-order saddle point,True
LeftNet-CF AD,494,14,0,0,True,Minimum,Minimum,True
LeftNet-CF AD,495,13,1,1,True,Transition state,Transition state,True
LeftNet-CF AD,496,14,1,1,True,Transition state,Transition state,True
LeftNet-CF AD,497,11,0,0,True,Minimum,Minimum,True
LeftNet-CF AD,498,15,0,0,True,Minimum,Minimum,True
LeftNet-CF AD,499,15,1,1,True,Transition state,Transition state,True
LeftNet-CF AD,500,12,1,1,True,Transition state,Transition state,True
LeftNet-CF AD,501,10,1,1,True,Transition state,Transition state,True
LeftNet-CF AD,502,16,1,1,True,Transition state,Transition state,True
LeftNet-CF AD,503,13,0,0,True,Minimum,Minimum,True
LeftNet-CF AD,504,10,2,3,False,Higher-order saddle point,Higher-order saddle point,True
LeftNet-CF AD,505,12,0,0,True,Minimum,Minimum,True
LeftNet-CF AD,506,21,1,2,False,Transition state,Higher-order saddle point,False
LeftNet-CF AD,507,10,0,1,False,Minimum,Transition state,False
LeftNet-CF AD,508,18,1,1,True,Transition state,Transition state,True
LeftNet-CF AD,509,12,1,1,True,Transition state,Transition state,True
LeftNet-CF AD,510,16,0,2,False,Minimum,Higher-order saddle point,False
LeftNet-CF AD,511,17,1,1,True,Transition state,Transition state,True
LeftNet-CF AD,512,21,3,3,True,Higher-order saddle point,Higher-order saddle point,True
LeftNet-CF AD,513,18,2,3,False,Higher-order saddle point,Higher-order saddle point,True
LeftNet-CF AD,514,13,1,1,True,Transition state,Transition state,True
LeftNet-CF AD,515,15,1,2,False,Transition state,Higher-order saddle point,False
LeftNet-CF AD,516,10,0,0,True,Minimum,Minimum,True
LeftNet-CF AD,517,17,1,1,True,Transition state,Transition state,True
LeftNet-CF AD,518,15,0,0,True,Minimum,Minimum,True
LeftNet-CF AD,519,12,1,1,True,Transition state,Transition state,True
LeftNet-CF AD,520,15,1,1,True,Transition state,Transition state,True
LeftNet-CF AD,521,14,1,1,True,Transition state,Transition state,True
LeftNet-CF AD,522,16,1,1,True,Transition state,Transition state,True
LeftNet-CF AD,523,12,3,3,True,Higher-order saddle point,Higher-order saddle point,True
LeftNet-CF AD,524,10,0,0,True,Minimum,Minimum,True
LeftNet-CF AD,525,12,0,0,True,Minimum,Minimum,True
LeftNet-CF AD,526,13,1,1,True,Transition state,Transition state,True
LeftNet-CF AD,527,15,1,1,True,Transition state,Transition state,True
LeftNet-CF AD,528,19,2,2,True,Higher-order saddle point,Higher-order saddle point,True
LeftNet-CF AD,529,10,1,1,True,Transition state,Transition state,True
LeftNet-CF AD,530,11,1,1,True,Transition state,Transition state,True
LeftNet-CF AD,531,16,0,0,True,Minimum,Minimum,True
LeftNet-CF AD,532,15,0,0,True,Minimum,Minimum,True
LeftNet-CF AD,533,15,1,2,False,Transition state,Higher-order saddle point,False
LeftNet-CF AD,534,14,2,3,False,Higher-order saddle point,Higher-order saddle point,True
LeftNet-CF AD,535,13,1,1,True,Transition state,Transition state,True
LeftNet-CF AD,536,12,3,3,True,Higher-order saddle point,Higher-order saddle point,True
LeftNet-CF AD,537,15,2,3,False,Higher-order saddle point,Higher-order saddle point,True
LeftNet-CF AD,538,16,0,1,False,Minimum,Transition state,False
LeftNet-CF AD,539,15,1,0,False,Transition state,Minimum,False
LeftNet-CF AD,540,11,1,1,True,Transition state,Transition state,True
LeftNet-CF AD,541,13,1,1,True,Transition state,Transition state,True
LeftNet-CF AD,542,14,1,2,False,Transition state,Higher-order saddle point,False
LeftNet-CF AD,543,16,0,0,True,Minimum,Minimum,True
LeftNet-CF AD,544,11,1,1,True,Transition state,Transition state,True
LeftNet-CF AD,545,14,0,0,True,Minimum,Minimum,True
LeftNet-CF AD,546,13,2,3,False,Higher-order saddle point,Higher-order saddle point,True
LeftNet-CF AD,547,11,1,1,True,Transition state,Transition state,True
LeftNet-CF AD,548,13,0,0,True,Minimum,Minimum,True
LeftNet-CF AD,549,14,1,1,True,Transition state,Transition state,True
LeftNet-CF AD,550,13,0,0,True,Minimum,Minimum,True
LeftNet-CF AD,551,9,2,2,True,Higher-order saddle point,Higher-order saddle point,True
LeftNet-CF AD,552,12,1,1,True,Transition state,Transition state,True
LeftNet-CF AD,553,14,1,1,True,Transition state,Transition state,True
LeftNet-CF AD,554,10,1,0,False,Transition state,Minimum,False
LeftNet-CF AD,555,16,0,0,True,Minimum,Minimum,True
LeftNet-CF AD,556,16,2,2,True,Higher-order saddle point,Higher-order saddle point,True
LeftNet-CF AD,557,11,1,1,True,Transition state,Transition state,True
LeftNet-CF AD,558,13,0,0,True,Minimum,Minimum,True
LeftNet-CF AD,559,13,0,0,True,Minimum,Minimum,True
LeftNet-CF AD,560,17,0,0,True,Minimum,Minimum,True
LeftNet-CF AD,561,12,0,0,True,Minimum,Minimum,True
LeftNet-CF AD,562,19,0,0,True,Minimum,Minimum,True
LeftNet-CF AD,563,14,1,1,True,Transition state,Transition state,True
LeftNet-CF AD,564,18,0,0,True,Minimum,Minimum,True
LeftNet-CF AD,565,14,6,8,False,Higher-order saddle point,Higher-order saddle point,True
LeftNet-CF AD,566,19,0,0,True,Minimum,Minimum,True
LeftNet-CF AD,567,13,1,1,True,Transition state,Transition state,True
LeftNet-CF AD,568,14,1,1,True,Transition state,Transition state,True
LeftNet-CF AD,569,15,1,1,True,Transition state,Transition state,True
LeftNet-CF AD,570,15,1,1,True,Transition state,Transition state,True
LeftNet-CF AD,571,14,1,2,False,Transition state,Higher-order saddle point,False
LeftNet-CF AD,572,16,3,3,True,Higher-order saddle point,Higher-order saddle point,True
LeftNet-CF AD,573,16,0,0,True,Minimum,Minimum,True
LeftNet-CF AD,574,13,1,1,True,Transition state,Transition state,True
LeftNet-CF AD,575,12,1,1,True,Transition state,Transition state,True
LeftNet-CF AD,576,12,0,0,True,Minimum,Minimum,True
LeftNet-CF AD,577,15,3,4,False,Higher-order saddle point,Higher-order saddle point,True
LeftNet-CF AD,578,14,2,2,True,Higher-order saddle point,Higher-order saddle point,True
LeftNet-CF AD,579,16,1,1,True,Transition state,Transition state,True
LeftNet-CF AD,580,13,1,1,True,Transition state,Transition state,True
LeftNet-CF AD,581,11,0,1,False,Minimum,Transition state,False
LeftNet-CF AD,582,16,1,1,True,Transition state,Transition state,True
LeftNet-CF AD,583,15,1,1,True,Transition state,Transition state,True
LeftNet-CF AD,584,17,2,2,True,Higher-order saddle point,Higher-order saddle point,True
LeftNet-CF AD,585,10,1,1,True,Transition state,Transition state,True
LeftNet-CF AD,586,11,1,1,True,Transition state,Transition state,True
LeftNet-CF AD,587,14,1,2,False,Transition state,Higher-order saddle point,False
LeftNet-CF AD,588,19,1,1,True,Transition state,Transition state,True
LeftNet-CF AD,589,14,2,3,False,Higher-order saddle point,Higher-order saddle point,True
LeftNet-CF AD,590,16,0,0,True,Minimum,Minimum,True
LeftNet-CF AD,591,15,1,1,True,Transition state,Transition state,True
LeftNet-CF AD,592,17,1,1,True,Transition state,Transition state,True
LeftNet-CF AD,593,13,0,0,True,Minimum,Minimum,True
LeftNet-CF AD,594,14,1,1,True,Transition state,Transition state,True
LeftNet-CF AD,595,15,1,1,True,Transition state,Transition state,True
LeftNet-CF AD,596,13,0,0,True,Minimum,Minimum,True
LeftNet-CF AD,597,11,0,0,True,Minimum,Minimum,True
LeftNet-CF AD,598,10,1,1,True,Transition state,Transition state,True
LeftNet-CF AD,599,12,1,1,True,Transition state,Transition state,True
LeftNet-CF AD,600,15,0,0,True,Minimum,Minimum,True
LeftNet-CF AD,601,9,2,2,True,Higher-order saddle point,Higher-order saddle point,True
LeftNet-CF AD,602,16,1,1,True,Transition state,Transition state,True
LeftNet-CF AD,603,16,0,0,True,Minimum,Minimum,True
LeftNet-CF AD,604,10,0,0,True,Minimum,Minimum,True
LeftNet-CF AD,605,17,2,2,True,Higher-order saddle point,Higher-order saddle point,True
LeftNet-CF AD,606,18,1,1,True,Transition state,Transition state,True
LeftNet-CF AD,607,14,0,0,True,Minimum,Minimum,True
LeftNet-CF AD,608,15,0,0,True,Minimum,Minimum,True
LeftNet-CF AD,609,19,0,0,True,Minimum,Minimum,True
LeftNet-CF AD,610,13,0,0,True,Minimum,Minimum,True
LeftNet-CF AD,611,14,1,1,True,Transition state,Transition state,True
LeftNet-CF AD,612,14,0,0,True,Minimum,Minimum,True
LeftNet-CF AD,613,12,0,1,False,Minimum,Transition state,False
LeftNet-CF AD,614,12,0,0,True,Minimum,Minimum,True
LeftNet-CF AD,615,15,1,1,True,Transition state,Transition state,True
LeftNet-CF AD,616,15,1,1,True,Transition state,Transition state,True
LeftNet-CF AD,617,12,1,1,True,Transition state,Transition state,True
LeftNet-CF AD,618,14,0,1,False,Minimum,Transition state,False
LeftNet-CF AD,619,15,1,1,True,Transition state,Transition state,True
LeftNet-CF AD,620,13,0,0,True,Minimum,Minimum,True
LeftNet-CF AD,621,13,0,0,True,Minimum,Minimum,True
LeftNet-CF AD,622,11,0,0,True,Minimum,Minimum,True
LeftNet-CF AD,623,16,1,1,True,Transition state,Transition state,True
LeftNet-CF AD,624,18,0,0,True,Minimum,Minimum,True
LeftNet-CF AD,625,11,2,1,False,Higher-order saddle point,Transition state,False
LeftNet-CF AD,626,14,1,1,True,Transition state,Transition state,True
LeftNet-CF AD,627,15,1,2,False,Transition state,Higher-order saddle point,False
LeftNet-CF AD,628,21,1,1,True,Transition state,Transition state,True
LeftNet-CF AD,629,11,2,4,False,Higher-order saddle point,Higher-order saddle point,True
LeftNet-CF AD,630,19,3,3,True,Higher-order saddle point,Higher-order saddle point,True
LeftNet-CF AD,631,15,1,2,False,Transition state,Higher-order saddle point,False
LeftNet-CF AD,632,18,1,1,True,Transition state,Transition state,True
LeftNet-CF AD,633,11,2,2,True,Higher-order saddle point,Higher-order saddle point,True
LeftNet-CF AD,634,16,1,1,True,Transition state,Transition state,True
LeftNet-CF AD,635,13,0,0,True,Minimum,Minimum,True
LeftNet-CF AD,636,12,1,1,True,Transition state,Transition state,True
LeftNet-CF AD,637,12,0,0,True,Minimum,Minimum,True
LeftNet-CF AD,638,16,1,1,True,Transition state,Transition state,True
LeftNet-CF AD,639,12,1,1,True,Transition state,Transition state,True
LeftNet-CF AD,640,15,2,2,True,Higher-order saddle point,Higher-order saddle point,True
LeftNet-CF AD,641,19,1,1,True,Transition state,Transition state,True
LeftNet-CF AD,642,16,2,2,True,Higher-order saddle point,Higher-order saddle point,True
LeftNet-CF AD,643,14,1,1,True,Transition state,Transition state,True
LeftNet-CF AD,644,18,3,3,True,Higher-order saddle point,Higher-order saddle point,True
LeftNet-CF AD,645,14,0,0,True,Minimum,Minimum,True
LeftNet-CF AD,646,11,0,1,False,Minimum,Transition state,False
LeftNet-CF AD,647,16,0,0,True,Minimum,Minimum,True
LeftNet-CF AD,648,16,1,1,True,Transition state,Transition state,True
LeftNet-CF AD,649,15,1,1,True,Transition state,Transition state,True
LeftNet-CF AD,650,12,1,1,True,Transition state,Transition state,True
LeftNet-CF AD,651,17,1,1,True,Transition state,Transition state,True
LeftNet-CF AD,652,11,0,0,True,Minimum,Minimum,True
LeftNet-CF AD,653,15,0,0,True,Minimum,Minimum,True
LeftNet-CF AD,654,10,1,1,True,Transition state,Transition state,True
LeftNet-CF AD,655,13,1,1,True,Transition state,Transition state,True
LeftNet-CF AD,656,17,0,0,True,Minimum,Minimum,True
LeftNet-CF AD,657,13,0,0,True,Minimum,Minimum,True
LeftNet-CF AD,658,12,1,1,True,Transition state,Transition state,True
LeftNet-CF AD,659,10,1,1,True,Transition state,Transition state,True
LeftNet-CF AD,660,14,1,1,True,Transition state,Transition state,True
LeftNet-CF AD,661,18,0,1,False,Minimum,Transition state,False
LeftNet-CF AD,662,14,2,2,True,Higher-order saddle point,Higher-order saddle point,True
LeftNet-CF AD,663,16,1,1,True,Transition state,Transition state,True
LeftNet-CF AD,664,10,1,2,False,Transition state,Higher-order saddle point,False
LeftNet-CF AD,665,12,0,0,True,Minimum,Minimum,True
LeftNet-CF AD,666,10,1,1,True,Transition state,Transition state,True
LeftNet-CF AD,667,13,1,1,True,Transition state,Transition state,True
LeftNet-CF AD,668,16,0,0,True,Minimum,Minimum,True
LeftNet-CF AD,669,11,1,2,False,Transition state,Higher-order saddle point,False
LeftNet-CF AD,670,14,0,0,True,Minimum,Minimum,True
LeftNet-CF AD,671,14,1,1,True,Transition state,Transition state,True
LeftNet-CF AD,672,12,1,1,True,Transition state,Transition state,True
LeftNet-CF AD,673,13,1,1,True,Transition state,Transition state,True
LeftNet-CF AD,674,14,1,1,True,Transition state,Transition state,True
LeftNet-CF AD,675,14,0,0,True,Minimum,Minimum,True
LeftNet-CF AD,676,14,0,0,True,Minimum,Minimum,True
LeftNet-CF AD,677,15,1,1,True,Transition state,Transition state,True
LeftNet-CF AD,678,18,0,1,False,Minimum,Transition state,False
LeftNet-CF AD,679,15,1,1,True,Transition state,Transition state,True
LeftNet-CF AD,680,13,0,1,False,Minimum,Transition state,False
LeftNet-CF AD,681,12,1,1,True,Transition state,Transition state,True
LeftNet-CF AD,682,9,0,0,True,Minimum,Minimum,True
LeftNet-CF AD,683,13,1,1,True,Transition state,Transition state,True
LeftNet-CF AD,684,15,2,2,True,Higher-order saddle point,Higher-order saddle point,True
LeftNet-CF AD,685,15,2,2,True,Higher-order saddle point,Higher-order saddle point,True
LeftNet-CF AD,686,8,1,1,True,Transition state,Transition state,True
LeftNet-CF AD,687,14,1,1,True,Transition state,Transition state,True
LeftNet-CF AD,688,19,1,1,True,Transition state,Transition state,True
LeftNet-CF AD,689,16,0,0,True,Minimum,Minimum,True
LeftNet-CF AD,690,10,0,0,True,Minimum,Minimum,True
LeftNet-CF AD,691,12,1,1,True,Transition state,Transition state,True
LeftNet-CF AD,692,17,0,0,True,Minimum,Minimum,True
LeftNet-CF AD,693,9,0,0,True,Minimum,Minimum,True
LeftNet-CF AD,694,15,1,1,True,Transition state,Transition state,True
LeftNet-CF AD,695,10,1,1,True,Transition state,Transition state,True
LeftNet-CF AD,696,10,1,2,False,Transition state,Higher-order saddle point,False
LeftNet-CF AD,697,15,2,2,True,Higher-order saddle point,Higher-order saddle point,True
LeftNet-CF AD,698,13,0,0,True,Minimum,Minimum,True
LeftNet-CF AD,699,12,1,1,True,Transition state,Transition state,True
LeftNet-CF AD,700,14,1,1,True,Transition state,Transition state,True
LeftNet-CF AD,701,17,2,2,True,Higher-order saddle point,Higher-order saddle point,True
LeftNet-CF AD,702,16,1,1,True,Transition state,Transition state,True
LeftNet-CF AD,703,15,1,1,True,Transition state,Transition state,True
LeftNet-CF AD,704,16,0,0,True,Minimum,Minimum,True
LeftNet-CF AD,705,10,0,0,True,Minimum,Minimum,True
LeftNet-CF AD,706,14,1,1,True,Transition state,Transition state,True
LeftNet-CF AD,707,14,0,0,True,Minimum,Minimum,True
LeftNet-CF AD,708,12,1,1,True,Transition state,Transition state,True
LeftNet-CF AD,709,12,1,1,True,Transition state,Transition state,True
LeftNet-CF AD,710,13,1,1,True,Transition state,Transition state,True
LeftNet-CF AD,711,11,0,0,True,Minimum,Minimum,True
LeftNet-CF AD,712,12,0,0,True,Minimum,Minimum,True
LeftNet-CF AD,713,14,1,1,True,Transition state,Transition state,True
LeftNet-CF AD,714,16,1,0,False,Transition state,Minimum,False
LeftNet-CF AD,715,11,0,0,True,Minimum,Minimum,True
LeftNet-CF AD,716,5,0,0,True,Minimum,Minimum,True
LeftNet-CF AD,717,14,1,1,True,Transition state,Transition state,True
LeftNet-CF AD,718,13,0,0,True,Minimum,Minimum,True
LeftNet-CF AD,719,11,2,2,True,Higher-order saddle point,Higher-order saddle point,True
LeftNet-CF AD,720,13,0,0,True,Minimum,Minimum,True
LeftNet-CF AD,721,13,1,2,False,Transition state,Higher-order saddle point,False
LeftNet-CF AD,722,12,0,0,True,Minimum,Minimum,True
LeftNet-CF AD,723,13,1,1,True,Transition state,Transition state,True
LeftNet-CF AD,724,19,2,2,True,Higher-order saddle point,Higher-order saddle point,True
LeftNet-CF AD,725,13,1,1,True,Transition state,Transition state,True
LeftNet-CF AD,726,11,0,0,True,Minimum,Minimum,True
LeftNet-CF AD,727,16,0,0,True,Minimum,Minimum,True
LeftNet-CF AD,728,14,1,1,True,Transition state,Transition state,True
LeftNet-CF AD,729,13,2,2,True,Higher-order saddle point,Higher-order saddle point,True
LeftNet-CF AD,730,14,0,2,False,Minimum,Higher-order saddle point,False
LeftNet-CF AD,731,14,1,2,False,Transition state,Higher-order saddle point,False
LeftNet-CF AD,732,16,1,1,True,Transition state,Transition state,True
LeftNet-CF AD,733,12,0,0,True,Minimum,Minimum,True
LeftNet-CF AD,734,12,1,1,True,Transition state,Transition state,True
LeftNet-CF AD,735,17,2,3,False,Higher-order saddle point,Higher-order saddle point,True
LeftNet-CF AD,736,5,1,1,True,Transition state,Transition state,True
LeftNet-CF AD,737,15,1,2,False,Transition state,Higher-order saddle point,False
LeftNet-CF AD,738,14,0,0,True,Minimum,Minimum,True
LeftNet-CF AD,739,16,0,0,True,Minimum,Minimum,True
LeftNet-CF AD,740,14,0,0,True,Minimum,Minimum,True
LeftNet-CF AD,741,15,1,2,False,Transition state,Higher-order saddle point,False
LeftNet-CF AD,742,12,0,0,True,Minimum,Minimum,True
LeftNet-CF AD,743,15,0,0,True,Minimum,Minimum,True
LeftNet-CF AD,744,13,1,1,True,Transition state,Transition state,True
LeftNet-CF AD,745,10,1,1,True,Transition state,Transition state,True
LeftNet-CF AD,746,13,0,1,False,Minimum,Transition state,False
LeftNet-CF AD,747,16,1,1,True,Transition state,Transition state,True
LeftNet-CF AD,748,8,0,0,True,Minimum,Minimum,True
LeftNet-CF AD,749,7,2,2,True,Higher-order saddle point,Higher-order saddle point,True
LeftNet-CF AD,750,14,2,2,True,Higher-order saddle point,Higher-order saddle point,True
LeftNet-CF AD,751,19,1,1,True,Transition state,Transition state,True
LeftNet-CF AD,752,14,1,1,True,Transition state,Transition state,True
LeftNet-CF AD,753,8,0,1,False,Minimum,Transition state,False
LeftNet-CF AD,754,12,1,1,True,Transition state,Transition state,True
LeftNet-CF AD,755,17,2,1,False,Higher-order saddle point,Transition state,False
LeftNet-CF AD,756,14,0,1,False,Minimum,Transition state,False
LeftNet-CF AD,757,11,1,2,False,Transition state,Higher-order saddle point,False
LeftNet-CF AD,758,13,0,0,True,Minimum,Minimum,True
LeftNet-CF AD,759,16,2,2,True,Higher-order saddle point,Higher-order saddle point,True
LeftNet-CF AD,760,11,0,0,True,Minimum,Minimum,True
LeftNet-CF AD,761,11,1,1,True,Transition state,Transition state,True
LeftNet-CF AD,762,16,1,2,False,Transition state,Higher-order saddle point,False
LeftNet-CF AD,763,15,3,4,False,Higher-order saddle point,Higher-order saddle point,True
LeftNet-CF AD,764,11,0,0,True,Minimum,Minimum,True
LeftNet-CF AD,765,12,1,2,False,Transition state,Higher-order saddle point,False
LeftNet-CF AD,766,14,1,1,True,Transition state,Transition state,True
LeftNet-CF AD,767,12,1,1,True,Transition state,Transition state,True
LeftNet-CF AD,768,15,2,2,True,Higher-order saddle point,Higher-order saddle point,True
LeftNet-CF AD,769,14,1,2,False,Transition state,Higher-order saddle point,False
LeftNet-CF AD,770,16,1,1,True,Transition state,Transition state,True
LeftNet-CF AD,771,13,0,0,True,Minimum,Minimum,True
LeftNet-CF AD,772,8,2,2,True,Higher-order saddle point,Higher-order saddle point,True
LeftNet-CF AD,773,12,1,2,False,Transition state,Higher-order saddle point,False
LeftNet-CF AD,774,15,0,0,True,Minimum,Minimum,True
LeftNet-CF AD,775,13,2,2,True,Higher-order saddle point,Higher-order saddle point,True
LeftNet-CF AD,776,14,1,1,True,Transition state,Transition state,True
LeftNet-CF AD,777,14,0,0,True,Minimum,Minimum,True
LeftNet-CF AD,778,15,1,1,True,Transition state,Transition state,True
LeftNet-CF AD,779,12,0,0,True,Minimum,Minimum,True
LeftNet-CF AD,780,14,1,1,True,Transition state,Transition state,True
LeftNet-CF AD,781,11,1,1,True,Transition state,Transition state,True
LeftNet-CF AD,782,13,0,0,True,Minimum,Minimum,True
LeftNet-CF AD,783,14,0,0,True,Minimum,Minimum,True
LeftNet-CF AD,784,15,1,1,True,Transition state,Transition state,True
LeftNet-CF AD,785,15,1,2,False,Transition state,Higher-order saddle point,False
LeftNet-CF AD,786,15,2,2,True,Higher-order saddle point,Higher-order saddle point,True
LeftNet-CF AD,787,14,1,1,True,Transition state,Transition state,True
LeftNet-CF AD,788,18,2,3,False,Higher-order saddle point,Higher-order saddle point,True
LeftNet-CF AD,789,17,1,1,True,Transition state,Transition state,True
LeftNet-CF AD,790,15,2,2,True,Higher-order saddle point,Higher-order saddle point,True
LeftNet-CF AD,791,15,2,2,True,Higher-order saddle point,Higher-order saddle point,True
LeftNet-CF AD,792,15,1,1,True,Transition state,Transition state,True
LeftNet-CF AD,793,10,0,0,True,Minimum,Minimum,True
LeftNet-CF AD,794,17,1,1,True,Transition state,Transition state,True
LeftNet-CF AD,795,14,1,1,True,Transition state,Transition state,True
LeftNet-CF AD,796,15,0,0,True,Minimum,Minimum,True
LeftNet-CF AD,797,12,2,2,True,Higher-order saddle point,Higher-order saddle point,True
LeftNet-CF AD,798,16,0,0,True,Minimum,Minimum,True
LeftNet-CF AD,799,19,0,1,False,Minimum,Transition state,False
LeftNet-CF AD,800,13,1,1,True,Transition state,Transition state,True
LeftNet-CF AD,801,6,1,1,True,Transition state,Transition state,True
LeftNet-CF AD,802,9,0,0,True,Minimum,Minimum,True
LeftNet-CF AD,803,13,1,1,True,Transition state,Transition state,True
LeftNet-CF AD,804,15,0,0,True,Minimum,Minimum,True
LeftNet-CF AD,805,12,3,4,False,Higher-order saddle point,Higher-order saddle point,True
LeftNet-CF AD,806,14,0,0,True,Minimum,Minimum,True
LeftNet-CF AD,807,10,1,1,True,Transition state,Transition state,True
LeftNet-CF AD,808,13,1,1,True,Transition state,Transition state,True
LeftNet-CF AD,809,18,0,0,True,Minimum,Minimum,True
LeftNet-CF AD,810,12,2,3,False,Higher-order saddle point,Higher-order saddle point,True
LeftNet-CF AD,811,15,1,1,True,Transition state,Transition state,True
LeftNet-CF AD,812,14,1,1,True,Transition state,Transition state,True
LeftNet-CF AD,813,14,0,0,True,Minimum,Minimum,True
LeftNet-CF AD,814,9,0,0,True,Minimum,Minimum,True
LeftNet-CF AD,815,15,0,0,True,Minimum,Minimum,True
LeftNet-CF AD,816,16,1,1,True,Transition state,Transition state,True
LeftNet-CF AD,817,14,0,0,True,Minimum,Minimum,True
LeftNet-CF AD,818,18,3,3,True,Higher-order saddle point,Higher-order saddle point,True
LeftNet-CF AD,819,16,1,1,True,Transition state,Transition state,True
LeftNet-CF AD,820,10,0,0,True,Minimum,Minimum,True
LeftNet-CF AD,821,10,1,1,True,Transition state,Transition state,True
LeftNet-CF AD,822,14,1,2,False,Transition state,Higher-order saddle point,False
LeftNet-CF AD,823,12,0,1,False,Minimum,Transition state,False
LeftNet-CF AD,824,17,1,1,True,Transition state,Transition state,True
LeftNet-CF AD,825,16,1,2,False,Transition state,Higher-order saddle point,False
LeftNet-CF AD,826,19,2,2,True,Higher-order saddle point,Higher-order saddle point,True
LeftNet-CF AD,827,13,0,0,True,Minimum,Minimum,True
LeftNet-CF AD,828,14,1,1,True,Transition state,Transition state,True
LeftNet-CF AD,829,13,2,2,True,Higher-order saddle point,Higher-order saddle point,True
LeftNet-CF AD,830,11,1,1,True,Transition state,Transition state,True
LeftNet-CF AD,831,8,0,0,True,Minimum,Minimum,True
LeftNet-CF AD,832,16,3,3,True,Higher-order saddle point,Higher-order saddle point,True
LeftNet-CF AD,833,10,0,0,True,Minimum,Minimum,True
LeftNet-CF AD,834,14,0,1,False,Minimum,Transition state,False
LeftNet-CF AD,835,16,0,1,False,Minimum,Transition state,False
LeftNet-CF AD,836,21,1,1,True,Transition state,Transition state,True
LeftNet-CF AD,837,14,0,0,True,Minimum,Minimum,True
LeftNet-CF AD,838,12,1,1,True,Transition state,Transition state,True
LeftNet-CF AD,839,11,1,1,True,Transition state,Transition state,True
LeftNet-CF AD,840,14,1,1,True,Transition state,Transition state,True
LeftNet-CF AD,841,18,1,1,True,Transition state,Transition state,True
LeftNet-CF AD,842,11,3,3,True,Higher-order saddle point,Higher-order saddle point,True
LeftNet-CF AD,843,17,2,1,False,Higher-order saddle point,Transition state,False
LeftNet-CF AD,844,11,0,0,True,Minimum,Minimum,True
LeftNet-CF AD,845,15,1,2,False,Transition state,Higher-order saddle point,False
LeftNet-CF AD,846,16,0,0,True,Minimum,Minimum,True
LeftNet-CF AD,847,12,1,1,True,Transition state,Transition state,True
LeftNet-CF AD,848,12,0,0,True,Minimum,Minimum,True
LeftNet-CF AD,849,9,1,1,True,Transition state,Transition state,True
LeftNet-CF AD,850,12,2,2,True,Higher-order saddle point,Higher-order saddle point,True
LeftNet-CF AD,851,16,0,0,True,Minimum,Minimum,True
LeftNet-CF AD,852,16,1,1,True,Transition state,Transition state,True
LeftNet-CF AD,853,12,2,2,True,Higher-order saddle point,Higher-order saddle point,True
LeftNet-CF AD,854,15,1,1,True,Transition state,Transition state,True
LeftNet-CF AD,855,10,0,1,False,Minimum,Transition state,False
LeftNet-CF AD,856,15,1,1,True,Transition state,Transition state,True
LeftNet-CF AD,857,15,0,0,True,Minimum,Minimum,True
LeftNet-CF AD,858,10,0,0,True,Minimum,Minimum,True
LeftNet-CF AD,859,10,0,0,True,Minimum,Minimum,True
LeftNet-CF AD,860,13,0,0,True,Minimum,Minimum,True
LeftNet-CF AD,861,18,0,0,True,Minimum,Minimum,True
LeftNet-CF AD,862,11,0,0,True,Minimum,Minimum,True
LeftNet-CF AD,863,16,0,0,True,Minimum,Minimum,True
LeftNet-CF AD,864,16,2,2,True,Higher-order saddle point,Higher-order saddle point,True
LeftNet-CF AD,865,13,2,2,True,Higher-order saddle point,Higher-order saddle point,True
LeftNet-CF AD,866,11,1,1,True,Transition state,Transition state,True
LeftNet-CF AD,867,13,1,1,True,Transition state,Transition state,True
LeftNet-CF AD,868,12,1,2,False,Transition state,Higher-order saddle point,False
LeftNet-CF AD,869,14,2,2,True,Higher-order saddle point,Higher-order saddle point,True
LeftNet-CF AD,870,14,2,2,True,Higher-order saddle point,Higher-order saddle point,True
LeftNet-CF AD,871,15,3,3,True,Higher-order saddle point,Higher-order saddle point,True
LeftNet-CF AD,872,14,1,1,True,Transition state,Transition state,True
LeftNet-CF AD,873,21,1,1,True,Transition state,Transition state,True
LeftNet-CF AD,874,15,0,0,True,Minimum,Minimum,True
LeftNet-CF AD,875,11,1,1,True,Transition state,Transition state,True
LeftNet-CF AD,876,13,1,1,True,Transition state,Transition state,True
LeftNet-CF AD,877,14,1,2,False,Transition state,Higher-order saddle point,False
LeftNet-CF AD,878,17,1,1,True,Transition state,Transition state,True
LeftNet-CF AD,879,13,1,1,True,Transition state,Transition state,True
LeftNet-CF AD,880,16,2,2,True,Higher-order saddle point,Higher-order saddle point,True
LeftNet-CF AD,881,14,0,1,False,Minimum,Transition state,False
LeftNet-CF AD,882,16,1,1,True,Transition state,Transition state,True
LeftNet-CF AD,883,11,1,1,True,Transition state,Transition state,True
LeftNet-CF AD,884,10,0,0,True,Minimum,Minimum,True
LeftNet-CF AD,885,16,2,2,True,Higher-order saddle point,Higher-order saddle point,True
LeftNet-CF AD,886,13,0,0,True,Minimum,Minimum,True
LeftNet-CF AD,887,16,0,0,True,Minimum,Minimum,True
LeftNet-CF AD,888,17,1,1,True,Transition state,Transition state,True
LeftNet-CF AD,889,10,1,1,True,Transition state,Transition state,True
LeftNet-CF AD,890,11,1,1,True,Transition state,Transition state,True
LeftNet-CF AD,891,18,1,1,True,Transition state,Transition state,True
LeftNet-CF AD,892,16,1,1,True,Transition state,Transition state,True
LeftNet-CF AD,893,10,1,1,True,Transition state,Transition state,True
LeftNet-CF AD,894,16,1,1,True,Transition state,Transition state,True
LeftNet-CF AD,895,17,0,1,False,Minimum,Transition state,False
LeftNet-CF AD,896,14,0,1,False,Minimum,Transition state,False
LeftNet-CF AD,897,18,2,3,False,Higher-order saddle point,Higher-order saddle point,True
LeftNet-CF AD,898,13,0,0,True,Minimum,Minimum,True
LeftNet-CF AD,899,17,2,2,True,Higher-order saddle point,Higher-order saddle point,True
LeftNet-CF AD,900,14,0,0,True,Minimum,Minimum,True
LeftNet-CF AD,901,12,2,2,True,Higher-order saddle point,Higher-order saddle point,True
LeftNet-CF AD,902,18,3,3,True,Higher-order saddle point,Higher-order saddle point,True
LeftNet-CF AD,903,6,0,0,True,Minimum,Minimum,True
LeftNet-CF AD,904,19,0,0,True,Minimum,Minimum,True
LeftNet-CF AD,905,11,1,1,True,Transition state,Transition state,True
LeftNet-CF AD,906,12,1,1,True,Transition state,Transition state,True
LeftNet-CF AD,907,18,1,1,True,Transition state,Transition state,True
LeftNet-CF AD,908,12,2,2,True,Higher-order saddle point,Higher-order saddle point,True
LeftNet-CF AD,909,12,0,0,True,Minimum,Minimum,True
LeftNet-CF AD,910,15,0,1,False,Minimum,Transition state,False
LeftNet-CF AD,911,16,0,0,True,Minimum,Minimum,True
LeftNet-CF AD,912,16,1,1,True,Transition state,Transition state,True
LeftNet-CF AD,913,13,2,2,True,Higher-order saddle point,Higher-order saddle point,True
LeftNet-CF AD,914,15,0,0,True,Minimum,Minimum,True
LeftNet-CF AD,915,14,3,3,True,Higher-order saddle point,Higher-order saddle point,True
LeftNet-CF AD,916,11,2,2,True,Higher-order saddle point,Higher-order saddle point,True
LeftNet-CF AD,917,14,1,1,True,Transition state,Transition state,True
LeftNet-CF AD,918,14,1,1,True,Transition state,Transition state,True
LeftNet-CF AD,919,15,1,1,True,Transition state,Transition state,True
LeftNet-CF AD,920,14,1,1,True,Transition state,Transition state,True
LeftNet-CF AD,921,13,1,1,True,Transition state,Transition state,True
LeftNet-CF AD,922,13,1,0,False,Transition state,Minimum,False
LeftNet-CF AD,923,12,1,1,True,Transition state,Transition state,True
LeftNet-CF AD,924,15,1,1,True,Transition state,Transition state,True
LeftNet-CF AD,925,10,3,4,False,Higher-order saddle point,Higher-order saddle point,True
LeftNet-CF AD,926,17,0,0,True,Minimum,Minimum,True
LeftNet-CF AD,927,15,0,0,True,Minimum,Minimum,True
LeftNet-CF AD,928,16,1,1,True,Transition state,Transition state,True
LeftNet-CF AD,929,13,0,0,True,Minimum,Minimum,True
LeftNet-CF AD,930,20,0,0,True,Minimum,Minimum,True
LeftNet-CF AD,931,19,1,1,True,Transition state,Transition state,True
LeftNet-CF AD,932,15,1,2,False,Transition state,Higher-order saddle point,False
LeftNet-CF AD,933,16,0,0,True,Minimum,Minimum,True
LeftNet-CF AD,934,8,0,0,True,Minimum,Minimum,True
LeftNet-CF AD,935,19,4,4,True,Higher-order saddle point,Higher-order saddle point,True
LeftNet-CF AD,936,14,1,1,True,Transition state,Transition state,True
LeftNet-CF AD,937,12,2,2,True,Higher-order saddle point,Higher-order saddle point,True
LeftNet-CF AD,938,11,0,0,True,Minimum,Minimum,True
LeftNet-CF AD,939,16,0,0,True,Minimum,Minimum,True
LeftNet-CF AD,940,12,1,0,False,Transition state,Minimum,False
LeftNet-CF AD,941,16,4,4,True,Higher-order saddle point,Higher-order saddle point,True
LeftNet-CF AD,942,11,0,0,True,Minimum,Minimum,True
LeftNet-CF AD,943,12,0,0,True,Minimum,Minimum,True
LeftNet-CF AD,944,13,0,0,True,Minimum,Minimum,True
LeftNet-CF AD,945,14,1,1,True,Transition state,Transition state,True
LeftNet-CF AD,946,13,1,2,False,Transition state,Higher-order saddle point,False
LeftNet-CF AD,947,16,0,0,True,Minimum,Minimum,True
LeftNet-CF AD,948,9,2,2,True,Higher-order saddle point,Higher-order saddle point,True
LeftNet-CF AD,949,13,0,0,True,Minimum,Minimum,True
LeftNet-CF AD,950,14,1,1,True,Transition state,Transition state,True
LeftNet-CF AD,951,12,0,0,True,Minimum,Minimum,True
LeftNet-CF AD,952,16,0,0,True,Minimum,Minimum,True
LeftNet-CF AD,953,12,1,1,True,Transition state,Transition state,True
LeftNet-CF AD,954,14,3,3,True,Higher-order saddle point,Higher-order saddle point,True
LeftNet-CF AD,955,12,1,1,True,Transition state,Transition state,True
LeftNet-CF AD,956,12,1,1,True,Transition state,Transition state,True
LeftNet-CF AD,957,13,0,0,True,Minimum,Minimum,True
LeftNet-CF AD,958,15,0,0,True,Minimum,Minimum,True
LeftNet-CF AD,959,13,1,1,True,Transition state,Transition state,True
LeftNet-CF AD,960,16,1,1,True,Transition state,Transition state,True
LeftNet-CF AD,961,14,1,2,False,Transition state,Higher-order saddle point,False
LeftNet-CF AD,962,13,2,2,True,Higher-order saddle point,Higher-order saddle point,True
LeftNet-CF AD,963,12,1,1,True,Transition state,Transition state,True
LeftNet-CF AD,964,16,0,0,True,Minimum,Minimum,True
LeftNet-CF AD,965,19,2,2,True,Higher-order saddle point,Higher-order saddle point,True
LeftNet-CF AD,966,14,2,1,False,Higher-order saddle point,Transition state,False
LeftNet-CF AD,967,8,1,0,False,Transition state,Minimum,False
LeftNet-CF AD,968,11,0,0,True,Minimum,Minimum,True
LeftNet-CF AD,969,12,1,1,True,Transition state,Transition state,True
LeftNet-CF AD,970,19,2,2,True,Higher-order saddle point,Higher-order saddle point,True
LeftNet-CF AD,971,12,1,1,True,Transition state,Transition state,True
LeftNet-CF AD,972,11,0,1,False,Minimum,Transition state,False
LeftNet-CF AD,973,19,0,0,True,Minimum,Minimum,True
LeftNet-CF AD,974,16,1,1,True,Transition state,Transition state,True
LeftNet-CF AD,975,12,0,0,True,Minimum,Minimum,True
LeftNet-CF AD,976,16,2,3,False,Higher-order saddle point,Higher-order saddle point,True
LeftNet-CF AD,977,14,1,1,True,Transition state,Transition state,True
LeftNet-CF AD,978,14,1,1,True,Transition state,Transition state,True
LeftNet-CF AD,979,10,1,1,True,Transition state,Transition state,True
LeftNet-CF AD,980,13,2,2,True,Higher-order saddle point,Higher-order saddle point,True
LeftNet-CF AD,981,9,0,0,True,Minimum,Minimum,True
LeftNet-CF AD,982,19,0,0,True,Minimum,Minimum,True
LeftNet-CF AD,983,18,0,0,True,Minimum,Minimum,True
LeftNet-CF AD,984,10,1,1,True,Transition state,Transition state,True
LeftNet-CF AD,985,17,2,1,False,Higher-order saddle point,Transition state,False
LeftNet-CF AD,986,14,0,0,True,Minimum,Minimum,True
LeftNet-CF AD,987,15,0,1,False,Minimum,Transition state,False
LeftNet-CF AD,988,16,1,1,True,Transition state,Transition state,True
LeftNet-CF AD,989,18,0,0,True,Minimum,Minimum,True
LeftNet-CF AD,990,17,0,0,True,Minimum,Minimum,True
LeftNet-CF AD,991,13,1,1,True,Transition state,Transition state,True
LeftNet-CF AD,992,12,2,2,True,Higher-order saddle point,Higher-order saddle point,True
LeftNet-CF AD,993,15,2,2,True,Higher-order saddle point,Higher-order saddle point,True
LeftNet-CF AD,994,11,1,1,True,Transition state,Transition state,True
LeftNet-CF AD,995,12,1,1,True,Transition state,Transition state,True
LeftNet-CF AD,996,10,1,1,True,Transition state,Transition state,True
LeftNet-CF AD,997,11,1,1,True,Transition state,Transition state,True
LeftNet-CF AD,998,12,1,0,False,Transition state,Minimum,False
LeftNet-CF AD,999,10,1,1,True,Transition state,Transition state,True
LeftNet-DF AD,0,16,1,1,True,Transition state,Transition state,True
LeftNet-DF AD,1,16,1,1,True,Transition state,Transition state,True
LeftNet-DF AD,2,15,1,1,True,Transition state,Transition state,True
LeftNet-DF AD,3,18,0,2,False,Minimum,Higher-order saddle point,False
LeftNet-DF AD,4,16,0,0,True,Minimum,Minimum,True
LeftNet-DF AD,5,16,1,1,True,Transition state,Transition state,True
LeftNet-DF AD,6,16,1,1,True,Transition state,Transition state,True
LeftNet-DF AD,7,14,1,1,True,Transition state,Transition state,True
LeftNet-DF AD,8,15,0,0,True,Minimum,Minimum,True
LeftNet-DF AD,9,17,1,1,True,Transition state,Transition state,True
LeftNet-DF AD,10,15,2,2,True,Higher-order saddle point,Higher-order saddle point,True
LeftNet-DF AD,11,15,1,2,False,Transition state,Higher-order saddle point,False
LeftNet-DF AD,12,11,0,0,True,Minimum,Minimum,True
LeftNet-DF AD,13,16,1,1,True,Transition state,Transition state,True
LeftNet-DF AD,14,10,0,0,True,Minimum,Minimum,True
LeftNet-DF AD,15,18,1,2,False,Transition state,Higher-order saddle point,False
LeftNet-DF AD,16,12,0,0,True,Minimum,Minimum,True
LeftNet-DF AD,17,10,2,2,True,Higher-order saddle point,Higher-order saddle point,True
LeftNet-DF AD,18,12,1,1,True,Transition state,Transition state,True
LeftNet-DF AD,19,14,1,1,True,Transition state,Transition state,True
LeftNet-DF AD,20,15,1,0,False,Transition state,Minimum,False
LeftNet-DF AD,21,17,1,2,False,Transition state,Higher-order saddle point,False
LeftNet-DF AD,22,15,3,3,True,Higher-order saddle point,Higher-order saddle point,True
LeftNet-DF AD,23,16,0,0,True,Minimum,Minimum,True
LeftNet-DF AD,24,16,0,0,True,Minimum,Minimum,True
LeftNet-DF AD,25,16,1,1,True,Transition state,Transition state,True
LeftNet-DF AD,26,14,0,0,True,Minimum,Minimum,True
LeftNet-DF AD,27,15,2,3,False,Higher-order saddle point,Higher-order saddle point,True
LeftNet-DF AD,28,16,0,0,True,Minimum,Minimum,True
LeftNet-DF AD,29,14,2,4,False,Higher-order saddle point,Higher-order saddle point,True
LeftNet-DF AD,30,14,0,0,True,Minimum,Minimum,True
LeftNet-DF AD,31,14,0,0,True,Minimum,Minimum,True
LeftNet-DF AD,32,13,1,2,False,Transition state,Higher-order saddle point,False
LeftNet-DF AD,33,16,0,0,True,Minimum,Minimum,True
LeftNet-DF AD,34,14,0,0,True,Minimum,Minimum,True
LeftNet-DF AD,35,14,1,1,True,Transition state,Transition state,True
LeftNet-DF AD,36,15,1,1,True,Transition state,Transition state,True
LeftNet-DF AD,37,11,2,3,False,Higher-order saddle point,Higher-order saddle point,True
LeftNet-DF AD,38,16,0,0,True,Minimum,Minimum,True
LeftNet-DF AD,39,11,1,1,True,Transition state,Transition state,True
LeftNet-DF AD,40,14,2,2,True,Higher-order saddle point,Higher-order saddle point,True
LeftNet-DF AD,41,10,1,1,True,Transition state,Transition state,True
LeftNet-DF AD,42,13,1,1,True,Transition state,Transition state,True
LeftNet-DF AD,43,10,0,0,True,Minimum,Minimum,True
LeftNet-DF AD,44,15,1,1,True,Transition state,Transition state,True
LeftNet-DF AD,45,19,1,1,True,Transition state,Transition state,True
LeftNet-DF AD,46,12,1,2,False,Transition state,Higher-order saddle point,False
LeftNet-DF AD,47,12,0,1,False,Minimum,Transition state,False
LeftNet-DF AD,48,17,2,2,True,Higher-order saddle point,Higher-order saddle point,True
LeftNet-DF AD,49,14,1,1,True,Transition state,Transition state,True
LeftNet-DF AD,50,17,3,2,False,Higher-order saddle point,Higher-order saddle point,True
LeftNet-DF AD,51,13,2,2,True,Higher-order saddle point,Higher-order saddle point,True
LeftNet-DF AD,52,11,0,1,False,Minimum,Transition state,False
LeftNet-DF AD,53,19,0,0,True,Minimum,Minimum,True
LeftNet-DF AD,54,19,0,0,True,Minimum,Minimum,True
LeftNet-DF AD,55,17,1,1,True,Transition state,Transition state,True
LeftNet-DF AD,56,17,1,1,True,Transition state,Transition state,True
LeftNet-DF AD,57,16,0,0,True,Minimum,Minimum,True
LeftNet-DF AD,58,17,0,1,False,Minimum,Transition state,False
LeftNet-DF AD,59,15,1,1,True,Transition state,Transition state,True
LeftNet-DF AD,60,14,2,3,False,Higher-order saddle point,Higher-order saddle point,True
LeftNet-DF AD,61,15,0,0,True,Minimum,Minimum,True
LeftNet-DF AD,62,8,1,1,True,Transition state,Transition state,True
LeftNet-DF AD,63,19,1,2,False,Transition state,Higher-order saddle point,False
LeftNet-DF AD,64,17,0,0,True,Minimum,Minimum,True
LeftNet-DF AD,65,13,1,1,True,Transition state,Transition state,True
LeftNet-DF AD,66,16,3,3,True,Higher-order saddle point,Higher-order saddle point,True
LeftNet-DF AD,67,16,0,1,False,Minimum,Transition state,False
LeftNet-DF AD,68,14,1,1,True,Transition state,Transition state,True
LeftNet-DF AD,69,15,0,0,True,Minimum,Minimum,True
LeftNet-DF AD,70,14,0,0,True,Minimum,Minimum,True
LeftNet-DF AD,71,14,1,1,True,Transition state,Transition state,True
LeftNet-DF AD,72,14,0,0,True,Minimum,Minimum,True
LeftNet-DF AD,73,12,0,0,True,Minimum,Minimum,True
LeftNet-DF AD,74,16,1,1,True,Transition state,Transition state,True
LeftNet-DF AD,75,13,3,3,True,Higher-order saddle point,Higher-order saddle point,True
LeftNet-DF AD,76,16,1,1,True,Transition state,Transition state,True
LeftNet-DF AD,77,9,0,0,True,Minimum,Minimum,True
LeftNet-DF AD,78,11,1,2,False,Transition state,Higher-order saddle point,False
LeftNet-DF AD,79,16,1,1,True,Transition state,Transition state,True
LeftNet-DF AD,80,12,0,0,True,Minimum,Minimum,True
LeftNet-DF AD,81,12,0,0,True,Minimum,Minimum,True
LeftNet-DF AD,82,16,1,1,True,Transition state,Transition state,True
LeftNet-DF AD,83,17,1,1,True,Transition state,Transition state,True
LeftNet-DF AD,84,13,0,0,True,Minimum,Minimum,True
LeftNet-DF AD,85,14,0,0,True,Minimum,Minimum,True
LeftNet-DF AD,86,12,0,0,True,Minimum,Minimum,True
LeftNet-DF AD,87,17,0,1,False,Minimum,Transition state,False
LeftNet-DF AD,88,13,1,1,True,Transition state,Transition state,True
LeftNet-DF AD,89,10,1,2,False,Transition state,Higher-order saddle point,False
LeftNet-DF AD,90,17,4,4,True,Higher-order saddle point,Higher-order saddle point,True
LeftNet-DF AD,91,14,0,0,True,Minimum,Minimum,True
LeftNet-DF AD,92,14,2,3,False,Higher-order saddle point,Higher-order saddle point,True
LeftNet-DF AD,93,14,0,0,True,Minimum,Minimum,True
LeftNet-DF AD,94,15,1,1,True,Transition state,Transition state,True
LeftNet-DF AD,95,13,1,3,False,Transition state,Higher-order saddle point,False
LeftNet-DF AD,96,16,0,1,False,Minimum,Transition state,False
LeftNet-DF AD,97,10,1,1,True,Transition state,Transition state,True
LeftNet-DF AD,98,17,1,2,False,Transition state,Higher-order saddle point,False
LeftNet-DF AD,99,9,0,0,True,Minimum,Minimum,True
LeftNet-DF AD,100,10,1,0,False,Transition state,Minimum,False
LeftNet-DF AD,101,12,1,1,True,Transition state,Transition state,True
LeftNet-DF AD,102,15,0,0,True,Minimum,Minimum,True
LeftNet-DF AD,103,16,0,0,True,Minimum,Minimum,True
LeftNet-DF AD,104,9,1,1,True,Transition state,Transition state,True
LeftNet-DF AD,105,10,1,1,True,Transition state,Transition state,True
LeftNet-DF AD,106,11,0,1,False,Minimum,Transition state,False
LeftNet-DF AD,107,10,1,1,True,Transition state,Transition state,True
LeftNet-DF AD,108,13,3,3,True,Higher-order saddle point,Higher-order saddle point,True
LeftNet-DF AD,109,17,0,0,True,Minimum,Minimum,True
LeftNet-DF AD,110,7,0,0,True,Minimum,Minimum,True
LeftNet-DF AD,111,15,1,1,True,Transition state,Transition state,True
LeftNet-DF AD,112,13,1,1,True,Transition state,Transition state,True
LeftNet-DF AD,113,16,2,2,True,Higher-order saddle point,Higher-order saddle point,True
LeftNet-DF AD,114,11,0,1,False,Minimum,Transition state,False
LeftNet-DF AD,115,15,2,2,True,Higher-order saddle point,Higher-order saddle point,True
LeftNet-DF AD,116,13,0,0,True,Minimum,Minimum,True
LeftNet-DF AD,117,12,0,1,False,Minimum,Transition state,False
LeftNet-DF AD,118,14,1,1,True,Transition state,Transition state,True
LeftNet-DF AD,119,12,0,0,True,Minimum,Minimum,True
LeftNet-DF AD,120,14,0,0,True,Minimum,Minimum,True
LeftNet-DF AD,121,16,2,2,True,Higher-order saddle point,Higher-order saddle point,True
LeftNet-DF AD,122,16,0,1,False,Minimum,Transition state,False
LeftNet-DF AD,123,11,0,0,True,Minimum,Minimum,True
LeftNet-DF AD,124,15,0,0,True,Minimum,Minimum,True
LeftNet-DF AD,125,13,0,1,False,Minimum,Transition state,False
LeftNet-DF AD,126,10,1,1,True,Transition state,Transition state,True
LeftNet-DF AD,127,15,1,1,True,Transition state,Transition state,True
LeftNet-DF AD,128,10,0,1,False,Minimum,Transition state,False
LeftNet-DF AD,129,18,2,2,True,Higher-order saddle point,Higher-order saddle point,True
LeftNet-DF AD,130,13,1,2,False,Transition state,Higher-order saddle point,False
LeftNet-DF AD,131,9,0,0,True,Minimum,Minimum,True
LeftNet-DF AD,132,16,0,0,True,Minimum,Minimum,True
LeftNet-DF AD,133,13,0,0,True,Minimum,Minimum,True
LeftNet-DF AD,134,12,0,0,True,Minimum,Minimum,True
LeftNet-DF AD,135,18,1,1,True,Transition state,Transition state,True
LeftNet-DF AD,136,16,1,1,True,Transition state,Transition state,True
LeftNet-DF AD,137,9,0,0,True,Minimum,Minimum,True
LeftNet-DF AD,138,15,0,0,True,Minimum,Minimum,True
LeftNet-DF AD,139,15,1,1,True,Transition state,Transition state,True
LeftNet-DF AD,140,16,2,2,True,Higher-order saddle point,Higher-order saddle point,True
LeftNet-DF AD,141,12,1,1,True,Transition state,Transition state,True
LeftNet-DF AD,142,12,1,1,True,Transition state,Transition state,True
LeftNet-DF AD,143,13,1,1,True,Transition state,Transition state,True
LeftNet-DF AD,144,21,1,2,False,Transition state,Higher-order saddle point,False
LeftNet-DF AD,145,15,1,1,True,Transition state,Transition state,True
LeftNet-DF AD,146,11,1,2,False,Transition state,Higher-order saddle point,False
LeftNet-DF AD,147,16,2,2,True,Higher-order saddle point,Higher-order saddle point,True
LeftNet-DF AD,148,12,1,0,False,Transition state,Minimum,False
LeftNet-DF AD,149,14,1,1,True,Transition state,Transition state,True
LeftNet-DF AD,150,14,1,2,False,Transition state,Higher-order saddle point,False
LeftNet-DF AD,151,19,1,1,True,Transition state,Transition state,True
LeftNet-DF AD,152,12,0,0,True,Minimum,Minimum,True
LeftNet-DF AD,153,12,1,1,True,Transition state,Transition state,True
LeftNet-DF AD,154,16,1,1,True,Transition state,Transition state,True
LeftNet-DF AD,155,9,1,1,True,Transition state,Transition state,True
LeftNet-DF AD,156,16,0,0,True,Minimum,Minimum,True
LeftNet-DF AD,157,16,3,3,True,Higher-order saddle point,Higher-order saddle point,True
LeftNet-DF AD,158,13,1,1,True,Transition state,Transition state,True
LeftNet-DF AD,159,12,1,2,False,Transition state,Higher-order saddle point,False
LeftNet-DF AD,160,13,1,1,True,Transition state,Transition state,True
LeftNet-DF AD,161,13,1,1,True,Transition state,Transition state,True
LeftNet-DF AD,162,16,1,1,True,Transition state,Transition state,True
LeftNet-DF AD,163,14,1,1,True,Transition state,Transition state,True
LeftNet-DF AD,164,13,0,0,True,Minimum,Minimum,True
LeftNet-DF AD,165,14,3,3,True,Higher-order saddle point,Higher-order saddle point,True
LeftNet-DF AD,166,11,1,1,True,Transition state,Transition state,True
LeftNet-DF AD,167,17,0,0,True,Minimum,Minimum,True
LeftNet-DF AD,168,9,2,2,True,Higher-order saddle point,Higher-order saddle point,True
LeftNet-DF AD,169,13,2,2,True,Higher-order saddle point,Higher-order saddle point,True
LeftNet-DF AD,170,11,1,1,True,Transition state,Transition state,True
LeftNet-DF AD,171,11,1,1,True,Transition state,Transition state,True
LeftNet-DF AD,172,13,0,0,True,Minimum,Minimum,True
LeftNet-DF AD,173,13,1,1,True,Transition state,Transition state,True
LeftNet-DF AD,174,12,1,1,True,Transition state,Transition state,True
LeftNet-DF AD,175,15,1,1,True,Transition state,Transition state,True
LeftNet-DF AD,176,16,1,2,False,Transition state,Higher-order saddle point,False
LeftNet-DF AD,177,17,3,3,True,Higher-order saddle point,Higher-order saddle point,True
LeftNet-DF AD,178,8,1,1,True,Transition state,Transition state,True
LeftNet-DF AD,179,12,1,1,True,Transition state,Transition state,True
LeftNet-DF AD,180,11,1,2,False,Transition state,Higher-order saddle point,False
LeftNet-DF AD,181,14,0,0,True,Minimum,Minimum,True
LeftNet-DF AD,182,9,0,0,True,Minimum,Minimum,True
LeftNet-DF AD,183,11,1,2,False,Transition state,Higher-order saddle point,False
LeftNet-DF AD,184,14,1,1,True,Transition state,Transition state,True
LeftNet-DF AD,185,18,2,2,True,Higher-order saddle point,Higher-order saddle point,True
LeftNet-DF AD,186,6,0,0,True,Minimum,Minimum,True
LeftNet-DF AD,187,19,1,1,True,Transition state,Transition state,True
LeftNet-DF AD,188,12,1,1,True,Transition state,Transition state,True
LeftNet-DF AD,189,11,0,0,True,Minimum,Minimum,True
LeftNet-DF AD,190,11,2,2,True,Higher-order saddle point,Higher-order saddle point,True
LeftNet-DF AD,191,14,0,0,True,Minimum,Minimum,True
LeftNet-DF AD,192,11,0,0,True,Minimum,Minimum,True
LeftNet-DF AD,193,15,0,0,True,Minimum,Minimum,True
LeftNet-DF AD,194,16,0,0,True,Minimum,Minimum,True
LeftNet-DF AD,195,16,3,3,True,Higher-order saddle point,Higher-order saddle point,True
LeftNet-DF AD,196,16,3,3,True,Higher-order saddle point,Higher-order saddle point,True
LeftNet-DF AD,197,19,0,0,True,Minimum,Minimum,True
LeftNet-DF AD,198,11,1,1,True,Transition state,Transition state,True
LeftNet-DF AD,199,12,1,1,True,Transition state,Transition state,True
LeftNet-DF AD,200,17,1,1,True,Transition state,Transition state,True
LeftNet-DF AD,201,17,0,0,True,Minimum,Minimum,True
LeftNet-DF AD,202,5,0,0,True,Minimum,Minimum,True
LeftNet-DF AD,203,17,1,1,True,Transition state,Transition state,True
LeftNet-DF AD,204,10,0,0,True,Minimum,Minimum,True
LeftNet-DF AD,205,15,1,2,False,Transition state,Higher-order saddle point,False
LeftNet-DF AD,206,16,1,1,True,Transition state,Transition state,True
LeftNet-DF AD,207,10,0,0,True,Minimum,Minimum,True
LeftNet-DF AD,208,10,0,0,True,Minimum,Minimum,True
LeftNet-DF AD,209,14,2,3,False,Higher-order saddle point,Higher-order saddle point,True
LeftNet-DF AD,210,14,1,1,True,Transition state,Transition state,True
LeftNet-DF AD,211,15,0,0,True,Minimum,Minimum,True
LeftNet-DF AD,212,13,1,1,True,Transition state,Transition state,True
LeftNet-DF AD,213,15,0,0,True,Minimum,Minimum,True
LeftNet-DF AD,214,17,2,2,True,Higher-order saddle point,Higher-order saddle point,True
LeftNet-DF AD,215,10,1,1,True,Transition state,Transition state,True
LeftNet-DF AD,216,10,0,0,True,Minimum,Minimum,True
LeftNet-DF AD,217,15,2,2,True,Higher-order saddle point,Higher-order saddle point,True
LeftNet-DF AD,218,15,1,1,True,Transition state,Transition state,True
LeftNet-DF AD,219,12,1,1,True,Transition state,Transition state,True
LeftNet-DF AD,220,16,2,3,False,Higher-order saddle point,Higher-order saddle point,True
LeftNet-DF AD,221,16,2,2,True,Higher-order saddle point,Higher-order saddle point,True
LeftNet-DF AD,222,16,0,0,True,Minimum,Minimum,True
LeftNet-DF AD,223,12,0,0,True,Minimum,Minimum,True
LeftNet-DF AD,224,14,3,2,False,Higher-order saddle point,Higher-order saddle point,True
LeftNet-DF AD,225,19,0,0,True,Minimum,Minimum,True
LeftNet-DF AD,226,11,0,0,True,Minimum,Minimum,True
LeftNet-DF AD,227,12,2,2,True,Higher-order saddle point,Higher-order saddle point,True
LeftNet-DF AD,228,8,2,2,True,Higher-order saddle point,Higher-order saddle point,True
LeftNet-DF AD,229,14,0,1,False,Minimum,Transition state,False
LeftNet-DF AD,230,16,1,1,True,Transition state,Transition state,True
LeftNet-DF AD,231,11,0,0,True,Minimum,Minimum,True
LeftNet-DF AD,232,13,0,0,True,Minimum,Minimum,True
LeftNet-DF AD,233,17,0,0,True,Minimum,Minimum,True
LeftNet-DF AD,234,16,1,1,True,Transition state,Transition state,True
LeftNet-DF AD,235,14,1,0,False,Transition state,Minimum,False
LeftNet-DF AD,236,12,1,1,True,Transition state,Transition state,True
LeftNet-DF AD,237,14,3,3,True,Higher-order saddle point,Higher-order saddle point,True
LeftNet-DF AD,238,11,1,1,True,Transition state,Transition state,True
LeftNet-DF AD,239,14,4,3,False,Higher-order saddle point,Higher-order saddle point,True
LeftNet-DF AD,240,11,1,2,False,Transition state,Higher-order saddle point,False
LeftNet-DF AD,241,8,0,1,False,Minimum,Transition state,False
LeftNet-DF AD,242,9,2,2,True,Higher-order saddle point,Higher-order saddle point,True
LeftNet-DF AD,243,11,1,1,True,Transition state,Transition state,True
LeftNet-DF AD,244,12,1,1,True,Transition state,Transition state,True
LeftNet-DF AD,245,11,1,1,True,Transition state,Transition state,True
LeftNet-DF AD,246,12,0,0,True,Minimum,Minimum,True
LeftNet-DF AD,247,16,0,0,True,Minimum,Minimum,True
LeftNet-DF AD,248,16,0,0,True,Minimum,Minimum,True
LeftNet-DF AD,249,15,2,2,True,Higher-order saddle point,Higher-order saddle point,True
LeftNet-DF AD,250,17,0,0,True,Minimum,Minimum,True
LeftNet-DF AD,251,14,3,2,False,Higher-order saddle point,Higher-order saddle point,True
LeftNet-DF AD,252,11,1,1,True,Transition state,Transition state,True
LeftNet-DF AD,253,19,0,0,True,Minimum,Minimum,True
LeftNet-DF AD,254,16,0,1,False,Minimum,Transition state,False
LeftNet-DF AD,255,12,1,1,True,Transition state,Transition state,True
LeftNet-DF AD,256,15,0,0,True,Minimum,Minimum,True
LeftNet-DF AD,257,14,0,0,True,Minimum,Minimum,True
LeftNet-DF AD,258,11,2,1,False,Higher-order saddle point,Transition state,False
LeftNet-DF AD,259,12,1,1,True,Transition state,Transition state,True
LeftNet-DF AD,260,15,1,1,True,Transition state,Transition state,True
LeftNet-DF AD,261,13,2,3,False,Higher-order saddle point,Higher-order saddle point,True
LeftNet-DF AD,262,19,0,1,False,Minimum,Transition state,False
LeftNet-DF AD,263,12,2,2,True,Higher-order saddle point,Higher-order saddle point,True
LeftNet-DF AD,264,12,0,0,True,Minimum,Minimum,True
LeftNet-DF AD,265,12,2,2,True,Higher-order saddle point,Higher-order saddle point,True
LeftNet-DF AD,266,15,0,0,True,Minimum,Minimum,True
LeftNet-DF AD,267,14,1,1,True,Transition state,Transition state,True
LeftNet-DF AD,268,12,0,0,True,Minimum,Minimum,True
LeftNet-DF AD,269,14,1,1,True,Transition state,Transition state,True
LeftNet-DF AD,270,12,3,3,True,Higher-order saddle point,Higher-order saddle point,True
LeftNet-DF AD,271,18,0,0,True,Minimum,Minimum,True
LeftNet-DF AD,272,9,1,1,True,Transition state,Transition state,True
LeftNet-DF AD,273,8,1,1,True,Transition state,Transition state,True
LeftNet-DF AD,274,18,0,0,True,Minimum,Minimum,True
LeftNet-DF AD,275,10,1,1,True,Transition state,Transition state,True
LeftNet-DF AD,276,14,1,1,True,Transition state,Transition state,True
LeftNet-DF AD,277,13,0,0,True,Minimum,Minimum,True
LeftNet-DF AD,278,17,0,0,True,Minimum,Minimum,True
LeftNet-DF AD,279,16,2,4,False,Higher-order saddle point,Higher-order saddle point,True
LeftNet-DF AD,280,18,1,1,True,Transition state,Transition state,True
LeftNet-DF AD,281,14,1,1,True,Transition state,Transition state,True
LeftNet-DF AD,282,14,2,2,True,Higher-order saddle point,Higher-order saddle point,True
LeftNet-DF AD,283,15,2,3,False,Higher-order saddle point,Higher-order saddle point,True
LeftNet-DF AD,284,12,1,1,True,Transition state,Transition state,True
LeftNet-DF AD,285,17,1,1,True,Transition state,Transition state,True
LeftNet-DF AD,286,14,0,0,True,Minimum,Minimum,True
LeftNet-DF AD,287,10,1,1,True,Transition state,Transition state,True
LeftNet-DF AD,288,13,0,0,True,Minimum,Minimum,True
LeftNet-DF AD,289,12,1,2,False,Transition state,Higher-order saddle point,False
LeftNet-DF AD,290,14,1,2,False,Transition state,Higher-order saddle point,False
LeftNet-DF AD,291,13,1,1,True,Transition state,Transition state,True
LeftNet-DF AD,292,17,1,1,True,Transition state,Transition state,True
LeftNet-DF AD,293,12,0,0,True,Minimum,Minimum,True
LeftNet-DF AD,294,15,1,2,False,Transition state,Higher-order saddle point,False
LeftNet-DF AD,295,5,0,0,True,Minimum,Minimum,True
LeftNet-DF AD,296,14,1,1,True,Transition state,Transition state,True
LeftNet-DF AD,297,15,1,1,True,Transition state,Transition state,True
LeftNet-DF AD,298,13,0,1,False,Minimum,Transition state,False
LeftNet-DF AD,299,14,1,0,False,Transition state,Minimum,False
LeftNet-DF AD,300,15,2,2,True,Higher-order saddle point,Higher-order saddle point,True
LeftNet-DF AD,301,17,2,1,False,Higher-order saddle point,Transition state,False
LeftNet-DF AD,302,12,1,1,True,Transition state,Transition state,True
LeftNet-DF AD,303,11,1,1,True,Transition state,Transition state,True
LeftNet-DF AD,304,18,1,1,True,Transition state,Transition state,True
LeftNet-DF AD,305,14,0,0,True,Minimum,Minimum,True
LeftNet-DF AD,306,16,4,4,True,Higher-order saddle point,Higher-order saddle point,True
LeftNet-DF AD,307,15,3,3,True,Higher-order saddle point,Higher-order saddle point,True
LeftNet-DF AD,308,18,1,3,False,Transition state,Higher-order saddle point,False
LeftNet-DF AD,309,16,2,2,True,Higher-order saddle point,Higher-order saddle point,True
LeftNet-DF AD,310,11,0,0,True,Minimum,Minimum,True
LeftNet-DF AD,311,14,1,1,True,Transition state,Transition state,True
LeftNet-DF AD,312,9,0,1,False,Minimum,Transition state,False
LeftNet-DF AD,313,15,2,2,True,Higher-order saddle point,Higher-order saddle point,True
LeftNet-DF AD,314,13,1,1,True,Transition state,Transition state,True
LeftNet-DF AD,315,14,1,0,False,Transition state,Minimum,False
LeftNet-DF AD,316,14,3,3,True,Higher-order saddle point,Higher-order saddle point,True
LeftNet-DF AD,317,9,0,0,True,Minimum,Minimum,True
LeftNet-DF AD,318,17,0,0,True,Minimum,Minimum,True
LeftNet-DF AD,319,10,1,0,False,Transition state,Minimum,False
LeftNet-DF AD,320,15,0,0,True,Minimum,Minimum,True
LeftNet-DF AD,321,15,0,0,True,Minimum,Minimum,True
LeftNet-DF AD,322,10,0,0,True,Minimum,Minimum,True
LeftNet-DF AD,323,15,2,3,False,Higher-order saddle point,Higher-order saddle point,True
LeftNet-DF AD,324,15,0,0,True,Minimum,Minimum,True
LeftNet-DF AD,325,15,0,0,True,Minimum,Minimum,True
LeftNet-DF AD,326,10,1,1,True,Transition state,Transition state,True
LeftNet-DF AD,327,13,2,2,True,Higher-order saddle point,Higher-order saddle point,True
LeftNet-DF AD,328,14,1,1,True,Transition state,Transition state,True
LeftNet-DF AD,329,14,2,1,False,Higher-order saddle point,Transition state,False
LeftNet-DF AD,330,19,0,0,True,Minimum,Minimum,True
LeftNet-DF AD,331,15,1,1,True,Transition state,Transition state,True
LeftNet-DF AD,332,16,1,1,True,Transition state,Transition state,True
LeftNet-DF AD,333,16,1,1,True,Transition state,Transition state,True
LeftNet-DF AD,334,13,2,2,True,Higher-order saddle point,Higher-order saddle point,True
LeftNet-DF AD,335,11,0,0,True,Minimum,Minimum,True
LeftNet-DF AD,336,12,1,1,True,Transition state,Transition state,True
LeftNet-DF AD,337,12,0,0,True,Minimum,Minimum,True
LeftNet-DF AD,338,15,1,1,True,Transition state,Transition state,True
LeftNet-DF AD,339,13,0,0,True,Minimum,Minimum,True
LeftNet-DF AD,340,15,3,4,False,Higher-order saddle point,Higher-order saddle point,True
LeftNet-DF AD,341,13,1,1,True,Transition state,Transition state,True
LeftNet-DF AD,342,10,0,0,True,Minimum,Minimum,True
LeftNet-DF AD,343,12,0,0,True,Minimum,Minimum,True
LeftNet-DF AD,344,11,0,1,False,Minimum,Transition state,False
LeftNet-DF AD,345,15,1,1,True,Transition state,Transition state,True
LeftNet-DF AD,346,16,2,2,True,Higher-order saddle point,Higher-order saddle point,True
LeftNet-DF AD,347,14,1,1,True,Transition state,Transition state,True
LeftNet-DF AD,348,16,1,1,True,Transition state,Transition state,True
LeftNet-DF AD,349,12,1,1,True,Transition state,Transition state,True
LeftNet-DF AD,350,16,0,1,False,Minimum,Transition state,False
LeftNet-DF AD,351,18,1,1,True,Transition state,Transition state,True
LeftNet-DF AD,352,10,0,0,True,Minimum,Minimum,True
LeftNet-DF AD,353,12,2,2,True,Higher-order saddle point,Higher-order saddle point,True
LeftNet-DF AD,354,11,1,1,True,Transition state,Transition state,True
LeftNet-DF AD,355,12,0,0,True,Minimum,Minimum,True
LeftNet-DF AD,356,13,1,1,True,Transition state,Transition state,True
LeftNet-DF AD,357,17,0,0,True,Minimum,Minimum,True
LeftNet-DF AD,358,13,0,0,True,Minimum,Minimum,True
LeftNet-DF AD,359,15,1,1,True,Transition state,Transition state,True
LeftNet-DF AD,360,16,1,2,False,Transition state,Higher-order saddle point,False
LeftNet-DF AD,361,19,1,1,True,Transition state,Transition state,True
LeftNet-DF AD,362,16,2,2,True,Higher-order saddle point,Higher-order saddle point,True
LeftNet-DF AD,363,14,0,0,True,Minimum,Minimum,True
LeftNet-DF AD,364,17,4,3,False,Higher-order saddle point,Higher-order saddle point,True
LeftNet-DF AD,365,11,0,0,True,Minimum,Minimum,True
LeftNet-DF AD,366,19,2,2,True,Higher-order saddle point,Higher-order saddle point,True
LeftNet-DF AD,367,7,0,0,True,Minimum,Minimum,True
LeftNet-DF AD,368,10,1,1,True,Transition state,Transition state,True
LeftNet-DF AD,369,16,2,2,True,Higher-order saddle point,Higher-order saddle point,True
LeftNet-DF AD,370,15,1,1,True,Transition state,Transition state,True
LeftNet-DF AD,371,15,0,0,True,Minimum,Minimum,True
LeftNet-DF AD,372,14,0,0,True,Minimum,Minimum,True
LeftNet-DF AD,373,10,2,3,False,Higher-order saddle point,Higher-order saddle point,True
LeftNet-DF AD,374,12,0,0,True,Minimum,Minimum,True
LeftNet-DF AD,375,12,1,1,True,Transition state,Transition state,True
LeftNet-DF AD,376,16,1,1,True,Transition state,Transition state,True
LeftNet-DF AD,377,11,1,1,True,Transition state,Transition state,True
LeftNet-DF AD,378,17,1,1,True,Transition state,Transition state,True
LeftNet-DF AD,379,13,1,1,True,Transition state,Transition state,True
LeftNet-DF AD,380,8,2,2,True,Higher-order saddle point,Higher-order saddle point,True
LeftNet-DF AD,381,9,0,0,True,Minimum,Minimum,True
LeftNet-DF AD,382,12,0,0,True,Minimum,Minimum,True
LeftNet-DF AD,383,10,1,1,True,Transition state,Transition state,True
LeftNet-DF AD,384,14,0,1,False,Minimum,Transition state,False
LeftNet-DF AD,385,14,0,0,True,Minimum,Minimum,True
LeftNet-DF AD,386,13,2,2,True,Higher-order saddle point,Higher-order saddle point,True
LeftNet-DF AD,387,16,1,1,True,Transition state,Transition state,True
LeftNet-DF AD,388,12,0,0,True,Minimum,Minimum,True
LeftNet-DF AD,389,16,1,1,True,Transition state,Transition state,True
LeftNet-DF AD,390,13,3,3,True,Higher-order saddle point,Higher-order saddle point,True
LeftNet-DF AD,391,15,2,2,True,Higher-order saddle point,Higher-order saddle point,True
LeftNet-DF AD,392,11,0,0,True,Minimum,Minimum,True
LeftNet-DF AD,393,9,0,0,True,Minimum,Minimum,True
LeftNet-DF AD,394,13,0,0,True,Minimum,Minimum,True
LeftNet-DF AD,395,13,2,2,True,Higher-order saddle point,Higher-order saddle point,True
LeftNet-DF AD,396,10,1,2,False,Transition state,Higher-order saddle point,False
LeftNet-DF AD,397,13,0,0,True,Minimum,Minimum,True
LeftNet-DF AD,398,9,0,0,True,Minimum,Minimum,True
LeftNet-DF AD,399,14,2,2,True,Higher-order saddle point,Higher-order saddle point,True
LeftNet-DF AD,400,14,0,0,True,Minimum,Minimum,True
LeftNet-DF AD,401,14,0,0,True,Minimum,Minimum,True
LeftNet-DF AD,402,15,1,1,True,Transition state,Transition state,True
LeftNet-DF AD,403,16,1,1,True,Transition state,Transition state,True
LeftNet-DF AD,404,12,0,0,True,Minimum,Minimum,True
LeftNet-DF AD,405,12,3,2,False,Higher-order saddle point,Higher-order saddle point,True
LeftNet-DF AD,406,12,2,2,True,Higher-order saddle point,Higher-order saddle point,True
LeftNet-DF AD,407,14,0,0,True,Minimum,Minimum,True
LeftNet-DF AD,408,10,0,0,True,Minimum,Minimum,True
LeftNet-DF AD,409,18,2,2,True,Higher-order saddle point,Higher-order saddle point,True
LeftNet-DF AD,410,6,0,0,True,Minimum,Minimum,True
LeftNet-DF AD,411,12,0,0,True,Minimum,Minimum,True
LeftNet-DF AD,412,11,1,1,True,Transition state,Transition state,True
LeftNet-DF AD,413,19,3,3,True,Higher-order saddle point,Higher-order saddle point,True
LeftNet-DF AD,414,16,2,2,True,Higher-order saddle point,Higher-order saddle point,True
LeftNet-DF AD,415,13,3,3,True,Higher-order saddle point,Higher-order saddle point,True
LeftNet-DF AD,416,17,1,1,True,Transition state,Transition state,True
LeftNet-DF AD,417,12,0,0,True,Minimum,Minimum,True
LeftNet-DF AD,418,12,0,0,True,Minimum,Minimum,True
LeftNet-DF AD,419,13,1,0,False,Transition state,Minimum,False
LeftNet-DF AD,420,11,0,0,True,Minimum,Minimum,True
LeftNet-DF AD,421,15,3,3,True,Higher-order saddle point,Higher-order saddle point,True
LeftNet-DF AD,422,19,0,1,False,Minimum,Transition state,False
LeftNet-DF AD,423,16,3,3,True,Higher-order saddle point,Higher-order saddle point,True
LeftNet-DF AD,424,14,4,3,False,Higher-order saddle point,Higher-order saddle point,True
LeftNet-DF AD,425,14,1,1,True,Transition state,Transition state,True
LeftNet-DF AD,426,15,1,2,False,Transition state,Higher-order saddle point,False
LeftNet-DF AD,427,10,0,0,True,Minimum,Minimum,True
LeftNet-DF AD,428,10,1,1,True,Transition state,Transition state,True
LeftNet-DF AD,429,14,0,1,False,Minimum,Transition state,False
LeftNet-DF AD,430,14,0,1,False,Minimum,Transition state,False
LeftNet-DF AD,431,15,0,0,True,Minimum,Minimum,True
LeftNet-DF AD,432,16,0,0,True,Minimum,Minimum,True
LeftNet-DF AD,433,15,1,1,True,Transition state,Transition state,True
LeftNet-DF AD,434,12,0,0,True,Minimum,Minimum,True
LeftNet-DF AD,435,15,1,2,False,Transition state,Higher-order saddle point,False
LeftNet-DF AD,436,15,0,0,True,Minimum,Minimum,True
LeftNet-DF AD,437,11,2,2,True,Higher-order saddle point,Higher-order saddle point,True
LeftNet-DF AD,438,13,0,0,True,Minimum,Minimum,True
LeftNet-DF AD,439,15,0,0,True,Minimum,Minimum,True
LeftNet-DF AD,440,16,1,1,True,Transition state,Transition state,True
LeftNet-DF AD,441,16,4,3,False,Higher-order saddle point,Higher-order saddle point,True
LeftNet-DF AD,442,15,2,2,True,Higher-order saddle point,Higher-order saddle point,True
LeftNet-DF AD,443,16,2,2,True,Higher-order saddle point,Higher-order saddle point,True
LeftNet-DF AD,444,13,1,1,True,Transition state,Transition state,True
LeftNet-DF AD,445,14,0,0,True,Minimum,Minimum,True
LeftNet-DF AD,446,18,0,1,False,Minimum,Transition state,False
LeftNet-DF AD,447,11,1,0,False,Transition state,Minimum,False
LeftNet-DF AD,448,10,1,2,False,Transition state,Higher-order saddle point,False
LeftNet-DF AD,449,14,2,2,True,Higher-order saddle point,Higher-order saddle point,True
LeftNet-DF AD,450,18,0,0,True,Minimum,Minimum,True
LeftNet-DF AD,451,13,1,2,False,Transition state,Higher-order saddle point,False
LeftNet-DF AD,452,19,2,2,True,Higher-order saddle point,Higher-order saddle point,True
LeftNet-DF AD,453,13,1,1,True,Transition state,Transition state,True
LeftNet-DF AD,454,10,3,3,True,Higher-order saddle point,Higher-order saddle point,True
LeftNet-DF AD,455,12,0,0,True,Minimum,Minimum,True
LeftNet-DF AD,456,14,1,1,True,Transition state,Transition state,True
LeftNet-DF AD,457,14,1,1,True,Transition state,Transition state,True
LeftNet-DF AD,458,10,0,0,True,Minimum,Minimum,True
LeftNet-DF AD,459,19,1,1,True,Transition state,Transition state,True
LeftNet-DF AD,460,16,1,1,True,Transition state,Transition state,True
LeftNet-DF AD,461,14,0,0,True,Minimum,Minimum,True
LeftNet-DF AD,462,11,0,1,False,Minimum,Transition state,False
LeftNet-DF AD,463,11,1,1,True,Transition state,Transition state,True
LeftNet-DF AD,464,15,2,2,True,Higher-order saddle point,Higher-order saddle point,True
LeftNet-DF AD,465,14,0,1,False,Minimum,Transition state,False
LeftNet-DF AD,466,15,2,2,True,Higher-order saddle point,Higher-order saddle point,True
LeftNet-DF AD,467,13,0,0,True,Minimum,Minimum,True
LeftNet-DF AD,468,16,1,0,False,Transition state,Minimum,False
LeftNet-DF AD,469,11,0,0,True,Minimum,Minimum,True
LeftNet-DF AD,470,15,1,1,True,Transition state,Transition state,True
LeftNet-DF AD,471,13,0,0,True,Minimum,Minimum,True
LeftNet-DF AD,472,9,1,1,True,Transition state,Transition state,True
LeftNet-DF AD,473,17,1,1,True,Transition state,Transition state,True
LeftNet-DF AD,474,13,0,1,False,Minimum,Transition state,False
LeftNet-DF AD,475,12,0,1,False,Minimum,Transition state,False
LeftNet-DF AD,476,13,0,0,True,Minimum,Minimum,True
LeftNet-DF AD,477,14,2,2,True,Higher-order saddle point,Higher-order saddle point,True
LeftNet-DF AD,478,12,1,1,True,Transition state,Transition state,True
LeftNet-DF AD,479,16,0,0,True,Minimum,Minimum,True
LeftNet-DF AD,480,16,3,3,True,Higher-order saddle point,Higher-order saddle point,True
LeftNet-DF AD,481,18,1,1,True,Transition state,Transition state,True
LeftNet-DF AD,482,13,1,1,True,Transition state,Transition state,True
LeftNet-DF AD,483,14,0,2,False,Minimum,Higher-order saddle point,False
LeftNet-DF AD,484,11,4,3,False,Higher-order saddle point,Higher-order saddle point,True
LeftNet-DF AD,485,17,1,2,False,Transition state,Higher-order saddle point,False
LeftNet-DF AD,486,16,2,2,True,Higher-order saddle point,Higher-order saddle point,True
LeftNet-DF AD,487,15,0,0,True,Minimum,Minimum,True
LeftNet-DF AD,488,16,4,3,False,Higher-order saddle point,Higher-order saddle point,True
LeftNet-DF AD,489,16,1,1,True,Transition state,Transition state,True
LeftNet-DF AD,490,9,2,2,True,Higher-order saddle point,Higher-order saddle point,True
LeftNet-DF AD,491,11,0,0,True,Minimum,Minimum,True
LeftNet-DF AD,492,16,2,2,True,Higher-order saddle point,Higher-order saddle point,True
LeftNet-DF AD,493,12,2,3,False,Higher-order saddle point,Higher-order saddle point,True
LeftNet-DF AD,494,14,0,0,True,Minimum,Minimum,True
LeftNet-DF AD,495,13,1,1,True,Transition state,Transition state,True
LeftNet-DF AD,496,14,1,1,True,Transition state,Transition state,True
LeftNet-DF AD,497,11,0,0,True,Minimum,Minimum,True
LeftNet-DF AD,498,15,0,0,True,Minimum,Minimum,True
LeftNet-DF AD,499,15,1,1,True,Transition state,Transition state,True
LeftNet-DF AD,500,12,1,1,True,Transition state,Transition state,True
LeftNet-DF AD,501,10,1,1,True,Transition state,Transition state,True
LeftNet-DF AD,502,16,1,1,True,Transition state,Transition state,True
LeftNet-DF AD,503,13,0,0,True,Minimum,Minimum,True
LeftNet-DF AD,504,10,2,2,True,Higher-order saddle point,Higher-order saddle point,True
LeftNet-DF AD,505,12,0,0,True,Minimum,Minimum,True
LeftNet-DF AD,506,21,1,1,True,Transition state,Transition state,True
LeftNet-DF AD,507,10,0,1,False,Minimum,Transition state,False
LeftNet-DF AD,508,18,1,1,True,Transition state,Transition state,True
LeftNet-DF AD,509,12,1,1,True,Transition state,Transition state,True
LeftNet-DF AD,510,16,0,2,False,Minimum,Higher-order saddle point,False
LeftNet-DF AD,511,17,1,1,True,Transition state,Transition state,True
LeftNet-DF AD,512,21,3,3,True,Higher-order saddle point,Higher-order saddle point,True
LeftNet-DF AD,513,18,2,4,False,Higher-order saddle point,Higher-order saddle point,True
LeftNet-DF AD,514,13,1,1,True,Transition state,Transition state,True
LeftNet-DF AD,515,15,1,2,False,Transition state,Higher-order saddle point,False
LeftNet-DF AD,516,10,0,0,True,Minimum,Minimum,True
LeftNet-DF AD,517,17,1,1,True,Transition state,Transition state,True
LeftNet-DF AD,518,15,0,0,True,Minimum,Minimum,True
LeftNet-DF AD,519,12,1,1,True,Transition state,Transition state,True
LeftNet-DF AD,520,15,1,1,True,Transition state,Transition state,True
LeftNet-DF AD,521,14,1,1,True,Transition state,Transition state,True
LeftNet-DF AD,522,16,1,1,True,Transition state,Transition state,True
LeftNet-DF AD,523,12,3,2,False,Higher-order saddle point,Higher-order saddle point,True
LeftNet-DF AD,524,10,0,0,True,Minimum,Minimum,True
LeftNet-DF AD,525,12,0,0,True,Minimum,Minimum,True
LeftNet-DF AD,526,13,1,1,True,Transition state,Transition state,True
LeftNet-DF AD,527,15,1,1,True,Transition state,Transition state,True
LeftNet-DF AD,528,19,2,2,True,Higher-order saddle point,Higher-order saddle point,True
LeftNet-DF AD,529,10,1,2,False,Transition state,Higher-order saddle point,False
LeftNet-DF AD,530,11,1,2,False,Transition state,Higher-order saddle point,False
LeftNet-DF AD,531,16,0,0,True,Minimum,Minimum,True
LeftNet-DF AD,532,15,0,0,True,Minimum,Minimum,True
LeftNet-DF AD,533,15,1,0,False,Transition state,Minimum,False
LeftNet-DF AD,534,14,2,2,True,Higher-order saddle point,Higher-order saddle point,True
LeftNet-DF AD,535,13,1,1,True,Transition state,Transition state,True
LeftNet-DF AD,536,12,3,2,False,Higher-order saddle point,Higher-order saddle point,True
LeftNet-DF AD,537,15,2,3,False,Higher-order saddle point,Higher-order saddle point,True
LeftNet-DF AD,538,16,0,1,False,Minimum,Transition state,False
LeftNet-DF AD,539,15,1,1,True,Transition state,Transition state,True
LeftNet-DF AD,540,11,1,1,True,Transition state,Transition state,True
LeftNet-DF AD,541,13,1,1,True,Transition state,Transition state,True
LeftNet-DF AD,542,14,1,3,False,Transition state,Higher-order saddle point,False
LeftNet-DF AD,543,16,0,0,True,Minimum,Minimum,True
LeftNet-DF AD,544,11,1,2,False,Transition state,Higher-order saddle point,False
LeftNet-DF AD,545,14,0,0,True,Minimum,Minimum,True
LeftNet-DF AD,546,13,2,3,False,Higher-order saddle point,Higher-order saddle point,True
LeftNet-DF AD,547,11,1,1,True,Transition state,Transition state,True
LeftNet-DF AD,548,13,0,1,False,Minimum,Transition state,False
LeftNet-DF AD,549,14,1,1,True,Transition state,Transition state,True
LeftNet-DF AD,550,13,0,0,True,Minimum,Minimum,True
LeftNet-DF AD,551,9,2,2,True,Higher-order saddle point,Higher-order saddle point,True
LeftNet-DF AD,552,12,1,2,False,Transition state,Higher-order saddle point,False
LeftNet-DF AD,553,14,1,2,False,Transition state,Higher-order saddle point,False
LeftNet-DF AD,554,10,1,2,False,Transition state,Higher-order saddle point,False
LeftNet-DF AD,555,16,0,0,True,Minimum,Minimum,True
LeftNet-DF AD,556,16,2,2,True,Higher-order saddle point,Higher-order saddle point,True
LeftNet-DF AD,557,11,1,1,True,Transition state,Transition state,True
LeftNet-DF AD,558,13,0,0,True,Minimum,Minimum,True
LeftNet-DF AD,559,13,0,0,True,Minimum,Minimum,True
LeftNet-DF AD,560,17,0,0,True,Minimum,Minimum,True
LeftNet-DF AD,561,12,0,0,True,Minimum,Minimum,True
LeftNet-DF AD,562,19,0,0,True,Minimum,Minimum,True
LeftNet-DF AD,563,14,1,1,True,Transition state,Transition state,True
LeftNet-DF AD,564,18,0,0,True,Minimum,Minimum,True
LeftNet-DF AD,565,14,6,7,False,Higher-order saddle point,Higher-order saddle point,True
LeftNet-DF AD,566,19,0,0,True,Minimum,Minimum,True
LeftNet-DF AD,567,13,1,1,True,Transition state,Transition state,True
LeftNet-DF AD,568,14,1,1,True,Transition state,Transition state,True
LeftNet-DF AD,569,15,1,1,True,Transition state,Transition state,True
LeftNet-DF AD,570,15,1,1,True,Transition state,Transition state,True
LeftNet-DF AD,571,14,1,2,False,Transition state,Higher-order saddle point,False
LeftNet-DF AD,572,16,3,3,True,Higher-order saddle point,Higher-order saddle point,True
LeftNet-DF AD,573,16,0,0,True,Minimum,Minimum,True
LeftNet-DF AD,574,13,1,2,False,Transition state,Higher-order saddle point,False
LeftNet-DF AD,575,12,1,1,True,Transition state,Transition state,True
LeftNet-DF AD,576,12,0,0,True,Minimum,Minimum,True
LeftNet-DF AD,577,15,3,3,True,Higher-order saddle point,Higher-order saddle point,True
LeftNet-DF AD,578,14,2,3,False,Higher-order saddle point,Higher-order saddle point,True
LeftNet-DF AD,579,16,1,0,False,Transition state,Minimum,False
LeftNet-DF AD,580,13,1,1,True,Transition state,Transition state,True
LeftNet-DF AD,581,11,0,1,False,Minimum,Transition state,False
LeftNet-DF AD,582,16,1,1,True,Transition state,Transition state,True
LeftNet-DF AD,583,15,1,1,True,Transition state,Transition state,True
LeftNet-DF AD,584,17,2,2,True,Higher-order saddle point,Higher-order saddle point,True
LeftNet-DF AD,585,10,1,1,True,Transition state,Transition state,True
LeftNet-DF AD,586,11,1,1,True,Transition state,Transition state,True
LeftNet-DF AD,587,14,1,1,True,Transition state,Transition state,True
LeftNet-DF AD,588,19,1,1,True,Transition state,Transition state,True
LeftNet-DF AD,589,14,2,3,False,Higher-order saddle point,Higher-order saddle point,True
LeftNet-DF AD,590,16,0,0,True,Minimum,Minimum,True
LeftNet-DF AD,591,15,1,1,True,Transition state,Transition state,True
LeftNet-DF AD,592,17,1,1,True,Transition state,Transition state,True
LeftNet-DF AD,593,13,0,0,True,Minimum,Minimum,True
LeftNet-DF AD,594,14,1,1,True,Transition state,Transition state,True
LeftNet-DF AD,595,15,1,1,True,Transition state,Transition state,True
LeftNet-DF AD,596,13,0,0,True,Minimum,Minimum,True
LeftNet-DF AD,597,11,0,0,True,Minimum,Minimum,True
LeftNet-DF AD,598,10,1,1,True,Transition state,Transition state,True
LeftNet-DF AD,599,12,1,1,True,Transition state,Transition state,True
LeftNet-DF AD,600,15,0,1,False,Minimum,Transition state,False
LeftNet-DF AD,601,9,2,2,True,Higher-order saddle point,Higher-order saddle point,True
LeftNet-DF AD,602,16,1,1,True,Transition state,Transition state,True
LeftNet-DF AD,603,16,0,0,True,Minimum,Minimum,True
LeftNet-DF AD,604,10,0,0,True,Minimum,Minimum,True
LeftNet-DF AD,605,17,2,2,True,Higher-order saddle point,Higher-order saddle point,True
LeftNet-DF AD,606,18,1,2,False,Transition state,Higher-order saddle point,False
LeftNet-DF AD,607,14,0,0,True,Minimum,Minimum,True
LeftNet-DF AD,608,15,0,0,True,Minimum,Minimum,True
LeftNet-DF AD,609,19,0,0,True,Minimum,Minimum,True
LeftNet-DF AD,610,13,0,0,True,Minimum,Minimum,True
LeftNet-DF AD,611,14,1,1,True,Transition state,Transition state,True
LeftNet-DF AD,612,14,0,0,True,Minimum,Minimum,True
LeftNet-DF AD,613,12,0,1,False,Minimum,Transition state,False
LeftNet-DF AD,614,12,0,1,False,Minimum,Transition state,False
LeftNet-DF AD,615,15,1,1,True,Transition state,Transition state,True
LeftNet-DF AD,616,15,1,1,True,Transition state,Transition state,True
LeftNet-DF AD,617,12,1,1,True,Transition state,Transition state,True
LeftNet-DF AD,618,14,0,0,True,Minimum,Minimum,True
LeftNet-DF AD,619,15,1,1,True,Transition state,Transition state,True
LeftNet-DF AD,620,13,0,0,True,Minimum,Minimum,True
LeftNet-DF AD,621,13,0,0,True,Minimum,Minimum,True
LeftNet-DF AD,622,11,0,0,True,Minimum,Minimum,True
LeftNet-DF AD,623,16,1,1,True,Transition state,Transition state,True
LeftNet-DF AD,624,18,0,0,True,Minimum,Minimum,True
LeftNet-DF AD,625,11,2,2,True,Higher-order saddle point,Higher-order saddle point,True
LeftNet-DF AD,626,14,1,1,True,Transition state,Transition state,True
LeftNet-DF AD,627,15,1,2,False,Transition state,Higher-order saddle point,False
LeftNet-DF AD,628,21,1,1,True,Transition state,Transition state,True
LeftNet-DF AD,629,11,2,2,True,Higher-order saddle point,Higher-order saddle point,True
LeftNet-DF AD,630,19,3,3,True,Higher-order saddle point,Higher-order saddle point,True
LeftNet-DF AD,631,15,1,2,False,Transition state,Higher-order saddle point,False
LeftNet-DF AD,632,18,1,1,True,Transition state,Transition state,True
LeftNet-DF AD,633,11,2,2,True,Higher-order saddle point,Higher-order saddle point,True
LeftNet-DF AD,634,16,1,4,False,Transition state,Higher-order saddle point,False
LeftNet-DF AD,635,13,0,0,True,Minimum,Minimum,True
LeftNet-DF AD,636,12,1,2,False,Transition state,Higher-order saddle point,False
LeftNet-DF AD,637,12,0,0,True,Minimum,Minimum,True
LeftNet-DF AD,638,16,1,1,True,Transition state,Transition state,True
LeftNet-DF AD,639,12,1,1,True,Transition state,Transition state,True
LeftNet-DF AD,640,15,2,2,True,Higher-order saddle point,Higher-order saddle point,True
LeftNet-DF AD,641,19,1,1,True,Transition state,Transition state,True
LeftNet-DF AD,642,16,2,2,True,Higher-order saddle point,Higher-order saddle point,True
LeftNet-DF AD,643,14,1,2,False,Transition state,Higher-order saddle point,False
LeftNet-DF AD,644,18,3,3,True,Higher-order saddle point,Higher-order saddle point,True
LeftNet-DF AD,645,14,0,1,False,Minimum,Transition state,False
LeftNet-DF AD,646,11,0,1,False,Minimum,Transition state,False
LeftNet-DF AD,647,16,0,0,True,Minimum,Minimum,True
LeftNet-DF AD,648,16,1,1,True,Transition state,Transition state,True
LeftNet-DF AD,649,15,1,1,True,Transition state,Transition state,True
LeftNet-DF AD,650,12,1,1,True,Transition state,Transition state,True
LeftNet-DF AD,651,17,1,2,False,Transition state,Higher-order saddle point,False
LeftNet-DF AD,652,11,0,0,True,Minimum,Minimum,True
LeftNet-DF AD,653,15,0,0,True,Minimum,Minimum,True
LeftNet-DF AD,654,10,1,1,True,Transition state,Transition state,True
LeftNet-DF AD,655,13,1,1,True,Transition state,Transition state,True
LeftNet-DF AD,656,17,0,0,True,Minimum,Minimum,True
LeftNet-DF AD,657,13,0,0,True,Minimum,Minimum,True
LeftNet-DF AD,658,12,1,1,True,Transition state,Transition state,True
LeftNet-DF AD,659,10,1,1,True,Transition state,Transition state,True
LeftNet-DF AD,660,14,1,1,True,Transition state,Transition state,True
LeftNet-DF AD,661,18,0,2,False,Minimum,Higher-order saddle point,False
LeftNet-DF AD,662,14,2,3,False,Higher-order saddle point,Higher-order saddle point,True
LeftNet-DF AD,663,16,1,1,True,Transition state,Transition state,True
LeftNet-DF AD,664,10,1,2,False,Transition state,Higher-order saddle point,False
LeftNet-DF AD,665,12,0,0,True,Minimum,Minimum,True
LeftNet-DF AD,666,10,1,2,False,Transition state,Higher-order saddle point,False
LeftNet-DF AD,667,13,1,1,True,Transition state,Transition state,True
LeftNet-DF AD,668,16,0,0,True,Minimum,Minimum,True
LeftNet-DF AD,669,11,1,1,True,Transition state,Transition state,True
LeftNet-DF AD,670,14,0,0,True,Minimum,Minimum,True
LeftNet-DF AD,671,14,1,1,True,Transition state,Transition state,True
LeftNet-DF AD,672,12,1,1,True,Transition state,Transition state,True
LeftNet-DF AD,673,13,1,1,True,Transition state,Transition state,True
LeftNet-DF AD,674,14,1,1,True,Transition state,Transition state,True
LeftNet-DF AD,675,14,0,0,True,Minimum,Minimum,True
LeftNet-DF AD,676,14,0,0,True,Minimum,Minimum,True
LeftNet-DF AD,677,15,1,1,True,Transition state,Transition state,True
LeftNet-DF AD,678,18,0,0,True,Minimum,Minimum,True
LeftNet-DF AD,679,15,1,1,True,Transition state,Transition state,True
LeftNet-DF AD,680,13,0,1,False,Minimum,Transition state,False
LeftNet-DF AD,681,12,1,1,True,Transition state,Transition state,True
LeftNet-DF AD,682,9,0,0,True,Minimum,Minimum,True
LeftNet-DF AD,683,13,1,1,True,Transition state,Transition state,True
LeftNet-DF AD,684,15,2,2,True,Higher-order saddle point,Higher-order saddle point,True
LeftNet-DF AD,685,15,2,2,True,Higher-order saddle point,Higher-order saddle point,True
LeftNet-DF AD,686,8,1,1,True,Transition state,Transition state,True
LeftNet-DF AD,687,14,1,1,True,Transition state,Transition state,True
LeftNet-DF AD,688,19,1,1,True,Transition state,Transition state,True
LeftNet-DF AD,689,16,0,0,True,Minimum,Minimum,True
LeftNet-DF AD,690,10,0,0,True,Minimum,Minimum,True
LeftNet-DF AD,691,12,1,1,True,Transition state,Transition state,True
LeftNet-DF AD,692,17,0,0,True,Minimum,Minimum,True
LeftNet-DF AD,693,9,0,0,True,Minimum,Minimum,True
LeftNet-DF AD,694,15,1,1,True,Transition state,Transition state,True
LeftNet-DF AD,695,10,1,1,True,Transition state,Transition state,True
LeftNet-DF AD,696,10,1,1,True,Transition state,Transition state,True
LeftNet-DF AD,697,15,2,2,True,Higher-order saddle point,Higher-order saddle point,True
LeftNet-DF AD,698,13,0,0,True,Minimum,Minimum,True
LeftNet-DF AD,699,12,1,1,True,Transition state,Transition state,True
LeftNet-DF AD,700,14,1,1,True,Transition state,Transition state,True
LeftNet-DF AD,701,17,2,2,True,Higher-order saddle point,Higher-order saddle point,True
LeftNet-DF AD,702,16,1,1,True,Transition state,Transition state,True
LeftNet-DF AD,703,15,1,1,True,Transition state,Transition state,True
LeftNet-DF AD,704,16,0,0,True,Minimum,Minimum,True
LeftNet-DF AD,705,10,0,0,True,Minimum,Minimum,True
LeftNet-DF AD,706,14,1,1,True,Transition state,Transition state,True
LeftNet-DF AD,707,14,0,1,False,Minimum,Transition state,False
LeftNet-DF AD,708,12,1,1,True,Transition state,Transition state,True
LeftNet-DF AD,709,12,1,1,True,Transition state,Transition state,True
LeftNet-DF AD,710,13,1,1,True,Transition state,Transition state,True
LeftNet-DF AD,711,11,0,0,True,Minimum,Minimum,True
LeftNet-DF AD,712,12,0,0,True,Minimum,Minimum,True
LeftNet-DF AD,713,14,1,1,True,Transition state,Transition state,True
LeftNet-DF AD,714,16,1,1,True,Transition state,Transition state,True
LeftNet-DF AD,715,11,0,0,True,Minimum,Minimum,True
LeftNet-DF AD,716,5,0,0,True,Minimum,Minimum,True
LeftNet-DF AD,717,14,1,1,True,Transition state,Transition state,True
LeftNet-DF AD,718,13,0,0,True,Minimum,Minimum,True
LeftNet-DF AD,719,11,2,2,True,Higher-order saddle point,Higher-order saddle point,True
LeftNet-DF AD,720,13,0,0,True,Minimum,Minimum,True
LeftNet-DF AD,721,13,1,2,False,Transition state,Higher-order saddle point,False
LeftNet-DF AD,722,12,0,0,True,Minimum,Minimum,True
LeftNet-DF AD,723,13,1,2,False,Transition state,Higher-order saddle point,False
LeftNet-DF AD,724,19,2,2,True,Higher-order saddle point,Higher-order saddle point,True
LeftNet-DF AD,725,13,1,1,True,Transition state,Transition state,True
LeftNet-DF AD,726,11,0,0,True,Minimum,Minimum,True
LeftNet-DF AD,727,16,0,0,True,Minimum,Minimum,True
LeftNet-DF AD,728,14,1,2,False,Transition state,Higher-order saddle point,False
LeftNet-DF AD,729,13,2,2,True,Higher-order saddle point,Higher-order saddle point,True
LeftNet-DF AD,730,14,0,1,False,Minimum,Transition state,False
LeftNet-DF AD,731,14,1,0,False,Transition state,Minimum,False
LeftNet-DF AD,732,16,1,1,True,Transition state,Transition state,True
LeftNet-DF AD,733,12,0,0,True,Minimum,Minimum,True
LeftNet-DF AD,734,12,1,1,True,Transition state,Transition state,True
LeftNet-DF AD,735,17,2,2,True,Higher-order saddle point,Higher-order saddle point,True
LeftNet-DF AD,736,5,1,1,True,Transition state,Transition state,True
LeftNet-DF AD,737,15,1,2,False,Transition state,Higher-order saddle point,False
LeftNet-DF AD,738,14,0,0,True,Minimum,Minimum,True
LeftNet-DF AD,739,16,0,0,True,Minimum,Minimum,True
LeftNet-DF AD,740,14,0,1,False,Minimum,Transition state,False
LeftNet-DF AD,741,15,1,2,False,Transition state,Higher-order saddle point,False
LeftNet-DF AD,742,12,0,0,True,Minimum,Minimum,True
LeftNet-DF AD,743,15,0,0,True,Minimum,Minimum,True
LeftNet-DF AD,744,13,1,1,True,Transition state,Transition state,True
LeftNet-DF AD,745,10,1,1,True,Transition state,Transition state,True
LeftNet-DF AD,746,13,0,0,True,Minimum,Minimum,True
LeftNet-DF AD,747,16,1,1,True,Transition state,Transition state,True
LeftNet-DF AD,748,8,0,0,True,Minimum,Minimum,True
LeftNet-DF AD,749,7,2,2,True,Higher-order saddle point,Higher-order saddle point,True
LeftNet-DF AD,750,14,2,2,True,Higher-order saddle point,Higher-order saddle point,True
LeftNet-DF AD,751,19,1,1,True,Transition state,Transition state,True
LeftNet-DF AD,752,14,1,1,True,Transition state,Transition state,True
LeftNet-DF AD,753,8,0,1,False,Minimum,Transition state,False
LeftNet-DF AD,754,12,1,1,True,Transition state,Transition state,True
LeftNet-DF AD,755,17,2,1,False,Higher-order saddle point,Transition state,False
LeftNet-DF AD,756,14,0,1,False,Minimum,Transition state,False
LeftNet-DF AD,757,11,1,1,True,Transition state,Transition state,True
LeftNet-DF AD,758,13,0,0,True,Minimum,Minimum,True
LeftNet-DF AD,759,16,2,2,True,Higher-order saddle point,Higher-order saddle point,True
LeftNet-DF AD,760,11,0,0,True,Minimum,Minimum,True
LeftNet-DF AD,761,11,1,1,True,Transition state,Transition state,True
LeftNet-DF AD,762,16,1,1,True,Transition state,Transition state,True
LeftNet-DF AD,763,15,3,4,False,Higher-order saddle point,Higher-order saddle point,True
LeftNet-DF AD,764,11,0,0,True,Minimum,Minimum,True
LeftNet-DF AD,765,12,1,2,False,Transition state,Higher-order saddle point,False
LeftNet-DF AD,766,14,1,1,True,Transition state,Transition state,True
LeftNet-DF AD,767,12,1,1,True,Transition state,Transition state,True
LeftNet-DF AD,768,15,2,2,True,Higher-order saddle point,Higher-order saddle point,True
LeftNet-DF AD,769,14,1,3,False,Transition state,Higher-order saddle point,False
LeftNet-DF AD,770,16,1,1,True,Transition state,Transition state,True
LeftNet-DF AD,771,13,0,0,True,Minimum,Minimum,True
LeftNet-DF AD,772,8,2,2,True,Higher-order saddle point,Higher-order saddle point,True
LeftNet-DF AD,773,12,1,1,True,Transition state,Transition state,True
LeftNet-DF AD,774,15,0,0,True,Minimum,Minimum,True
LeftNet-DF AD,775,13,2,2,True,Higher-order saddle point,Higher-order saddle point,True
LeftNet-DF AD,776,14,1,1,True,Transition state,Transition state,True
LeftNet-DF AD,777,14,0,0,True,Minimum,Minimum,True
LeftNet-DF AD,778,15,1,1,True,Transition state,Transition state,True
LeftNet-DF AD,779,12,0,0,True,Minimum,Minimum,True
LeftNet-DF AD,780,14,1,1,True,Transition state,Transition state,True
LeftNet-DF AD,781,11,1,1,True,Transition state,Transition state,True
LeftNet-DF AD,782,13,0,0,True,Minimum,Minimum,True
LeftNet-DF AD,783,14,0,0,True,Minimum,Minimum,True
LeftNet-DF AD,784,15,1,1,True,Transition state,Transition state,True
LeftNet-DF AD,785,15,1,3,False,Transition state,Higher-order saddle point,False
LeftNet-DF AD,786,15,2,2,True,Higher-order saddle point,Higher-order saddle point,True
LeftNet-DF AD,787,14,1,1,True,Transition state,Transition state,True
LeftNet-DF AD,788,18,2,3,False,Higher-order saddle point,Higher-order saddle point,True
LeftNet-DF AD,789,17,1,1,True,Transition state,Transition state,True
LeftNet-DF AD,790,15,2,2,True,Higher-order saddle point,Higher-order saddle point,True
LeftNet-DF AD,791,15,2,2,True,Higher-order saddle point,Higher-order saddle point,True
LeftNet-DF AD,792,15,1,1,True,Transition state,Transition state,True
LeftNet-DF AD,793,10,0,0,True,Minimum,Minimum,True
LeftNet-DF AD,794,17,1,1,True,Transition state,Transition state,True
LeftNet-DF AD,795,14,1,1,True,Transition state,Transition state,True
LeftNet-DF AD,796,15,0,0,True,Minimum,Minimum,True
LeftNet-DF AD,797,12,2,2,True,Higher-order saddle point,Higher-order saddle point,True
LeftNet-DF AD,798,16,0,0,True,Minimum,Minimum,True
LeftNet-DF AD,799,19,0,1,False,Minimum,Transition state,False
LeftNet-DF AD,800,13,1,2,False,Transition state,Higher-order saddle point,False
LeftNet-DF AD,801,6,1,2,False,Transition state,Higher-order saddle point,False
LeftNet-DF AD,802,9,0,0,True,Minimum,Minimum,True
LeftNet-DF AD,803,13,1,1,True,Transition state,Transition state,True
LeftNet-DF AD,804,15,0,0,True,Minimum,Minimum,True
LeftNet-DF AD,805,12,3,3,True,Higher-order saddle point,Higher-order saddle point,True
LeftNet-DF AD,806,14,0,0,True,Minimum,Minimum,True
LeftNet-DF AD,807,10,1,1,True,Transition state,Transition state,True
LeftNet-DF AD,808,13,1,1,True,Transition state,Transition state,True
LeftNet-DF AD,809,18,0,0,True,Minimum,Minimum,True
LeftNet-DF AD,810,12,2,2,True,Higher-order saddle point,Higher-order saddle point,True
LeftNet-DF AD,811,15,1,1,True,Transition state,Transition state,True
LeftNet-DF AD,812,14,1,1,True,Transition state,Transition state,True
LeftNet-DF AD,813,14,0,0,True,Minimum,Minimum,True
LeftNet-DF AD,814,9,0,0,True,Minimum,Minimum,True
LeftNet-DF AD,815,15,0,0,True,Minimum,Minimum,True
LeftNet-DF AD,816,16,1,1,True,Transition state,Transition state,True
LeftNet-DF AD,817,14,0,0,True,Minimum,Minimum,True
LeftNet-DF AD,818,18,3,3,True,Higher-order saddle point,Higher-order saddle point,True
LeftNet-DF AD,819,16,1,1,True,Transition state,Transition state,True
LeftNet-DF AD,820,10,0,1,False,Minimum,Transition state,False
LeftNet-DF AD,821,10,1,1,True,Transition state,Transition state,True
LeftNet-DF AD,822,14,1,2,False,Transition state,Higher-order saddle point,False
LeftNet-DF AD,823,12,0,1,False,Minimum,Transition state,False
LeftNet-DF AD,824,17,1,2,False,Transition state,Higher-order saddle point,False
LeftNet-DF AD,825,16,1,2,False,Transition state,Higher-order saddle point,False
LeftNet-DF AD,826,19,2,3,False,Higher-order saddle point,Higher-order saddle point,True
LeftNet-DF AD,827,13,0,0,True,Minimum,Minimum,True
LeftNet-DF AD,828,14,1,1,True,Transition state,Transition state,True
LeftNet-DF AD,829,13,2,1,False,Higher-order saddle point,Transition state,False
LeftNet-DF AD,830,11,1,1,True,Transition state,Transition state,True
LeftNet-DF AD,831,8,0,0,True,Minimum,Minimum,True
LeftNet-DF AD,832,16,3,3,True,Higher-order saddle point,Higher-order saddle point,True
LeftNet-DF AD,833,10,0,0,True,Minimum,Minimum,True
LeftNet-DF AD,834,14,0,1,False,Minimum,Transition state,False
LeftNet-DF AD,835,16,0,0,True,Minimum,Minimum,True
LeftNet-DF AD,836,21,1,1,True,Transition state,Transition state,True
LeftNet-DF AD,837,14,0,0,True,Minimum,Minimum,True
LeftNet-DF AD,838,12,1,1,True,Transition state,Transition state,True
LeftNet-DF AD,839,11,1,1,True,Transition state,Transition state,True
LeftNet-DF AD,840,14,1,1,True,Transition state,Transition state,True
LeftNet-DF AD,841,18,1,2,False,Transition state,Higher-order saddle point,False
LeftNet-DF AD,842,11,3,3,True,Higher-order saddle point,Higher-order saddle point,True
LeftNet-DF AD,843,17,2,2,True,Higher-order saddle point,Higher-order saddle point,True
LeftNet-DF AD,844,11,0,0,True,Minimum,Minimum,True
LeftNet-DF AD,845,15,1,2,False,Transition state,Higher-order saddle point,False
LeftNet-DF AD,846,16,0,0,True,Minimum,Minimum,True
LeftNet-DF AD,847,12,1,1,True,Transition state,Transition state,True
LeftNet-DF AD,848,12,0,0,True,Minimum,Minimum,True
LeftNet-DF AD,849,9,1,1,True,Transition state,Transition state,True
LeftNet-DF AD,850,12,2,2,True,Higher-order saddle point,Higher-order saddle point,True
LeftNet-DF AD,851,16,0,1,False,Minimum,Transition state,False
LeftNet-DF AD,852,16,1,1,True,Transition state,Transition state,True
LeftNet-DF AD,853,12,2,2,True,Higher-order saddle point,Higher-order saddle point,True
LeftNet-DF AD,854,15,1,1,True,Transition state,Transition state,True
LeftNet-DF AD,855,10,0,0,True,Minimum,Minimum,True
LeftNet-DF AD,856,15,1,1,True,Transition state,Transition state,True
LeftNet-DF AD,857,15,0,1,False,Minimum,Transition state,False
LeftNet-DF AD,858,10,0,0,True,Minimum,Minimum,True
LeftNet-DF AD,859,10,0,0,True,Minimum,Minimum,True
LeftNet-DF AD,860,13,0,1,False,Minimum,Transition state,False
LeftNet-DF AD,861,18,0,0,True,Minimum,Minimum,True
LeftNet-DF AD,862,11,0,0,True,Minimum,Minimum,True
LeftNet-DF AD,863,16,0,0,True,Minimum,Minimum,True
LeftNet-DF AD,864,16,2,2,True,Higher-order saddle point,Higher-order saddle point,True
LeftNet-DF AD,865,13,2,2,True,Higher-order saddle point,Higher-order saddle point,True
LeftNet-DF AD,866,11,1,1,True,Transition state,Transition state,True
LeftNet-DF AD,867,13,1,1,True,Transition state,Transition state,True
LeftNet-DF AD,868,12,1,2,False,Transition state,Higher-order saddle point,False
LeftNet-DF AD,869,14,2,2,True,Higher-order saddle point,Higher-order saddle point,True
LeftNet-DF AD,870,14,2,1,False,Higher-order saddle point,Transition state,False
LeftNet-DF AD,871,15,3,3,True,Higher-order saddle point,Higher-order saddle point,True
LeftNet-DF AD,872,14,1,1,True,Transition state,Transition state,True
LeftNet-DF AD,873,21,1,1,True,Transition state,Transition state,True
LeftNet-DF AD,874,15,0,0,True,Minimum,Minimum,True
LeftNet-DF AD,875,11,1,1,True,Transition state,Transition state,True
LeftNet-DF AD,876,13,1,2,False,Transition state,Higher-order saddle point,False
LeftNet-DF AD,877,14,1,1,True,Transition state,Transition state,True
LeftNet-DF AD,878,17,1,1,True,Transition state,Transition state,True
LeftNet-DF AD,879,13,1,1,True,Transition state,Transition state,True
LeftNet-DF AD,880,16,2,2,True,Higher-order saddle point,Higher-order saddle point,True
LeftNet-DF AD,881,14,0,1,False,Minimum,Transition state,False
LeftNet-DF AD,882,16,1,1,True,Transition state,Transition state,True
LeftNet-DF AD,883,11,1,2,False,Transition state,Higher-order saddle point,False
LeftNet-DF AD,884,10,0,0,True,Minimum,Minimum,True
LeftNet-DF AD,885,16,2,2,True,Higher-order saddle point,Higher-order saddle point,True
LeftNet-DF AD,886,13,0,0,True,Minimum,Minimum,True
LeftNet-DF AD,887,16,0,0,True,Minimum,Minimum,True
LeftNet-DF AD,888,17,1,1,True,Transition state,Transition state,True
LeftNet-DF AD,889,10,1,1,True,Transition state,Transition state,True
LeftNet-DF AD,890,11,1,1,True,Transition state,Transition state,True
LeftNet-DF AD,891,18,1,1,True,Transition state,Transition state,True
LeftNet-DF AD,892,16,1,1,True,Transition state,Transition state,True
LeftNet-DF AD,893,10,1,1,True,Transition state,Transition state,True
LeftNet-DF AD,894,16,1,2,False,Transition state,Higher-order saddle point,False
LeftNet-DF AD,895,17,0,1,False,Minimum,Transition state,False
LeftNet-DF AD,896,14,0,1,False,Minimum,Transition state,False
LeftNet-DF AD,897,18,2,3,False,Higher-order saddle point,Higher-order saddle point,True
LeftNet-DF AD,898,13,0,0,True,Minimum,Minimum,True
LeftNet-DF AD,899,17,2,2,True,Higher-order saddle point,Higher-order saddle point,True
LeftNet-DF AD,900,14,0,0,True,Minimum,Minimum,True
LeftNet-DF AD,901,12,2,2,True,Higher-order saddle point,Higher-order saddle point,True
LeftNet-DF AD,902,18,3,3,True,Higher-order saddle point,Higher-order saddle point,True
LeftNet-DF AD,903,6,0,0,True,Minimum,Minimum,True
LeftNet-DF AD,904,19,0,0,True,Minimum,Minimum,True
LeftNet-DF AD,905,11,1,1,True,Transition state,Transition state,True
LeftNet-DF AD,906,12,1,1,True,Transition state,Transition state,True
LeftNet-DF AD,907,18,1,1,True,Transition state,Transition state,True
LeftNet-DF AD,908,12,2,2,True,Higher-order saddle point,Higher-order saddle point,True
LeftNet-DF AD,909,12,0,0,True,Minimum,Minimum,True
LeftNet-DF AD,910,15,0,0,True,Minimum,Minimum,True
LeftNet-DF AD,911,16,0,0,True,Minimum,Minimum,True
LeftNet-DF AD,912,16,1,1,True,Transition state,Transition state,True
LeftNet-DF AD,913,13,2,2,True,Higher-order saddle point,Higher-order saddle point,True
LeftNet-DF AD,914,15,0,0,True,Minimum,Minimum,True
LeftNet-DF AD,915,14,3,3,True,Higher-order saddle point,Higher-order saddle point,True
LeftNet-DF AD,916,11,2,3,False,Higher-order saddle point,Higher-order saddle point,True
LeftNet-DF AD,917,14,1,1,True,Transition state,Transition state,True
LeftNet-DF AD,918,14,1,1,True,Transition state,Transition state,True
LeftNet-DF AD,919,15,1,1,True,Transition state,Transition state,True
LeftNet-DF AD,920,14,1,1,True,Transition state,Transition state,True
LeftNet-DF AD,921,13,1,1,True,Transition state,Transition state,True
LeftNet-DF AD,922,13,1,0,False,Transition state,Minimum,False
LeftNet-DF AD,923,12,1,1,True,Transition state,Transition state,True
LeftNet-DF AD,924,15,1,1,True,Transition state,Transition state,True
LeftNet-DF AD,925,10,3,3,True,Higher-order saddle point,Higher-order saddle point,True
LeftNet-DF AD,926,17,0,0,True,Minimum,Minimum,True
LeftNet-DF AD,927,15,0,0,True,Minimum,Minimum,True
LeftNet-DF AD,928,16,1,1,True,Transition state,Transition state,True
LeftNet-DF AD,929,13,0,0,True,Minimum,Minimum,True
LeftNet-DF AD,930,20,0,1,False,Minimum,Transition state,False
LeftNet-DF AD,931,19,1,1,True,Transition state,Transition state,True
LeftNet-DF AD,932,15,1,3,False,Transition state,Higher-order saddle point,False
LeftNet-DF AD,933,16,0,0,True,Minimum,Minimum,True
LeftNet-DF AD,934,8,0,0,True,Minimum,Minimum,True
LeftNet-DF AD,935,19,4,4,True,Higher-order saddle point,Higher-order saddle point,True
LeftNet-DF AD,936,14,1,1,True,Transition state,Transition state,True
LeftNet-DF AD,937,12,2,2,True,Higher-order saddle point,Higher-order saddle point,True
LeftNet-DF AD,938,11,0,0,True,Minimum,Minimum,True
LeftNet-DF AD,939,16,0,0,True,Minimum,Minimum,True
LeftNet-DF AD,940,12,1,1,True,Transition state,Transition state,True
LeftNet-DF AD,941,16,4,4,True,Higher-order saddle point,Higher-order saddle point,True
LeftNet-DF AD,942,11,0,0,True,Minimum,Minimum,True
LeftNet-DF AD,943,12,0,0,True,Minimum,Minimum,True
LeftNet-DF AD,944,13,0,0,True,Minimum,Minimum,True
LeftNet-DF AD,945,14,1,1,True,Transition state,Transition state,True
LeftNet-DF AD,946,13,1,1,True,Transition state,Transition state,True
LeftNet-DF AD,947,16,0,0,True,Minimum,Minimum,True
LeftNet-DF AD,948,9,2,2,True,Higher-order saddle point,Higher-order saddle point,True
LeftNet-DF AD,949,13,0,0,True,Minimum,Minimum,True
LeftNet-DF AD,950,14,1,1,True,Transition state,Transition state,True
LeftNet-DF AD,951,12,0,0,True,Minimum,Minimum,True
LeftNet-DF AD,952,16,0,0,True,Minimum,Minimum,True
LeftNet-DF AD,953,12,1,1,True,Transition state,Transition state,True
LeftNet-DF AD,954,14,3,3,True,Higher-order saddle point,Higher-order saddle point,True
LeftNet-DF AD,955,12,1,1,True,Transition state,Transition state,True
LeftNet-DF AD,956,12,1,1,True,Transition state,Transition state,True
LeftNet-DF AD,957,13,0,0,True,Minimum,Minimum,True
LeftNet-DF AD,958,15,0,0,True,Minimum,Minimum,True
LeftNet-DF AD,959,13,1,1,True,Transition state,Transition state,True
LeftNet-DF AD,960,16,1,1,True,Transition state,Transition state,True
LeftNet-DF AD,961,14,1,2,False,Transition state,Higher-order saddle point,False
LeftNet-DF AD,962,13,2,2,True,Higher-order saddle point,Higher-order saddle point,True
LeftNet-DF AD,963,12,1,1,True,Transition state,Transition state,True
LeftNet-DF AD,964,16,0,0,True,Minimum,Minimum,True
LeftNet-DF AD,965,19,2,2,True,Higher-order saddle point,Higher-order saddle point,True
LeftNet-DF AD,966,14,2,1,False,Higher-order saddle point,Transition state,False
LeftNet-DF AD,967,8,1,1,True,Transition state,Transition state,True
LeftNet-DF AD,968,11,0,0,True,Minimum,Minimum,True
LeftNet-DF AD,969,12,1,2,False,Transition state,Higher-order saddle point,False
LeftNet-DF AD,970,19,2,2,True,Higher-order saddle point,Higher-order saddle point,True
LeftNet-DF AD,971,12,1,1,True,Transition state,Transition state,True
LeftNet-DF AD,972,11,0,1,False,Minimum,Transition state,False
LeftNet-DF AD,973,19,0,0,True,Minimum,Minimum,True
LeftNet-DF AD,974,16,1,0,False,Transition state,Minimum,False
LeftNet-DF AD,975,12,0,0,True,Minimum,Minimum,True
LeftNet-DF AD,976,16,2,2,True,Higher-order saddle point,Higher-order saddle point,True
LeftNet-DF AD,977,14,1,1,True,Transition state,Transition state,True
LeftNet-DF AD,978,14,1,1,True,Transition state,Transition state,True
LeftNet-DF AD,979,10,1,1,True,Transition state,Transition state,True
LeftNet-DF AD,980,13,2,3,False,Higher-order saddle point,Higher-order saddle point,True
LeftNet-DF AD,981,9,0,0,True,Minimum,Minimum,True
LeftNet-DF AD,982,19,0,0,True,Minimum,Minimum,True
LeftNet-DF AD,983,18,0,0,True,Minimum,Minimum,True
LeftNet-DF AD,984,10,1,1,True,Transition state,Transition state,True
LeftNet-DF AD,985,17,2,2,True,Higher-order saddle point,Higher-order saddle point,True
LeftNet-DF AD,986,14,0,1,False,Minimum,Transition state,False
LeftNet-DF AD,987,15,0,2,False,Minimum,Higher-order saddle point,False
LeftNet-DF AD,988,16,1,1,True,Transition state,Transition state,True
LeftNet-DF AD,989,18,0,0,True,Minimum,Minimum,True
LeftNet-DF AD,990,17,0,0,True,Minimum,Minimum,True
LeftNet-DF AD,991,13,1,2,False,Transition state,Higher-order saddle point,False
LeftNet-DF AD,992,12,2,2,True,Higher-order saddle point,Higher-order saddle point,True
LeftNet-DF AD,993,15,2,2,True,Higher-order saddle point,Higher-order saddle point,True
LeftNet-DF AD,994,11,1,1,True,Transition state,Transition state,True
LeftNet-DF AD,995,12,1,1,True,Transition state,Transition state,True
LeftNet-DF AD,996,10,1,1,True,Transition state,Transition state,True
LeftNet-DF AD,997,11,1,1,True,Transition state,Transition state,True
LeftNet-DF AD,998,12,1,1,True,Transition state,Transition state,True
LeftNet-DF AD,999,10,1,1,True,Transition state,Transition state,True
EquiformerV2 AD,0,16,1,1,True,Transition state,Transition state,True
EquiformerV2 AD,1,16,1,1,True,Transition state,Transition state,True
EquiformerV2 AD,2,15,1,1,True,Transition state,Transition state,True
EquiformerV2 AD,3,18,0,0,True,Minimum,Minimum,True
EquiformerV2 AD,4,16,0,0,True,Minimum,Minimum,True
EquiformerV2 AD,5,16,1,1,True,Transition state,Transition state,True
EquiformerV2 AD,6,16,1,1,True,Transition state,Transition state,True
EquiformerV2 AD,7,14,1,1,True,Transition state,Transition state,True
EquiformerV2 AD,8,15,0,1,False,Minimum,Transition state,False
EquiformerV2 AD,9,17,1,1,True,Transition state,Transition state,True
EquiformerV2 AD,10,15,2,2,True,Higher-order saddle point,Higher-order saddle point,True
EquiformerV2 AD,11,15,1,1,True,Transition state,Transition state,True
EquiformerV2 AD,12,11,0,0,True,Minimum,Minimum,True
EquiformerV2 AD,13,16,1,1,True,Transition state,Transition state,True
EquiformerV2 AD,14,10,0,1,False,Minimum,Transition state,False
EquiformerV2 AD,15,18,1,1,True,Transition state,Transition state,True
EquiformerV2 AD,16,12,0,0,True,Minimum,Minimum,True
EquiformerV2 AD,17,10,2,1,False,Higher-order saddle point,Transition state,False
EquiformerV2 AD,18,12,1,1,True,Transition state,Transition state,True
EquiformerV2 AD,19,14,1,1,True,Transition state,Transition state,True
EquiformerV2 AD,20,15,1,2,False,Transition state,Higher-order saddle point,False
EquiformerV2 AD,21,17,1,1,True,Transition state,Transition state,True
EquiformerV2 AD,22,15,3,3,True,Higher-order saddle point,Higher-order saddle point,True
EquiformerV2 AD,23,16,0,0,True,Minimum,Minimum,True
EquiformerV2 AD,24,16,0,0,True,Minimum,Minimum,True
EquiformerV2 AD,25,16,1,1,True,Transition state,Transition state,True
EquiformerV2 AD,26,14,0,2,False,Minimum,Higher-order saddle point,False
EquiformerV2 AD,27,15,2,2,True,Higher-order saddle point,Higher-order saddle point,True
EquiformerV2 AD,28,16,0,0,True,Minimum,Minimum,True
EquiformerV2 AD,29,14,2,2,True,Higher-order saddle point,Higher-order saddle point,True
EquiformerV2 AD,30,14,0,0,True,Minimum,Minimum,True
EquiformerV2 AD,31,14,0,0,True,Minimum,Minimum,True
EquiformerV2 AD,32,13,1,1,True,Transition state,Transition state,True
EquiformerV2 AD,33,16,0,0,True,Minimum,Minimum,True
EquiformerV2 AD,34,14,0,0,True,Minimum,Minimum,True
EquiformerV2 AD,35,14,1,1,True,Transition state,Transition state,True
EquiformerV2 AD,36,15,1,1,True,Transition state,Transition state,True
EquiformerV2 AD,37,11,2,3,False,Higher-order saddle point,Higher-order saddle point,True
EquiformerV2 AD,38,16,0,0,True,Minimum,Minimum,True
EquiformerV2 AD,39,11,1,0,False,Transition state,Minimum,False
EquiformerV2 AD,40,14,2,1,False,Higher-order saddle point,Transition state,False
EquiformerV2 AD,41,10,1,2,False,Transition state,Higher-order saddle point,False
EquiformerV2 AD,42,13,1,1,True,Transition state,Transition state,True
EquiformerV2 AD,43,10,0,0,True,Minimum,Minimum,True
EquiformerV2 AD,44,15,1,1,True,Transition state,Transition state,True
EquiformerV2 AD,45,19,1,1,True,Transition state,Transition state,True
EquiformerV2 AD,46,12,1,1,True,Transition state,Transition state,True
EquiformerV2 AD,47,12,0,0,True,Minimum,Minimum,True
EquiformerV2 AD,48,17,2,2,True,Higher-order saddle point,Higher-order saddle point,True
EquiformerV2 AD,49,14,1,1,True,Transition state,Transition state,True
EquiformerV2 AD,50,17,3,2,False,Higher-order saddle point,Higher-order saddle point,True
EquiformerV2 AD,51,13,2,1,False,Higher-order saddle point,Transition state,False
EquiformerV2 AD,52,11,0,1,False,Minimum,Transition state,False
EquiformerV2 AD,53,19,0,0,True,Minimum,Minimum,True
EquiformerV2 AD,54,19,0,0,True,Minimum,Minimum,True
EquiformerV2 AD,55,17,1,1,True,Transition state,Transition state,True
EquiformerV2 AD,56,17,1,0,False,Transition state,Minimum,False
EquiformerV2 AD,57,16,0,0,True,Minimum,Minimum,True
EquiformerV2 AD,58,17,0,0,True,Minimum,Minimum,True
EquiformerV2 AD,59,15,1,1,True,Transition state,Transition state,True
EquiformerV2 AD,60,14,2,1,False,Higher-order saddle point,Transition state,False
EquiformerV2 AD,61,15,0,0,True,Minimum,Minimum,True
EquiformerV2 AD,62,8,1,5,False,Transition state,Higher-order saddle point,False
EquiformerV2 AD,63,19,1,1,True,Transition state,Transition state,True
EquiformerV2 AD,64,17,0,0,True,Minimum,Minimum,True
EquiformerV2 AD,65,13,1,1,True,Transition state,Transition state,True
EquiformerV2 AD,66,16,3,1,False,Higher-order saddle point,Transition state,False
EquiformerV2 AD,67,16,0,0,True,Minimum,Minimum,True
EquiformerV2 AD,68,14,1,1,True,Transition state,Transition state,True
EquiformerV2 AD,69,15,0,0,True,Minimum,Minimum,True
EquiformerV2 AD,70,14,0,0,True,Minimum,Minimum,True
EquiformerV2 AD,71,14,1,1,True,Transition state,Transition state,True
EquiformerV2 AD,72,14,0,0,True,Minimum,Minimum,True
EquiformerV2 AD,73,12,0,0,True,Minimum,Minimum,True
EquiformerV2 AD,74,16,1,1,True,Transition state,Transition state,True
EquiformerV2 AD,75,13,3,3,True,Higher-order saddle point,Higher-order saddle point,True
EquiformerV2 AD,76,16,1,1,True,Transition state,Transition state,True
EquiformerV2 AD,77,9,0,0,True,Minimum,Minimum,True
EquiformerV2 AD,78,11,1,1,True,Transition state,Transition state,True
EquiformerV2 AD,79,16,1,1,True,Transition state,Transition state,True
EquiformerV2 AD,80,12,0,0,True,Minimum,Minimum,True
EquiformerV2 AD,81,12,0,0,True,Minimum,Minimum,True
EquiformerV2 AD,82,16,1,0,False,Transition state,Minimum,False
EquiformerV2 AD,83,17,1,0,False,Transition state,Minimum,False
EquiformerV2 AD,84,13,0,0,True,Minimum,Minimum,True
EquiformerV2 AD,85,14,0,0,True,Minimum,Minimum,True
EquiformerV2 AD,86,12,0,0,True,Minimum,Minimum,True
EquiformerV2 AD,87,17,0,0,True,Minimum,Minimum,True
EquiformerV2 AD,88,13,1,1,True,Transition state,Transition state,True
EquiformerV2 AD,89,10,1,2,False,Transition state,Higher-order saddle point,False
EquiformerV2 AD,90,17,4,4,True,Higher-order saddle point,Higher-order saddle point,True
EquiformerV2 AD,91,14,0,0,True,Minimum,Minimum,True
EquiformerV2 AD,92,14,2,2,True,Higher-order saddle point,Higher-order saddle point,True
EquiformerV2 AD,93,14,0,0,True,Minimum,Minimum,True
EquiformerV2 AD,94,15,1,1,True,Transition state,Transition state,True
EquiformerV2 AD,95,13,1,1,True,Transition state,Transition state,True
EquiformerV2 AD,96,16,0,1,False,Minimum,Transition state,False
EquiformerV2 AD,97,10,1,1,True,Transition state,Transition state,True
EquiformerV2 AD,98,17,1,1,True,Transition state,Transition state,True
EquiformerV2 AD,99,9,0,0,True,Minimum,Minimum,True
EquiformerV2 AD,100,10,1,1,True,Transition state,Transition state,True
EquiformerV2 AD,101,12,1,1,True,Transition state,Transition state,True
EquiformerV2 AD,102,15,0,0,True,Minimum,Minimum,True
EquiformerV2 AD,103,16,0,0,True,Minimum,Minimum,True
EquiformerV2 AD,104,9,1,1,True,Transition state,Transition state,True
EquiformerV2 AD,105,10,1,1,True,Transition state,Transition state,True
EquiformerV2 AD,106,11,0,0,True,Minimum,Minimum,True
EquiformerV2 AD,107,10,1,3,False,Transition state,Higher-order saddle point,False
EquiformerV2 AD,108,13,3,2,False,Higher-order saddle point,Higher-order saddle point,True
EquiformerV2 AD,109,17,0,0,True,Minimum,Minimum,True
EquiformerV2 AD,110,7,0,4,False,Minimum,Higher-order saddle point,False
EquiformerV2 AD,111,15,1,1,True,Transition state,Transition state,True
EquiformerV2 AD,112,13,1,1,True,Transition state,Transition state,True
EquiformerV2 AD,113,16,2,2,True,Higher-order saddle point,Higher-order saddle point,True
EquiformerV2 AD,114,11,0,0,True,Minimum,Minimum,True
EquiformerV2 AD,115,15,2,2,True,Higher-order saddle point,Higher-order saddle point,True
EquiformerV2 AD,116,13,0,0,True,Minimum,Minimum,True
EquiformerV2 AD,117,12,0,1,False,Minimum,Transition state,False
EquiformerV2 AD,118,14,1,1,True,Transition state,Transition state,True
EquiformerV2 AD,119,12,0,0,True,Minimum,Minimum,True
EquiformerV2 AD,120,14,0,0,True,Minimum,Minimum,True
EquiformerV2 AD,121,16,2,2,True,Higher-order saddle point,Higher-order saddle point,True
EquiformerV2 AD,122,16,0,0,True,Minimum,Minimum,True
EquiformerV2 AD,123,11,0,0,True,Minimum,Minimum,True
EquiformerV2 AD,124,15,0,0,True,Minimum,Minimum,True
EquiformerV2 AD,125,13,0,0,True,Minimum,Minimum,True
EquiformerV2 AD,126,10,1,1,True,Transition state,Transition state,True
EquiformerV2 AD,127,15,1,1,True,Transition state,Transition state,True
EquiformerV2 AD,128,10,0,0,True,Minimum,Minimum,True
EquiformerV2 AD,129,18,2,2,True,Higher-order saddle point,Higher-order saddle point,True
EquiformerV2 AD,130,13,1,1,True,Transition state,Transition state,True
EquiformerV2 AD,131,9,0,0,True,Minimum,Minimum,True
EquiformerV2 AD,132,16,0,0,True,Minimum,Minimum,True
EquiformerV2 AD,133,13,0,0,True,Minimum,Minimum,True
EquiformerV2 AD,134,12,0,0,True,Minimum,Minimum,True
EquiformerV2 AD,135,18,1,1,True,Transition state,Transition state,True
EquiformerV2 AD,136,16,1,1,True,Transition state,Transition state,True
EquiformerV2 AD,137,9,0,0,True,Minimum,Minimum,True
EquiformerV2 AD,138,15,0,0,True,Minimum,Minimum,True
EquiformerV2 AD,139,15,1,1,True,Transition state,Transition state,True
EquiformerV2 AD,140,16,2,2,True,Higher-order saddle point,Higher-order saddle point,True
EquiformerV2 AD,141,12,1,1,True,Transition state,Transition state,True
EquiformerV2 AD,142,12,1,1,True,Transition state,Transition state,True
EquiformerV2 AD,143,13,1,1,True,Transition state,Transition state,True
EquiformerV2 AD,144,21,1,1,True,Transition state,Transition state,True
EquiformerV2 AD,145,15,1,1,True,Transition state,Transition state,True
EquiformerV2 AD,146,11,1,1,True,Transition state,Transition state,True
EquiformerV2 AD,147,16,2,2,True,Higher-order saddle point,Higher-order saddle point,True
EquiformerV2 AD,148,12,1,0,False,Transition state,Minimum,False
EquiformerV2 AD,149,14,1,1,True,Transition state,Transition state,True
EquiformerV2 AD,150,14,1,1,True,Transition state,Transition state,True
EquiformerV2 AD,151,19,1,1,True,Transition state,Transition state,True
EquiformerV2 AD,152,12,0,0,True,Minimum,Minimum,True
EquiformerV2 AD,153,12,1,1,True,Transition state,Transition state,True
EquiformerV2 AD,154,16,1,1,True,Transition state,Transition state,True
EquiformerV2 AD,155,9,1,1,True,Transition state,Transition state,True
EquiformerV2 AD,156,16,0,0,True,Minimum,Minimum,True
EquiformerV2 AD,157,16,3,3,True,Higher-order saddle point,Higher-order saddle point,True
EquiformerV2 AD,158,13,1,1,True,Transition state,Transition state,True
EquiformerV2 AD,159,12,1,1,True,Transition state,Transition state,True
EquiformerV2 AD,160,13,1,1,True,Transition state,Transition state,True
EquiformerV2 AD,161,13,1,1,True,Transition state,Transition state,True
EquiformerV2 AD,162,16,1,1,True,Transition state,Transition state,True
EquiformerV2 AD,163,14,1,1,True,Transition state,Transition state,True
EquiformerV2 AD,164,13,0,0,True,Minimum,Minimum,True
EquiformerV2 AD,165,14,3,3,True,Higher-order saddle point,Higher-order saddle point,True
EquiformerV2 AD,166,11,1,1,True,Transition state,Transition state,True
EquiformerV2 AD,167,17,0,0,True,Minimum,Minimum,True
EquiformerV2 AD,168,9,2,0,False,Higher-order saddle point,Minimum,False
EquiformerV2 AD,169,13,2,1,False,Higher-order saddle point,Transition state,False
EquiformerV2 AD,170,11,1,1,True,Transition state,Transition state,True
EquiformerV2 AD,171,11,1,1,True,Transition state,Transition state,True
EquiformerV2 AD,172,13,0,0,True,Minimum,Minimum,True
EquiformerV2 AD,173,13,1,1,True,Transition state,Transition state,True
EquiformerV2 AD,174,12,1,0,False,Transition state,Minimum,False
EquiformerV2 AD,175,15,1,0,False,Transition state,Minimum,False
EquiformerV2 AD,176,16,1,1,True,Transition state,Transition state,True
EquiformerV2 AD,177,17,3,3,True,Higher-order saddle point,Higher-order saddle point,True
EquiformerV2 AD,178,8,1,1,True,Transition state,Transition state,True
EquiformerV2 AD,179,12,1,1,True,Transition state,Transition state,True
EquiformerV2 AD,180,11,1,0,False,Transition state,Minimum,False
EquiformerV2 AD,181,14,0,1,False,Minimum,Transition state,False
EquiformerV2 AD,182,9,0,0,True,Minimum,Minimum,True
EquiformerV2 AD,183,11,1,1,True,Transition state,Transition state,True
EquiformerV2 AD,184,14,1,1,True,Transition state,Transition state,True
EquiformerV2 AD,185,18,2,2,True,Higher-order saddle point,Higher-order saddle point,True
EquiformerV2 AD,186,6,0,3,False,Minimum,Higher-order saddle point,False
EquiformerV2 AD,187,19,1,0,False,Transition state,Minimum,False
EquiformerV2 AD,188,12,1,1,True,Transition state,Transition state,True
EquiformerV2 AD,189,11,0,0,True,Minimum,Minimum,True
EquiformerV2 AD,190,11,2,2,True,Higher-order saddle point,Higher-order saddle point,True
EquiformerV2 AD,191,14,0,1,False,Minimum,Transition state,False
EquiformerV2 AD,192,11,0,0,True,Minimum,Minimum,True
EquiformerV2 AD,193,15,0,0,True,Minimum,Minimum,True
EquiformerV2 AD,194,16,0,0,True,Minimum,Minimum,True
EquiformerV2 AD,195,16,3,2,False,Higher-order saddle point,Higher-order saddle point,True
EquiformerV2 AD,196,16,3,2,False,Higher-order saddle point,Higher-order saddle point,True
EquiformerV2 AD,197,19,0,0,True,Minimum,Minimum,True
EquiformerV2 AD,198,11,1,2,False,Transition state,Higher-order saddle point,False
EquiformerV2 AD,199,12,1,1,True,Transition state,Transition state,True
EquiformerV2 AD,200,17,1,1,True,Transition state,Transition state,True
EquiformerV2 AD,201,17,0,0,True,Minimum,Minimum,True
EquiformerV2 AD,202,5,0,2,False,Minimum,Higher-order saddle point,False
EquiformerV2 AD,203,17,1,1,True,Transition state,Transition state,True
EquiformerV2 AD,204,10,0,0,True,Minimum,Minimum,True
EquiformerV2 AD,205,15,1,2,False,Transition state,Higher-order saddle point,False
EquiformerV2 AD,206,16,1,1,True,Transition state,Transition state,True
EquiformerV2 AD,207,10,0,0,True,Minimum,Minimum,True
EquiformerV2 AD,208,10,0,0,True,Minimum,Minimum,True
EquiformerV2 AD,209,14,2,3,False,Higher-order saddle point,Higher-order saddle point,True
EquiformerV2 AD,210,14,1,1,True,Transition state,Transition state,True
EquiformerV2 AD,211,15,0,0,True,Minimum,Minimum,True
EquiformerV2 AD,212,13,1,1,True,Transition state,Transition state,True
EquiformerV2 AD,213,15,0,0,True,Minimum,Minimum,True
EquiformerV2 AD,214,17,2,2,True,Higher-order saddle point,Higher-order saddle point,True
EquiformerV2 AD,215,10,1,1,True,Transition state,Transition state,True
EquiformerV2 AD,216,10,0,0,True,Minimum,Minimum,True
EquiformerV2 AD,217,15,2,1,False,Higher-order saddle point,Transition state,False
EquiformerV2 AD,218,15,1,1,True,Transition state,Transition state,True
EquiformerV2 AD,219,12,1,1,True,Transition state,Transition state,True
EquiformerV2 AD,220,16,2,2,True,Higher-order saddle point,Higher-order saddle point,True
EquiformerV2 AD,221,16,2,2,True,Higher-order saddle point,Higher-order saddle point,True
EquiformerV2 AD,222,16,0,0,True,Minimum,Minimum,True
EquiformerV2 AD,223,12,0,0,True,Minimum,Minimum,True
EquiformerV2 AD,224,14,3,3,True,Higher-order saddle point,Higher-order saddle point,True
EquiformerV2 AD,225,19,0,0,True,Minimum,Minimum,True
EquiformerV2 AD,226,11,0,0,True,Minimum,Minimum,True
EquiformerV2 AD,227,12,2,1,False,Higher-order saddle point,Transition state,False
EquiformerV2 AD,228,8,2,2,True,Higher-order saddle point,Higher-order saddle point,True
EquiformerV2 AD,229,14,0,1,False,Minimum,Transition state,False
EquiformerV2 AD,230,16,1,1,True,Transition state,Transition state,True
EquiformerV2 AD,231,11,0,0,True,Minimum,Minimum,True
EquiformerV2 AD,232,13,0,0,True,Minimum,Minimum,True
EquiformerV2 AD,233,17,0,0,True,Minimum,Minimum,True
EquiformerV2 AD,234,16,1,1,True,Transition state,Transition state,True
EquiformerV2 AD,235,14,1,1,True,Transition state,Transition state,True
EquiformerV2 AD,236,12,1,1,True,Transition state,Transition state,True
EquiformerV2 AD,237,14,3,3,True,Higher-order saddle point,Higher-order saddle point,True
EquiformerV2 AD,238,11,1,1,True,Transition state,Transition state,True
EquiformerV2 AD,239,14,4,3,False,Higher-order saddle point,Higher-order saddle point,True
EquiformerV2 AD,240,11,1,1,True,Transition state,Transition state,True
EquiformerV2 AD,241,8,0,0,True,Minimum,Minimum,True
EquiformerV2 AD,242,9,2,2,True,Higher-order saddle point,Higher-order saddle point,True
EquiformerV2 AD,243,11,1,1,True,Transition state,Transition state,True
EquiformerV2 AD,244,12,1,1,True,Transition state,Transition state,True
EquiformerV2 AD,245,11,1,1,True,Transition state,Transition state,True
EquiformerV2 AD,246,12,0,0,True,Minimum,Minimum,True
EquiformerV2 AD,247,16,0,0,True,Minimum,Minimum,True
EquiformerV2 AD,248,16,0,0,True,Minimum,Minimum,True
EquiformerV2 AD,249,15,2,2,True,Higher-order saddle point,Higher-order saddle point,True
EquiformerV2 AD,250,17,0,0,True,Minimum,Minimum,True
EquiformerV2 AD,251,14,3,2,False,Higher-order saddle point,Higher-order saddle point,True
EquiformerV2 AD,252,11,1,1,True,Transition state,Transition state,True
EquiformerV2 AD,253,19,0,0,True,Minimum,Minimum,True
EquiformerV2 AD,254,16,0,1,False,Minimum,Transition state,False
EquiformerV2 AD,255,12,1,1,True,Transition state,Transition state,True
EquiformerV2 AD,256,15,0,0,True,Minimum,Minimum,True
EquiformerV2 AD,257,14,0,0,True,Minimum,Minimum,True
EquiformerV2 AD,258,11,2,2,True,Higher-order saddle point,Higher-order saddle point,True
EquiformerV2 AD,259,12,1,1,True,Transition state,Transition state,True
EquiformerV2 AD,260,15,1,1,True,Transition state,Transition state,True
EquiformerV2 AD,261,13,2,2,True,Higher-order saddle point,Higher-order saddle point,True
EquiformerV2 AD,262,19,0,0,True,Minimum,Minimum,True
EquiformerV2 AD,263,12,2,2,True,Higher-order saddle point,Higher-order saddle point,True
EquiformerV2 AD,264,12,0,0,True,Minimum,Minimum,True
EquiformerV2 AD,265,12,2,2,True,Higher-order saddle point,Higher-order saddle point,True
EquiformerV2 AD,266,15,0,1,False,Minimum,Transition state,False
EquiformerV2 AD,267,14,1,2,False,Transition state,Higher-order saddle point,False
EquiformerV2 AD,268,12,0,0,True,Minimum,Minimum,True
EquiformerV2 AD,269,14,1,1,True,Transition state,Transition state,True
EquiformerV2 AD,270,12,3,2,False,Higher-order saddle point,Higher-order saddle point,True
EquiformerV2 AD,271,18,0,0,True,Minimum,Minimum,True
EquiformerV2 AD,272,9,1,5,False,Transition state,Higher-order saddle point,False
EquiformerV2 AD,273,8,1,1,True,Transition state,Transition state,True
EquiformerV2 AD,274,18,0,0,True,Minimum,Minimum,True
EquiformerV2 AD,275,10,1,1,True,Transition state,Transition state,True
EquiformerV2 AD,276,14,1,1,True,Transition state,Transition state,True
EquiformerV2 AD,277,13,0,0,True,Minimum,Minimum,True
EquiformerV2 AD,278,17,0,0,True,Minimum,Minimum,True
EquiformerV2 AD,279,16,2,1,False,Higher-order saddle point,Transition state,False
EquiformerV2 AD,280,18,1,0,False,Transition state,Minimum,False
EquiformerV2 AD,281,14,1,3,False,Transition state,Higher-order saddle point,False
EquiformerV2 AD,282,14,2,2,True,Higher-order saddle point,Higher-order saddle point,True
EquiformerV2 AD,283,15,2,2,True,Higher-order saddle point,Higher-order saddle point,True
EquiformerV2 AD,284,12,1,1,True,Transition state,Transition state,True
EquiformerV2 AD,285,17,1,2,False,Transition state,Higher-order saddle point,False
EquiformerV2 AD,286,14,0,0,True,Minimum,Minimum,True
EquiformerV2 AD,287,10,1,1,True,Transition state,Transition state,True
EquiformerV2 AD,288,13,0,0,True,Minimum,Minimum,True
EquiformerV2 AD,289,12,1,2,False,Transition state,Higher-order saddle point,False
EquiformerV2 AD,290,14,1,1,True,Transition state,Transition state,True
EquiformerV2 AD,291,13,1,1,True,Transition state,Transition state,True
EquiformerV2 AD,292,17,1,0,False,Transition state,Minimum,False
EquiformerV2 AD,293,12,0,0,True,Minimum,Minimum,True
EquiformerV2 AD,294,15,1,1,True,Transition state,Transition state,True
EquiformerV2 AD,295,5,0,1,False,Minimum,Transition state,False
EquiformerV2 AD,296,14,1,1,True,Transition state,Transition state,True
EquiformerV2 AD,297,15,1,1,True,Transition state,Transition state,True
EquiformerV2 AD,298,13,0,0,True,Minimum,Minimum,True
EquiformerV2 AD,299,14,1,2,False,Transition state,Higher-order saddle point,False
EquiformerV2 AD,300,15,2,1,False,Higher-order saddle point,Transition state,False
EquiformerV2 AD,301,17,2,1,False,Higher-order saddle point,Transition state,False
EquiformerV2 AD,302,12,1,1,True,Transition state,Transition state,True
EquiformerV2 AD,303,11,1,0,False,Transition state,Minimum,False
EquiformerV2 AD,304,18,1,0,False,Transition state,Minimum,False
EquiformerV2 AD,305,14,0,0,True,Minimum,Minimum,True
EquiformerV2 AD,306,16,4,2,False,Higher-order saddle point,Higher-order saddle point,True
EquiformerV2 AD,307,15,3,3,True,Higher-order saddle point,Higher-order saddle point,True
EquiformerV2 AD,308,18,1,1,True,Transition state,Transition state,True
EquiformerV2 AD,309,16,2,1,False,Higher-order saddle point,Transition state,False
EquiformerV2 AD,310,11,0,0,True,Minimum,Minimum,True
EquiformerV2 AD,311,14,1,0,False,Transition state,Minimum,False
EquiformerV2 AD,312,9,0,4,False,Minimum,Higher-order saddle point,False
EquiformerV2 AD,313,15,2,2,True,Higher-order saddle point,Higher-order saddle point,True
EquiformerV2 AD,314,13,1,1,True,Transition state,Transition state,True
EquiformerV2 AD,315,14,1,1,True,Transition state,Transition state,True
EquiformerV2 AD,316,14,3,1,False,Higher-order saddle point,Transition state,False
EquiformerV2 AD,317,9,0,0,True,Minimum,Minimum,True
EquiformerV2 AD,318,17,0,1,False,Minimum,Transition state,False
EquiformerV2 AD,319,10,1,1,True,Transition state,Transition state,True
EquiformerV2 AD,320,15,0,1,False,Minimum,Transition state,False
EquiformerV2 AD,321,15,0,1,False,Minimum,Transition state,False
EquiformerV2 AD,322,10,0,0,True,Minimum,Minimum,True
EquiformerV2 AD,323,15,2,1,False,Higher-order saddle point,Transition state,False
EquiformerV2 AD,324,15,0,0,True,Minimum,Minimum,True
EquiformerV2 AD,325,15,0,0,True,Minimum,Minimum,True
EquiformerV2 AD,326,10,1,1,True,Transition state,Transition state,True
EquiformerV2 AD,327,13,2,1,False,Higher-order saddle point,Transition state,False
EquiformerV2 AD,328,14,1,0,False,Transition state,Minimum,False
EquiformerV2 AD,329,14,2,0,False,Higher-order saddle point,Minimum,False
EquiformerV2 AD,330,19,0,0,True,Minimum,Minimum,True
EquiformerV2 AD,331,15,1,1,True,Transition state,Transition state,True
EquiformerV2 AD,332,16,1,1,True,Transition state,Transition state,True
EquiformerV2 AD,333,16,1,1,True,Transition state,Transition state,True
EquiformerV2 AD,334,13,2,2,True,Higher-order saddle point,Higher-order saddle point,True
EquiformerV2 AD,335,11,0,1,False,Minimum,Transition state,False
EquiformerV2 AD,336,12,1,1,True,Transition state,Transition state,True
EquiformerV2 AD,337,12,0,0,True,Minimum,Minimum,True
EquiformerV2 AD,338,15,1,1,True,Transition state,Transition state,True
EquiformerV2 AD,339,13,0,0,True,Minimum,Minimum,True
EquiformerV2 AD,340,15,3,3,True,Higher-order saddle point,Higher-order saddle point,True
EquiformerV2 AD,341,13,1,1,True,Transition state,Transition state,True
EquiformerV2 AD,342,10,0,0,True,Minimum,Minimum,True
EquiformerV2 AD,343,12,0,0,True,Minimum,Minimum,True
EquiformerV2 AD,344,11,0,0,True,Minimum,Minimum,True
EquiformerV2 AD,345,15,1,1,True,Transition state,Transition state,True
EquiformerV2 AD,346,16,2,2,True,Higher-order saddle point,Higher-order saddle point,True
EquiformerV2 AD,347,14,1,0,False,Transition state,Minimum,False
EquiformerV2 AD,348,16,1,0,False,Transition state,Minimum,False
EquiformerV2 AD,349,12,1,1,True,Transition state,Transition state,True
EquiformerV2 AD,350,16,0,0,True,Minimum,Minimum,True
EquiformerV2 AD,351,18,1,1,True,Transition state,Transition state,True
EquiformerV2 AD,352,10,0,1,False,Minimum,Transition state,False
EquiformerV2 AD,353,12,2,2,True,Higher-order saddle point,Higher-order saddle point,True
EquiformerV2 AD,354,11,1,1,True,Transition state,Transition state,True
EquiformerV2 AD,355,12,0,0,True,Minimum,Minimum,True
EquiformerV2 AD,356,13,1,1,True,Transition state,Transition state,True
EquiformerV2 AD,357,17,0,0,True,Minimum,Minimum,True
EquiformerV2 AD,358,13,0,0,True,Minimum,Minimum,True
EquiformerV2 AD,359,15,1,1,True,Transition state,Transition state,True
EquiformerV2 AD,360,16,1,1,True,Transition state,Transition state,True
EquiformerV2 AD,361,19,1,0,False,Transition state,Minimum,False
EquiformerV2 AD,362,16,2,2,True,Higher-order saddle point,Higher-order saddle point,True
EquiformerV2 AD,363,14,0,0,True,Minimum,Minimum,True
EquiformerV2 AD,364,17,4,3,False,Higher-order saddle point,Higher-order saddle point,True
EquiformerV2 AD,365,11,0,0,True,Minimum,Minimum,True
EquiformerV2 AD,366,19,2,3,False,Higher-order saddle point,Higher-order saddle point,True
EquiformerV2 AD,367,7,0,3,False,Minimum,Higher-order saddle point,False
EquiformerV2 AD,368,10,1,2,False,Transition state,Higher-order saddle point,False
EquiformerV2 AD,369,16,2,2,True,Higher-order saddle point,Higher-order saddle point,True
EquiformerV2 AD,370,15,1,1,True,Transition state,Transition state,True
EquiformerV2 AD,371,15,0,0,True,Minimum,Minimum,True
EquiformerV2 AD,372,14,0,0,True,Minimum,Minimum,True
EquiformerV2 AD,373,10,2,3,False,Higher-order saddle point,Higher-order saddle point,True
EquiformerV2 AD,374,12,0,0,True,Minimum,Minimum,True
EquiformerV2 AD,375,12,1,1,True,Transition state,Transition state,True
EquiformerV2 AD,376,16,1,1,True,Transition state,Transition state,True
EquiformerV2 AD,377,11,1,1,True,Transition state,Transition state,True
EquiformerV2 AD,378,17,1,1,True,Transition state,Transition state,True
EquiformerV2 AD,379,13,1,1,True,Transition state,Transition state,True
EquiformerV2 AD,380,8,2,2,True,Higher-order saddle point,Higher-order saddle point,True
EquiformerV2 AD,381,9,0,0,True,Minimum,Minimum,True
EquiformerV2 AD,382,12,0,1,False,Minimum,Transition state,False
EquiformerV2 AD,383,10,1,1,True,Transition state,Transition state,True
EquiformerV2 AD,384,14,0,0,True,Minimum,Minimum,True
EquiformerV2 AD,385,14,0,0,True,Minimum,Minimum,True
EquiformerV2 AD,386,13,2,2,True,Higher-order saddle point,Higher-order saddle point,True
EquiformerV2 AD,387,16,1,1,True,Transition state,Transition state,True
EquiformerV2 AD,388,12,0,0,True,Minimum,Minimum,True
EquiformerV2 AD,389,16,1,1,True,Transition state,Transition state,True
EquiformerV2 AD,390,13,3,2,False,Higher-order saddle point,Higher-order saddle point,True
EquiformerV2 AD,391,15,2,2,True,Higher-order saddle point,Higher-order saddle point,True
EquiformerV2 AD,392,11,0,0,True,Minimum,Minimum,True
EquiformerV2 AD,393,9,0,0,True,Minimum,Minimum,True
EquiformerV2 AD,394,13,0,0,True,Minimum,Minimum,True
EquiformerV2 AD,395,13,2,2,True,Higher-order saddle point,Higher-order saddle point,True
EquiformerV2 AD,396,10,1,2,False,Transition state,Higher-order saddle point,False
EquiformerV2 AD,397,13,0,0,True,Minimum,Minimum,True
EquiformerV2 AD,398,9,0,3,False,Minimum,Higher-order saddle point,False
EquiformerV2 AD,399,14,2,1,False,Higher-order saddle point,Transition state,False
EquiformerV2 AD,400,14,0,0,True,Minimum,Minimum,True
EquiformerV2 AD,401,14,0,0,True,Minimum,Minimum,True
EquiformerV2 AD,402,15,1,1,True,Transition state,Transition state,True
EquiformerV2 AD,403,16,1,1,True,Transition state,Transition state,True
EquiformerV2 AD,404,12,0,0,True,Minimum,Minimum,True
EquiformerV2 AD,405,12,3,3,True,Higher-order saddle point,Higher-order saddle point,True
EquiformerV2 AD,406,12,2,1,False,Higher-order saddle point,Transition state,False
EquiformerV2 AD,407,14,0,0,True,Minimum,Minimum,True
EquiformerV2 AD,408,10,0,0,True,Minimum,Minimum,True
EquiformerV2 AD,409,18,2,1,False,Higher-order saddle point,Transition state,False
EquiformerV2 AD,410,6,0,3,False,Minimum,Higher-order saddle point,False
EquiformerV2 AD,411,12,0,0,True,Minimum,Minimum,True
EquiformerV2 AD,412,11,1,1,True,Transition state,Transition state,True
EquiformerV2 AD,413,19,3,1,False,Higher-order saddle point,Transition state,False
EquiformerV2 AD,414,16,2,1,False,Higher-order saddle point,Transition state,False
EquiformerV2 AD,415,13,3,2,False,Higher-order saddle point,Higher-order saddle point,True
EquiformerV2 AD,416,17,1,0,False,Transition state,Minimum,False
EquiformerV2 AD,417,12,0,0,True,Minimum,Minimum,True
EquiformerV2 AD,418,12,0,0,True,Minimum,Minimum,True
EquiformerV2 AD,419,13,1,1,True,Transition state,Transition state,True
EquiformerV2 AD,420,11,0,0,True,Minimum,Minimum,True
EquiformerV2 AD,421,15,3,2,False,Higher-order saddle point,Higher-order saddle point,True
EquiformerV2 AD,422,19,0,1,False,Minimum,Transition state,False
EquiformerV2 AD,423,16,3,2,False,Higher-order saddle point,Higher-order saddle point,True
EquiformerV2 AD,424,14,4,3,False,Higher-order saddle point,Higher-order saddle point,True
EquiformerV2 AD,425,14,1,1,True,Transition state,Transition state,True
EquiformerV2 AD,426,15,1,1,True,Transition state,Transition state,True
EquiformerV2 AD,427,10,0,0,True,Minimum,Minimum,True
EquiformerV2 AD,428,10,1,1,True,Transition state,Transition state,True
EquiformerV2 AD,429,14,0,0,True,Minimum,Minimum,True
EquiformerV2 AD,430,14,0,1,False,Minimum,Transition state,False
EquiformerV2 AD,431,15,0,0,True,Minimum,Minimum,True
EquiformerV2 AD,432,16,0,0,True,Minimum,Minimum,True
EquiformerV2 AD,433,15,1,1,True,Transition state,Transition state,True
EquiformerV2 AD,434,12,0,1,False,Minimum,Transition state,False
EquiformerV2 AD,435,15,1,1,True,Transition state,Transition state,True
EquiformerV2 AD,436,15,0,0,True,Minimum,Minimum,True
EquiformerV2 AD,437,11,2,3,False,Higher-order saddle point,Higher-order saddle point,True
EquiformerV2 AD,438,13,0,0,True,Minimum,Minimum,True
EquiformerV2 AD,439,15,0,0,True,Minimum,Minimum,True
EquiformerV2 AD,440,16,1,1,True,Transition state,Transition state,True
EquiformerV2 AD,441,16,4,2,False,Higher-order saddle point,Higher-order saddle point,True
EquiformerV2 AD,442,15,2,1,False,Higher-order saddle point,Transition state,False
EquiformerV2 AD,443,16,2,2,True,Higher-order saddle point,Higher-order saddle point,True
EquiformerV2 AD,444,13,1,1,True,Transition state,Transition state,True
EquiformerV2 AD,445,14,0,0,True,Minimum,Minimum,True
EquiformerV2 AD,446,18,0,2,False,Minimum,Higher-order saddle point,False
EquiformerV2 AD,447,11,1,0,False,Transition state,Minimum,False
EquiformerV2 AD,448,10,1,2,False,Transition state,Higher-order saddle point,False
EquiformerV2 AD,449,14,2,2,True,Higher-order saddle point,Higher-order saddle point,True
EquiformerV2 AD,450,18,0,0,True,Minimum,Minimum,True
EquiformerV2 AD,451,13,1,1,True,Transition state,Transition state,True
EquiformerV2 AD,452,19,2,0,False,Higher-order saddle point,Minimum,False
EquiformerV2 AD,453,13,1,1,True,Transition state,Transition state,True
EquiformerV2 AD,454,10,3,3,True,Higher-order saddle point,Higher-order saddle point,True
EquiformerV2 AD,455,12,0,0,True,Minimum,Minimum,True
EquiformerV2 AD,456,14,1,1,True,Transition state,Transition state,True
EquiformerV2 AD,457,14,1,1,True,Transition state,Transition state,True
EquiformerV2 AD,458,10,0,0,True,Minimum,Minimum,True
EquiformerV2 AD,459,19,1,0,False,Transition state,Minimum,False
EquiformerV2 AD,460,16,1,1,True,Transition state,Transition state,True
EquiformerV2 AD,461,14,0,0,True,Minimum,Minimum,True
EquiformerV2 AD,462,11,0,1,False,Minimum,Transition state,False
EquiformerV2 AD,463,11,1,1,True,Transition state,Transition state,True
EquiformerV2 AD,464,15,2,2,True,Higher-order saddle point,Higher-order saddle point,True
EquiformerV2 AD,465,14,0,1,False,Minimum,Transition state,False
EquiformerV2 AD,466,15,2,2,True,Higher-order saddle point,Higher-order saddle point,True
EquiformerV2 AD,467,13,0,0,True,Minimum,Minimum,True
EquiformerV2 AD,468,16,1,0,False,Transition state,Minimum,False
EquiformerV2 AD,469,11,0,0,True,Minimum,Minimum,True
EquiformerV2 AD,470,15,1,1,True,Transition state,Transition state,True
EquiformerV2 AD,471,13,0,0,True,Minimum,Minimum,True
EquiformerV2 AD,472,9,1,2,False,Transition state,Higher-order saddle point,False
EquiformerV2 AD,473,17,1,1,True,Transition state,Transition state,True
EquiformerV2 AD,474,13,0,0,True,Minimum,Minimum,True
EquiformerV2 AD,475,12,0,0,True,Minimum,Minimum,True
EquiformerV2 AD,476,13,0,0,True,Minimum,Minimum,True
EquiformerV2 AD,477,14,2,1,False,Higher-order saddle point,Transition state,False
EquiformerV2 AD,478,12,1,1,True,Transition state,Transition state,True
EquiformerV2 AD,479,16,0,0,True,Minimum,Minimum,True
EquiformerV2 AD,480,16,3,3,True,Higher-order saddle point,Higher-order saddle point,True
EquiformerV2 AD,481,18,1,0,False,Transition state,Minimum,False
EquiformerV2 AD,482,13,1,1,True,Transition state,Transition state,True
EquiformerV2 AD,483,14,0,1,False,Minimum,Transition state,False
EquiformerV2 AD,484,11,4,3,False,Higher-order saddle point,Higher-order saddle point,True
EquiformerV2 AD,485,17,1,1,True,Transition state,Transition state,True
EquiformerV2 AD,486,16,2,1,False,Higher-order saddle point,Transition state,False
EquiformerV2 AD,487,15,0,0,True,Minimum,Minimum,True
EquiformerV2 AD,488,16,4,3,False,Higher-order saddle point,Higher-order saddle point,True
EquiformerV2 AD,489,16,1,1,True,Transition state,Transition state,True
EquiformerV2 AD,490,9,2,5,False,Higher-order saddle point,Higher-order saddle point,True
EquiformerV2 AD,491,11,0,0,True,Minimum,Minimum,True
EquiformerV2 AD,492,16,2,1,False,Higher-order saddle point,Transition state,False
EquiformerV2 AD,493,12,2,2,True,Higher-order saddle point,Higher-order saddle point,True
EquiformerV2 AD,494,14,0,0,True,Minimum,Minimum,True
EquiformerV2 AD,495,13,1,1,True,Transition state,Transition state,True
EquiformerV2 AD,496,14,1,1,True,Transition state,Transition state,True
EquiformerV2 AD,497,11,0,0,True,Minimum,Minimum,True
EquiformerV2 AD,498,15,0,0,True,Minimum,Minimum,True
EquiformerV2 AD,499,15,1,1,True,Transition state,Transition state,True
EquiformerV2 AD,500,12,1,1,True,Transition state,Transition state,True
EquiformerV2 AD,501,10,1,1,True,Transition state,Transition state,True
EquiformerV2 AD,502,16,1,1,True,Transition state,Transition state,True
EquiformerV2 AD,503,13,0,0,True,Minimum,Minimum,True
EquiformerV2 AD,504,10,2,2,True,Higher-order saddle point,Higher-order saddle point,True
EquiformerV2 AD,505,12,0,0,True,Minimum,Minimum,True
EquiformerV2 AD,506,21,1,1,True,Transition state,Transition state,True
EquiformerV2 AD,507,10,0,1,False,Minimum,Transition state,False
EquiformerV2 AD,508,18,1,1,True,Transition state,Transition state,True
EquiformerV2 AD,509,12,1,1,True,Transition state,Transition state,True
EquiformerV2 AD,510,16,0,2,False,Minimum,Higher-order saddle point,False
EquiformerV2 AD,511,17,1,1,True,Transition state,Transition state,True
EquiformerV2 AD,512,21,3,1,False,Higher-order saddle point,Transition state,False
EquiformerV2 AD,513,18,2,2,True,Higher-order saddle point,Higher-order saddle point,True
EquiformerV2 AD,514,13,1,1,True,Transition state,Transition state,True
EquiformerV2 AD,515,15,1,1,True,Transition state,Transition state,True
EquiformerV2 AD,516,10,0,0,True,Minimum,Minimum,True
EquiformerV2 AD,517,17,1,1,True,Transition state,Transition state,True
EquiformerV2 AD,518,15,0,0,True,Minimum,Minimum,True
EquiformerV2 AD,519,12,1,0,False,Transition state,Minimum,False
EquiformerV2 AD,520,15,1,1,True,Transition state,Transition state,True
EquiformerV2 AD,521,14,1,1,True,Transition state,Transition state,True
EquiformerV2 AD,522,16,1,0,False,Transition state,Minimum,False
EquiformerV2 AD,523,12,3,3,True,Higher-order saddle point,Higher-order saddle point,True
EquiformerV2 AD,524,10,0,6,False,Minimum,Higher-order saddle point,False
EquiformerV2 AD,525,12,0,0,True,Minimum,Minimum,True
EquiformerV2 AD,526,13,1,1,True,Transition state,Transition state,True
EquiformerV2 AD,527,15,1,1,True,Transition state,Transition state,True
EquiformerV2 AD,528,19,2,1,False,Higher-order saddle point,Transition state,False
EquiformerV2 AD,529,10,1,0,False,Transition state,Minimum,False
EquiformerV2 AD,530,11,1,1,True,Transition state,Transition state,True
EquiformerV2 AD,531,16,0,0,True,Minimum,Minimum,True
EquiformerV2 AD,532,15,0,0,True,Minimum,Minimum,True
EquiformerV2 AD,533,15,1,1,True,Transition state,Transition state,True
EquiformerV2 AD,534,14,2,1,False,Higher-order saddle point,Transition state,False
EquiformerV2 AD,535,13,1,1,True,Transition state,Transition state,True
EquiformerV2 AD,536,12,3,3,True,Higher-order saddle point,Higher-order saddle point,True
EquiformerV2 AD,537,15,2,1,False,Higher-order saddle point,Transition state,False
EquiformerV2 AD,538,16,0,0,True,Minimum,Minimum,True
EquiformerV2 AD,539,15,1,1,True,Transition state,Transition state,True
EquiformerV2 AD,540,11,1,1,True,Transition state,Transition state,True
EquiformerV2 AD,541,13,1,0,False,Transition state,Minimum,False
EquiformerV2 AD,542,14,1,1,True,Transition state,Transition state,True
EquiformerV2 AD,543,16,0,0,True,Minimum,Minimum,True
EquiformerV2 AD,544,11,1,1,True,Transition state,Transition state,True
EquiformerV2 AD,545,14,0,0,True,Minimum,Minimum,True
EquiformerV2 AD,546,13,2,2,True,Higher-order saddle point,Higher-order saddle point,True
EquiformerV2 AD,547,11,1,1,True,Transition state,Transition state,True
EquiformerV2 AD,548,13,0,0,True,Minimum,Minimum,True
EquiformerV2 AD,549,14,1,1,True,Transition state,Transition state,True
EquiformerV2 AD,550,13,0,0,True,Minimum,Minimum,True
EquiformerV2 AD,551,9,2,2,True,Higher-order saddle point,Higher-order saddle point,True
EquiformerV2 AD,552,12,1,1,True,Transition state,Transition state,True
EquiformerV2 AD,553,14,1,1,True,Transition state,Transition state,True
EquiformerV2 AD,554,10,1,1,True,Transition state,Transition state,True
EquiformerV2 AD,555,16,0,0,True,Minimum,Minimum,True
EquiformerV2 AD,556,16,2,1,False,Higher-order saddle point,Transition state,False
EquiformerV2 AD,557,11,1,0,False,Transition state,Minimum,False
EquiformerV2 AD,558,13,0,0,True,Minimum,Minimum,True
EquiformerV2 AD,559,13,0,0,True,Minimum,Minimum,True
EquiformerV2 AD,560,17,0,0,True,Minimum,Minimum,True
EquiformerV2 AD,561,12,0,0,True,Minimum,Minimum,True
EquiformerV2 AD,562,19,0,0,True,Minimum,Minimum,True
EquiformerV2 AD,563,14,1,1,True,Transition state,Transition state,True
EquiformerV2 AD,564,18,0,0,True,Minimum,Minimum,True
EquiformerV2 AD,565,14,6,5,False,Higher-order saddle point,Higher-order saddle point,True
EquiformerV2 AD,566,19,0,0,True,Minimum,Minimum,True
EquiformerV2 AD,567,13,1,1,True,Transition state,Transition state,True
EquiformerV2 AD,568,14,1,1,True,Transition state,Transition state,True
EquiformerV2 AD,569,15,1,1,True,Transition state,Transition state,True
EquiformerV2 AD,570,15,1,0,False,Transition state,Minimum,False
EquiformerV2 AD,571,14,1,1,True,Transition state,Transition state,True
EquiformerV2 AD,572,16,3,3,True,Higher-order saddle point,Higher-order saddle point,True
EquiformerV2 AD,573,16,0,0,True,Minimum,Minimum,True
EquiformerV2 AD,574,13,1,1,True,Transition state,Transition state,True
EquiformerV2 AD,575,12,1,1,True,Transition state,Transition state,True
EquiformerV2 AD,576,12,0,0,True,Minimum,Minimum,True
EquiformerV2 AD,577,15,3,2,False,Higher-order saddle point,Higher-order saddle point,True
EquiformerV2 AD,578,14,2,2,True,Higher-order saddle point,Higher-order saddle point,True
EquiformerV2 AD,579,16,1,0,False,Transition state,Minimum,False
EquiformerV2 AD,580,13,1,1,True,Transition state,Transition state,True
EquiformerV2 AD,581,11,0,0,True,Minimum,Minimum,True
EquiformerV2 AD,582,16,1,1,True,Transition state,Transition state,True
EquiformerV2 AD,583,15,1,1,True,Transition state,Transition state,True
EquiformerV2 AD,584,17,2,1,False,Higher-order saddle point,Transition state,False
EquiformerV2 AD,585,10,1,0,False,Transition state,Minimum,False
EquiformerV2 AD,586,11,1,1,True,Transition state,Transition state,True
EquiformerV2 AD,587,14,1,0,False,Transition state,Minimum,False
EquiformerV2 AD,588,19,1,0,False,Transition state,Minimum,False
EquiformerV2 AD,589,14,2,2,True,Higher-order saddle point,Higher-order saddle point,True
EquiformerV2 AD,590,16,0,0,True,Minimum,Minimum,True
EquiformerV2 AD,591,15,1,1,True,Transition state,Transition state,True
EquiformerV2 AD,592,17,1,1,True,Transition state,Transition state,True
EquiformerV2 AD,593,13,0,0,True,Minimum,Minimum,True
EquiformerV2 AD,594,14,1,1,True,Transition state,Transition state,True
EquiformerV2 AD,595,15,1,1,True,Transition state,Transition state,True
EquiformerV2 AD,596,13,0,0,True,Minimum,Minimum,True
EquiformerV2 AD,597,11,0,0,True,Minimum,Minimum,True
EquiformerV2 AD,598,10,1,1,True,Transition state,Transition state,True
EquiformerV2 AD,599,12,1,0,False,Transition state,Minimum,False
EquiformerV2 AD,600,15,0,0,True,Minimum,Minimum,True
EquiformerV2 AD,601,9,2,2,True,Higher-order saddle point,Higher-order saddle point,True
EquiformerV2 AD,602,16,1,1,True,Transition state,Transition state,True
EquiformerV2 AD,603,16,0,0,True,Minimum,Minimum,True
EquiformerV2 AD,604,10,0,0,True,Minimum,Minimum,True
EquiformerV2 AD,605,17,2,1,False,Higher-order saddle point,Transition state,False
EquiformerV2 AD,606,18,1,2,False,Transition state,Higher-order saddle point,False
EquiformerV2 AD,607,14,0,0,True,Minimum,Minimum,True
EquiformerV2 AD,608,15,0,1,False,Minimum,Transition state,False
EquiformerV2 AD,609,19,0,0,True,Minimum,Minimum,True
EquiformerV2 AD,610,13,0,0,True,Minimum,Minimum,True
EquiformerV2 AD,611,14,1,1,True,Transition state,Transition state,True
EquiformerV2 AD,612,14,0,0,True,Minimum,Minimum,True
EquiformerV2 AD,613,12,0,0,True,Minimum,Minimum,True
EquiformerV2 AD,614,12,0,0,True,Minimum,Minimum,True
EquiformerV2 AD,615,15,1,1,True,Transition state,Transition state,True
EquiformerV2 AD,616,15,1,1,True,Transition state,Transition state,True
EquiformerV2 AD,617,12,1,1,True,Transition state,Transition state,True
EquiformerV2 AD,618,14,0,1,False,Minimum,Transition state,False
EquiformerV2 AD,619,15,1,0,False,Transition state,Minimum,False
EquiformerV2 AD,620,13,0,0,True,Minimum,Minimum,True
EquiformerV2 AD,621,13,0,1,False,Minimum,Transition state,False
EquiformerV2 AD,622,11,0,1,False,Minimum,Transition state,False
EquiformerV2 AD,623,16,1,2,False,Transition state,Higher-order saddle point,False
EquiformerV2 AD,624,18,0,0,True,Minimum,Minimum,True
EquiformerV2 AD,625,11,2,2,True,Higher-order saddle point,Higher-order saddle point,True
EquiformerV2 AD,626,14,1,1,True,Transition state,Transition state,True
EquiformerV2 AD,627,15,1,1,True,Transition state,Transition state,True
EquiformerV2 AD,628,21,1,0,False,Transition state,Minimum,False
EquiformerV2 AD,629,11,2,3,False,Higher-order saddle point,Higher-order saddle point,True
EquiformerV2 AD,630,19,3,2,False,Higher-order saddle point,Higher-order saddle point,True
EquiformerV2 AD,631,15,1,1,True,Transition state,Transition state,True
EquiformerV2 AD,632,18,1,1,True,Transition state,Transition state,True
EquiformerV2 AD,633,11,2,1,False,Higher-order saddle point,Transition state,False
EquiformerV2 AD,634,16,1,1,True,Transition state,Transition state,True
EquiformerV2 AD,635,13,0,1,False,Minimum,Transition state,False
EquiformerV2 AD,636,12,1,1,True,Transition state,Transition state,True
EquiformerV2 AD,637,12,0,0,True,Minimum,Minimum,True
EquiformerV2 AD,638,16,1,1,True,Transition state,Transition state,True
EquiformerV2 AD,639,12,1,1,True,Transition state,Transition state,True
EquiformerV2 AD,640,15,2,2,True,Higher-order saddle point,Higher-order saddle point,True
EquiformerV2 AD,641,19,1,0,False,Transition state,Minimum,False
EquiformerV2 AD,642,16,2,1,False,Higher-order saddle point,Transition state,False
EquiformerV2 AD,643,14,1,1,True,Transition state,Transition state,True
EquiformerV2 AD,644,18,3,2,False,Higher-order saddle point,Higher-order saddle point,True
EquiformerV2 AD,645,14,0,0,True,Minimum,Minimum,True
EquiformerV2 AD,646,11,0,0,True,Minimum,Minimum,True
EquiformerV2 AD,647,16,0,0,True,Minimum,Minimum,True
EquiformerV2 AD,648,16,1,1,True,Transition state,Transition state,True
EquiformerV2 AD,649,15,1,1,True,Transition state,Transition state,True
EquiformerV2 AD,650,12,1,1,True,Transition state,Transition state,True
EquiformerV2 AD,651,17,1,1,True,Transition state,Transition state,True
EquiformerV2 AD,652,11,0,0,True,Minimum,Minimum,True
EquiformerV2 AD,653,15,0,0,True,Minimum,Minimum,True
EquiformerV2 AD,654,10,1,1,True,Transition state,Transition state,True
EquiformerV2 AD,655,13,1,1,True,Transition state,Transition state,True
EquiformerV2 AD,656,17,0,0,True,Minimum,Minimum,True
EquiformerV2 AD,657,13,0,0,True,Minimum,Minimum,True
EquiformerV2 AD,658,12,1,1,True,Transition state,Transition state,True
EquiformerV2 AD,659,10,1,1,True,Transition state,Transition state,True
EquiformerV2 AD,660,14,1,1,True,Transition state,Transition state,True
EquiformerV2 AD,661,18,0,1,False,Minimum,Transition state,False
EquiformerV2 AD,662,14,2,2,True,Higher-order saddle point,Higher-order saddle point,True
EquiformerV2 AD,663,16,1,0,False,Transition state,Minimum,False
EquiformerV2 AD,664,10,1,1,True,Transition state,Transition state,True
EquiformerV2 AD,665,12,0,0,True,Minimum,Minimum,True
EquiformerV2 AD,666,10,1,1,True,Transition state,Transition state,True
EquiformerV2 AD,667,13,1,1,True,Transition state,Transition state,True
EquiformerV2 AD,668,16,0,1,False,Minimum,Transition state,False
EquiformerV2 AD,669,11,1,1,True,Transition state,Transition state,True
EquiformerV2 AD,670,14,0,0,True,Minimum,Minimum,True
EquiformerV2 AD,671,14,1,1,True,Transition state,Transition state,True
EquiformerV2 AD,672,12,1,1,True,Transition state,Transition state,True
EquiformerV2 AD,673,13,1,1,True,Transition state,Transition state,True
EquiformerV2 AD,674,14,1,0,False,Transition state,Minimum,False
EquiformerV2 AD,675,14,0,0,True,Minimum,Minimum,True
EquiformerV2 AD,676,14,0,0,True,Minimum,Minimum,True
EquiformerV2 AD,677,15,1,0,False,Transition state,Minimum,False
EquiformerV2 AD,678,18,0,0,True,Minimum,Minimum,True
EquiformerV2 AD,679,15,1,1,True,Transition state,Transition state,True
EquiformerV2 AD,680,13,0,1,False,Minimum,Transition state,False
EquiformerV2 AD,681,12,1,1,True,Transition state,Transition state,True
EquiformerV2 AD,682,9,0,1,False,Minimum,Transition state,False
EquiformerV2 AD,683,13,1,1,True,Transition state,Transition state,True
EquiformerV2 AD,684,15,2,1,False,Higher-order saddle point,Transition state,False
EquiformerV2 AD,685,15,2,1,False,Higher-order saddle point,Transition state,False
EquiformerV2 AD,686,8,1,1,True,Transition state,Transition state,True
EquiformerV2 AD,687,14,1,0,False,Transition state,Minimum,False
EquiformerV2 AD,688,19,1,0,False,Transition state,Minimum,False
EquiformerV2 AD,689,16,0,0,True,Minimum,Minimum,True
EquiformerV2 AD,690,10,0,0,True,Minimum,Minimum,True
EquiformerV2 AD,691,12,1,1,True,Transition state,Transition state,True
EquiformerV2 AD,692,17,0,0,True,Minimum,Minimum,True
EquiformerV2 AD,693,9,0,1,False,Minimum,Transition state,False
EquiformerV2 AD,694,15,1,1,True,Transition state,Transition state,True
EquiformerV2 AD,695,10,1,2,False,Transition state,Higher-order saddle point,False
EquiformerV2 AD,696,10,1,1,True,Transition state,Transition state,True
EquiformerV2 AD,697,15,2,2,True,Higher-order saddle point,Higher-order saddle point,True
EquiformerV2 AD,698,13,0,0,True,Minimum,Minimum,True
EquiformerV2 AD,699,12,1,1,True,Transition state,Transition state,True
EquiformerV2 AD,700,14,1,1,True,Transition state,Transition state,True
EquiformerV2 AD,701,17,2,1,False,Higher-order saddle point,Transition state,False
EquiformerV2 AD,702,16,1,1,True,Transition state,Transition state,True
EquiformerV2 AD,703,15,1,0,False,Transition state,Minimum,False
EquiformerV2 AD,704,16,0,0,True,Minimum,Minimum,True
EquiformerV2 AD,705,10,0,1,False,Minimum,Transition state,False
EquiformerV2 AD,706,14,1,1,True,Transition state,Transition state,True
EquiformerV2 AD,707,14,0,0,True,Minimum,Minimum,True
EquiformerV2 AD,708,12,1,1,True,Transition state,Transition state,True
EquiformerV2 AD,709,12,1,1,True,Transition state,Transition state,True
EquiformerV2 AD,710,13,1,1,True,Transition state,Transition state,True
EquiformerV2 AD,711,11,0,0,True,Minimum,Minimum,True
EquiformerV2 AD,712,12,0,0,True,Minimum,Minimum,True
EquiformerV2 AD,713,14,1,2,False,Transition state,Higher-order saddle point,False
EquiformerV2 AD,714,16,1,1,True,Transition state,Transition state,True
EquiformerV2 AD,715,11,0,0,True,Minimum,Minimum,True
EquiformerV2 AD,716,5,0,2,False,Minimum,Higher-order saddle point,False
EquiformerV2 AD,717,14,1,1,True,Transition state,Transition state,True
EquiformerV2 AD,718,13,0,0,True,Minimum,Minimum,True
EquiformerV2 AD,719,11,2,2,True,Higher-order saddle point,Higher-order saddle point,True
EquiformerV2 AD,720,13,0,0,True,Minimum,Minimum,True
EquiformerV2 AD,721,13,1,1,True,Transition state,Transition state,True
EquiformerV2 AD,722,12,0,0,True,Minimum,Minimum,True
EquiformerV2 AD,723,13,1,1,True,Transition state,Transition state,True
EquiformerV2 AD,724,19,2,2,True,Higher-order saddle point,Higher-order saddle point,True
EquiformerV2 AD,725,13,1,1,True,Transition state,Transition state,True
EquiformerV2 AD,726,11,0,0,True,Minimum,Minimum,True
EquiformerV2 AD,727,16,0,0,True,Minimum,Minimum,True
EquiformerV2 AD,728,14,1,1,True,Transition state,Transition state,True
EquiformerV2 AD,729,13,2,2,True,Higher-order saddle point,Higher-order saddle point,True
EquiformerV2 AD,730,14,0,1,False,Minimum,Transition state,False
EquiformerV2 AD,731,14,1,1,True,Transition state,Transition state,True
EquiformerV2 AD,732,16,1,1,True,Transition state,Transition state,True
EquiformerV2 AD,733,12,0,0,True,Minimum,Minimum,True
EquiformerV2 AD,734,12,1,1,True,Transition state,Transition state,True
EquiformerV2 AD,735,17,2,1,False,Higher-order saddle point,Transition state,False
EquiformerV2 AD,736,5,1,3,False,Transition state,Higher-order saddle point,False
EquiformerV2 AD,737,15,1,1,True,Transition state,Transition state,True
EquiformerV2 AD,738,14,0,0,True,Minimum,Minimum,True
EquiformerV2 AD,739,16,0,0,True,Minimum,Minimum,True
EquiformerV2 AD,740,14,0,0,True,Minimum,Minimum,True
EquiformerV2 AD,741,15,1,1,True,Transition state,Transition state,True
EquiformerV2 AD,742,12,0,0,True,Minimum,Minimum,True
EquiformerV2 AD,743,15,0,0,True,Minimum,Minimum,True
EquiformerV2 AD,744,13,1,0,False,Transition state,Minimum,False
EquiformerV2 AD,745,10,1,1,True,Transition state,Transition state,True
EquiformerV2 AD,746,13,0,0,True,Minimum,Minimum,True
EquiformerV2 AD,747,16,1,1,True,Transition state,Transition state,True
EquiformerV2 AD,748,8,0,0,True,Minimum,Minimum,True
EquiformerV2 AD,749,7,2,1,False,Higher-order saddle point,Transition state,False
EquiformerV2 AD,750,14,2,2,True,Higher-order saddle point,Higher-order saddle point,True
EquiformerV2 AD,751,19,1,0,False,Transition state,Minimum,False
EquiformerV2 AD,752,14,1,1,True,Transition state,Transition state,True
EquiformerV2 AD,753,8,0,0,True,Minimum,Minimum,True
EquiformerV2 AD,754,12,1,1,True,Transition state,Transition state,True
EquiformerV2 AD,755,17,2,1,False,Higher-order saddle point,Transition state,False
EquiformerV2 AD,756,14,0,0,True,Minimum,Minimum,True
EquiformerV2 AD,757,11,1,0,False,Transition state,Minimum,False
EquiformerV2 AD,758,13,0,0,True,Minimum,Minimum,True
EquiformerV2 AD,759,16,2,2,True,Higher-order saddle point,Higher-order saddle point,True
EquiformerV2 AD,760,11,0,0,True,Minimum,Minimum,True
EquiformerV2 AD,761,11,1,1,True,Transition state,Transition state,True
EquiformerV2 AD,762,16,1,1,True,Transition state,Transition state,True
EquiformerV2 AD,763,15,3,3,True,Higher-order saddle point,Higher-order saddle point,True
EquiformerV2 AD,764,11,0,0,True,Minimum,Minimum,True
EquiformerV2 AD,765,12,1,2,False,Transition state,Higher-order saddle point,False
EquiformerV2 AD,766,14,1,0,False,Transition state,Minimum,False
EquiformerV2 AD,767,12,1,1,True,Transition state,Transition state,True
EquiformerV2 AD,768,15,2,1,False,Higher-order saddle point,Transition state,False
EquiformerV2 AD,769,14,1,1,True,Transition state,Transition state,True
EquiformerV2 AD,770,16,1,1,True,Transition state,Transition state,True
EquiformerV2 AD,771,13,0,0,True,Minimum,Minimum,True
EquiformerV2 AD,772,8,2,1,False,Higher-order saddle point,Transition state,False
EquiformerV2 AD,773,12,1,0,False,Transition state,Minimum,False
EquiformerV2 AD,774,15,0,0,True,Minimum,Minimum,True
EquiformerV2 AD,775,13,2,2,True,Higher-order saddle point,Higher-order saddle point,True
EquiformerV2 AD,776,14,1,1,True,Transition state,Transition state,True
EquiformerV2 AD,777,14,0,0,True,Minimum,Minimum,True
EquiformerV2 AD,778,15,1,1,True,Transition state,Transition state,True
EquiformerV2 AD,779,12,0,0,True,Minimum,Minimum,True
EquiformerV2 AD,780,14,1,1,True,Transition state,Transition state,True
EquiformerV2 AD,781,11,1,0,False,Transition state,Minimum,False
EquiformerV2 AD,782,13,0,0,True,Minimum,Minimum,True
EquiformerV2 AD,783,14,0,0,True,Minimum,Minimum,True
EquiformerV2 AD,784,15,1,1,True,Transition state,Transition state,True
EquiformerV2 AD,785,15,1,1,True,Transition state,Transition state,True
EquiformerV2 AD,786,15,2,1,False,Higher-order saddle point,Transition state,False
EquiformerV2 AD,787,14,1,1,True,Transition state,Transition state,True
EquiformerV2 AD,788,18,2,2,True,Higher-order saddle point,Higher-order saddle point,True
EquiformerV2 AD,789,17,1,0,False,Transition state,Minimum,False
EquiformerV2 AD,790,15,2,2,True,Higher-order saddle point,Higher-order saddle point,True
EquiformerV2 AD,791,15,2,2,True,Higher-order saddle point,Higher-order saddle point,True
EquiformerV2 AD,792,15,1,1,True,Transition state,Transition state,True
EquiformerV2 AD,793,10,0,0,True,Minimum,Minimum,True
EquiformerV2 AD,794,17,1,0,False,Transition state,Minimum,False
EquiformerV2 AD,795,14,1,1,True,Transition state,Transition state,True
EquiformerV2 AD,796,15,0,0,True,Minimum,Minimum,True
EquiformerV2 AD,797,12,2,2,True,Higher-order saddle point,Higher-order saddle point,True
EquiformerV2 AD,798,16,0,0,True,Minimum,Minimum,True
EquiformerV2 AD,799,19,0,0,True,Minimum,Minimum,True
EquiformerV2 AD,800,13,1,1,True,Transition state,Transition state,True
EquiformerV2 AD,801,6,1,1,True,Transition state,Transition state,True
EquiformerV2 AD,802,9,0,1,False,Minimum,Transition state,False
EquiformerV2 AD,803,13,1,0,False,Transition state,Minimum,False
EquiformerV2 AD,804,15,0,0,True,Minimum,Minimum,True
EquiformerV2 AD,805,12,3,2,False,Higher-order saddle point,Higher-order saddle point,True
EquiformerV2 AD,806,14,0,0,True,Minimum,Minimum,True
EquiformerV2 AD,807,10,1,0,False,Transition state,Minimum,False
EquiformerV2 AD,808,13,1,1,True,Transition state,Transition state,True
EquiformerV2 AD,809,18,0,0,True,Minimum,Minimum,True
EquiformerV2 AD,810,12,2,3,False,Higher-order saddle point,Higher-order saddle point,True
EquiformerV2 AD,811,15,1,1,True,Transition state,Transition state,True
EquiformerV2 AD,812,14,1,1,True,Transition state,Transition state,True
EquiformerV2 AD,813,14,0,0,True,Minimum,Minimum,True
EquiformerV2 AD,814,9,0,1,False,Minimum,Transition state,False
EquiformerV2 AD,815,15,0,0,True,Minimum,Minimum,True
EquiformerV2 AD,816,16,1,1,True,Transition state,Transition state,True
EquiformerV2 AD,817,14,0,0,True,Minimum,Minimum,True
EquiformerV2 AD,818,18,3,2,False,Higher-order saddle point,Higher-order saddle point,True
EquiformerV2 AD,819,16,1,1,True,Transition state,Transition state,True
EquiformerV2 AD,820,10,0,0,True,Minimum,Minimum,True
EquiformerV2 AD,821,10,1,1,True,Transition state,Transition state,True
EquiformerV2 AD,822,14,1,1,True,Transition state,Transition state,True
EquiformerV2 AD,823,12,0,1,False,Minimum,Transition state,False
EquiformerV2 AD,824,17,1,0,False,Transition state,Minimum,False
EquiformerV2 AD,825,16,1,2,False,Transition state,Higher-order saddle point,False
EquiformerV2 AD,826,19,2,1,False,Higher-order saddle point,Transition state,False
EquiformerV2 AD,827,13,0,0,True,Minimum,Minimum,True
EquiformerV2 AD,828,14,1,1,True,Transition state,Transition state,True
EquiformerV2 AD,829,13,2,1,False,Higher-order saddle point,Transition state,False
EquiformerV2 AD,830,11,1,1,True,Transition state,Transition state,True
EquiformerV2 AD,831,8,0,0,True,Minimum,Minimum,True
EquiformerV2 AD,832,16,3,3,True,Higher-order saddle point,Higher-order saddle point,True
EquiformerV2 AD,833,10,0,0,True,Minimum,Minimum,True
EquiformerV2 AD,834,14,0,0,True,Minimum,Minimum,True
EquiformerV2 AD,835,16,0,0,True,Minimum,Minimum,True
EquiformerV2 AD,836,21,1,1,True,Transition state,Transition state,True
EquiformerV2 AD,837,14,0,0,True,Minimum,Minimum,True
EquiformerV2 AD,838,12,1,1,True,Transition state,Transition state,True
EquiformerV2 AD,839,11,1,0,False,Transition state,Minimum,False
EquiformerV2 AD,840,14,1,1,True,Transition state,Transition state,True
EquiformerV2 AD,841,18,1,1,True,Transition state,Transition state,True
EquiformerV2 AD,842,11,3,4,False,Higher-order saddle point,Higher-order saddle point,True
EquiformerV2 AD,843,17,2,1,False,Higher-order saddle point,Transition state,False
EquiformerV2 AD,844,11,0,0,True,Minimum,Minimum,True
EquiformerV2 AD,845,15,1,1,True,Transition state,Transition state,True
EquiformerV2 AD,846,16,0,0,True,Minimum,Minimum,True
EquiformerV2 AD,847,12,1,1,True,Transition state,Transition state,True
EquiformerV2 AD,848,12,0,1,False,Minimum,Transition state,False
EquiformerV2 AD,849,9,1,1,True,Transition state,Transition state,True
EquiformerV2 AD,850,12,2,1,False,Higher-order saddle point,Transition state,False
EquiformerV2 AD,851,16,0,0,True,Minimum,Minimum,True
EquiformerV2 AD,852,16,1,1,True,Transition state,Transition state,True
EquiformerV2 AD,853,12,2,1,False,Higher-order saddle point,Transition state,False
EquiformerV2 AD,854,15,1,1,True,Transition state,Transition state,True
EquiformerV2 AD,855,10,0,3,False,Minimum,Higher-order saddle point,False
EquiformerV2 AD,856,15,1,1,True,Transition state,Transition state,True
EquiformerV2 AD,857,15,0,1,False,Minimum,Transition state,False
EquiformerV2 AD,858,10,0,0,True,Minimum,Minimum,True
EquiformerV2 AD,859,10,0,0,True,Minimum,Minimum,True
EquiformerV2 AD,860,13,0,0,True,Minimum,Minimum,True
EquiformerV2 AD,861,18,0,0,True,Minimum,Minimum,True
EquiformerV2 AD,862,11,0,0,True,Minimum,Minimum,True
EquiformerV2 AD,863,16,0,0,True,Minimum,Minimum,True
EquiformerV2 AD,864,16,2,2,True,Higher-order saddle point,Higher-order saddle point,True
EquiformerV2 AD,865,13,2,0,False,Higher-order saddle point,Minimum,False
EquiformerV2 AD,866,11,1,1,True,Transition state,Transition state,True
EquiformerV2 AD,867,13,1,1,True,Transition state,Transition state,True
EquiformerV2 AD,868,12,1,2,False,Transition state,Higher-order saddle point,False
EquiformerV2 AD,869,14,2,2,True,Higher-order saddle point,Higher-order saddle point,True
EquiformerV2 AD,870,14,2,2,True,Higher-order saddle point,Higher-order saddle point,True
EquiformerV2 AD,871,15,3,1,False,Higher-order saddle point,Transition state,False
EquiformerV2 AD,872,14,1,1,True,Transition state,Transition state,True
EquiformerV2 AD,873,21,1,1,True,Transition state,Transition state,True
EquiformerV2 AD,874,15,0,0,True,Minimum,Minimum,True
EquiformerV2 AD,875,11,1,1,True,Transition state,Transition state,True
EquiformerV2 AD,876,13,1,1,True,Transition state,Transition state,True
EquiformerV2 AD,877,14,1,2,False,Transition state,Higher-order saddle point,False
EquiformerV2 AD,878,17,1,1,True,Transition state,Transition state,True
EquiformerV2 AD,879,13,1,1,True,Transition state,Transition state,True
EquiformerV2 AD,880,16,2,2,True,Higher-order saddle point,Higher-order saddle point,True
EquiformerV2 AD,881,14,0,1,False,Minimum,Transition state,False
EquiformerV2 AD,882,16,1,1,True,Transition state,Transition state,True
EquiformerV2 AD,883,11,1,1,True,Transition state,Transition state,True
EquiformerV2 AD,884,10,0,0,True,Minimum,Minimum,True
EquiformerV2 AD,885,16,2,1,False,Higher-order saddle point,Transition state,False
EquiformerV2 AD,886,13,0,0,True,Minimum,Minimum,True
EquiformerV2 AD,887,16,0,0,True,Minimum,Minimum,True
EquiformerV2 AD,888,17,1,1,True,Transition state,Transition state,True
EquiformerV2 AD,889,10,1,1,True,Transition state,Transition state,True
EquiformerV2 AD,890,11,1,0,False,Transition state,Minimum,False
EquiformerV2 AD,891,18,1,1,True,Transition state,Transition state,True
EquiformerV2 AD,892,16,1,1,True,Transition state,Transition state,True
EquiformerV2 AD,893,10,1,1,True,Transition state,Transition state,True
EquiformerV2 AD,894,16,1,1,True,Transition state,Transition state,True
EquiformerV2 AD,895,17,0,0,True,Minimum,Minimum,True
EquiformerV2 AD,896,14,0,0,True,Minimum,Minimum,True
EquiformerV2 AD,897,18,2,1,False,Higher-order saddle point,Transition state,False
EquiformerV2 AD,898,13,0,0,True,Minimum,Minimum,True
EquiformerV2 AD,899,17,2,2,True,Higher-order saddle point,Higher-order saddle point,True
EquiformerV2 AD,900,14,0,0,True,Minimum,Minimum,True
EquiformerV2 AD,901,12,2,2,True,Higher-order saddle point,Higher-order saddle point,True
EquiformerV2 AD,902,18,3,3,True,Higher-order saddle point,Higher-order saddle point,True
EquiformerV2 AD,903,6,0,3,False,Minimum,Higher-order saddle point,False
EquiformerV2 AD,904,19,0,0,True,Minimum,Minimum,True
EquiformerV2 AD,905,11,1,1,True,Transition state,Transition state,True
EquiformerV2 AD,906,12,1,1,True,Transition state,Transition state,True
EquiformerV2 AD,907,18,1,1,True,Transition state,Transition state,True
EquiformerV2 AD,908,12,2,1,False,Higher-order saddle point,Transition state,False
EquiformerV2 AD,909,12,0,0,True,Minimum,Minimum,True
EquiformerV2 AD,910,15,0,0,True,Minimum,Minimum,True
EquiformerV2 AD,911,16,0,0,True,Minimum,Minimum,True
EquiformerV2 AD,912,16,1,1,True,Transition state,Transition state,True
EquiformerV2 AD,913,13,2,2,True,Higher-order saddle point,Higher-order saddle point,True
EquiformerV2 AD,914,15,0,0,True,Minimum,Minimum,True
EquiformerV2 AD,915,14,3,2,False,Higher-order saddle point,Higher-order saddle point,True
EquiformerV2 AD,916,11,2,2,True,Higher-order saddle point,Higher-order saddle point,True
EquiformerV2 AD,917,14,1,1,True,Transition state,Transition state,True
EquiformerV2 AD,918,14,1,1,True,Transition state,Transition state,True
EquiformerV2 AD,919,15,1,1,True,Transition state,Transition state,True
EquiformerV2 AD,920,14,1,1,True,Transition state,Transition state,True
EquiformerV2 AD,921,13,1,1,True,Transition state,Transition state,True
EquiformerV2 AD,922,13,1,0,False,Transition state,Minimum,False
EquiformerV2 AD,923,12,1,2,False,Transition state,Higher-order saddle point,False
EquiformerV2 AD,924,15,1,1,True,Transition state,Transition state,True
EquiformerV2 AD,925,10,3,2,False,Higher-order saddle point,Higher-order saddle point,True
EquiformerV2 AD,926,17,0,0,True,Minimum,Minimum,True
EquiformerV2 AD,927,15,0,0,True,Minimum,Minimum,True
EquiformerV2 AD,928,16,1,0,False,Transition state,Minimum,False
EquiformerV2 AD,929,13,0,1,False,Minimum,Transition state,False
EquiformerV2 AD,930,20,0,0,True,Minimum,Minimum,True
EquiformerV2 AD,931,19,1,1,True,Transition state,Transition state,True
EquiformerV2 AD,932,15,1,2,False,Transition state,Higher-order saddle point,False
EquiformerV2 AD,933,16,0,0,True,Minimum,Minimum,True
EquiformerV2 AD,934,8,0,0,True,Minimum,Minimum,True
EquiformerV2 AD,935,19,4,2,False,Higher-order saddle point,Higher-order saddle point,True
EquiformerV2 AD,936,14,1,1,True,Transition state,Transition state,True
EquiformerV2 AD,937,12,2,2,True,Higher-order saddle point,Higher-order saddle point,True
EquiformerV2 AD,938,11,0,0,True,Minimum,Minimum,True
EquiformerV2 AD,939,16,0,0,True,Minimum,Minimum,True
EquiformerV2 AD,940,12,1,0,False,Transition state,Minimum,False
EquiformerV2 AD,941,16,4,3,False,Higher-order saddle point,Higher-order saddle point,True
EquiformerV2 AD,942,11,0,0,True,Minimum,Minimum,True
EquiformerV2 AD,943,12,0,0,True,Minimum,Minimum,True
EquiformerV2 AD,944,13,0,0,True,Minimum,Minimum,True
EquiformerV2 AD,945,14,1,1,True,Transition state,Transition state,True
EquiformerV2 AD,946,13,1,1,True,Transition state,Transition state,True
EquiformerV2 AD,947,16,0,0,True,Minimum,Minimum,True
EquiformerV2 AD,948,9,2,4,False,Higher-order saddle point,Higher-order saddle point,True
EquiformerV2 AD,949,13,0,0,True,Minimum,Minimum,True
EquiformerV2 AD,950,14,1,1,True,Transition state,Transition state,True
EquiformerV2 AD,951,12,0,2,False,Minimum,Higher-order saddle point,False
EquiformerV2 AD,952,16,0,0,True,Minimum,Minimum,True
EquiformerV2 AD,953,12,1,1,True,Transition state,Transition state,True
EquiformerV2 AD,954,14,3,2,False,Higher-order saddle point,Higher-order saddle point,True
EquiformerV2 AD,955,12,1,0,False,Transition state,Minimum,False
EquiformerV2 AD,956,12,1,1,True,Transition state,Transition state,True
EquiformerV2 AD,957,13,0,1,False,Minimum,Transition state,False
EquiformerV2 AD,958,15,0,0,True,Minimum,Minimum,True
EquiformerV2 AD,959,13,1,1,True,Transition state,Transition state,True
EquiformerV2 AD,960,16,1,1,True,Transition state,Transition state,True
EquiformerV2 AD,961,14,1,1,True,Transition state,Transition state,True
EquiformerV2 AD,962,13,2,1,False,Higher-order saddle point,Transition state,False
EquiformerV2 AD,963,12,1,1,True,Transition state,Transition state,True
EquiformerV2 AD,964,16,0,2,False,Minimum,Higher-order saddle point,False
EquiformerV2 AD,965,19,2,0,False,Higher-order saddle point,Minimum,False
EquiformerV2 AD,966,14,2,1,False,Higher-order saddle point,Transition state,False
EquiformerV2 AD,967,8,1,1,True,Transition state,Transition state,True
EquiformerV2 AD,968,11,0,0,True,Minimum,Minimum,True
EquiformerV2 AD,969,12,1,1,True,Transition state,Transition state,True
EquiformerV2 AD,970,19,2,2,True,Higher-order saddle point,Higher-order saddle point,True
EquiformerV2 AD,971,12,1,1,True,Transition state,Transition state,True
EquiformerV2 AD,972,11,0,0,True,Minimum,Minimum,True
EquiformerV2 AD,973,19,0,0,True,Minimum,Minimum,True
EquiformerV2 AD,974,16,1,1,True,Transition state,Transition state,True
EquiformerV2 AD,975,12,0,0,True,Minimum,Minimum,True
EquiformerV2 AD,976,16,2,2,True,Higher-order saddle point,Higher-order saddle point,True
EquiformerV2 AD,977,14,1,1,True,Transition state,Transition state,True
EquiformerV2 AD,978,14,1,1,True,Transition state,Transition state,True
EquiformerV2 AD,979,10,1,1,True,Transition state,Transition state,True
EquiformerV2 AD,980,13,2,2,True,Higher-order saddle point,Higher-order saddle point,True
EquiformerV2 AD,981,9,0,1,False,Minimum,Transition state,False
EquiformerV2 AD,982,19,0,0,True,Minimum,Minimum,True
EquiformerV2 AD,983,18,0,0,True,Minimum,Minimum,True
EquiformerV2 AD,984,10,1,6,False,Transition state,Higher-order saddle point,False
EquiformerV2 AD,985,17,2,1,False,Higher-order saddle point,Transition state,False
EquiformerV2 AD,986,14,0,0,True,Minimum,Minimum,True
EquiformerV2 AD,987,15,0,0,True,Minimum,Minimum,True
EquiformerV2 AD,988,16,1,1,True,Transition state,Transition state,True
EquiformerV2 AD,989,18,0,0,True,Minimum,Minimum,True
EquiformerV2 AD,990,17,0,0,True,Minimum,Minimum,True
EquiformerV2 AD,991,13,1,1,True,Transition state,Transition state,True
EquiformerV2 AD,992,12,2,0,False,Higher-order saddle point,Minimum,False
EquiformerV2 AD,993,15,2,2,True,Higher-order saddle point,Higher-order saddle point,True
EquiformerV2 AD,994,11,1,1,True,Transition state,Transition state,True
EquiformerV2 AD,995,12,1,1,True,Transition state,Transition state,True
EquiformerV2 AD,996,10,1,1,True,Transition state,Transition state,True
EquiformerV2 AD,997,11,1,1,True,Transition state,Transition state,True
EquiformerV2 AD,998,12,1,0,False,Transition state,Minimum,False
EquiformerV2 AD,999,10,1,1,True,Transition state,Transition state,True
HIP,0,16,1,1,True,Transition state,Transition state,True
HIP,1,16,1,1,True,Transition state,Transition state,True
HIP,2,15,1,1,True,Transition state,Transition state,True
HIP,3,18,0,1,False,Minimum,Transition state,False
HIP,4,16,0,0,True,Minimum,Minimum,True
HIP,5,16,1,1,True,Transition state,Transition state,True
HIP,6,16,1,2,False,Transition state,Higher-order saddle point,False
HIP,7,14,1,1,True,Transition state,Transition state,True
HIP,8,15,0,0,True,Minimum,Minimum,True
HIP,9,17,1,1,True,Transition state,Transition state,True
HIP,10,15,2,2,True,Higher-order saddle point,Higher-order saddle point,True
HIP,11,15,1,1,True,Transition state,Transition state,True
HIP,12,11,0,0,True,Minimum,Minimum,True
HIP,13,16,1,1,True,Transition state,Transition state,True
HIP,14,10,0,0,True,Minimum,Minimum,True
HIP,15,18,1,1,True,Transition state,Transition state,True
HIP,16,12,0,0,True,Minimum,Minimum,True
HIP,17,10,2,1,False,Higher-order saddle point,Transition state,False
HIP,18,12,1,1,True,Transition state,Transition state,True
HIP,19,14,1,1,True,Transition state,Transition state,True
HIP,20,15,1,1,True,Transition state,Transition state,True
HIP,21,17,1,2,False,Transition state,Higher-order saddle point,False
HIP,22,15,3,3,True,Higher-order saddle point,Higher-order saddle point,True
HIP,23,16,0,0,True,Minimum,Minimum,True
HIP,24,16,0,0,True,Minimum,Minimum,True
HIP,25,16,1,1,True,Transition state,Transition state,True
HIP,26,14,0,0,True,Minimum,Minimum,True
HIP,27,15,2,2,True,Higher-order saddle point,Higher-order saddle point,True
HIP,28,16,0,0,True,Minimum,Minimum,True
HIP,29,14,2,2,True,Higher-order saddle point,Higher-order saddle point,True
HIP,30,14,0,0,True,Minimum,Minimum,True
HIP,31,14,0,0,True,Minimum,Minimum,True
HIP,32,13,1,1,True,Transition state,Transition state,True
HIP,33,16,0,0,True,Minimum,Minimum,True
HIP,34,14,0,0,True,Minimum,Minimum,True
HIP,35,14,1,1,True,Transition state,Transition state,True
HIP,36,15,1,1,True,Transition state,Transition state,True
HIP,37,11,2,3,False,Higher-order saddle point,Higher-order saddle point,True
HIP,38,16,0,0,True,Minimum,Minimum,True
HIP,39,11,1,1,True,Transition state,Transition state,True
HIP,40,14,2,2,True,Higher-order saddle point,Higher-order saddle point,True
HIP,41,10,1,1,True,Transition state,Transition state,True
HIP,42,13,1,1,True,Transition state,Transition state,True
HIP,43,10,0,0,True,Minimum,Minimum,True
HIP,44,15,1,1,True,Transition state,Transition state,True
HIP,45,19,1,1,True,Transition state,Transition state,True
HIP,46,12,1,1,True,Transition state,Transition state,True
HIP,47,12,0,0,True,Minimum,Minimum,True
HIP,48,17,2,2,True,Higher-order saddle point,Higher-order saddle point,True
HIP,49,14,1,1,True,Transition state,Transition state,True
HIP,50,17,3,3,True,Higher-order saddle point,Higher-order saddle point,True
HIP,51,13,2,2,True,Higher-order saddle point,Higher-order saddle point,True
HIP,52,11,0,1,False,Minimum,Transition state,False
HIP,53,19,0,0,True,Minimum,Minimum,True
HIP,54,19,0,1,False,Minimum,Transition state,False
HIP,55,17,1,1,True,Transition state,Transition state,True
HIP,56,17,1,1,True,Transition state,Transition state,True
HIP,57,16,0,0,True,Minimum,Minimum,True
HIP,58,17,0,0,True,Minimum,Minimum,True
HIP,59,15,1,1,True,Transition state,Transition state,True
HIP,60,14,2,1,False,Higher-order saddle point,Transition state,False
HIP,61,15,0,0,True,Minimum,Minimum,True
HIP,62,8,1,1,True,Transition state,Transition state,True
HIP,63,19,1,2,False,Transition state,Higher-order saddle point,False
HIP,64,17,0,0,True,Minimum,Minimum,True
HIP,65,13,1,1,True,Transition state,Transition state,True
HIP,66,16,3,2,False,Higher-order saddle point,Higher-order saddle point,True
HIP,67,16,0,1,False,Minimum,Transition state,False
HIP,68,14,1,1,True,Transition state,Transition state,True
HIP,69,15,0,0,True,Minimum,Minimum,True
HIP,70,14,0,0,True,Minimum,Minimum,True
HIP,71,14,1,1,True,Transition state,Transition state,True
HIP,72,14,0,0,True,Minimum,Minimum,True
HIP,73,12,0,0,True,Minimum,Minimum,True
HIP,74,16,1,1,True,Transition state,Transition state,True
HIP,75,13,3,3,True,Higher-order saddle point,Higher-order saddle point,True
HIP,76,16,1,1,True,Transition state,Transition state,True
HIP,77,9,0,0,True,Minimum,Minimum,True
HIP,78,11,1,1,True,Transition state,Transition state,True
HIP,79,16,1,1,True,Transition state,Transition state,True
HIP,80,12,0,0,True,Minimum,Minimum,True
HIP,81,12,0,0,True,Minimum,Minimum,True
HIP,82,16,1,1,True,Transition state,Transition state,True
HIP,83,17,1,1,True,Transition state,Transition state,True
HIP,84,13,0,0,True,Minimum,Minimum,True
HIP,85,14,0,0,True,Minimum,Minimum,True
HIP,86,12,0,0,True,Minimum,Minimum,True
HIP,87,17,0,1,False,Minimum,Transition state,False
HIP,88,13,1,1,True,Transition state,Transition state,True
HIP,89,10,1,1,True,Transition state,Transition state,True
HIP,90,17,4,4,True,Higher-order saddle point,Higher-order saddle point,True
HIP,91,14,0,0,True,Minimum,Minimum,True
HIP,92,14,2,2,True,Higher-order saddle point,Higher-order saddle point,True
HIP,93,14,0,0,True,Minimum,Minimum,True
HIP,94,15,1,1,True,Transition state,Transition state,True
HIP,95,13,1,1,True,Transition state,Transition state,True
HIP,96,16,0,0,True,Minimum,Minimum,True
HIP,97,10,1,1,True,Transition state,Transition state,True
HIP,98,17,1,1,True,Transition state,Transition state,True
HIP,99,9,0,0,True,Minimum,Minimum,True
HIP,100,10,1,1,True,Transition state,Transition state,True
HIP,101,12,1,1,True,Transition state,Transition state,True
HIP,102,15,0,0,True,Minimum,Minimum,True
HIP,103,16,0,0,True,Minimum,Minimum,True
HIP,104,9,1,1,True,Transition state,Transition state,True
HIP,105,10,1,1,True,Transition state,Transition state,True
HIP,106,11,0,0,True,Minimum,Minimum,True
HIP,107,10,1,1,True,Transition state,Transition state,True
HIP,108,13,3,3,True,Higher-order saddle point,Higher-order saddle point,True
HIP,109,17,0,0,True,Minimum,Minimum,True
HIP,110,7,0,0,True,Minimum,Minimum,True
HIP,111,15,1,1,True,Transition state,Transition state,True
HIP,112,13,1,1,True,Transition state,Transition state,True
HIP,113,16,2,2,True,Higher-order saddle point,Higher-order saddle point,True
HIP,114,11,0,1,False,Minimum,Transition state,False
HIP,115,15,2,2,True,Higher-order saddle point,Higher-order saddle point,True
HIP,116,13,0,0,True,Minimum,Minimum,True
HIP,117,12,0,1,False,Minimum,Transition state,False
HIP,118,14,1,1,True,Transition state,Transition state,True
HIP,119,12,0,1,False,Minimum,Transition state,False
HIP,120,14,0,0,True,Minimum,Minimum,True
HIP,121,16,2,2,True,Higher-order saddle point,Higher-order saddle point,True
HIP,122,16,0,1,False,Minimum,Transition state,False
HIP,123,11,0,0,True,Minimum,Minimum,True
HIP,124,15,0,0,True,Minimum,Minimum,True
HIP,125,13,0,0,True,Minimum,Minimum,True
HIP,126,10,1,1,True,Transition state,Transition state,True
HIP,127,15,1,1,True,Transition state,Transition state,True
HIP,128,10,0,0,True,Minimum,Minimum,True
HIP,129,18,2,2,True,Higher-order saddle point,Higher-order saddle point,True
HIP,130,13,1,1,True,Transition state,Transition state,True
HIP,131,9,0,0,True,Minimum,Minimum,True
HIP,132,16,0,0,True,Minimum,Minimum,True
HIP,133,13,0,0,True,Minimum,Minimum,True
HIP,134,12,0,0,True,Minimum,Minimum,True
HIP,135,18,1,1,True,Transition state,Transition state,True
HIP,136,16,1,1,True,Transition state,Transition state,True
HIP,137,9,0,0,True,Minimum,Minimum,True
HIP,138,15,0,0,True,Minimum,Minimum,True
HIP,139,15,1,1,True,Transition state,Transition state,True
HIP,140,16,2,2,True,Higher-order saddle point,Higher-order saddle point,True
HIP,141,12,1,1,True,Transition state,Transition state,True
HIP,142,12,1,1,True,Transition state,Transition state,True
HIP,143,13,1,1,True,Transition state,Transition state,True
HIP,144,21,1,3,False,Transition state,Higher-order saddle point,False
HIP,145,15,1,1,True,Transition state,Transition state,True
HIP,146,11,1,2,False,Transition state,Higher-order saddle point,False
HIP,147,16,2,2,True,Higher-order saddle point,Higher-order saddle point,True
HIP,148,12,1,1,True,Transition state,Transition state,True
HIP,149,14,1,1,True,Transition state,Transition state,True
HIP,150,14,1,1,True,Transition state,Transition state,True
HIP,151,19,1,1,True,Transition state,Transition state,True
HIP,152,12,0,0,True,Minimum,Minimum,True
HIP,153,12,1,1,True,Transition state,Transition state,True
HIP,154,16,1,1,True,Transition state,Transition state,True
HIP,155,9,1,1,True,Transition state,Transition state,True
HIP,156,16,0,0,True,Minimum,Minimum,True
HIP,157,16,3,3,True,Higher-order saddle point,Higher-order saddle point,True
HIP,158,13,1,1,True,Transition state,Transition state,True
HIP,159,12,1,1,True,Transition state,Transition state,True
HIP,160,13,1,1,True,Transition state,Transition state,True
HIP,161,13,1,1,True,Transition state,Transition state,True
HIP,162,16,1,1,True,Transition state,Transition state,True
HIP,163,14,1,1,True,Transition state,Transition state,True
HIP,164,13,0,0,True,Minimum,Minimum,True
HIP,165,14,3,3,True,Higher-order saddle point,Higher-order saddle point,True
HIP,166,11,1,0,False,Transition state,Minimum,False
HIP,167,17,0,1,False,Minimum,Transition state,False
HIP,168,9,2,1,False,Higher-order saddle point,Transition state,False
HIP,169,13,2,1,False,Higher-order saddle point,Transition state,False
HIP,170,11,1,1,True,Transition state,Transition state,True
HIP,171,11,1,1,True,Transition state,Transition state,True
HIP,172,13,0,0,True,Minimum,Minimum,True
HIP,173,13,1,1,True,Transition state,Transition state,True
HIP,174,12,1,1,True,Transition state,Transition state,True
HIP,175,15,1,1,True,Transition state,Transition state,True
HIP,176,16,1,1,True,Transition state,Transition state,True
HIP,177,17,3,4,False,Higher-order saddle point,Higher-order saddle point,True
HIP,178,8,1,1,True,Transition state,Transition state,True
HIP,179,12,1,1,True,Transition state,Transition state,True
HIP,180,11,1,1,True,Transition state,Transition state,True
HIP,181,14,0,0,True,Minimum,Minimum,True
HIP,182,9,0,0,True,Minimum,Minimum,True
HIP,183,11,1,2,False,Transition state,Higher-order saddle point,False
HIP,184,14,1,1,True,Transition state,Transition state,True
HIP,185,18,2,2,True,Higher-order saddle point,Higher-order saddle point,True
HIP,186,6,0,0,True,Minimum,Minimum,True
HIP,187,19,1,1,True,Transition state,Transition state,True
HIP,188,12,1,1,True,Transition state,Transition state,True
HIP,189,11,0,0,True,Minimum,Minimum,True
HIP,190,11,2,2,True,Higher-order saddle point,Higher-order saddle point,True
HIP,191,14,0,0,True,Minimum,Minimum,True
HIP,192,11,0,0,True,Minimum,Minimum,True
HIP,193,15,0,0,True,Minimum,Minimum,True
HIP,194,16,0,0,True,Minimum,Minimum,True
HIP,195,16,3,2,False,Higher-order saddle point,Higher-order saddle point,True
HIP,196,16,3,3,True,Higher-order saddle point,Higher-order saddle point,True
HIP,197,19,0,0,True,Minimum,Minimum,True
HIP,198,11,1,1,True,Transition state,Transition state,True
HIP,199,12,1,1,True,Transition state,Transition state,True
HIP,200,17,1,1,True,Transition state,Transition state,True
HIP,201,17,0,0,True,Minimum,Minimum,True
HIP,202,5,0,0,True,Minimum,Minimum,True
HIP,203,17,1,1,True,Transition state,Transition state,True
HIP,204,10,0,0,True,Minimum,Minimum,True
HIP,205,15,1,1,True,Transition state,Transition state,True
HIP,206,16,1,1,True,Transition state,Transition state,True
HIP,207,10,0,0,True,Minimum,Minimum,True
HIP,208,10,0,0,True,Minimum,Minimum,True
HIP,209,14,2,1,False,Higher-order saddle point,Transition state,False
HIP,210,14,1,1,True,Transition state,Transition state,True
HIP,211,15,0,1,False,Minimum,Transition state,False
HIP,212,13,1,1,True,Transition state,Transition state,True
HIP,213,15,0,0,True,Minimum,Minimum,True
HIP,214,17,2,2,True,Higher-order saddle point,Higher-order saddle point,True
HIP,215,10,1,1,True,Transition state,Transition state,True
HIP,216,10,0,0,True,Minimum,Minimum,True
HIP,217,15,2,2,True,Higher-order saddle point,Higher-order saddle point,True
HIP,218,15,1,0,False,Transition state,Minimum,False
HIP,219,12,1,1,True,Transition state,Transition state,True
HIP,220,16,2,2,True,Higher-order saddle point,Higher-order saddle point,True
HIP,221,16,2,4,False,Higher-order saddle point,Higher-order saddle point,True
HIP,222,16,0,0,True,Minimum,Minimum,True
HIP,223,12,0,0,True,Minimum,Minimum,True
HIP,224,14,3,3,True,Higher-order saddle point,Higher-order saddle point,True
HIP,225,19,0,0,True,Minimum,Minimum,True
HIP,226,11,0,0,True,Minimum,Minimum,True
HIP,227,12,2,1,False,Higher-order saddle point,Transition state,False
HIP,228,8,2,2,True,Higher-order saddle point,Higher-order saddle point,True
HIP,229,14,0,1,False,Minimum,Transition state,False
HIP,230,16,1,1,True,Transition state,Transition state,True
HIP,231,11,0,0,True,Minimum,Minimum,True
HIP,232,13,0,0,True,Minimum,Minimum,True
HIP,233,17,0,0,True,Minimum,Minimum,True
HIP,234,16,1,1,True,Transition state,Transition state,True
HIP,235,14,1,1,True,Transition state,Transition state,True
HIP,236,12,1,1,True,Transition state,Transition state,True
HIP,237,14,3,3,True,Higher-order saddle point,Higher-order saddle point,True
HIP,238,11,1,1,True,Transition state,Transition state,True
HIP,239,14,4,3,False,Higher-order saddle point,Higher-order saddle point,True
HIP,240,11,1,1,True,Transition state,Transition state,True
HIP,241,8,0,0,True,Minimum,Minimum,True
HIP,242,9,2,2,True,Higher-order saddle point,Higher-order saddle point,True
HIP,243,11,1,1,True,Transition state,Transition state,True
HIP,244,12,1,1,True,Transition state,Transition state,True
HIP,245,11,1,1,True,Transition state,Transition state,True
HIP,246,12,0,0,True,Minimum,Minimum,True
HIP,247,16,0,0,True,Minimum,Minimum,True
HIP,248,16,0,0,True,Minimum,Minimum,True
HIP,249,15,2,2,True,Higher-order saddle point,Higher-order saddle point,True
HIP,250,17,0,0,True,Minimum,Minimum,True
HIP,251,14,3,3,True,Higher-order saddle point,Higher-order saddle point,True
HIP,252,11,1,1,True,Transition state,Transition state,True
HIP,253,19,0,0,True,Minimum,Minimum,True
HIP,254,16,0,1,False,Minimum,Transition state,False
HIP,255,12,1,1,True,Transition state,Transition state,True
HIP,256,15,0,0,True,Minimum,Minimum,True
HIP,257,14,0,0,True,Minimum,Minimum,True
HIP,258,11,2,2,True,Higher-order saddle point,Higher-order saddle point,True
HIP,259,12,1,1,True,Transition state,Transition state,True
HIP,260,15,1,1,True,Transition state,Transition state,True
HIP,261,13,2,2,True,Higher-order saddle point,Higher-order saddle point,True
HIP,262,19,0,1,False,Minimum,Transition state,False
HIP,263,12,2,2,True,Higher-order saddle point,Higher-order saddle point,True
HIP,264,12,0,0,True,Minimum,Minimum,True
HIP,265,12,2,2,True,Higher-order saddle point,Higher-order saddle point,True
HIP,266,15,0,0,True,Minimum,Minimum,True
HIP,267,14,1,1,True,Transition state,Transition state,True
HIP,268,12,0,0,True,Minimum,Minimum,True
HIP,269,14,1,1,True,Transition state,Transition state,True
HIP,270,12,3,3,True,Higher-order saddle point,Higher-order saddle point,True
HIP,271,18,0,0,True,Minimum,Minimum,True
HIP,272,9,1,1,True,Transition state,Transition state,True
HIP,273,8,1,0,False,Transition state,Minimum,False
HIP,274,18,0,0,True,Minimum,Minimum,True
HIP,275,10,1,1,True,Transition state,Transition state,True
HIP,276,14,1,1,True,Transition state,Transition state,True
HIP,277,13,0,0,True,Minimum,Minimum,True
HIP,278,17,0,0,True,Minimum,Minimum,True
HIP,279,16,2,4,False,Higher-order saddle point,Higher-order saddle point,True
HIP,280,18,1,0,False,Transition state,Minimum,False
HIP,281,14,1,1,True,Transition state,Transition state,True
HIP,282,14,2,2,True,Higher-order saddle point,Higher-order saddle point,True
HIP,283,15,2,3,False,Higher-order saddle point,Higher-order saddle point,True
HIP,284,12,1,1,True,Transition state,Transition state,True
HIP,285,17,1,3,False,Transition state,Higher-order saddle point,False
HIP,286,14,0,0,True,Minimum,Minimum,True
HIP,287,10,1,1,True,Transition state,Transition state,True
HIP,288,13,0,0,True,Minimum,Minimum,True
HIP,289,12,1,1,True,Transition state,Transition state,True
HIP,290,14,1,1,True,Transition state,Transition state,True
HIP,291,13,1,1,True,Transition state,Transition state,True
HIP,292,17,1,1,True,Transition state,Transition state,True
HIP,293,12,0,0,True,Minimum,Minimum,True
HIP,294,15,1,1,True,Transition state,Transition state,True
HIP,295,5,0,0,True,Minimum,Minimum,True
HIP,296,14,1,1,True,Transition state,Transition state,True
HIP,297,15,1,1,True,Transition state,Transition state,True
HIP,298,13,0,0,True,Minimum,Minimum,True
HIP,299,14,1,0,False,Transition state,Minimum,False
HIP,300,15,2,2,True,Higher-order saddle point,Higher-order saddle point,True
HIP,301,17,2,1,False,Higher-order saddle point,Transition state,False
HIP,302,12,1,1,True,Transition state,Transition state,True
HIP,303,11,1,1,True,Transition state,Transition state,True
HIP,304,18,1,1,True,Transition state,Transition state,True
HIP,305,14,0,0,True,Minimum,Minimum,True
HIP,306,16,4,4,True,Higher-order saddle point,Higher-order saddle point,True
HIP,307,15,3,3,True,Higher-order saddle point,Higher-order saddle point,True
HIP,308,18,1,2,False,Transition state,Higher-order saddle point,False
HIP,309,16,2,2,True,Higher-order saddle point,Higher-order saddle point,True
HIP,310,11,0,0,True,Minimum,Minimum,True
HIP,311,14,1,1,True,Transition state,Transition state,True
HIP,312,9,0,0,True,Minimum,Minimum,True
HIP,313,15,2,2,True,Higher-order saddle point,Higher-order saddle point,True
HIP,314,13,1,1,True,Transition state,Transition state,True
HIP,315,14,1,1,True,Transition state,Transition state,True
HIP,316,14,3,2,False,Higher-order saddle point,Higher-order saddle point,True
HIP,317,9,0,0,True,Minimum,Minimum,True
HIP,318,17,0,0,True,Minimum,Minimum,True
HIP,319,10,1,1,True,Transition state,Transition state,True
HIP,320,15,0,0,True,Minimum,Minimum,True
HIP,321,15,0,0,True,Minimum,Minimum,True
HIP,322,10,0,0,True,Minimum,Minimum,True
HIP,323,15,2,2,True,Higher-order saddle point,Higher-order saddle point,True
HIP,324,15,0,0,True,Minimum,Minimum,True
HIP,325,15,0,0,True,Minimum,Minimum,True
HIP,326,10,1,1,True,Transition state,Transition state,True
HIP,327,13,2,1,False,Higher-order saddle point,Transition state,False
HIP,328,14,1,1,True,Transition state,Transition state,True
HIP,329,14,2,2,True,Higher-order saddle point,Higher-order saddle point,True
HIP,330,19,0,0,True,Minimum,Minimum,True
HIP,331,15,1,1,True,Transition state,Transition state,True
HIP,332,16,1,1,True,Transition state,Transition state,True
HIP,333,16,1,1,True,Transition state,Transition state,True
HIP,334,13,2,2,True,Higher-order saddle point,Higher-order saddle point,True
HIP,335,11,0,0,True,Minimum,Minimum,True
HIP,336,12,1,1,True,Transition state,Transition state,True
HIP,337,12,0,0,True,Minimum,Minimum,True
HIP,338,15,1,1,True,Transition state,Transition state,True
HIP,339,13,0,0,True,Minimum,Minimum,True
HIP,340,15,3,2,False,Higher-order saddle point,Higher-order saddle point,True
HIP,341,13,1,1,True,Transition state,Transition state,True
HIP,342,10,0,0,True,Minimum,Minimum,True
HIP,343,12,0,0,True,Minimum,Minimum,True
HIP,344,11,0,0,True,Minimum,Minimum,True
HIP,345,15,1,1,True,Transition state,Transition state,True
HIP,346,16,2,3,False,Higher-order saddle point,Higher-order saddle point,True
HIP,347,14,1,1,True,Transition state,Transition state,True
HIP,348,16,1,0,False,Transition state,Minimum,False
HIP,349,12,1,1,True,Transition state,Transition state,True
HIP,350,16,0,0,True,Minimum,Minimum,True
HIP,351,18,1,1,True,Transition state,Transition state,True
HIP,352,10,0,0,True,Minimum,Minimum,True
HIP,353,12,2,2,True,Higher-order saddle point,Higher-order saddle point,True
HIP,354,11,1,1,True,Transition state,Transition state,True
HIP,355,12,0,0,True,Minimum,Minimum,True
HIP,356,13,1,1,True,Transition state,Transition state,True
HIP,357,17,0,0,True,Minimum,Minimum,True
HIP,358,13,0,0,True,Minimum,Minimum,True
HIP,359,15,1,1,True,Transition state,Transition state,True
HIP,360,16,1,1,True,Transition state,Transition state,True
HIP,361,19,1,1,True,Transition state,Transition state,True
HIP,362,16,2,2,True,Higher-order saddle point,Higher-order saddle point,True
HIP,363,14,0,0,True,Minimum,Minimum,True
HIP,364,17,4,3,False,Higher-order saddle point,Higher-order saddle point,True
HIP,365,11,0,0,True,Minimum,Minimum,True
HIP,366,19,2,3,False,Higher-order saddle point,Higher-order saddle point,True
HIP,367,7,0,0,True,Minimum,Minimum,True
HIP,368,10,1,1,True,Transition state,Transition state,True
HIP,369,16,2,2,True,Higher-order saddle point,Higher-order saddle point,True
HIP,370,15,1,1,True,Transition state,Transition state,True
HIP,371,15,0,0,True,Minimum,Minimum,True
HIP,372,14,0,0,True,Minimum,Minimum,True
HIP,373,10,2,3,False,Higher-order saddle point,Higher-order saddle point,True
HIP,374,12,0,0,True,Minimum,Minimum,True
HIP,375,12,1,1,True,Transition state,Transition state,True
HIP,376,16,1,1,True,Transition state,Transition state,True
HIP,377,11,1,1,True,Transition state,Transition state,True
HIP,378,17,1,1,True,Transition state,Transition state,True
HIP,379,13,1,1,True,Transition state,Transition state,True
HIP,380,8,2,2,True,Higher-order saddle point,Higher-order saddle point,True
HIP,381,9,0,0,True,Minimum,Minimum,True
HIP,382,12,0,0,True,Minimum,Minimum,True
HIP,383,10,1,1,True,Transition state,Transition state,True
HIP,384,14,0,1,False,Minimum,Transition state,False
HIP,385,14,0,0,True,Minimum,Minimum,True
HIP,386,13,2,2,True,Higher-order saddle point,Higher-order saddle point,True
HIP,387,16,1,1,True,Transition state,Transition state,True
HIP,388,12,0,0,True,Minimum,Minimum,True
HIP,389,16,1,1,True,Transition state,Transition state,True
HIP,390,13,3,2,False,Higher-order saddle point,Higher-order saddle point,True
HIP,391,15,2,2,True,Higher-order saddle point,Higher-order saddle point,True
HIP,392,11,0,0,True,Minimum,Minimum,True
HIP,393,9,0,0,True,Minimum,Minimum,True
HIP,394,13,0,0,True,Minimum,Minimum,True
HIP,395,13,2,2,True,Higher-order saddle point,Higher-order saddle point,True
HIP,396,10,1,2,False,Transition state,Higher-order saddle point,False
HIP,397,13,0,0,True,Minimum,Minimum,True
HIP,398,9,0,0,True,Minimum,Minimum,True
HIP,399,14,2,2,True,Higher-order saddle point,Higher-order saddle point,True
HIP,400,14,0,0,True,Minimum,Minimum,True
HIP,401,14,0,0,True,Minimum,Minimum,True
HIP,402,15,1,1,True,Transition state,Transition state,True
HIP,403,16,1,2,False,Transition state,Higher-order saddle point,False
HIP,404,12,0,0,True,Minimum,Minimum,True
HIP,405,12,3,2,False,Higher-order saddle point,Higher-order saddle point,True
HIP,406,12,2,1,False,Higher-order saddle point,Transition state,False
HIP,407,14,0,0,True,Minimum,Minimum,True
HIP,408,10,0,0,True,Minimum,Minimum,True
HIP,409,18,2,2,True,Higher-order saddle point,Higher-order saddle point,True
HIP,410,6,0,0,True,Minimum,Minimum,True
HIP,411,12,0,0,True,Minimum,Minimum,True
HIP,412,11,1,1,True,Transition state,Transition state,True
HIP,413,19,3,4,False,Higher-order saddle point,Higher-order saddle point,True
HIP,414,16,2,2,True,Higher-order saddle point,Higher-order saddle point,True
HIP,415,13,3,3,True,Higher-order saddle point,Higher-order saddle point,True
HIP,416,17,1,0,False,Transition state,Minimum,False
HIP,417,12,0,0,True,Minimum,Minimum,True
HIP,418,12,0,0,True,Minimum,Minimum,True
HIP,419,13,1,1,True,Transition state,Transition state,True
HIP,420,11,0,0,True,Minimum,Minimum,True
HIP,421,15,3,3,True,Higher-order saddle point,Higher-order saddle point,True
HIP,422,19,0,2,False,Minimum,Higher-order saddle point,False
HIP,423,16,3,3,True,Higher-order saddle point,Higher-order saddle point,True
HIP,424,14,4,4,True,Higher-order saddle point,Higher-order saddle point,True
HIP,425,14,1,1,True,Transition state,Transition state,True
HIP,426,15,1,1,True,Transition state,Transition state,True
HIP,427,10,0,0,True,Minimum,Minimum,True
HIP,428,10,1,1,True,Transition state,Transition state,True
HIP,429,14,0,0,True,Minimum,Minimum,True
HIP,430,14,0,0,True,Minimum,Minimum,True
HIP,431,15,0,0,True,Minimum,Minimum,True
HIP,432,16,0,0,True,Minimum,Minimum,True
HIP,433,15,1,1,True,Transition state,Transition state,True
HIP,434,12,0,1,False,Minimum,Transition state,False
HIP,435,15,1,1,True,Transition state,Transition state,True
HIP,436,15,0,0,True,Minimum,Minimum,True
HIP,437,11,2,2,True,Higher-order saddle point,Higher-order saddle point,True
HIP,438,13,0,0,True,Minimum,Minimum,True
HIP,439,15,0,0,True,Minimum,Minimum,True
HIP,440,16,1,1,True,Transition state,Transition state,True
HIP,441,16,4,4,True,Higher-order saddle point,Higher-order saddle point,True
HIP,442,15,2,1,False,Higher-order saddle point,Transition state,False
HIP,443,16,2,2,True,Higher-order saddle point,Higher-order saddle point,True
HIP,444,13,1,1,True,Transition state,Transition state,True
HIP,445,14,0,0,True,Minimum,Minimum,True
HIP,446,18,0,2,False,Minimum,Higher-order saddle point,False
HIP,447,11,1,1,True,Transition state,Transition state,True
HIP,448,10,1,1,True,Transition state,Transition state,True
HIP,449,14,2,2,True,Higher-order saddle point,Higher-order saddle point,True
HIP,450,18,0,0,True,Minimum,Minimum,True
HIP,451,13,1,1,True,Transition state,Transition state,True
HIP,452,19,2,2,True,Higher-order saddle point,Higher-order saddle point,True
HIP,453,13,1,1,True,Transition state,Transition state,True
HIP,454,10,3,3,True,Higher-order saddle point,Higher-order saddle point,True
HIP,455,12,0,0,True,Minimum,Minimum,True
HIP,456,14,1,1,True,Transition state,Transition state,True
HIP,457,14,1,1,True,Transition state,Transition state,True
HIP,458,10,0,0,True,Minimum,Minimum,True
HIP,459,19,1,1,True,Transition state,Transition state,True
HIP,460,16,1,1,True,Transition state,Transition state,True
HIP,461,14,0,0,True,Minimum,Minimum,True
HIP,462,11,0,0,True,Minimum,Minimum,True
HIP,463,11,1,1,True,Transition state,Transition state,True
HIP,464,15,2,2,True,Higher-order saddle point,Higher-order saddle point,True
HIP,465,14,0,0,True,Minimum,Minimum,True
HIP,466,15,2,2,True,Higher-order saddle point,Higher-order saddle point,True
HIP,467,13,0,0,True,Minimum,Minimum,True
HIP,468,16,1,0,False,Transition state,Minimum,False
HIP,469,11,0,0,True,Minimum,Minimum,True
HIP,470,15,1,1,True,Transition state,Transition state,True
HIP,471,13,0,0,True,Minimum,Minimum,True
HIP,472,9,1,0,False,Transition state,Minimum,False
HIP,473,17,1,1,True,Transition state,Transition state,True
HIP,474,13,0,0,True,Minimum,Minimum,True
HIP,475,12,0,0,True,Minimum,Minimum,True
HIP,476,13,0,0,True,Minimum,Minimum,True
HIP,477,14,2,2,True,Higher-order saddle point,Higher-order saddle point,True
HIP,478,12,1,1,True,Transition state,Transition state,True
HIP,479,16,0,0,True,Minimum,Minimum,True
HIP,480,16,3,2,False,Higher-order saddle point,Higher-order saddle point,True
HIP,481,18,1,1,True,Transition state,Transition state,True
HIP,482,13,1,1,True,Transition state,Transition state,True
HIP,483,14,0,0,True,Minimum,Minimum,True
HIP,484,11,4,3,False,Higher-order saddle point,Higher-order saddle point,True
HIP,485,17,1,1,True,Transition state,Transition state,True
HIP,486,16,2,2,True,Higher-order saddle point,Higher-order saddle point,True
HIP,487,15,0,0,True,Minimum,Minimum,True
HIP,488,16,4,5,False,Higher-order saddle point,Higher-order saddle point,True
HIP,489,16,1,1,True,Transition state,Transition state,True
HIP,490,9,2,2,True,Higher-order saddle point,Higher-order saddle point,True
HIP,491,11,0,0,True,Minimum,Minimum,True
HIP,492,16,2,2,True,Higher-order saddle point,Higher-order saddle point,True
HIP,493,12,2,3,False,Higher-order saddle point,Higher-order saddle point,True
HIP,494,14,0,0,True,Minimum,Minimum,True
HIP,495,13,1,1,True,Transition state,Transition state,True
HIP,496,14,1,1,True,Transition state,Transition state,True
HIP,497,11,0,0,True,Minimum,Minimum,True
HIP,498,15,0,0,True,Minimum,Minimum,True
HIP,499,15,1,1,True,Transition state,Transition state,True
HIP,500,12,1,1,True,Transition state,Transition state,True
HIP,501,10,1,1,True,Transition state,Transition state,True
HIP,502,16,1,1,True,Transition state,Transition state,True
HIP,503,13,0,0,True,Minimum,Minimum,True
HIP,504,10,2,1,False,Higher-order saddle point,Transition state,False
HIP,505,12,0,0,True,Minimum,Minimum,True
HIP,506,21,1,1,True,Transition state,Transition state,True
HIP,507,10,0,1,False,Minimum,Transition state,False
HIP,508,18,1,0,False,Transition state,Minimum,False
HIP,509,12,1,1,True,Transition state,Transition state,True
HIP,510,16,0,2,False,Minimum,Higher-order saddle point,False
HIP,511,17,1,1,True,Transition state,Transition state,True
HIP,512,21,3,3,True,Higher-order saddle point,Higher-order saddle point,True
HIP,513,18,2,3,False,Higher-order saddle point,Higher-order saddle point,True
HIP,514,13,1,1,True,Transition state,Transition state,True
HIP,515,15,1,1,True,Transition state,Transition state,True
HIP,516,10,0,0,True,Minimum,Minimum,True
HIP,517,17,1,1,True,Transition state,Transition state,True
HIP,518,15,0,0,True,Minimum,Minimum,True
HIP,519,12,1,1,True,Transition state,Transition state,True
HIP,520,15,1,1,True,Transition state,Transition state,True
HIP,521,14,1,1,True,Transition state,Transition state,True
HIP,522,16,1,1,True,Transition state,Transition state,True
HIP,523,12,3,2,False,Higher-order saddle point,Higher-order saddle point,True
HIP,524,10,0,0,True,Minimum,Minimum,True
HIP,525,12,0,0,True,Minimum,Minimum,True
HIP,526,13,1,1,True,Transition state,Transition state,True
HIP,527,15,1,1,True,Transition state,Transition state,True
HIP,528,19,2,2,True,Higher-order saddle point,Higher-order saddle point,True
HIP,529,10,1,1,True,Transition state,Transition state,True
HIP,530,11,1,1,True,Transition state,Transition state,True
HIP,531,16,0,0,True,Minimum,Minimum,True
HIP,532,15,0,0,True,Minimum,Minimum,True
HIP,533,15,1,0,False,Transition state,Minimum,False
HIP,534,14,2,2,True,Higher-order saddle point,Higher-order saddle point,True
HIP,535,13,1,1,True,Transition state,Transition state,True
HIP,536,12,3,2,False,Higher-order saddle point,Higher-order saddle point,True
HIP,537,15,2,2,True,Higher-order saddle point,Higher-order saddle point,True
HIP,538,16,0,0,True,Minimum,Minimum,True
HIP,539,15,1,1,True,Transition state,Transition state,True
HIP,540,11,1,1,True,Transition state,Transition state,True
HIP,541,13,1,1,True,Transition state,Transition state,True
HIP,542,14,1,1,True,Transition state,Transition state,True
HIP,543,16,0,0,True,Minimum,Minimum,True
HIP,544,11,1,1,True,Transition state,Transition state,True
HIP,545,14,0,0,True,Minimum,Minimum,True
HIP,546,13,2,2,True,Higher-order saddle point,Higher-order saddle point,True
HIP,547,11,1,1,True,Transition state,Transition state,True
HIP,548,13,0,1,False,Minimum,Transition state,False
HIP,549,14,1,2,False,Transition state,Higher-order saddle point,False
HIP,550,13,0,0,True,Minimum,Minimum,True
HIP,551,9,2,2,True,Higher-order saddle point,Higher-order saddle point,True
HIP,552,12,1,1,True,Transition state,Transition state,True
HIP,553,14,1,1,True,Transition state,Transition state,True
HIP,554,10,1,1,True,Transition state,Transition state,True
HIP,555,16,0,0,True,Minimum,Minimum,True
HIP,556,16,2,2,True,Higher-order saddle point,Higher-order saddle point,True
HIP,557,11,1,1,True,Transition state,Transition state,True
HIP,558,13,0,0,True,Minimum,Minimum,True
HIP,559,13,0,0,True,Minimum,Minimum,True
HIP,560,17,0,0,True,Minimum,Minimum,True
HIP,561,12,0,0,True,Minimum,Minimum,True
HIP,562,19,0,0,True,Minimum,Minimum,True
HIP,563,14,1,1,True,Transition state,Transition state,True
HIP,564,18,0,0,True,Minimum,Minimum,True
HIP,565,14,6,5,False,Higher-order saddle point,Higher-order saddle point,True
HIP,566,19,0,1,False,Minimum,Transition state,False
HIP,567,13,1,1,True,Transition state,Transition state,True
HIP,568,14,1,1,True,Transition state,Transition state,True
HIP,569,15,1,1,True,Transition state,Transition state,True
HIP,570,15,1,1,True,Transition state,Transition state,True
HIP,571,14,1,2,False,Transition state,Higher-order saddle point,False
HIP,572,16,3,3,True,Higher-order saddle point,Higher-order saddle point,True
HIP,573,16,0,1,False,Minimum,Transition state,False
HIP,574,13,1,1,True,Transition state,Transition state,True
HIP,575,12,1,1,True,Transition state,Transition state,True
HIP,576,12,0,0,True,Minimum,Minimum,True
HIP,577,15,3,3,True,Higher-order saddle point,Higher-order saddle point,True
HIP,578,14,2,2,True,Higher-order saddle point,Higher-order saddle point,True
HIP,579,16,1,1,True,Transition state,Transition state,True
HIP,580,13,1,1,True,Transition state,Transition state,True
HIP,581,11,0,0,True,Minimum,Minimum,True
HIP,582,16,1,1,True,Transition state,Transition state,True
HIP,583,15,1,1,True,Transition state,Transition state,True
HIP,584,17,2,2,True,Higher-order saddle point,Higher-order saddle point,True
HIP,585,10,1,1,True,Transition state,Transition state,True
HIP,586,11,1,1,True,Transition state,Transition state,True
HIP,587,14,1,1,True,Transition state,Transition state,True
HIP,588,19,1,0,False,Transition state,Minimum,False
HIP,589,14,2,2,True,Higher-order saddle point,Higher-order saddle point,True
HIP,590,16,0,0,True,Minimum,Minimum,True
HIP,591,15,1,1,True,Transition state,Transition state,True
HIP,592,17,1,1,True,Transition state,Transition state,True
HIP,593,13,0,0,True,Minimum,Minimum,True
HIP,594,14,1,1,True,Transition state,Transition state,True
HIP,595,15,1,1,True,Transition state,Transition state,True
HIP,596,13,0,0,True,Minimum,Minimum,True
HIP,597,11,0,0,True,Minimum,Minimum,True
HIP,598,10,1,1,True,Transition state,Transition state,True
HIP,599,12,1,1,True,Transition state,Transition state,True
HIP,600,15,0,1,False,Minimum,Transition state,False
HIP,601,9,2,2,True,Higher-order saddle point,Higher-order saddle point,True
HIP,602,16,1,0,False,Transition state,Minimum,False
HIP,603,16,0,0,True,Minimum,Minimum,True
HIP,604,10,0,0,True,Minimum,Minimum,True
HIP,605,17,2,2,True,Higher-order saddle point,Higher-order saddle point,True
HIP,606,18,1,2,False,Transition state,Higher-order saddle point,False
HIP,607,14,0,0,True,Minimum,Minimum,True
HIP,608,15,0,0,True,Minimum,Minimum,True
HIP,609,19,0,0,True,Minimum,Minimum,True
HIP,610,13,0,0,True,Minimum,Minimum,True
HIP,611,14,1,1,True,Transition state,Transition state,True
HIP,612,14,0,0,True,Minimum,Minimum,True
HIP,613,12,0,0,True,Minimum,Minimum,True
HIP,614,12,0,0,True,Minimum,Minimum,True
HIP,615,15,1,1,True,Transition state,Transition state,True
HIP,616,15,1,1,True,Transition state,Transition state,True
HIP,617,12,1,1,True,Transition state,Transition state,True
HIP,618,14,0,0,True,Minimum,Minimum,True
HIP,619,15,1,1,True,Transition state,Transition state,True
HIP,620,13,0,0,True,Minimum,Minimum,True
HIP,621,13,0,0,True,Minimum,Minimum,True
HIP,622,11,0,0,True,Minimum,Minimum,True
HIP,623,16,1,1,True,Transition state,Transition state,True
HIP,624,18,0,0,True,Minimum,Minimum,True
HIP,625,11,2,2,True,Higher-order saddle point,Higher-order saddle point,True
HIP,626,14,1,1,True,Transition state,Transition state,True
HIP,627,15,1,1,True,Transition state,Transition state,True
HIP,628,21,1,1,True,Transition state,Transition state,True
HIP,629,11,2,2,True,Higher-order saddle point,Higher-order saddle point,True
HIP,630,19,3,3,True,Higher-order saddle point,Higher-order saddle point,True
HIP,631,15,1,1,True,Transition state,Transition state,True
HIP,632,18,1,1,True,Transition state,Transition state,True
HIP,633,11,2,2,True,Higher-order saddle point,Higher-order saddle point,True
HIP,634,16,1,2,False,Transition state,Higher-order saddle point,False
HIP,635,13,0,0,True,Minimum,Minimum,True
HIP,636,12,1,1,True,Transition state,Transition state,True
HIP,637,12,0,0,True,Minimum,Minimum,True
HIP,638,16,1,1,True,Transition state,Transition state,True
HIP,639,12,1,1,True,Transition state,Transition state,True
HIP,640,15,2,2,True,Higher-order saddle point,Higher-order saddle point,True
HIP,641,19,1,1,True,Transition state,Transition state,True
HIP,642,16,2,1,False,Higher-order saddle point,Transition state,False
HIP,643,14,1,1,True,Transition state,Transition state,True
HIP,644,18,3,3,True,Higher-order saddle point,Higher-order saddle point,True
HIP,645,14,0,0,True,Minimum,Minimum,True
HIP,646,11,0,0,True,Minimum,Minimum,True
HIP,647,16,0,0,True,Minimum,Minimum,True
HIP,648,16,1,1,True,Transition state,Transition state,True
HIP,649,15,1,1,True,Transition state,Transition state,True
HIP,650,12,1,1,True,Transition state,Transition state,True
HIP,651,17,1,1,True,Transition state,Transition state,True
HIP,652,11,0,0,True,Minimum,Minimum,True
HIP,653,15,0,0,True,Minimum,Minimum,True
HIP,654,10,1,1,True,Transition state,Transition state,True
HIP,655,13,1,1,True,Transition state,Transition state,True
HIP,656,17,0,0,True,Minimum,Minimum,True
HIP,657,13,0,0,True,Minimum,Minimum,True
HIP,658,12,1,1,True,Transition state,Transition state,True
HIP,659,10,1,1,True,Transition state,Transition state,True
HIP,660,14,1,1,True,Transition state,Transition state,True
HIP,661,18,0,1,False,Minimum,Transition state,False
HIP,662,14,2,2,True,Higher-order saddle point,Higher-order saddle point,True
HIP,663,16,1,1,True,Transition state,Transition state,True
HIP,664,10,1,1,True,Transition state,Transition state,True
HIP,665,12,0,0,True,Minimum,Minimum,True
HIP,666,10,1,1,True,Transition state,Transition state,True
HIP,667,13,1,1,True,Transition state,Transition state,True
HIP,668,16,0,1,False,Minimum,Transition state,False
HIP,669,11,1,1,True,Transition state,Transition state,True
HIP,670,14,0,0,True,Minimum,Minimum,True
HIP,671,14,1,1,True,Transition state,Transition state,True
HIP,672,12,1,1,True,Transition state,Transition state,True
HIP,673,13,1,1,True,Transition state,Transition state,True
HIP,674,14,1,1,True,Transition state,Transition state,True
HIP,675,14,0,0,True,Minimum,Minimum,True
HIP,676,14,0,0,True,Minimum,Minimum,True
HIP,677,15,1,1,True,Transition state,Transition state,True
HIP,678,18,0,0,True,Minimum,Minimum,True
HIP,679,15,1,1,True,Transition state,Transition state,True
HIP,680,13,0,0,True,Minimum,Minimum,True
HIP,681,12,1,1,True,Transition state,Transition state,True
HIP,682,9,0,0,True,Minimum,Minimum,True
HIP,683,13,1,1,True,Transition state,Transition state,True
HIP,684,15,2,2,True,Higher-order saddle point,Higher-order saddle point,True
HIP,685,15,2,2,True,Higher-order saddle point,Higher-order saddle point,True
HIP,686,8,1,1,True,Transition state,Transition state,True
HIP,687,14,1,1,True,Transition state,Transition state,True
HIP,688,19,1,1,True,Transition state,Transition state,True
HIP,689,16,0,0,True,Minimum,Minimum,True
HIP,690,10,0,0,True,Minimum,Minimum,True
HIP,691,12,1,1,True,Transition state,Transition state,True
HIP,692,17,0,0,True,Minimum,Minimum,True
HIP,693,9,0,0,True,Minimum,Minimum,True
HIP,694,15,1,1,True,Transition state,Transition state,True
HIP,695,10,1,1,True,Transition state,Transition state,True
HIP,696,10,1,0,False,Transition state,Minimum,False
HIP,697,15,2,2,True,Higher-order saddle point,Higher-order saddle point,True
HIP,698,13,0,0,True,Minimum,Minimum,True
HIP,699,12,1,1,True,Transition state,Transition state,True
HIP,700,14,1,1,True,Transition state,Transition state,True
HIP,701,17,2,2,True,Higher-order saddle point,Higher-order saddle point,True
HIP,702,16,1,1,True,Transition state,Transition state,True
HIP,703,15,1,1,True,Transition state,Transition state,True
HIP,704,16,0,0,True,Minimum,Minimum,True
HIP,705,10,0,0,True,Minimum,Minimum,True
HIP,706,14,1,1,True,Transition state,Transition state,True
HIP,707,14,0,0,True,Minimum,Minimum,True
HIP,708,12,1,1,True,Transition state,Transition state,True
HIP,709,12,1,1,True,Transition state,Transition state,True
HIP,710,13,1,1,True,Transition state,Transition state,True
HIP,711,11,0,0,True,Minimum,Minimum,True
HIP,712,12,0,0,True,Minimum,Minimum,True
HIP,713,14,1,1,True,Transition state,Transition state,True
HIP,714,16,1,1,True,Transition state,Transition state,True
HIP,715,11,0,0,True,Minimum,Minimum,True
HIP,716,5,0,0,True,Minimum,Minimum,True
HIP,717,14,1,1,True,Transition state,Transition state,True
HIP,718,13,0,0,True,Minimum,Minimum,True
HIP,719,11,2,2,True,Higher-order saddle point,Higher-order saddle point,True
HIP,720,13,0,0,True,Minimum,Minimum,True
HIP,721,13,1,1,True,Transition state,Transition state,True
HIP,722,12,0,0,True,Minimum,Minimum,True
HIP,723,13,1,1,True,Transition state,Transition state,True
HIP,724,19,2,3,False,Higher-order saddle point,Higher-order saddle point,True
HIP,725,13,1,1,True,Transition state,Transition state,True
HIP,726,11,0,0,True,Minimum,Minimum,True
HIP,727,16,0,0,True,Minimum,Minimum,True
HIP,728,14,1,1,True,Transition state,Transition state,True
HIP,729,13,2,2,True,Higher-order saddle point,Higher-order saddle point,True
HIP,730,14,0,0,True,Minimum,Minimum,True
HIP,731,14,1,0,False,Transition state,Minimum,False
HIP,732,16,1,1,True,Transition state,Transition state,True
HIP,733,12,0,0,True,Minimum,Minimum,True
HIP,734,12,1,1,True,Transition state,Transition state,True
HIP,735,17,2,1,False,Higher-order saddle point,Transition state,False
HIP,736,5,1,1,True,Transition state,Transition state,True
HIP,737,15,1,1,True,Transition state,Transition state,True
HIP,738,14,0,0,True,Minimum,Minimum,True
HIP,739,16,0,1,False,Minimum,Transition state,False
HIP,740,14,0,0,True,Minimum,Minimum,True
HIP,741,15,1,1,True,Transition state,Transition state,True
HIP,742,12,0,0,True,Minimum,Minimum,True
HIP,743,15,0,0,True,Minimum,Minimum,True
HIP,744,13,1,1,True,Transition state,Transition state,True
HIP,745,10,1,1,True,Transition state,Transition state,True
HIP,746,13,0,1,False,Minimum,Transition state,False
HIP,747,16,1,1,True,Transition state,Transition state,True
HIP,748,8,0,0,True,Minimum,Minimum,True
HIP,749,7,2,2,True,Higher-order saddle point,Higher-order saddle point,True
HIP,750,14,2,2,True,Higher-order saddle point,Higher-order saddle point,True
HIP,751,19,1,1,True,Transition state,Transition state,True
HIP,752,14,1,1,True,Transition state,Transition state,True
HIP,753,8,0,0,True,Minimum,Minimum,True
HIP,754,12,1,1,True,Transition state,Transition state,True
HIP,755,17,2,1,False,Higher-order saddle point,Transition state,False
HIP,756,14,0,1,False,Minimum,Transition state,False
HIP,757,11,1,1,True,Transition state,Transition state,True
HIP,758,13,0,0,True,Minimum,Minimum,True
HIP,759,16,2,2,True,Higher-order saddle point,Higher-order saddle point,True
HIP,760,11,0,0,True,Minimum,Minimum,True
HIP,761,11,1,1,True,Transition state,Transition state,True
HIP,762,16,1,1,True,Transition state,Transition state,True
HIP,763,15,3,3,True,Higher-order saddle point,Higher-order saddle point,True
HIP,764,11,0,0,True,Minimum,Minimum,True
HIP,765,12,1,1,True,Transition state,Transition state,True
HIP,766,14,1,1,True,Transition state,Transition state,True
HIP,767,12,1,1,True,Transition state,Transition state,True
HIP,768,15,2,2,True,Higher-order saddle point,Higher-order saddle point,True
HIP,769,14,1,1,True,Transition state,Transition state,True
HIP,770,16,1,1,True,Transition state,Transition state,True
HIP,771,13,0,0,True,Minimum,Minimum,True
HIP,772,8,2,2,True,Higher-order saddle point,Higher-order saddle point,True
HIP,773,12,1,1,True,Transition state,Transition state,True
HIP,774,15,0,0,True,Minimum,Minimum,True
HIP,775,13,2,2,True,Higher-order saddle point,Higher-order saddle point,True
HIP,776,14,1,1,True,Transition state,Transition state,True
HIP,777,14,0,0,True,Minimum,Minimum,True
HIP,778,15,1,1,True,Transition state,Transition state,True
HIP,779,12,0,0,True,Minimum,Minimum,True
HIP,780,14,1,1,True,Transition state,Transition state,True
HIP,781,11,1,0,False,Transition state,Minimum,False
HIP,782,13,0,0,True,Minimum,Minimum,True
HIP,783,14,0,0,True,Minimum,Minimum,True
HIP,784,15,1,1,True,Transition state,Transition state,True
HIP,785,15,1,1,True,Transition state,Transition state,True
HIP,786,15,2,3,False,Higher-order saddle point,Higher-order saddle point,True
HIP,787,14,1,1,True,Transition state,Transition state,True
HIP,788,18,2,2,True,Higher-order saddle point,Higher-order saddle point,True
HIP,789,17,1,1,True,Transition state,Transition state,True
HIP,790,15,2,2,True,Higher-order saddle point,Higher-order saddle point,True
HIP,791,15,2,2,True,Higher-order saddle point,Higher-order saddle point,True
HIP,792,15,1,1,True,Transition state,Transition state,True
HIP,793,10,0,0,True,Minimum,Minimum,True
HIP,794,17,1,0,False,Transition state,Minimum,False
HIP,795,14,1,1,True,Transition state,Transition state,True
HIP,796,15,0,0,True,Minimum,Minimum,True
HIP,797,12,2,2,True,Higher-order saddle point,Higher-order saddle point,True
HIP,798,16,0,0,True,Minimum,Minimum,True
HIP,799,19,0,2,False,Minimum,Higher-order saddle point,False
HIP,800,13,1,1,True,Transition state,Transition state,True
HIP,801,6,1,0,False,Transition state,Minimum,False
HIP,802,9,0,0,True,Minimum,Minimum,True
HIP,803,13,1,1,True,Transition state,Transition state,True
HIP,804,15,0,0,True,Minimum,Minimum,True
HIP,805,12,3,2,False,Higher-order saddle point,Higher-order saddle point,True
HIP,806,14,0,0,True,Minimum,Minimum,True
HIP,807,10,1,1,True,Transition state,Transition state,True
HIP,808,13,1,1,True,Transition state,Transition state,True
HIP,809,18,0,0,True,Minimum,Minimum,True
HIP,810,12,2,2,True,Higher-order saddle point,Higher-order saddle point,True
HIP,811,15,1,1,True,Transition state,Transition state,True
HIP,812,14,1,1,True,Transition state,Transition state,True
HIP,813,14,0,0,True,Minimum,Minimum,True
HIP,814,9,0,0,True,Minimum,Minimum,True
HIP,815,15,0,0,True,Minimum,Minimum,True
HIP,816,16,1,1,True,Transition state,Transition state,True
HIP,817,14,0,0,True,Minimum,Minimum,True
HIP,818,18,3,3,True,Higher-order saddle point,Higher-order saddle point,True
HIP,819,16,1,1,True,Transition state,Transition state,True
HIP,820,10,0,0,True,Minimum,Minimum,True
HIP,821,10,1,1,True,Transition state,Transition state,True
HIP,822,14,1,1,True,Transition state,Transition state,True
HIP,823,12,0,1,False,Minimum,Transition state,False
HIP,824,17,1,1,True,Transition state,Transition state,True
HIP,825,16,1,2,False,Transition state,Higher-order saddle point,False
HIP,826,19,2,1,False,Higher-order saddle point,Transition state,False
HIP,827,13,0,0,True,Minimum,Minimum,True
HIP,828,14,1,1,True,Transition state,Transition state,True
HIP,829,13,2,1,False,Higher-order saddle point,Transition state,False
HIP,830,11,1,1,True,Transition state,Transition state,True
HIP,831,8,0,0,True,Minimum,Minimum,True
HIP,832,16,3,4,False,Higher-order saddle point,Higher-order saddle point,True
HIP,833,10,0,0,True,Minimum,Minimum,True
HIP,834,14,0,0,True,Minimum,Minimum,True
HIP,835,16,0,0,True,Minimum,Minimum,True
HIP,836,21,1,2,False,Transition state,Higher-order saddle point,False
HIP,837,14,0,0,True,Minimum,Minimum,True
HIP,838,12,1,1,True,Transition state,Transition state,True
HIP,839,11,1,1,True,Transition state,Transition state,True
HIP,840,14,1,1,True,Transition state,Transition state,True
HIP,841,18,1,1,True,Transition state,Transition state,True
HIP,842,11,3,3,True,Higher-order saddle point,Higher-order saddle point,True
HIP,843,17,2,1,False,Higher-order saddle point,Transition state,False
HIP,844,11,0,0,True,Minimum,Minimum,True
HIP,845,15,1,1,True,Transition state,Transition state,True
HIP,846,16,0,0,True,Minimum,Minimum,True
HIP,847,12,1,1,True,Transition state,Transition state,True
HIP,848,12,0,0,True,Minimum,Minimum,True
HIP,849,9,1,1,True,Transition state,Transition state,True
HIP,850,12,2,2,True,Higher-order saddle point,Higher-order saddle point,True
HIP,851,16,0,1,False,Minimum,Transition state,False
HIP,852,16,1,1,True,Transition state,Transition state,True
HIP,853,12,2,2,True,Higher-order saddle point,Higher-order saddle point,True
HIP,854,15,1,2,False,Transition state,Higher-order saddle point,False
HIP,855,10,0,0,True,Minimum,Minimum,True
HIP,856,15,1,1,True,Transition state,Transition state,True
HIP,857,15,0,2,False,Minimum,Higher-order saddle point,False
HIP,858,10,0,0,True,Minimum,Minimum,True
HIP,859,10,0,0,True,Minimum,Minimum,True
HIP,860,13,0,0,True,Minimum,Minimum,True
HIP,861,18,0,0,True,Minimum,Minimum,True
HIP,862,11,0,0,True,Minimum,Minimum,True
HIP,863,16,0,0,True,Minimum,Minimum,True
HIP,864,16,2,3,False,Higher-order saddle point,Higher-order saddle point,True
HIP,865,13,2,2,True,Higher-order saddle point,Higher-order saddle point,True
HIP,866,11,1,1,True,Transition state,Transition state,True
HIP,867,13,1,1,True,Transition state,Transition state,True
HIP,868,12,1,1,True,Transition state,Transition state,True
HIP,869,14,2,1,False,Higher-order saddle point,Transition state,False
HIP,870,14,2,2,True,Higher-order saddle point,Higher-order saddle point,True
HIP,871,15,3,3,True,Higher-order saddle point,Higher-order saddle point,True
HIP,872,14,1,1,True,Transition state,Transition state,True
HIP,873,21,1,3,False,Transition state,Higher-order saddle point,False
HIP,874,15,0,0,True,Minimum,Minimum,True
HIP,875,11,1,1,True,Transition state,Transition state,True
HIP,876,13,1,1,True,Transition state,Transition state,True
HIP,877,14,1,1,True,Transition state,Transition state,True
HIP,878,17,1,1,True,Transition state,Transition state,True
HIP,879,13,1,1,True,Transition state,Transition state,True
HIP,880,16,2,1,False,Higher-order saddle point,Transition state,False
HIP,881,14,0,1,False,Minimum,Transition state,False
HIP,882,16,1,1,True,Transition state,Transition state,True
HIP,883,11,1,1,True,Transition state,Transition state,True
HIP,884,10,0,0,True,Minimum,Minimum,True
HIP,885,16,2,2,True,Higher-order saddle point,Higher-order saddle point,True
HIP,886,13,0,0,True,Minimum,Minimum,True
HIP,887,16,0,0,True,Minimum,Minimum,True
HIP,888,17,1,1,True,Transition state,Transition state,True
HIP,889,10,1,1,True,Transition state,Transition state,True
HIP,890,11,1,1,True,Transition state,Transition state,True
HIP,891,18,1,1,True,Transition state,Transition state,True
HIP,892,16,1,1,True,Transition state,Transition state,True
HIP,893,10,1,0,False,Transition state,Minimum,False
HIP,894,16,1,1,True,Transition state,Transition state,True
HIP,895,17,0,1,False,Minimum,Transition state,False
HIP,896,14,0,0,True,Minimum,Minimum,True
HIP,897,18,2,3,False,Higher-order saddle point,Higher-order saddle point,True
HIP,898,13,0,0,True,Minimum,Minimum,True
HIP,899,17,2,2,True,Higher-order saddle point,Higher-order saddle point,True
HIP,900,14,0,0,True,Minimum,Minimum,True
HIP,901,12,2,2,True,Higher-order saddle point,Higher-order saddle point,True
HIP,902,18,3,3,True,Higher-order saddle point,Higher-order saddle point,True
HIP,903,6,0,0,True,Minimum,Minimum,True
HIP,904,19,0,0,True,Minimum,Minimum,True
HIP,905,11,1,1,True,Transition state,Transition state,True
HIP,906,12,1,1,True,Transition state,Transition state,True
HIP,907,18,1,1,True,Transition state,Transition state,True
HIP,908,12,2,2,True,Higher-order saddle point,Higher-order saddle point,True
HIP,909,12,0,1,False,Minimum,Transition state,False
HIP,910,15,0,0,True,Minimum,Minimum,True
HIP,911,16,0,0,True,Minimum,Minimum,True
HIP,912,16,1,1,True,Transition state,Transition state,True
HIP,913,13,2,2,True,Higher-order saddle point,Higher-order saddle point,True
HIP,914,15,0,0,True,Minimum,Minimum,True
HIP,915,14,3,3,True,Higher-order saddle point,Higher-order saddle point,True
HIP,916,11,2,2,True,Higher-order saddle point,Higher-order saddle point,True
HIP,917,14,1,1,True,Transition state,Transition state,True
HIP,918,14,1,1,True,Transition state,Transition state,True
HIP,919,15,1,1,True,Transition state,Transition state,True
HIP,920,14,1,1,True,Transition state,Transition state,True
HIP,921,13,1,1,True,Transition state,Transition state,True
HIP,922,13,1,1,True,Transition state,Transition state,True
HIP,923,12,1,1,True,Transition state,Transition state,True
HIP,924,15,1,1,True,Transition state,Transition state,True
HIP,925,10,3,3,True,Higher-order saddle point,Higher-order saddle point,True
HIP,926,17,0,0,True,Minimum,Minimum,True
HIP,927,15,0,0,True,Minimum,Minimum,True
HIP,928,16,1,1,True,Transition state,Transition state,True
HIP,929,13,0,0,True,Minimum,Minimum,True
HIP,930,20,0,1,False,Minimum,Transition state,False
HIP,931,19,1,1,True,Transition state,Transition state,True
HIP,932,15,1,2,False,Transition state,Higher-order saddle point,False
HIP,933,16,0,0,True,Minimum,Minimum,True
HIP,934,8,0,0,True,Minimum,Minimum,True
HIP,935,19,4,3,False,Higher-order saddle point,Higher-order saddle point,True
HIP,936,14,1,1,True,Transition state,Transition state,True
HIP,937,12,2,2,True,Higher-order saddle point,Higher-order saddle point,True
HIP,938,11,0,0,True,Minimum,Minimum,True
HIP,939,16,0,0,True,Minimum,Minimum,True
HIP,940,12,1,1,True,Transition state,Transition state,True
HIP,941,16,4,4,True,Higher-order saddle point,Higher-order saddle point,True
HIP,942,11,0,0,True,Minimum,Minimum,True
HIP,943,12,0,0,True,Minimum,Minimum,True
HIP,944,13,0,0,True,Minimum,Minimum,True
HIP,945,14,1,1,True,Transition state,Transition state,True
HIP,946,13,1,1,True,Transition state,Transition state,True
HIP,947,16,0,0,True,Minimum,Minimum,True
HIP,948,9,2,2,True,Higher-order saddle point,Higher-order saddle point,True
HIP,949,13,0,0,True,Minimum,Minimum,True
HIP,950,14,1,1,True,Transition state,Transition state,True
HIP,951,12,0,0,True,Minimum,Minimum,True
HIP,952,16,0,0,True,Minimum,Minimum,True
HIP,953,12,1,1,True,Transition state,Transition state,True
HIP,954,14,3,3,True,Higher-order saddle point,Higher-order saddle point,True
HIP,955,12,1,1,True,Transition state,Transition state,True
HIP,956,12,1,1,True,Transition state,Transition state,True
HIP,957,13,0,0,True,Minimum,Minimum,True
HIP,958,15,0,1,False,Minimum,Transition state,False
HIP,959,13,1,1,True,Transition state,Transition state,True
HIP,960,16,1,1,True,Transition state,Transition state,True
HIP,961,14,1,1,True,Transition state,Transition state,True
HIP,962,13,2,2,True,Higher-order saddle point,Higher-order saddle point,True
HIP,963,12,1,1,True,Transition state,Transition state,True
HIP,964,16,0,0,True,Minimum,Minimum,True
HIP,965,19,2,3,False,Higher-order saddle point,Higher-order saddle point,True
HIP,966,14,2,2,True,Higher-order saddle point,Higher-order saddle point,True
HIP,967,8,1,1,True,Transition state,Transition state,True
HIP,968,11,0,0,True,Minimum,Minimum,True
HIP,969,12,1,2,False,Transition state,Higher-order saddle point,False
HIP,970,19,2,2,True,Higher-order saddle point,Higher-order saddle point,True
HIP,971,12,1,1,True,Transition state,Transition state,True
HIP,972,11,0,0,True,Minimum,Minimum,True
HIP,973,19,0,0,True,Minimum,Minimum,True
HIP,974,16,1,1,True,Transition state,Transition state,True
HIP,975,12,0,0,True,Minimum,Minimum,True
HIP,976,16,2,2,True,Higher-order saddle point,Higher-order saddle point,True
HIP,977,14,1,1,True,Transition state,Transition state,True
HIP,978,14,1,1,True,Transition state,Transition state,True
HIP,979,10,1,1,True,Transition state,Transition state,True
HIP,980,13,2,3,False,Higher-order saddle point,Higher-order saddle point,True
HIP,981,9,0,0,True,Minimum,Minimum,True
HIP,982,19,0,0,True,Minimum,Minimum,True
HIP,983,18,0,0,True,Minimum,Minimum,True
HIP,984,10,1,1,True,Transition state,Transition state,True
HIP,985,17,2,2,True,Higher-order saddle point,Higher-order saddle point,True
HIP,986,14,0,0,True,Minimum,Minimum,True
HIP,987,15,0,1,False,Minimum,Transition state,False
HIP,988,16,1,1,True,Transition state,Transition state,True
HIP,989,18,0,0,True,Minimum,Minimum,True
HIP,990,17,0,0,True,Minimum,Minimum,True
HIP,991,13,1,1,True,Transition state,Transition state,True
HIP,992,12,2,1,False,Higher-order saddle point,Transition state,False
HIP,993,15,2,2,True,Higher-order saddle point,Higher-order saddle point,True
HIP,994,11,1,1,True,Transition state,Transition state,True
HIP,995,12,1,1,True,Transition state,Transition state,True
HIP,996,10,1,1,True,Transition state,Transition state,True
HIP,997,11,1,1,True,Transition state,Transition state,True
HIP,998,12,1,1,True,Transition state,Transition state,True
HIP,999,10,1,1,True,Transition state,Transition state,True
