model,number_of_atoms,eckart_eigenvalue_mae_eV_per_angstrom2,sample_identifier,outlier_filter_hessian_mae_eV_per_angstrom2,sample_index
HIP,30,0.2051349457869145,chno_xyz__n030_pubchem_01_66269f5ee7,0.2008542313153722,8
HIP,30,0.0379835568209636,chno_xyz__n030_pubchem_02_bb910efe6b,0.0107031950640273,9
HIP,30,0.1288403739372594,chno_xyz__n030_pubchem_03_d4d4721ab2,0.1037135853942341,10
HIP,30,0.2248923991248829,chno_xyz__n030_pubchem_04_2c581595d2,0.2510100635842149,11
HIP,30,0.0908439573584197,chno_xyz__n030_pubchem_05_bbc149610e,0.0741257541846839,12
HIP,30,0.030197850713353,chno_xyz__n030_pubchem_06_ade0bbe57f,0.0111757888511241,13
HIP,30,0.0675270477664849,chno_xyz__n030_pubchem_07_ce2df8999e,0.0543360219582582,14
HIP,30,0.1867067186955476,chno_xyz__n030_pubchem_08_f8e7907176,0.1665270033760161,15
HIP,30,0.188682189179488,chno_xyz__n030_pubchem_09_1cfcb043bb,0.1406469988044132,16
HIP,30,0.1938829990299732,chno_xyz__n030_pubchem_10_6725cb2251,0.1918466499070494,17
HIP,31,0.1308408472393149,chno_xyz__n031_pubchem_01_e64886bc63,0.1280340547981585,18
HIP,31,0.1831023042131649,chno_xyz__n031_pubchem_02_b3f0346a7f,0.1657556358885934,19
HIP,31,0.2249753839049194,chno_xyz__n031_pubchem_03_0cfe771625,0.2020422125680096,20
HIP,31,0.0647321801814619,chno_xyz__n031_pubchem_04_79e270a811,0.0531821278841763,21
HIP,31,0.1623114401866842,chno_xyz__n031_pubchem_05_2689970a95,0.1574025125608894,22
HIP,31,0.3266325444880206,chno_xyz__n031_pubchem_06_e15c77b082,0.2855206528846375,23
HIP,31,0.2394376575530965,chno_xyz__n031_pubchem_07_35deea2bdf,0.2879684619377808,24
HIP,31,0.2209112116207594,chno_xyz__n031_pubchem_08_8ad1d3a56a,0.2052784113379848,25
HIP,31,0.1048681401652774,chno_xyz__n031_pubchem_09_198fbd2845,0.1087008347399666,26
HIP,31,0.0491988004980665,chno_xyz__n031_pubchem_10_02d5cd3582,0.0357731175468925,27
HIP,32,0.1687110799864064,chno_xyz__n032_pubchem_01_30b57f4594,0.1622174763099916,28
HIP,32,0.1612697926759978,chno_xyz__n032_pubchem_02_73f2b1f04d,0.148615785880264,29
HIP,32,0.0816490280666914,chno_xyz__n032_pubchem_03_f1e372dd26,0.0956731574835058,30
HIP,32,0.1747177625006105,chno_xyz__n032_pubchem_04_412bf4df5b,0.163452917299538,31
HIP,32,0.186944234907671,chno_xyz__n032_pubchem_05_7c58f103dc,0.1751933976951016,32
HIP,32,0.2326562832714185,chno_xyz__n032_pubchem_06_8b2b26c9ac,0.2366346252728317,33
HIP,32,0.1108014270775961,chno_xyz__n032_pubchem_07_0d63c2c8f4,0.0947888020608046,34
HIP,32,0.1107526829887468,chno_xyz__n032_pubchem_08_59b719eaac,0.0947858592575564,35
HIP,32,0.0658007501810628,chno_xyz__n032_pubchem_09_f30d310a17,0.0533770549783044,36
HIP,32,0.0731380172776788,chno_xyz__n032_pubchem_10_61d5145020,0.0409815148837446,37
HIP,33,0.1563042130307891,chno_xyz__n033_pubchem_01_8ea2968c72,0.12110044852941,38
HIP,33,0.2658775540219009,chno_xyz__n033_pubchem_02_4e9d6319a4,0.2784355575892803,39
HIP,33,0.1569928547777452,chno_xyz__n033_pubchem_03_432fc4b7a7,0.1986326975096595,40
HIP,33,0.0908211803225497,chno_xyz__n033_pubchem_04_cca6c36fdc,0.0376258598367444,41
HIP,33,0.1468089137355699,chno_xyz__n033_pubchem_05_dc451bce8d,0.1408424860301189,42
HIP,33,0.1630869758042786,chno_xyz__n033_pubchem_06_ede58c2360,0.1530908221227694,43
HIP,33,0.1295577383033408,chno_xyz__n033_pubchem_07_0302ed5268,0.17780671851449,44
HIP,33,0.1993697677039468,chno_xyz__n033_pubchem_08_7bdc4e5df3,0.1855477083489662,45
HIP,33,0.07523812767119,chno_xyz__n033_pubchem_09_30352b73e3,0.0301951973394742,46
HIP,33,0.1233051886626473,chno_xyz__n033_pubchem_10_72fe8d32e4,0.0796227231132006,47
HIP,34,0.1939684625401269,chno_xyz__n034_pubchem_01_5ec57c4d6c,0.1755239955946781,48
HIP,34,0.1581887307860229,chno_xyz__n034_pubchem_02_9f6fe47fd0,0.1668628336795526,49
HIP,34,0.2874546606839618,chno_xyz__n034_pubchem_03_6fbd989337,0.3093403885267023,50
HIP,34,0.1154903932471114,chno_xyz__n034_pubchem_04_e39e4e2119,0.1300459476160084,51
HIP,34,0.278369001759345,chno_xyz__n034_pubchem_05_97e54e66fa,0.2578975132492227,52
HIP,34,0.095995289784054,chno_xyz__n034_pubchem_06_af3782eebd,0.0646664505813286,53
HIP,34,0.0732894991589174,chno_xyz__n034_pubchem_07_1d19ca4e73,0.0575949408826381,54
HIP,34,0.1004293388721491,chno_xyz__n034_pubchem_08_86343106e3,0.0707193343020783,55
HIP,34,0.1049933186794986,chno_xyz__n034_pubchem_09_e7ecea8e34,0.0768167938506112,56
HIP,34,0.2734802765176731,chno_xyz__n034_pubchem_10_008722cb8c,0.2274598888978234,57
HIP,35,0.1532752353659286,chno_xyz__n035_pubchem_01_42f98ead36,0.1481972731494974,58
HIP,35,0.0624290383972154,chno_xyz__n035_pubchem_02_8ddd3bccda,0.0141908755600015,59
HIP,35,0.073856925697594,chno_xyz__n035_pubchem_03_c4430fd283,0.0598791467245257,60
HIP,35,0.0645113431719124,chno_xyz__n035_pubchem_04_6d4fafc1b6,0.0392245037625857,61
HIP,35,0.2438852343773299,chno_xyz__n035_pubchem_05_46d2d4caeb,0.2451560901331341,62
HIP,35,0.0947114010502677,chno_xyz__n035_pubchem_06_f0d2b096aa,0.0234496586341764,63
HIP,35,0.3330309027169585,chno_xyz__n035_pubchem_07_8b3afd7d12,0.3061674612440366,64
HIP,35,0.1307829388105769,chno_xyz__n035_pubchem_08_e02417e586,0.1300415675186345,65
HIP,35,0.0988325773674889,chno_xyz__n035_pubchem_09_e9f278b5c9,0.0768642583007662,66
HIP,35,0.2247177450831194,chno_xyz__n035_pubchem_10_da4c68144e,0.2135510681567363,67
HIP,36,0.3070840172456824,chno_xyz__n036_pubchem_01_9372688d2e,0.2962328881849776,68
HIP,36,0.1248492131400109,chno_xyz__n036_pubchem_02_89c0e53b40,0.1016784526335055,69
HIP,36,0.3342025752635353,chno_xyz__n036_pubchem_03_9753251700,0.2947167432251885,70
HIP,36,0.3369562356277415,chno_xyz__n036_pubchem_04_8a06f2e81b,0.297325943910402,71
HIP,36,0.1131218175563226,chno_xyz__n036_pubchem_05_a365f4e1c0,0.039310813699702,72
HIP,36,0.1339400627098634,chno_xyz__n036_pubchem_06_1f02f12408,0.1098233534409636,73
HIP,36,0.0605169502582875,chno_xyz__n036_pubchem_07_18c479e66d,0.0382317467229954,74
HIP,36,0.0606103875848177,chno_xyz__n036_pubchem_08_3c11176a8c,0.0381449859641049,75
HIP,36,0.3731814644217365,chno_xyz__n036_pubchem_09_be2e4d5977,0.3038350206819956,76
HIP,36,0.1793824363119619,chno_xyz__n036_pubchem_10_7eaf3b7ea9,0.1737091729036584,77
HIP,37,0.2035086377728436,chno_xyz__n037_pubchem_01_4eb027dcbc,0.1689384703337247,78
HIP,37,0.2822284085077508,chno_xyz__n037_pubchem_02_217dcc809e,0.2134814053856168,79
HIP,37,0.1523893497778477,chno_xyz__n037_pubchem_03_580fa98d04,0.1131658131087837,80
HIP,37,0.1609390407462861,chno_xyz__n037_pubchem_04_61dd8ca006,0.1181325221143856,81
HIP,37,0.3189263816647532,chno_xyz__n037_pubchem_05_de8c8b427f,0.2549629751102098,82
HIP,37,0.1206180849452653,chno_xyz__n037_pubchem_06_1d5c8eabfd,0.1173752604725401,83
HIP,37,0.2366056384073492,chno_xyz__n037_pubchem_07_d9d4d1746a,0.2089847940724249,84
HIP,37,0.1533394097302217,chno_xyz__n037_pubchem_08_6aa07f5108,0.1613402469257719,85
HIP,37,0.312098028511822,chno_xyz__n037_pubchem_09_bf1544d8ab,0.2725111577436218,86
HIP,37,0.1687168550786915,chno_xyz__n037_pubchem_10_fafcdbc9c6,0.134762678163452,87
HIP,38,0.2711626546465105,chno_xyz__n038_pubchem_01_0ed8e34947,0.1897491575586844,88
HIP,38,0.1067698102515537,chno_xyz__n038_pubchem_02_6a1c45dc86,0.1134499839328532,89
HIP,38,0.1584420794717924,chno_xyz__n038_pubchem_03_db29b2d64e,0.1051707272403651,90
HIP,38,0.1188517797697683,chno_xyz__n038_pubchem_04_cd4980ed9b,0.1320108171904505,91
HIP,38,0.1643644704068982,chno_xyz__n038_pubchem_05_a998b4c2d4,0.1301986749576096,92
HIP,38,0.1708370671304714,chno_xyz__n038_pubchem_06_75580923e2,0.1784978639599553,93
HIP,38,0.207326871251069,chno_xyz__n038_pubchem_07_189d10f67c,0.1828614742451113,94
HIP,38,0.2711409890026829,chno_xyz__n038_pubchem_08_63fd89c2c7,0.1897496563893153,95
HIP,38,0.2330184669858164,chno_xyz__n038_pubchem_09_46d090e834,0.2005802520627539,96
HIP,38,0.1796651784841675,chno_xyz__n038_pubchem_10_338dca548c,0.1457423287483804,97
HIP,39,0.3444061688170253,chno_xyz__n039_pubchem_01_0a1f9a6ff4,0.3039943483425827,98
HIP,39,0.3167592420361469,chno_xyz__n039_pubchem_02_7a8f6a9c70,0.2768313750029534,99
HIP,39,0.1229114976264554,chno_xyz__n039_pubchem_03_1e5ec58f20,0.0815812560265733,100
HIP,39,0.1072003949852638,chno_xyz__n039_pubchem_04_529609e618,0.0647137828652339,101
HIP,39,0.1212380373775723,chno_xyz__n039_pubchem_05_0c072af82c,0.1148085014635774,102
HIP,39,0.1904426994242012,chno_xyz__n039_pubchem_06_d085bfa194,0.1518037378694669,103
HIP,39,0.2132427532796145,chno_xyz__n039_pubchem_07_e7d49cf581,0.1954671627320872,104
HIP,39,0.1206377021684992,chno_xyz__n039_pubchem_08_19ac0cd72c,0.1091786613149588,105
HIP,39,0.1247069850264202,chno_xyz__n039_pubchem_09_480f231d16,0.0990184178620992,106
HIP,39,0.1309638396502803,chno_xyz__n039_pubchem_10_393aa24b9c,0.0946947594833426,107
HIP,40,0.2403931801889393,chno_xyz__n040_pubchem_01_c1cc50dffa,0.2001121062128887,108
HIP,40,0.1736825934092764,chno_xyz__n040_pubchem_02_ff48672c70,0.1190666625265101,109
HIP,40,0.4839712127796878,chno_xyz__n040_pubchem_03_2ab1cea975,0.340437457799967,110
HIP,40,0.2323221675248017,chno_xyz__n040_pubchem_04_c1515cde0a,0.1813999193026757,111
HIP,40,0.2935546496856684,chno_xyz__n040_pubchem_05_d30962cda4,0.2330749414055349,112
HIP,40,0.3201402198932251,chno_xyz__n040_pubchem_06_85eaadd740,0.2553303605320632,113
HIP,40,0.3238175212236019,chno_xyz__n040_pubchem_07_6b2f81ef87,0.2688072606543429,114
HIP,40,0.2150691979862264,chno_xyz__n040_pubchem_08_075e587eba,0.2065870665433128,115
HIP,40,0.2694110555306117,chno_xyz__n040_pubchem_09_903babc142,0.2162417176186803,116
HIP,40,0.3642595624195867,chno_xyz__n040_pubchem_10_22767e420a,0.2973872038959586,117
HIP,41,0.2768238343510973,chno_xyz__n041_pubchem_01_434c9ac63c,0.3144078974540487,118
HIP,41,0.1601686748942714,chno_xyz__n041_pubchem_02_0fda9546bd,0.1231928226768548,119
HIP,41,0.3539111738150282,chno_xyz__n041_pubchem_03_d300c832e3,0.3418826045323955,120
HIP,41,0.1814553341865922,chno_xyz__n041_pubchem_04_79b71aeba9,0.129960338868532,121
HIP,41,0.1900992003239626,chno_xyz__n041_pubchem_05_ccc0ee08c0,0.1633486494679979,122
HIP,41,0.2663830227826108,chno_xyz__n041_pubchem_06_0ac2c7d1f8,0.2083255616986223,123
HIP,41,0.2636330058325023,chno_xyz__n041_pubchem_07_44a1e2718f,0.2511429431419162,124
HIP,41,0.1064048337801251,chno_xyz__n041_pubchem_08_5eac95a579,0.0627934757763283,125
HIP,41,0.3566289457490388,chno_xyz__n041_pubchem_09_1daaa3361f,0.290242777749864,126
HIP,41,0.2189122602731013,chno_xyz__n041_pubchem_10_c3d3542ac7,0.2111159187653389,127
HIP,42,0.2505700201562783,chno_xyz__n042_pubchem_02_584eafa193,0.2181188854968607,128
HIP,42,0.3811065935276428,chno_xyz__n042_pubchem_03_306b96fd28,0.2931463940410688,129
HIP,42,0.3490634892470016,chno_xyz__n042_pubchem_04_ae3c1e8981,0.3024821456963064,130
HIP,42,0.2289884716314849,chno_xyz__n042_pubchem_05_1160a3896b,0.2236297471620987,131
HIP,42,0.3824344806521182,chno_xyz__n042_pubchem_06_0590ffb868,0.3131741829283692,132
HIP,42,0.2785864939389477,chno_xyz__n042_pubchem_07_25f558b65c,0.1908322832604855,133
HIP,42,0.1978887033835952,chno_xyz__n042_pubchem_08_563b9a28a3,0.1069016505856565,134
HIP,42,0.1486007498410706,chno_xyz__n042_pubchem_09_46ee762eb9,0.1210910232701997,135
HIP,42,0.1520867826579538,chno_xyz__n042_pubchem_10_be49f3cda8,0.1273009805442292,136
HIP,43,0.2751890001591545,chno_xyz__n043_pubchem_01_f45e37c77a,0.220007712421374,137
HIP,43,0.3002724674168842,chno_xyz__n043_pubchem_02_36aafe149b,0.2098304815918611,138
HIP,43,0.2830206268322465,chno_xyz__n043_pubchem_03_e6982f5ea7,0.2202480779581044,139
HIP,43,0.2244365543336562,chno_xyz__n043_pubchem_04_26d85b956a,0.1801306766847993,140
HIP,43,0.2561175488085902,chno_xyz__n043_pubchem_05_c52799fa6c,0.1941715614378279,141
HIP,43,0.3915055084986821,chno_xyz__n043_pubchem_06_854e1985bc,0.3074692643911331,142
HIP,43,0.191803383502551,chno_xyz__n043_pubchem_07_2a9c0b33f6,0.1602426138677878,143
HIP,43,0.2132337587811451,chno_xyz__n043_pubchem_08_9d9d0eeece,0.1912010272635612,144
HIP,43,0.3343418261669724,chno_xyz__n043_pubchem_09_be1552cadb,0.2650259076069934,145
HIP,43,0.2060555052467237,chno_xyz__n043_pubchem_10_84ce204c08,0.1595692582669186,146
HIP,44,0.2581909054603968,chno_xyz__n044_pubchem_02_b4b5544339,0.2601858556358524,147
HIP,44,0.2881083611530574,chno_xyz__n044_pubchem_03_a048e441e9,0.254336496063742,148
HIP,44,0.4773807774432788,chno_xyz__n044_pubchem_04_891ca65ca8,0.3435447369871777,149
HIP,44,0.2343951618643475,chno_xyz__n044_pubchem_05_af4a4aff34,0.2174393088560887,150
HIP,44,0.5108866734675215,chno_xyz__n044_pubchem_06_93aeead65a,0.3682626534203892,151
HIP,44,0.1726908590547189,chno_xyz__n044_pubchem_07_624652e328,0.1750876468324781,152
HIP,44,0.176285745749237,chno_xyz__n044_pubchem_08_4013c7bcf3,0.1850394780354561,153
HIP,44,0.3247719226939937,chno_xyz__n044_pubchem_09_563c1678ac,0.3228272652883621,154
HIP,44,0.3089399910839003,chno_xyz__n044_pubchem_10_f494af49b6,0.3308407469178981,155
HIP,45,0.4143783479573838,chno_xyz__n045_pubchem_01_ea306980ac,0.3219387691564428,156
HIP,45,0.273180007069791,chno_xyz__n045_pubchem_02_eb47ec5211,0.2242074295329139,157
HIP,45,0.2650087812846588,chno_xyz__n045_pubchem_03_0705ed580e,0.186862748428273,158
HIP,45,0.2320161242274162,chno_xyz__n045_pubchem_04_6eaaedd207,0.2316301789948988,159
HIP,45,0.1714340421257881,chno_xyz__n045_pubchem_05_ed490da07a,0.1685625065872652,160
HIP,45,0.1776215654458774,chno_xyz__n045_pubchem_06_69820ab4fc,0.1593087699778767,161
HIP,45,0.1816717679563589,chno_xyz__n045_pubchem_07_d920b602ee,0.086304352026772,162
HIP,45,0.3873068553674746,chno_xyz__n045_pubchem_08_c6e5c36f1c,0.3009166029433011,163
HIP,45,0.1867203271275141,chno_xyz__n045_pubchem_09_d76da5a0ce,0.163924155711124,164
HIP,45,0.2888555769543123,chno_xyz__n045_pubchem_10_39b1360096,0.2068560315896173,165
HIP,46,0.2456827859144524,chno_xyz__n046_pubchem_01_0e9e209090,0.1828182192968533,166
HIP,46,0.3287805645105535,chno_xyz__n046_pubchem_02_ff8f0e37ae,0.2866216096710517,167
HIP,46,0.4093427291333757,chno_xyz__n046_pubchem_03_ace899fa3a,0.3687055278968357,168
HIP,46,0.285514117921995,chno_xyz__n046_pubchem_04_f3878c6165,0.2191846618594718,169
HIP,46,0.2540304949998398,chno_xyz__n046_pubchem_05_1f8b66a73a,0.2120621931114542,170
HIP,46,0.2048384182286122,chno_xyz__n046_pubchem_06_73d62a77c5,0.1659269542683699,171
HIP,46,0.3818337354798002,chno_xyz__n046_pubchem_07_234fc5db1d,0.2792909893687442,172
HIP,46,0.2521227846384998,chno_xyz__n046_pubchem_08_0a0aee7260,0.2031461384698171,173
HIP,46,0.2687445291415268,chno_xyz__n046_pubchem_09_e00fc09b59,0.2191330815840718,174
HIP,46,0.3187229000090998,chno_xyz__n046_pubchem_10_2138a0cb4b,0.2218178779742736,175
HIP,47,0.3968908443886917,chno_xyz__n047_pubchem_01_51e196b23f,0.3526983358481732,176
HIP,47,0.252791210986677,chno_xyz__n047_pubchem_02_d238e881be,0.2056776319930984,177
HIP,47,0.3861968577334635,chno_xyz__n047_pubchem_03_bee604697e,0.2922144709091664,178
HIP,47,0.37643058713412,chno_xyz__n047_pubchem_04_623bc20e21,0.2835244147927151,179
HIP,47,0.2925181238516588,chno_xyz__n047_pubchem_05_0a642180d7,0.2644091057987027,180
HIP,47,0.1551625476900193,chno_xyz__n047_pubchem_06_17a9ef728c,0.1617921066860796,181
HIP,47,0.3969006998237746,chno_xyz__n047_pubchem_07_d524fbbd3f,0.3526946924233911,182
HIP,47,0.2837046125159845,chno_xyz__n047_pubchem_08_f7719a974d,0.2159190555785083,183
HIP,47,0.1535208064123398,chno_xyz__n047_pubchem_09_c2ad51714c,0.1092083595129655,184
HIP,47,0.2434814427546574,chno_xyz__n047_pubchem_10_4ea09f4674,0.1697640946236785,185
HIP,48,0.3122845069253434,chno_xyz__n048_pubchem_01_fc78f4ba9e,0.2187874774828744,186
HIP,48,0.2811049142852394,chno_xyz__n048_pubchem_02_ff7be2fcec,0.2220198251192553,187
HIP,48,0.254161345212046,chno_xyz__n048_pubchem_03_950031b754,0.2624500866373558,188
HIP,48,0.2340080150970946,chno_xyz__n048_pubchem_04_826bd10afb,0.235528454204793,189
HIP,48,0.4588658783721602,chno_xyz__n048_pubchem_05_055d62caa2,0.3301777218523758,190
HIP,48,0.4251722009111116,chno_xyz__n048_pubchem_06_563e529fd0,0.3235858387171744,191
HIP,48,0.2764844725269388,chno_xyz__n048_pubchem_07_b94db7ab28,0.1990868546466961,192
HIP,48,0.2393144188718142,chno_xyz__n048_pubchem_08_a96fe5d9d5,0.1818981161585288,193
HIP,48,0.2275527206475899,chno_xyz__n048_pubchem_09_68626f3de9,0.1928980555780763,194
HIP,48,0.4467701257634963,chno_xyz__n048_pubchem_10_199cd84b9e,0.3109653757605847,195
HIP,49,0.3424789627365232,chno_xyz__n049_pubchem_01_1c3daa3b50,0.3235658048693,196
HIP,49,0.3425076671812685,chno_xyz__n049_pubchem_02_517da73867,0.3235646229490326,197
HIP,49,0.356445637679922,chno_xyz__n049_pubchem_03_edb622e997,0.2224135137215152,198
HIP,49,0.6052161502965732,chno_xyz__n049_pubchem_04_d6ffcd455f,0.3706158992125895,199
HIP,49,0.4649161619605839,chno_xyz__n049_pubchem_05_1d1290bdf5,0.2786408660325777,200
HIP,49,0.309906253259516,chno_xyz__n049_pubchem_06_5f66e9ad36,0.2465249990698488,201
HIP,49,0.3853942136504835,chno_xyz__n049_pubchem_07_ffaea0d26d,0.2535083914578995,202
HIP,49,0.5575542937606964,chno_xyz__n049_pubchem_08_42763feb90,0.3668830369724449,203
HIP,49,0.1803057075847065,chno_xyz__n049_pubchem_09_4348574b20,0.1089183605939417,204
HIP,49,0.1795370257790932,chno_xyz__n049_pubchem_10_8719005978,0.112048851025318,205
HIP,50,0.2371287317083507,chno_xyz__n050_pubchem_01_71c81f815c,0.2328204551247163,206
HIP,50,0.2504153750122481,chno_xyz__n050_pubchem_02_08bff2999f,0.2385023695301995,207
HIP,50,0.2708431098509157,chno_xyz__n050_pubchem_03_3e0d5a418c,0.2203475313127921,208
HIP,50,0.2304730139199257,chno_xyz__n050_pubchem_04_b1d871cedd,0.159110068543833,209
HIP,50,0.3135997352356388,chno_xyz__n050_pubchem_05_dee3ab7f4a,0.2108981074064369,210
HIP,50,0.3952853929774219,chno_xyz__n050_pubchem_06_48e76b1d51,0.2994805212820978,211
HIP,50,0.3367838899561756,chno_xyz__n050_pubchem_07_7360e95a34,0.2546188064216109,212
HIP,50,0.3717629686620041,chno_xyz__n050_pubchem_08_ed3d2baa7b,0.3171907895280764,213
HIP,50,0.34270527693295,chno_xyz__n050_pubchem_09_46048bec6f,0.3012015312211237,214
HIP,50,0.4138643192307788,chno_xyz__n050_pubchem_10_cac5338a1a,0.3276881754258089,215
HIP,51,0.2178511809881352,chno_xyz__n051_pubchem_02_e19a35009e,0.1737034206958067,216
HIP,51,0.4846139579507048,chno_xyz__n051_pubchem_03_5f359fa0bb,0.3325801981329165,217
HIP,51,0.3077054055157182,chno_xyz__n051_pubchem_04_f78ad866fc,0.2198254217721714,218
HIP,51,0.2987892725803832,chno_xyz__n051_pubchem_05_cabaeb83e7,0.2578197711276904,219
HIP,51,0.3130407647591163,chno_xyz__n051_pubchem_06_48a885f40a,0.1970715032395397,220
HIP,51,0.238339368089969,chno_xyz__n051_pubchem_07_055353c0a2,0.1881653466172568,221
HIP,51,0.322391410234596,chno_xyz__n051_pubchem_08_a1c4124982,0.2298164235383351,222
HIP,51,0.4453484201419688,chno_xyz__n051_pubchem_09_5cf573b69b,0.3103989661955265,223
HIP,51,0.2221352803667278,chno_xyz__n051_pubchem_10_087564ace0,0.2127903404752568,224
HIP,52,0.4447154225798835,chno_xyz__n052_pubchem_02_2637971b43,0.2944721167054858,225
HIP,52,0.4743153318961348,chno_xyz__n052_pubchem_03_1f20f1eb1c,0.372565363354809,226
HIP,52,0.383834622482684,chno_xyz__n052_pubchem_04_c7c75a3435,0.3249028713183896,227
HIP,52,0.3762406723134218,chno_xyz__n052_pubchem_05_01ac7e505f,0.2956331261912937,228
HIP,52,0.6010471015647376,chno_xyz__n052_pubchem_06_e0b68111a7,0.3568192402107446,229
HIP,52,0.5503785535602058,chno_xyz__n052_pubchem_07_0952aaa42b,0.369186158406753,230
HIP,52,0.6878513131301497,chno_xyz__n052_pubchem_08_0ae5e6b666,0.367135776673466,231
HIP,52,0.3961190998091518,chno_xyz__n052_pubchem_09_9d65bd3209,0.2808143688354007,232
HIP,52,0.349899266620614,chno_xyz__n052_pubchem_10_a2fa4ff871,0.3012859187726336,233
HIP,53,0.3791465806362821,chno_xyz__n053_pubchem_03_590adbb87f,0.2806735498016648,234
HIP,53,0.5805915987662812,chno_xyz__n053_pubchem_04_f59cf35bc4,0.3611838700862163,235
HIP,53,0.3577019150401396,chno_xyz__n053_pubchem_05_6c276b9c09,0.290669573719146,236
HIP,53,0.3576774307984366,chno_xyz__n053_pubchem_06_a3a36faf0a,0.2906597216721632,237
HIP,53,0.3716751109907977,chno_xyz__n053_pubchem_07_9311a75461,0.2812590907667143,238
HIP,53,0.2182951341953646,chno_xyz__n053_pubchem_08_94320ea422,0.1783212678400652,239
HIP,53,0.6026967638321895,chno_xyz__n053_pubchem_09_ca725901d2,0.3622127561338152,240
HIP,53,0.5804152984625446,chno_xyz__n053_pubchem_10_6da6449e12,0.361169130441783,241
HIP,54,0.3228084966534451,chno_xyz__n054_pubchem_01_53980e6fdf,0.2677064998106655,242
HIP,54,0.2221252933859908,chno_xyz__n054_pubchem_02_e6c243c0c3,0.1767733275180743,243
HIP,54,0.3689762077126043,chno_xyz__n054_pubchem_03_a108c79bab,0.2524312588230459,244
HIP,54,0.2964900922613734,chno_xyz__n054_pubchem_04_110f555a87,0.220754585431727,245
HIP,54,0.4129678278799695,chno_xyz__n054_pubchem_05_81953c9731,0.318483660835635,246
HIP,54,0.2620509948570663,chno_xyz__n054_pubchem_06_fc11c915d5,0.2401435308740492,247
HIP,54,0.2880402209781814,chno_xyz__n054_pubchem_07_9efe6d5682,0.2544213903689296,248
HIP,54,0.3566063624878333,chno_xyz__n054_pubchem_08_bb3f50afb8,0.2398637488615802,249
HIP,54,0.3031360743576391,chno_xyz__n054_pubchem_09_f6a49a775f,0.2562277245569249,250
HIP,54,0.3283410815247558,chno_xyz__n054_pubchem_10_7a3adb27cf,0.2617019333396729,251
HIP,55,0.3825403698275875,chno_xyz__n055_pubchem_01_b9d2511cf6,0.2667069519582359,252
HIP,55,0.5885520533080889,chno_xyz__n055_pubchem_02_764d02b413,0.3695317344772119,253
HIP,55,0.51824450267107,chno_xyz__n055_pubchem_03_70165ddf62,0.3399899444585247,254
HIP,55,0.3984538974989172,chno_xyz__n055_pubchem_04_75d6f3ff41,0.3004209236496569,255
HIP,55,0.3984501608387942,chno_xyz__n055_pubchem_05_daebe26f58,0.3004212251206062,256
HIP,55,0.527698751935875,chno_xyz__n055_pubchem_06_8c5a97034c,0.3872674076672517,257
HIP,55,0.3321089339873311,chno_xyz__n055_pubchem_07_49224b5816,0.2395689806031804,258
HIP,55,0.3921323288610223,chno_xyz__n055_pubchem_08_1a5ea51236,0.2840246472545399,259
HIP,55,0.3741222543276967,chno_xyz__n055_pubchem_09_cd8b704331,0.2832055928188114,260
HIP,55,0.3834537974395737,chno_xyz__n055_pubchem_10_2496d633d4,0.2818529350953404,261
HIP,56,0.3525670576763181,chno_xyz__n056_pubchem_01_41eff9c083,0.22590289408641,262
HIP,56,0.3566642120536308,chno_xyz__n056_pubchem_02_0679fd3558,0.3107438226724061,263
HIP,56,0.3239020807648472,chno_xyz__n056_pubchem_03_ad7de21f41,0.2127329861813392,264
HIP,56,0.2773166994494683,chno_xyz__n056_pubchem_04_95acee7de1,0.2441901936485094,265
HIP,56,0.2563809556010048,chno_xyz__n056_pubchem_05_ee3544631b,0.2430071108935064,266
HIP,56,0.2578769018395364,chno_xyz__n056_pubchem_06_5988b8111b,0.2550354871993083,267
HIP,56,0.2416502354298848,chno_xyz__n056_pubchem_07_56c6a0fd9e,0.2614597523222216,268
HIP,56,0.3541388642927268,chno_xyz__n056_pubchem_08_91987b7faf,0.2252589662379116,269
HIP,56,0.3814372937151696,chno_xyz__n056_pubchem_09_84f4f79063,0.3274674709654389,270
HIP,56,0.4827081054075189,chno_xyz__n056_pubchem_10_ee5527efa4,0.3405687185703379,271
HIP,57,0.3835861542295753,chno_xyz__n057_pubchem_01_e0f136ae4e,0.282353930459178,272
HIP,57,0.264195931523983,chno_xyz__n057_pubchem_02_7376d129cf,0.1829319361527196,273
HIP,57,0.4363183914002694,chno_xyz__n057_pubchem_03_00f0023b44,0.2807949106402719,274
HIP,57,0.2261604752966407,chno_xyz__n057_pubchem_04_9e73667af4,0.1591966516624002,275
HIP,57,0.5010031604644163,chno_xyz__n057_pubchem_05_170f1834a5,0.3249906807580402,276
HIP,57,0.4148374449310804,chno_xyz__n057_pubchem_06_a60eb6f81e,0.2747197435228933,277
HIP,57,0.3414030715119588,chno_xyz__n057_pubchem_07_8351675e3e,0.3069470485491135,278
HIP,57,0.5207925181273477,chno_xyz__n057_pubchem_08_27044f327b,0.3275164852762637,279
HIP,57,0.4147145188630559,chno_xyz__n057_pubchem_09_d8c5182e70,0.2750573857250379,280
HIP,57,0.5500100039399627,chno_xyz__n057_pubchem_10_e4b6ba3d4d,0.3406182762563541,281
HIP,58,0.2797109683746913,chno_xyz__n058_pubchem_01_a0f776f2c2,0.1830237279237016,282
HIP,58,0.2797714211096728,chno_xyz__n058_pubchem_02_01d0200b95,0.183023466402136,283
HIP,58,0.5307141247478482,chno_xyz__n058_pubchem_03_b4a120b4f9,0.3485717060914288,284
HIP,58,0.3254647862004688,chno_xyz__n058_pubchem_04_061ec4e0c3,0.1848762070050516,285
HIP,58,0.3470423518944263,chno_xyz__n058_pubchem_05_5cb32520b1,0.2234420545133477,286
HIP,58,0.2796653147015272,chno_xyz__n058_pubchem_06_368b458437,0.1830278514350863,287
HIP,58,0.3696676162247534,chno_xyz__n058_pubchem_07_c28c33020b,0.2223091037810206,288
HIP,58,0.5306691991779532,chno_xyz__n058_pubchem_08_cf06f97a88,0.3485717296697769,289
HIP,58,0.5296739398317484,chno_xyz__n058_pubchem_09_644b4dc9f4,0.3455379207268313,290
HIP,58,0.3234635427851,chno_xyz__n058_pubchem_10_d2fc68093c,0.2227856148964268,291
HIP,59,0.334656080611434,chno_xyz__n059_pubchem_01_7024e44286,0.310662888367597,292
HIP,59,0.4211274132268794,chno_xyz__n059_pubchem_02_6eb9ca28fa,0.310975501254319,293
HIP,59,0.437395586498741,chno_xyz__n059_pubchem_03_56843db544,0.3075637605370617,294
HIP,59,0.3150427150180224,chno_xyz__n059_pubchem_04_439a7dfc2f,0.2793713700386042,295
HIP,59,0.3757463823092033,chno_xyz__n059_pubchem_05_9d1a458962,0.2768037444279008,296
HIP,59,0.4380528183825019,chno_xyz__n059_pubchem_06_cf5e2da492,0.3033541860215914,297
HIP,59,0.4595769127476067,chno_xyz__n059_pubchem_07_cc6c190e99,0.3415785321167499,298
HIP,59,0.5062414799013939,chno_xyz__n059_pubchem_08_b796b63db4,0.3255452472502498,299
HIP,59,0.4211235213665311,chno_xyz__n059_pubchem_09_e6009c3f6f,0.310976206752326,300
HIP,59,0.5671492973837021,chno_xyz__n059_pubchem_10_b4e17844c7,0.3627171908822947,301
HIP,60,0.2823557206040797,chno_xyz__n060_pubchem_01_ac1d6483b5,0.2082164456802356,302
HIP,60,0.3854447597229793,chno_xyz__n060_pubchem_02_df5102ff5f,0.2608986249028339,303
HIP,60,0.3711456646019646,chno_xyz__n060_pubchem_03_18eaa476d3,0.2937663091182153,304
HIP,60,0.4054179006504732,chno_xyz__n060_pubchem_04_2547711f10,0.3000185917385064,305
HIP,60,0.3535530052182292,chno_xyz__n060_pubchem_05_84927fecef,0.2528346540611925,306
HIP,60,0.4172956003482703,chno_xyz__n060_pubchem_06_7f8f7a12c7,0.2965017572872226,307
HIP,60,0.3774896357748922,chno_xyz__n060_pubchem_07_73caaf3de6,0.284090349212644,308
HIP,60,0.3306393109634074,chno_xyz__n060_pubchem_08_ebf8a2922e,0.272183290698015,309
HIP,60,0.5544311437329926,chno_xyz__n060_pubchem_09_d9af7a9839,0.3455258532764604,310
HIP,60,0.2628765635429879,chno_xyz__n060_pubchem_10_03d58130fc,0.2105525904128081,311
HIP,61,0.5759003445785204,chno_xyz__n061_pubchem_01_84aa6de3fb,0.3069082152219411,312
HIP,61,0.5457486145823653,chno_xyz__n061_pubchem_02_4b0a34a259,0.3434524795888441,313
HIP,61,0.381302821391747,chno_xyz__n061_pubchem_03_676c8d952b,0.3112701111297613,314
HIP,61,0.5636060271170399,chno_xyz__n061_pubchem_04_98d64fa266,0.3075246107180737,315
HIP,61,0.3671247093974221,chno_xyz__n061_pubchem_05_59809f6e13,0.2590280970804319,316
HIP,61,0.4177488568791529,chno_xyz__n061_pubchem_06_e486ae8275,0.3214762850827472,317
HIP,61,0.3647580326844676,chno_xyz__n061_pubchem_07_e238906091,0.2742996664354493,318
HIP,61,0.6079426498980386,chno_xyz__n061_pubchem_08_b8b2646fd4,0.3451884145453098,319
HIP,61,0.489481106235639,chno_xyz__n061_pubchem_09_c0b2b47000,0.3594451896112259,320
HIP,61,0.3121154835673556,chno_xyz__n061_pubchem_10_c54bccf0d9,0.1867487975476233,321
HIP,62,0.4075764385776423,chno_xyz__n062_pubchem_01_d327db1ebd,0.3425661137499312,322
HIP,62,0.3474671493397268,chno_xyz__n062_pubchem_02_977dce305a,0.2901669585298146,323
HIP,62,0.4078091372690799,chno_xyz__n062_pubchem_03_8b33ccf5e5,0.3015980562611962,324
HIP,62,0.332261431847788,chno_xyz__n062_pubchem_04_668447c4a6,0.2371372026588254,325
HIP,62,0.4076468497473123,chno_xyz__n062_pubchem_05_fcf463af71,0.3425659275376667,326
HIP,62,0.2879682847715307,chno_xyz__n062_pubchem_06_f46b28b403,0.2221004092321477,327
HIP,62,0.4344302458788443,chno_xyz__n062_pubchem_07_bbeda2ffd7,0.2616098986113644,328
HIP,62,0.4281520853057223,chno_xyz__n062_pubchem_08_f905673b87,0.36503989974547,329
HIP,62,0.3351633094417627,chno_xyz__n062_pubchem_09_ec2e495c68,0.2558539038621886,330
HIP,62,0.5454793073248879,chno_xyz__n062_pubchem_10_bbac5274b3,0.3559478190750778,331
HIP,63,0.3436302843027994,chno_xyz__n063_pubchem_01_9dfc0adde5,0.2308018867375517,332
HIP,63,0.3833850212920568,chno_xyz__n063_pubchem_02_ed5425e88d,0.2553534433269999,333
HIP,63,0.4685034813177768,chno_xyz__n063_pubchem_03_86ff748406,0.3186850208124241,334
HIP,63,0.4293721949897704,chno_xyz__n063_pubchem_04_c0dbff1e68,0.2954263410956262,335
HIP,63,0.4296818759532585,chno_xyz__n063_pubchem_05_8193e317ed,0.299698210838482,336
HIP,63,0.5928745609667737,chno_xyz__n063_pubchem_06_15efb5a086,0.3493006973197456,337
HIP,63,0.3865373015681679,chno_xyz__n063_pubchem_07_f98e88ed7f,0.2328122377812792,338
HIP,63,0.3866137597474277,chno_xyz__n063_pubchem_08_1935e4cd6a,0.2880323185145723,339
HIP,63,0.3706731520575081,chno_xyz__n063_pubchem_09_31fe69f44c,0.2750479308510039,340
HIP,63,0.4288277586737822,chno_xyz__n063_pubchem_10_c0af059228,0.2978828130600795,341
HIP,64,0.4100594184739868,chno_xyz__n064_pubchem_01_25963e7543,0.3198512884629703,342
HIP,64,0.6148881559864845,chno_xyz__n064_pubchem_02_8e1c3b976d,0.3385790240002799,343
HIP,64,0.415796139518852,chno_xyz__n064_pubchem_03_afcaf65aa2,0.2786708524223435,344
HIP,64,0.5689928201200426,chno_xyz__n064_pubchem_04_bc35220f2d,0.3144629044232761,345
HIP,64,0.5983176726309644,chno_xyz__n064_pubchem_05_e18e4c3a8c,0.3150692038390627,346
HIP,64,0.4919699339382464,chno_xyz__n064_pubchem_06_6686f719b5,0.3086388574183465,347
HIP,64,0.3814394427707284,chno_xyz__n064_pubchem_07_2af88b5b73,0.3011242779077747,348
HIP,64,0.3175831312935447,chno_xyz__n064_pubchem_08_6a4df66052,0.2184838496954012,349
HIP,64,0.5772722670086197,chno_xyz__n064_pubchem_09_76bc662efb,0.3421499751296337,350
HIP,64,0.5498324124484244,chno_xyz__n064_pubchem_10_f2fe357533,0.3340094464713661,351
HIP,65,0.4323278454743414,chno_xyz__n065_pubchem_01_50d67838cb,0.2965359935214156,352
HIP,65,0.3969030029361085,chno_xyz__n065_pubchem_02_824e80c616,0.3020329278247256,353
HIP,65,0.5445120564914191,chno_xyz__n065_pubchem_03_c6e15e3624,0.3282603983511225,354
HIP,65,0.3733494961126979,chno_xyz__n065_pubchem_04_bee351ec9b,0.2775726075898084,355
HIP,65,0.4968491917048583,chno_xyz__n065_pubchem_05_11f5ae6a42,0.2993060710319353,356
HIP,65,0.4534672483377199,chno_xyz__n065_pubchem_06_e49fa69a20,0.3393165685540584,357
HIP,65,0.4111655027984416,chno_xyz__n065_pubchem_07_7f50fad5cb,0.3072550321171066,358
HIP,65,0.3718121523572352,chno_xyz__n065_pubchem_08_4329f43117,0.3145450761518139,359
HIP,65,0.4111347602444152,chno_xyz__n065_pubchem_09_8edd775f97,0.3104934937691642,360
HIP,65,0.4777712035044911,chno_xyz__n065_pubchem_10_721c55af07,0.3130588726626827,361
HIP,66,0.4178232975232208,chno_xyz__n066_pubchem_01_fc1a07c8a8,0.3165801541822601,362
HIP,66,0.4150523746330938,chno_xyz__n066_pubchem_02_dc6e3e0cc6,0.3156271030680841,363
HIP,66,0.4299992496613978,chno_xyz__n066_pubchem_03_cc63b375ab,0.2872557958092679,364
HIP,66,0.4333835222415759,chno_xyz__n066_pubchem_04_39b08d8c99,0.271936340144628,365
HIP,66,0.5538187876403824,chno_xyz__n066_pubchem_05_59e1012e1d,0.3166335498015259,366
HIP,66,0.5500059727049493,chno_xyz__n066_pubchem_06_73fbd6f062,0.3144222478592087,367
HIP,66,0.5380771027572647,chno_xyz__n066_pubchem_07_c85203f94d,0.3268465748027215,368
HIP,66,0.6316691102296776,chno_xyz__n066_pubchem_08_5cd1924bfd,0.3140045240166521,369
HIP,66,0.3751607805675934,chno_xyz__n066_pubchem_10_932dab5d88,0.3207935775516619,371
HIP,67,0.6736529556612049,chno_xyz__n067_pubchem_01_91addd9368,0.3469519688809779,372
HIP,67,0.5234799717420145,chno_xyz__n067_pubchem_02_64fb5a5ea8,0.3370741625671805,373
HIP,67,0.5586439848992276,chno_xyz__n067_pubchem_03_033e94da9b,0.3004950153458946,374
HIP,67,0.4245707989771681,chno_xyz__n067_pubchem_04_2b6ad3daaa,0.2368486868922379,375
HIP,67,0.4398582516492718,chno_xyz__n067_pubchem_05_e791324568,0.2347500240513531,376
HIP,67,0.544970603639559,chno_xyz__n067_pubchem_06_485d12a071,0.3345990397806052,377
HIP,67,0.4585472671547686,chno_xyz__n067_pubchem_07_1ea307b0e8,0.3164398091166177,378
HIP,67,0.3800944514642244,chno_xyz__n067_pubchem_08_870f037fd8,0.2589928654556285,379
HIP,67,0.4789134430560037,chno_xyz__n067_pubchem_09_2ec03e32cf,0.3090082923450707,380
HIP,67,0.4779978281252482,chno_xyz__n067_pubchem_10_6b6f01ca22,0.3080059208110311,381
HIP,68,0.4136113113872659,chno_xyz__n068_pubchem_01_f3ffabbf5e,0.3006855403109657,382
HIP,68,0.4388871630556987,chno_xyz__n068_pubchem_02_41826df089,0.2949420329621635,383
HIP,68,0.4913972014109319,chno_xyz__n068_pubchem_03_d0ecce60e8,0.3045833613236046,384
HIP,68,0.4667800985794986,chno_xyz__n068_pubchem_04_cd84d9cdf2,0.278550593603259,385
HIP,68,0.4372645739167623,chno_xyz__n068_pubchem_05_5e6484946c,0.2676785001912481,386
HIP,68,0.4928383599894451,chno_xyz__n068_pubchem_06_4173744f3a,0.2791248053146756,387
HIP,68,0.4493813633551614,chno_xyz__n068_pubchem_07_36ddfd9516,0.291524792188605,388
HIP,68,0.4064443901913082,chno_xyz__n068_pubchem_08_ba6d0751b6,0.307855690821334,389
HIP,68,0.429823814260934,chno_xyz__n068_pubchem_09_4f9b63f2ff,0.30871173577083,390
HIP,68,0.5277666829120911,chno_xyz__n068_pubchem_10_123ea22804,0.3032984841878106,391
HIP,69,0.4693265880002542,chno_xyz__n069_pubchem_01_cfe3fe020c,0.2949826881077709,392
HIP,69,0.3611954538148885,chno_xyz__n069_pubchem_02_8a53341b82,0.2532701605649855,393
HIP,69,0.5690130909180573,chno_xyz__n069_pubchem_03_e8c29baf7d,0.3197249057604899,394
HIP,69,0.5593805311376978,chno_xyz__n069_pubchem_04_70614e05eb,0.3139623701177595,395
HIP,69,0.4802064577134354,chno_xyz__n069_pubchem_05_e93dcd85fe,0.2409221322234551,396
HIP,69,0.3592501512751156,chno_xyz__n069_pubchem_06_7128f9bdc4,0.2604144169807281,397
HIP,69,0.4168916538726073,chno_xyz__n069_pubchem_07_85996269c6,0.237296851049564,398
HIP,69,0.3337840858655587,chno_xyz__n069_pubchem_08_3fc846844a,0.2816335282499888,399
HIP,69,0.4824312283239138,chno_xyz__n069_pubchem_09_90c7ae6705,0.2917740954160186,400
HIP,69,0.437374466466152,chno_xyz__n069_pubchem_10_99fe3b5bb1,0.2662494153915916,401
HIP,70,0.6698035030741741,chno_xyz__n070_pubchem_01_ac96d11c23,0.3415195341601527,402
HIP,70,0.5406606238104728,chno_xyz__n070_pubchem_02_3840a83fe8,0.3423569048135027,403
HIP,70,0.5619503900791927,chno_xyz__n070_pubchem_03_a7a81373a3,0.33633014921484,404
HIP,70,0.5278082831764256,chno_xyz__n070_pubchem_04_ac06adb8cc,0.3394311005969044,405
HIP,70,0.5174249149476416,chno_xyz__n070_pubchem_05_1ed20c265b,0.3517800827805553,406
HIP,70,0.5278262125809587,chno_xyz__n070_pubchem_06_e72f20c59f,0.3394365049653056,407
HIP,70,0.4397437873225886,chno_xyz__n070_pubchem_07_61279b4946,0.298299458805401,408
HIP,70,0.4586061671937885,chno_xyz__n070_pubchem_08_57aaac23c9,0.3274283957142824,409
HIP,70,0.3982810858223643,chno_xyz__n070_pubchem_09_b9cca84d1a,0.2605085434323788,410
HIP,70,0.4443252659840344,chno_xyz__n070_pubchem_10_71e12da51a,0.3233020146146974,411
HIP,71,0.5123826274702844,chno_xyz__n071_pubchem_01_179a849103,0.2874404478727285,412
HIP,71,0.5341422551902453,chno_xyz__n071_pubchem_02_deaccf8fe1,0.3040880751598905,413
HIP,71,0.4976801660773107,chno_xyz__n071_pubchem_03_7dfbf6f87f,0.3074984410732779,414
HIP,71,0.4913589634266504,chno_xyz__n071_pubchem_04_563a7ee7f2,0.2783760373418988,415
HIP,71,0.4218456657371378,chno_xyz__n071_pubchem_05_d2575a3a2f,0.2525638719668633,416
HIP,71,0.4474849515130935,chno_xyz__n071_pubchem_06_83ac0d03b0,0.2982809603772431,417
HIP,71,0.4481800754912368,chno_xyz__n071_pubchem_07_e815146eef,0.2923087599649685,418
HIP,71,0.4243649858214313,chno_xyz__n071_pubchem_08_5bf15eb376,0.301983560284191,419
HIP,71,0.6214582150790694,chno_xyz__n071_pubchem_09_73889c42ff,0.3418450658973765,420
HIP,71,0.5495494179146759,chno_xyz__n071_pubchem_10_007a90460d,0.3103111648829329,421
HIP,72,0.4002288079217484,chno_xyz__n072_pubchem_01_48ee2effbc,0.2828069457018436,422
HIP,72,0.6081381319704273,chno_xyz__n072_pubchem_03_4f61ad32bf,0.3307710090902816,423
HIP,72,0.5237949606151598,chno_xyz__n072_pubchem_04_25f75456c6,0.2856071226182406,424
HIP,72,0.5201540311622818,chno_xyz__n072_pubchem_04_679b98f0eb,0.3254010945149465,425
HIP,72,0.5321227745888646,chno_xyz__n072_pubchem_05_3bba894380,0.2612557251824197,426
HIP,72,0.5649006512538884,chno_xyz__n072_pubchem_06_392e14e39b,0.326860034266582,427
HIP,72,0.4499160572100794,chno_xyz__n072_pubchem_07_f5fa7c6184,0.242759387372615,428
HIP,72,0.4963006440325009,chno_xyz__n072_pubchem_08_de4f24b44f,0.2527991727783178,429
HIP,72,0.4844852614466935,chno_xyz__n072_pubchem_09_0d81ad32cb,0.283939954537088,430
HIP,72,0.4075978114787999,chno_xyz__n072_pubchem_10_c3e1ae1c40,0.2157252648173491,431
HIP,73,0.5246815465364191,chno_xyz__n073_pubchem_02_4a07a44405,0.2905814969221291,432
HIP,73,0.5563781496720583,chno_xyz__n073_pubchem_03_4b4e29a9b1,0.3024539200897564,433
HIP,73,0.4779514069408734,chno_xyz__n073_pubchem_04_7c1fc03389,0.2938171648029123,434
HIP,73,0.4247476389302338,chno_xyz__n073_pubchem_05_171891de43,0.2526106693291798,435
HIP,73,0.5468275997038644,chno_xyz__n073_pubchem_06_3db64a980f,0.345254876464506,436
HIP,73,0.4336639655066862,chno_xyz__n073_pubchem_07_ffd0c10101,0.2925859775586568,437
HIP,73,0.5219714346154781,chno_xyz__n073_pubchem_08_5968e1c973,0.3277725638158571,438
HIP,73,0.5190005099855866,chno_xyz__n073_pubchem_09_c498d32656,0.3327221311886112,439
HIP,73,0.7070616057587458,chno_xyz__n073_pubchem_10_0909df3b05,0.3402217011754623,440
HIP,74,0.4858818036740207,chno_xyz__n074_pubchem_01_9c17147357,0.2902366648351193,441
HIP,74,0.5292894091101433,chno_xyz__n074_pubchem_02_f93bb1bc39,0.2724942089551539,442
HIP,74,0.5745118624055482,chno_xyz__n074_pubchem_03_2703a18ad0,0.3176579972050937,443
HIP,74,0.4959201159351278,chno_xyz__n074_pubchem_04_8e2609784e,0.3270827892853114,444
HIP,74,0.468346497445789,chno_xyz__n074_pubchem_05_56e51c2ab0,0.2567192886503062,445
HIP,74,0.5009487094355667,chno_xyz__n074_pubchem_06_dfe40a8e39,0.3112996328285537,446
HIP,74,0.54510355807852,chno_xyz__n074_pubchem_07_c22a17d82a,0.3040872420476557,447
HIP,74,0.3883388287818945,chno_xyz__n074_pubchem_08_93aecede64,0.2659464815762632,448
HIP,74,0.4455286053478151,chno_xyz__n074_pubchem_09_054f683cd9,0.2521618027523864,449
HIP,74,0.4848254131592264,chno_xyz__n074_pubchem_10_8dde2aa2f2,0.3113090639414286,450
HIP,75,0.4314738976155522,chno_xyz__n075_pubchem_01_6f3c1b6f99,0.2586003727393776,451
HIP,75,0.3833536409441985,chno_xyz__n075_pubchem_04_5d0d3e90f0,0.3076220004685649,452
HIP,75,0.6125136433090798,chno_xyz__n075_pubchem_04_5ffe965e89,0.3165331875844291,453
HIP,75,0.4806381193121398,chno_xyz__n075_pubchem_05_138b94262e,0.2480999436738579,454
HIP,75,0.5655079956117044,chno_xyz__n075_pubchem_05_e44e4f3f02,0.3221914814695028,455
HIP,75,0.5570418663408532,chno_xyz__n075_pubchem_06_fad25afd98,0.2980914545486482,456
HIP,75,0.3766827611538118,chno_xyz__n075_pubchem_07_5a19b5fe6d,0.2404572968303896,457
HIP,75,0.3251735171383241,chno_xyz__n075_pubchem_08_f0c0431d38,0.2054080155133882,458
HIP,75,0.5244539936644418,chno_xyz__n075_pubchem_09_799c1fb94d,0.2639248450355634,459
HIP,75,0.4532943228400991,chno_xyz__n075_pubchem_10_f3a98bdb34,0.253444462138692,460
HIP,76,0.5344217452731441,chno_xyz__n076_pubchem_01_d210b4228c,0.3996302662363879,461
HIP,76,0.5434845907559386,chno_xyz__n076_pubchem_02_b395e479b2,0.3327598159045032,462
HIP,76,0.4285254279728563,chno_xyz__n076_pubchem_03_8cff5d42ef,0.2751420375666851,463
HIP,76,0.5590057465303396,chno_xyz__n076_pubchem_05_2a472fa8c4,0.3670045166607381,464
HIP,76,0.588185702508517,chno_xyz__n076_pubchem_05_61c0ace2f6,0.3339888370933262,465
HIP,76,0.5080752910487032,chno_xyz__n076_pubchem_06_110779fafb,0.2974119593313209,466
HIP,76,0.4396018712593739,chno_xyz__n076_pubchem_07_1442b32730,0.3082591609374308,467
HIP,76,0.570679856558549,chno_xyz__n076_pubchem_08_d476663f41,0.3331067782257741,468
HIP,76,0.5731740203353709,chno_xyz__n076_pubchem_09_2b9bd7a713,0.3393887080223457,469
HIP,76,0.6968379392644775,chno_xyz__n076_pubchem_10_6fff051554,0.3386580024909222,470
HIP,77,0.6106442424010444,chno_xyz__n077_pubchem_01_0096aa917e,0.3322158537514174,471
HIP,77,0.4585056715529937,chno_xyz__n077_pubchem_02_5e6df97273,0.2645730896847603,472
HIP,77,0.5762517826694474,chno_xyz__n077_pubchem_03_3f3acabb78,0.3073472278354773,473
HIP,77,0.6881794018104869,chno_xyz__n077_pubchem_04_935aed1046,0.3241778807095063,474
HIP,77,0.5487760931155704,chno_xyz__n077_pubchem_05_541738686c,0.290266215910411,475
HIP,77,0.5133719045820738,chno_xyz__n077_pubchem_06_b4255523dc,0.338403162496563,476
HIP,77,0.5302238335414773,chno_xyz__n077_pubchem_07_eadcb8ea09,0.3315473382308613,477
HIP,77,0.4405619110405561,chno_xyz__n077_pubchem_08_2afa424520,0.2710729897160578,478
HIP,77,0.4372308181306346,chno_xyz__n077_pubchem_09_9f0770aea6,0.2614712604165083,479
HIP,77,0.5040579787055831,chno_xyz__n077_pubchem_10_1bfc090992,0.2959560027474626,480
HIP,78,0.527921236862144,chno_xyz__n078_pubchem_03_9e59660869,0.236312442458404,481
HIP,78,0.4284544080420975,chno_xyz__n078_pubchem_04_0b37c058f9,0.3262527022433566,482
HIP,78,0.478458840190007,chno_xyz__n078_pubchem_04_294f21a0d2,0.3084159145610238,483
HIP,78,0.4789195246897176,chno_xyz__n078_pubchem_05_8aa9281ecb,0.282962366848961,484
HIP,78,0.5526086014133949,chno_xyz__n078_pubchem_05_fdcd495f92,0.3264238818869719,485
HIP,78,0.478773730414304,chno_xyz__n078_pubchem_06_7a4783b92a,0.2720868753946104,486
HIP,78,0.3707678978764346,chno_xyz__n078_pubchem_07_8b9624ad8a,0.2174185269398638,487
HIP,78,0.5085577122874705,chno_xyz__n078_pubchem_08_b866a01c50,0.2681022944299338,488
HIP,78,0.5372562327401555,chno_xyz__n078_pubchem_09_764b83a85f,0.2754528172630981,489
HIP,78,0.5045426277727882,chno_xyz__n078_pubchem_10_22cccf730b,0.3212527905026272,490
HIP,79,0.5368747518632324,chno_xyz__n079_pubchem_01_4ae541c097,0.271088918940594,491
HIP,79,0.5326482375621782,chno_xyz__n079_pubchem_02_be5d1f8ffc,0.2908698330866732,492
HIP,79,0.5923455033088306,chno_xyz__n079_pubchem_03_8754542cd0,0.3485830515653417,493
HIP,79,0.5078531680855165,chno_xyz__n079_pubchem_04_0afff9c381,0.3404866817618467,494
HIP,79,0.5359302498356256,chno_xyz__n079_pubchem_05_2d2a580b32,0.328027595732019,495
HIP,79,0.734302024000855,chno_xyz__n079_pubchem_06_7ae7dff65e,0.3252015796496366,496
HIP,79,0.5793389821433383,chno_xyz__n079_pubchem_07_8c8ab9bb50,0.3826964111191147,497
HIP,79,0.519055585702911,chno_xyz__n079_pubchem_08_57133eea86,0.3490809129571262,498
HIP,79,0.4401781352968981,chno_xyz__n079_pubchem_09_f16c92e7e9,0.2794719067493104,499
HIP,79,0.5223997688372334,chno_xyz__n079_pubchem_10_091b9b6318,0.3016296859155362,500
HIP,80,0.530013816359557,chno_xyz__n080_pubchem_01_c024c64737,0.2822237677913546,501
HIP,80,0.4827245988569727,chno_xyz__n080_pubchem_02_6fe3ed8d7f,0.3118205453465574,502
HIP,80,0.3906269814033671,chno_xyz__n080_pubchem_03_5fb942f46c,0.2797818373768494,503
HIP,80,0.5858029631819239,chno_xyz__n080_pubchem_04_9dd11be37a,0.3213739060970593,504
HIP,80,0.628018917820166,chno_xyz__n080_pubchem_05_922339249b,0.3425681284910222,505
HIP,80,0.4859073444323519,chno_xyz__n080_pubchem_06_eec42091fa,0.3178530529873512,506
HIP,80,0.3854281935757508,chno_xyz__n080_pubchem_07_5220ae7e5a,0.2373136711101908,507
HIP,80,0.4366657426921091,chno_xyz__n080_pubchem_08_6ec0ff5c2c,0.309042941450302,508
HIP,80,0.4266832342361344,chno_xyz__n080_pubchem_09_3a76e3f5e3,0.2451244409780936,509
HIP,80,0.4787414348908768,chno_xyz__n080_pubchem_10_e04102e088,0.2953849303771403,510
HIP,81,0.4923974994317633,chno_xyz__n081_pubchem_01_07fc91b58f,0.3029988396887259,511
HIP,81,0.4271789832195931,chno_xyz__n081_pubchem_02_68883e8390,0.2526130691361681,512
HIP,81,0.5664148062134122,chno_xyz__n081_pubchem_03_40e20270b6,0.3030895806583766,513
HIP,81,0.5036520433127146,chno_xyz__n081_pubchem_04_c155b1e7af,0.3165867020262681,514
HIP,81,0.4269806150737804,chno_xyz__n081_pubchem_05_fd68ae63e4,0.2468147518286725,515
HIP,81,0.5090077718332596,chno_xyz__n081_pubchem_06_8dd999607d,0.2856179819325041,516
HIP,81,0.5062676014997904,chno_xyz__n081_pubchem_07_67ab4a73de,0.2676409237664759,517
HIP,81,0.50148553498335,chno_xyz__n081_pubchem_08_dfc22690f2,0.2735096122781756,518
HIP,81,0.4258874407706965,chno_xyz__n081_pubchem_09_4df2475f9b,0.2990993244154174,519
HIP,81,0.394480259719776,chno_xyz__n081_pubchem_10_e328a7f6a4,0.2790161868177571,520
HIP,82,0.5003977118447035,chno_xyz__n082_pubchem_01_af73e2cd4e,0.367341508913761,521
HIP,82,0.6221045754673877,chno_xyz__n082_pubchem_02_fa35f61d12,0.3316105709568103,522
HIP,82,0.5728167895439716,chno_xyz__n082_pubchem_03_584830c489,0.3288951739018945,523
HIP,82,0.5649782646487639,chno_xyz__n082_pubchem_04_4b9ab79d10,0.308693954424604,524
HIP,82,0.5477464779984982,chno_xyz__n082_pubchem_05_2f79412de1,0.4012857851255599,525
HIP,82,0.4895096026082958,chno_xyz__n082_pubchem_06_faaa840cdb,0.3201345018984823,526
HIP,82,0.6528634185500448,chno_xyz__n082_pubchem_07_e28d92233f,0.3320680290547878,527
HIP,82,0.6289141576448264,chno_xyz__n082_pubchem_08_1dd90080c5,0.3493362718547101,528
HIP,82,0.6324733391133006,chno_xyz__n082_pubchem_09_fa8ea4026b,0.3407709914974903,529
HIP,82,0.6721078490528369,chno_xyz__n082_pubchem_10_f9fc781952,0.3636413229642214,530
HIP,83,0.5896320323293599,chno_xyz__n083_pubchem_01_c8463dccc6,0.3401851461745512,531
HIP,83,0.4342671602619992,chno_xyz__n083_pubchem_02_72b9d0fab8,0.2842723384661151,532
HIP,83,0.6067602808224659,chno_xyz__n083_pubchem_03_1b8fa1d8e7,0.3228582514031995,533
HIP,83,0.4439502281508058,chno_xyz__n083_pubchem_04_db0bbbeeb0,0.2875776516502114,534
HIP,83,0.5481973624852353,chno_xyz__n083_pubchem_05_fac385c0ac,0.278706427351458,535
HIP,83,0.5942995030467154,chno_xyz__n083_pubchem_06_3636ec53cd,0.3096284128236212,536
HIP,83,0.4789954984140198,chno_xyz__n083_pubchem_07_5d31ae00cf,0.3053789673505664,537
HIP,83,0.4035487521726065,chno_xyz__n083_pubchem_08_5372200843,0.2555358130243005,538
HIP,83,0.3903921815670045,chno_xyz__n083_pubchem_09_a0aec4fde8,0.2415008393513959,539
HIP,83,0.502514943301796,chno_xyz__n083_pubchem_10_6836cd8f3d,0.279825815098456,540
HIP,84,0.5376209521652915,chno_xyz__n084_pubchem_01_02dc8c51ca,0.2794344375899809,541
HIP,84,0.5718536286707758,chno_xyz__n084_pubchem_03_123c7b3245,0.3670026733450144,542
HIP,84,0.5453764439742199,chno_xyz__n084_pubchem_04_11d31b552f,0.3012865174469694,543
HIP,84,0.6789082497289166,chno_xyz__n084_pubchem_05_c2d4a0e6f7,0.3282661144278675,544
HIP,84,0.5407347882397894,chno_xyz__n084_pubchem_05_f7a71d38d6,0.2970985188454526,545
HIP,84,0.5257431177015242,chno_xyz__n084_pubchem_06_3ba774bb14,0.2789866165197663,546
HIP,84,0.5228250874787868,chno_xyz__n084_pubchem_07_6ff3692cec,0.2898791264913175,547
HIP,84,0.4859303581593119,chno_xyz__n084_pubchem_08_300b4c73be,0.2965071472735999,548
HIP,84,0.6778394490661137,chno_xyz__n084_pubchem_09_858668bd1a,0.3615131256132995,549
HIP,84,0.5528140563520844,chno_xyz__n084_pubchem_10_be658f7d8b,0.3175241024802102,550
HIP,85,0.4768888235752663,chno_xyz__n085_pubchem_01_584bf137ab,0.3293579499594539,551
HIP,85,0.5048577669265032,chno_xyz__n085_pubchem_02_a11157c0ba,0.3405746253370842,552
HIP,85,0.4802803901653102,chno_xyz__n085_pubchem_03_445bda57c0,0.2383067761549326,553
HIP,85,0.5852249549031746,chno_xyz__n085_pubchem_04_8abb972200,0.282530897073692,554
HIP,85,0.6405180747393667,chno_xyz__n085_pubchem_05_bc2102717e,0.3191191592595349,555
HIP,85,0.5161364266087585,chno_xyz__n085_pubchem_06_22b0467931,0.3188637178651555,556
HIP,85,0.5259548714780793,chno_xyz__n085_pubchem_07_dd340d2396,0.3050434445709599,557
HIP,85,0.4664622669550607,chno_xyz__n085_pubchem_08_a12d2e9213,0.2292044830232239,558
HIP,85,0.5723121153706161,chno_xyz__n085_pubchem_09_bd7c3a4ac8,0.3075563931705947,559
HIP,85,0.5824840286734253,chno_xyz__n085_pubchem_10_df2a61b6c8,0.3109895936575166,560
HIP,86,0.6261150710122283,chno_xyz__n086_pubchem_01_1a35118118,0.3281474122910391,561
HIP,86,0.5824741524683653,chno_xyz__n086_pubchem_02_a2b0647d9d,0.3351524781317658,562
HIP,86,0.5448734760724283,chno_xyz__n086_pubchem_03_73597a07e5,0.2595669789710985,563
HIP,86,0.5403777940024662,chno_xyz__n086_pubchem_04_da4d142001,0.3101435236910845,564
HIP,86,0.6252238983424995,chno_xyz__n086_pubchem_05_676587fce8,0.3230743231974655,565
HIP,86,0.4523960123566118,chno_xyz__n086_pubchem_06_a797e8fb05,0.2589715094405566,566
HIP,86,0.4501804385323382,chno_xyz__n086_pubchem_07_da3121ab0c,0.2887120792631526,567
HIP,86,0.6478152413106304,chno_xyz__n086_pubchem_08_64fec6324e,0.4035228119022648,568
HIP,86,0.6625580102952363,chno_xyz__n086_pubchem_09_5a67e55d22,0.3481597476363604,569
HIP,86,0.7493157675066391,chno_xyz__n086_pubchem_10_ebdc4d1c8c,0.3382268367585662,570
HIP,87,0.5325936549205796,chno_xyz__n087_pubchem_03_32a9803cd6,0.333890150577274,571
HIP,87,0.5162273484340437,chno_xyz__n087_pubchem_04_6cefdadf25,0.3051829750522461,572
HIP,87,0.5323873733064353,chno_xyz__n087_pubchem_04_ecbc48b43d,0.3560896624995285,573
HIP,87,0.6190796570787299,chno_xyz__n087_pubchem_05_0c34937d94,0.3283880399422245,574
HIP,87,0.5448093957383947,chno_xyz__n087_pubchem_05_a49fe27920,0.30837303505265,575
HIP,87,0.5328478968689,chno_xyz__n087_pubchem_06_241aab30b4,0.273863388700526,576
HIP,87,0.7922333401293071,chno_xyz__n087_pubchem_07_c0d549447b,0.326212643662814,577
HIP,87,0.4671566458697727,chno_xyz__n087_pubchem_08_07b0144f83,0.2779743764912116,578
HIP,87,0.7787142713267002,chno_xyz__n087_pubchem_09_7f6a8b180b,0.3465267766936165,579
HIP,87,0.4067670588323768,chno_xyz__n087_pubchem_10_f3a950d446,0.291150633105765,580
HIP,88,0.7025096091143056,chno_xyz__n088_pubchem_01_5b87af9884,0.3397297251028059,581
HIP,88,0.5737657384378417,chno_xyz__n088_pubchem_02_b9e32a7ab4,0.3619766909904552,582
HIP,88,0.6937510775420224,chno_xyz__n088_pubchem_03_3d94df0d85,0.3252398317710587,583
HIP,88,0.6102290647287206,chno_xyz__n088_pubchem_04_e95fb96e6f,0.3369226716013994,584
HIP,88,0.5718316184015787,chno_xyz__n088_pubchem_05_d8e57e9ae5,0.3458234494154505,585
HIP,88,0.5183133103733744,chno_xyz__n088_pubchem_06_ea2f993dab,0.3318319248729013,586
HIP,88,0.6591823146631346,chno_xyz__n088_pubchem_07_5d1b2a3184,0.3392684666308709,587
HIP,88,0.6180910369197292,chno_xyz__n088_pubchem_08_193d6cd354,0.3067460934134034,588
HIP,88,0.4956658589837667,chno_xyz__n088_pubchem_09_c359ad5caf,0.3288327484232183,589
HIP,88,0.4956752454076052,chno_xyz__n088_pubchem_10_b01b2f2fcf,0.3288326438428539,590
HIP,89,0.5114949052609553,chno_xyz__n089_pubchem_01_40cec481cf,0.3210558771338665,591
HIP,89,0.6394378176245968,chno_xyz__n089_pubchem_02_dc54f03d18,0.3585220048552803,592
HIP,89,0.5441403821652357,chno_xyz__n089_pubchem_03_8912996eb4,0.2643035770637353,593
HIP,89,0.5049378538604562,chno_xyz__n089_pubchem_04_cfcdbca387,0.2490929906533451,594
HIP,89,0.552133899023319,chno_xyz__n089_pubchem_05_99f1ea52c1,0.2929876619701079,595
HIP,89,0.6091252138391362,chno_xyz__n089_pubchem_06_49d91b266b,0.3078462686546767,596
HIP,89,0.5380665664459923,chno_xyz__n089_pubchem_07_fab9f73c05,0.2970630427113416,597
HIP,89,0.5045547663164195,chno_xyz__n089_pubchem_08_0b208dc9c5,0.2304479551622623,598
HIP,89,0.4880875850716095,chno_xyz__n089_pubchem_09_796d88fef0,0.2642528945906823,599
HIP,89,0.5144913657603206,chno_xyz__n089_pubchem_10_63021cdbba,0.2789898520742687,600
HIP,90,0.5879683185212282,chno_xyz__n090_pubchem_01_9a28007d8a,0.3202422217311206,601
HIP,90,0.5549953185797313,chno_xyz__n090_pubchem_02_eeeb46a51f,0.2830154912165644,602
HIP,90,0.6048061662768752,chno_xyz__n090_pubchem_04_c00752d492,0.3170760883088994,603
HIP,90,0.5800015208773333,chno_xyz__n090_pubchem_05_3ac5c7788c,0.3204488799969004,604
HIP,90,0.591140803567554,chno_xyz__n090_pubchem_05_4ed4bbe11d,0.3142694460749713,605
HIP,90,0.6214974510433336,chno_xyz__n090_pubchem_06_393f07dd39,0.3165631294093052,606
HIP,90,0.5126551627011476,chno_xyz__n090_pubchem_07_614f748779,0.2968519148019172,607
HIP,90,0.4929172796582723,chno_xyz__n090_pubchem_08_3a8d6fb0d9,0.2641850496002443,608
HIP,90,0.53570938839525,chno_xyz__n090_pubchem_09_4441dd45c3,0.2761186372271385,609
HIP,90,0.5199312814926469,chno_xyz__n090_pubchem_10_0a136aed35,0.2783114785860252,610
HIP,91,0.7024060789010582,chno_xyz__n091_pubchem_01_e7029a5f3b,0.3290261258719162,611
HIP,91,0.6224249521899374,chno_xyz__n091_pubchem_02_996d73e50a,0.3395797009720144,612
HIP,91,0.6914214488831696,chno_xyz__n091_pubchem_03_b92fdc1a98,0.3284379110799213,613
HIP,91,0.7034346370818239,chno_xyz__n091_pubchem_04_508635aaa4,0.3371446437169483,614
HIP,91,0.5008673574095365,chno_xyz__n091_pubchem_05_592df377cb,0.268627239505038,615
HIP,91,0.6163223352309767,chno_xyz__n091_pubchem_06_7b9272016c,0.3388553678102425,616
HIP,91,0.5245247438633887,chno_xyz__n091_pubchem_07_6401f025d3,0.2766496007379917,617
HIP,91,0.6270704366977702,chno_xyz__n091_pubchem_08_c58dc70284,0.3513394856071039,618
HIP,91,0.4892133280687458,chno_xyz__n091_pubchem_09_e77d16fae6,0.2475603938099555,619
HIP,91,0.5510948618277808,chno_xyz__n091_pubchem_10_bc654ad594,0.32629576202203,620
HIP,92,0.7103965881290039,chno_xyz__n092_pubchem_01_910f368488,0.3358380725325844,621
HIP,92,0.6989952372115972,chno_xyz__n092_pubchem_02_7d13c14f9f,0.3372219561086165,622
HIP,92,0.4683064666984102,chno_xyz__n092_pubchem_03_fa81db9481,0.2965226952207976,623
HIP,92,0.6357121312524784,chno_xyz__n092_pubchem_04_ce390d8807,0.332947551184181,624
HIP,92,0.5126914996758934,chno_xyz__n092_pubchem_05_95596cd2ca,0.2822508875944325,625
HIP,92,0.5474600918591709,chno_xyz__n092_pubchem_06_77bce39497,0.3161457185752728,626
HIP,92,0.5936634550089838,chno_xyz__n092_pubchem_07_f078a46f84,0.2915647172225843,627
HIP,92,0.5086627351983865,chno_xyz__n092_pubchem_08_ca129e4143,0.2518128340727434,628
HIP,92,0.6292986945591695,chno_xyz__n092_pubchem_09_83df52ffb0,0.3202491099749765,629
HIP,92,0.5438138926594709,chno_xyz__n092_pubchem_10_de55127caa,0.3072083111490091,630
HIP,93,0.6823331076766662,chno_xyz__n093_pubchem_02_b334b9b476,0.3314423583811728,631
HIP,93,0.6959702772230453,chno_xyz__n093_pubchem_04_8adf3f3681,0.3434631723415526,632
HIP,93,0.5513775405137402,chno_xyz__n093_pubchem_04_a621c65051,0.288377944480005,633
HIP,93,0.6177242371955112,chno_xyz__n093_pubchem_05_0ca208e89b,0.3633569471731951,634
HIP,93,0.5024145624331572,chno_xyz__n093_pubchem_05_7cfbfa047a,0.2904399679922866,635
HIP,93,0.5122792219777174,chno_xyz__n093_pubchem_06_3af3769116,0.2999612350725088,636
HIP,93,0.5235254116367217,chno_xyz__n093_pubchem_07_52883021f7,0.2657202340948547,637
HIP,93,0.5703206108038401,chno_xyz__n093_pubchem_08_465a69a4e3,0.3120388997908703,638
HIP,93,0.6344786025328996,chno_xyz__n093_pubchem_09_2e9ca15e9b,0.3468108369910565,639
HIP,93,0.5770524543690191,chno_xyz__n093_pubchem_10_8a06ab8bb7,0.3080377317825459,640
HIP,94,0.5838999840561893,chno_xyz__n094_pubchem_01_6ad409f81a,0.3503322184683839,641
HIP,94,0.537726977648112,chno_xyz__n094_pubchem_02_840479eb40,0.3472304034178426,642
HIP,94,0.5629843547838768,chno_xyz__n094_pubchem_03_d0da68bf22,0.2752951590758214,643
HIP,94,0.7200429871274507,chno_xyz__n094_pubchem_04_8f1a85008a,0.3643083468764458,644
HIP,94,0.7511540481298186,chno_xyz__n094_pubchem_05_2b1feaef67,0.3354465896118697,645
HIP,94,0.6556092492997325,chno_xyz__n094_pubchem_06_ab45b0c852,0.3310705777862916,646
HIP,94,0.6258504081701045,chno_xyz__n094_pubchem_07_854dd9069f,0.3344113921527812,647
HIP,94,0.6391349175419183,chno_xyz__n094_pubchem_08_e53dc49600,0.3193727195040444,648
HIP,94,0.6482388272534548,chno_xyz__n094_pubchem_09_6a47481372,0.3538074906917149,649
HIP,94,0.708687549765127,chno_xyz__n094_pubchem_10_dfcb172989,0.3271490716202425,650
HIP,95,0.5948494430205723,chno_xyz__n095_pubchem_01_702ba30f16,0.3149582198110955,651
HIP,95,0.7259539391008252,chno_xyz__n095_pubchem_02_3b34e9d3d6,0.3419100881581663,652
HIP,95,0.5388446781260757,chno_xyz__n095_pubchem_03_3da2812c5a,0.2933379700855608,653
HIP,95,0.5396216096880115,chno_xyz__n095_pubchem_04_33eae563ff,0.3120512590615464,654
HIP,95,0.5866775935629551,chno_xyz__n095_pubchem_05_f2ef752a23,0.3012454612382987,655
HIP,95,0.7095412259949893,chno_xyz__n095_pubchem_06_c5899153fd,0.3330111492239219,656
HIP,95,0.6768401849114937,chno_xyz__n095_pubchem_07_3358843ed7,0.3227603130713376,657
HIP,95,0.6562233320709903,chno_xyz__n095_pubchem_08_b8d6075f13,0.3152821831599845,658
HIP,95,0.6606894772313594,chno_xyz__n095_pubchem_09_07c7bd5458,0.3265600616066185,659
HIP,95,0.6725177669542118,chno_xyz__n095_pubchem_10_d2cc2f591c,0.3194970616974834,660
HIP,96,0.6308064085043044,chno_xyz__n096_pubchem_03_b6a0adc102,0.3188799322197225,661
HIP,96,0.548722903732697,chno_xyz__n096_pubchem_04_ceb28a251d,0.3136709378224732,662
HIP,96,0.595256936417759,chno_xyz__n096_pubchem_05_3de9bfc1d9,0.3328456930796332,663
HIP,96,0.5631569903023305,chno_xyz__n096_pubchem_05_ec565af0e5,0.3013809926318468,664
HIP,96,0.4691996536748886,chno_xyz__n096_pubchem_06_eb8d4b2d64,0.2830113047129787,665
HIP,96,0.5191715308586319,chno_xyz__n096_pubchem_07_58f1519121,0.2940713037177119,666
HIP,96,0.5868908753139503,chno_xyz__n096_pubchem_08_00949963d4,0.3030620738277902,667
HIP,96,0.5592751595825094,chno_xyz__n096_pubchem_09_ba55aaa2a9,0.304132123530188,668
HIP,96,0.5701463530012714,chno_xyz__n096_pubchem_10_9cd35b682f,0.2895816425093117,669
HIP,97,0.6164622910949096,chno_xyz__n097_pubchem_01_2c333b82a2,0.3694569547887339,670
HIP,97,0.5759634154434321,chno_xyz__n097_pubchem_02_56701a5139,0.3414201820710813,671
HIP,97,0.5511283713663603,chno_xyz__n097_pubchem_04_b350a4372e,0.216588982038571,672
HIP,97,0.6931595562247624,chno_xyz__n097_pubchem_05_453e88dcdf,0.379873733854469,673
HIP,97,0.6185667388476634,chno_xyz__n097_pubchem_05_b84f264fb5,0.323635015601132,674
HIP,97,0.7369779647659538,chno_xyz__n097_pubchem_06_702315b0e4,0.3823730571054078,675
HIP,97,0.5703745979361261,chno_xyz__n097_pubchem_07_1b8dd9af47,0.3317092907503775,676
HIP,97,0.759856681452357,chno_xyz__n097_pubchem_08_71fcaa3c6e,0.3417088863765006,677
HIP,97,0.7189092968090955,chno_xyz__n097_pubchem_09_5b8a9036aa,0.3524031827793117,678
HIP,97,0.576811677474276,chno_xyz__n097_pubchem_10_e8ecd07941,0.3789974988339694,679
HIP,98,0.6062627172351943,chno_xyz__n098_pubchem_01_382c0011f3,0.2984872831997601,680
HIP,98,0.616809534668032,chno_xyz__n098_pubchem_02_5ec1bd2940,0.3128921848342931,681
HIP,98,0.5467435023102999,chno_xyz__n098_pubchem_03_dc6139ea0a,0.3079605228946685,682
HIP,98,0.5956266534829938,chno_xyz__n098_pubchem_04_a3bfb7c5a9,0.3547871164667645,683
HIP,98,0.6688696534434491,chno_xyz__n098_pubchem_05_77b8e90c0d,0.3701621643274704,684
HIP,98,0.6081985312887414,chno_xyz__n098_pubchem_06_03b2a13f1d,0.3849350002364726,685
HIP,98,0.6176885402464711,chno_xyz__n098_pubchem_07_4d160e80ab,0.363537970531609,686
HIP,98,0.8587212332270368,chno_xyz__n098_pubchem_08_a20a27d288,0.3604150217140294,687
HIP,98,0.7049207677513118,chno_xyz__n098_pubchem_09_d3baa595e9,0.363591900535702,688
HIP,98,0.6832068498716714,chno_xyz__n098_pubchem_10_83821b4cb0,0.3249509919191541,689
HIP,99,0.687167117489184,chno_xyz__n099_pubchem_02_5bb099269b,0.3286208850099186,690
HIP,99,0.5534108883329358,chno_xyz__n099_pubchem_03_d91796900e,0.3140453710283346,691
HIP,99,0.6518043236110478,chno_xyz__n099_pubchem_04_73f235573c,0.3396449239252517,692
HIP,99,0.5878000775024029,chno_xyz__n099_pubchem_05_7ef3dd928e,0.2792954863568379,693
HIP,99,0.5695492714283725,chno_xyz__n099_pubchem_05_89bde37e62,0.3353406583650812,694
HIP,99,0.6296162735186734,chno_xyz__n099_pubchem_06_59d5cc2c25,0.3032738889478347,695
HIP,99,0.6131531473087763,chno_xyz__n099_pubchem_07_95b01a4792,0.354155603182019,696
HIP,99,0.5981570426021372,chno_xyz__n099_pubchem_08_58190e47f7,0.3547300000649757,697
HIP,99,0.6124566466991967,chno_xyz__n099_pubchem_09_ab603c7740,0.2773065431042,698
HIP,99,0.4981009763539743,chno_xyz__n099_pubchem_10_c2ce9060fa,0.290510204169403,699
HIP,100,0.767486540410314,chno_xyz__n100_pubchem_02_6ad2f7fce4,0.3730136036540672,701
HIP,100,0.790948941261091,chno_xyz__n100_pubchem_03_76d819f675,0.3650284207132372,702
HIP,100,0.7404310930519694,chno_xyz__n100_pubchem_04_0739d00b09,0.3768927619958146,703
HIP,100,0.6508749482171421,chno_xyz__n100_pubchem_05_8650eabf35,0.3039654931845527,704
HIP,100,0.5776967209223495,chno_xyz__n100_pubchem_06_bbd886bf40,0.3627589472987883,705
HIP,100,0.6116161739160786,chno_xyz__n100_pubchem_07_e85d566d14,0.3526234395399767,706
HIP,100,0.7465941616714817,chno_xyz__n100_pubchem_08_d3c7f8679b,0.3648734524358632,707
HIP,100,0.6452048136131558,chno_xyz__n100_pubchem_09_7303ce3b85,0.3152906496322352,708
HIP,100,0.6973703511921739,chno_xyz__n100_pubchem_10_5cf3dc516e,0.3663554970484487,709
EquiformerV2 AD,30,1.833855237108016,chno_xyz__n030_pubchem_01_66269f5ee7,0.4927068224121311,8
EquiformerV2 AD,30,1.7280716175500688,chno_xyz__n030_pubchem_02_bb910efe6b,0.5671167854466083,9
EquiformerV2 AD,30,1.9847748974473884,chno_xyz__n030_pubchem_03_d4d4721ab2,0.4763314134650756,10
EquiformerV2 AD,30,2.8223951785308694,chno_xyz__n030_pubchem_04_2c581595d2,0.5740126511086981,11
EquiformerV2 AD,30,1.7078207788804287,chno_xyz__n030_pubchem_05_bbc149610e,0.5284036076270427,12
EquiformerV2 AD,30,1.687303942251523,chno_xyz__n030_pubchem_06_ade0bbe57f,0.5223955523413849,13
EquiformerV2 AD,30,1.762713934901286,chno_xyz__n030_pubchem_07_ce2df8999e,0.3732784729839535,14
EquiformerV2 AD,30,1.922435118608547,chno_xyz__n030_pubchem_08_f8e7907176,0.4744390357644283,15
EquiformerV2 AD,30,1.5966796242272074,chno_xyz__n030_pubchem_09_1cfcb043bb,0.3856784145839609,16
EquiformerV2 AD,30,1.7067002125066952,chno_xyz__n030_pubchem_10_6725cb2251,0.4762830195660265,17
EquiformerV2 AD,31,2.098380896897337,chno_xyz__n031_pubchem_01_e64886bc63,0.4359298798212637,18
EquiformerV2 AD,31,2.25806760459989,chno_xyz__n031_pubchem_02_b3f0346a7f,0.4273066205548809,19
EquiformerV2 AD,31,2.2331520974180723,chno_xyz__n031_pubchem_03_0cfe771625,0.4151811382746318,20
EquiformerV2 AD,31,1.922912928776464,chno_xyz__n031_pubchem_04_79e270a811,0.4845093376649712,21
EquiformerV2 AD,31,2.0508007119081197,chno_xyz__n031_pubchem_05_2689970a95,0.4893354514124615,22
EquiformerV2 AD,31,4.369218741470536,chno_xyz__n031_pubchem_06_e15c77b082,0.5693340609627664,23
EquiformerV2 AD,31,3.2943947871465795,chno_xyz__n031_pubchem_07_35deea2bdf,0.5791073700906958,24
EquiformerV2 AD,31,2.759562920502285,chno_xyz__n031_pubchem_08_8ad1d3a56a,0.5190578343810589,25
EquiformerV2 AD,31,1.833686105026224,chno_xyz__n031_pubchem_09_198fbd2845,0.3970312514939374,26
EquiformerV2 AD,31,1.6016833678007354,chno_xyz__n031_pubchem_10_02d5cd3582,0.3625465918667104,27
EquiformerV2 AD,32,2.51580271626315,chno_xyz__n032_pubchem_01_30b57f4594,0.4699620081437985,28
EquiformerV2 AD,32,2.462423717772721,chno_xyz__n032_pubchem_02_73f2b1f04d,0.5619010269027025,29
EquiformerV2 AD,32,1.7150821883511147,chno_xyz__n032_pubchem_03_f1e372dd26,0.5091182718266059,30
EquiformerV2 AD,32,2.7161158263481733,chno_xyz__n032_pubchem_04_412bf4df5b,0.4401032165328313,31
EquiformerV2 AD,32,2.786098667512664,chno_xyz__n032_pubchem_05_7c58f103dc,0.4168019614940401,32
EquiformerV2 AD,32,3.701828281791264,chno_xyz__n032_pubchem_06_8b2b26c9ac,0.5300083425092605,33
EquiformerV2 AD,32,1.7947146713798503,chno_xyz__n032_pubchem_07_0d63c2c8f4,0.4119686685397506,34
EquiformerV2 AD,32,1.7947145385311651,chno_xyz__n032_pubchem_08_59b719eaac,0.4119686772943772,35
EquiformerV2 AD,32,1.8052529413586904,chno_xyz__n032_pubchem_09_f30d310a17,0.4070509633946794,36
EquiformerV2 AD,32,1.8616016410204803,chno_xyz__n032_pubchem_10_61d5145020,0.5524400495801661,37
EquiformerV2 AD,33,2.2373344006464384,chno_xyz__n033_pubchem_01_8ea2968c72,0.4063949455935883,38
EquiformerV2 AD,33,3.761742508832957,chno_xyz__n033_pubchem_02_4e9d6319a4,0.582750909064802,39
EquiformerV2 AD,33,2.504878900453168,chno_xyz__n033_pubchem_03_432fc4b7a7,0.5398987055305385,40
EquiformerV2 AD,33,2.0718524581512523,chno_xyz__n033_pubchem_04_cca6c36fdc,0.4659168291418963,41
EquiformerV2 AD,33,2.056681309034138,chno_xyz__n033_pubchem_05_dc451bce8d,0.4831630504093499,42
EquiformerV2 AD,33,2.09543984448006,chno_xyz__n033_pubchem_06_ede58c2360,0.5881275151215125,43
EquiformerV2 AD,33,2.79501246753002,chno_xyz__n033_pubchem_07_0302ed5268,0.5750986765911186,44
EquiformerV2 AD,33,2.433535773004374,chno_xyz__n033_pubchem_08_7bdc4e5df3,0.5571853339448717,45
EquiformerV2 AD,33,2.0358058322275494,chno_xyz__n033_pubchem_09_30352b73e3,0.4937658550249303,46
EquiformerV2 AD,33,2.080424437333671,chno_xyz__n033_pubchem_10_72fe8d32e4,0.4712524884720532,47
EquiformerV2 AD,34,2.7401603857086374,chno_xyz__n034_pubchem_01_5ec57c4d6c,0.445872748260715,48
EquiformerV2 AD,34,2.4871673793763374,chno_xyz__n034_pubchem_02_9f6fe47fd0,0.4124440330026422,49
EquiformerV2 AD,34,4.689979258748487,chno_xyz__n034_pubchem_03_6fbd989337,0.6768626193908358,50
EquiformerV2 AD,34,2.249902398861113,chno_xyz__n034_pubchem_04_e39e4e2119,0.4324001714325668,51
EquiformerV2 AD,34,3.95382465029194,chno_xyz__n034_pubchem_05_97e54e66fa,0.613713822578921,52
EquiformerV2 AD,34,2.112572239558848,chno_xyz__n034_pubchem_06_af3782eebd,0.4041138082256108,53
EquiformerV2 AD,34,2.090615903767221,chno_xyz__n034_pubchem_07_1d19ca4e73,0.3874108035183964,54
EquiformerV2 AD,34,2.1924481848227555,chno_xyz__n034_pubchem_08_86343106e3,0.4176144207510002,55
EquiformerV2 AD,34,2.167886229530108,chno_xyz__n034_pubchem_09_e7ecea8e34,0.4131594197330104,56
EquiformerV2 AD,34,2.8726671233302183,chno_xyz__n034_pubchem_10_008722cb8c,0.4711189305625763,57
EquiformerV2 AD,35,2.3112447951487,chno_xyz__n035_pubchem_01_42f98ead36,0.4798912230404208,58
EquiformerV2 AD,35,2.1846701816735443,chno_xyz__n035_pubchem_02_8ddd3bccda,0.5275914766311804,59
EquiformerV2 AD,35,2.1925884435316214,chno_xyz__n035_pubchem_03_c4430fd283,0.4336150416287215,60
EquiformerV2 AD,35,2.028811995161796,chno_xyz__n035_pubchem_04_6d4fafc1b6,0.4482504348481028,61
EquiformerV2 AD,35,4.14687581687123,chno_xyz__n035_pubchem_05_46d2d4caeb,0.5922255044389698,62
EquiformerV2 AD,35,2.0088572059729786,chno_xyz__n035_pubchem_06_f0d2b096aa,0.4747249502858413,63
EquiformerV2 AD,35,5.624356033466202,chno_xyz__n035_pubchem_07_8b3afd7d12,0.6998816031565912,64
EquiformerV2 AD,35,2.27293692002448,chno_xyz__n035_pubchem_08_e02417e586,0.4473024830267191,65
EquiformerV2 AD,35,2.1270070568375545,chno_xyz__n035_pubchem_09_e9f278b5c9,0.4024301755061923,66
EquiformerV2 AD,35,3.265221102743173,chno_xyz__n035_pubchem_10_da4c68144e,0.5399414168229429,67
EquiformerV2 AD,36,4.63759530044121,chno_xyz__n036_pubchem_01_9372688d2e,0.6197829269538024,68
EquiformerV2 AD,36,2.201867063579391,chno_xyz__n036_pubchem_02_89c0e53b40,0.4651503609754341,69
EquiformerV2 AD,36,4.751795922836538,chno_xyz__n036_pubchem_03_9753251700,0.6986990879751412,70
EquiformerV2 AD,36,4.776966488608024,chno_xyz__n036_pubchem_04_8a06f2e81b,0.6672078323009788,71
EquiformerV2 AD,36,2.3243338711146304,chno_xyz__n036_pubchem_05_a365f4e1c0,0.4762500281371684,72
EquiformerV2 AD,36,2.324517636945869,chno_xyz__n036_pubchem_06_1f02f12408,0.5071238824384208,73
EquiformerV2 AD,36,2.061065135817856,chno_xyz__n036_pubchem_07_18c479e66d,0.4554297863486931,74
EquiformerV2 AD,36,2.0618529626387483,chno_xyz__n036_pubchem_08_3c11176a8c,0.4574239543396149,75
EquiformerV2 AD,36,4.8662579172552265,chno_xyz__n036_pubchem_09_be2e4d5977,0.6665262660921885,76
EquiformerV2 AD,36,2.408335765093631,chno_xyz__n036_pubchem_10_7eaf3b7ea9,0.4849698486667654,77
EquiformerV2 AD,37,2.884103534185588,chno_xyz__n037_pubchem_01_4eb027dcbc,0.4667395594478302,78
EquiformerV2 AD,37,3.1714336116124238,chno_xyz__n037_pubchem_02_217dcc809e,0.4683492807296516,79
EquiformerV2 AD,37,2.442016046656716,chno_xyz__n037_pubchem_03_580fa98d04,0.3855404546632661,80
EquiformerV2 AD,37,2.424676757208664,chno_xyz__n037_pubchem_04_61dd8ca006,0.3870335401252001,81
EquiformerV2 AD,37,3.6754427621298986,chno_xyz__n037_pubchem_05_de8c8b427f,0.4915434802908024,82
EquiformerV2 AD,37,2.7865102751973496,chno_xyz__n037_pubchem_06_1d5c8eabfd,0.577907657331505,83
EquiformerV2 AD,37,2.952353062663739,chno_xyz__n037_pubchem_07_d9d4d1746a,0.4313765572736507,84
EquiformerV2 AD,37,2.6557095345324546,chno_xyz__n037_pubchem_08_6aa07f5108,0.4227975886284534,85
EquiformerV2 AD,37,4.726521400246177,chno_xyz__n037_pubchem_09_bf1544d8ab,0.6174867604963201,86
EquiformerV2 AD,37,2.75926325825889,chno_xyz__n037_pubchem_10_fafcdbc9c6,0.444357466080422,87
EquiformerV2 AD,38,3.2783113449358248,chno_xyz__n038_pubchem_01_0ed8e34947,0.5173977786297808,88
EquiformerV2 AD,38,2.4319324213251603,chno_xyz__n038_pubchem_02_6a1c45dc86,0.4925025542084207,89
EquiformerV2 AD,38,2.647824637030944,chno_xyz__n038_pubchem_03_db29b2d64e,0.494240139368176,90
EquiformerV2 AD,38,2.614691909334827,chno_xyz__n038_pubchem_04_cd4980ed9b,0.5488710750261298,91
EquiformerV2 AD,38,2.629881026209792,chno_xyz__n038_pubchem_05_a998b4c2d4,0.4807658192799501,92
EquiformerV2 AD,38,2.852703208488129,chno_xyz__n038_pubchem_06_75580923e2,0.4975062729584201,93
EquiformerV2 AD,38,2.851503047479107,chno_xyz__n038_pubchem_07_189d10f67c,0.5351010485176207,94
EquiformerV2 AD,38,3.278460230173038,chno_xyz__n038_pubchem_08_63fd89c2c7,0.517386978537762,95
EquiformerV2 AD,38,3.14582140856234,chno_xyz__n038_pubchem_09_46d090e834,0.5466844767018683,96
EquiformerV2 AD,38,2.5818744053309133,chno_xyz__n038_pubchem_10_338dca548c,0.4750231433747898,97
EquiformerV2 AD,39,5.463871888800637,chno_xyz__n039_pubchem_01_0a1f9a6ff4,0.6387888898552266,98
EquiformerV2 AD,39,5.189315337391177,chno_xyz__n039_pubchem_02_7a8f6a9c70,0.5854950716718402,99
EquiformerV2 AD,39,2.6789994307006757,chno_xyz__n039_pubchem_03_1e5ec58f20,0.4515247789497192,100
EquiformerV2 AD,39,2.5364296705731606,chno_xyz__n039_pubchem_04_529609e618,0.4629019992101941,101
EquiformerV2 AD,39,2.613397161207166,chno_xyz__n039_pubchem_05_0c072af82c,0.5038293304707714,102
EquiformerV2 AD,39,3.1024821546244628,chno_xyz__n039_pubchem_06_d085bfa194,0.5409793655653342,103
EquiformerV2 AD,39,3.301354534785147,chno_xyz__n039_pubchem_07_e7d49cf581,0.6059905942208952,104
EquiformerV2 AD,39,2.672952412223179,chno_xyz__n039_pubchem_08_19ac0cd72c,0.4523818796633362,105
EquiformerV2 AD,39,2.761882704191528,chno_xyz__n039_pubchem_09_480f231d16,0.4015678481713136,106
EquiformerV2 AD,39,2.52050538936108,chno_xyz__n039_pubchem_10_393aa24b9c,0.4653999525844334,107
EquiformerV2 AD,40,3.4858503694692184,chno_xyz__n040_pubchem_01_c1cc50dffa,0.4602741114193676,108
EquiformerV2 AD,40,3.177256092164489,chno_xyz__n040_pubchem_02_ff48672c70,0.4926987541901466,109
EquiformerV2 AD,40,5.323044612840422,chno_xyz__n040_pubchem_03_2ab1cea975,0.6280722076780291,110
EquiformerV2 AD,40,3.2153442210308705,chno_xyz__n040_pubchem_04_c1515cde0a,0.4658575600307633,111
EquiformerV2 AD,40,4.396857310334463,chno_xyz__n040_pubchem_05_d30962cda4,0.5324058224217374,112
EquiformerV2 AD,40,4.198035424327855,chno_xyz__n040_pubchem_06_85eaadd740,0.5236346617886479,113
EquiformerV2 AD,40,4.172172331658372,chno_xyz__n040_pubchem_07_6b2f81ef87,0.5190889249645259,114
EquiformerV2 AD,40,3.393583144924754,chno_xyz__n040_pubchem_08_075e587eba,0.4995900940763061,115
EquiformerV2 AD,40,3.335581910748952,chno_xyz__n040_pubchem_09_903babc142,0.4520652185444982,116
EquiformerV2 AD,40,5.675949720255884,chno_xyz__n040_pubchem_10_22767e420a,0.6918157603105134,117
EquiformerV2 AD,41,7.412899807548766,chno_xyz__n041_pubchem_01_434c9ac63c,0.6958773825600265,118
EquiformerV2 AD,41,3.0782083418927155,chno_xyz__n041_pubchem_02_0fda9546bd,0.514117368358297,119
EquiformerV2 AD,41,7.709513893478562,chno_xyz__n041_pubchem_03_d300c832e3,0.795116204646461,120
EquiformerV2 AD,41,2.9088798664583018,chno_xyz__n041_pubchem_04_79b71aeba9,0.4576579380414642,121
EquiformerV2 AD,41,2.860548816099914,chno_xyz__n041_pubchem_05_ccc0ee08c0,0.5234182532343142,122
EquiformerV2 AD,41,3.818054473791464,chno_xyz__n041_pubchem_06_0ac2c7d1f8,0.5483215578487957,123
EquiformerV2 AD,41,5.329580784010886,chno_xyz__n041_pubchem_07_44a1e2718f,0.6484529006554426,124
EquiformerV2 AD,41,2.7058379009216558,chno_xyz__n041_pubchem_08_5eac95a579,0.4873115092271871,125
EquiformerV2 AD,41,4.75165096633103,chno_xyz__n041_pubchem_09_1daaa3361f,0.5826377338660415,126
EquiformerV2 AD,41,3.56899283010528,chno_xyz__n041_pubchem_10_c3d3542ac7,0.5992532934398291,127
EquiformerV2 AD,42,3.896386220118593,chno_xyz__n042_pubchem_02_584eafa193,0.534499860267546,128
EquiformerV2 AD,42,6.052506054488252,chno_xyz__n042_pubchem_03_306b96fd28,0.6042277086089128,129
EquiformerV2 AD,42,5.955109046704236,chno_xyz__n042_pubchem_04_ae3c1e8981,0.6315376589043555,130
EquiformerV2 AD,42,4.201503029212509,chno_xyz__n042_pubchem_05_1160a3896b,0.6352724893886,131
EquiformerV2 AD,42,6.273188237429702,chno_xyz__n042_pubchem_06_0590ffb868,0.6312205070166095,132
EquiformerV2 AD,42,4.269276105380008,chno_xyz__n042_pubchem_07_25f558b65c,0.5258637705526061,133
EquiformerV2 AD,42,3.294048370326115,chno_xyz__n042_pubchem_08_563b9a28a3,0.508410572027773,134
EquiformerV2 AD,42,2.69231467356618,chno_xyz__n042_pubchem_09_46ee762eb9,0.4426720621129174,135
EquiformerV2 AD,42,2.841549596106129,chno_xyz__n042_pubchem_10_be49f3cda8,0.4347271889728298,136
EquiformerV2 AD,43,3.657247374279009,chno_xyz__n043_pubchem_01_f45e37c77a,0.4854991479240664,137
EquiformerV2 AD,43,3.5366355038766453,chno_xyz__n043_pubchem_02_36aafe149b,0.4665621557879777,138
EquiformerV2 AD,43,3.4638735474431805,chno_xyz__n043_pubchem_03_e6982f5ea7,0.4928679055615911,139
EquiformerV2 AD,43,3.439996073640593,chno_xyz__n043_pubchem_04_26d85b956a,0.4833990728070426,140
EquiformerV2 AD,43,4.579023925559672,chno_xyz__n043_pubchem_05_c52799fa6c,0.514340813919364,141
EquiformerV2 AD,43,5.815589476423376,chno_xyz__n043_pubchem_06_854e1985bc,0.6729181349793159,142
EquiformerV2 AD,43,3.117017268859012,chno_xyz__n043_pubchem_07_2a9c0b33f6,0.4037001129597611,143
EquiformerV2 AD,43,3.5044810196855933,chno_xyz__n043_pubchem_08_9d9d0eeece,0.4812360147495284,144
EquiformerV2 AD,43,5.458826279738362,chno_xyz__n043_pubchem_09_be1552cadb,0.5500396655262965,145
EquiformerV2 AD,43,3.351024959604468,chno_xyz__n043_pubchem_10_84ce204c08,0.4310334584248506,146
EquiformerV2 AD,44,5.973420675068779,chno_xyz__n044_pubchem_02_b4b5544339,0.6270191009554686,147
EquiformerV2 AD,44,3.742367922670352,chno_xyz__n044_pubchem_03_a048e441e9,0.5195982613776237,148
EquiformerV2 AD,44,7.233898573862484,chno_xyz__n044_pubchem_04_891ca65ca8,0.6538789503190274,149
EquiformerV2 AD,44,4.518421943726364,chno_xyz__n044_pubchem_05_af4a4aff34,0.5463950804415074,150
EquiformerV2 AD,44,6.557386284886265,chno_xyz__n044_pubchem_06_93aeead65a,0.6711885077820464,151
EquiformerV2 AD,44,3.7808159945616064,chno_xyz__n044_pubchem_07_624652e328,0.5260507446953961,152
EquiformerV2 AD,44,4.253767484389145,chno_xyz__n044_pubchem_08_4013c7bcf3,0.5579027904398696,153
EquiformerV2 AD,44,7.638288528232115,chno_xyz__n044_pubchem_09_563c1678ac,0.6316678826480212,154
EquiformerV2 AD,44,7.98329806979805,chno_xyz__n044_pubchem_10_f494af49b6,0.6675543942322794,155
EquiformerV2 AD,45,7.001185962825441,chno_xyz__n045_pubchem_01_ea306980ac,0.6355658518837138,156
EquiformerV2 AD,45,4.347163297412154,chno_xyz__n045_pubchem_02_eb47ec5211,0.50343231018295,157
EquiformerV2 AD,45,4.397975644876488,chno_xyz__n045_pubchem_03_0705ed580e,0.5455430925903452,158
EquiformerV2 AD,45,4.043299037987874,chno_xyz__n045_pubchem_04_6eaaedd207,0.5500971046282817,159
EquiformerV2 AD,45,3.74488574271476,chno_xyz__n045_pubchem_05_ed490da07a,0.5283342471371775,160
EquiformerV2 AD,45,3.217882107513512,chno_xyz__n045_pubchem_06_69820ab4fc,0.4735582977083316,161
EquiformerV2 AD,45,2.9721258230571106,chno_xyz__n045_pubchem_07_d920b602ee,0.4356314003292508,162
EquiformerV2 AD,45,6.796248075812833,chno_xyz__n045_pubchem_08_c6e5c36f1c,0.6160880492353181,163
EquiformerV2 AD,45,3.693960686646125,chno_xyz__n045_pubchem_09_d76da5a0ce,0.5367986135785375,164
EquiformerV2 AD,45,4.6577670834694205,chno_xyz__n045_pubchem_10_39b1360096,0.5140087546824228,165
EquiformerV2 AD,46,3.433794264997697,chno_xyz__n046_pubchem_01_0e9e209090,0.4925617126459017,166
EquiformerV2 AD,46,6.51768650218081,chno_xyz__n046_pubchem_02_ff8f0e37ae,0.6362326862367634,167
EquiformerV2 AD,46,7.163868260608107,chno_xyz__n046_pubchem_03_ace899fa3a,0.6336306806191712,168
EquiformerV2 AD,46,5.345695226990471,chno_xyz__n046_pubchem_04_f3878c6165,0.5437290414951721,169
EquiformerV2 AD,46,3.589001851522279,chno_xyz__n046_pubchem_05_1f8b66a73a,0.5464745936700948,170
EquiformerV2 AD,46,3.4126475342585048,chno_xyz__n046_pubchem_06_73d62a77c5,0.5004807642565652,171
EquiformerV2 AD,46,6.277857723384912,chno_xyz__n046_pubchem_07_234fc5db1d,0.558668411734366,172
EquiformerV2 AD,46,3.9667085293145927,chno_xyz__n046_pubchem_08_0a0aee7260,0.496781769265189,173
EquiformerV2 AD,46,3.82271988272096,chno_xyz__n046_pubchem_09_e00fc09b59,0.542837564950439,174
EquiformerV2 AD,46,4.442319290576708,chno_xyz__n046_pubchem_10_2138a0cb4b,0.6137720950039538,175
EquiformerV2 AD,47,7.90084039111598,chno_xyz__n047_pubchem_01_51e196b23f,0.6667648998010547,176
EquiformerV2 AD,47,5.259777147862736,chno_xyz__n047_pubchem_02_d238e881be,0.5487217699060813,177
EquiformerV2 AD,47,7.060572598938085,chno_xyz__n047_pubchem_03_bee604697e,0.5626701815133599,178
EquiformerV2 AD,47,6.206265716630152,chno_xyz__n047_pubchem_04_623bc20e21,0.554648347525254,179
EquiformerV2 AD,47,3.895611619924194,chno_xyz__n047_pubchem_05_0a642180d7,0.5121010649055757,180
EquiformerV2 AD,47,4.132980988177562,chno_xyz__n047_pubchem_06_17a9ef728c,0.5824613535975592,181
EquiformerV2 AD,47,7.900840324065141,chno_xyz__n047_pubchem_07_d524fbbd3f,0.6667649006913243,182
EquiformerV2 AD,47,4.3583253942137405,chno_xyz__n047_pubchem_08_f7719a974d,0.5206349686900783,183
EquiformerV2 AD,47,3.276787261538221,chno_xyz__n047_pubchem_09_c2ad51714c,0.486140070477073,184
EquiformerV2 AD,47,3.2428648638197743,chno_xyz__n047_pubchem_10_4ea09f4674,0.4909114326226385,185
EquiformerV2 AD,48,5.717183689939072,chno_xyz__n048_pubchem_01_fc78f4ba9e,0.5427349437445996,186
EquiformerV2 AD,48,3.756398228491807,chno_xyz__n048_pubchem_02_ff7be2fcec,0.5222427250374352,187
EquiformerV2 AD,48,5.561155870596859,chno_xyz__n048_pubchem_03_950031b754,0.6053272781142351,188
EquiformerV2 AD,48,5.661942962802643,chno_xyz__n048_pubchem_04_826bd10afb,0.5628117832839584,189
EquiformerV2 AD,48,7.362281003384709,chno_xyz__n048_pubchem_05_055d62caa2,0.6036309749190683,190
EquiformerV2 AD,48,7.326574891707295,chno_xyz__n048_pubchem_06_563e529fd0,0.611319179340484,191
EquiformerV2 AD,48,4.728045181251804,chno_xyz__n048_pubchem_07_b94db7ab28,0.5053990933407584,192
EquiformerV2 AD,48,3.591257502975137,chno_xyz__n048_pubchem_08_a96fe5d9d5,0.4609159335536872,193
EquiformerV2 AD,48,3.6656497629708538,chno_xyz__n048_pubchem_09_68626f3de9,0.4720202555443021,194
EquiformerV2 AD,48,7.391723383838967,chno_xyz__n048_pubchem_10_199cd84b9e,0.590081171308276,195
EquiformerV2 AD,49,7.196200094641509,chno_xyz__n049_pubchem_01_1c3daa3b50,0.6020582544611326,196
EquiformerV2 AD,49,7.196200250520902,chno_xyz__n049_pubchem_02_517da73867,0.6020582424758721,197
EquiformerV2 AD,49,5.37886298616684,chno_xyz__n049_pubchem_03_edb622e997,0.5273556365486864,198
EquiformerV2 AD,49,7.874468477978771,chno_xyz__n049_pubchem_04_d6ffcd455f,0.5972926949671405,199
EquiformerV2 AD,49,6.684659458957567,chno_xyz__n049_pubchem_05_1d1290bdf5,0.5781063338883946,200
EquiformerV2 AD,49,6.578952618391754,chno_xyz__n049_pubchem_06_5f66e9ad36,0.5365548394767559,201
EquiformerV2 AD,49,6.056761312589446,chno_xyz__n049_pubchem_07_ffaea0d26d,0.5324929264243852,202
EquiformerV2 AD,49,7.553684982477789,chno_xyz__n049_pubchem_08_42763feb90,0.55043149106982,203
EquiformerV2 AD,49,3.7379474394023298,chno_xyz__n049_pubchem_09_4348574b20,0.4869364112167962,204
EquiformerV2 AD,49,3.636927116081096,chno_xyz__n049_pubchem_10_8719005978,0.4833827226276633,205
EquiformerV2 AD,50,5.096631899727911,chno_xyz__n050_pubchem_01_71c81f815c,0.5366785149516486,206
EquiformerV2 AD,50,5.3740422525730445,chno_xyz__n050_pubchem_02_08bff2999f,0.5373445526874883,207
EquiformerV2 AD,50,5.661751749862598,chno_xyz__n050_pubchem_03_3e0d5a418c,0.5580803910650103,208
EquiformerV2 AD,50,4.566356475625523,chno_xyz__n050_pubchem_04_b1d871cedd,0.5213973306777494,209
EquiformerV2 AD,50,4.098683274937341,chno_xyz__n050_pubchem_05_dee3ab7f4a,0.4857293270211746,210
EquiformerV2 AD,50,6.931198483293159,chno_xyz__n050_pubchem_06_48e76b1d51,0.590900805418701,211
EquiformerV2 AD,50,6.293227196614164,chno_xyz__n050_pubchem_07_7360e95a34,0.5770659627421403,212
EquiformerV2 AD,50,5.839853219478643,chno_xyz__n050_pubchem_08_ed3d2baa7b,0.5550992264842101,213
EquiformerV2 AD,50,6.613321463510466,chno_xyz__n050_pubchem_09_46048bec6f,0.5527152316047745,214
EquiformerV2 AD,50,8.700098568422444,chno_xyz__n050_pubchem_10_cac5338a1a,0.5896258234078451,215
EquiformerV2 AD,51,3.6140309985725936,chno_xyz__n051_pubchem_02_e19a35009e,0.4377027400352192,216
EquiformerV2 AD,51,8.28860748722987,chno_xyz__n051_pubchem_03_5f359fa0bb,0.5870063061323622,217
EquiformerV2 AD,51,4.96801928798057,chno_xyz__n051_pubchem_04_f78ad866fc,0.5742932574721461,218
EquiformerV2 AD,51,5.4230388761920905,chno_xyz__n051_pubchem_05_cabaeb83e7,0.5552783329493756,219
EquiformerV2 AD,51,4.246956151007976,chno_xyz__n051_pubchem_06_48a885f40a,0.5106641883970607,220
EquiformerV2 AD,51,4.35223163163236,chno_xyz__n051_pubchem_07_055353c0a2,0.4803005054068204,221
EquiformerV2 AD,51,6.3104260681308535,chno_xyz__n051_pubchem_08_a1c4124982,0.5140614207807063,222
EquiformerV2 AD,51,7.702694118297188,chno_xyz__n051_pubchem_09_5cf573b69b,0.5556701544238613,223
EquiformerV2 AD,51,5.012156052478274,chno_xyz__n051_pubchem_10_087564ace0,0.5673965727316468,224
EquiformerV2 AD,52,6.008090806343362,chno_xyz__n052_pubchem_02_2637971b43,0.5680420282232045,225
EquiformerV2 AD,52,8.378634093824049,chno_xyz__n052_pubchem_03_1f20f1eb1c,0.6468845364177204,226
EquiformerV2 AD,52,5.128267337127638,chno_xyz__n052_pubchem_04_c7c75a3435,0.5674311128546589,227
EquiformerV2 AD,52,4.809229773927328,chno_xyz__n052_pubchem_05_01ac7e505f,0.5644821170740285,228
EquiformerV2 AD,52,6.908220157270856,chno_xyz__n052_pubchem_06_e0b68111a7,0.5354337824077743,229
EquiformerV2 AD,52,9.364860490771337,chno_xyz__n052_pubchem_07_0952aaa42b,0.6352186983618074,230
EquiformerV2 AD,52,8.249516794759845,chno_xyz__n052_pubchem_08_0ae5e6b666,0.5808679591433727,231
EquiformerV2 AD,52,5.169519498692539,chno_xyz__n052_pubchem_09_9d65bd3209,0.531782756685209,232
EquiformerV2 AD,52,6.620320508148415,chno_xyz__n052_pubchem_10_a2fa4ff871,0.5615821464380887,233
EquiformerV2 AD,53,4.685033415574971,chno_xyz__n053_pubchem_03_590adbb87f,0.5302635845440888,234
EquiformerV2 AD,53,7.812184625700812,chno_xyz__n053_pubchem_04_f59cf35bc4,0.5243040803792873,235
EquiformerV2 AD,53,5.004047201575792,chno_xyz__n053_pubchem_05_6c276b9c09,0.5490910881605158,236
EquiformerV2 AD,53,5.004046830702998,chno_xyz__n053_pubchem_06_a3a36faf0a,0.5490910998089251,237
EquiformerV2 AD,53,6.850760875396725,chno_xyz__n053_pubchem_07_9311a75461,0.5481387940715134,238
EquiformerV2 AD,53,3.927913088766835,chno_xyz__n053_pubchem_08_94320ea422,0.5026820263635219,239
EquiformerV2 AD,53,7.723561095908706,chno_xyz__n053_pubchem_09_ca725901d2,0.496427404617043,240
EquiformerV2 AD,53,7.785281360158476,chno_xyz__n053_pubchem_10_6da6449e12,0.5241677563822463,241
EquiformerV2 AD,54,5.589473186414138,chno_xyz__n054_pubchem_01_53980e6fdf,0.5189350939030639,242
EquiformerV2 AD,54,4.146879836595815,chno_xyz__n054_pubchem_02_e6c243c0c3,0.4912417569766409,243
EquiformerV2 AD,54,6.221740593186575,chno_xyz__n054_pubchem_03_a108c79bab,0.595495418718083,244
EquiformerV2 AD,54,4.587588666548227,chno_xyz__n054_pubchem_04_110f555a87,0.5396767685158621,245
EquiformerV2 AD,54,7.450915769453338,chno_xyz__n054_pubchem_05_81953c9731,0.5438990884277451,246
EquiformerV2 AD,54,6.227046188758826,chno_xyz__n054_pubchem_06_fc11c915d5,0.5589077258191133,247
EquiformerV2 AD,54,4.9027028667829695,chno_xyz__n054_pubchem_07_9efe6d5682,0.5718559420463579,248
EquiformerV2 AD,54,4.877840285506272,chno_xyz__n054_pubchem_08_bb3f50afb8,0.4939568765899266,249
EquiformerV2 AD,54,5.585895061248027,chno_xyz__n054_pubchem_09_f6a49a775f,0.5897158924354912,250
EquiformerV2 AD,54,7.157459615308919,chno_xyz__n054_pubchem_10_7a3adb27cf,0.5276799448318464,251
EquiformerV2 AD,55,5.588767451986085,chno_xyz__n055_pubchem_01_b9d2511cf6,0.5334638580702811,252
EquiformerV2 AD,55,9.269471992741456,chno_xyz__n055_pubchem_02_764d02b413,0.6002895556490387,253
EquiformerV2 AD,55,9.137535578544146,chno_xyz__n055_pubchem_03_70165ddf62,0.5587536061432266,254
EquiformerV2 AD,55,5.700330209903604,chno_xyz__n055_pubchem_04_75d6f3ff41,0.5193575224916759,255
EquiformerV2 AD,55,5.70033027855292,chno_xyz__n055_pubchem_05_daebe26f58,0.5193575267590034,256
EquiformerV2 AD,55,8.518615624683555,chno_xyz__n055_pubchem_06_8c5a97034c,0.5350439955086578,257
EquiformerV2 AD,55,4.90045880748055,chno_xyz__n055_pubchem_07_49224b5816,0.5082473072527189,258
EquiformerV2 AD,55,8.184807410262213,chno_xyz__n055_pubchem_08_1a5ea51236,0.5420924155039103,259
EquiformerV2 AD,55,5.454294989258175,chno_xyz__n055_pubchem_09_cd8b704331,0.4950048165890576,260
EquiformerV2 AD,55,6.320344165044686,chno_xyz__n055_pubchem_10_2496d633d4,0.5501577540197257,261
EquiformerV2 AD,56,4.637289371885639,chno_xyz__n056_pubchem_01_41eff9c083,0.4833166389609709,262
EquiformerV2 AD,56,6.593180825065406,chno_xyz__n056_pubchem_02_0679fd3558,0.5256673006853602,263
EquiformerV2 AD,56,6.46565005626973,chno_xyz__n056_pubchem_03_ad7de21f41,0.5579903267381203,264
EquiformerV2 AD,56,6.199241882771829,chno_xyz__n056_pubchem_04_95acee7de1,0.5312683322609926,265
EquiformerV2 AD,56,4.645902261217316,chno_xyz__n056_pubchem_05_ee3544631b,0.508083721402527,266
EquiformerV2 AD,56,4.934207187768268,chno_xyz__n056_pubchem_06_5988b8111b,0.4939410171824766,267
EquiformerV2 AD,56,4.648877309072461,chno_xyz__n056_pubchem_07_56c6a0fd9e,0.4920148829263768,268
EquiformerV2 AD,56,4.77597188591368,chno_xyz__n056_pubchem_08_91987b7faf,0.4811976168831221,269
EquiformerV2 AD,56,6.981749329260555,chno_xyz__n056_pubchem_09_84f4f79063,0.5354681241269966,270
EquiformerV2 AD,56,8.317015380264804,chno_xyz__n056_pubchem_10_ee5527efa4,0.5471148941466778,271
EquiformerV2 AD,57,7.207661161698849,chno_xyz__n057_pubchem_01_e0f136ae4e,0.5336811260394604,272
EquiformerV2 AD,57,4.631673713060354,chno_xyz__n057_pubchem_02_7376d129cf,0.4619903035293482,273
EquiformerV2 AD,57,7.77647523646309,chno_xyz__n057_pubchem_03_00f0023b44,0.5187377767356204,274
EquiformerV2 AD,57,4.180921918598648,chno_xyz__n057_pubchem_04_9e73667af4,0.4623066041073497,275
EquiformerV2 AD,57,7.841866353474334,chno_xyz__n057_pubchem_05_170f1834a5,0.5393727008187376,276
EquiformerV2 AD,57,7.438768811021656,chno_xyz__n057_pubchem_06_a60eb6f81e,0.5848831139461843,277
EquiformerV2 AD,57,8.404302300754896,chno_xyz__n057_pubchem_07_8351675e3e,0.5852272024661096,278
EquiformerV2 AD,57,8.338860408903377,chno_xyz__n057_pubchem_08_27044f327b,0.5172428476409191,279
EquiformerV2 AD,57,6.885757648855835,chno_xyz__n057_pubchem_09_d8c5182e70,0.55382344087018,280
EquiformerV2 AD,57,8.231062855914859,chno_xyz__n057_pubchem_10_e4b6ba3d4d,0.5357664106914414,281
EquiformerV2 AD,58,5.352325536666437,chno_xyz__n058_pubchem_01_a0f776f2c2,0.4554125328009313,282
EquiformerV2 AD,58,5.35232537201856,chno_xyz__n058_pubchem_02_01d0200b95,0.4554125307836038,283
EquiformerV2 AD,58,7.591880414740181,chno_xyz__n058_pubchem_03_b4a120b4f9,0.5031904634114209,284
EquiformerV2 AD,58,5.449457916836379,chno_xyz__n058_pubchem_04_061ec4e0c3,0.4531102452514681,285
EquiformerV2 AD,58,5.927239343896441,chno_xyz__n058_pubchem_05_5cb32520b1,0.4927524110277472,286
EquiformerV2 AD,58,5.352325216147014,chno_xyz__n058_pubchem_06_368b458437,0.4554125218854049,287
EquiformerV2 AD,58,5.596729552823801,chno_xyz__n058_pubchem_07_c28c33020b,0.4867163693557457,288
EquiformerV2 AD,58,7.591595988976107,chno_xyz__n058_pubchem_08_cf06f97a88,0.5032197116367381,289
EquiformerV2 AD,58,7.737403996620094,chno_xyz__n058_pubchem_09_644b4dc9f4,0.4882261577947324,290
EquiformerV2 AD,58,4.866225721258895,chno_xyz__n058_pubchem_10_d2fc68093c,0.4263846743089096,291
EquiformerV2 AD,59,6.228933691248866,chno_xyz__n059_pubchem_01_7024e44286,0.536236024982255,292
EquiformerV2 AD,59,8.112635302447819,chno_xyz__n059_pubchem_02_6eb9ca28fa,0.5346823870564411,293
EquiformerV2 AD,59,8.509797206454726,chno_xyz__n059_pubchem_03_56843db544,0.5227870722685556,294
EquiformerV2 AD,59,6.282537494258861,chno_xyz__n059_pubchem_04_439a7dfc2f,0.517906682885603,295
EquiformerV2 AD,59,6.879026770300171,chno_xyz__n059_pubchem_05_9d1a458962,0.4984895326396674,296
EquiformerV2 AD,59,7.92666503353018,chno_xyz__n059_pubchem_06_cf5e2da492,0.5775880745198408,297
EquiformerV2 AD,59,8.857900826458382,chno_xyz__n059_pubchem_07_cc6c190e99,0.5092357753165051,298
EquiformerV2 AD,59,6.958085580691126,chno_xyz__n059_pubchem_08_b796b63db4,0.4682250409311964,299
EquiformerV2 AD,59,8.112635119069074,chno_xyz__n059_pubchem_09_e6009c3f6f,0.5346823966467161,300
EquiformerV2 AD,59,8.418179522641966,chno_xyz__n059_pubchem_10_b4e17844c7,0.4709438922983548,301
EquiformerV2 AD,60,4.86484583240263,chno_xyz__n060_pubchem_01_ac1d6483b5,0.4517371906394011,302
EquiformerV2 AD,60,6.115192799281889,chno_xyz__n060_pubchem_02_df5102ff5f,0.4840196069174639,303
EquiformerV2 AD,60,8.288678060162129,chno_xyz__n060_pubchem_03_18eaa476d3,0.5366727840794517,304
EquiformerV2 AD,60,8.46027044503132,chno_xyz__n060_pubchem_04_2547711f10,0.5440373470816395,305
EquiformerV2 AD,60,5.859092921096194,chno_xyz__n060_pubchem_05_84927fecef,0.5134892599045295,306
EquiformerV2 AD,60,8.175172159067529,chno_xyz__n060_pubchem_06_7f8f7a12c7,0.5310147705646613,307
EquiformerV2 AD,60,8.113799237928399,chno_xyz__n060_pubchem_07_73caaf3de6,0.5471243386817763,308
EquiformerV2 AD,60,7.723602362808789,chno_xyz__n060_pubchem_08_ebf8a2922e,0.5286840141316985,309
EquiformerV2 AD,60,8.275362218928079,chno_xyz__n060_pubchem_09_d9af7a9839,0.5041327420839512,310
EquiformerV2 AD,60,5.737506105711941,chno_xyz__n060_pubchem_10_03d58130fc,0.4898264760029333,311
EquiformerV2 AD,61,7.683287552893465,chno_xyz__n061_pubchem_01_84aa6de3fb,0.5009118146719979,312
EquiformerV2 AD,61,8.20873884033339,chno_xyz__n061_pubchem_02_4b0a34a259,0.4693053898677887,313
EquiformerV2 AD,61,6.031119346524969,chno_xyz__n061_pubchem_03_676c8d952b,0.5059477170744814,314
EquiformerV2 AD,61,6.758121074054626,chno_xyz__n061_pubchem_04_98d64fa266,0.4265501348792884,315
EquiformerV2 AD,61,6.034508328224743,chno_xyz__n061_pubchem_05_59809f6e13,0.5234106909369453,316
EquiformerV2 AD,61,7.239002307582335,chno_xyz__n061_pubchem_06_e486ae8275,0.4982008703679818,317
EquiformerV2 AD,61,6.180585198176416,chno_xyz__n061_pubchem_07_e238906091,0.5013124913293833,318
EquiformerV2 AD,61,7.629432643350888,chno_xyz__n061_pubchem_08_b8b2646fd4,0.4565601217286028,319
EquiformerV2 AD,61,9.083841053653638,chno_xyz__n061_pubchem_09_c0b2b47000,0.4842138016323022,320
EquiformerV2 AD,61,5.695408832120845,chno_xyz__n061_pubchem_10_c54bccf0d9,0.4494591954635147,321
EquiformerV2 AD,62,7.029004654154733,chno_xyz__n062_pubchem_01_d327db1ebd,0.4995983908844604,322
EquiformerV2 AD,62,6.668570077816445,chno_xyz__n062_pubchem_02_977dce305a,0.4801995158481386,323
EquiformerV2 AD,62,7.022486098420912,chno_xyz__n062_pubchem_03_8b33ccf5e5,0.5247290546836094,324
EquiformerV2 AD,62,6.324817079798397,chno_xyz__n062_pubchem_04_668447c4a6,0.4601168836089115,325
EquiformerV2 AD,62,7.029016816665861,chno_xyz__n062_pubchem_05_fcf463af71,0.4995948690186696,326
EquiformerV2 AD,62,5.396271546938988,chno_xyz__n062_pubchem_06_f46b28b403,0.4419456738582805,327
EquiformerV2 AD,62,7.187630305335035,chno_xyz__n062_pubchem_07_bbeda2ffd7,0.4930986711711033,328
EquiformerV2 AD,62,8.64055261071889,chno_xyz__n062_pubchem_08_f905673b87,0.5526956507048361,329
EquiformerV2 AD,62,6.768639513358333,chno_xyz__n062_pubchem_09_ec2e495c68,0.4786385234431682,330
EquiformerV2 AD,62,7.401861171659134,chno_xyz__n062_pubchem_10_bbac5274b3,0.4207348616632073,331
EquiformerV2 AD,63,5.307197374876411,chno_xyz__n063_pubchem_01_9dfc0adde5,0.463408581056881,332
EquiformerV2 AD,63,7.129137455600778,chno_xyz__n063_pubchem_02_ed5425e88d,0.4627159547423835,333
EquiformerV2 AD,63,7.999543421417615,chno_xyz__n063_pubchem_03_86ff748406,0.5170215736800868,334
EquiformerV2 AD,63,8.33727884618573,chno_xyz__n063_pubchem_04_c0dbff1e68,0.500349115543761,335
EquiformerV2 AD,63,8.221995053051439,chno_xyz__n063_pubchem_05_8193e317ed,0.5280816190829875,336
EquiformerV2 AD,63,8.190402902488811,chno_xyz__n063_pubchem_06_15efb5a086,0.4762463068414007,337
EquiformerV2 AD,63,6.2252111408159525,chno_xyz__n063_pubchem_07_f98e88ed7f,0.4861809855054596,338
EquiformerV2 AD,63,8.454395972510055,chno_xyz__n063_pubchem_08_1935e4cd6a,0.4840561779132201,339
EquiformerV2 AD,63,7.65806729904692,chno_xyz__n063_pubchem_09_31fe69f44c,0.5026410637372061,340
EquiformerV2 AD,63,8.046378023019033,chno_xyz__n063_pubchem_10_c0af059228,0.5167354932652248,341
EquiformerV2 AD,64,7.471965899922608,chno_xyz__n064_pubchem_01_25963e7543,0.5109496705529274,342
EquiformerV2 AD,64,8.111771933961055,chno_xyz__n064_pubchem_02_8e1c3b976d,0.4587699520885041,343
EquiformerV2 AD,64,6.677823048872795,chno_xyz__n064_pubchem_03_afcaf65aa2,0.4813601701932433,344
EquiformerV2 AD,64,6.626691215930055,chno_xyz__n064_pubchem_04_bc35220f2d,0.3758207275273605,345
EquiformerV2 AD,64,7.000198709637558,chno_xyz__n064_pubchem_05_e18e4c3a8c,0.4046740771795408,346
EquiformerV2 AD,64,7.460767732822807,chno_xyz__n064_pubchem_06_6686f719b5,0.5021127526246486,347
EquiformerV2 AD,64,7.057297270957678,chno_xyz__n064_pubchem_07_2af88b5b73,0.4951412258933474,348
EquiformerV2 AD,64,5.745428037249569,chno_xyz__n064_pubchem_08_6a4df66052,0.4428302164865382,349
EquiformerV2 AD,64,7.459704212610872,chno_xyz__n064_pubchem_09_76bc662efb,0.4644936670620618,350
EquiformerV2 AD,64,7.558643761520443,chno_xyz__n064_pubchem_10_f2fe357533,0.4517891214354917,351
EquiformerV2 AD,65,7.547320920091639,chno_xyz__n065_pubchem_01_50d67838cb,0.4652927016420227,352
EquiformerV2 AD,65,7.036369908244204,chno_xyz__n065_pubchem_02_824e80c616,0.4528748477813162,353
EquiformerV2 AD,65,7.878240369938329,chno_xyz__n065_pubchem_03_c6e15e3624,0.4481306111533439,354
EquiformerV2 AD,65,5.976918566582205,chno_xyz__n065_pubchem_04_bee351ec9b,0.4294648692316978,355
EquiformerV2 AD,65,8.179069871612406,chno_xyz__n065_pubchem_05_11f5ae6a42,0.4779438983224363,356
EquiformerV2 AD,65,8.57618778767776,chno_xyz__n065_pubchem_06_e49fa69a20,0.4704627889026994,357
EquiformerV2 AD,65,7.978336998447981,chno_xyz__n065_pubchem_07_7f50fad5cb,0.4592858794922347,358
EquiformerV2 AD,65,7.15510555177335,chno_xyz__n065_pubchem_08_4329f43117,0.4956747041968137,359
EquiformerV2 AD,65,8.789803707073004,chno_xyz__n065_pubchem_09_8edd775f97,0.4854944585239479,360
EquiformerV2 AD,65,8.459497712193377,chno_xyz__n065_pubchem_10_721c55af07,0.485568101682145,361
EquiformerV2 AD,66,8.728384383999186,chno_xyz__n066_pubchem_01_fc1a07c8a8,0.4805338548813593,362
EquiformerV2 AD,66,8.639197352874538,chno_xyz__n066_pubchem_02_dc6e3e0cc6,0.4890722122057568,363
EquiformerV2 AD,66,6.959839562650463,chno_xyz__n066_pubchem_03_cc63b375ab,0.4525607861241502,364
EquiformerV2 AD,66,6.888924968460806,chno_xyz__n066_pubchem_04_39b08d8c99,0.4436298750916219,365
EquiformerV2 AD,66,8.220802434805842,chno_xyz__n066_pubchem_05_59e1012e1d,0.4713236856741865,366
EquiformerV2 AD,66,7.501545353621021,chno_xyz__n066_pubchem_06_73fbd6f062,0.4752898268780529,367
EquiformerV2 AD,66,8.600595922835256,chno_xyz__n066_pubchem_07_c85203f94d,0.4349921324116284,368
EquiformerV2 AD,66,7.826663245282719,chno_xyz__n066_pubchem_08_5cd1924bfd,0.4583826822884181,369
EquiformerV2 AD,66,8.265516936279843,chno_xyz__n066_pubchem_10_932dab5d88,0.4549145187268205,371
EquiformerV2 AD,67,7.916064305383808,chno_xyz__n067_pubchem_01_91addd9368,0.4509491820548337,372
EquiformerV2 AD,67,6.714603376327715,chno_xyz__n067_pubchem_02_64fb5a5ea8,0.4699930769789456,373
EquiformerV2 AD,67,7.92085001661122,chno_xyz__n067_pubchem_03_033e94da9b,0.4736702350598025,374
EquiformerV2 AD,67,6.774788938292607,chno_xyz__n067_pubchem_04_2b6ad3daaa,0.4489104267557757,375
EquiformerV2 AD,67,6.715142124058168,chno_xyz__n067_pubchem_05_e791324568,0.4495124629719446,376
EquiformerV2 AD,67,7.397278952004346,chno_xyz__n067_pubchem_06_485d12a071,0.429159607124538,377
EquiformerV2 AD,67,6.551566985686824,chno_xyz__n067_pubchem_07_1ea307b0e8,0.4475461229543336,378
EquiformerV2 AD,67,6.121364911428422,chno_xyz__n067_pubchem_08_870f037fd8,0.4774597352598008,379
EquiformerV2 AD,67,7.879122981588421,chno_xyz__n067_pubchem_09_2ec03e32cf,0.4504545933739838,380
EquiformerV2 AD,67,7.794819668080692,chno_xyz__n067_pubchem_10_6b6f01ca22,0.4500944535019048,381
EquiformerV2 AD,68,7.2411666098198895,chno_xyz__n068_pubchem_01_f3ffabbf5e,0.4836506319632499,382
EquiformerV2 AD,68,6.944285875050065,chno_xyz__n068_pubchem_02_41826df089,0.4393332040109733,383
EquiformerV2 AD,68,7.041384537520842,chno_xyz__n068_pubchem_03_d0ecce60e8,0.4698389014421265,384
EquiformerV2 AD,68,6.964472460012705,chno_xyz__n068_pubchem_04_cd84d9cdf2,0.4445420220794602,385
EquiformerV2 AD,68,6.73416455547049,chno_xyz__n068_pubchem_05_5e6484946c,0.4275049529547737,386
EquiformerV2 AD,68,7.015493969067994,chno_xyz__n068_pubchem_06_4173744f3a,0.4469918693090976,387
EquiformerV2 AD,68,6.738144426628665,chno_xyz__n068_pubchem_07_36ddfd9516,0.4484553995237534,388
EquiformerV2 AD,68,6.908892164000893,chno_xyz__n068_pubchem_08_ba6d0751b6,0.4626234069457001,389
EquiformerV2 AD,68,7.422059555943715,chno_xyz__n068_pubchem_09_4f9b63f2ff,0.4725711331901589,390
EquiformerV2 AD,68,7.265443283849291,chno_xyz__n068_pubchem_10_123ea22804,0.4367939121253196,391
EquiformerV2 AD,69,7.230640077133269,chno_xyz__n069_pubchem_01_cfe3fe020c,0.4419620427134999,392
EquiformerV2 AD,69,5.968796764604954,chno_xyz__n069_pubchem_02_8a53341b82,0.42536714688794,393
EquiformerV2 AD,69,6.939314509326981,chno_xyz__n069_pubchem_03_e8c29baf7d,0.4187411765603636,394
EquiformerV2 AD,69,8.163769641712856,chno_xyz__n069_pubchem_04_70614e05eb,0.4605441510972709,395
EquiformerV2 AD,69,6.877343010250495,chno_xyz__n069_pubchem_05_e93dcd85fe,0.4269878092916307,396
EquiformerV2 AD,69,5.4903738828257005,chno_xyz__n069_pubchem_06_7128f9bdc4,0.4133629377311635,397
EquiformerV2 AD,69,6.006878043352315,chno_xyz__n069_pubchem_07_85996269c6,0.391672449354465,398
EquiformerV2 AD,69,5.564813645141964,chno_xyz__n069_pubchem_08_3fc846844a,0.4388317396190998,399
EquiformerV2 AD,69,6.69520252752109,chno_xyz__n069_pubchem_09_90c7ae6705,0.4331943959963404,400
EquiformerV2 AD,69,6.83795346436225,chno_xyz__n069_pubchem_10_99fe3b5bb1,0.430241980313729,401
EquiformerV2 AD,70,7.736867128988347,chno_xyz__n070_pubchem_01_ac96d11c23,0.4234148118677843,402
EquiformerV2 AD,70,8.794495468612585,chno_xyz__n070_pubchem_02_3840a83fe8,0.4672508916803864,403
EquiformerV2 AD,70,7.611205684743032,chno_xyz__n070_pubchem_03_a7a81373a3,0.4132700243850669,404
EquiformerV2 AD,70,8.570976321955015,chno_xyz__n070_pubchem_04_ac06adb8cc,0.4754171586474464,405
EquiformerV2 AD,70,8.565195781915628,chno_xyz__n070_pubchem_05_1ed20c265b,0.4607409876479325,406
EquiformerV2 AD,70,8.570976249711286,chno_xyz__n070_pubchem_06_e72f20c59f,0.4754171536948595,407
EquiformerV2 AD,70,6.311289249289072,chno_xyz__n070_pubchem_07_61279b4946,0.4215093999170007,408
EquiformerV2 AD,70,7.261617238643698,chno_xyz__n070_pubchem_08_57aaac23c9,0.4524251603398791,409
EquiformerV2 AD,70,8.031547208094777,chno_xyz__n070_pubchem_09_b9cca84d1a,0.4836861455824012,410
EquiformerV2 AD,70,7.920616914978077,chno_xyz__n070_pubchem_10_71e12da51a,0.480147721605242,411
EquiformerV2 AD,71,6.739697875169909,chno_xyz__n071_pubchem_01_179a849103,0.4360737539189934,412
EquiformerV2 AD,71,7.143506016516335,chno_xyz__n071_pubchem_02_deaccf8fe1,0.3957430548198337,413
EquiformerV2 AD,71,7.218195186657674,chno_xyz__n071_pubchem_03_7dfbf6f87f,0.4375834205778862,414
EquiformerV2 AD,71,6.659099079438962,chno_xyz__n071_pubchem_04_563a7ee7f2,0.4236931082686985,415
EquiformerV2 AD,71,6.614508640513225,chno_xyz__n071_pubchem_05_d2575a3a2f,0.4565751301463396,416
EquiformerV2 AD,71,7.61925167417068,chno_xyz__n071_pubchem_06_83ac0d03b0,0.4403538962544012,417
EquiformerV2 AD,71,7.497355996802178,chno_xyz__n071_pubchem_07_e815146eef,0.4353421801447505,418
EquiformerV2 AD,71,7.517062375127208,chno_xyz__n071_pubchem_08_5bf15eb376,0.4422100956718775,419
EquiformerV2 AD,71,7.053967656328096,chno_xyz__n071_pubchem_09_73889c42ff,0.3753862116881181,420
EquiformerV2 AD,71,7.111032299463929,chno_xyz__n071_pubchem_10_007a90460d,0.4079214187221038,421
EquiformerV2 AD,72,7.547492876664232,chno_xyz__n072_pubchem_01_48ee2effbc,0.4223486071100579,422
EquiformerV2 AD,72,8.761739118903167,chno_xyz__n072_pubchem_03_4f61ad32bf,0.419879140000903,423
EquiformerV2 AD,72,6.617620760515472,chno_xyz__n072_pubchem_04_25f75456c6,0.4067694695950988,424
EquiformerV2 AD,72,7.736611293670485,chno_xyz__n072_pubchem_04_679b98f0eb,0.4388779042038087,425
EquiformerV2 AD,72,6.678425777369098,chno_xyz__n072_pubchem_05_3bba894380,0.4121771836091329,426
EquiformerV2 AD,72,7.596695617157342,chno_xyz__n072_pubchem_06_392e14e39b,0.4254655771869521,427
EquiformerV2 AD,72,7.086059036650823,chno_xyz__n072_pubchem_07_f5fa7c6184,0.4155605292016888,428
EquiformerV2 AD,72,7.676918634721215,chno_xyz__n072_pubchem_08_de4f24b44f,0.432691597189128,429
EquiformerV2 AD,72,8.423469154793034,chno_xyz__n072_pubchem_09_0d81ad32cb,0.4272245428126185,430
EquiformerV2 AD,72,6.404297265040525,chno_xyz__n072_pubchem_10_c3e1ae1c40,0.3880529490673157,431
EquiformerV2 AD,73,6.645699589531108,chno_xyz__n073_pubchem_02_4a07a44405,0.4287784777715215,432
EquiformerV2 AD,73,7.657933431793321,chno_xyz__n073_pubchem_03_4b4e29a9b1,0.4067524116690031,433
EquiformerV2 AD,73,6.397018606790696,chno_xyz__n073_pubchem_04_7c1fc03389,0.4329983339533397,434
EquiformerV2 AD,73,6.345289747087449,chno_xyz__n073_pubchem_05_171891de43,0.4226437567266615,435
EquiformerV2 AD,73,7.741333572698301,chno_xyz__n073_pubchem_06_3db64a980f,0.4763506668408604,436
EquiformerV2 AD,73,7.263931994091686,chno_xyz__n073_pubchem_07_ffd0c10101,0.4086966417677956,437
EquiformerV2 AD,73,7.785495937886765,chno_xyz__n073_pubchem_08_5968e1c973,0.4067443105574989,438
EquiformerV2 AD,73,7.550631291191247,chno_xyz__n073_pubchem_09_c498d32656,0.4064828559220141,439
EquiformerV2 AD,73,7.792638097078234,chno_xyz__n073_pubchem_10_0909df3b05,0.441699342391434,440
EquiformerV2 AD,74,6.814642491254324,chno_xyz__n074_pubchem_01_9c17147357,0.4227196641517935,441
EquiformerV2 AD,74,6.857753059244165,chno_xyz__n074_pubchem_02_f93bb1bc39,0.406434844104116,442
EquiformerV2 AD,74,7.779885527723716,chno_xyz__n074_pubchem_03_2703a18ad0,0.4186540076709143,443
EquiformerV2 AD,74,7.901160689085617,chno_xyz__n074_pubchem_04_8e2609784e,0.4609703013102689,444
EquiformerV2 AD,74,6.971849243088842,chno_xyz__n074_pubchem_05_56e51c2ab0,0.3965590904998155,445
EquiformerV2 AD,74,7.851109836170864,chno_xyz__n074_pubchem_06_dfe40a8e39,0.4084801313305035,446
EquiformerV2 AD,74,6.661856581709641,chno_xyz__n074_pubchem_07_c22a17d82a,0.40320591590886,447
EquiformerV2 AD,74,6.617328979707397,chno_xyz__n074_pubchem_08_93aecede64,0.4149146282893133,448
EquiformerV2 AD,74,6.840208712709137,chno_xyz__n074_pubchem_09_054f683cd9,0.3996193289685863,449
EquiformerV2 AD,74,7.272344932822364,chno_xyz__n074_pubchem_10_8dde2aa2f2,0.444162579628639,450
EquiformerV2 AD,75,6.569535644339395,chno_xyz__n075_pubchem_01_6f3c1b6f99,0.4118669792105682,451
EquiformerV2 AD,75,6.813079265805433,chno_xyz__n075_pubchem_04_5d0d3e90f0,0.4209373454838385,452
EquiformerV2 AD,75,7.33883523808253,chno_xyz__n075_pubchem_04_5ffe965e89,0.4315108922659843,453
EquiformerV2 AD,75,6.21386793343732,chno_xyz__n075_pubchem_05_138b94262e,0.3649804317765887,454
EquiformerV2 AD,75,7.082592791084182,chno_xyz__n075_pubchem_05_e44e4f3f02,0.4136356432264695,455
EquiformerV2 AD,75,6.475391728001829,chno_xyz__n075_pubchem_06_fad25afd98,0.3966574081109019,456
EquiformerV2 AD,75,6.297434283704691,chno_xyz__n075_pubchem_07_5a19b5fe6d,0.3870097381251605,457
EquiformerV2 AD,75,6.091976214981349,chno_xyz__n075_pubchem_08_f0c0431d38,0.3638527510713856,458
EquiformerV2 AD,75,6.332193755555855,chno_xyz__n075_pubchem_09_799c1fb94d,0.3935879565119174,459
EquiformerV2 AD,75,6.082873275551984,chno_xyz__n075_pubchem_10_f3a98bdb34,0.3457484770513258,460
EquiformerV2 AD,76,8.366451412093431,chno_xyz__n076_pubchem_01_d210b4228c,0.4621933858174348,461
EquiformerV2 AD,76,8.249688042583903,chno_xyz__n076_pubchem_02_b395e479b2,0.3785019979890073,462
EquiformerV2 AD,76,6.749890397669861,chno_xyz__n076_pubchem_03_8cff5d42ef,0.4089898670078468,463
EquiformerV2 AD,76,7.646110947641149,chno_xyz__n076_pubchem_05_2a472fa8c4,0.4555540425198377,464
EquiformerV2 AD,76,8.242386106717039,chno_xyz__n076_pubchem_05_61c0ace2f6,0.4322870616071052,465
EquiformerV2 AD,76,8.357650609488145,chno_xyz__n076_pubchem_06_110779fafb,0.4509415408643738,466
EquiformerV2 AD,76,7.050520379691407,chno_xyz__n076_pubchem_07_1442b32730,0.3978426060693349,467
EquiformerV2 AD,76,7.802461415510465,chno_xyz__n076_pubchem_08_d476663f41,0.3947468289923306,468
EquiformerV2 AD,76,7.505869783994958,chno_xyz__n076_pubchem_09_2b9bd7a713,0.3899767500213723,469
EquiformerV2 AD,76,7.931891919753966,chno_xyz__n076_pubchem_10_6fff051554,0.4035656963217844,470
EquiformerV2 AD,77,7.486424454833701,chno_xyz__n077_pubchem_01_0096aa917e,0.4066426014109975,471
EquiformerV2 AD,77,6.6397773023555695,chno_xyz__n077_pubchem_02_5e6df97273,0.3907400045679867,472
EquiformerV2 AD,77,7.063534453473345,chno_xyz__n077_pubchem_03_3f3acabb78,0.4296156839505223,473
EquiformerV2 AD,77,8.064673163063581,chno_xyz__n077_pubchem_04_935aed1046,0.3712932227023903,474
EquiformerV2 AD,77,7.823664103120425,chno_xyz__n077_pubchem_05_541738686c,0.4590473482563357,475
EquiformerV2 AD,77,8.19902009620923,chno_xyz__n077_pubchem_06_b4255523dc,0.4235308479567055,476
EquiformerV2 AD,77,7.1069858661039165,chno_xyz__n077_pubchem_07_eadcb8ea09,0.4069261818806541,477
EquiformerV2 AD,77,7.803194079471218,chno_xyz__n077_pubchem_08_2afa424520,0.4041979596858149,478
EquiformerV2 AD,77,6.768379528836041,chno_xyz__n077_pubchem_09_9f0770aea6,0.3810483886651334,479
EquiformerV2 AD,77,7.665720910193057,chno_xyz__n077_pubchem_10_1bfc090992,0.4040553670938557,480
EquiformerV2 AD,78,7.832845222871942,chno_xyz__n078_pubchem_03_9e59660869,0.3689996441365142,481
EquiformerV2 AD,78,7.649340157663851,chno_xyz__n078_pubchem_04_0b37c058f9,0.3857354063925299,482
EquiformerV2 AD,78,7.473500108146506,chno_xyz__n078_pubchem_04_294f21a0d2,0.4169231262071737,483
EquiformerV2 AD,78,7.14772551032465,chno_xyz__n078_pubchem_05_8aa9281ecb,0.4003687604795359,484
EquiformerV2 AD,78,7.02287444327915,chno_xyz__n078_pubchem_05_fdcd495f92,0.3891819846084592,485
EquiformerV2 AD,78,6.991567428368983,chno_xyz__n078_pubchem_06_7a4783b92a,0.3761494715955031,486
EquiformerV2 AD,78,7.3002941899004545,chno_xyz__n078_pubchem_07_8b9624ad8a,0.3890946723483778,487
EquiformerV2 AD,78,6.530214066253859,chno_xyz__n078_pubchem_08_b866a01c50,0.3602692438691863,488
EquiformerV2 AD,78,6.6370881101821,chno_xyz__n078_pubchem_09_764b83a85f,0.3596543156411828,489
EquiformerV2 AD,78,7.264599503425125,chno_xyz__n078_pubchem_10_22cccf730b,0.378818829343456,490
EquiformerV2 AD,79,7.126856120234828,chno_xyz__n079_pubchem_01_4ae541c097,0.3688481141688414,491
EquiformerV2 AD,79,6.3785003952989365,chno_xyz__n079_pubchem_02_be5d1f8ffc,0.3607122643186262,492
EquiformerV2 AD,79,10.411619410330292,chno_xyz__n079_pubchem_03_8754542cd0,0.4341034827069341,493
EquiformerV2 AD,79,8.230322052829854,chno_xyz__n079_pubchem_04_0afff9c381,0.4050000498055121,494
EquiformerV2 AD,79,7.467607173199575,chno_xyz__n079_pubchem_05_2d2a580b32,0.4215290170504152,495
EquiformerV2 AD,79,7.500970091615042,chno_xyz__n079_pubchem_06_7ae7dff65e,0.381709514991241,496
EquiformerV2 AD,79,9.032649957218156,chno_xyz__n079_pubchem_07_8c8ab9bb50,0.4533704810396621,497
EquiformerV2 AD,79,7.79857529595816,chno_xyz__n079_pubchem_08_57133eea86,0.4069804274399582,498
EquiformerV2 AD,79,7.98937339615834,chno_xyz__n079_pubchem_09_f16c92e7e9,0.424009724283667,499
EquiformerV2 AD,79,7.447112768300788,chno_xyz__n079_pubchem_10_091b9b6318,0.409385488562581,500
EquiformerV2 AD,80,7.520896093876052,chno_xyz__n080_pubchem_01_c024c64737,0.3682993858588252,501
EquiformerV2 AD,80,8.526303898509141,chno_xyz__n080_pubchem_02_6fe3ed8d7f,0.3611519042219779,502
EquiformerV2 AD,80,8.431061307350648,chno_xyz__n080_pubchem_03_5fb942f46c,0.3926152165726397,503
EquiformerV2 AD,80,8.245622537724023,chno_xyz__n080_pubchem_04_9dd11be37a,0.3910908056917918,504
EquiformerV2 AD,80,9.948164630800362,chno_xyz__n080_pubchem_05_922339249b,0.3920585574986592,505
EquiformerV2 AD,80,9.26707742512274,chno_xyz__n080_pubchem_06_eec42091fa,0.4083973103706531,506
EquiformerV2 AD,80,6.553807981836702,chno_xyz__n080_pubchem_07_5220ae7e5a,0.3721896802316757,507
EquiformerV2 AD,80,7.213120312594023,chno_xyz__n080_pubchem_08_6ec0ff5c2c,0.4013070342975406,508
EquiformerV2 AD,80,6.646313035099464,chno_xyz__n080_pubchem_09_3a76e3f5e3,0.3652044684090277,509
EquiformerV2 AD,80,8.135156095304836,chno_xyz__n080_pubchem_10_e04102e088,0.4141917486256429,510
EquiformerV2 AD,81,8.814177715789718,chno_xyz__n081_pubchem_01_07fc91b58f,0.4057672012182004,511
EquiformerV2 AD,81,6.528683182462845,chno_xyz__n081_pubchem_02_68883e8390,0.3534961996191049,512
EquiformerV2 AD,81,6.713776942266168,chno_xyz__n081_pubchem_03_40e20270b6,0.3615948572520264,513
EquiformerV2 AD,81,8.222865425101393,chno_xyz__n081_pubchem_04_c155b1e7af,0.3918914633567819,514
EquiformerV2 AD,81,7.11503786312971,chno_xyz__n081_pubchem_05_fd68ae63e4,0.3697496397738818,515
EquiformerV2 AD,81,7.742449156609992,chno_xyz__n081_pubchem_06_8dd999607d,0.403910193954606,516
EquiformerV2 AD,81,7.522981098772647,chno_xyz__n081_pubchem_07_67ab4a73de,0.3951317611670895,517
EquiformerV2 AD,81,6.678517519601549,chno_xyz__n081_pubchem_08_dfc22690f2,0.3751666481137728,518
EquiformerV2 AD,81,7.543743458086751,chno_xyz__n081_pubchem_09_4df2475f9b,0.3837694598311812,519
EquiformerV2 AD,81,7.957271915829325,chno_xyz__n081_pubchem_10_e328a7f6a4,0.3682951093140105,520
EquiformerV2 AD,82,8.147348525440442,chno_xyz__n082_pubchem_01_af73e2cd4e,0.3969309231579367,521
EquiformerV2 AD,82,9.807258154276896,chno_xyz__n082_pubchem_02_fa35f61d12,0.3951588692932126,522
EquiformerV2 AD,82,7.107794884946767,chno_xyz__n082_pubchem_03_584830c489,0.3811630314270348,523
EquiformerV2 AD,82,7.6054346544119324,chno_xyz__n082_pubchem_04_4b9ab79d10,0.4052275947519453,524
EquiformerV2 AD,82,9.801664157532628,chno_xyz__n082_pubchem_05_2f79412de1,0.4206908679570137,525
EquiformerV2 AD,82,7.294849144925986,chno_xyz__n082_pubchem_06_faaa840cdb,0.3856025380457614,526
EquiformerV2 AD,82,7.000177468828336,chno_xyz__n082_pubchem_07_e28d92233f,0.3406763412239341,527
EquiformerV2 AD,82,7.640641012288569,chno_xyz__n082_pubchem_08_1dd90080c5,0.3713461343503104,528
EquiformerV2 AD,82,7.735190791565886,chno_xyz__n082_pubchem_09_fa8ea4026b,0.3693856945952152,529
EquiformerV2 AD,82,7.977359833536,chno_xyz__n082_pubchem_10_f9fc781952,0.414183921147861,530
EquiformerV2 AD,83,8.097362254790221,chno_xyz__n083_pubchem_01_c8463dccc6,0.4097743966179508,531
EquiformerV2 AD,83,6.856652225859258,chno_xyz__n083_pubchem_02_72b9d0fab8,0.3653440549642727,532
EquiformerV2 AD,83,8.134596375017791,chno_xyz__n083_pubchem_03_1b8fa1d8e7,0.3410504125445786,533
EquiformerV2 AD,83,7.284544992492816,chno_xyz__n083_pubchem_04_db0bbbeeb0,0.3761857037844009,534
EquiformerV2 AD,83,8.10618251548229,chno_xyz__n083_pubchem_05_fac385c0ac,0.4165949456260615,535
EquiformerV2 AD,83,6.171274254746787,chno_xyz__n083_pubchem_06_3636ec53cd,0.33573086242646,536
EquiformerV2 AD,83,6.875629268770666,chno_xyz__n083_pubchem_07_5d31ae00cf,0.3559648564815739,537
EquiformerV2 AD,83,6.742859750231887,chno_xyz__n083_pubchem_08_5372200843,0.3417596571841397,538
EquiformerV2 AD,83,6.729719285899944,chno_xyz__n083_pubchem_09_a0aec4fde8,0.3286154850498053,539
EquiformerV2 AD,83,7.184460259216268,chno_xyz__n083_pubchem_10_6836cd8f3d,0.3592693822342098,540
EquiformerV2 AD,84,7.74587494687871,chno_xyz__n084_pubchem_01_02dc8c51ca,0.3901771894176322,541
EquiformerV2 AD,84,10.076248005092925,chno_xyz__n084_pubchem_03_123c7b3245,0.4137040452102204,542
EquiformerV2 AD,84,6.998228230916066,chno_xyz__n084_pubchem_04_11d31b552f,0.3517180695854151,543
EquiformerV2 AD,84,7.179666543381566,chno_xyz__n084_pubchem_05_c2d4a0e6f7,0.3639093067278809,544
EquiformerV2 AD,84,6.972059500814731,chno_xyz__n084_pubchem_05_f7a71d38d6,0.3760415514545493,545
EquiformerV2 AD,84,7.104405077189436,chno_xyz__n084_pubchem_06_3ba774bb14,0.3541829883716789,546
EquiformerV2 AD,84,7.775752000264641,chno_xyz__n084_pubchem_07_6ff3692cec,0.3842931528928289,547
EquiformerV2 AD,84,7.738882201973223,chno_xyz__n084_pubchem_08_300b4c73be,0.3854359821898462,548
EquiformerV2 AD,84,8.623829941811845,chno_xyz__n084_pubchem_09_858668bd1a,0.4135588680116704,549
EquiformerV2 AD,84,8.346624585973181,chno_xyz__n084_pubchem_10_be658f7d8b,0.3654814524827146,550
EquiformerV2 AD,85,8.63340589648701,chno_xyz__n085_pubchem_01_584bf137ab,0.3826282070450011,551
EquiformerV2 AD,85,8.375062592377079,chno_xyz__n085_pubchem_02_a11157c0ba,0.3853634842551511,552
EquiformerV2 AD,85,8.01380988542891,chno_xyz__n085_pubchem_03_445bda57c0,0.3647614958391088,553
EquiformerV2 AD,85,7.3487776676737635,chno_xyz__n085_pubchem_04_8abb972200,0.3609922731920117,554
EquiformerV2 AD,85,7.688027655577817,chno_xyz__n085_pubchem_05_bc2102717e,0.3704956679776492,555
EquiformerV2 AD,85,6.8234097067882455,chno_xyz__n085_pubchem_06_22b0467931,0.3320150462626,556
EquiformerV2 AD,85,8.889275908148624,chno_xyz__n085_pubchem_07_dd340d2396,0.381557641255718,557
EquiformerV2 AD,85,7.019743025866046,chno_xyz__n085_pubchem_08_a12d2e9213,0.3466761098155022,558
EquiformerV2 AD,85,7.224758042025865,chno_xyz__n085_pubchem_09_bd7c3a4ac8,0.3684921522485274,559
EquiformerV2 AD,85,7.70541090418407,chno_xyz__n085_pubchem_10_df2a61b6c8,0.3995418887345083,560
EquiformerV2 AD,86,9.014606474379804,chno_xyz__n086_pubchem_01_1a35118118,0.3492350337671763,561
EquiformerV2 AD,86,8.671346127316365,chno_xyz__n086_pubchem_02_a2b0647d9d,0.3666837704617089,562
EquiformerV2 AD,86,7.832831126749119,chno_xyz__n086_pubchem_03_73597a07e5,0.3530014614188835,563
EquiformerV2 AD,86,7.801722171168811,chno_xyz__n086_pubchem_04_da4d142001,0.3629558120551645,564
EquiformerV2 AD,86,8.340918706013763,chno_xyz__n086_pubchem_05_676587fce8,0.3506971308694665,565
EquiformerV2 AD,86,7.144970386321277,chno_xyz__n086_pubchem_06_a797e8fb05,0.352220969842318,566
EquiformerV2 AD,86,7.402466495612882,chno_xyz__n086_pubchem_07_da3121ab0c,0.3807439888120958,567
EquiformerV2 AD,86,9.445159166777165,chno_xyz__n086_pubchem_08_64fec6324e,0.3855499793374621,568
EquiformerV2 AD,86,7.170734026471461,chno_xyz__n086_pubchem_09_5a67e55d22,0.3733768449106909,569
EquiformerV2 AD,86,7.559242953008556,chno_xyz__n086_pubchem_10_ebdc4d1c8c,0.3454270313398841,570
EquiformerV2 AD,87,8.937237716988491,chno_xyz__n087_pubchem_03_32a9803cd6,0.3887246618040864,571
EquiformerV2 AD,87,8.092503769842532,chno_xyz__n087_pubchem_04_6cefdadf25,0.3558721995961776,572
EquiformerV2 AD,87,7.770752380081578,chno_xyz__n087_pubchem_04_ecbc48b43d,0.4191329619156632,573
EquiformerV2 AD,87,7.260123989373584,chno_xyz__n087_pubchem_05_0c34937d94,0.3457390443513322,574
EquiformerV2 AD,87,7.8597050510375235,chno_xyz__n087_pubchem_05_a49fe27920,0.3791015027739414,575
EquiformerV2 AD,87,7.222083277010849,chno_xyz__n087_pubchem_06_241aab30b4,0.357435212680431,576
EquiformerV2 AD,87,7.937170741196857,chno_xyz__n087_pubchem_07_c0d549447b,0.3420963224809381,577
EquiformerV2 AD,87,9.542601122185216,chno_xyz__n087_pubchem_08_07b0144f83,0.3803445294679943,578
EquiformerV2 AD,87,7.831864442005174,chno_xyz__n087_pubchem_09_7f6a8b180b,0.3753310398669526,579
EquiformerV2 AD,87,7.78722306856838,chno_xyz__n087_pubchem_10_f3a950d446,0.3601878257158628,580
EquiformerV2 AD,88,7.278202234179197,chno_xyz__n088_pubchem_01_5b87af9884,0.3188129765167498,581
EquiformerV2 AD,88,8.300656459294217,chno_xyz__n088_pubchem_02_b9e32a7ab4,0.3864789319354795,582
EquiformerV2 AD,88,7.964315843775061,chno_xyz__n088_pubchem_03_3d94df0d85,0.3543180470834606,583
EquiformerV2 AD,88,9.712799976928231,chno_xyz__n088_pubchem_04_e95fb96e6f,0.3830298244395568,584
EquiformerV2 AD,88,9.969738990631551,chno_xyz__n088_pubchem_05_d8e57e9ae5,0.381057415838373,585
EquiformerV2 AD,88,6.979783738999018,chno_xyz__n088_pubchem_06_ea2f993dab,0.3453327892048649,586
EquiformerV2 AD,88,7.898875295681432,chno_xyz__n088_pubchem_07_5d1b2a3184,0.3746262713778837,587
EquiformerV2 AD,88,7.596525867218523,chno_xyz__n088_pubchem_08_193d6cd354,0.3651536492065669,588
EquiformerV2 AD,88,8.460522167739853,chno_xyz__n088_pubchem_09_c359ad5caf,0.3720649069711835,589
EquiformerV2 AD,88,8.460522338097503,chno_xyz__n088_pubchem_10_b01b2f2fcf,0.3720649129086483,590
EquiformerV2 AD,89,10.294655857780825,chno_xyz__n089_pubchem_01_40cec481cf,0.3819428529328417,591
EquiformerV2 AD,89,8.95724970440354,chno_xyz__n089_pubchem_02_dc54f03d18,0.3627300967887834,592
EquiformerV2 AD,89,7.26553266551936,chno_xyz__n089_pubchem_03_8912996eb4,0.3290919150180596,593
EquiformerV2 AD,89,7.287978817840667,chno_xyz__n089_pubchem_04_cfcdbca387,0.3206151539090304,594
EquiformerV2 AD,89,7.705077913433346,chno_xyz__n089_pubchem_05_99f1ea52c1,0.3398985367591214,595
EquiformerV2 AD,89,8.527442957525611,chno_xyz__n089_pubchem_06_49d91b266b,0.374241299750603,596
EquiformerV2 AD,89,8.160878134619177,chno_xyz__n089_pubchem_07_fab9f73c05,0.3780096150897475,597
EquiformerV2 AD,89,7.825871438040759,chno_xyz__n089_pubchem_08_0b208dc9c5,0.3392672325198936,598
EquiformerV2 AD,89,7.303423436549225,chno_xyz__n089_pubchem_09_796d88fef0,0.351113232077945,599
EquiformerV2 AD,89,7.009090431376948,chno_xyz__n089_pubchem_10_63021cdbba,0.3359595420852145,600
EquiformerV2 AD,90,8.087899058483153,chno_xyz__n090_pubchem_01_9a28007d8a,0.3376302690294984,601
EquiformerV2 AD,90,6.860953713455664,chno_xyz__n090_pubchem_02_eeeb46a51f,0.3314171471872996,602
EquiformerV2 AD,90,9.1427898968416,chno_xyz__n090_pubchem_04_c00752d492,0.3895516906452482,603
EquiformerV2 AD,90,8.37323817549974,chno_xyz__n090_pubchem_05_3ac5c7788c,0.3647817998766493,604
EquiformerV2 AD,90,8.201244132392866,chno_xyz__n090_pubchem_05_4ed4bbe11d,0.3656125754537095,605
EquiformerV2 AD,90,7.855965775556921,chno_xyz__n090_pubchem_06_393f07dd39,0.3560634089620205,606
EquiformerV2 AD,90,9.20527186996052,chno_xyz__n090_pubchem_07_614f748779,0.3654001705751325,607
EquiformerV2 AD,90,7.143151608930033,chno_xyz__n090_pubchem_08_3a8d6fb0d9,0.340997539177282,608
EquiformerV2 AD,90,7.426056875922243,chno_xyz__n090_pubchem_09_4441dd45c3,0.3489736942725799,609
EquiformerV2 AD,90,7.487402610511889,chno_xyz__n090_pubchem_10_0a136aed35,0.3312519000496677,610
EquiformerV2 AD,91,7.903900354913346,chno_xyz__n091_pubchem_01_e7029a5f3b,0.3456582130746737,611
EquiformerV2 AD,91,8.028400599134233,chno_xyz__n091_pubchem_02_996d73e50a,0.3549060723940376,612
EquiformerV2 AD,91,8.271990456841008,chno_xyz__n091_pubchem_03_b92fdc1a98,0.3691161513423443,613
EquiformerV2 AD,91,7.763456400714976,chno_xyz__n091_pubchem_04_508635aaa4,0.3642123547170685,614
EquiformerV2 AD,91,8.236128222000124,chno_xyz__n091_pubchem_05_592df377cb,0.3385030344837329,615
EquiformerV2 AD,91,7.825428378978096,chno_xyz__n091_pubchem_06_7b9272016c,0.3370733096011039,616
EquiformerV2 AD,91,7.759949187180361,chno_xyz__n091_pubchem_07_6401f025d3,0.3480607920512829,617
EquiformerV2 AD,91,9.3941061445542,chno_xyz__n091_pubchem_08_c58dc70284,0.3669933141876784,618
EquiformerV2 AD,91,8.70039695849041,chno_xyz__n091_pubchem_09_e77d16fae6,0.3412895288896432,619
EquiformerV2 AD,91,7.126754315982657,chno_xyz__n091_pubchem_10_bc654ad594,0.3565435859280006,620
EquiformerV2 AD,92,8.080162111794893,chno_xyz__n092_pubchem_01_910f368488,0.3410058623537322,621
EquiformerV2 AD,92,7.567146622076247,chno_xyz__n092_pubchem_02_7d13c14f9f,0.3187668679658839,622
EquiformerV2 AD,92,8.763582318070123,chno_xyz__n092_pubchem_03_fa81db9481,0.3358906084672782,623
EquiformerV2 AD,92,9.138262925014184,chno_xyz__n092_pubchem_04_ce390d8807,0.3480059618638162,624
EquiformerV2 AD,92,7.862857583348462,chno_xyz__n092_pubchem_05_95596cd2ca,0.3412050497014469,625
EquiformerV2 AD,92,8.25028397366166,chno_xyz__n092_pubchem_06_77bce39497,0.3685004428268215,626
EquiformerV2 AD,92,7.464431383072684,chno_xyz__n092_pubchem_07_f078a46f84,0.3518207794311376,627
EquiformerV2 AD,92,7.708950537360414,chno_xyz__n092_pubchem_08_ca129e4143,0.3704215587620565,628
EquiformerV2 AD,92,7.486238360721276,chno_xyz__n092_pubchem_09_83df52ffb0,0.3379603505872687,629
EquiformerV2 AD,92,9.935158865757522,chno_xyz__n092_pubchem_10_de55127caa,0.3568844242107962,630
EquiformerV2 AD,93,8.276689663111041,chno_xyz__n093_pubchem_02_b334b9b476,0.3662632452526291,631
EquiformerV2 AD,93,9.404157736217796,chno_xyz__n093_pubchem_04_8adf3f3681,0.3548291107420111,632
EquiformerV2 AD,93,7.38617038503757,chno_xyz__n093_pubchem_04_a621c65051,0.3167135200725272,633
EquiformerV2 AD,93,8.4480747931457,chno_xyz__n093_pubchem_05_0ca208e89b,0.3498437302410981,634
EquiformerV2 AD,93,8.71330336535689,chno_xyz__n093_pubchem_05_7cfbfa047a,0.3440273533471712,635
EquiformerV2 AD,93,9.077428637253556,chno_xyz__n093_pubchem_06_3af3769116,0.3607927274351647,636
EquiformerV2 AD,93,8.318779812998907,chno_xyz__n093_pubchem_07_52883021f7,0.3505930071359977,637
EquiformerV2 AD,93,8.466250336065976,chno_xyz__n093_pubchem_08_465a69a4e3,0.3485826627671675,638
EquiformerV2 AD,93,9.297051016322833,chno_xyz__n093_pubchem_09_2e9ca15e9b,0.3479523846467188,639
EquiformerV2 AD,93,7.930228908574644,chno_xyz__n093_pubchem_10_8a06ab8bb7,0.3285627487829709,640
EquiformerV2 AD,94,9.539586238027658,chno_xyz__n094_pubchem_01_6ad409f81a,0.3636679941988512,641
EquiformerV2 AD,94,9.246471258898856,chno_xyz__n094_pubchem_02_840479eb40,0.3347965347240437,642
EquiformerV2 AD,94,8.811857033822589,chno_xyz__n094_pubchem_03_d0da68bf22,0.3559158907249748,643
EquiformerV2 AD,94,8.658326282583849,chno_xyz__n094_pubchem_04_8f1a85008a,0.2989999517436515,644
EquiformerV2 AD,94,7.983402727956293,chno_xyz__n094_pubchem_05_2b1feaef67,0.3242376391229418,645
EquiformerV2 AD,94,9.072755943264006,chno_xyz__n094_pubchem_06_ab45b0c852,0.3297624425781369,646
EquiformerV2 AD,94,8.469080212032152,chno_xyz__n094_pubchem_07_854dd9069f,0.3440611673355486,647
EquiformerV2 AD,94,8.50452746767814,chno_xyz__n094_pubchem_08_e53dc49600,0.350784246226699,648
EquiformerV2 AD,94,8.870077517771255,chno_xyz__n094_pubchem_09_6a47481372,0.3715095679420435,649
EquiformerV2 AD,94,8.23132304602426,chno_xyz__n094_pubchem_10_dfcb172989,0.3578168936293375,650
EquiformerV2 AD,95,8.088633502713586,chno_xyz__n095_pubchem_01_702ba30f16,0.3371211285514988,651
EquiformerV2 AD,95,7.831502777576817,chno_xyz__n095_pubchem_02_3b34e9d3d6,0.2997914605978337,652
EquiformerV2 AD,95,9.823722933180768,chno_xyz__n095_pubchem_03_3da2812c5a,0.3523360788789245,653
EquiformerV2 AD,95,7.596275669927314,chno_xyz__n095_pubchem_04_33eae563ff,0.3249208886139804,654
EquiformerV2 AD,95,7.939209754947417,chno_xyz__n095_pubchem_05_f2ef752a23,0.3212541475663231,655
EquiformerV2 AD,95,7.722764503867792,chno_xyz__n095_pubchem_06_c5899153fd,0.3373837096270684,656
EquiformerV2 AD,95,7.568563401470383,chno_xyz__n095_pubchem_07_3358843ed7,0.3103275177250129,657
EquiformerV2 AD,95,7.567260285063409,chno_xyz__n095_pubchem_08_b8d6075f13,0.3073445800959221,658
EquiformerV2 AD,95,7.693571549590369,chno_xyz__n095_pubchem_09_07c7bd5458,0.3137917664678784,659
EquiformerV2 AD,95,7.522610713795434,chno_xyz__n095_pubchem_10_d2cc2f591c,0.3316742130888651,660
EquiformerV2 AD,96,8.375244824151657,chno_xyz__n096_pubchem_03_b6a0adc102,0.3395229103451494,661
EquiformerV2 AD,96,8.444602000582584,chno_xyz__n096_pubchem_04_ceb28a251d,0.3498940042125381,662
EquiformerV2 AD,96,8.619649130505316,chno_xyz__n096_pubchem_05_3de9bfc1d9,0.3611252890056277,663
EquiformerV2 AD,96,7.473931367276154,chno_xyz__n096_pubchem_05_ec565af0e5,0.3258726823216786,664
EquiformerV2 AD,96,7.634526724203697,chno_xyz__n096_pubchem_06_eb8d4b2d64,0.3155784735983603,665
EquiformerV2 AD,96,9.1317369990594,chno_xyz__n096_pubchem_07_58f1519121,0.3358986418063738,666
EquiformerV2 AD,96,9.086823423620231,chno_xyz__n096_pubchem_08_00949963d4,0.3512240288128601,667
EquiformerV2 AD,96,7.412347628580032,chno_xyz__n096_pubchem_09_ba55aaa2a9,0.3007301581560231,668
EquiformerV2 AD,96,7.562778863503079,chno_xyz__n096_pubchem_10_9cd35b682f,0.3190850949228803,669
EquiformerV2 AD,97,10.23313009923285,chno_xyz__n097_pubchem_01_2c333b82a2,0.3330341031132031,670
EquiformerV2 AD,97,9.456372141535336,chno_xyz__n097_pubchem_02_56701a5139,0.3449161062865319,671
EquiformerV2 AD,97,8.332578835754324,chno_xyz__n097_pubchem_04_b350a4372e,0.3124769718910697,672
EquiformerV2 AD,97,7.799115217824648,chno_xyz__n097_pubchem_05_453e88dcdf,0.3344893246937956,673
EquiformerV2 AD,97,7.80851514540622,chno_xyz__n097_pubchem_05_b84f264fb5,0.3284704293952684,674
EquiformerV2 AD,97,9.585979884553703,chno_xyz__n097_pubchem_06_702315b0e4,0.3312661044944451,675
EquiformerV2 AD,97,9.579323697400715,chno_xyz__n097_pubchem_07_1b8dd9af47,0.3639115062303579,676
EquiformerV2 AD,97,7.837480711916202,chno_xyz__n097_pubchem_08_71fcaa3c6e,0.3206775258135073,677
EquiformerV2 AD,97,9.83581586708939,chno_xyz__n097_pubchem_09_5b8a9036aa,0.3197844059579494,678
EquiformerV2 AD,97,7.878859288935781,chno_xyz__n097_pubchem_10_e8ecd07941,0.326379373959828,679
EquiformerV2 AD,98,7.8041477244584785,chno_xyz__n098_pubchem_01_382c0011f3,0.3293961256753427,680
EquiformerV2 AD,98,7.83891375477629,chno_xyz__n098_pubchem_02_5ec1bd2940,0.320798208126252,681
EquiformerV2 AD,98,7.775519054817981,chno_xyz__n098_pubchem_03_dc6139ea0a,0.3431045078404715,682
EquiformerV2 AD,98,9.207646654855418,chno_xyz__n098_pubchem_04_a3bfb7c5a9,0.3361038084574507,683
EquiformerV2 AD,98,9.362146108621335,chno_xyz__n098_pubchem_05_77b8e90c0d,0.3675640699003215,684
EquiformerV2 AD,98,8.12085001940245,chno_xyz__n098_pubchem_06_03b2a13f1d,0.3584896266135462,685
EquiformerV2 AD,98,9.964849446510833,chno_xyz__n098_pubchem_07_4d160e80ab,0.3637211505259524,686
EquiformerV2 AD,98,7.703338593751855,chno_xyz__n098_pubchem_08_a20a27d288,0.3170417049764423,687
EquiformerV2 AD,98,8.649370651700803,chno_xyz__n098_pubchem_09_d3baa595e9,0.3462546765266709,688
EquiformerV2 AD,98,8.016734016567797,chno_xyz__n098_pubchem_10_83821b4cb0,0.3291151747797187,689
EquiformerV2 AD,99,8.687451053111507,chno_xyz__n099_pubchem_02_5bb099269b,0.3426365317057643,690
EquiformerV2 AD,99,8.943225130972738,chno_xyz__n099_pubchem_03_d91796900e,0.3328371432121929,691
EquiformerV2 AD,99,8.166553823015388,chno_xyz__n099_pubchem_04_73f235573c,0.310098566088781,692
EquiformerV2 AD,99,7.664364754596736,chno_xyz__n099_pubchem_05_7ef3dd928e,0.2920210047924441,693
EquiformerV2 AD,99,7.697445207401854,chno_xyz__n099_pubchem_05_89bde37e62,0.3186021765465528,694
EquiformerV2 AD,99,8.501011708794492,chno_xyz__n099_pubchem_06_59d5cc2c25,0.3390349767441615,695
EquiformerV2 AD,99,9.278747022483422,chno_xyz__n099_pubchem_07_95b01a4792,0.3170921120304739,696
EquiformerV2 AD,99,10.700331261126374,chno_xyz__n099_pubchem_08_58190e47f7,0.3474780391613027,697
EquiformerV2 AD,99,8.912067497274297,chno_xyz__n099_pubchem_09_ab603c7740,0.3364363545925209,698
EquiformerV2 AD,99,7.774985679234898,chno_xyz__n099_pubchem_10_c2ce9060fa,0.3151165551697695,699
EquiformerV2 AD,100,7.905144407299133,chno_xyz__n100_pubchem_02_6ad2f7fce4,0.3237347991135624,701
EquiformerV2 AD,100,7.68923657659775,chno_xyz__n100_pubchem_03_76d819f675,0.3126973906265568,702
EquiformerV2 AD,100,7.843189060702882,chno_xyz__n100_pubchem_04_0739d00b09,0.3180034349224864,703
EquiformerV2 AD,100,9.058780227966562,chno_xyz__n100_pubchem_05_8650eabf35,0.3225294557887437,704
EquiformerV2 AD,100,9.601598515967495,chno_xyz__n100_pubchem_06_bbd886bf40,0.3451946896543078,705
EquiformerV2 AD,100,8.94659638978769,chno_xyz__n100_pubchem_07_e85d566d14,0.3225512958287531,706
EquiformerV2 AD,100,9.627021555234828,chno_xyz__n100_pubchem_08_d3c7f8679b,0.3161158162299184,707
EquiformerV2 AD,100,8.069683538119381,chno_xyz__n100_pubchem_09_7303ce3b85,0.3193812638479641,708
EquiformerV2 AD,100,8.745345211067562,chno_xyz__n100_pubchem_10_5cf3dc516e,0.3187185961614899,709
