sample_idx,natoms,time,memory,energy_mae,energy_mae_per_atom,forces_mae,hessian_mae,asymmetry_mae,true_asymmetry_mae,eigval_mae,true_neg_num,true_is_minima,true_is_ts,true_is_ts_order2,true_is_higher_order,model_neg_num,model_is_ts,model_is_minima,model_is_ts_order2,model_is_higher_order,neg_num_agree,eigval_mae_eckart,eigval1_mae_eckart,eigval2_mae_eckart,eigvec1_cos_eckart,eigvec2_cos_eckart,freq_mae_400_4000,freq_mae_400_4000_dataset
0,17,3853.697509765625,2459.684864,1011.626953125,59.507469177246094,129.8095245361328,1286.3294677734375,0.00020115946244914085,0.0,17210.376953125,0,1,0,0,0,32,0,0,0,1,0,7531.219158692634,65558.35575467405,56523.6752714051,5.164794734632784e-05,0.0011946960059927882,,
1,15,3817.970947265625,2370.963968,2789.2587890625,185.95059204101562,175.08372497558594,2189.42822265625,0.00026954285567626357,0.0,23361.029296875,0,1,0,0,0,28,0,0,0,1,0,8048.596624815908,55740.6295720103,46298.78095213692,0.003513423214818026,0.0002353720763951829,,
2,17,4308.25341796875,2411.323392,1139.740234375,67.04354095458984,210.79722595214844,1602.3170166015625,0.00024120429588947445,0.0,17041.044921875,0,1,0,0,0,28,0,0,0,1,0,6412.0527228642295,46345.6710272674,40660.539885059974,0.00019163275357308648,0.019411002094748844,,
3,22,5589.3046875,3168.546304,1698.8623046875,77.22101593017578,97.79808044433594,658.4170532226562,0.00010627644951455295,0.0,9768.263671875,0,1,0,0,0,42,0,0,0,1,0,2752.3773014918747,18855.76404535465,11233.738488056892,0.000581956498440935,0.005460521957013607,666.2732053836951,3108.7188881119923
4,15,3826.0849609375,2801.573888,2854.236328125,190.2824249267578,201.98658752441406,1916.3270263671875,0.00026903057005256414,0.0,20414.89453125,0,1,0,0,0,24,0,0,0,1,0,9359.041460833432,60690.79203787298,58025.828465764615,9.489937642062629e-05,0.0009076397356925451,,
5,16,4071.07275390625,2266.74176,1803.3203125,112.70751953125,75.8816146850586,1010.3728637695312,0.00018628290854394436,0.0,10804.3779296875,0,1,0,0,0,25,0,0,0,1,0,5595.543499930539,43558.278227771334,37445.79936081552,0.00044041742314919474,0.0034205950909194094,1309.0935647234269,591.2483919781257
6,10,2580.2802734375,1747.460608,8494.3310546875,849.43310546875,529.05029296875,8322.7666015625,0.0012444107560440898,0.0,74418.546875,0,1,0,0,0,12,0,0,0,1,0,40968.02105959865,391947.69930118177,368148.68816096545,8.342617347799341e-05,0.012761725273164083,,
7,16,4081.923583984375,1867.500544,2028.40234375,126.775146484375,165.01243591308594,1667.2100830078125,0.0002799590874928981,0.0,16600.79296875,0,1,0,0,0,26,0,0,0,1,0,8855.070809347033,67960.1792985248,55882.75292485434,0.0008701137105612058,0.0020188061067672528,,
8,20,5113.435546875,2876.51328,676.1513671875,33.80756759643555,55.255245208740234,357.8957824707031,6.943083280930296e-05,0.0,4728.78662109375,0,1,0,0,0,35,0,0,0,1,0,2052.5935391515104,13677.564319435263,11900.332432478437,0.003368389074814543,0.0015192857188749877,947.2399430726405,3227.4765690928566
9,25,6399.62060546875,3842.99008,2948.57421875,117.94296264648438,66.88778686523438,314.9706115722656,7.83029172453098e-05,0.0,4810.17041015625,0,1,0,0,0,45,0,0,0,1,0,1757.2317352082696,10090.33092555917,9270.69966778735,1.923971289312376e-05,0.0018957471051641028,833.5991517582081,1611.4083441863434
10,16,4108.27392578125,3123.256832,1826.5087890625,114.15679931640625,263.18896484375,2055.809814453125,0.00023952739138621837,0.0,20751.90625,0,1,0,0,0,29,0,0,0,1,0,11982.925693876028,102811.28713369995,97249.95923754203,9.957134879214763e-05,0.0004910111353763694,,
11,20,5119.79296875,2769.782272,840.326171875,42.01630783081055,69.49951171875,628.0665283203125,0.00011255628487560898,0.0,8054.09814453125,0,1,0,0,0,42,0,0,0,1,0,3573.5355263954525,24883.73677128547,20099.159142058947,0.001107630564081273,5.966859890889353e-05,,
12,21,5373.6259765625,3252.264448,1186.29296875,56.490142822265625,68.9383316040039,483.8774719238281,8.219885785365477e-05,0.0,6911.2333984375,0,1,0,0,0,30,0,0,0,1,0,2578.1308157669764,17410.229724731187,16316.258854614145,4.039200876543303e-05,0.001157922454273097,,
13,21,5374.4423828125,3420.184576,1204.7431640625,57.36872482299805,66.46855163574219,339.5146484375,7.277776603586972e-05,0.0,4823.564453125,0,1,0,0,0,28,0,0,0,1,0,2056.483776415166,15439.593642651862,9661.22799869041,0.0019229063528792556,0.0010145470176412819,,
14,22,5637.65087890625,3695.275008,1719.947265625,78.1794204711914,78.65023803710938,474.5325927734375,9.060658339876682e-05,0.0,6145.130859375,0,1,0,0,0,37,0,0,0,1,0,3701.419254582565,40147.04006462154,20012.902229886426,1.736599731858718e-05,0.013164669251950506,,
15,16,4131.50146484375,3042.949632,1822.298828125,113.8936767578125,170.03111267089844,1585.9459228515625,0.0002656608121469617,0.0,17465.95703125,0,1,0,0,0,27,0,0,0,1,0,8042.370442498301,67491.1979302098,48038.94230216469,0.003449620683859976,0.0019791987312505043,,
16,15,3873.032958984375,2194.851328,2549.1943359375,169.94630432128906,177.6754150390625,2155.695068359375,0.0003174370795022696,0.0,20132.267578125,0,1,0,0,0,26,0,0,0,1,0,5044.509792601832,42185.81839967995,28693.996092681442,0.000120966997286448,4.269018271857439e-05,486.31571571246377,2619.6896343131107
17,14,3610.71728515625,1958.006784,2907.6845703125,207.69175720214844,156.60479736328125,1308.426513671875,0.00018566548533271998,0.0,14276.037109375,0,1,0,0,0,27,0,0,0,1,0,8017.793416279114,94805.17323269931,54209.864473809845,0.000353114249021836,0.0025295367947945346,2273.518677642928,163.05668154599448
18,14,3612.76220703125,1955.424256,3782.4677734375,270.17626953125,231.41094970703125,2240.94677734375,0.0003519085294101387,0.0,22085.560546875,0,1,0,0,0,20,0,0,0,1,0,8941.794913512404,69998.10486898183,60668.951879283144,0.0011665212621854212,0.0020117883254107214,166.48354305598014,1838.2460433069473
19,23,5919.2119140625,2671.277568,2043.162109375,88.83313751220703,68.19902038574219,355.1826477050781,5.415217310655862e-05,0.0,6252.708984375,0,1,0,0,0,49,0,0,0,1,0,2946.8349513835883,24313.866873038834,20324.37568220167,0.0008139009846515263,0.0020176031309130926,,
20,18,4626.2001953125,2989.937152,267.0166015625,14.834256172180176,122.63138580322266,735.070068359375,0.0001106455601984635,0.0,9714.98046875,0,1,0,0,0,33,0,0,0,1,0,3837.277710109372,45109.166673878826,28406.518988341635,0.0013730607285257108,0.00019952629915774567,801.7489424227158,1424.2181928362163
21,17,4376.3564453125,2658.286592,978.2099609375,57.54176330566406,118.16773223876953,926.9891357421875,0.00015277997590601444,0.0,11614.724609375,0,1,0,0,0,33,0,0,0,1,0,6170.072319894422,57632.01054753967,35008.73669707075,0.0034922174634839966,0.001086840023219373,2271.7390015719,182.96528082069221
22,22,5641.71875,3243.516416,1709.7734375,77.71697998046875,54.834136962890625,382.3295593261719,8.279971370939165e-05,0.0,5429.59375,0,1,0,0,0,39,0,0,0,1,0,2528.909871836733,22316.726636277566,9960.71631728845,0.0011153614329143663,0.022432614663553063,,
23,15,3870.48291015625,2904.599552,2565.3818359375,171.0254669189453,164.89747619628906,1578.9345703125,0.0002334034361410886,0.0,13852.9599609375,0,1,0,0,0,23,0,0,0,1,0,4422.688672618674,40877.230852635665,31767.4772921277,0.0012792483927525355,0.0010813190581725543,,
24,17,4363.48486328125,2342.788096,1009.0732421875,59.35725021362305,100.5127944946289,1133.8472900390625,0.00015633452858310193,0.0,13905.46875,0,1,0,0,0,25,0,0,0,1,0,5469.828329784253,36840.82982843163,33868.349629566976,0.0004856770450617637,0.0010972144623441794,733.9775612655833,2754.5929029428135
25,17,4370.52001953125,2499.124736,1078.9541015625,63.46788787841797,195.9037322998047,1349.473876953125,0.00018377068045083433,0.0,15125.765625,0,1,0,0,0,27,0,0,0,1,0,8805.988196245333,77685.1429038898,54564.109282745216,1.1028590124737003e-05,0.002587549042370227,,
26,14,3607.3701171875,2232.770048,3759.2607421875,268.5186462402344,224.79847717285156,2281.307373046875,0.00032579278922639787,0.0,21656.435546875,0,1,0,0,0,24,0,0,0,1,0,8060.619540543564,67251.32204761091,55207.23798534123,0.0013982770540978962,0.004070634065894307,978.3630504979378,3067.1286850752267
27,23,5893.44287109375,2971.124736,1843.400390625,80.14784240722656,53.47425079345703,355.8797302246094,5.071920531918295e-05,0.0,5333.94189453125,0,1,0,0,0,45,0,0,0,1,0,2023.0219130488592,12965.828853073748,11758.456995543327,0.0012733945875873717,0.002376572926722678,396.34704382209793,2844.197164688673
28,21,5367.13671875,3666.75456,1165.8701171875,55.51762390136719,58.95661926269531,456.050048828125,7.79855836299248e-05,0.0,6431.31396484375,0,1,0,0,0,41,0,0,0,1,0,3192.339880582859,22569.977744643696,21842.82076283813,0.0029410125647766974,0.01618862392041065,1398.0412710993317,1085.943913897214
29,21,5362.037109375,3602.476544,1217.115234375,57.95787048339844,63.69414138793945,430.8647155761719,8.448471635347232e-05,0.0,5589.38330078125,0,1,0,0,0,40,0,0,0,1,0,2257.500400612554,16360.123824843302,14112.503362013247,0.0019277641934834118,0.006950583463980354,,
30,16,4089.787841796875,2933.047296,1600.912109375,100.0570068359375,104.44842529296875,1273.782958984375,0.00020195181423332542,0.0,14197.1357421875,0,1,0,0,0,30,0,0,0,1,0,7519.388490239087,54598.88132392742,35486.6695289054,0.0034992439860442037,0.0067464778972132905,184.59460411894815,2611.919887528962
31,19,4915.45849609375,2424.859136,314.248046875,16.539371490478516,100.65847778320312,661.0010375976562,0.0001155867867055349,0.0,9341.783203125,0,1,0,0,0,31,0,0,0,1,0,4563.897079395592,37660.21429105658,36448.40898400198,4.517819078941887e-05,0.0004020896316673378,625.005922271696,1627.2404310712218
32,13,3363.4638671875,2068.681728,4627.6064453125,355.9697265625,117.56036376953125,2237.954345703125,0.00022140640066936612,0.0,22442.630859375,0,1,0,0,0,20,0,0,0,1,0,6124.925268872174,46766.94339713789,35866.203870562495,0.00012851069199512621,2.311021375313478e-05,555.0335566039183,1895.9661623671914
33,22,5633.07666015625,2949.946368,1733.1572265625,78.77987670898438,47.1728515625,338.7139892578125,7.252130308188498e-05,0.0,4402.208984375,0,1,0,0,0,42,0,0,0,1,0,2110.0406213653337,14218.461702346052,10735.823222554878,0.012814557443687397,0.0011210292634434259,,
34,18,4718.98583984375,3326.4768,303.8544921875,16.88080596923828,123.31673431396484,771.0869140625,0.0001383846829412505,0.0,9371.0234375,0,1,0,0,0,34,0,0,0,1,0,4447.2225270449635,59838.604707863014,26680.550476957553,0.00022605371266751044,0.000989271071009292,,
35,16,4131.2822265625,2615.914496,1794.7275390625,112.17047119140625,114.62675476074219,1251.421875,0.0001553187903482467,0.0,13397.537109375,0,1,0,0,0,25,0,0,0,1,0,5377.934703274022,37578.35132336529,33154.576595637154,0.0022001710457117025,0.0016650134205536933,537.3809592337609,1334.8107058175112
36,17,4367.5595703125,2523.593216,1105.6787109375,65.03992462158203,173.2769317626953,1292.1033935546875,0.0001833053829614073,0.0,14888.44140625,0,1,0,0,0,26,0,0,0,1,0,5649.51990256782,48014.72802241616,31873.704323446902,0.002442780180489483,0.01481237527715476,1365.4787585407032,721.6332311310505
37,21,5383.46728515625,3108.658176,1331.982421875,63.427734375,77.4511489868164,437.79473876953125,9.703534306026995e-05,0.0,5926.60400390625,0,1,0,0,0,36,0,0,0,1,0,3105.9399899469713,27750.019515126016,19419.040252337443,0.0033906789521792532,0.001806314484398018,399.53943378421354,2460.6311354084946
38,17,4428.66650390625,2784.86016,1093.927734375,64.34869384765625,231.34483337402344,1890.6485595703125,0.0002823354152496904,0.0,18823.111328125,0,1,0,0,0,32,0,0,0,1,0,10995.940677965156,137657.89564706586,62031.38901923009,0.0009644190463886232,0.00642701370909712,232.0584432533783,2567.486262893531
39,20,5125.8125,2831.471616,709.833984375,35.49169921875,70.41571807861328,347.66876220703125,6.687568384222686e-05,0.0,4480.13232421875,0,1,0,0,0,37,0,0,0,1,0,2100.8017805955033,16938.338997825413,16372.683702887452,0.00024139351930461267,0.00109775228251896,1126.585777893912,1533.2389959331408
40,18,4614.03955078125,2980.471296,351.109375,19.50607681274414,121.67864227294922,727.5328979492188,0.00011516524682519957,0.0,8976.3046875,0,1,0,0,0,32,0,0,0,1,0,4275.981890595361,35532.969595194445,21102.750647201035,2.7119972304107814e-05,0.005150415971582667,,
41,21,5427.453125,3221.97248,1246.455078125,59.355003356933594,58.48348617553711,364.2611083984375,6.511872197734192e-05,0.0,5230.54443359375,0,1,0,0,0,33,0,0,0,1,0,2579.4901646119006,19351.309454085356,14026.99243014798,0.0012770025503647114,0.001815964096708705,552.2902224210425,2650.0236374352244
42,18,4704.998046875,3063.7824,395.720703125,21.98448371887207,161.27110290527344,1355.3038330078125,0.0002290633856318891,0.0,16377.337890625,0,1,0,0,0,31,0,0,0,1,0,6964.325958614376,60521.16265679148,39213.48645126664,0.0017861268051592872,0.00012291631933564195,522.9862214016798,1777.4831002366354
43,20,5150.068359375,3083.984896,804.935546875,40.24677658081055,70.72008514404297,550.7860107421875,8.230292587541044e-05,0.0,8059.30126953125,0,1,0,0,0,42,0,0,0,1,0,3252.0986215022826,26318.794519689018,24719.353393526737,0.000526092616994614,0.003453430479645858,479.20516840626124,3371.5797724897766
44,22,5700.08203125,3686.702592,1714.8017578125,77.9455337524414,80.50432586669922,491.86798095703125,8.805761899566278e-05,0.0,7008.62451171875,0,1,0,0,0,43,0,0,0,1,0,3394.044158140525,23531.466066150613,15764.92065691526,0.0018212988647634612,0.0037807627921420603,,
45,21,5402.46337890625,3558.097408,1349.2158203125,64.24837493896484,81.1314697265625,403.50726318359375,0.00010153102630283684,0.0,5326.25537109375,0,1,0,0,0,35,0,0,0,1,0,2432.597570535771,14094.211188363233,11044.652211171011,0.002519051194527437,8.070641006621693e-06,,
46,18,4610.3603515625,3014.752256,302.9111328125,16.82839584350586,85.54222869873047,672.9761352539062,0.0001474248565500602,0.0,8823.9990234375,0,1,0,0,0,35,0,0,0,1,0,3816.4883553110753,43252.4985040844,20194.061319115004,0.0018210178386763587,0.02139673205202161,,
47,23,5896.34326171875,3475.804672,2005.154296875,87.18062591552734,44.83305740356445,284.4819030761719,5.656194844050333e-05,0.0,4217.0361328125,0,1,0,0,0,43,0,0,0,1,0,1690.0851842835123,10453.385962216276,8731.641170008541,0.0045004691143055026,0.0015104542797229788,712.468204020472,2109.6517069526117
48,21,5443.46923828125,3806.984192,1151.1240234375,54.8154296875,51.44118118286133,290.58843994140625,5.686729491571896e-05,0.0,3947.809814453125,0,1,0,0,0,37,0,0,0,1,0,1552.3389887759133,9902.10725013768,9038.335867444252,0.0003268566306829368,0.000315159549341755,,
49,17,4430.1728515625,3040.664576,906.509765625,53.32410430908203,100.95601654052734,820.1466674804688,0.0001179076571133919,0.0,8461.9580078125,0,1,0,0,0,29,0,0,0,1,0,3896.997069602515,55455.11417921157,20067.906076263534,0.00212262297634401,0.0005161944727155171,,
50,18,4578.32568359375,2681.354752,321.6005859375,17.86669921875,102.47157287597656,722.6251831054688,0.00012947575305588543,0.0,9020.6943359375,0,1,0,0,0,30,0,0,0,1,0,4385.99669634564,33083.50037224861,19892.724822417633,0.0022569704876358662,0.0014423261239316122,896.706194669985,2967.6734855448067
51,16,4091.9697265625,2531.038208,1812.5234375,113.28271484375,199.61068725585938,1594.72509765625,0.0002587737690191716,0.0,16373.8828125,0,1,0,0,0,26,0,0,0,1,0,7705.118552847814,49757.63861341521,47241.56395919938,0.003648208695237057,0.0008124803743382765,,
52,21,5366.32421875,3053.197312,1224.376953125,58.30366516113281,54.734130859375,408.8679504394531,6.211367144715041e-05,0.0,5642.32177734375,0,1,0,0,0,40,0,0,0,1,0,2373.0346655020494,22404.30890542748,9323.622502125769,0.0011063984558735696,0.003293608081562028,,
53,15,3872.79052734375,2791.879168,2580.986328125,172.06576538085938,228.7908477783203,1608.9085693359375,0.0002055839286185801,0.0,16337.8798828125,0,1,0,0,0,23,0,0,0,1,0,4831.706685462819,51210.52983081574,28000.210927581564,0.0007702836818103374,0.0008586281861340424,,
54,14,3612.092529296875,1996.430336,3656.9111328125,261.20794677734375,271.64410400390625,1724.223388671875,0.00026838091434910893,0.0,19058.802734375,1,0,1,0,0,18,0,0,0,1,0,9955.533613441623,128586.88696418796,63853.75875002911,0.12507146482996678,0.005886639543659714,1384.4067060692187,1879.9519381951825
55,19,4849.3701171875,2513.39008,288.68359375,15.193873405456543,69.34554290771484,838.5475463867188,0.0001558620569994673,0.0,10026.0673828125,0,1,0,0,0,37,0,0,0,1,0,4118.030784197998,27056.759803797082,21272.327296531228,0.00487757366549315,0.000861364269470033,,
56,17,4350.73681640625,2781.958656,1123.0166015625,66.05979919433594,142.7572021484375,1085.144287109375,0.0002310341369593516,0.0,11928.3076171875,0,1,0,0,0,29,0,0,0,1,0,5693.666036591849,48597.32362885971,35930.201585468174,0.0015021662260594447,0.0024097485656597445,1427.4042100913882,769.4612345798853
57,21,5361.2548828125,2920.115712,1328.296875,63.25223159790039,113.63924407958984,503.8972473144531,0.00011564781016204506,0.0,7196.24755859375,0,1,0,0,0,39,0,0,0,1,0,4698.436738872757,38473.86054417643,31086.023247999237,7.800892447960145e-05,0.0006596401986504047,211.12709113577012,2198.03206004483
58,17,4347.03515625,2894.386176,952.533203125,56.03136444091797,150.7523956298828,1326.3392333984375,0.00016419771418441087,0.0,15828.533203125,0,1,0,0,0,34,0,0,0,1,0,6134.127277640247,54638.51608486686,34779.420581397266,0.0008714229401054693,0.0004210676978042612,,
59,18,4611.08544921875,2608.600064,331.9560546875,18.44200325012207,107.8228759765625,1123.559814453125,0.00015632070426363498,0.0,12849.96875,0,1,0,0,0,32,0,0,0,1,0,6546.442285045433,57564.38485531481,31837.56225369679,0.001088645481455132,0.0005172530170497909,769.2109236672711,2498.127297985793
60,19,4882.5751953125,2673.39264,323.4091796875,17.021535873413086,113.02169036865234,869.2022094726562,0.00015171630366239697,0.0,10791.212890625,0,1,0,0,0,36,0,0,0,1,0,6770.144304127119,53468.885682245644,46308.045844225075,0.0023486071145222415,0.0004677253598372316,,
61,21,5386.07275390625,3183.470592,1219.4296875,58.06808090209961,49.54299545288086,354.8031005859375,6.674420001218095e-05,0.0,4858.07958984375,0,1,0,0,0,35,0,0,0,1,0,2533.3386002952006,18387.606798270088,18192.17364667195,0.0023987930709419847,0.0014941807835119336,384.7968257302132,1747.7386630127376
62,13,3366.3173828125,2546.59584,5114.2705078125,393.4054260253906,305.3748474121094,2918.067138671875,0.00044450393761508167,0.0,26448.8828125,0,1,0,0,0,20,0,0,0,1,0,11279.863277259674,96532.70118757822,91489.71128510898,0.00225598541890034,0.00025185626342911875,,
63,17,4372.22998046875,2262.705664,971.6630859375,57.15665054321289,126.52533721923828,1323.12060546875,0.000174516171682626,0.0,14042.0126953125,0,1,0,0,0,27,0,0,0,1,0,4979.717865459407,29155.430328180708,28254.450123516104,6.518862352905552e-05,0.0005330356739745232,1152.1530309840336,3110.0483907864395
64,19,4832.36083984375,2793.819648,272.923828125,14.364412307739258,90.33110046386719,629.2538452148438,8.673392585478723e-05,0.0,8460.498046875,0,1,0,0,0,37,0,0,0,1,0,5367.316577823965,48654.16770099811,40376.92889598877,0.0008276600374661144,0.0011341613503086656,,
65,22,5629.9365234375,3446.92224,1729.5009765625,78.61368560791016,58.59160614013672,349.3856201171875,6.722193938912824e-05,0.0,4852.5927734375,0,1,0,0,0,34,0,0,0,1,0,2702.1572211612292,22511.409118929012,22399.852850792166,6.697981502402049e-05,0.0012814112941906394,,
66,13,3365.49609375,2685.922304,5037.787109375,387.5220947265625,133.06565856933594,2377.387939453125,0.00031311099883168936,0.0,22251.3515625,0,1,0,0,0,16,0,0,0,1,0,12332.45984101964,100254.51730771609,86887.17317042813,2.5648317840906015e-05,0.00028981154271798,,
67,17,4445.2626953125,2279.96928,962.4951171875,56.61735916137695,122.63899993896484,935.8533325195312,0.00016003908240236342,0.0,10884.91015625,0,1,0,0,0,31,0,0,0,1,0,5264.415066229076,57884.404066787014,31217.959042504124,0.00046199524466688374,0.0015951548148980324,,
68,17,4449.6982421875,2587.191296,1006.6962890625,59.217430114746094,116.24407196044922,1108.820556640625,0.00016383336333092302,0.0,12442.6806640625,0,1,0,0,0,25,0,0,0,1,0,6591.517397870704,56338.39054369986,34922.516183856016,0.00040784497831460736,0.0029378448354629577,1432.446625528251,3459.006029380507
69,16,4166.30712890625,2486.085632,1822.712890625,113.9195556640625,111.71297454833984,1071.0985107421875,0.00016884232172742486,0.0,11530.78515625,0,1,0,0,0,23,0,0,0,1,0,5294.983895501673,31671.654567060454,30737.13862563784,0.001242280642964666,0.009216215900700847,,
70,25,6459.11083984375,3704.46848,2668.33251953125,106.7332992553711,40.37131118774414,268.9898376464844,5.718587271985598e-05,0.0,4182.912109375,0,1,0,0,0,41,0,0,0,1,0,1510.5893235741012,7051.110397269579,5377.958037103072,0.007941434086465332,0.003234366463752636,1060.6754641928592,3352.5185414810803
71,20,5172.9140625,3815.631872,830.8046875,41.54023361206055,72.4071273803711,607.182373046875,0.00010156613279832527,0.0,7819.2568359375,0,1,0,0,0,39,0,0,0,1,0,3482.4009961941565,25182.333541941556,24911.435320165718,0.0036074538558686503,0.00013397897408202325,480.8239865613191,2943.704316188937
72,17,4402.3701171875,2851.474944,1088.7998046875,64.04705047607422,123.08847045898438,1272.4384765625,0.0002005111164180562,0.0,16264.2109375,0,1,0,0,0,28,0,0,0,1,0,6352.21705787102,57748.30610089863,38803.48440368606,0.0007899401309712801,0.005631409951828356,,
73,18,5092.82958984375,2781.164544,322.201171875,17.90006446838379,62.05908203125,736.5489501953125,0.00015055765106808394,0.0,8623.88671875,0,1,0,0,0,29,0,0,0,1,0,3812.4685621626727,20642.49859191492,15306.817962923602,0.000522531450349268,0.00040930972052709465,1962.554602369962,237.01947134733086
74,19,4950.68505859375,2946.474496,305.3115234375,16.069026947021484,147.22694396972656,1180.0042724609375,0.00015549888485111296,0.0,14524.7490234375,0,1,0,0,0,37,0,0,0,1,0,5361.36089208351,47265.183079732815,32706.028102780972,0.0019270024665428952,4.9679163558080663e-05,,
75,21,5428.43505859375,3240.058368,1232.56640625,58.69363784790039,71.39128112792969,538.2110595703125,8.459643868263811e-05,0.0,7160.63134765625,0,1,0,0,0,37,0,0,0,1,0,2647.840156489441,23544.62239702855,21467.05099602636,0.004046259674680086,0.0023489423683931906,525.3535923483832,2753.0097175503674
76,17,4359.3076171875,2935.494144,763.1142578125,44.88907241821289,88.95000457763672,549.34912109375,0.00010346859926357865,0.0,7160.92919921875,0,1,0,0,0,34,0,0,0,1,0,3577.1091297688745,55389.4172072868,13326.238757541481,0.0004056588011516135,0.003115699272113262,,2250.193777128882
77,16,4108.44287109375,2339.421184,1820.744140625,113.7965087890625,132.3492431640625,1693.7479248046875,0.0002576661354396492,0.0,17992.1640625,0,1,0,0,0,26,0,0,0,1,0,10284.733850991473,102473.82408728189,65893.6087755455,0.00022689029279691214,0.00018795853753402966,224.15757048282512,2367.9339691288687
78,14,3605.46142578125,2081.287168,3148.0380859375,224.85987854003906,115.94854736328125,1275.15380859375,0.0002125951723428443,0.0,12396.2158203125,0,1,0,0,0,26,0,0,0,1,0,6196.508764961694,28859.926841890898,28363.879443039605,0.004495332399934257,0.0013718576472768248,921.9716704053662,3471.8093671622883
79,17,4359.68212890625,2329.31072,935.603515625,55.035499572753906,122.0648422241211,1223.1541748046875,0.00014998865663073957,0.0,13953.498046875,0,1,0,0,0,31,0,0,0,1,0,4568.322980534688,41619.0037536796,26384.80169584017,0.002237039201585963,0.0020890712327116534,,
80,20,5120.13916015625,2982.138368,837.744140625,41.88720703125,97.56818389892578,575.0142211914062,9.913249232340604e-05,0.0,7735.6181640625,0,1,0,0,0,39,0,0,0,1,0,3409.2452589598547,27704.522505279023,20843.421039141,0.0016107317334115925,0.0005964855177928718,,
81,20,5118.43994140625,3115.6096,884.142578125,44.207130432128906,111.25068664550781,945.8804321289062,0.0001422619679942727,0.0,13049.390625,0,1,0,0,0,39,0,0,0,1,0,7364.820967679644,69191.84402586235,40374.42476148402,0.0002909278044381028,8.904692547505311e-05,82.98733634071323,2356.626224004482
82,19,4862.73486328125,2722.909696,299.1318359375,15.743781089782715,73.94939422607422,667.0396728515625,8.33727972349152e-05,0.0,10126.169921875,0,1,0,0,0,36,0,0,0,1,0,4947.7689368831925,34731.91357929192,30033.654033858085,0.00022833455517907997,0.0005567696809703256,1097.6231615797133,3520.481730998755
83,21,5365.7626953125,3137.472512,1333.822265625,63.51534652709961,76.649169921875,549.3714599609375,9.504167246632278e-05,0.0,7210.30322265625,0,1,0,0,0,37,0,0,0,1,0,2989.6095810033494,24176.827753244284,18708.963661419642,0.000801980846205988,0.001852596469171755,221.16328396139488,2497.674206085738
84,21,5362.7666015625,3515.748352,1333.521484375,63.50102615356445,60.22938919067383,481.28094482421875,7.717230619164184e-05,0.0,7132.24755859375,0,1,0,0,0,38,0,0,0,1,0,2925.26059166934,19441.702278343993,17803.58262761652,3.686474615265112e-05,0.00030465555372639723,,
85,22,5621.62353515625,3643.08736,1716.607421875,78.0276107788086,62.39971923828125,442.0737609863281,8.519553375663236e-05,0.0,6537.533203125,0,1,0,0,0,45,0,0,0,1,0,2783.084084900021,19639.015983354297,15089.755367317663,0.00022433392162585566,0.0020983268457148846,,
86,14,3610.689697265625,2756.63872,3639.951171875,259.99652099609375,195.3365478515625,1829.474365234375,0.00023723801132291555,0.0,19889.427734375,0,1,0,0,0,19,0,0,0,1,0,8617.74564885685,83920.39572568412,79088.07705094498,6.350707154401634e-05,1.213010842700344e-05,1392.9799748925384,315.4200758099206
87,17,4360.8154296875,2360.530944,962.3623046875,56.60954666137695,96.01258087158203,1032.3284912109375,0.00013867289817426354,0.0,11480.025390625,0,1,0,0,0,29,0,0,0,1,0,5445.947404000904,40678.358229470876,31594.56436972061,0.00212508347015411,0.007901292200575866,27.838595640942003,2184.8043150229846
88,12,3089.154052734375,2084.25216,4401.697265625,366.80810546875,234.36065673828125,1669.2825927734375,0.00027952517848461866,0.0,16402.14453125,0,1,0,0,0,20,0,0,0,1,0,7315.863187144018,67178.89231940755,34309.71134186488,0.000174087359379127,0.0030587645905316395,,
89,21,5360.2060546875,2669.77024,1362.5771484375,64.88462829589844,56.7520866394043,457.1859130859375,8.060171967372298e-05,0.0,6388.02587890625,0,1,0,0,0,38,0,0,0,1,0,3377.3218779726303,26675.072697227955,20033.392670047622,0.00010568916222503805,0.0041319461022086,1022.9251690424007,3351.320493229598
90,23,5863.4560546875,3765.941248,2020.9375,87.86685180664062,58.82377243041992,224.4309539794922,5.759681880590506e-05,0.0,3363.130615234375,0,1,0,0,0,41,0,0,0,1,0,1504.1625446930543,8818.772109171781,7610.739851436147,0.017746422620136135,0.007961366982834277,,
91,17,4342.2314453125,3169.517568,1141.2021484375,67.1295394897461,180.71852111816406,1511.7998046875,0.00021488626953214407,0.0,15877.7802734375,0,1,0,0,0,24,0,0,0,1,0,8988.383003646062,85950.05496750565,60598.04126572703,0.0024003988339186925,0.00048150485302677704,,
92,21,5339.060546875,3053.739008,1349.6337890625,64.26828002929688,53.740787506103516,509.1132507324219,9.21609389479272e-05,0.0,7078.38525390625,0,1,0,0,0,40,0,0,0,1,0,3082.420435074204,19285.897574525377,14459.006790729629,0.003696959853824056,0.0027813295026240387,,
93,22,5630.9951171875,3570.939904,1709.5341796875,77.70610046386719,59.56454086303711,426.91741943359375,7.151428144425154e-05,0.0,6016.70361328125,0,1,0,0,0,39,0,0,0,1,0,2930.8286222714087,16496.708658962805,16054.452785907773,0.003161188696693247,0.0027733574718771525,,
94,17,4373.80810546875,3040.300544,1029.123046875,60.536651611328125,163.82281494140625,1029.8006591796875,0.00019297137623652816,0.0,11945.1865234375,0,1,0,0,0,27,0,0,0,1,0,3713.873945281931,28190.810328585467,20692.03359342556,0.00021275308998073075,0.0062800878263910564,1218.3790856045262,3254.8421967643267
95,21,5372.82373046875,2708.865024,1152.330078125,54.87286376953125,84.23357391357422,463.9803161621094,8.08464246802032e-05,0.0,5534.83154296875,0,1,0,0,0,35,0,0,0,1,0,2248.978400047287,16011.284344522513,12443.241687803404,0.0007261941427687685,0.0009843641009656158,1328.7022005213794,737.0771124190833
96,16,4266.1962890625,2562.080256,2004.689453125,125.2930908203125,311.1519470214844,2277.873779296875,0.00031782747828401625,0.0,24640.81640625,0,1,0,0,0,24,0,0,0,1,0,10124.72796821033,69934.25859568386,68296.37327710351,0.0007833734728195652,0.0006206753363022788,,
97,11,2861.696044921875,1833.049088,7665.5498046875,696.8681640625,371.09930419921875,4436.6796875,0.0005517785320989788,0.0,36770.765625,0,1,0,0,0,13,0,0,0,1,0,18439.392941206937,174391.0076023039,59839.113579302895,0.00021332363238044452,0.0011031690348221428,1966.850855284744,3330.6418707720004
98,17,4378.2646484375,1973.807616,996.638671875,58.62580490112305,95.20832824707031,1094.620849609375,0.00011666889622574672,0.0,14530.4169921875,0,1,0,0,0,29,0,0,0,1,0,6146.034103882477,41582.62812477959,39558.53601840068,0.0012527320221755837,0.001953215951223164,283.7736606880421,2454.5030935820987
99,18,4626.84765625,2593.989632,284.9306640625,15.82948112487793,82.61219024658203,723.2745971679688,0.0001284755562664941,0.0,8528.337890625,0,1,0,0,0,32,0,0,0,1,0,3565.886789829563,24675.25457100911,21046.91243194364,0.0005225603657638307,0.006778777157383023,,
100,19,4916.017578125,2956.918784,287.6318359375,15.138517379760742,61.29955291748047,499.7392272949219,0.00010620912507874891,0.0,5767.92529296875,0,1,0,0,0,34,0,0,0,1,0,2610.6798085227288,21614.355483279498,20515.830323276787,0.008742198416990352,0.0005105483808957242,,
101,21,5406.62158203125,3323.284992,1292.7333984375,61.55873489379883,153.60385131835938,587.3477172851562,0.0001546319981571287,0.0,7155.41650390625,0,1,0,0,0,33,0,0,0,1,0,2737.1413712480125,14954.218722789656,10508.422867937406,0.015633529779818505,0.003566921830140145,,
102,19,4871.96044921875,3203.074048,270.06640625,14.214021682739258,180.3921356201172,739.693603515625,0.00018096365965902805,0.0,9989.2939453125,0,1,0,0,0,37,0,0,0,1,0,4562.15161332495,35742.19783118297,34094.1554123251,0.003881826043649972,0.002881651580922188,236.05252365421075,2666.0406566457073
103,16,4092.164794921875,2589.233152,1616.9609375,101.06005859375,135.98252868652344,1652.3863525390625,0.00019065823289565742,0.0,18245.9453125,0,1,0,0,0,33,0,0,0,1,0,5771.681819730312,48600.79576987661,38875.75712817481,0.000863273603522988,0.003203800962061902,,908.130346018271
104,18,4649.8564453125,2518.284288,244.703125,13.59461784362793,147.6345977783203,1143.784423828125,0.00017259993182960898,0.0,12829.830078125,0,1,0,0,0,29,0,0,0,1,0,5959.9159249444265,46174.64307243411,41116.22649207782,0.0032116611501702697,0.002149244134913887,1298.76731988632,3367.65564655107
105,18,4585.99072265625,2712.134144,293.9130859375,16.32850456237793,100.59140014648438,1304.6973876953125,0.00016102538211271167,0.0,14307.482421875,0,1,0,0,0,35,0,0,0,1,0,4418.192077181443,24486.650480480504,22181.338566655155,0.001959395341066674,0.005486054147411219,996.2540938356419,1443.408426958615
106,21,5379.66357421875,3228.971008,1237.275390625,58.917877197265625,60.53844451904297,370.1884460449219,7.868910324759781e-05,0.0,4954.26416015625,0,1,0,0,0,37,0,0,0,1,0,1822.035472900191,12444.758548550848,10393.560859011526,0.00400522432432935,0.003568558615545228,,
107,15,3863.364990234375,2749.231616,2734.6513671875,182.3101043701172,203.45404052734375,1659.17529296875,0.0003085082280449569,0.0,17585.568359375,0,1,0,0,0,25,0,0,0,1,0,10116.885469249077,101728.12452088925,45148.32202562628,0.0006400182269152297,3.158398177874333e-05,952.4943270295366,3317.2020495765764
108,22,5602.92626953125,2771.844608,1688.4453125,76.74751281738281,76.33580780029297,477.1801452636719,0.00010583126277197152,0.0,6951.89892578125,0,1,0,0,0,44,0,0,0,1,0,3454.4335367388526,27781.09453362385,20177.285540260094,5.738438831085456e-05,0.0042190920348018635,,
109,21,5381.818359375,3486.634496,1471.9462890625,70.09268188476562,106.50797271728516,559.5845336914062,8.957012323662639e-05,0.0,7378.07763671875,0,1,0,0,0,37,0,0,0,1,0,3935.355248202885,41580.95791921853,26790.933435416806,0.0002546176888122524,0.001982782049943392,266.05050462319014,2580.6677218856444
110,21,5408.40966796875,3336.334336,1359.259765625,64.72665405273438,51.82099151611328,447.34307861328125,8.218826405936852e-05,0.0,6386.7900390625,0,1,0,0,0,40,0,0,0,1,0,2879.687640407367,31617.39397612529,17738.826630813837,0.0011554701784191948,0.0009626450457958999,700.591366084089,2661.356767354819
111,20,5136.12646484375,3223.917568,730.2998046875,36.514991760253906,72.38838195800781,501.69793701171875,7.580455712741241e-05,0.0,7535.61865234375,0,1,0,0,0,42,0,0,0,1,0,2940.556431731203,22691.38246675909,17601.197954192732,0.0006674469443608763,0.00038736405961412035,857.7476702767963,2090.3103875504307
112,25,6407.5751953125,4001.220608,2438.1142578125,97.52456665039062,36.663822174072266,265.6774597167969,5.612282257061452e-05,0.0,3857.803955078125,0,1,0,0,0,45,0,0,0,1,0,1783.907314154494,38187.71007148056,8732.898032895098,0.0010088428041713435,0.0009163553114424124,874.7546369021661,3309.2610599276677
113,20,5127.1806640625,3751.962624,806.66796875,40.33340072631836,86.568115234375,578.5451049804688,8.31975630717352e-05,0.0,8152.6025390625,0,1,0,0,0,40,0,0,0,1,0,5590.019723496846,49086.402528240425,47646.4083245683,2.5564441698124746e-05,0.003948182446744997,495.3953285785142,2302.1887271096543
114,23,5901.6455078125,3337.507328,2221.822265625,96.60096740722656,56.51081085205078,372.3951110839844,5.588549538515508e-05,0.0,5775.63525390625,0,1,0,0,0,42,0,0,0,1,0,2677.4260243428103,22191.02089291904,15543.46016570046,3.0960181872992376e-05,0.0013615596182036116,555.631943461177,2125.9074741732056
115,17,4385.91064453125,2835.589632,1044.9814453125,61.46949768066406,156.74542236328125,1090.9390869140625,0.0001565940910950303,0.0,14215.896484375,0,1,0,0,0,30,0,0,0,1,0,8609.215305496562,80207.27564447462,44975.18423290553,0.0001112868340399642,0.0005691450318338065,420.67631032478994,2832.5851431694855
116,18,4622.15380859375,2542.846464,319.052734375,17.72515296936035,118.45167541503906,982.9306640625,0.00016014091670513153,0.0,11540.623046875,0,1,0,0,0,37,0,0,0,1,0,6392.009348155647,62267.987427556895,32315.88263346029,0.0007060632950417062,0.0005208317546691703,,
117,21,5388.74267578125,3076.992512,1224.8623046875,58.326778411865234,51.30131912231445,393.5363464355469,9.20040620258078e-05,0.0,5487.53955078125,0,1,0,0,0,39,0,0,0,1,0,2323.6097595180245,22088.837434876223,12508.327941677919,0.001974082405390286,0.000495873460917548,382.4261146207614,2752.353990326584
118,21,5386.890625,3446.552064,1188.7197265625,56.6057014465332,40.759803771972656,407.14215087890625,6.717340147588402e-05,0.0,5761.5693359375,0,1,0,0,0,43,0,0,0,1,0,2345.0206710538355,16115.219721850413,13965.127375485396,0.005641713146576008,0.002649216779098726,,
119,19,4863.3974609375,3242.807808,287.8466796875,15.149825096130371,74.75360107421875,431.27099609375,8.658384467707947e-05,0.0,5181.10546875,0,1,0,0,0,31,0,0,0,1,0,2466.975104897347,19409.892776659082,14640.305778665073,0.0005167625222786687,0.0004122353133546447,776.3372087942962,1440.699142871354
120,22,5786.77880859375,3403.608064,1720.361328125,78.1982421875,65.51396942138672,396.1448059082031,6.823953299317509e-05,0.0,5668.4765625,0,1,0,0,0,42,0,0,0,1,0,2491.5751246037967,18823.544385385874,17042.374915703433,0.002412769426921608,0.0006036844539630028,273.32692077627917,2104.2744989376833
121,18,4846.36474609375,3160.354304,287.2314453125,15.957303047180176,106.07762145996094,671.8092651367188,0.00011423675459809601,0.0,7508.53955078125,0,1,0,0,0,33,0,0,0,1,0,3525.3941873804656,32300.007251915857,21576.305813733983,0.004554532805287753,0.0011752263097238279,154.69125114137478,2361.0273895556315
122,19,5039.74267578125,2872.124928,276.70703125,14.563528060913086,94.6693115234375,770.9081420898438,0.00010978131467709318,0.0,11086.2666015625,0,1,0,0,0,38,0,0,0,1,0,5626.357055503341,49398.59576231871,31808.496565154062,0.0002368016258540162,0.0005571922076466895,891.2094856544809,1478.5143359344588
123,19,5032.951171875,3025.714176,296.12890625,15.585732460021973,94.49124908447266,816.150634765625,0.00012258549395482987,0.0,10276.8564453125,0,1,0,0,0,36,0,0,0,1,0,5845.109127608458,59977.447253826336,31839.362178080602,0.0011282240030302676,0.0019800523360491984,1373.3812228656905,1034.0913141962967
124,23,6122.26806640625,3357.429248,2028.19140625,88.18223571777344,46.81249237060547,312.76239013671875,5.643973054247908e-05,0.0,4232.919921875,0,1,0,0,0,41,0,0,0,1,0,2047.3752587182946,13594.605703795609,12567.686299833276,0.0017957908543677244,0.0005856470358105506,1068.504107350845,3418.062298039599
125,22,5793.5927734375,3534.497792,1712.9716796875,77.86235046386719,63.234657287597656,493.6178894042969,7.91765924077481e-05,0.0,7185.189453125,0,1,0,0,0,48,0,0,0,1,0,3570.7834618130796,36358.19586630494,31317.053302469245,0.004322831827704173,0.0009028581774283354,,
126,21,5495.11669921875,3502.66368,1230.6103515625,58.600494384765625,81.80528259277344,408.80426025390625,8.590468496549875e-05,0.0,5894.88623046875,0,1,0,0,0,39,0,0,0,1,0,2408.5671960447557,26862.99692235344,9181.268796699145,0.0015912857870081926,0.005834916569827209,,
127,21,5556.38623046875,3503.946752,1358.73046875,64.70145416259766,88.73604583740234,354.99029541015625,0.00012972451804671437,0.0,4642.701171875,0,1,0,0,0,38,0,0,0,1,0,2459.809590954126,17224.881816133293,13128.950131952774,0.0003816514928729198,0.0012746907595888417,,
128,16,4097.625,2867.254272,1773.8125,110.86328125,207.0972137451172,2687.680908203125,0.00040824050665833056,0.0,32044.576171875,0,1,0,0,0,30,0,0,0,1,0,17872.66183145791,75917.82027279829,49343.0678413549,0.0007208236522353861,0.0011881563385017432,,
129,20,5093.03076171875,2951.876608,808.2392578125,40.411964416503906,67.65151977539062,573.1185302734375,0.0001051978615578264,0.0,7437.087890625,0,1,0,0,0,36,0,0,0,1,0,3530.0302206193405,21914.493985175184,21352.60262835189,0.0013085078268640637,0.011888044421776912,142.41585158541056,2171.412977138907
130,22,5599.31298828125,3534.92736,1602.966796875,72.86212921142578,107.55738067626953,489.37030029296875,0.00010401886538602412,0.0,8200.2578125,0,1,0,0,0,42,0,0,0,1,0,3021.9050585407285,14695.048930481411,12791.762640970992,0.000572042644563231,0.00740327261287391,,
131,12,3097.33203125,2483.91936,5422.5146484375,451.876220703125,254.9589385986328,3433.756591796875,0.0003087869263254106,0.0,36378.8125,0,1,0,0,0,17,0,0,0,1,0,14188.532413979818,112162.03592343506,106657.684609355,0.014116141795865254,3.04344352228883e-05,1583.975435183026,3339.436089107384
132,19,4864.88134765625,2356.335616,290.359375,15.282072067260742,119.97745513916016,690.9205932617188,0.0001461700740037486,0.0,8341.7470703125,0,1,0,0,0,38,0,0,0,1,0,3816.0275725862857,24193.739578818753,23035.07851480052,0.0007417857016250688,0.002279228352069382,,
133,17,4362.15087890625,2634.105856,1063.5830078125,62.56370544433594,132.94786071777344,1509.7125244140625,0.00024661628413014114,0.0,16636.84765625,0,1,0,0,0,24,0,0,0,1,0,8457.15548748307,67958.01516478012,52751.69204831485,0.0019866205721021588,0.005614244667180784,1620.9420134365628,3377.9417417311215
134,17,4364.80615234375,2367.22176,1005.9599609375,59.17411422729492,123.54341125488281,750.3101196289062,0.00012367616000119597,0.0,10424.482421875,0,1,0,0,0,30,0,0,0,1,0,4873.230864101418,43239.801382014186,28569.19540530575,0.00021040492355692275,0.009149811242817562,,
135,21,5390.14453125,2997.73184,1344.001953125,64.00009155273438,67.19488525390625,525.246337890625,8.335196616826579e-05,0.0,7239.75634765625,0,1,0,0,0,43,0,0,0,1,0,3530.749257411687,26889.29630574578,23404.160664013278,0.0016293025550863953,0.0007909530016230702,193.2586755976613,2718.6785600105763
136,21,5426.103515625,3411.090944,1228.7421875,58.51153564453125,48.82598114013672,304.926025390625,6.655685865553096e-05,0.0,4459.09033203125,0,1,0,0,0,33,0,0,0,1,0,2266.5241828868784,15851.556883264495,14313.732306785681,0.0013118690525058888,0.0009395175388216409,706.6309083177161,2776.693863529802
137,18,4664.05615234375,3055.108608,267.1416015625,14.84119987487793,69.34273529052734,838.4287719726562,0.0001223348081111908,0.0,11181.8876953125,0,1,0,0,0,35,0,0,0,1,0,6052.788428477386,71572.52230256022,32857.73453366593,0.0012423778585941778,0.0006860658321183669,433.34051218405966,1985.2509547859163
138,18,4634.64013671875,2687.151104,295.93359375,16.44075584411621,74.82874298095703,573.2275390625,7.560558151453733e-05,0.0,8206.3271484375,0,1,0,0,0,30,0,0,0,1,0,3990.674697397524,25847.536289326406,24668.016790265676,6.433812203396685e-05,0.00039631204256593625,529.0925500259143,2548.739345962069
139,20,5190.521484375,2705.23648,830.7734375,41.538673400878906,98.92134094238281,579.4934692382812,0.00011457941582193598,0.0,7360.1025390625,0,1,0,0,0,37,0,0,0,1,0,3420.846907031445,26422.529349615812,22172.806122806178,0.004153217639715018,0.0021791325039863182,1033.8744637285627,3403.3013544647997
140,20,5185.8623046875,3089.062912,680.8515625,34.042579650878906,58.25952911376953,523.6085815429688,9.37803924898617e-05,0.0,6878.27392578125,0,1,0,0,0,37,0,0,0,1,0,2944.9372064443473,23314.742688699946,18131.457974420297,0.0005892157360213972,0.0035192413290043023,,
141,14,3661.146728515625,2580.67456,3581.677734375,255.83413696289062,179.5371856689453,2139.242431640625,0.0003822866128757596,0.0,18560.12890625,0,1,0,0,0,20,0,0,0,1,0,7807.300982041979,46634.227435017165,46510.13580239783,0.0011483995304885503,0.00246322632805622,,
142,20,5171.62548828125,2643.162112,815.953125,40.79765701293945,82.81661224365234,659.514892578125,0.00011319935583742335,0.0,8270.134765625,0,1,0,0,0,39,0,0,0,1,0,4168.163542150502,32788.97159611953,30236.278121668794,0.0011239920419700584,0.0015706571755515208,,
143,11,2836.183349609375,2182.766592,7584.8134765625,689.5285034179688,547.4763793945312,6416.4892578125,0.0007740713190287352,0.0,49631.953125,0,1,0,0,0,16,0,0,0,1,0,16056.65277966406,115904.75799147326,95892.66955412748,6.432052814596412e-05,8.245376228955409e-05,834.2619552016466,1791.9167217887602
144,10,2583.999755859375,1338.418688,8991.7421875,899.1742553710938,414.0438232421875,4431.67333984375,0.0006640848587267101,0.0,40779.48828125,0,1,0,0,0,8,0,0,0,1,0,11802.720905947122,96092.30252091971,88946.16498551186,5.6721517098193286e-05,0.0001075525185547984,,
145,17,4383.5263671875,2023.354368,974.9765625,57.3515625,105.70967102050781,1174.0679931640625,0.00016467108798678964,0.0,11506.9521484375,0,1,0,0,0,27,0,0,0,1,0,3987.153376737801,18233.73478267767,17400.655770973673,0.0016364945474354603,0.0007074715373925622,,
146,23,5895.6552734375,3305.12896,1813.41064453125,78.84394073486328,44.80529022216797,228.398193359375,4.828753662877716e-05,0.0,3332.01318359375,0,1,0,0,0,43,0,0,0,1,0,1546.522235388337,9687.613516388856,8952.882546609924,0.0009432909826198113,0.003197766732760954,,
147,20,5115.62890625,3515.362304,828.05078125,41.40253829956055,107.79380798339844,913.8770751953125,0.0001347195211565122,0.0,10991.423828125,0,1,0,0,0,37,0,0,0,1,0,4049.5130545386573,47663.42388735427,19404.48947182145,0.0009770825578494322,0.008063325015087639,549.2361987300801,2968.0724807956203
148,13,3327.01025390625,2310.874112,4536.7861328125,348.9835510253906,133.62660217285156,1943.4443359375,0.0002533567021600902,0.0,23830.818359375,0,1,0,0,0,22,0,0,0,1,0,6250.994805480308,50398.191827715666,42424.44159094706,0.0010380432355287985,0.0012381619679149303,874.9485334282901,1321.5427772673654
149,19,4829.19189453125,2410.275328,342.2958984375,18.015573501586914,87.78671264648438,746.5067749023438,0.00010975073382724077,0.0,9359.841796875,0,1,0,0,0,36,0,0,0,1,0,3806.5451867564975,27093.529151527462,23815.99771659493,0.0015667022559215926,0.0010631391476617624,306.10084043794996,2749.16693015412
150,17,4352.62060546875,2770.836992,895.7412109375,52.69065856933594,96.25426483154297,957.8524780273438,0.0001295580150326714,0.0,10209.2587890625,0,1,0,0,0,35,0,0,0,1,0,5132.104520416629,58442.36277467115,31626.01028941639,0.0005843711079144276,0.0003664555863714808,,
151,18,4619.509765625,2737.808896,307.0302734375,17.05723762512207,80.05921173095703,670.80126953125,0.0001550763990962878,0.0,7821.298828125,0,1,0,0,0,31,0,0,0,1,0,3545.863869379118,24972.982714169822,14446.447372046108,0.007761540234832859,0.011984207751436007,,
152,21,5339.296875,3308.092928,1238.5546875,58.97879409790039,66.91995239257812,393.6031799316406,6.979110185056925e-05,0.0,5238.19580078125,0,1,0,0,0,35,0,0,0,1,0,2554.762736951987,18393.58206101969,16647.889720783223,0.005967477419499177,0.0014757399130766475,212.3323151844761,1857.6251532101574
153,16,4086.1220703125,2927.995904,1775.0703125,110.94189453125,110.933349609375,1208.828125,0.00015299023652914912,0.0,14222.62890625,0,1,0,0,0,28,0,0,0,1,0,6747.501714843755,51615.7186970403,46002.77077720732,0.0003224298631948567,0.0022589214575444716,823.307864712596,2567.339961863698
154,19,4852.75830078125,2586.322432,309.3994140625,16.2841796875,171.13912963867188,769.013427734375,0.00014863722026348114,0.0,9667.8095703125,0,1,0,0,0,31,0,0,0,1,0,7093.397292325561,65983.7782734888,52136.72988683228,0.0008345977860741011,0.005546017708511854,791.3771656001577,3119.417347532403
155,16,4106.4755859375,2528.082944,1794.05078125,112.128173828125,94.52459716796875,1113.6588134765625,0.00014897293294779956,0.0,14143.595703125,0,1,0,0,0,27,0,0,0,1,0,7105.303929493726,56473.50320172918,47249.88200689553,0.00024585667140783474,0.0002490405065481412,911.5006126333055,2342.6214286166537
156,17,4359.67236328125,2393.380864,1014.251953125,59.66188049316406,119.6327896118164,1158.9117431640625,0.00016285918536596,0.0,12459.642578125,0,1,0,0,0,31,0,0,0,1,0,5835.125210309543,40567.9438696158,37600.85605607562,0.0024082841135732065,0.002130248665819897,,
157,19,4868.431640625,2714.277888,300.1611328125,15.797954559326172,66.1755142211914,500.4532470703125,7.49121027183719e-05,0.0,6792.10546875,0,1,0,0,0,35,0,0,0,1,0,2916.522880766389,28330.45575929152,18835.682211500593,0.0034366890786722247,0.00045532433734210565,2120.057983852918,316.3671498076054
158,16,4109.02978515625,2545.869312,1971.7314453125,123.23321533203125,292.22509765625,4866.67822265625,0.000526206218637526,0.0,52134.671875,0,1,0,0,0,25,0,0,0,1,0,12807.675509765231,82486.6963723238,69601.02562956804,0.0017982620360976129,0.001556959253737271,1141.8256914464648,1697.101045378621
159,23,5845.81640625,3134.224384,2012.6279296875,87.50556182861328,53.53087615966797,267.153564453125,5.5796590459067374e-05,0.0,3903.503662109375,0,1,0,0,0,43,0,0,0,1,0,1711.2139268809506,10017.699904319401,8554.032527707857,0.00030405209060741303,0.0029696825754857784,,
160,20,5091.78173828125,3520.786944,773.279296875,38.66396713256836,95.3450698852539,545.6842651367188,0.00011730506957974285,0.0,6499.572265625,0,1,0,0,0,30,0,0,0,1,0,2966.4294179613116,21340.794666420577,16792.076121746755,0.0011289329928996159,0.00402152540448982,1181.6174353984338,2977.1498823867437
161,14,3588.161376953125,2526.104576,3725.9912109375,266.1422424316406,131.4605255126953,1712.320556640625,0.00023658821010030806,0.0,16917.572265625,0,1,0,0,0,22,0,0,0,1,0,6676.749021039836,58485.665968968686,39985.10406963035,0.0017946225363770496,0.00023062079346800046,,
162,21,5353.83935546875,2822.487552,1362.421875,64.87723541259766,80.2909927368164,515.5750732421875,0.00011233113764319569,0.0,6867.5556640625,0,1,0,0,0,44,0,0,0,1,0,3921.028524059296,31541.352927237444,25970.70248476516,0.0010933037300231915,0.0020183881859131957,,
163,15,3851.92529296875,2754.118144,2780.123046875,185.341552734375,322.260986328125,2045.4659423828125,0.0004085340478923172,0.0,17978.0703125,0,1,0,0,0,24,0,0,0,1,0,6395.688279454078,41445.598371919616,37081.9690919239,0.0010666161789571818,0.001873012597802268,,
164,19,4839.9521484375,2613.700608,287.056640625,15.108243942260742,111.01264953613281,1114.72021484375,0.00016680240514688194,0.0,15381.3125,0,1,0,0,0,35,0,0,0,1,0,7967.1732152302075,71878.8059482338,58967.319242124955,0.000363394227220426,3.3124249368549075e-05,,
165,18,4581.736328125,2918.292992,256.3486328125,14.24159049987793,82.42327117919922,574.7927856445312,8.487419108860195e-05,0.0,6916.580078125,0,1,0,0,0,32,0,0,0,1,0,3188.6478962390115,25960.276320952536,16718.35221584712,6.385632466275604e-05,0.0006149532375256343,,
166,15,3842.25048828125,2471.635968,2585.0654296875,172.33770751953125,119.00948333740234,1370.612548828125,0.0001747475762385875,0.0,14587.7919921875,0,1,0,0,0,32,0,0,0,1,0,6900.335050359864,48094.33503969301,42718.67985804017,0.0006257746317488676,0.002207476568176006,,3105.7246882321665
167,23,5908.62548828125,2741.761024,2029.71484375,88.24847412109375,95.61843872070312,429.6291809082031,8.420070662396029e-05,0.0,6794.98291015625,0,1,0,0,0,49,0,0,0,1,0,2930.935780646828,15258.326863886736,13852.908050559747,0.000329168470219212,0.0006010080780348322,,1402.5053591909086
168,21,5372.27197265625,3386.742784,1124.2431640625,53.5353889465332,52.71528625488281,266.1095275878906,5.0147271394962445e-05,0.0,4029.655029296875,0,1,0,0,0,36,0,0,0,1,0,1773.2093266326658,12825.743390018291,11132.15912901785,0.004608910033229094,0.002535156091229441,285.12559080662004,1865.4723370131182
169,13,3352.366943359375,2459.487232,5380.7685546875,413.9053039550781,395.5234069824219,2864.700927734375,0.0005610191728919744,0.0,26188.79296875,0,1,0,0,0,19,0,0,0,1,0,14036.461699668704,116241.33023069931,97905.382652328,0.005324503179552992,0.0074069169848751636,,
170,25,6393.48828125,3261.95456,2685.51513671875,107.42060089111328,41.80565643310547,221.9585418701172,4.8426692956127226e-05,0.0,3571.405029296875,0,1,0,0,0,45,0,0,0,1,0,1591.1045448843356,9643.935510709734,7582.221718802365,0.0014398550418701084,0.0010059788792466662,1192.0712704114658,3541.85156472031
171,15,3848.2177734375,3157.20448,2820.1318359375,188.00880432128906,137.4140625,1472.56640625,0.0002363695384701714,0.0,16222.541015625,0,1,0,0,0,20,0,0,0,1,0,7352.007112709298,62182.29663379807,38975.801711522094,0.0004333086466865362,0.016040710190283608,756.9792582550866,2167.416467148256
172,22,5606.16943359375,2778.884608,1695.892578125,77.08602905273438,67.66439056396484,403.22662353515625,8.746572711970657e-05,0.0,6311.34375,0,1,0,0,0,41,0,0,0,1,0,3076.0806488033995,24744.327746899464,17382.203452527858,0.0015059047925637462,0.001546050560973379,822.0675517260738,3269.8922593738507
173,14,3591.091064453125,2555.218432,3289.837890625,234.98843383789062,205.4228057861328,1333.6224365234375,0.00025453403941355646,0.0,14427.2177734375,0,1,0,0,0,23,0,0,0,1,0,7732.858722515005,86810.19383351832,51201.07060252531,0.000500609734238492,0.001287727103004465,,
174,21,5365.400390625,2741.294592,1223.408203125,58.25753402709961,73.46015167236328,455.4099426269531,7.747009658487514e-05,0.0,5374.818359375,0,1,0,0,0,39,0,0,0,1,0,2620.4481655166446,58626.45921176641,14592.652167793203,0.0015131828267818661,0.0008456992172267974,185.0211976629389,2638.217536677551
175,21,5332.91357421875,3327.178752,1484.353515625,70.68350219726562,64.74143981933594,598.5659790039062,0.0001073477033060044,0.0,8313.8955078125,0,1,0,0,0,40,0,0,0,1,0,3996.7576298722843,40039.108681434715,27031.885419013208,0.0004145094698647725,0.00026896784671257695,929.5942078323515,3301.4391683189538
176,17,4331.521484375,2885.618688,946.90625,55.70036697387695,122.20352935791016,1091.5196533203125,0.00015097836148925126,0.0,12054.849609375,0,1,0,0,0,27,0,0,0,1,0,5032.836113337095,49523.691969714004,23034.76286735141,0.0006446667183819324,0.0013149401371460173,861.2492005374927,1176.289196492927
177,15,3834.21337890625,2319.326208,2839.7744140625,189.31829833984375,162.6730499267578,2362.35595703125,0.00024982812465168536,0.0,26690.162109375,0,1,0,0,0,22,0,0,0,1,0,9854.088292480801,74093.71199391785,62267.073071975006,0.0012818721810375633,0.0055125562673043835,1359.505169661237,1636.5665766251839
178,20,5092.82275390625,2700.427776,827.560546875,41.378028869628906,88.09748077392578,577.6283569335938,0.00010994441254297271,0.0,7061.244140625,0,1,0,0,0,37,0,0,0,1,0,4414.133640601383,30407.138221519544,28669.191967431696,0.0016495485088979453,0.008670505087720298,,
179,14,3587.768798828125,2478.810624,3668.2265625,262.0162048339844,210.90345764160156,2793.41064453125,0.00030005438020452857,0.0,28950.48046875,0,1,0,0,0,26,0,0,0,1,0,7238.43317030383,48737.880035546805,42915.81724836013,0.003133077544943186,0.009173250720904295,467.06821751931966,2178.8879911739796
180,14,3587.126220703125,1960.336896,3580.103515625,255.72169494628906,254.0197296142578,2310.406982421875,0.0003435152175370604,0.0,19818.41015625,0,1,0,0,0,23,0,0,0,1,0,10224.477631405798,103148.57567540256,52559.20378798772,0.0013004406777187213,0.0031240854756779263,1090.4943391283477,3028.139784660871
181,21,5345.86328125,2820.727296,1223.05078125,58.24051284790039,69.35344696044922,390.55389404296875,8.930860349209979e-05,0.0,4833.98046875,0,1,0,0,0,38,0,0,0,1,0,1922.2000638024654,13561.691593855563,11059.955729869569,0.006393552111257125,0.00046256950027017893,,
182,23,5852.11083984375,3590.53056,1990.83203125,86.55791473388672,40.07793426513672,346.5756530761719,7.127127173589543e-05,0.0,5254.1357421875,0,1,0,0,0,40,0,0,0,1,0,2011.703601177911,12386.351815899765,9654.712575901105,0.0015506847442310345,0.001747203517663734,419.8166126366,2703.59992083756
183,14,3581.7158203125,2631.082496,4107.0947265625,293.3639221191406,269.9241027832031,1988.9493408203125,0.00047518283827230334,0.0,15944.5791015625,0,1,0,0,0,16,0,0,0,1,0,7696.7529495221515,78670.21779588632,45256.82054456689,4.8156692599304884e-05,0.010915993958189148,1517.6770596747538,2928.1043405488476
184,18,4578.8701171875,2364.96384,315.505859375,17.52810287475586,75.39707946777344,730.7296752929688,0.00011451277532614768,0.0,8702.1435546875,0,1,0,0,0,36,0,0,0,1,0,4156.879204867925,36904.90393809806,32030.782421093598,0.0030637494888693002,0.003238255668453975,,
185,19,4836.90673828125,2950.961152,314.845703125,16.57082748413086,96.60480499267578,525.2841796875,0.0001526020496385172,0.0,6387.1875,0,1,0,0,0,26,0,0,0,1,0,3250.6640535993033,43566.84482373339,18041.406103583147,0.002069196020598362,0.011766739834193046,254.6261067573878,1475.2135113789332
186,15,3843.47119140625,2518.9888,3059.4091796875,203.9606170654297,187.0443572998047,1811.3541259765625,0.00029003561940044165,0.0,19505.4140625,0,1,0,0,0,24,0,0,0,1,0,10594.129944261329,90202.57530711847,64753.22055553238,0.0009891492445868316,0.00034950147898364127,,
187,21,5364.4697265625,2947.357184,1317.36328125,62.73158645629883,110.69731903076172,491.7877502441406,0.00010610474419081584,0.0,6448.7822265625,0,1,0,0,0,32,0,0,0,1,0,2810.8917811379397,15213.851635151497,14701.611926406387,0.00618795732170695,0.010429943008858009,625.3800756188998,2765.3051813677866
188,11,2825.876708984375,2387.766784,6705.5888671875,609.5989990234375,283.440673828125,5380.7958984375,0.0005160674336366355,0.0,43394.66796875,0,1,0,0,0,17,0,0,0,1,0,23701.554822558388,213208.9237949291,135461.05725636188,0.00037172064736428964,0.007764881265768242,,
189,19,4847.68115234375,2281.259008,308.5439453125,16.239154815673828,103.13211059570312,548.1482543945312,9.010307985590771e-05,0.0,8689.103515625,0,1,0,0,0,39,0,0,0,1,0,3479.8776036946842,32491.592473557757,17227.2075066296,0.0017685987693078359,0.003888764078331247,,
190,21,5377.57275390625,3192.303104,1201.9765625,57.23698043823242,66.70922088623047,401.20404052734375,0.00010350839875172824,0.0,5532.90869140625,0,1,0,0,0,37,0,0,0,1,0,2602.2118126699934,21767.9436116397,17066.346109135437,9.464778477422109e-07,0.0006056411748245061,,
191,19,4856.8701171875,3213.432832,295.0791015625,15.530479431152344,176.1227569580078,1014.6700439453125,0.00015048710338305682,0.0,13258.162109375,0,1,0,0,0,36,0,0,0,1,0,6058.505528662201,46502.23006759235,31793.475394131423,0.00017931682536877908,0.002479450959487534,,
192,21,5373.744140625,3300.890624,1244.6376953125,59.268463134765625,57.878753662109375,471.2947998046875,7.890837878221646e-05,0.0,6596.6552734375,0,1,0,0,0,38,0,0,0,1,0,2892.7278087307905,21527.25245752252,14439.806265126905,0.0013896588023565512,0.012780481726518484,,
193,16,4109.85498046875,2871.793152,2062.123046875,128.8826904296875,126.25328826904297,1664.993896484375,0.0002555918472353369,0.0,17507.978515625,0,1,0,0,0,23,0,0,0,1,0,9552.89262791451,73554.95300752339,68512.93229417299,2.9044535908386016e-05,0.0038806080048213454,,
194,15,3852.61572265625,2203.717632,3060.568359375,204.03790283203125,280.33489990234375,2764.362548828125,0.00044783155317418277,0.0,24755.103515625,0,1,0,0,0,25,0,0,0,1,0,12990.204757501619,126162.66310880607,75867.83683923361,0.0027205766169410422,0.008162457571848497,,
195,18,4601.96875,2531.389952,280.728515625,15.596028327941895,73.00227355957031,686.5449829101562,0.00010234896035399288,0.0,8999.65625,0,1,0,0,0,30,0,0,0,1,0,4156.824612611129,33723.662258330645,32533.369071255427,0.0017773610458932734,0.00045503860429541715,,
196,18,4612.13330078125,2812.100608,339.33984375,18.85221290588379,69.80786895751953,659.5262451171875,0.00010526445839786902,0.0,7823.32568359375,0,1,0,0,0,32,0,0,0,1,0,3611.2880059696527,30120.39150383177,22398.716172833578,0.00206659320349932,0.0053886265776039305,,
197,18,4574.8330078125,2741.515776,344.9677734375,19.16487693786621,104.56473541259766,936.7232666015625,0.00021109111548867077,0.0,11689.8330078125,0,1,0,0,0,31,0,0,0,1,0,6236.7074823245375,56140.301694533315,48536.32655653526,0.003220674740793683,0.001442857177759757,967.5431732496068,3255.543453323829
198,16,4118.84130859375,2286.272,1257.69921875,78.606201171875,152.50717163085938,1466.810546875,0.0001577630318934098,0.0,15874.44921875,0,1,0,0,0,35,0,0,0,1,0,5902.572028971846,53814.042324555354,33526.89997808147,0.0004953319274172974,0.0006185400985617706,,2919.5709683069404
199,21,5352.16259765625,2723.713024,1190.587890625,56.694664001464844,74.81694793701172,436.4063415527344,9.649222192820162e-05,0.0,5853.537109375,0,1,0,0,0,34,0,0,0,1,0,2521.9390306348505,14811.909573314866,14495.790078658809,0.0007917605632616603,0.0017388294401444043,,
200,21,5346.595703125,3491.07456,1474.837890625,70.23037719726562,73.14424133300781,543.8865356445312,9.619469346944243e-05,0.0,7853.2138671875,0,1,0,0,0,37,0,0,0,1,0,3904.234546095008,32492.83098796103,25837.40023207377,0.0012915121616506597,0.002210445704172566,345.6570551479758,2620.4363854499566
201,15,3839.496337890625,2785.622528,2870.0078125,191.3338623046875,251.60858154296875,3098.86865234375,0.00048068223986774683,0.0,31428.068359375,0,1,0,0,0,28,0,0,0,1,0,9577.636532701148,85516.60667252984,52313.04189925359,0.0002731408324254947,0.0038870949147783163,,
202,23,5900.73046875,3218.36544,2038.2275390625,88.61859130859375,55.44172668457031,281.1193542480469,8.065429574344307e-05,0.0,4185.64599609375,0,1,0,0,0,37,0,0,0,1,0,1751.9360146601018,12728.319117361518,7466.240413484939,0.0028996719424557588,0.005188584192127223,,
203,22,5567.90966796875,3575.430656,1850.7802734375,84.12638092041016,142.08473205566406,534.9459228515625,0.00011728164827218279,0.0,7691.03271484375,0,1,0,0,0,42,0,0,0,1,0,2994.4510479650585,24331.760552294938,15269.766334726555,0.0005251381228667529,0.0066120499809558045,675.172269520217,2454.553794631098
204,23,5865.8623046875,3505.42592,2023.0712890625,87.95962524414062,82.28677368164062,400.26434326171875,0.00011156396067235619,0.0,5650.32861328125,0,1,0,0,0,40,0,0,0,1,0,1808.286166327946,10853.820074807676,7440.782160794274,0.0017469201365844234,0.00042510320760619225,,
205,18,4625.466796875,3131.874816,339.0029296875,18.83349609375,105.30681610107422,1281.892333984375,0.00013552192831411958,0.0,14072.150390625,0,1,0,0,0,35,0,0,0,1,0,6748.149135095203,63800.730517876196,52075.92477354861,0.0012918555237630552,0.0015104095023115577,681.6797710509531,1761.7547802730624
206,18,4730.44873046875,2729.438208,348.193359375,19.34407615661621,196.21315002441406,1176.343994140625,0.00019129288557451218,0.0,14342.857421875,0,1,0,0,0,30,0,0,0,1,0,6631.566053048483,64296.65774882108,51890.64321036221,0.0026715858775788123,0.00019013801175497488,,
207,15,3851.154296875,2382.184448,2889.373046875,192.6248779296875,221.2473602294922,1382.897216796875,0.0002332964213564992,0.0,16665.94140625,0,1,0,0,0,20,0,0,0,1,0,7737.588533960153,50283.92945081647,47284.7730498866,0.0025053913126245916,0.014646171291987961,812.2435734691699,2672.0854898241237
208,16,4089.984130859375,2108.39808,1944.9609375,121.56005859375,267.20013427734375,2464.219970703125,0.000500067719258368,0.0,25803.734375,0,1,0,0,0,25,0,0,0,1,0,14608.548495097148,100682.19989085002,83371.97002533273,0.0004479813403609201,0.0017059678245908132,149.4602633903155,2217.575800943682
209,18,4600.2607421875,2471.519744,305.412109375,16.96734046936035,178.51638793945312,1229.6220703125,0.00018565922800917178,0.0,14521.6796875,0,1,0,0,0,27,0,0,0,1,0,7152.991714457505,59082.69833519099,53600.03646155478,0.0001324762922052039,0.0007511728659890041,,
210,16,4094.634033203125,2500.52096,1776.1796875,111.01123046875,132.77761840820312,1927.0797119140625,0.00024292095622513443,0.0,17996.9140625,0,1,0,0,0,31,0,0,0,1,0,7523.672181687232,58752.356914987016,48430.04446731116,0.00039571664296438047,0.0054148559311049185,,
211,19,4880.9716796875,2668.407808,293.1201171875,15.427374839782715,85.21477508544922,745.8248291015625,0.00010501476208446547,0.0,9880.0986328125,0,1,0,0,0,30,0,0,0,1,0,4845.376657705717,38645.05680433052,38178.10914994342,0.007003746019225281,0.0035685668105820854,1676.3848201345538,649.422313441624
212,16,4078.533935546875,2637.746176,1823.9853515625,113.99908447265625,195.4979705810547,1690.61376953125,0.0001526057458249852,0.0,17138.99609375,0,1,0,0,0,25,0,0,0,1,0,5636.462618296733,48668.06712891745,34355.311407701134,0.001987393275428115,0.0037380613831905357,393.8130409399755,2335.4979931337984
213,20,5106.16162109375,2901.490688,881.7490234375,44.08745193481445,101.68913269042969,679.5861206054688,0.0001139365995186381,0.0,9583.974609375,0,1,0,0,0,36,0,0,0,1,0,4467.51893805911,35942.624927908786,30325.19157925767,0.004175229200740947,0.0023880633208413424,,
214,15,3849.285400390625,2585.00352,2876.474609375,191.76498413085938,210.81814575195312,2973.9384765625,0.00034407744533382356,0.0,28214.736328125,0,1,0,0,0,29,0,0,0,1,0,13003.267219262267,114924.33356600338,65271.57640036299,0.0003235266164513806,0.0009457805638731359,155.27794832433392,2617.3014582763194
215,16,4100.322265625,2213.080576,2049.0087890625,128.06304931640625,129.21958923339844,1577.1287841796875,0.00021295850456226617,0.0,16960.5859375,0,1,0,0,0,29,0,0,0,1,0,8234.897656053885,38794.088025247576,30613.426491472168,0.00014514434146362803,0.0009248125425371581,,
216,16,4096.310546875,2300.772864,1851.099609375,115.6937255859375,180.6852264404297,1813.0941162109375,0.0002457624359522015,0.0,18184.171875,0,1,0,0,0,22,0,0,0,1,0,8550.564952156212,80235.6995707239,64167.21576526103,0.00010225801865858253,0.00038483465226381644,481.79532997747685,2058.33697087644
217,20,5090.66357421875,2733.400064,879.9716796875,43.99858474731445,116.26717376708984,751.4041748046875,0.000147215134347789,0.0,10109.6826171875,0,1,0,0,0,39,0,0,0,1,0,6219.39626768089,66382.0039665496,39470.305763516335,0.0005335678442960345,0.0044463716379844545,,
218,17,4347.28173828125,2737.670656,1017.787109375,59.86983108520508,125.91663360595703,1125.029296875,0.00017120323900599033,0.0,13282.234375,0,1,0,0,0,33,0,0,0,1,0,7961.210950294463,102530.79359412535,50013.591143073594,0.004494863288894244,0.003136254209653175,,
219,22,5623.912109375,2947.618816,1712.9560546875,77.86164093017578,98.91425323486328,597.280517578125,0.00010119142825715244,0.0,9208.892578125,0,1,0,0,0,46,0,0,0,1,0,4570.594926932875,38829.18587013951,27689.132217193583,0.003234713586126519,0.0009925619610136327,931.8976969938262,2069.4176655855354
220,14,3611.90625,2547.534848,3542.0,253.00001525878906,197.23577880859375,1693.1854248046875,0.0003382597351446748,0.0,15751.0849609375,0,1,0,0,0,21,0,0,0,1,0,6986.778160256334,96129.18783413945,32880.47168457122,0.006342609569520367,0.0028558750080746043,1206.9794194773908,2983.4954060608607
221,15,3864.177490234375,2049.76384,2828.080078125,188.53868103027344,164.12168884277344,2006.08544921875,0.0002496943634469062,0.0,18825.3125,0,1,0,0,0,26,0,0,0,1,0,9137.576195989814,92900.55448774456,54581.33398035498,0.0011240254045748327,0.0009421545858882829,,
222,18,4611.4638671875,2469.06112,352.984375,19.61024284362793,196.4187469482422,1136.58544921875,0.00016348573262803257,0.0,14512.1884765625,0,1,0,0,0,30,0,0,0,1,0,6659.432808777664,52008.12808339135,51534.02535812013,0.0003755209663758585,0.00038173886491856684,,
223,19,4868.16357421875,2913.238016,304.5517578125,16.02903938293457,97.21562957763672,740.890869140625,0.00012827434693463147,0.0,9520.2412109375,0,1,0,0,0,33,0,0,0,1,0,4646.451861271171,32086.766129180687,27315.467966460583,0.0013814760837370516,0.004354505974942344,526.3605079292865,2811.341066359083
224,19,4858.96533203125,2922.991104,285.435546875,15.022923469543457,92.05532836914062,711.61669921875,0.000101933088444639,0.0,10495.8232421875,0,1,0,0,0,36,0,0,0,1,0,6341.678369589061,56760.68997784214,35968.54081391498,0.0005269238788159908,0.0016144635320631752,425.4355201676085,2862.153534346993
225,21,5355.0810546875,3088.697344,1220.509765625,58.11951446533203,62.993553161621094,425.4822692871094,6.579413457075134e-05,0.0,7315.68408203125,0,1,0,0,0,42,0,0,0,1,0,2891.6730590144425,27661.26695998682,14019.898365965906,0.0016683624372589023,0.006983819932127905,1134.4805430824072,2066.707217976548
226,19,4868.30419921875,3141.113856,299.2783203125,15.751490592956543,70.21296691894531,754.3215942382812,0.00010636042134137824,0.0,10362.0439453125,0,1,0,0,0,36,0,0,0,1,0,5437.849468001674,43002.73336351741,28357.910301170672,0.0002646480238273352,0.0003034201714268575,,
227,16,4097.03564453125,2701.11744,1845.31640625,115.332275390625,91.88072967529297,967.7417602539062,0.00012915623665321618,0.0,10843.376953125,0,1,0,0,0,26,0,0,0,1,0,4290.570427219448,39147.343450470784,21119.92192996276,0.0011927362271616105,0.0031902734999159042,,
228,21,5365.5986328125,3032.434176,1222.8642578125,58.231632232666016,50.391170501708984,408.07232666015625,7.310869841603562e-05,0.0,5845.36328125,0,1,0,0,0,37,0,0,0,1,0,2474.20302449252,21557.97555970616,10987.983065737897,0.004256827648513265,0.0033107337701761283,2201.1668131026836,115.02478286804433
229,18,4609.3203125,3102.188544,283.0595703125,15.725531578063965,114.9552993774414,727.783447265625,0.00013755047984886914,0.0,8619.25,0,1,0,0,0,37,0,0,0,1,0,4032.221249010962,29367.748134658694,24756.074003007492,0.000299247787608474,0.0015740731027859296,395.9805799495757,2095.0967583795814
230,13,3331.0556640625,2239.830528,2312.97900390625,177.9214630126953,128.93557739257812,863.9090576171875,0.00013287361070979387,0.0,7918.3798828125,0,1,0,0,0,22,0,0,0,1,0,4449.1502562548085,21476.963982916845,19939.066434198696,0.00045165494570667195,0.0002763393032433892,,
231,20,5107.71875,2626.100736,810.607421875,40.530372619628906,86.09160614013672,566.7069702148438,0.0001039549388224259,0.0,8229.1337890625,0,1,0,0,0,35,0,0,0,1,0,3035.7155418791267,25686.21033309582,17613.53931778108,0.0021828099847149285,0.005045044703519066,1705.1002580927088,543.1539908312806
232,17,4346.43701171875,2903.600128,964.4033203125,56.72960662841797,121.21527099609375,1139.8953857421875,0.000161282965564169,0.0,11254.470703125,0,1,0,0,0,27,0,0,0,1,0,4580.383670868759,43317.901830601564,28558.149445052633,0.0004866580723120791,0.0023989061084975435,,
233,21,5350.35791015625,3023.58528,1234.43359375,58.782554626464844,47.46661376953125,430.08599853515625,6.311079778242856e-05,0.0,6277.59912109375,0,1,0,0,0,37,0,0,0,1,0,2842.8556090726593,21789.524940487237,16917.727760215304,0.0008222511318473425,0.0002038903696954253,485.701355659362,2843.111730696081
234,16,4092.67431640625,2739.505152,1576.48046875,98.530029296875,107.71743774414062,1184.21484375,0.00014282685879152268,0.0,15626.5419921875,0,1,0,0,0,27,0,0,0,1,0,5080.152464812791,41872.25444882768,26743.374617870635,0.0019980335893421937,0.0023601649259261904,506.4635676242581,2838.5284296123623
235,15,3869.823486328125,2195.628544,2567.236328125,171.1490936279297,179.2886505126953,2232.4736328125,0.000269681797362864,0.0,22049.986328125,0,1,0,0,0,23,0,0,0,1,0,11358.98769673175,92232.01189030155,60872.91768082835,0.0005175940597335268,0.0013140334200115386,,
236,21,5477.5556640625,2883.154944,1204.966796875,57.379371643066406,47.61112976074219,401.5774230957031,7.058623305056244e-05,0.0,5619.0625,0,1,0,0,0,31,0,0,0,1,0,2109.8229326689125,13204.641066745398,9037.299528105576,0.002445766415198048,0.0009897805089421063,,
237,21,5679.677734375,3471.836672,1222.111328125,58.195777893066406,48.09613037109375,470.7828369140625,6.61281228531152e-05,0.0,7335.06298828125,0,1,0,0,0,41,0,0,0,1,0,3562.796942552731,49926.56481728233,32040.2383900513,0.001062979384030461,0.001618485764437995,,
238,16,4392.73095703125,2794.324992,1866.3115234375,116.64447021484375,159.6563262939453,2769.2646484375,0.00039485510205850005,0.0,28878.537109375,0,1,0,0,0,31,0,0,0,1,0,12273.294180976514,93413.89107445945,72380.28735774769,9.463199523171255e-05,3.493131216410206e-05,1099.865438098162,1393.3831510904733
239,17,4681.302734375,2455.387648,966.7890625,56.86994552612305,182.8692626953125,1171.37158203125,0.00019931350834667683,0.0,12165.8203125,0,1,0,0,0,29,0,0,0,1,0,4587.932080877359,25336.658886121644,21894.53831093934,0.011992539816392478,0.00628144465956296,,
240,19,5234.8291015625,2778.245632,280.5947265625,14.768143653869629,92.15360260009766,750.3439331054688,0.0001341035676887259,0.0,9412.82421875,0,1,0,0,0,31,0,0,0,1,0,4880.331768531523,32470.384141467606,30222.386341748614,0.00023690886230786495,0.0012485828073197282,771.7028448890458,1423.6871175990575
241,16,4428.09375,2535.459328,1861.28515625,116.330322265625,239.5106201171875,1830.958740234375,0.0002630754606798291,0.0,19432.673828125,0,1,0,0,0,26,0,0,0,1,0,8623.016340870829,83014.64252786867,59754.34055244118,0.0011176985297899067,0.00012156938933614164,1584.1446342826528,615.9331584285267
242,19,5256.33203125,2581.910016,291.7080078125,15.353053092956543,177.92825317382812,763.1993408203125,0.00017186280456371605,0.0,9479.11328125,0,1,0,0,0,34,0,0,0,1,0,3638.7681504772822,19702.772873121005,18764.21554115456,0.0007948561042342914,0.001079726684457636,,
243,25,6693.3427734375,3730.90816,2410.9326171875,96.43730163574219,36.9024543762207,284.1606750488281,5.555309326155111e-05,0.0,4700.7890625,0,1,0,0,0,46,0,0,0,1,0,2357.252255490722,39904.5850108651,21346.848816940237,0.0006611933643673809,0.0002840315180284627,1243.9154116771924,1205.5383438156555
244,21,5593.23193359375,3881.184256,1119.1279296875,53.291805267333984,50.87737274169922,486.58270263671875,6.835412932559848e-05,0.0,6455.45263671875,0,1,0,0,0,41,0,0,0,1,0,2678.44000861673,51622.07846040204,12407.93205716558,4.905263705462515e-05,0.004516805652888197,629.4622200126587,3096.8080628399816
245,16,4357.95947265625,2857.662464,1981.7822265625,123.86138916015625,119.77781677246094,1704.8192138671875,0.00023960156249813735,0.0,16324.232421875,0,1,0,0,0,28,0,0,0,1,0,6355.987257022037,42292.41425439191,34788.26098955412,0.005103185562763485,0.003129683342753122,1399.5564227247241,871.1661347041595
246,14,3981.78515625,2153.938432,3830.1494140625,273.5821228027344,245.91253662109375,3186.58349609375,0.0005652679828926921,0.0,28564.181640625,0,1,0,0,0,23,0,0,0,1,0,8292.367389846731,44362.54729190769,40877.534379663026,0.00012356026256154368,0.0012507242596049295,574.8300336898374,2684.982100857807
247,16,4419.21630859375,2153.227264,1834.7578125,114.67236328125,144.48629760742188,1316.9554443359375,0.0001748245704220608,0.0,13213.646484375,0,1,0,0,0,30,0,0,0,1,0,6196.458952601849,60314.05519485335,46044.79023531529,0.0007510397302615823,0.0017875419625849008,,
248,18,4981.33642578125,2617.47712,280.23828125,15.568793296813965,77.78565216064453,801.5833129882812,0.00012300834350753576,0.0,10810.3564453125,0,1,0,0,0,37,0,0,0,1,0,3103.8990214557034,21490.826943812117,16117.858297262952,0.0003368763776925021,0.0013139281799716962,684.4238057684661,1776.164310876975
249,19,5252.830078125,2928.375296,306.9677734375,16.156198501586914,96.9532699584961,775.3646850585938,0.00014019873924553394,0.0,10255.2314453125,0,1,0,0,0,38,0,0,0,1,0,4192.520187862799,33878.14135281217,25941.94028575312,0.00047800823659637295,0.0009122335763867839,,
250,19,5238.3232421875,2943.168,263.52734375,13.869860649108887,107.67011260986328,561.0307006835938,0.0001203272768179886,0.0,6593.7724609375,0,1,0,0,0,35,0,0,0,1,0,3042.1394257448997,36554.495034348285,17174.691659268672,0.001081773161586197,0.002166359329655511,,
251,17,4711.45703125,2719.586816,1135.69140625,66.80537414550781,139.206298828125,1983.3873291015625,0.00027122776373289526,0.0,22010.845703125,0,1,0,0,0,29,0,0,0,1,0,10401.415398660021,89153.573460588,48291.206386834405,0.0018729952136792988,0.0012738613493172846,998.4769723629515,3283.940550845599
252,16,4317.94970703125,2438.475264,2011.66796875,125.729248046875,177.30575561523438,1821.986572265625,0.00022988228010945022,0.0,18802.58203125,0,1,0,0,0,25,0,0,0,1,0,8302.499312277163,54938.655486368916,53712.62967528222,0.0015240991005532629,0.002233576963769239,,
253,17,4549.1875,2401.273856,880.6171875,51.80101013183594,141.93006896972656,1059.9927978515625,0.00015069158689584583,0.0,11492.9677734375,0,1,0,0,0,32,0,0,0,1,0,5108.019295548219,47415.68572338054,44021.03237245592,0.00024106616329857417,0.0012030859358348224,647.9842546416653,3021.1644776048647
254,19,5227.56689453125,2579.911168,252.04296875,13.265419960021973,113.72464752197266,607.5787353515625,9.875719115370885e-05,0.0,8394.1142578125,0,1,0,0,0,37,0,0,0,1,0,5209.522860700287,38589.28440371262,38419.20479463191,1.5124743932988169e-05,0.0001494866198014297,1935.143628957886,422.3717827468769
255,17,4681.0791015625,2436.18816,868.9677734375,51.115753173828125,121.57112884521484,927.525390625,0.00011910700413864106,0.0,9555.9658203125,0,1,0,0,0,30,0,0,0,1,0,4631.184783397562,44815.03407228562,30312.737581234356,0.00063110257185435,0.0015467321246800773,108.92198027220797,2492.940244527583
256,25,6874.04345703125,3360.047616,2938.8720703125,117.55487823486328,90.1578369140625,293.6741027832031,7.858007302274927e-05,0.0,5060.6708984375,0,1,0,0,0,42,0,0,0,1,0,2133.4951855978425,15943.285802382623,11566.32768091242,0.0030678578064636877,0.003203304106520744,670.939927919364,3096.1013017349596
257,17,4676.92529296875,3105.84832,992.9560546875,58.4091796875,132.60911560058594,839.6958618164062,0.00013634850620292127,0.0,9671.978515625,0,1,0,0,0,28,0,0,0,1,0,3879.245348459543,35443.955978245365,27050.05784937629,0.0037450413033154935,0.0005338062069675346,,
258,19,5200.32177734375,2710.005248,309.3037109375,16.279142379760742,153.69012451171875,941.6123046875,0.00011354745220160112,0.0,14400.111328125,0,1,0,0,0,34,0,0,0,1,0,5146.067341580053,44109.43368078451,30211.86517831449,0.0008147265026503363,0.0019607817305867456,,
259,18,4935.13623046875,2935.709696,293.001953125,16.27788734436035,89.50762939453125,682.88818359375,0.0001193790667457506,0.0,8532.33203125,0,1,0,0,0,34,0,0,0,1,0,3534.520084851372,30750.820945015625,24094.256695858225,0.0015679415747829328,0.006480152618000848,914.8519953887908,3188.830557888284
260,21,5650.41455078125,3262.521344,1348.7568359375,64.22651672363281,66.00225830078125,455.2505798339844,8.910385804483667e-05,0.0,5948.14208984375,0,1,0,0,0,41,0,0,0,1,0,2808.1047566361076,27057.255783333436,20060.73026421988,0.0022428904864634884,0.006137575874702294,,
261,20,5440.353515625,3332.29056,801.6298828125,40.08149337768555,75.89058685302734,575.8001098632812,9.677762864157557e-05,0.0,8467.2001953125,0,1,0,0,0,36,0,0,0,1,0,2994.4843186253283,27759.441434350603,16132.005102708148,0.006154755126740657,0.0010309994842803982,421.83452598601616,2701.7290090884508
262,18,4949.109375,2936.088064,258.6181640625,14.36767578125,107.66438293457031,858.33935546875,0.00015636291936971247,0.0,9833.845703125,0,1,0,0,0,33,0,0,0,1,0,4017.7942179232596,33023.16527588747,23208.25659137639,0.0004508841031031167,0.0016071383525185466,439.6466587729428,2761.544562659269
263,15,4130.09130859375,2433.43104,2873.55859375,191.57058715820312,187.78477478027344,2077.702392578125,0.00032819746411405504,0.0,18975.697265625,0,1,0,0,0,24,0,0,0,1,0,8734.929797175553,61686.47682758881,57282.06161006159,0.008864369404027989,0.0007924519405076713,,
264,10,2779.957275390625,1676.158976,6704.1875,670.4187622070312,244.83084106445312,2044.4459228515625,0.00036103767342865467,0.0,14410.6201171875,0,1,0,0,0,13,0,0,0,1,0,6988.447286987242,63933.83268938977,29782.22362113199,0.0025452968840680365,0.005544312430098494,,
265,17,4682.70703125,2000.482816,992.27734375,58.36925506591797,186.07266235351562,1402.5960693359375,0.00018071310478262603,0.0,16493.607421875,0,1,0,0,0,30,0,0,0,1,0,7016.182598190878,51340.99167843374,49180.63644589045,0.0014213458903673537,0.0007084134728193615,,
266,22,6042.48046875,3158.305792,1572.3271484375,71.46942138671875,65.8381118774414,390.1440124511719,7.499573985114694e-05,0.0,5301.6064453125,0,1,0,0,0,38,0,0,0,1,0,2354.5896231850984,15410.719503305772,13212.24738771113,0.002079749819682182,0.006625077797979391,1659.4709292023028,642.7936177639892
267,16,4392.34521484375,2927.179264,1854.150390625,115.8843994140625,158.7257537841797,2086.0205078125,0.0003230033617001027,0.0,21384.859375,0,1,0,0,0,26,0,0,0,1,0,10696.995383298701,80948.54608394123,45680.34461783908,0.0009441566371927029,0.003865299741364528,,
268,15,4131.32275390625,2273.654784,1903.349609375,126.88998413085938,103.61104583740234,1116.111572265625,0.00015278285718522966,0.0,10260.5048828125,0,1,0,0,0,25,0,0,0,1,0,3831.4536047055494,37285.78547276425,13680.03594781154,0.0033788706711978533,0.004632696355967171,,
269,20,5332.4599609375,2816.997376,795.4345703125,39.771728515625,79.83944702148438,418.6763610839844,8.168155909515917e-05,0.0,5421.87060546875,0,1,0,0,0,35,0,0,0,1,0,2366.904385153026,27602.61803540517,14958.865594108114,0.00331969152800847,0.0008525074993548376,332.8758127679939,1888.0510549353594
270,20,5405.79150390625,3212.65152,889.6015625,44.480079650878906,95.41887664794922,575.5846557617188,8.599952707299963e-05,0.0,7257.67333984375,0,1,0,0,0,36,0,0,0,1,0,2963.621609250886,24080.356966147545,15386.73571792629,8.636549558700343e-05,0.005156210759438805,470.6310314667121,1794.394726644683
271,14,3874.830078125,2449.283072,3740.0400390625,267.1457214355469,167.58489990234375,1759.3226318359375,0.00021352861949708313,0.0,18904.19921875,0,1,0,0,0,23,0,0,0,1,0,9637.520089295413,85139.59440732723,58354.52324780297,0.0005713576730292519,0.002492979292717743,,
272,23,6352.03076171875,2937.463808,2019.185546875,87.79067993164062,56.35865020751953,268.2996826171875,5.616588532575406e-05,0.0,4096.80419921875,0,1,0,0,0,42,0,0,0,1,0,1827.1162364923819,10582.2555305595,10235.688517365561,0.004268715051303523,0.002385514587936538,672.3510507350788,1758.3964846069002
273,21,5788.36181640625,3578.620416,1334.828125,63.5632438659668,87.93327331542969,402.00360107421875,0.00010763968748506159,0.0,5509.98046875,0,1,0,0,0,40,0,0,0,1,0,2924.4545773870677,22257.04239805384,19732.242699380073,0.0007858801057739444,0.0003318518958269276,871.231378433838,3280.2688344716566
274,18,4993.02880859375,2908.22912,324.6279296875,18.03488540649414,97.94090270996094,652.9478149414062,0.0001193725474877283,0.0,7839.14599609375,0,1,0,0,0,36,0,0,0,1,0,3987.7824595179627,32517.90939686156,24623.151416610704,0.00017595843689044433,0.001395451012321719,,
275,14,3886.705810546875,2129.040384,3701.2314453125,264.3736877441406,189.72189331054688,2723.921630859375,0.0003227166016586125,0.0,21759.275390625,0,1,0,0,0,25,0,0,0,1,0,5391.753179817612,45144.52788700621,28902.06492520511,0.0003142812786928739,0.0007741598668735694,1170.5765584490232,3454.068485453428
276,17,4709.97509765625,2145.867264,1012.365234375,59.55089569091797,162.79371643066406,881.8687133789062,0.00017779113841243088,0.0,9603.9130859375,1,0,1,0,0,25,0,0,0,1,0,3997.355852798745,29578.042657793325,20677.570652443006,0.005966560390291399,0.003760215815413595,,
277,19,5091.732421875,2731.544576,314.0673828125,16.529861450195312,184.48390197753906,824.0795288085938,0.00014613341772928834,0.0,10464.1318359375,0,1,0,0,0,32,0,0,0,1,0,4359.247381866295,41191.117998151574,20427.46248990022,0.0025546640979211,0.0003878815118206133,,
278,19,5169.85302734375,2998.1056,330.1943359375,17.37864875793457,190.70074462890625,1348.25341796875,0.00016961267101578414,0.0,17255.453125,0,1,0,0,0,39,0,0,0,1,0,8092.471024010739,57779.66998206078,51790.223219633925,0.0015285230284509954,0.0023024343542287252,1492.8521656608373,1578.0691656552576
279,15,4164.18115234375,2463.023104,2868.4169921875,191.22781372070312,171.88137817382812,1865.9425048828125,0.00024152026162482798,0.0,21252.23828125,0,1,0,0,0,23,0,0,0,1,0,11335.97900371689,102085.66408037268,66272.79302897275,0.000201706829863116,0.0013740418437936004,1140.0861423489528,3189.771920157697
280,23,6316.17822265625,3054.023168,2057.53125,89.4578857421875,46.644222259521484,431.1986999511719,7.367521175183356e-05,0.0,6548.640625,0,1,0,0,0,48,0,0,0,1,0,3139.598924716392,22683.355954134764,16886.59626850719,0.0022780052828496877,0.0024431849243269042,299.5954291669691,2922.923908411093
281,19,5231.8037109375,3429.539328,291.716796875,15.353515625,69.40119934082031,498.7079162597656,8.144984894897789e-05,0.0,6138.00537109375,0,1,0,0,0,31,0,0,0,1,0,3144.9421715638928,30129.465308700277,29984.89744030506,0.0009755989277380056,0.0012643788922733074,,
282,17,4684.6142578125,2722.83136,1127.71875,66.33639526367188,202.27520751953125,1525.0997314453125,0.0002559514541644603,0.0,20428.25390625,0,1,0,0,0,31,0,0,0,1,0,9124.384588652372,45248.355386056486,44470.74915635568,0.0021932311736099636,0.0006560399323050393,795.2246735343715,3202.3483928203505
283,17,4657.67626953125,2545.209344,1123.0322265625,66.06072235107422,130.05738830566406,1328.889404296875,0.00017556021339260042,0.0,15669.1171875,0,1,0,0,0,32,0,0,0,1,0,8564.774989833735,69174.55826923682,61348.67890355755,4.603772694640809e-05,0.0009611974970285889,,
284,15,4131.9638671875,2394.476544,2150.20703125,143.34713745117188,134.31614685058594,1308.47021484375,0.0002180788287660107,0.0,13163.2265625,0,1,0,0,0,27,0,0,0,1,0,8195.56026538679,69186.61999687745,42486.69784324886,0.0007373031578116022,0.001561327965608001,,
285,19,5095.09619140625,2636.596736,290.9033203125,15.310701370239258,108.1284408569336,792.475341796875,0.00011885565618285909,0.0,10107.0693359375,0,1,0,0,0,35,0,0,0,1,0,4969.878256654974,36818.38220336185,36049.97287139376,0.0033427063281275537,0.000753023777142761,,
286,12,3331.15966796875,2156.438528,6067.53515625,505.6279296875,279.96380615234375,2532.9228515625,0.00030608411179855466,0.0,26863.8359375,0,1,0,0,0,17,0,0,0,1,0,10395.057042641129,111298.94676416898,105501.68151413194,0.0003578283606231851,0.0013733052596195706,846.7897257015139,1541.335591591854
287,15,4109.939453125,1839.555072,2638.4345703125,175.89564514160156,171.29473876953125,1273.325927734375,0.00026452235761098564,0.0,14422.98828125,0,1,0,0,0,31,0,0,0,1,0,6977.6269875948055,74835.69607254505,63613.67817153793,0.0026039917155023205,0.0003195732331135806,,
288,22,6067.47119140625,2693.677056,1570.982421875,71.40829467773438,51.05054473876953,447.0386047363281,6.532387487823144e-05,0.0,6784.92919921875,0,1,0,0,0,39,0,0,0,1,0,3144.9322034709526,21515.91983815287,20094.096780125154,0.0022656544501611225,0.00013583098036153152,1236.9802801583614,1182.6652154224357
289,18,4980.4208984375,2979.480576,306.43359375,17.02408790588379,109.1706314086914,881.2355346679688,0.00014797571930103004,0.0,11328.3056640625,0,1,0,0,0,31,0,0,0,1,0,5301.097604754278,50885.78769694101,28681.3208805439,4.2479660229022276e-05,0.0009781179699520567,774.6981047881234,2717.7198144091776
290,20,5538.57861328125,3026.368,878.5673828125,43.92837142944336,125.51551818847656,818.162109375,0.00012359715765342116,0.0,10809.5419921875,0,1,0,0,0,31,0,0,0,1,0,5986.79235236648,46495.19722720894,37853.77608418003,0.00033681698032186555,0.003492531537118683,1419.7468613641386,3533.979610667543
291,19,5248.091796875,3033.41312,286.515625,15.0797700881958,78.23551177978516,806.478271484375,0.00013648340245708823,0.0,10191.3642578125,0,1,0,0,0,35,0,0,0,1,0,5554.0195748916985,52234.25564756843,39712.19883829917,0.00046764549316809234,0.002040203399951486,947.6497776736928,3372.971844886022
292,18,4973.09326171875,2836.484608,383.5322265625,21.30734634399414,104.8609848022461,910.4862670898438,0.00013885916268918663,0.0,10677.0234375,0,1,0,0,0,28,0,0,0,1,0,5323.506595601296,32209.770803658797,31579.227625438994,0.006026309088056722,0.0048791244020598284,,
293,16,4433.6953125,2502.186496,1566.6279296875,97.91424560546875,94.81890869140625,1116.9537353515625,0.00017104274593293667,0.0,12268.125,0,1,0,0,0,25,0,0,0,1,0,6311.997818123978,47189.82405993619,25635.53902973765,0.0026967948939467107,0.0005059682406038032,,
294,25,6722.171875,3583.738368,2438.67138671875,97.5468521118164,40.992393493652344,229.8973388671875,4.940107828588225e-05,0.0,3773.397216796875,0,1,0,0,0,44,0,0,0,1,0,1467.418856180475,14971.452717150356,7964.343635875634,0.0017688324394092084,7.686674329056287e-05,,
295,17,4676.65380859375,3452.11648,1195.8115234375,70.34185791015625,260.7327575683594,2002.790771484375,0.0003315994399599731,0.0,22500.669921875,0,1,0,0,0,32,0,0,0,1,0,11728.009010185804,70019.0002954178,68026.83713530209,0.0005367183075761714,0.002247903297221871,1683.1045596595943,745.8143287933751
296,21,5717.54248046875,3025.368576,1342.6396484375,63.93522262573242,107.60057830810547,622.09423828125,0.00010478707554284483,0.0,7777.81787109375,0,1,0,0,0,39,0,0,0,1,0,4889.106916948164,54010.96866428745,31833.919877485776,0.00043908042565932864,0.007428750529506117,,
297,16,4396.8984375,2768.041472,1905.103515625,119.0689697265625,194.63558959960938,1641.2996826171875,0.00026328503736294806,0.0,20462.8828125,0,1,0,0,0,28,0,0,0,1,0,10183.55621606883,77414.6766674235,72432.03096119544,0.000938007950277921,0.00011374538385934205,,
298,17,4661.44384765625,2496.047616,990.7255859375,58.277976989746094,90.13673400878906,1083.420654296875,0.0001484272797824815,0.0,12249.697265625,0,1,0,0,0,31,0,0,0,1,0,4348.26945921116,29524.52905634338,28233.908644419807,0.00021626992653914212,0.0012941372643074517,469.697152334822,1772.4178374924454
299,16,4396.83251953125,2449.961472,1826.8671875,114.17919921875,160.79173278808594,1056.790771484375,0.00019600315135903656,0.0,11559.3310546875,0,1,0,0,0,32,0,0,0,1,0,5190.56933283895,39171.27674388526,38982.19514124754,0.0030680970816227768,0.00015270093904174928,1918.622751838086,474.1833841703009
300,16,4379.44482421875,2339.049472,1513.48828125,94.593017578125,76.27630615234375,806.8416748046875,0.0001210828559123911,0.0,8621.458984375,0,1,0,0,0,27,0,0,0,1,0,3714.767345303794,25776.957538108298,21173.812893004248,0.007181920128487743,0.007945796555275483,516.252322812054,2773.0056495265
301,20,5481.42333984375,2899.944448,849.1748046875,42.458740234375,66.62044525146484,528.9542236328125,8.622698078397661e-05,0.0,7057.66162109375,0,1,0,0,0,37,0,0,0,1,0,2652.294909392532,17411.84162904589,16151.618708176713,0.0040535483950326565,5.7419651556383025e-05,234.35056736326032,2119.4260554935117
302,26,6985.8896484375,3861.400064,2816.0458984375,108.30946350097656,50.79037094116211,245.72244262695312,5.7309331168653443e-05,0.0,4129.68115234375,0,1,0,0,0,50,0,0,0,1,0,2269.026628503342,21456.81185269767,17694.98680842047,0.0004544826212256742,3.313591676701658e-05,911.5766991000305,3344.9243306165044
303,16,4393.51708984375,3125.41184,1804.015625,112.7509765625,85.43302917480469,983.1013793945312,0.0001468206028221175,0.0,10830.6806640625,0,1,0,0,0,27,0,0,0,1,0,5195.874494207734,46056.589915131844,34035.359967749515,0.0005014970443221432,0.0014958357649616965,,
304,16,4386.77587890625,2262.903808,1611.150390625,100.6968994140625,249.95272827148438,1553.816650390625,0.0002504894509911537,0.0,15064.958984375,0,1,0,0,0,28,0,0,0,1,0,6844.85896813959,46783.63140637342,37843.06982793491,0.004637309489597579,0.0021611753071585083,1761.319249068027,637.1465821748509
305,20,5495.57763671875,2840.492032,879.5126953125,43.97563552856445,132.24742126464844,1077.5595703125,0.0001535888877697289,0.0,13095.361328125,0,1,0,0,0,32,0,0,0,1,0,6780.2455987742005,60089.408414601196,53448.19426945103,0.0012251865621096536,0.00025435343632102415,18.374409763230688,2070.8967235382524
306,20,5530.75830078125,3199.346688,887.0224609375,44.35112380981445,114.5169677734375,844.3702392578125,0.0001663529546931386,0.0,10751.8486328125,0,1,0,0,0,37,0,0,0,1,0,4477.841317229803,33555.35912966984,31151.40497965583,0.003798643639506036,0.0023516786289463354,590.193439912834,2958.673043059251
307,17,4684.841796875,2621.54496,884.4443359375,52.02613830566406,95.86898040771484,973.6080932617188,0.0001329330261796713,0.0,12892.857421875,0,1,0,0,0,33,0,0,0,1,0,5072.461135227552,34551.92722554556,29762.316417095844,0.0008692981569888986,0.00022753815508009395,,
308,16,4412.72802734375,2246.246912,1826.4765625,114.15478515625,128.20852661132812,1714.3572998046875,0.00020805399981327355,0.0,20152.599609375,0,1,0,0,0,25,0,0,0,1,0,9095.890159982526,61796.01659198723,54155.51767794219,0.003254200638469658,0.0013452661730341958,1430.3482601597507,3456.2766035732047
309,17,4651.58544921875,2421.604864,1032.6337890625,60.7431640625,147.027587890625,1462.0321044921875,0.00019372141105122864,0.0,16339.3916015625,0,1,0,0,0,28,0,0,0,1,0,7164.793472496165,57662.74058893937,45332.8403537668,0.0019007825325973865,0.0009187006894571872,,
310,20,5359.62451171875,2955.107328,845.9296875,42.296485900878906,59.93523406982422,805.2369384765625,0.00016564941324759275,0.0,10116.1484375,0,1,0,0,0,40,0,0,0,1,0,5031.149563401531,28591.371967310377,19129.42892503213,8.064221106513642e-05,0.0013160454045994842,,
311,20,5383.8388671875,3179.968,786.93359375,39.3466796875,65.95066833496094,684.5745849609375,0.00011076387454522774,0.0,9485.021484375,0,1,0,0,0,39,0,0,0,1,0,4772.387299749391,43113.20737850346,30493.04861471098,0.0019364721530397595,0.002028725132724722,,
312,18,4948.7744140625,2985.643008,316.365234375,17.57584571838379,80.00039672851562,740.7779541015625,0.00013735542597714812,0.0,8240.3740234375,0,1,0,0,0,32,0,0,0,1,0,3378.593948990759,22874.632387100755,11744.126087422293,0.0013084229205375941,0.019717008216490178,,
313,17,4686.71630859375,2647.69792,876.2275390625,51.54279708862305,122.41118621826172,647.05615234375,0.00011943897698074579,0.0,6851.64013671875,0,1,0,0,0,30,0,0,0,1,0,3391.5360933117295,36021.46607740681,17893.260799681422,0.0007702986831910202,0.008063277651317306,,
314,18,4954.98486328125,2617.705472,273.951171875,15.219510078430176,184.90921020507812,1254.3031005859375,0.00018362161063123494,0.0,17280.234375,0,1,0,0,0,33,0,0,0,1,0,7419.715373831795,49420.59266468408,34997.44177126903,0.005057966258739249,0.0009348868266679522,,
315,20,5459.68994140625,2784.292864,885.8251953125,44.291259765625,104.87822723388672,831.5198974609375,0.00015770134632475674,0.0,10793.546875,0,1,0,0,0,33,0,0,0,1,0,4769.941370207882,39177.9534507427,33842.020196122314,0.0006201337152284062,0.0003754674344058906,1302.2665251202868,875.2489594698702
316,17,4628.65185546875,2620.43136,1004.9169921875,59.11276626586914,124.69117736816406,1161.623046875,0.00013891083654016256,0.0,14475.9853515625,0,1,0,0,0,28,0,0,0,1,0,6058.691173555588,52101.50320199321,42248.37951860002,0.0001667614617845304,0.00633819289268524,576.8336107190205,2792.6579029234413
317,20,5454.39111328125,2952.224256,795.734375,39.786720275878906,58.137943267822266,474.68109130859375,8.30043718451634e-05,0.0,6063.02197265625,0,1,0,0,0,34,0,0,0,1,0,2954.185746980354,21704.22851131132,17132.245049577054,0.005610894437225802,0.0010686930681646604,,
318,21,5630.3701171875,3489.977344,1225.0439453125,58.335426330566406,61.41737365722656,398.0952453613281,9.650566062191501e-05,0.0,5456.53759765625,0,1,0,0,0,36,0,0,0,1,0,2153.6757615307456,16573.335935125455,14429.229328195175,0.0015224971633483395,0.0003879463639195613,558.6792375706439,2636.669132916567
319,17,4581.38037109375,3091.575296,1090.220703125,64.13063049316406,122.57368469238281,1212.30078125,0.00020251169917173684,0.0,12521.3583984375,0,1,0,0,0,29,0,0,0,1,0,6276.433338329522,44410.11894204141,41349.65853775185,0.0018779899124633723,0.006782540759943112,752.549597453467,1337.8227124223931
320,23,6308.35498046875,3417.581568,2053.861328125,89.2983169555664,59.680213928222656,416.2560119628906,7.520349026890472e-05,0.0,6903.67724609375,0,1,0,0,0,45,0,0,0,1,0,2732.564395385338,19456.155347736883,17349.078899874887,0.00027733714502341245,0.0005618465833990421,866.0066621772089,3285.6733631205925
321,21,5775.9609375,3726.857728,1436.9296875,68.42522430419922,88.4241714477539,374.6047058105469,8.163524034898728e-05,0.0,5106.93603515625,0,1,0,0,0,35,0,0,0,1,0,2382.0573100516253,14683.702443613767,13616.14784980427,0.0019028262058857007,0.004166348599453709,,
322,17,4684.36572265625,3008.951808,981.123046875,57.71311950683594,159.81442260742188,1082.7288818359375,0.0001773503317963332,0.0,12042.0185546875,0,1,0,0,0,30,0,0,0,1,0,5283.259882410727,36478.85214194932,35880.505646899575,0.00015546330482361925,9.268040007578623e-05,1339.1295914099292,3450.1584994686655
323,18,4963.53466796875,2680.673792,295.5595703125,16.41997718811035,74.00927734375,449.6471252441406,7.345516496570781e-05,0.0,5553.91455078125,0,1,0,0,0,33,0,0,0,1,0,2491.8798882240626,22333.478447734517,20187.21852875211,0.0024282739623273514,0.0013690537660035612,1428.3954200891071,787.1336073641942
324,17,4677.5283203125,2349.435392,1070.939453125,62.996437072753906,164.98068237304688,1594.5062255859375,0.00021196153829805553,0.0,19611.27734375,0,1,0,0,0,34,0,0,0,1,0,7386.748437806112,45887.2344361096,43626.242360276905,0.00102336782994146,0.00012060966941276896,318.7332937996921,2798.745432202219
325,15,4154.8779296875,2130.424832,2885.0751953125,192.33836364746094,209.17669677734375,1909.6168212890625,0.00034994666930288076,0.0,17929.21875,0,1,0,0,0,22,0,0,0,1,0,7540.022637534552,56443.09372719486,54419.97823910279,0.006064317048562376,8.225610693377017e-05,,
326,14,3771.2763671875,1993.337344,4017.1708984375,286.9407958984375,274.0190124511719,2465.68115234375,0.00039890132029540837,0.0,24073.177734375,0,1,0,0,0,18,0,0,0,1,0,10192.401513882272,79394.5582540858,60954.42430471684,2.5382569159310836e-05,0.0009196650630146734,,
327,20,5437.103515625,2498.3296,906.3798828125,45.31899642944336,81.5704116821289,910.2031860351562,0.00012884418538305908,0.0,11381.9736328125,0,1,0,0,0,34,0,0,0,1,0,5906.086863117808,42256.751150370066,30496.39632414672,0.00030351607301452865,0.0011969822286685113,1055.2713315486,1229.2109861820306
328,20,5555.99853515625,3093.692928,826.9677734375,41.348388671875,86.27979278564453,563.1331176757812,9.709681035019457e-05,0.0,7402.041015625,0,1,0,0,0,35,0,0,0,1,0,3831.518321704417,26900.09916350966,20055.92737087349,0.0012579704996448504,0.004338827059269114,875.1410078742585,1510.3261983994832
329,22,6092.97216796875,3278.27456,1441.96044921875,65.54365539550781,100.61804962158203,408.3329772949219,9.982992196455598e-05,0.0,6180.85791015625,0,1,0,0,0,37,0,0,0,1,0,1969.780556960726,12090.426375677394,6861.897341476762,0.004023160452394571,0.0019605970756667937,2223.860694827491,97.46231045436923
330,24,6622.07666015625,3609.86368,2484.1669921875,103.5069580078125,61.63801956176758,432.5091247558594,6.632083386648446e-05,0.0,6769.1640625,0,1,0,0,0,47,0,0,0,1,0,3990.9627512482384,44702.47701787608,23478.58135980858,0.00017383470559354658,0.00012724049918240443,177.83984584455493,2536.151317724905
331,17,4692.78662109375,3121.360896,981.2333984375,57.71961212158203,83.63467407226562,1095.1068115234375,0.0002095456438837573,0.0,11716.42578125,0,1,0,0,0,31,0,0,0,1,0,4645.663706509319,39183.05495580672,31123.23954750406,0.0010493074825256368,0.0008381666480888374,,
332,18,4967.521484375,2619.310592,363.1044921875,20.17247200012207,141.765380859375,1327.322998046875,0.00016928714467212558,0.0,15724.3056640625,0,1,0,0,0,33,0,0,0,1,0,7330.9753915909605,58352.93310839804,40910.632511489486,0.0016392740176170845,0.00221946661187442,,
333,16,4415.5556640625,2425.875456,1835.28515625,114.705322265625,106.17868041992188,1031.4986572265625,0.00014297520101536065,0.0,13405.185546875,0,1,0,0,0,27,0,0,0,1,0,6930.302978809574,73273.45866252796,39106.05422006506,3.833309831451949e-05,0.0012814564135378154,464.82282631327826,2165.5117197856325
334,16,4305.990234375,2348.575232,1663.8623046875,103.99139404296875,134.31842041015625,786.23779296875,0.00012739603698719293,0.0,7716.62841796875,0,1,0,0,0,30,0,0,0,1,0,3149.6683187283566,30544.647550290392,22149.37457944705,0.002748708515728629,0.00781260532987111,,
335,21,5681.81591796875,3042.673152,1344.587890625,64.02799224853516,66.80487060546875,324.31005859375,8.825816621538252e-05,0.0,4384.49560546875,0,1,0,0,0,35,0,0,0,1,0,2159.0679987617536,20441.535500569487,12235.226112306658,0.0011334148821476875,0.0001321937602232863,686.5918366970485,2208.331215515743
336,22,6064.10693359375,3508.081152,1725.6962890625,78.44074249267578,59.92095947265625,324.8205261230469,5.3078645578352734e-05,0.0,4440.71435546875,0,1,0,0,0,39,0,0,0,1,0,2222.8344694361413,19939.295850901544,17083.095573949784,4.645055683767142e-05,0.0021666059181229824,2036.9205539385484,228.42168013822027
337,21,5785.1796875,3201.731584,1345.75,64.08333587646484,133.4512176513672,643.0447998046875,0.00013018559548072517,0.0,9757.9208984375,0,1,0,0,0,36,0,0,0,1,0,3767.6919123659704,24936.65445093877,21441.689387048573,0.00026024422891263166,0.00121415910915873,334.96129983824585,2663.968539496086
338,19,5245.33154296875,2970.44736,311.1337890625,16.375463485717773,247.91207885742188,874.1674194335938,0.00014194799587130547,0.0,10884.4658203125,0,1,0,0,0,34,0,0,0,1,0,7282.4840222277635,55220.01120900507,42696.12989431406,0.0006239770492619569,0.0014650705789345034,,
339,16,4404.63720703125,2627.395072,2013.1806640625,125.82379150390625,117.29476928710938,1591.1441650390625,0.00020060947281308472,0.0,16770.29296875,0,1,0,0,0,28,0,0,0,1,0,8238.055438789106,70238.79399876161,52759.14341122313,0.0001664859581179401,0.007260930495647994,,
340,21,5766.37060546875,2993.778176,1304.365234375,62.112632751464844,87.72759246826172,390.615478515625,7.924664532765746e-05,0.0,5695.98974609375,0,1,0,0,0,33,0,0,0,1,0,2460.3623962016927,16590.57883290348,14320.177119029266,0.0004090896478431,0.003704374572961156,1161.8138614187947,3381.351833639355
341,18,4957.15234375,3004.943872,329.96484375,18.33138084411621,127.61854553222656,854.2962646484375,0.00015688902931287885,0.0,11104.431640625,0,1,0,0,0,35,0,0,0,1,0,4696.066977743035,46949.78881280891,28666.561152631126,0.0005119921324691018,0.0020809378290751555,,
342,23,6162.0009765625,3414.275584,1834.39208984375,79.75617980957031,38.2176628112793,268.9481506347656,5.704945215256885e-05,0.0,3815.68359375,0,1,0,0,0,37,0,0,0,1,0,1555.819166613462,9164.286092638775,8618.131447377647,0.009957146635579853,0.002413261273989352,,
343,17,4610.474609375,3229.897216,1108.5498046875,65.20880889892578,122.97953796386719,1052.3973388671875,0.00016327462799381465,0.0,11449.3056640625,0,1,0,0,0,24,0,0,0,1,0,5797.541139711412,37966.25419908038,36816.073321499425,0.0004368582508824659,0.004911368646465842,,
344,16,4409.4169921875,2509.049344,1598.4580078125,99.90362548828125,85.521240234375,997.0084838867188,0.00012336084910202771,0.0,11470.8935546875,0,1,0,0,0,29,0,0,0,1,0,4843.936623047286,43379.23049487962,24477.829814613156,0.0007356104157563714,1.622348407684035e-05,,
345,16,4412.07080078125,2339.536896,1859.34375,116.208984375,151.37493896484375,783.08837890625,0.00017309827671851963,0.0,9959.388671875,0,1,0,0,0,24,0,0,0,1,0,3969.75894263852,23368.45758566071,19800.07860331021,0.003868093291914454,0.00018306086698428176,970.6371422275865,2975.94427841823
346,19,5209.23095703125,2563.916288,325.859375,17.150493621826172,176.29299926757812,1325.9957275390625,0.00020120051340200007,0.0,16589.251953125,0,1,0,0,0,35,0,0,0,1,0,8932.598596496626,61358.73185138559,56891.10451088577,0.0008951967312206439,0.0028947515998070843,,
347,21,5746.11474609375,3204.88704,1345.0498046875,64.04999542236328,84.81197357177734,524.136962890625,9.490577940596268e-05,0.0,7655.37158203125,0,1,0,0,0,39,0,0,0,1,0,3681.452094865808,23955.004705109972,18550.9641922476,0.0077104468715762636,0.0009989266166052883,869.6436825282858,3215.008545742954
348,18,4942.51904296875,3016.7808,323.841796875,17.9912109375,87.90897369384766,1044.2310791015625,0.00015405466547235847,0.0,12310.5986328125,0,1,0,0,0,32,0,0,0,1,0,6446.451833561299,50908.06927222018,33848.13501522063,0.00039667930883851427,0.004498840202373337,1022.2425248659147,3356.988989111784
349,18,4937.9833984375,2737.942016,282.001953125,15.666775703430176,81.78910064697266,761.6500244140625,0.00011861720849992707,0.0,9430.560546875,0,1,0,0,0,33,0,0,0,1,0,4742.039708895044,46458.70644926345,32956.64815628857,0.0003001220530211915,0.0031444923612196168,445.51360158138186,1772.4132774889
350,17,4553.49365234375,2672.172544,893.6796875,52.569393157958984,119.48904418945312,592.8577270507812,0.00010501640645088628,0.0,7703.99365234375,0,1,0,0,0,32,0,0,0,1,0,3376.4616921702127,45817.231613702206,21561.626978067605,0.009200103876584249,0.00040087310467334936,261.57936048770534,1893.570702267517
351,20,5369.8076171875,2997.408768,880.455078125,44.02275466918945,74.7767105102539,589.1521606445312,0.00011796355829574168,0.0,8308.1494140625,0,1,0,0,0,40,0,0,0,1,0,4911.907584696197,40615.94766424097,36191.59879452711,0.0017109988235125134,0.005525409769363738,,
352,21,5770.0908203125,3231.707648,1313.451171875,62.54529571533203,80.95767211914062,630.2508544921875,0.00016425969079136848,0.0,8844.009765625,0,1,0,0,0,33,0,0,0,1,0,3169.482174912245,22386.042710523234,15361.734762995018,0.00031086287639915666,0.0008995161929000114,741.8562732746029,1278.4644516345363
353,17,4675.22509765625,2757.598208,1168.822265625,68.7542495727539,254.1793975830078,1458.96484375,0.00024242476501967758,0.0,16547.1484375,0,1,0,0,0,33,0,0,0,1,0,6603.046161629093,37264.45134174707,33351.75940753761,0.0030688750609816993,0.00638896349378661,,
354,14,3860.55810546875,2184.60928,3692.4462890625,263.7461853027344,121.37348937988281,2343.294189453125,0.00030590457026846707,0.0,19907.35546875,0,1,0,0,0,26,0,0,0,1,0,5508.955902739147,40908.04077923458,34219.98809507275,0.0017909309735911205,0.003267683823704919,,
355,19,5216.17431640625,2522.166272,265.322265625,13.964329719543457,73.7260971069336,698.1798706054688,0.00010391670366516337,0.0,8188.197265625,0,1,0,0,0,37,0,0,0,1,0,3240.2148235675522,26246.619438115995,24260.88409869457,0.0018884375693149352,0.0019876449465986677,581.4434062814489,3032.5907734588545
356,16,4407.01171875,2569.145856,1655.9619140625,103.49761962890625,131.02822875976562,1223.1744384765625,0.00019536007312126458,0.0,14228.51171875,0,1,0,0,0,28,0,0,0,1,0,9049.669145622354,203638.44594224545,45201.55940434279,0.001543648061162568,0.00275285929551459,835.4478819619358,3134.7197740344573
357,19,5253.7568359375,2447.608832,247.4287109375,13.022563934326172,71.44744873046875,600.8241577148438,7.52858177293092e-05,0.0,8791.5908203125,0,1,0,0,0,33,0,0,0,1,0,3503.9054996714694,30541.533576829806,23680.389353105744,0.00029373262812622605,0.00010177649902598507,1186.7361359536546,2194.1363384722818
358,18,4808.44580078125,2581.047808,319.09765625,17.72764778137207,86.01512145996094,896.0379638671875,0.00010959241626551375,0.0,12711.5048828125,0,1,0,0,0,37,0,0,0,1,0,4918.735564602997,39640.33204281551,38291.84521445539,0.00019232617826362916,0.002618545646886114,400.93997455798217,2089.767391089347
359,21,5684.134765625,2664.729088,1250.1103515625,59.5290641784668,76.4073715209961,593.2113647460938,9.533150296192616e-05,0.0,8059.31787109375,0,1,0,0,0,38,0,0,0,1,0,4276.891174178401,31078.739392100382,26952.41502907431,0.00014032062986743532,0.0005481627589067574,396.00445633176014,2001.8982413877902
360,18,4982.857421875,2684.898304,296.046875,16.44704818725586,93.50486755371094,915.024169921875,0.00013015978038311005,0.0,12437.78125,0,1,0,0,0,42,0,0,0,1,0,5758.524752701433,60061.75786797141,30224.856405425657,0.000617709927755887,0.0001903907611228578,,
361,19,5256.3818359375,2798.257664,246.2216796875,12.959035873413086,72.97907257080078,551.6649780273438,0.00012209682608954608,0.0,7488.44287109375,0,1,0,0,0,36,0,0,0,1,0,3742.7052691146164,62454.00915773579,21735.735442381436,0.0008936760619092932,0.0018970782038570388,,
362,18,4924.42236328125,2815.07072,257.9404296875,14.330023765563965,100.5711441040039,772.352783203125,0.0001258361735381186,0.0,8866.8935546875,0,1,0,0,0,35,0,0,0,1,0,4038.852093002731,31343.34598328414,25388.246529867796,0.0022033627143543434,0.0012757129740828127,,
363,17,4677.68701171875,2560.636416,1014.0478515625,59.64987564086914,83.86189270019531,737.7430419921875,0.00012021017755614594,0.0,9976.0166015625,0,1,0,0,0,25,0,0,0,1,0,5080.904695478295,55465.68008881364,31329.04978744175,0.00028974525509171956,0.003994110269510881,390.5361740046533,2225.147195751075
364,19,5239.40234375,2810.895872,300.1376953125,15.796720504760742,57.920501708984375,670.2588500976562,0.0001109493023250252,0.0,8021.6865234375,0,1,0,0,0,37,0,0,0,1,0,3983.383919712447,26611.622019180588,23201.253472397104,0.001374131899246983,0.0054421979029231835,599.6086906658961,2988.912553884355
365,18,4974.7294921875,2925.038592,340.1630859375,18.89794921875,89.30577087402344,1020.32666015625,0.00013440214388538152,0.0,11560.6806640625,0,1,0,0,0,30,0,0,0,1,0,5028.388050554663,39239.682653250275,32834.820165030666,0.0011575117651152454,0.003481444517755096,,
366,16,4364.3837890625,2543.371264,1868.4716796875,116.77947998046875,134.7313690185547,1704.302978515625,0.0002056976518360898,0.0,19562.5078125,0,1,0,0,0,25,0,0,0,1,0,9162.396337681692,74755.80059281463,62826.40587000489,3.356892007838619e-07,0.0004904661693173225,917.3247774606866,3107.9635948035566
367,16,4345.740234375,2311.145472,1798.7470703125,112.42169189453125,191.5677490234375,1472.926025390625,0.00025148523855023086,0.0,15954.595703125,0,1,0,0,0,25,0,0,0,1,0,8634.365649430949,53459.67755932375,47645.832582806695,0.003680746601009345,0.00944134660767118,,
368,20,5417.45947265625,2646.043136,811.8125,40.59062576293945,65.55535888671875,631.0830688476562,0.0001114640908781439,0.0,8592.7109375,0,1,0,0,0,41,0,0,0,1,0,4578.360162459625,37524.69034732602,32725.231922795138,0.0013122391211200651,0.00040424981113953984,19.30333908867624,2724.4327284086917
369,15,4153.80322265625,2510.720512,2598.935546875,173.2623748779297,172.3660125732422,1515.116455078125,0.000220579095184803,0.0,15512.7861328125,0,1,0,0,0,23,0,0,0,1,0,5827.194092849861,50869.56914388921,42555.36073318732,0.0006724906896325052,0.00024202616954508392,1561.171656340291,3389.4489288403643
370,21,5758.46826171875,2990.810112,1318.4345703125,62.78260040283203,88.3498306274414,593.48681640625,0.00011693427222780883,0.0,8771.458984375,0,1,0,0,0,40,0,0,0,1,0,4936.546073843809,50308.9916467458,29283.375822407277,0.002236462948339355,0.005466309783792658,,
371,16,4390.84814453125,2864.28928,1845.9951171875,115.37469482421875,111.32881164550781,1130.093994140625,0.0001600467221578583,0.0,13835.119140625,0,1,0,0,0,25,0,0,0,1,0,7278.388800241215,80529.48662466295,43911.37983242333,0.0004890773053216821,0.0001675346698592206,526.6352007280268,2663.2249880968648
372,19,5363.23486328125,2729.860608,296.7607421875,15.618986129760742,135.95437622070312,661.2525024414062,0.00018558339797891676,0.0,8544.37109375,0,1,0,0,0,30,0,0,0,1,0,3420.899255793023,15401.304512394085,14686.273584998105,0.0029200246221483747,0.012507882229962422,,
373,20,5469.8125,3037.361152,781.927734375,39.09638595581055,82.4035873413086,761.2971801757812,0.00010357926657889038,0.0,10537.4736328125,0,1,0,0,0,36,0,0,0,1,0,4940.458967628912,58296.54542676049,31615.73769046832,0.0006220699090517257,0.00424496902921756,625.7862708484008,2899.774597384878
374,19,5191.59716796875,2960.980992,248.6826171875,13.0885591506958,86.55896759033203,533.6655883789062,7.837005250621587e-05,0.0,7199.138671875,0,1,0,0,0,39,0,0,0,1,0,3256.8727355142546,31370.546342916638,28217.61666505522,0.0014676606736830217,0.00025779368795062277,,
375,20,5309.333984375,3038.751232,889.6826171875,44.484130859375,125.62297058105469,986.5391235351562,0.00018832115165423602,0.0,12997.3642578125,0,1,0,0,0,36,0,0,0,1,0,7340.245506877171,46235.007155722844,43183.61112858815,0.0013929399320498428,0.00023270294141158193,,
376,18,4857.5087890625,2780.584448,336.375,18.6875,181.44253540039062,943.3843994140625,0.00013868830865249038,0.0,12663.8037109375,0,1,0,0,0,33,0,0,0,1,0,6186.53720175328,51078.81402814408,29540.38751829947,0.00014225016386195874,0.00229726302932802,117.94291380796267,2575.604496468572
377,19,5237.28515625,2853.338624,293.3935546875,15.441765785217285,81.85530090332031,814.4708862304688,0.0001071130100172013,0.0,10908.7763671875,0,1,0,0,0,34,0,0,0,1,0,5843.194610730715,51740.085039062105,34244.02078387591,0.0013050906292064934,0.0023894424625782833,,
378,11,3051.107177734375,2173.745664,7429.9873046875,675.4534301757812,426.95318603515625,8718.6376953125,0.0009925980120897293,0.0,62726.578125,0,1,0,0,0,17,0,0,0,1,0,16459.6879958181,195057.24046247642,89333.97940665846,0.0015092285736948083,0.00792269363080074,,
379,17,4679.90869140625,2084.450304,1119.8544921875,65.87379455566406,324.1804504394531,1769.864990234375,0.00028369101346470416,0.0,19955.58984375,0,1,0,0,0,31,0,0,0,1,0,8406.903320274536,59466.788015154685,41897.39688986636,0.0032679270904097495,0.0037985123929251303,,
380,18,5122.0087890625,2694.30784,291.83984375,16.21332550048828,82.54755401611328,813.2783813476562,0.00012584257638081908,0.0,9106.33203125,0,1,0,0,0,33,0,0,0,1,0,5099.376699086956,48297.78659124618,33496.378277342534,0.005633242830453508,0.010960930541118935,,
381,16,4442.93505859375,2506.10176,1832.26171875,114.516357421875,250.81893920898438,1493.7359619140625,0.0002535892999731004,0.0,14140.41015625,0,1,0,0,0,26,0,0,0,1,0,5538.153554358847,41834.97741938323,31737.968558965335,0.0017802375389872616,0.001795149043498822,,
382,18,4968.841796875,2565.533184,333.9482421875,18.55268096923828,114.35137939453125,830.8538818359375,0.00013827030488755554,0.0,10855.6875,0,1,0,0,0,36,0,0,0,1,0,6264.177532112061,52062.75060671833,47959.133435470016,0.0017103325197702635,0.003306664874139331,1537.7443837048602,1191.6743181852041
383,14,3893.854736328125,2238.575104,3308.3603515625,236.31146240234375,172.52587890625,1526.470947265625,0.0002356363256694749,0.0,15545.876953125,0,1,0,0,0,21,0,0,0,1,0,7768.870869267976,60168.80266117631,58825.14821178884,0.00031924226205207185,0.0006320148053048143,1243.557199209974,1765.4549104136
384,20,5372.8876953125,2552.155136,902.73828125,45.13691329956055,177.3107147216797,1042.8096923828125,0.00019291308126412332,0.0,12819.1376953125,0,1,0,0,0,36,0,0,0,1,0,5815.9145761484415,50704.68572658466,26485.628966761386,0.0005070343946011607,0.0014640962093017615,,
385,18,4869.0029296875,2929.801216,299.4423828125,16.63568878173828,84.73177337646484,715.7676391601562,0.00011932614870602265,0.0,9338.47265625,0,1,0,0,0,31,0,0,0,1,0,4444.442579324621,30229.961763810577,21812.131923819696,0.0030855049193504736,0.002421525906977926,217.75752619224886,1848.3075978425572
386,19,5258.5869140625,2977.675264,266.8056640625,14.042403221130371,76.1600341796875,540.5861206054688,0.00015386180893983692,0.0,6059.5048828125,0,1,0,0,0,33,0,0,0,1,0,2489.4853961836875,21322.45593329497,12823.496172626672,0.0077543858371550145,0.02230034308202076,,
387,20,5517.056640625,3055.363072,895.966796875,44.79833984375,160.0916748046875,1040.5849609375,0.0001677374675637111,0.0,14107.705078125,0,1,0,0,0,39,0,0,0,1,0,6638.641652715388,63756.69174642338,37191.18276573002,0.001764039232219461,0.00020857996622819508,385.44865705026723,2819.175371692881
388,19,5230.3486328125,2993.713664,312.6220703125,16.453792572021484,66.32561492919922,589.2102661132812,0.00011834757606266066,0.0,8000.88671875,0,1,0,0,0,36,0,0,0,1,0,4334.785440764516,27182.861983201794,23257.916431219885,0.0040650761796109935,0.0002437888138934678,,
389,17,4691.77685546875,2694.797824,886.2158203125,52.13034439086914,98.00689697265625,696.9785766601562,0.00011917624215129763,0.0,7518.45166015625,0,1,0,0,0,29,0,0,0,1,0,2798.7268913253,21160.81512313749,17898.045648226635,0.00048001644618256116,0.003095500400933704,697.3170753554925,2779.523105968976
390,21,5729.00390625,2780.777472,1223.3642578125,58.25544357299805,51.47626495361328,392.6676330566406,7.545834523625672e-05,0.0,5815.0322265625,0,1,0,0,0,43,0,0,0,1,0,2394.9175314290037,18604.979636192813,14040.606210332478,0.00038131107078256954,0.0022660344638198854,216.41649510653997,2668.90329077799
391,17,4649.23828125,2775.595008,1090.9541015625,64.17377471923828,109.01976776123047,1126.822021484375,0.00018972142424900085,0.0,13403.1767578125,0,1,0,0,0,26,0,0,0,1,0,6525.369207754594,49708.7267095904,31092.804142533372,0.0006354524591926577,0.003967504680309045,,
392,23,6171.96484375,3138.136064,2195.626953125,95.46204376220703,64.56192016601562,436.8528137207031,6.841367576271296e-05,0.0,6549.98291015625,0,1,0,0,0,44,0,0,0,1,0,2463.8700495683465,31721.33576830735,12448.917981728742,0.0017732464084933286,0.0013895909419771313,303.3747882008097,2754.4006189382644
393,15,4041.290771484375,2770.808832,2486.451171875,165.76341247558594,157.5442352294922,1828.022216796875,0.00020735069119837135,0.0,19306.875,0,1,0,0,0,22,0,0,0,1,0,10832.79970830667,88753.21765410194,84975.19833373874,0.001501429005518716,0.0022246071843920953,662.5151463125972,1321.4505866845234
394,16,4406.59326171875,2249.217024,1853.576171875,115.8485107421875,101.9673080444336,956.7369995117188,0.00015543028712272644,0.0,9441.0927734375,0,1,0,0,0,24,0,0,0,1,0,3509.6849911431214,25784.185926219998,19360.22014342715,0.0007584652108363734,0.0022276338717943205,673.1983241349953,2528.6231446464544
395,23,6288.2607421875,3197.879296,1830.68115234375,79.59483337402344,48.32196044921875,398.36590576171875,6.414480594685301e-05,0.0,5610.6005859375,0,1,0,0,0,43,0,0,0,1,0,2626.6341586511217,56701.7633901438,19814.385755350784,0.0004909480842864179,0.0011630391642650229,914.4028065955818,1495.5684909774131
396,17,4655.65283203125,3125.961728,885.0439453125,52.06140899658203,111.02916717529297,991.3231201171875,0.00012238499766681343,0.0,11199.01171875,0,1,0,0,0,34,0,0,0,1,0,5374.963254788933,46074.88335681455,40574.64898387872,0.003132455711143664,0.0005830145269411502,1145.2796856791335,1308.2271635244663
397,23,6266.60791015625,3027.918848,2010.4404296875,87.41045379638672,104.64535522460938,628.0809326171875,0.00011968109902227297,0.0,9751.7841796875,0,1,0,0,0,51,0,0,0,1,0,3073.446720513832,14367.017610800025,13763.350194106031,0.0004614079268819068,0.001225418106910979,,
398,19,5200.486328125,3235.246592,310.1279296875,16.32252311706543,95.01896667480469,790.2848510742188,0.00015918351709842682,0.0,9822.7607421875,0,1,0,0,0,33,0,0,0,1,0,5052.440704163326,45797.66757530801,23308.906601068324,0.0003110354784066835,0.007090500560459095,,
399,19,5144.32666015625,2995.765248,298.0712890625,15.687962532043457,84.37583923339844,406.5084533691406,8.818240166874602e-05,0.0,5401.65087890625,0,1,0,0,0,38,0,0,0,1,0,2568.964770952885,17166.457484355888,12031.429062118443,0.003809406034701736,0.005540807528780056,170.7222375961319,2658.1912365301027
400,19,5139.12646484375,3035.746304,273.53125,14.396381378173828,56.87453079223633,581.5147094726562,0.00010303659655619413,0.0,6993.32177734375,0,1,0,0,0,37,0,0,0,1,0,3337.93797940256,21756.15289115261,21215.64561899571,0.0010493011592376464,0.00098222063912487,,
401,17,4592.46630859375,2800.015872,1022.3408203125,60.1376953125,82.6504135131836,798.0655517578125,0.00011061183613492176,0.0,10901.5791015625,0,1,0,0,0,30,0,0,0,1,0,4572.710775446485,31311.889118060262,30847.848364918285,0.0005374184876771604,2.0524931493286214e-05,1627.835154374264,627.5486529886236
402,21,5763.39599609375,2695.259136,1130.8271484375,53.84891128540039,54.01898956298828,633.3656005859375,6.954607670195401e-05,0.0,9643.107421875,0,1,0,0,0,44,0,0,0,1,0,3622.1277366589115,17781.00260673663,17642.18902512775,2.9694152408193085e-05,0.00018785656564253295,,
403,15,4155.7861328125,2437.023232,2504.015625,166.93438720703125,171.3026123046875,1526.27392578125,0.0002832897298503667,0.0,14962.99609375,0,1,0,0,0,27,0,0,0,1,0,5919.505086071255,52565.85589092805,27903.162140541688,0.00036706438139010814,0.0016577564544503279,,
404,18,4970.98828125,2547.809792,273.9599609375,15.219998359680176,87.41959381103516,678.4519653320312,0.00012734028859995306,0.0,8130.52978515625,0,1,0,0,0,34,0,0,0,1,0,3548.1852591675433,27076.246568502767,24983.47883972483,0.004978687379310273,0.0014836856676765098,,
405,14,3871.66845703125,2292.84864,3700.6943359375,264.3353271484375,375.8845520019531,4441.17919921875,0.0005381122464314103,0.0,40562.40234375,0,1,0,0,0,21,0,0,0,1,0,14120.50416893457,114872.198946378,80583.96637264965,0.0014663253284298398,0.006465030990933098,,
406,16,4373.42529296875,2119.793664,1850.578125,115.6611328125,137.00735473632812,1364.3621826171875,0.0002553818339947611,0.0,15710.5732421875,0,1,0,0,0,28,0,0,0,1,0,9366.599500828775,74788.11270147633,74459.72811257718,0.0008564459725299636,0.0017785454615700108,880.3110157515544,1486.9999123338098
407,21,5795.6328125,2816.9088,1340.0732421875,63.813011169433594,62.45246505737305,507.88604736328125,8.577085100114346e-05,0.0,6843.06494140625,0,1,0,0,0,41,0,0,0,1,0,2635.107599031582,19017.274300485224,15177.234010148375,0.0014579899438943444,0.00021350345585263372,430.42034581201597,2889.827460880454
408,21,5681.1455078125,3259.39968,1194.564453125,56.8840217590332,70.264404296875,344.221435546875,6.343606219161302e-05,0.0,5125.50048828125,0,1,0,0,0,31,0,0,0,1,0,2623.8058338206833,33079.66363380864,16307.148093946742,0.0005595047089038269,0.0009439703731838195,724.745647447674,2751.9184525680057
409,19,5114.24755859375,3076.812288,249.8974609375,13.152498245239258,105.63194274902344,984.8858032226562,0.00015569175593554974,0.0,13033.6669921875,0,1,0,0,0,32,0,0,0,1,0,6382.036234567154,38555.01599695964,35205.38755562927,0.0008107878096992038,0.0019667211113954114,311.4306826304146,2069.46052154841
410,20,5528.8271484375,2877.572608,806.0712890625,40.303565979003906,75.5311050415039,533.1077270507812,7.782406464684755e-05,0.0,6697.802734375,0,1,0,0,0,40,0,0,0,1,0,3082.782038119212,31364.24911328159,16336.113688188801,0.0007254334797515416,0.0013591821494049298,676.0366513930621,1836.4375759913828
411,17,4691.41943359375,2684.3392,1125.3193359375,66.19525909423828,149.35726928710938,1323.092041015625,0.0003440428990870714,0.0,13566.8701171875,0,1,0,0,0,32,0,0,0,1,0,5482.714220647907,28943.314380937736,27077.822619013376,0.0026061387382107053,4.7443766319727604e-05,,
412,21,5734.5322265625,3054.345216,1353.666015625,64.46028900146484,90.37712097167969,543.4923095703125,0.00011304485087748617,0.0,7435.69970703125,0,1,0,0,0,41,0,0,0,1,0,3268.2237038740063,29918.98457513383,21882.19940106863,0.0008245838142820899,0.00042780822841777255,356.7495840794113,2847.31363752584
413,19,5190.70947265625,3249.658368,282.421875,14.864309310913086,103.14531707763672,726.2877807617188,0.00011885261483257636,0.0,8972.947265625,0,1,0,0,0,33,0,0,0,1,0,3633.5709241178106,23004.050412512486,21936.763904158004,0.0024966998432941895,0.0019363868134093772,,
414,17,4671.36474609375,2778.267136,997.0458984375,58.649757385253906,149.75819396972656,1359.8084716796875,0.00017263709742110223,0.0,14935.150390625,0,1,0,0,0,29,0,0,0,1,0,7445.3268601737855,56655.449787948564,42832.364402825646,8.825552564774991e-05,0.001629352453184775,519.1950006461861,2735.465527335666
415,18,4937.74462890625,2736.514048,307.048828125,17.05826759338379,91.47484588623047,648.9703979492188,0.00011840765364468098,0.0,7740.9541015625,0,1,0,0,0,32,0,0,0,1,0,2759.9038708431876,23911.87637577554,16373.205945648398,0.0018406932048272567,0.0039011889461017524,831.582410305376,3041.6355221106005
416,17,4544.61181640625,2657.624576,1068.130859375,62.83122634887695,138.156005859375,1468.3026123046875,0.00026659632567316294,0.0,16243.703125,0,1,0,0,0,31,0,0,0,1,0,8033.26104052122,54179.373681757,52550.283904641525,0.0011109242084089595,0.00011500440060435019,,
417,20,5397.8505859375,2947.431424,837.3564453125,41.86782455444336,74.38658142089844,608.0317993164062,9.828527981881052e-05,0.0,8497.3134765625,0,1,0,0,0,41,0,0,0,1,0,4583.9724394972245,39845.680855961094,28534.56086578116,0.00023338153266838548,0.0063289422253111904,532.5784707923267,1897.0756270575116
418,21,5738.61474609375,3405.444096,1205.0537109375,57.38351058959961,52.45896530151367,328.41064453125,6.137462332844734e-05,0.0,4539.07568359375,0,1,0,0,0,36,0,0,0,1,0,2030.5009693700952,11927.677394996595,10947.222297787683,0.0027301670497927658,0.0026084764013264393,1284.687345696853,1009.1409974287974
419,21,5943.02783203125,3479.433216,1374.8291015625,65.46805572509766,97.52335357666016,557.5758666992188,8.957042155088857e-05,0.0,8194.109375,0,1,0,0,0,32,0,0,0,1,0,4738.618208116431,52897.43480618532,27326.75283587008,0.00017170375279464828,0.0016442370303332288,1479.1197453587315,580.4014641811829
420,18,4952.11669921875,3091.584512,307.6015625,17.08897590637207,108.3459243774414,792.8875122070312,0.0001578795345267281,0.0,9991.2646484375,0,1,0,0,0,30,0,0,0,1,0,4385.28279401354,37420.83459446239,34958.52620699277,0.0001002467926525686,0.0003078571441511944,387.91998881701784,2549.8979285644346
421,21,5752.9404296875,2987.423744,1228.0380859375,58.478004455566406,65.15645599365234,365.1882019042969,6.874583777971566e-05,0.0,5615.71240234375,0,1,0,0,0,32,0,0,0,1,0,2720.3449181447418,15049.627397392032,15015.416897987314,0.003189216470311375,0.003194361924549652,818.5984020020517,2489.25480933599
422,14,3859.91943359375,2412.221952,3720.501953125,265.7501525878906,129.11883544921875,1493.8033447265625,0.0002515546220820397,0.0,17159.017578125,0,1,0,0,0,26,0,0,0,1,0,7290.023132970382,53780.53599838646,45264.24527116962,0.0014447353237396071,4.0094626799356734e-05,,
423,16,4418.7724609375,2119.248384,1827.7373046875,114.23358154296875,118.5697021484375,1155.822021484375,0.00019799149595201015,0.0,13041.6279296875,0,1,0,0,0,23,0,0,0,1,0,6102.889980806135,50502.58600415414,35526.23054044276,0.0006390228307578388,0.0010138166259552675,666.4854994202315,2587.504994113112
424,20,5409.8017578125,2861.289984,882.2607421875,44.113037109375,68.49777221679688,484.9671936035156,0.00010263387230224907,0.0,6000.0361328125,0,1,0,0,0,30,0,0,0,1,0,3046.173000354187,26292.163089127727,22782.610741506065,0.00021055318999759626,0.0024596804284917617,1318.894824569465,3368.9600555758
425,19,5175.37841796875,3186.221056,240.5439453125,12.660207748413086,96.655517578125,724.3605346679688,0.0001521751837572083,0.0,8896.322265625,0,1,0,0,0,34,0,0,0,1,0,4777.896201408854,31416.009193805057,31177.318025273882,0.0013537914005353792,0.004978287649848723,881.1918581803795,1479.1473088505038
426,25,6935.3935546875,3869.400064,2670.26171875,106.81046295166016,39.07978057861328,207.88937377929688,4.774325861944817e-05,0.0,3202.794677734375,1,0,1,0,0,43,0,0,0,1,0,1388.5562257239826,10512.75779688698,9760.185357051703,0.0003872285660021027,0.003094406801192051,410.32634583743265,1912.5348768785184
427,16,4411.34326171875,3230.344704,1610.2958984375,100.64349365234375,139.37435913085938,1170.7415771484375,0.00018600543262436986,0.0,12542.04296875,0,1,0,0,0,27,0,0,0,1,0,7116.7871159478045,44872.00907816796,42513.45960200967,0.0003898704115099013,0.0008486302483361532,,
428,19,5225.3310546875,2735.614976,337.14453125,17.744449615478516,84.43463897705078,696.80712890625,0.00011040460231015459,0.0,8988.783203125,0,1,0,0,0,37,0,0,0,1,0,5087.399495674639,42096.52573608969,29806.926878186423,0.002205945903897541,0.0022554294233759695,,
429,19,5235.88525390625,3117.735424,330.9501953125,17.418432235717773,99.69190216064453,794.4325561523438,0.00011524874571477994,0.0,11934.595703125,0,1,0,0,0,36,0,0,0,1,0,4879.032619844449,40212.64737368921,20576.435456508567,0.0018902889098803503,0.005696519918134844,,
430,21,5767.00634765625,3263.09632,1443.50390625,68.73828125,70.7249984741211,434.6312255859375,7.46438599890098e-05,0.0,6235.74755859375,0,1,0,0,0,33,0,0,0,1,0,2985.264494694205,24504.804349728936,13269.249248872502,0.00033909775559994026,0.0013592576698281417,355.57132265392147,1767.938498324845
431,17,4664.68359375,2855.13216,1239.7841796875,72.92848205566406,182.69786071777344,1332.877685546875,0.0002511996717657894,0.0,15329.373046875,0,1,0,0,0,30,0,0,0,1,0,7820.694100428265,55936.32853633095,41467.91337671471,0.0003516029626338263,0.0005320084024070595,,
432,18,4865.3076171875,2601.930752,271.6123046875,15.08957290649414,60.57606506347656,753.7484741210938,8.277496817754582e-05,0.0,9116.587890625,0,1,0,0,0,30,0,0,0,1,0,4146.2184572868055,70356.24266485937,24300.931728713716,0.0012807736547329057,0.0036907226579719864,,
433,19,5144.5146484375,2930.053632,292.4716796875,15.3932466506958,78.88014221191406,601.2783203125,9.51380206970498e-05,0.0,7869.64794921875,0,1,0,0,0,34,0,0,0,1,0,3890.7343415981427,30415.348969624723,22462.264800583584,0.0007296994035704656,0.0015932133059967449,776.3041136013114,1724.352895674958
434,16,4422.20947265625,2701.00992,1763.0205078125,110.18878173828125,138.7567138671875,1510.461181640625,0.00016502580547239631,0.0,16952.705078125,0,1,0,0,0,31,0,0,0,1,0,7159.911075224874,91242.69824224336,32654.975577768066,0.00024584217917717616,0.0003189942227445272,1371.274907596291,1077.3829367057065
435,15,4140.34326171875,2202.729472,2855.4541015625,190.36361694335938,133.5507354736328,1773.1634521484375,0.00023162485740613192,0.0,18392.23828125,0,1,0,0,0,25,0,0,0,1,0,8488.96789031638,59347.02669759761,58070.47470305716,0.0014750441563839284,0.002203209483568582,290.43231725582064,2382.123098772368
436,21,5763.44873046875,2840.54528,1102.048828125,52.478515625,51.64223861694336,284.6319885253906,5.4353462473955005e-05,0.0,4007.76416015625,0,1,0,0,0,37,0,0,0,1,0,1682.0714701985335,12265.570250289573,9324.061716071563,0.002048763295106726,0.005589784949188353,1025.432021628556,3290.9433623529867
437,21,5771.10791015625,3549.653504,1256.822265625,59.84867858886719,71.19530487060547,374.3112487792969,9.419884736416861e-05,0.0,5198.28271484375,0,1,0,0,0,38,0,0,0,1,0,2768.006946196322,20811.639156305853,16776.110996839983,0.0008720474596438793,0.015835236441636695,,
438,20,5480.80712890625,3464.445952,818.603515625,40.93017578125,68.80622863769531,507.20123291015625,7.995736814336851e-05,0.0,7316.0107421875,0,1,0,0,0,39,0,0,0,1,0,2929.252688697399,19408.60729083038,18102.24455678791,0.00021478864172395917,0.002355042383273734,,
439,17,4658.03125,2936.540672,1091.0625,64.18014526367188,138.19261169433594,1304.5325927734375,0.0001790396054275334,0.0,14706.607421875,0,1,0,0,0,33,0,0,0,1,0,7973.55927169928,65056.64268535386,55787.62587790014,0.0004792163394786008,0.00043677741426506947,,
440,16,4258.71630859375,2422.66624,1901.7412109375,118.85882568359375,146.52096557617188,1260.0174560546875,0.00018108128278981894,0.0,15350.8076171875,0,1,0,0,0,24,0,0,0,1,0,7599.264982159729,53879.59126978707,44625.963928370926,0.00017155215336368823,0.004379450633018915,,
441,14,3768.471435546875,2113.77152,3736.189453125,266.8706970214844,117.50645446777344,2304.496337890625,0.00029601293499581516,0.0,22256.578125,0,1,0,0,0,19,0,0,0,1,0,8962.31421723226,73094.3343495764,65854.57056700136,0.002079905861048857,0.0003822055598120405,,
442,20,5461.31201171875,2612.550656,799.439453125,39.97197341918945,79.62854766845703,530.771484375,9.095369023270905e-05,0.0,7231.90673828125,0,1,0,0,0,35,0,0,0,1,0,3248.8826879490257,29749.00021120927,18825.77803598471,0.00018994833661362814,0.004794751559017443,1491.8579142856374,582.6687259116311
443,17,4667.09814453125,2817.942016,986.3515625,58.02067947387695,214.70233154296875,1576.6024169921875,0.00031856627902016044,0.0,17284.7109375,0,1,0,0,0,31,0,0,0,1,0,6673.688599176705,44684.057846384516,39531.32707017098,0.0007368980653266605,0.0008281844287778874,1171.9558832310472,1203.2662702863497
444,15,4127.62939453125,2215.778816,2976.3251953125,198.42169189453125,195.9467010498047,2718.660888671875,0.00032231039949692786,0.0,35576.515625,0,1,0,0,0,27,0,0,0,1,0,18207.306245510794,146631.86647869338,128955.35301855028,2.1933903329770382e-05,5.783652175815092e-05,,
445,14,3871.90185546875,1945.93792,3240.27734375,231.44839477539062,167.5138397216797,1615.2332763671875,0.00019513627921696752,0.0,17327.677734375,0,1,0,0,0,22,0,0,0,1,0,8659.61443070089,61227.59867703092,55659.005399619295,0.0003880864366911478,0.00011861747637823342,684.4635270437657,1427.9108036222237
446,18,4940.8466796875,2412.043264,264.671875,14.70399284362793,50.167236328125,533.6939086914062,9.898374992189929e-05,0.0,6410.1015625,0,1,0,0,0,36,0,0,0,1,0,3009.1262825152226,22395.893165147307,15504.479755319635,0.0010661390909868507,0.0009309144826232969,,
447,25,6833.67138671875,3361.24672,2678.81494140625,107.15259552001953,28.86880874633789,276.6993713378906,5.393453102442436e-05,0.0,4452.13427734375,0,1,0,0,0,50,0,0,0,1,0,2309.4730283120393,18243.419644259866,15132.79452441413,0.0003257557892431401,0.007184247417680319,496.1985365122066,1947.9634010087416
448,18,4793.18603515625,3208.474112,293.123046875,16.28461456298828,73.04107666015625,687.8565063476562,0.00010433754505356774,0.0,8215.220703125,0,1,0,0,0,35,0,0,0,1,0,3559.4729383856898,47844.036051829054,18284.110143216203,0.0017958377364608088,0.0015258932327570623,373.5254245365586,2826.19002001204
449,16,4359.90966796875,2437.282304,1648.9599609375,103.05999755859375,94.72152709960938,1181.791748046875,0.0001494455646025017,0.0,14814.8271484375,0,1,0,0,0,26,0,0,0,1,0,8637.66435589601,69561.9321470151,68047.71105795265,2.407912165940107e-05,0.0002705199565242837,902.954877770773,2450.4342419336685
450,17,4627.4306640625,2439.167488,1009.9140625,59.40671157836914,122.28324890136719,1062.32373046875,0.00015788103337399662,0.0,12310.6083984375,0,1,0,0,0,28,0,0,0,1,0,4974.656010571366,35145.85031334103,29404.261020201047,0.0006602538097767452,0.0011703229200951508,688.4014574810476,2774.775761812514
451,18,5006.57373046875,2635.27936,303.6005859375,16.86669921875,72.27301025390625,971.4833374023438,0.00014161660510580987,0.0,12225.501953125,0,1,0,0,0,36,0,0,0,1,0,4318.014849274042,32111.287845987863,29279.01640783278,0.0004038927332226834,0.0008497167169455033,,
452,22,6068.267578125,2962.417152,1725.1357421875,78.4152603149414,55.46066665649414,477.57952880859375,7.589605957036838e-05,0.0,7227.1259765625,0,1,0,0,0,43,0,0,0,1,0,3670.3664921356562,40755.04342216689,21527.67693363773,0.0006916214261917242,0.001053475817176611,731.0038776411466,1675.256423004344
453,20,5474.62548828125,3141.986816,887.4052734375,44.37026596069336,148.2495880126953,858.5070190429688,0.00012951895769219846,0.0,14201.0048828125,0,1,0,0,0,40,0,0,0,1,0,4825.371253850718,38285.07339743528,22509.390467645586,0.0001828846147070417,0.003845904164874278,864.159990575507,1607.349920501003
454,19,5194.16455078125,2926.087168,259.85546875,13.676603317260742,108.26425170898438,868.311767578125,0.00011475144856376573,0.0,11498.654296875,0,1,0,0,0,31,0,0,0,1,0,6781.262094682454,83639.57905436278,43705.80418902422,0.0012410123219825028,0.0016447695305808543,,
455,17,4660.591796875,2599.960576,991.0537109375,58.29727554321289,235.5427703857422,1105.664306640625,0.0002087108587147668,0.0,12624.7958984375,0,1,0,0,0,29,0,0,0,1,0,4754.7574605726,51550.55855824216,27105.33130492101,0.0065183767240679785,0.0020903481426934323,,
456,18,4861.67236328125,2625.804288,354.39453125,19.68858528137207,130.57925415039062,914.76904296875,0.0001595940993865952,0.0,9991.3798828125,0,1,0,0,0,31,0,0,0,1,0,4124.967416986141,23072.76161643532,22676.754486483016,0.029223047136327014,0.0005175590158257581,,
457,18,4826.77197265625,2753.39776,350.0654296875,19.44808006286621,145.41925048828125,932.2820434570312,0.00015179160982370377,0.0,11421.2802734375,0,1,0,0,0,27,0,0,0,1,0,5695.66464950989,41409.528065698134,39976.994782448426,0.0005474882132309178,0.0025372897907416925,1374.6710824567635,3382.2164766949845
458,22,5951.28173828125,3360.251904,1568.2333984375,71.28334045410156,53.662960052490234,452.0909118652344,6.58199714962393e-05,0.0,7277.197265625,0,1,0,0,0,43,0,0,0,1,0,2501.7125700871106,20809.31138278174,15450.196940920769,0.0021053346861641467,0.008384651063603957,,
459,21,5735.9365234375,3640.819712,1345.0859375,64.05171203613281,89.0900650024414,382.9736328125,7.529514550697058e-05,0.0,5011.2890625,0,1,0,0,0,37,0,0,0,1,0,2854.025955512597,19732.24537801058,17332.639346487922,0.0004536679381396888,0.006214642604323847,1249.7123824095597,3514.411607223022
460,16,4452.412109375,2839.367168,1939.7333984375,121.23333740234375,129.0960693359375,1465.970458984375,0.00023157532268669456,0.0,16521.41015625,0,1,0,0,0,24,0,0,0,1,0,8964.646317322764,76317.33544547632,52497.86958913482,0.0029832742117198094,0.00018829058229006407,1458.804905496631,563.9842551988032
461,17,4659.10888671875,2478.059008,999.2998046875,58.78234100341797,146.02305603027344,976.947509765625,0.00016013276763260365,0.0,10171.7158203125,0,1,0,0,0,25,0,0,0,1,0,3902.347142180265,33150.441225653965,31213.06048231993,0.0020829371819938367,0.0004053987763045913,1106.0825993753556,2251.287495134502
462,14,3862.074462890625,2183.174656,3570.52734375,255.0376739501953,158.84817504882812,1768.1724853515625,0.0002447922306600958,0.0,17950.24609375,0,1,0,0,0,19,0,0,0,1,0,11507.445430884916,108475.89459393985,61480.064289991904,0.0018467025921852162,0.0034653212904706687,699.6980095534796,2382.6606736316503
463,20,5477.86474609375,2649.888256,727.1572265625,36.35786056518555,99.09374237060547,444.0315246582031,7.043351797619835e-05,0.0,6156.57763671875,0,1,0,0,0,34,0,0,0,1,0,2857.900175320658,27793.83541609207,15729.665157464586,0.0013166125464470317,0.0013349419351394703,265.1556300244615,1859.5171398777052
464,17,4635.7841796875,2786.312704,990.986328125,58.293312072753906,90.17316436767578,1069.7030029296875,0.00016562396194785833,0.0,12352.1298828125,0,1,0,0,0,31,0,0,0,1,0,4833.537549443025,38485.837567592556,23028.26923705873,0.0014348647249984858,0.0017567351286053995,,
465,23,6157.52978515625,3208.779776,2032.9599609375,88.38956451416016,71.06069946289062,328.7138366699219,6.957860750844702e-05,0.0,4902.15087890625,0,1,0,0,0,44,0,0,0,1,0,2107.7488391507923,18158.68071358227,17493.294260652496,0.0007479619421470463,0.0006066625664647163,141.27599633543605,2327.214629994778
466,16,4340.09130859375,2830.019072,973.62744140625,60.851715087890625,77.84237670898438,1600.10986328125,0.0004298790590837598,0.0,12112.7685546875,0,1,0,0,0,31,0,0,0,1,0,5739.600688022811,24165.680909834875,24085.73554074666,0.000543485050526038,0.009867311518089703,,1159.5679431579829
467,19,5180.90234375,2648.720384,284.361328125,14.966385841369629,97.11769104003906,645.9339599609375,0.00014430319424718618,0.0,8593.4931640625,0,1,0,0,0,32,0,0,0,1,0,4360.474590134104,46179.15748436102,23717.36653806944,0.0009441785046953657,0.00029537311199480387,519.5554974419342,2664.902428362696
468,21,5734.947265625,3238.920704,1462.916015625,69.66266632080078,52.10065841674805,449.06634521484375,8.247204823419452e-05,0.0,6050.63623046875,0,1,0,0,0,38,0,0,0,1,0,2874.347692595515,22541.41584929024,22171.085805859457,0.00048666219825493906,0.004594286915158605,700.594976286339,1599.1905296385405
469,15,4113.73486328125,2684.532224,2854.435546875,190.29571533203125,156.08229064941406,2484.6953125,0.0002948613837361336,0.0,24923.609375,0,1,0,0,0,26,0,0,0,1,0,9906.807254002093,87605.3709130103,48119.30277990633,0.0010300749890973316,0.0011614749099739842,,
470,18,4925.75146484375,2495.290368,245.8369140625,13.65760612487793,105.39160919189453,1013.2769165039062,0.00011825050751212984,0.0,10557.884765625,0,1,0,0,0,36,0,0,0,1,0,4488.775895058322,61132.56282316127,32351.234211487394,0.0002528601367088462,0.0018894472516495994,,
471,20,5470.1328125,2900.527616,849.3662109375,42.46831130981445,95.5572509765625,984.1787109375,0.00015518513100687414,0.0,12616.599609375,0,1,0,0,0,39,0,0,0,1,0,7270.42622923403,54419.170237526996,33756.61986106927,0.0007972105879267485,0.0019457746802670622,322.75015649832994,2795.8121467367764
472,16,4395.8876953125,2655.308288,1792.681640625,112.0426025390625,121.37193298339844,1183.3568115234375,0.0001820066972868517,0.0,13653.4208984375,0,1,0,0,0,32,0,0,0,1,0,6181.901350582349,53516.2655841989,31827.836387145602,0.0010420113622853187,0.003578408447111915,,
473,17,4559.56787109375,2509.329408,1092.7265625,64.27803039550781,146.12222290039062,1007.7437133789062,0.00016813285765238106,0.0,11423.138671875,0,1,0,0,0,29,0,0,0,1,0,6041.235527597833,50753.464691812835,47269.25603570086,9.276314301599926e-05,0.0026488146628236148,,
474,23,6227.64013671875,3391.140864,2029.1787109375,88.22516632080078,48.2484016418457,285.2322998046875,8.351049473276362e-05,0.0,4140.26953125,0,1,0,0,0,40,0,0,0,1,0,1647.6666477468666,10371.827288279492,8421.453822317235,0.002402155829834385,0.005489581778302224,,
475,23,6371.74169921875,4011.472384,2223.1162109375,96.6572265625,47.886905670166016,389.1304016113281,8.25905372039415e-05,0.0,6070.98583984375,0,1,0,0,0,43,0,0,0,1,0,2259.2360766503552,10516.178394841476,10172.14926524906,0.006148174214361311,0.0030094201653541736,,
476,15,4151.7099609375,2986.991104,2170.2939453125,144.68626403808594,98.09073638916016,1098.504150390625,0.0001702611189102754,0.0,13611.5166015625,0,1,0,0,0,28,0,0,0,1,0,4021.375188077976,24069.341080593484,23338.858472832166,0.0012667406282933502,0.0016681933378602798,240.88547099437665,2198.3511710674775
477,18,4957.83984375,2568.421888,295.017578125,16.38986587524414,107.05052947998047,783.7801513671875,0.00023277518630493432,0.0,9721.4873046875,0,1,0,0,0,33,0,0,0,1,0,5824.716601853671,44190.48537725312,35553.85842071408,0.00022116512151356543,0.0014956882332435167,137.82880723144854,2539.457634055474
478,18,4978.70166015625,2778.919936,266.6220703125,14.812336921691895,62.57255554199219,549.479248046875,6.858410779386759e-05,0.0,7513.1796875,0,1,0,0,0,34,0,0,0,1,0,3851.7233214362514,56648.04933887601,19268.566936501094,0.00042921604865737983,0.00045989559115834286,,
479,19,5251.00390625,2718.592,281.8271484375,14.8330078125,163.24916076660156,631.5780029296875,0.0001197170204250142,0.0,7380.0615234375,0,1,0,0,0,32,0,0,0,1,0,3739.943577708059,35047.64359067702,19070.86238474299,0.00046832997135220523,0.00042496851065536995,473.54993860346826,2770.2917997303884
480,23,6262.6865234375,3291.521536,2010.48828125,87.41253662109375,56.36360549926758,416.6484375,6.129358371254057e-05,0.0,6101.72900390625,0,1,0,0,0,35,0,0,0,1,0,2510.0485945468768,29880.190879651014,14786.824400194253,0.00030519806902774144,0.004983677915142454,346.51923550424453,2413.710510343726
481,21,5644.1328125,3516.151808,1230.396484375,58.590309143066406,42.03583526611328,383.77130126953125,5.832772149005905e-05,0.0,5396.4375,0,1,0,0,0,39,0,0,0,1,0,2578.8212081663173,20501.329751310437,16842.76368742321,4.628161938428563e-05,0.002610529826915335,705.8500120059889,1687.2626044942658
482,23,6247.94580078125,3565.74976,2206.7978515625,95.9477310180664,64.45772552490234,239.64706420898438,5.456540748127736e-05,0.0,3626.77099609375,0,1,0,0,0,37,0,0,0,1,0,1921.7876390236584,13205.86001518313,12139.091435889371,0.0002780249265200152,0.0013147822325968173,315.5267215460117,1854.377998576611
483,16,4388.71240234375,2772.435456,1649.4912109375,103.09320068359375,122.58238220214844,1246.3358154296875,0.00016711030912119895,0.0,14473.283203125,0,1,0,0,0,25,0,0,0,1,0,5197.756909711696,38228.849232918714,25220.26040760091,0.0006464424513887637,0.0029502592057710497,1368.2249406768342,3325.8894464010855
484,17,4777.13671875,2167.648768,1091.80859375,64.22403717041016,150.1543426513672,1205.1822509765625,0.0001473217853344977,0.0,15389.48828125,0,1,0,0,0,30,0,0,0,1,0,9082.990893351162,80009.26142370982,49591.852160242575,0.00011057031492114552,0.004535504973070419,853.8886864794313,3156.913939354403
485,25,6839.87060546875,3372.424192,2684.2548828125,107.37019348144531,45.68851089477539,200.61715698242188,5.416610656538978e-05,0.0,3096.5849609375,0,1,0,0,0,47,0,0,0,1,0,1419.6144870645082,9081.152686166086,7823.2704081292,0.0031792627859599312,0.004374593102200917,1086.5251269930368,3513.8260092567616
486,20,5465.5458984375,3548.356096,792.865234375,39.64326095581055,108.11325073242188,506.8664855957031,0.00012505566701292992,0.0,6703.24951171875,0,1,0,0,0,33,0,0,0,1,0,2762.4639666216153,14880.225180706537,13578.346040527886,0.0030301697331200222,0.006275747739283823,219.25227376330076,1865.672567168046
487,17,4643.3701171875,2755.139584,1068.6240234375,62.86023712158203,102.5556640625,1174.6568603515625,0.00015790335601195693,0.0,12964.1103515625,0,1,0,0,0,29,0,0,0,1,0,5137.32973437244,30416.52525732158,29225.145455774902,0.0016357668204617917,0.0010823583351543473,66.92783908497813,2205.589390699219
488,18,4790.3701171875,2507.440128,265.357421875,14.74207878112793,205.2373046875,1509.943115234375,0.0002177018759539351,0.0,18112.634765625,0,1,0,0,0,35,0,0,0,1,0,4762.127248550787,38257.93421971613,25935.492559952894,0.0012045973205147692,0.0014294645956844237,,
489,16,4346.74169921875,2354.700288,1845.7421875,115.35888671875,125.97481536865234,1080.1666259765625,0.00016866678197402507,0.0,13100.2109375,0,1,0,0,0,25,0,0,0,1,0,6735.694812012142,68395.26929528429,48845.45354098793,0.0018721475728286571,0.0010335245520069827,411.13421151436705,2563.52803355866
490,18,4939.9140625,2559.550464,348.326171875,19.35145378112793,106.1922378540039,914.5428466796875,0.00014949883916415274,0.0,10630.8671875,0,1,0,0,0,29,0,0,0,1,0,4832.605493326063,34737.64757910607,28489.27690189517,0.004081629333000109,0.007917350417567914,,
491,23,6336.0078125,3470.244864,2223.7890625,96.68648529052734,46.506778717041016,357.2799987792969,8.331268327310681e-05,0.0,5640.66748046875,0,1,0,0,0,43,0,0,0,1,0,2959.840068303787,21913.626117255066,15105.447153487996,0.004653104735356933,0.001857131111445802,1006.7320643136682,1423.7709937764275
492,22,6031.7490234375,3702.783488,1859.0078125,84.50035858154297,151.42674255371094,539.4560546875,0.00011652408284135163,0.0,7677.619140625,0,1,0,0,0,34,0,0,0,1,0,2819.585303359543,19879.425765120108,13954.62461650942,0.0003572544922642168,0.0019602920285931164,829.4733763266465,2976.413854324748
493,21,5800.28955078125,3557.566464,1253.1318359375,59.67294692993164,50.98752212524414,406.1058349609375,7.384835043922067e-05,0.0,5537.8310546875,0,1,0,0,0,38,0,0,0,1,0,2161.9406875183586,13465.077133878222,10638.18232388374,0.004867515991650487,0.0051574251642549085,741.4149837182808,2982.1721014353316
494,18,4996.90869140625,3202.480128,288.2294921875,16.01275062561035,82.67241668701172,622.9815673828125,0.00010511753498576581,0.0,7663.8720703125,0,1,0,0,0,28,0,0,0,1,0,3677.3586510778787,33590.274592244656,22684.89573346621,0.00667198809831545,0.011197676061371627,,
495,18,4989.9091796875,2826.418176,301.345703125,16.74142837524414,102.46851348876953,790.92041015625,0.0001277589180972427,0.0,9561.8671875,0,1,0,0,0,34,0,0,0,1,0,6316.901635215483,45056.92973701642,30191.151455010615,0.0015248373190748232,0.000560693664535275,,
496,22,5908.5537109375,3270.72256,1704.681640625,77.48553466796875,86.81622314453125,423.6563415527344,0.00010585651034489274,0.0,6077.9521484375,0,1,0,0,0,39,0,0,0,1,0,2849.254977233542,21733.004326583054,21711.0210820428,0.0005940913707495887,0.0021347870830890625,96.96629511631272,2166.3825633347265
497,14,3812.66748046875,2655.021056,3259.6064453125,232.82904052734375,179.9464111328125,1430.2464599609375,0.00020647424389608204,0.0,16766.275390625,0,1,0,0,0,26,0,0,0,1,0,9493.684961265426,78039.22384732134,61357.54451626427,0.0002668493488846152,0.0004179780383781022,64.41805052206519,2466.450381227073
498,18,4957.34619140625,2349.556736,376.365234375,20.9091796875,145.06027221679688,1190.4437255859375,0.00017295718134846538,0.0,14861.041015625,0,1,0,0,0,28,0,0,0,1,0,8940.788769001376,62817.93048316354,62647.31619145264,0.0006991018362536988,0.00033820724687226925,,
499,18,4949.896484375,2807.678464,273.072265625,15.170681953430176,88.98851013183594,717.1409301757812,0.00012599871843121946,0.0,9413.7431640625,0,1,0,0,0,33,0,0,0,1,0,4519.115844851127,40029.028047959284,28342.608213044445,0.0010650587764543182,0.007841918116801891,,
500,21,5798.388671875,3129.725952,1342.677734375,63.937034606933594,91.87703704833984,526.2962036132812,0.0001118604268413037,0.0,7532.4931640625,0,1,0,0,0,44,0,0,0,1,0,2807.5052726457866,17020.21178980095,12539.237914174953,0.0005057443722428015,0.0026804851674986085,1905.0934795696496,1052.5290961129197
501,16,4440.564453125,2726.809088,1660.560546875,103.7850341796875,165.20285034179688,936.5694580078125,0.00015525345224887133,0.0,11865.17578125,0,1,0,0,0,25,0,0,0,1,0,5148.741811647405,38710.556617044924,30685.7181803305,0.0004811773110904166,5.032345585525861e-05,1273.0664329958627,3265.3440898825934
502,18,4961.66796875,2555.483136,321.7958984375,17.87755012512207,142.6830596923828,1186.415283203125,0.00017537607345730066,0.0,14449.2265625,0,1,0,0,0,32,0,0,0,1,0,6366.047847447916,80998.81989438683,40067.09255156984,0.0034946393679873705,0.0007942401173159919,1184.572507722014,3430.892967909589
503,15,4170.462890625,2450.991104,2883.0712890625,192.2047576904297,143.72381591796875,2121.344970703125,0.00027785636484622955,0.0,21217.765625,0,1,0,0,0,20,0,0,0,1,0,9016.089512683957,72290.40598151977,68461.8778536292,0.001024251658755533,0.004296212183531357,,
504,18,4898.27978515625,2578.183168,351.009765625,19.50054359436035,108.37599182128906,917.178466796875,0.00018167414236813784,0.0,10083.287109375,0,1,0,0,0,28,0,0,0,1,0,3613.6874047469596,21010.79851085947,19127.870537534855,0.00759000175094976,0.004572748078320865,793.5967222622508,1235.1572659983176
505,21,5692.0029296875,2755.584,1141.62890625,54.36328125,74.18387603759766,588.3519897460938,7.496296893805265e-05,0.0,8715.34375,0,1,0,0,0,45,0,0,0,1,0,3914.442175630223,25978.253423258182,20348.84272107181,0.0003723794932344437,0.0002473712997388827,,1696.78393518533
506,16,4389.4111328125,2493.28384,1230.75537109375,76.92221069335938,63.40923309326172,593.686767578125,0.0001169076276710257,0.0,6879.4453125,0,1,0,0,0,32,0,0,0,1,0,3034.8111981925663,19036.328208957944,16407.360777325386,0.0013842481424539421,0.006835241491005027,882.0809452731673,1743.0083932160564
507,15,4144.93701171875,2265.993728,2499.15625,166.6104278564453,170.08351135253906,2216.296630859375,0.000301321066217497,0.0,21991.7109375,0,1,0,0,0,24,0,0,0,1,0,11671.419970587112,82864.89353846897,65393.33428851416,0.0004362245903670875,0.00446942422038013,1049.079828983094,3206.688947262808
508,20,5484.14453125,2747.004416,871.1884765625,43.559425354003906,118.37313079833984,959.2236938476562,0.0001278115378227085,0.0,13436.4130859375,0,1,0,0,0,37,0,0,0,1,0,6483.485519932503,47330.05414655461,45494.09795339714,0.006872327724701893,0.002076359737538641,,
509,22,6068.09765625,3299.966976,1559.7841796875,70.89928436279297,38.10615158081055,284.8896484375,4.643962165573612e-05,0.0,4324.150390625,0,1,0,0,0,45,0,0,0,1,0,2064.2160894047806,15320.85509138733,12487.50532416284,0.0005588682690545882,0.00044145824409984324,145.49747818795458,2323.965342526813
510,20,5507.45068359375,3149.546496,871.5439453125,43.57719802856445,167.60586547851562,841.5535888671875,0.00015289006114471704,0.0,10501.1201171875,0,1,0,0,0,37,0,0,0,1,0,3351.733445870375,22545.94119340344,15232.99553502168,0.0011874444815198545,0.001962675184979862,179.63231403674763,2616.1809029338765
511,21,5793.11279296875,3251.15136,1332.4892578125,63.45186996459961,63.67841720581055,401.8819580078125,7.192153861979023e-05,0.0,5499.08251953125,0,1,0,0,0,34,0,0,0,1,0,2406.063828234132,26244.408541185327,18451.199239806407,0.0031585598065660553,0.0006290151268142155,,
512,23,6192.87060546875,3699.648512,2035.4033203125,88.49579620361328,59.2236213684082,247.8164825439453,6.4357795054093e-05,0.0,3721.4072265625,0,1,0,0,0,42,0,0,0,1,0,1910.7303368456126,9790.967682904293,9609.288271623998,0.007199440937410907,0.0013736745313088633,,
513,19,5127.9150390625,3271.6416,236.3623046875,12.4401216506958,113.55271911621094,860.3761596679688,0.00016721579595468938,0.0,9909.6533203125,0,1,0,0,0,31,0,0,0,1,0,4957.9599541781545,52964.33030852098,31849.807432379006,0.00020688718685209218,0.005665723516208435,601.9925295662331,1447.698496651334
514,17,4726.0703125,2500.401152,1081.48046875,63.61649703979492,129.08969116210938,1785.2144775390625,0.00023571353813167661,0.0,19192.48046875,0,1,0,0,0,32,0,0,0,1,0,8675.428541494446,61350.36759493245,54601.27058871327,0.0013085233218788211,0.001142455421412926,,
515,18,5014.5224609375,2622.12352,306.6748046875,17.03748893737793,76.02385711669922,813.247314453125,0.00010369205119786784,0.0,10281.7822265625,0,1,0,0,0,32,0,0,0,1,0,4459.906317348118,30510.200625127596,29243.40496176927,0.002684882687787226,0.01263616938218759,1258.3090168549393,3385.1874999615266
516,19,5279.671875,3004.289536,320.15234375,16.85012435913086,90.91637420654297,568.2432861328125,0.0001040911374730058,0.0,6992.74658203125,0,1,0,0,0,38,0,0,0,1,0,3368.4061469408216,20462.153804231275,18460.953300947687,0.004473380590621492,0.004836044783028182,1769.5949403443283,672.7763083694731
517,14,3914.07666015625,2460.765184,4062.125,290.15179443359375,172.64801025390625,2350.516845703125,0.000346420711139217,0.0,22916.365234375,0,1,0,0,0,19,0,0,0,1,0,11555.791287327784,98453.255860943,79705.45861115916,0.0015947303919681237,0.00923023781400513,597.1506389312358,986.2859225206907
518,16,4447.60888671875,2206.821376,1933.328125,120.8330078125,173.60227966308594,1618.5755615234375,0.0002559142012614757,0.0,18367.1796875,0,1,0,0,0,27,0,0,0,1,0,8859.893033660126,71974.82231784407,53581.87401657575,0.0005152848559239163,0.004382026399225157,,
519,19,5220.73876953125,2695.314432,345.0810546875,18.162160873413086,62.282440185546875,750.8011474609375,0.00010691265924833715,0.0,10224.849609375,0,1,0,0,0,38,0,0,0,1,0,4591.0637204546165,96490.56449468408,16882.889163132386,0.0006567155141025613,0.0051361438425823955,936.3524390725438,3390.170742353356
520,18,4950.77099609375,2742.580224,359.2431640625,19.95795440673828,92.9275894165039,818.2076416015625,0.00010767277854029089,0.0,10361.01953125,0,1,0,0,0,27,0,0,0,1,0,6478.597122699579,56482.67514923309,55739.498419909556,0.0002033934396593732,0.0009415540553548568,651.7654218968255,2569.468949753278
521,20,5382.6767578125,3010.09152,804.775390625,40.23876953125,98.24393463134766,500.6937561035156,9.321613470092416e-05,0.0,6571.21826171875,0,1,0,0,0,35,0,0,0,1,0,3617.860708326439,25194.35297188082,24494.762927628046,0.004322424841015592,0.001971000631802701,,
522,20,5205.64599609375,3116.356096,808.0234375,40.40117263793945,93.3797836303711,649.2847290039062,9.886970656225458e-05,0.0,9548.615234375,0,1,0,0,0,37,0,0,0,1,0,5685.187779321156,129545.56060788187,26863.562179797806,1.704479287484989e-05,0.00113965566230316,,
523,19,4867.93994140625,3047.99232,333.912109375,17.574321746826172,96.7716064453125,951.3719482421875,0.0001597128575667739,0.0,12568.830078125,0,1,0,0,0,37,0,0,0,1,0,4988.946010718457,31528.164571029767,29239.15152180579,0.00046675266867648654,0.008793216203151953,410.2061963370129,2764.3881260536396
524,21,5367.091796875,3236.13184,1142.8623046875,54.42201614379883,79.15645599365234,416.1578674316406,8.008605072973296e-05,0.0,5774.33154296875,0,1,0,0,0,40,0,0,0,1,0,2809.29397320027,22311.771297941545,18723.240945265694,0.0009175012881026366,0.0002190778342469335,,
525,20,5118.08203125,3303.329792,836.94140625,41.84707260131836,75.23348236083984,718.137939453125,8.49724528961815e-05,0.0,10952.3076171875,0,1,0,0,0,46,0,0,0,1,0,4083.493411958677,28908.772690767968,22751.509403495267,0.0009887868414304671,0.0019017973707724442,,
526,16,4113.236328125,2772.459008,1660.595703125,103.7872314453125,139.51931762695312,1010.2713623046875,0.00018342361727263778,0.0,10414.6884765625,0,1,0,0,0,27,0,0,0,1,0,5549.1475242730685,58779.867749314595,31425.441995190915,0.0011981461966939083,0.0014979921901094179,,
527,21,5395.56298828125,2941.3376,1473.8486328125,70.18327331542969,69.5539321899414,461.3641662597656,7.464936061296612e-05,0.0,6840.517578125,0,1,0,0,0,38,0,0,0,1,0,3055.676464523726,25016.114432181093,17423.979849244453,0.0026013386828669903,0.0018595154698192173,,
528,17,4371.267578125,2922.486784,1079.3740234375,63.49258804321289,101.71337127685547,1580.83740234375,0.00022582868405152112,0.0,18463.048828125,0,1,0,0,0,30,0,0,0,1,0,11160.26709577078,80010.43998499132,76843.51450236911,0.001080109243272516,0.00041986973830696744,844.9610815816577,3249.8956064878976
529,15,3860.74951171875,2277.5296,3166.2626953125,211.08419799804688,253.90017700195312,2665.392578125,0.0004329434013925493,0.0,26172.779296875,0,1,0,0,0,24,0,0,0,1,0,11082.524111039987,85056.97749284407,73857.50157772587,0.00048273980201717775,0.001187285383898666,700.7566765532156,2892.891271700719
530,15,3874.580078125,2057.660928,2853.3759765625,190.22508239746094,202.84225463867188,2446.16748046875,0.0003686775453388691,0.0,25455.8515625,0,1,0,0,0,25,0,0,0,1,0,9393.013492990667,60375.527573473504,59071.69765646769,0.000371218441760246,0.000390714668609321,797.2528996113192,3104.9505344866866
531,17,4387.94189453125,2332.050944,1116.7841796875,65.69318389892578,192.6199951171875,1114.637451171875,0.0001854557340266183,0.0,12685.447265625,0,1,0,0,0,29,0,0,0,1,0,7290.243139166845,75008.37165218164,39456.64250779306,0.0005507667633272862,0.001858122623525131,,
532,14,3631.969970703125,2244.31872,3653.5146484375,260.96533203125,212.56053161621094,3072.90087890625,0.0005504652508534491,0.0,27450.7109375,0,1,0,0,0,23,0,0,0,1,0,12710.686042250096,101590.04888847767,97039.72482628778,0.0007969723785236039,0.0010988661991463006,,
533,20,5133.216796875,2450.938368,871.3466796875,43.56733322143555,137.29373168945312,1218.9647216796875,0.0002162470482289791,0.0,15286.1591796875,0,1,0,0,0,38,0,0,0,1,0,7606.372720389127,69387.49955032258,60884.95541478616,3.472306825210575e-05,0.0017701122097564036,415.25034388252607,1990.6919633483367
534,14,3636.50048828125,2278.118912,3555.912109375,253.9937286376953,223.52395629882812,2568.458740234375,0.0003454588004387915,0.0,23414.15625,0,1,0,0,0,23,0,0,0,1,0,12011.514308482883,97960.98388142406,61698.269086347216,0.0004717589291411417,0.0052596636298920495,1031.2774614424075,3405.0098541683587
535,18,4664.16357421875,2350.48448,348.5263671875,19.36257553100586,118.93557739257812,748.072021484375,0.00012537636212073267,0.0,9143.7724609375,0,1,0,0,0,27,0,0,0,1,0,5648.242920401193,56917.58546549817,39361.85588298217,0.00040753143203232575,0.00014506470765045243,1243.7765196116666,3147.3389738737187
536,21,5413.54638671875,3141.32992,1231.6962890625,58.65220642089844,55.4478645324707,371.021240234375,8.11513455118984e-05,0.0,5267.81494140625,0,1,0,0,0,38,0,0,0,1,0,2490.101403412648,17939.25211627927,17730.790632434633,0.0004632826589006031,5.422730070082926e-05,,
537,20,5142.1650390625,3360.873984,686.26171875,34.313087463378906,63.4129753112793,470.3150329589844,7.948624988785014e-05,0.0,5941.95361328125,0,1,0,0,0,38,0,0,0,1,0,2555.7675839692924,14079.287632397698,13027.469427324077,0.004410370076513029,0.00562061937028311,,
538,20,5180.16650390625,3277.879808,835.439453125,41.77197265625,76.98477172851562,545.6224365234375,9.125848737312481e-05,0.0,7799.26611328125,0,1,0,0,0,40,0,0,0,1,0,4005.754086458702,30725.23729467461,24976.99548341431,9.857005908206484e-06,0.008740762303542607,947.6330952726555,1483.384395163636
539,13,3361.9921875,2443.315712,4079.4296875,313.80230712890625,182.0315704345703,1883.439697265625,0.0002566595212556422,0.0,15440.7578125,0,1,0,0,0,19,0,0,0,1,0,5287.901014155263,49925.90645908968,25932.1992882076,0.00713557619041617,0.001834012334550425,,
540,15,3881.75830078125,1921.508352,2550.8310546875,170.055419921875,270.4560852050781,1891.718994140625,0.00022619897208642215,0.0,22418.25,0,1,0,0,0,26,0,0,0,1,0,13194.970070270883,147597.22822136292,89268.51176834,0.0017919957705825398,0.00033964642540014814,975.5997228043198,3365.3900107282343
541,19,4903.10107421875,2624.79872,276.6513671875,14.560598373413086,86.77058410644531,589.7625122070312,0.00014898250810801983,0.0,7060.79150390625,0,1,0,0,0,32,0,0,0,1,0,3449.735085007432,31019.14364079538,17377.11559866307,7.64258428639919e-05,0.005788833583577971,,
542,15,3858.817626953125,2499.07712,2447.984375,163.19895935058594,212.51480102539062,1399.683837890625,0.0002183429169235751,0.0,15329.134765625,0,1,0,0,0,25,0,0,0,1,0,6167.917012662339,32599.276937224236,32178.55505852262,0.0006270141719276479,0.00027052026899591214,692.962606368551,1709.7365808985842
543,18,4631.12841796875,2107.28448,266.341796875,14.79676628112793,94.14107513427734,963.78173828125,0.00011272084520896897,0.0,12141.322265625,0,1,0,0,0,32,0,0,0,1,0,4626.06048030412,30210.70700833183,26382.497757594145,0.0001597924388002936,5.543267105701313e-05,452.57231609942755,1891.9058690361308
544,18,4636.37744140625,2451.566592,241.5361328125,13.41867446899414,63.750885009765625,699.2020874023438,8.977402467280626e-05,0.0,8400.55078125,0,1,0,0,0,32,0,0,0,1,0,3972.672839791114,44606.18047398583,43780.6924865528,0.00013257793455483113,0.008550227041754468,,
545,13,3340.3212890625,2109.605888,4465.4912109375,343.49932861328125,175.6295623779297,3170.6279296875,0.00036157044814899564,0.0,31929.234375,0,1,0,0,0,17,0,0,0,1,0,13550.429784515285,80315.88619841094,75300.88660258637,0.00024608932916946047,0.004341566537006472,,
546,15,3925.146484375,1933.078016,2306.740234375,153.78268432617188,134.63682556152344,1131.6488037109375,0.00022564623213838786,0.0,11081.333984375,0,1,0,0,0,26,0,0,0,1,0,5957.397887589364,37310.93141948156,36820.36514609864,0.00031908718881665243,0.0014652525108634212,,
547,18,4686.2705078125,2517.802496,280.49609375,15.58311653137207,68.16329193115234,523.2715454101562,0.00010698248661356047,0.0,6308.14306640625,0,1,0,0,0,30,0,0,0,1,0,3520.018458212689,27697.339997472955,23636.08405510369,0.0015833094000889773,0.0017000441825545942,695.8952757615123,1874.7805837933558
548,18,4659.73583984375,2862.92736,254.556640625,14.142035484313965,112.73574829101562,625.5557861328125,0.00013209410826675594,0.0,7777.3046875,0,1,0,0,0,33,0,0,0,1,0,3447.136538083402,28245.349530834672,15370.684292850126,0.0008152123891475294,0.022458502528640387,493.8081069295604,1512.2691063401335
549,18,4646.7255859375,2827.590144,310.3974609375,17.24430274963379,85.68826293945312,716.6652221679688,0.00011321577039780095,0.0,8398.3310546875,0,1,0,0,0,30,0,0,0,1,0,4583.536660139027,39050.44653374825,34979.20307834618,0.003991904744997485,0.004540001385460617,1169.45784704074,3363.9558380033245
550,18,4699.607421875,2741.657088,367.80859375,20.43381118774414,101.78064727783203,1130.245849609375,0.00015539390733465552,0.0,13629.505859375,0,1,0,0,0,34,0,0,0,1,0,7432.283240606368,59407.34188636051,36760.59992430351,0.001862573296256817,0.0007430679831649731,333.0413289032326,2761.1387945616366
551,16,4363.6357421875,2563.590656,1859.3310546875,116.20819091796875,121.7747802734375,1570.5665283203125,0.0002485280856490135,0.0,17916.205078125,0,1,0,0,0,27,0,0,0,1,0,6215.634169394021,57306.30435272351,32449.752377480552,0.0019267718196909686,0.0003183156383873356,,
552,19,4858.02294921875,2725.862912,290.6083984375,15.29517936706543,70.098876953125,642.8308715820312,9.469719225307927e-05,0.0,7748.1689453125,0,1,0,0,0,33,0,0,0,1,0,2896.323719704177,19017.081508904852,17281.29079179513,0.0004344570093894728,0.00031600094857530195,391.35095728228964,1966.0806586739145
553,18,4632.501953125,2911.850496,314.080078125,17.44889259338379,100.95948791503906,593.5759887695312,0.0001062216906575486,0.0,6624.25341796875,0,1,0,0,0,25,0,0,0,1,0,2775.9502636029915,16194.51538851635,14156.891397324685,0.001039933210850292,0.0028735779529702812,,
554,16,4106.9951171875,2610.115072,1795.6337890625,112.22711181640625,125.15858459472656,1225.1556396484375,0.00022045998775865883,0.0,13271.9873046875,0,1,0,0,0,22,0,0,0,1,0,6628.822383289194,40013.71313868477,33100.8142481355,0.0012799203082061589,0.0005769158670595256,,
555,19,4878.60888671875,2816.002048,304.0458984375,16.002416610717773,72.8771743774414,554.1565551757812,0.00010506752005312592,0.0,7315.16015625,0,1,0,0,0,36,0,0,0,1,0,3469.9081418183996,18852.700343969933,16559.057675313496,0.004240776591984772,0.0065098232902858835,,
556,16,4156.01220703125,2741.060608,1606.7373046875,100.42108154296875,92.8468246459961,989.5015258789062,0.00019451433036010712,0.0,10155.197265625,0,1,0,0,0,25,0,0,0,1,0,4367.840312434376,43733.79686629481,22067.746848580493,0.00046793810579079734,0.003944924882608194,1312.0814964018082,3183.6014883801276
557,18,4679.64306640625,2544.729088,358.7822265625,19.93234634399414,203.85594177246094,1425.576171875,0.00023572516511194408,0.0,15797.591796875,0,1,0,0,0,31,0,0,0,1,0,6488.526628609638,45960.98547473925,41142.120900905466,0.00042205345119600626,1.350122993432068e-06,,
558,16,4117.37109375,2472.16384,1721.53125,107.595703125,124.90965270996094,1136.90478515625,0.00021187665697652847,0.0,11348.091796875,0,1,0,0,0,25,0,0,0,1,0,3191.489288300006,22706.558268464,14422.800081250505,0.0007333302394767899,0.01682074129225994,662.366186446784,2468.533730014676
559,19,4893.71044921875,2683.132416,299.8232421875,15.780170440673828,107.2698745727539,637.1290893554688,0.00013031809066887945,0.0,7673.99853515625,0,1,0,0,0,32,0,0,0,1,0,3941.130164206547,42789.473302891856,23663.966214641565,0.0006211568071128673,0.0052573655982858375,1014.4185226851009,3230.739156856426
560,19,4878.44482421875,2980.823552,315.7333984375,16.6175479888916,177.1199493408203,1177.9488525390625,0.0001954655017470941,0.0,15193.0986328125,0,1,0,0,0,33,0,0,0,1,0,5952.8809674161785,38682.1577562288,38459.04085577105,0.002053426464825883,0.0009845475555879946,,
561,17,4388.9619140625,2605.385216,1007.3134765625,59.25373458862305,189.89585876464844,1277.3675537109375,0.00017142025171779096,0.0,15827.21875,0,1,0,0,0,30,0,0,0,1,0,9211.076510360339,83078.78059922547,58097.41351386161,0.0004352777833551008,0.0013044506655735845,264.79413802474073,2603.0125472921413
562,14,3604.1455078125,1918.086144,3665.8974609375,261.8498229980469,192.27548217773438,1491.0404052734375,0.00027074094396084547,0.0,16601.80078125,0,1,0,0,0,17,0,0,0,1,0,6161.771281436095,114102.90141397087,34769.12292209347,2.2764464449979982e-05,0.00033765960838595677,,
563,19,4887.40087890625,2298.489344,364.66796875,19.193050384521484,147.0609588623047,1054.9927978515625,0.00016092148143798113,0.0,13943.82421875,0,1,0,0,0,34,0,0,0,1,0,6025.192100941439,41071.8333262721,33261.504140018296,0.0018163594388398777,4.524864249024624e-05,853.3297562720995,3117.3365817232752
564,17,4362.58154296875,2665.753088,875.7763671875,51.516258239746094,164.3330078125,1089.1099853515625,0.0001493855961598456,0.0,12529.3779296875,0,1,0,0,0,29,0,0,0,1,0,4524.22389400842,31851.24424895592,23512.231019717936,0.0005736608875725885,1.7875505611109066e-05,,
565,23,5843.5517578125,3225.094144,2024.919921875,88.04000091552734,114.225830078125,381.06103515625,9.351022890768945e-05,0.0,5326.6064453125,0,1,0,0,0,41,0,0,0,1,0,1989.3246414635082,22089.021657545236,10490.206984650069,0.002067254842912848,0.00121326543081679,,
566,17,4344.7998046875,3134.74048,1014.8583984375,59.69755172729492,103.92670440673828,838.9880981445312,0.0001509300054749474,0.0,8973.8203125,0,1,0,0,0,25,0,0,0,1,0,4903.940899867637,45928.88063766133,29155.27194190403,0.00026033786989372587,0.006173079038352847,873.3385568012686,1083.6738843340286
567,12,3073.319091796875,1980.484096,5358.9501953125,446.5791931152344,243.5325469970703,3703.635009765625,0.0003821934515144676,0.0,30697.888671875,0,1,0,0,0,15,0,0,0,1,0,16185.734948567844,159844.58064535377,114835.74400154635,4.728515059625703e-05,8.158850899529779e-05,1331.640397193391,1575.7616872047497
568,19,4846.7529296875,2389.58592,289.3896484375,15.231034278869629,87.26793670654297,634.8041381835938,0.00012467919441405684,0.0,7776.8330078125,0,1,0,0,0,33,0,0,0,1,0,3709.956919509956,27364.69818550964,16868.727030474423,0.0032882844845372947,0.00524364493882519,,
569,27,6931.7421875,3683.57632,3272.21826171875,121.19326782226562,35.47983169555664,205.97068786621094,4.26073711423669e-05,0.0,4031.4638671875,0,1,0,0,0,62,0,0,0,1,0,1928.1482970046613,10178.848163562812,9980.835550891472,7.915618393340013e-05,0.006260115644950097,,
570,13,3451.36083984375,2801.1904,5202.8046875,400.21575927734375,281.0301818847656,2781.169189453125,0.0004233357321936637,0.0,31077.923828125,0,1,0,0,0,17,0,0,0,1,0,11119.532947831382,96170.38974015041,68280.80765096228,0.0018902867311445595,0.0007913336139949365,1871.2099746515782,3441.098868281658
571,16,4215.52099609375,2092.176896,1853.2861328125,115.83038330078125,217.705322265625,1723.6822509765625,0.00021672106231562793,0.0,19719.638671875,0,1,0,0,0,23,0,0,0,1,0,7898.397724896027,63634.776827493166,58456.73159367128,0.004962162762594258,0.003888597234364223,,
572,21,5490.21923828125,2941.480448,1444.0146484375,68.76260375976562,79.77967834472656,509.13519287109375,8.5441890405491e-05,0.0,7420.15625,0,1,0,0,0,36,0,0,0,1,0,3523.096734988125,36341.10357094482,22750.33684018156,0.000853710667003578,0.007826855381786547,,
573,19,4905.06396484375,3129.812992,264.1220703125,13.901162147521973,77.020751953125,861.3280029296875,0.00012256542686372995,0.0,11733.53125,0,1,0,0,0,36,0,0,0,1,0,5923.4477718739845,31009.755898495812,30792.336831578756,0.0029977148539404724,7.60197880677882e-05,204.74463859171328,2218.0962633966706
574,15,3890.381591796875,2491.025408,3030.8623046875,202.0574951171875,243.00193786621094,2418.12744140625,0.0003077886067330837,0.0,23047.001953125,0,1,0,0,0,26,0,0,0,1,0,13609.674813574376,130411.44361145787,95479.49518497428,1.3623932836354102e-05,0.0004050308437969878,,
575,16,4083.4521484375,2253.227008,1794.0986328125,112.13116455078125,167.63731384277344,1980.1324462890625,0.00021700747311115265,0.0,19139.76171875,0,1,0,0,0,31,0,0,0,1,0,10650.123691521321,90227.9468182435,58389.833249859184,0.0016034024434643038,0.002389583472688056,,
576,19,4847.14990234375,2652.120064,354.4765625,18.656661987304688,153.9164276123047,1022.8253173828125,0.00017244703485630453,0.0,12431.4189453125,0,1,0,0,0,34,0,0,0,1,0,6594.1904781499325,65145.13792183142,38276.176604170185,0.0006016118071706759,0.0014059193977577211,294.3481576947056,2677.6049322294357
577,27,6913.36865234375,4066.05568,2941.46435546875,108.94312286376953,35.19085693359375,224.25643920898438,4.171696491539478e-05,0.0,3702.447509765625,0,1,0,0,0,47,0,0,0,1,0,1236.81561131164,7393.5199453779105,4110.129819993073,0.00012925954270005813,0.0006351358901619114,440.6372644744861,1923.5862152253517
578,19,4867.63818359375,3549.91872,268.244140625,14.118112564086914,84.20232391357422,709.2009887695312,0.00010665503214113414,0.0,10075.6357421875,0,1,0,0,0,38,0,0,0,1,0,3665.369046745327,39318.909089410125,24510.188447224446,0.0003380806134321325,0.0005289421996784822,,
579,17,4336.0810546875,2471.82336,1019.3701171875,59.962947845458984,104.97128295898438,743.0225219726562,0.0001077238775906153,0.0,9375.3798828125,0,1,0,0,0,24,0,0,0,1,0,5096.2882100119605,67906.46239369435,36297.04368127589,0.0009216842284469184,0.0054937470105187736,,
580,19,4839.9140625,2745.485824,326.375,17.177631378173828,116.07350158691406,1183.882568359375,0.00016527417756151408,0.0,14726.671875,0,1,0,0,0,34,0,0,0,1,0,5853.644057109174,46059.73740662961,33434.59788494983,0.0025801412193391868,0.02169036349305939,497.4563305963661,1782.7783233296382
581,18,4654.49365234375,2847.804416,301.0576171875,16.72542381286621,83.43960571289062,701.1720581054688,9.49603199842386e-05,0.0,8558.7978515625,0,1,0,0,0,33,0,0,0,1,0,4320.144449529134,33015.28664148266,26660.745442726,0.0027513412336106838,0.0016156476097133332,1913.0451707427815,367.04303683392266
582,13,3387.4462890625,2214.55616,5376.1484375,413.5498962402344,406.9711608886719,5507.06982421875,0.0010180893586948514,0.0,53577.91015625,0,1,0,0,0,22,0,0,0,1,0,27835.161274102968,238708.9079768644,209209.06899398458,0.0031823777827054214,0.012109750019710472,,
583,18,4680.8212890625,2394.369536,332.634765625,18.47970962524414,108.94124603271484,809.8468017578125,0.0001680278655840084,0.0,9382.720703125,0,1,0,0,0,34,0,0,0,1,0,4346.360758550067,28924.90714165902,24248.14464696598,0.010058023120574728,0.0016419537451708753,423.00066312864055,2792.3542566876145
584,19,4936.43701171875,2924.475904,310.0751953125,16.319747924804688,82.21656036376953,563.18359375,0.00011763131624320522,0.0,6396.46923828125,0,1,0,0,0,31,0,0,0,1,0,3060.2865753505657,34287.29391532289,29558.490196934577,0.0005820862134941068,0.0007522683739216787,749.8848182874603,2822.6463287062693
585,20,5179.6650390625,2893.647872,893.39453125,44.66972732543945,93.0365982055664,608.6629028320312,0.00011202431778656319,0.0,8606.4482421875,0,1,0,0,0,36,0,0,0,1,0,4283.601656871386,36957.07370730264,30993.10578456086,0.00029528137216569897,0.0006573477391448009,349.1009773385772,2036.8228264870654
586,17,4478.47119140625,2630.372864,962.05859375,56.59168243408203,89.1419677734375,1041.9310302734375,0.00012805932783521712,0.0,13117.5791015625,0,1,0,0,0,31,0,0,0,1,0,4229.202920559758,27517.244062594287,24510.168718999106,0.00036635416589693437,0.0025334662235585725,1212.193399653262,1135.4832364590407
587,18,4615.63671875,2655.458816,349.431640625,19.41286849975586,101.58792877197266,798.7717895507812,0.0001592454209458083,0.0,9216.4638671875,0,1,0,0,0,27,0,0,0,1,0,4012.6890075065753,21456.18287516969,20665.280043927378,0.0013731372853546878,0.0023058033501081876,,
588,14,3619.184814453125,2311.314944,4009.400390625,286.3857421875,235.4292755126953,3069.719482421875,0.00037715048529207706,0.0,31323.060546875,0,1,0,0,0,21,0,0,0,1,0,13346.880563314773,115476.42960599533,79661.20848292239,0.0002978554915143254,0.010911348279349144,,
589,17,4369.0234375,2266.215424,991.1943359375,58.30554962158203,148.282958984375,1339.422119140625,0.00016491771384608,0.0,17163.404296875,0,1,0,0,0,34,0,0,0,1,0,6311.163753471876,46098.22084820786,35669.47477962518,6.621618534109752e-05,0.003534023482954774,399.0556551343461,2896.0000368305923
590,17,4359.6728515625,2478.988288,866.384765625,50.963809967041016,87.66167449951172,905.540283203125,0.0001055857865139842,0.0,10459.884765625,0,1,0,0,0,28,0,0,0,1,0,4694.494787989147,82765.56186748152,32442.18789591034,0.001551953872482588,0.0019739870511672145,662.0829534627078,2582.945636332527
591,16,4095.93701171875,2397.516288,1865.083984375,116.5677490234375,145.96395874023438,1365.6065673828125,0.0001941398804774508,0.0,16320.9287109375,0,1,0,0,0,27,0,0,0,1,0,7498.759565289188,59946.4641191742,58337.82752348993,0.006764220230679546,0.0025237240851857835,1186.2769067832533,3408.133937534089
592,17,4358.037109375,2412.44672,1137.412109375,66.9065933227539,108.8604507446289,1216.2220458984375,0.00016130515723489225,0.0,13745.8583984375,0,1,0,0,0,25,0,0,0,1,0,7783.76953720254,71900.94509331493,56454.35551733477,0.0020884994271461454,0.0009043040182316331,753.8690192994036,2767.985182441825
593,19,4861.42578125,2757.693952,280.3984375,14.7578125,70.04360961914062,617.4284057617188,0.00016446625522803515,0.0,7633.83251953125,0,1,0,0,0,37,0,0,0,1,0,3529.6530053225474,31212.12028924094,22375.384192719437,0.010326783210699079,0.0005531742118193989,,
594,19,4869.02490234375,3046.624256,299.2060546875,15.747687339782715,75.7287368774414,553.5496826171875,0.00013130580191500485,0.0,6957.919921875,0,1,0,0,0,34,0,0,0,1,0,3556.339208179684,35076.225631962254,16530.9818452494,0.007861854368364722,0.009914998859861843,,
595,16,4064.669189453125,2660.179968,1643.50390625,102.718994140625,105.2585678100586,835.3440551757812,0.00013050092093180865,0.0,10250.7978515625,0,1,0,0,0,28,0,0,0,1,0,4145.61280399969,39473.206885313884,38138.51980973219,0.0010395093441173744,0.0020175844809172377,356.7968548484241,2549.1505980744987
596,15,3836.494384765625,2180.499456,2597.6220703125,173.17481994628906,188.59889221191406,2165.019775390625,0.00024197802122216672,0.0,22923.84765625,0,1,0,0,0,31,0,0,0,1,0,8370.201611586335,71189.33091034942,58025.6591462039,0.0028985478218910427,0.0005200870940796605,,
597,17,4338.29931640625,2273.112064,877.4326171875,51.61368179321289,78.08866119384766,831.5244140625,9.673991007730365e-05,0.0,9942.5263671875,0,1,0,0,0,30,0,0,0,1,0,4825.641747715143,72649.13425748775,28978.080928349827,5.550330781579037e-05,0.002556237313167946,504.77477624551693,2539.3688471686837
598,22,5588.24560546875,2952.855552,1558.00390625,70.818359375,48.45457077026367,370.6224670410156,6.370484334183857e-05,0.0,5359.86962890625,0,1,0,0,0,40,0,0,0,1,0,2768.396751320279,45320.38299102123,15604.46224179106,0.0005530288557317603,0.0021468436130106586,602.351784822001,2793.1202789135887
599,21,5342.9580078125,3421.307904,1227.5693359375,58.455684661865234,65.39047241210938,412.8820495605469,7.393684063572437e-05,0.0,5554.279296875,0,1,0,0,0,34,0,0,0,1,0,2654.57354741701,19697.219764597714,15243.867771042545,0.00010235351889874289,0.002713395323323556,1056.2540000852064,1847.3439520188833
600,16,4224.669921875,2845.586432,1814.431640625,113.4019775390625,123.908447265625,1359.45556640625,0.00022352735686581582,0.0,14959.8984375,0,1,0,0,0,29,0,0,0,1,0,7130.3229065078995,55272.13547099029,43244.29975574813,0.00023945859056373475,0.0003574884879684326,445.52324747978355,2872.1782309722603
601,21,5334.6904296875,2653.686272,1229.556640625,58.550315856933594,146.52073669433594,680.0671997070312,0.00010070087591884658,0.0,9326.5859375,0,1,0,0,0,40,0,0,0,1,0,3701.9023960861396,22963.912533706552,21881.414640275536,0.001984116650978071,0.00016152424127473253,,
602,21,5341.59619140625,3168.871936,1318.1015625,62.76674270629883,185.74424743652344,607.534423828125,0.00016450544353574514,0.0,7465.966796875,0,1,0,0,0,35,0,0,0,1,0,3165.2740044244288,20134.324242700404,14960.841370970971,0.004081428452237829,0.000507079579751761,633.996712557984,2879.4340058506846
603,21,5442.59033203125,3429.108736,1366.0390625,65.04947662353516,94.23712921142578,556.9014282226562,9.21513419598341e-05,0.0,7241.033203125,0,1,0,0,0,36,0,0,0,1,0,4239.537072826551,40521.85245240389,21466.326397734592,0.00029554483715915625,0.0047211613881854575,,
604,16,4123.4365234375,2871.153152,1821.2080078125,113.82550048828125,134.71249389648438,2090.78173828125,0.0002578703861217946,0.0,20381.96484375,0,1,0,0,0,27,0,0,0,1,0,8207.86379116678,78827.87691756952,45727.447681465375,0.0003908008608066067,0.0022938374154523634,54.60646419089744,2183.138208885189
605,15,3919.648681640625,2311.635968,3082.4208984375,205.49473571777344,190.23252868652344,1859.60009765625,0.0003415136015973985,0.0,16355.7626953125,0,1,0,0,0,26,0,0,0,1,0,8729.639528047335,101812.6930588528,47337.27262720647,0.0009350486577404723,0.00483360124881884,,
606,15,3937.213134765625,2125.79328,2845.7275390625,189.71517944335938,153.9794464111328,1308.005859375,0.00019237416563555598,0.0,17070.212890625,0,1,0,0,0,19,0,0,0,1,0,7542.741721211613,47797.42887167591,46973.45841084681,0.00015364861774602506,0.0001328846757181765,352.1987470666012,1876.1023884768897
607,23,6002.029296875,3047.547392,2008.875,87.34239196777344,59.479679107666016,265.42486572265625,6.765383295714855e-05,0.0,3861.011474609375,0,1,0,0,0,41,0,0,0,1,0,1973.31869484064,13251.607006590888,12476.361945832638,0.0045212019919961734,0.0004494298190906923,,
608,21,5470.232421875,3616.119808,1388.0419921875,66.09723663330078,106.98385620117188,677.8429565429688,0.00010295632091583684,0.0,10195.8642578125,0,1,0,0,0,33,0,0,0,1,0,5194.3320800500205,52566.52360466856,26781.598356674593,0.001985967487844277,0.00017966422595258862,,
609,17,4467.32080078125,2855.502336,1152.80859375,67.81227111816406,192.14846801757812,1490.96728515625,0.0002372944582020864,0.0,16983.98046875,0,1,0,0,0,29,0,0,0,1,0,9513.630132018112,71311.09489839248,71224.74575106964,0.002577307734040808,0.0012861030105897541,875.595947678723,3213.635160858727
610,19,4964.71875,2779.3664,299.2216796875,15.748509407043457,82.590087890625,616.3515014648438,0.00012296104978304356,0.0,7151.08251953125,0,1,0,0,0,32,0,0,0,1,0,2809.870558638218,26001.6326666628,23080.968880758333,0.00013654040021987557,0.002979376232795497,1442.1093601609339,1836.3875274333875
611,20,5235.619140625,3183.569408,853.076171875,42.65380859375,106.2208251953125,849.8458251953125,0.00014553542132489383,0.0,12180.615234375,0,1,0,0,0,35,0,0,0,1,0,4512.757532359375,34906.23273725824,28635.93346292466,0.003998734742125087,0.0021841946036197553,812.823028315574,3079.7275768855943
612,23,5981.974609375,3682.596352,2013.39453125,87.53889465332031,69.10621643066406,387.5871276855469,9.324549318989739e-05,0.0,5507.3466796875,0,1,0,0,0,43,0,0,0,1,0,2204.0103974011267,15036.99057485767,14811.299441864903,0.003824104659967055,0.0018618133318678443,3.9239889296195543,2438.6270088441006
613,14,3678.926513671875,2866.609152,4167.904296875,297.70745849609375,234.25714111328125,2317.898193359375,0.0003028610080946237,0.0,26398.16796875,0,1,0,0,0,19,0,0,0,1,0,13276.563745667023,86823.59172792365,63930.107664529,3.849392012433492e-05,7.699196922266675e-05,,
614,25,6491.49365234375,3357.203968,2429.16845703125,97.16673278808594,27.347890853881836,204.02513122558594,4.526857810560614e-05,0.0,3265.554931640625,0,1,0,0,0,43,0,0,0,1,0,1663.7315465803272,11318.426588860042,9949.906131066258,0.003012466696613779,0.006679869440097255,463.2468978180059,1951.8028873365204
615,21,5398.056640625,3799.38304,1291.626953125,61.506046295166016,121.23747253417969,615.3101806640625,0.00014207222557161003,0.0,8177.38134765625,0,1,0,0,0,40,0,0,0,1,0,3229.6656913548363,23052.557372745487,21518.94119266805,0.0007648094453830655,0.0017859639670111394,1015.845089966771,3360.060491723007
616,18,4691.26708984375,3020.919296,310.34375,17.24131965637207,70.0776596069336,726.5328979492188,0.00010937291517620906,0.0,8082.208984375,0,1,0,0,0,31,0,0,0,1,0,2635.2726204057794,20027.20955565644,18001.43585193542,0.0004408929021214522,0.0020539611067527594,,
617,19,4991.33154296875,2960.50432,300.8759765625,15.835577964782715,101.47183227539062,603.5499267578125,9.225463145412505e-05,0.0,8527.84765625,0,1,0,0,0,29,0,0,0,1,0,3197.405384038504,27061.0125663065,17023.41701430704,0.00807870959376928,0.0005031340214754873,910.803733140538,2831.023715403959
618,20,5276.11572265625,2945.193472,820.091796875,41.00458908081055,127.2947769165039,852.3591918945312,0.00015400002303067595,0.0,10487.4091796875,0,1,0,0,0,38,0,0,0,1,0,4373.012539929035,56075.31990143153,21169.07145690051,0.001652752722465789,0.0005802070827024969,90.0709214985759,2296.9569179281675
619,18,4744.24169921875,2815.630848,329.0166015625,18.27869987487793,225.37428283691406,1259.542236328125,0.000211934486287646,0.0,13372.09765625,0,1,0,0,0,32,0,0,0,1,0,3898.2356472100237,24386.8805251595,19781.60249610627,0.000867348862934025,0.0037620486826236144,978.3094696394749,1215.3693135563033
620,21,5530.7314453125,3170.131968,1227.84375,58.46875,72.0032730102539,490.8293151855469,8.9491848484613e-05,0.0,6940.353515625,0,1,0,0,0,40,0,0,0,1,0,3176.4199294912064,24526.17357485351,16730.063587322726,0.005510353353179568,0.008447827875377126,,
621,23,6040.9599609375,3848.690688,2022.5009765625,87.93482971191406,62.84685134887695,364.9613342285156,6.318718806141987e-05,0.0,5737.22314453125,0,1,0,0,0,47,0,0,0,1,0,2818.1188858477417,19766.073124282295,17705.94970537043,0.003972658106110978,0.0006913264298252716,451.74760630501487,2085.2208776183315
622,18,4734.90673828125,3377.843712,279.521484375,15.528971672058105,102.38703918457031,868.2510375976562,0.00015324578271247447,0.0,9857.267578125,0,1,0,0,0,36,0,0,0,1,0,2944.2849174536937,16761.924176335022,14267.48119665935,0.0032969763602086477,0.005788848750038517,,
623,18,4752.84130859375,2677.51424,339.2626953125,18.84792709350586,162.5788116455078,1306.7559814453125,0.0002008113224292174,0.0,15618.5927734375,0,1,0,0,0,35,0,0,0,1,0,8552.028415006967,72628.91830938753,67418.78833495961,0.0008043915871916996,0.0007953804192240609,413.9592687342142,2871.042526363964
624,20,5304.44677734375,2938.112512,806.0908203125,40.304542541503906,73.7757797241211,514.7659912109375,8.537882240489125e-05,0.0,6805.55078125,0,1,0,0,0,36,0,0,0,1,0,3563.562030731453,24551.85838261582,20257.987409226324,0.002025542028954788,0.0003441454383180144,,
625,20,5334.9921875,2975.64672,903.6552734375,45.18276596069336,127.83045959472656,1232.4500732421875,0.00014819430361967534,0.0,16708.58984375,0,1,0,0,0,40,0,0,0,1,0,9519.221861055308,64737.79795080477,64069.48402833923,0.00014715027085347547,0.0003431764667576609,612.3351065713723,2116.370084921243
626,17,4548.478515625,2609.064448,1174.8408203125,69.10828399658203,124.4535140991211,1117.9287109375,0.00022407571668736637,0.0,14036.1337890625,0,1,0,0,0,23,0,0,0,1,0,6591.09708214083,40385.157261716726,39109.2320652886,0.00039854220002254886,0.004044058196411529,,
627,18,4783.72216796875,2641.808384,335.4970703125,18.63872718811035,108.28529357910156,1056.5147705078125,0.00014446636487264186,0.0,14385.830078125,0,1,0,0,0,37,0,0,0,1,0,8151.992534180818,56487.421395821555,48157.02878717878,0.002946757938911068,0.0017927195954014208,,
628,21,5630.59375,3079.396864,1340.0322265625,63.811058044433594,87.90509033203125,799.900146484375,0.0001172242482425645,0.0,10827.6572265625,0,1,0,0,0,39,0,0,0,1,0,3976.684040305289,30483.75337287064,24269.59520534501,0.013318197932418258,0.0028707689706408204,,
629,22,5933.494140625,3335.704576,1721.8955078125,78.26798248291016,67.18522644042969,362.3043212890625,6.90242086420767e-05,0.0,5346.2939453125,0,1,0,0,0,45,0,0,0,1,0,2402.179170095068,22378.695964059567,10636.421694577499,0.0014221511448256757,0.0008077049224330529,,
630,15,4071.971923828125,2728.723968,2509.5126953125,167.3008575439453,111.6392822265625,1508.4893798828125,0.0002216952561866492,0.0,14549.7119140625,0,1,0,0,0,22,0,0,0,1,0,5325.134933029733,36782.64308242763,23470.01061694984,0.006054165313742019,0.006677661090167653,,
631,17,4602.14453125,2426.436608,984.5322265625,57.91366195678711,121.97128295898438,963.2557373046875,0.00013486421084962785,0.0,11919.88671875,0,1,0,0,0,34,0,0,0,1,0,4912.686957618737,33404.238596430114,30353.155229482738,2.4661757857764866e-05,0.0005543095385815711,,
632,19,5100.58349609375,2869.106688,319.1640625,16.79810905456543,113.9664535522461,834.1063232421875,0.00011638068099273369,0.0,10577.9033203125,0,1,0,0,0,34,0,0,0,1,0,4799.889578408661,40885.92795652462,33175.81873341177,0.00039937351076228117,0.0001404765293933838,1077.2334664886412,3345.0074486644635
633,23,6189.45361328125,3592.460288,2017.5048828125,87.71760559082031,56.49531936645508,330.57122802734375,6.000611756462604e-05,0.0,5117.4521484375,0,1,0,0,0,43,0,0,0,1,0,2003.3031605972892,17299.41792732965,10465.471735595747,0.0018812201827405686,2.4266985992171808e-05,1022.1733991130279,1700.7887757546787
634,17,4641.77099609375,3122.648064,1249.28125,73.48712921142578,207.8953094482422,1956.60009765625,0.0003015566908288747,0.0,21355.52734375,0,1,0,0,0,32,0,0,0,1,0,10144.723267423233,65532.220516185465,59233.674403602854,0.00018279089823432237,0.00045946887210882026,,
635,21,5662.8125,2967.281152,1328.291015625,63.251953125,121.47796630859375,524.5874633789062,0.00013878602476324886,0.0,6928.48681640625,0,1,0,0,0,38,0,0,0,1,0,3718.3412470177573,29448.034421856006,24864.742975617824,0.0006581967867562849,0.0019697483260380337,,
636,21,5642.28857421875,3439.090688,1239.716796875,59.03413391113281,56.524967193603516,475.82818603515625,6.62205129629001e-05,0.0,6119.52685546875,0,1,0,0,0,39,0,0,0,1,0,2990.17653463208,41787.52204439705,16503.311414920376,0.00014397012439265958,0.0011129510174379513,,
637,25,6747.2568359375,3903.927296,2672.83447265625,106.91337585449219,55.22026824951172,185.77606201171875,5.122822767589241e-05,0.0,2873.82080078125,0,1,0,0,0,43,0,0,0,1,0,1307.9040676469863,8062.1882221278365,7287.494023818169,0.00217105994568495,0.0008310226636930179,283.62132076827675,1984.0657768372366
638,18,4931.02490234375,3394.4576,312.326171875,17.35145378112793,108.72490692138672,728.58349609375,0.00011601708683883771,0.0,8095.50927734375,0,1,0,0,0,33,0,0,0,1,0,3375.9531086309053,51629.71157886774,22091.690888612746,0.003525716814726444,0.006543318662063716,,
639,19,5193.33642578125,2928.349184,296.419921875,15.601048469543457,83.64209747314453,545.1267700195312,9.772770863492042e-05,0.0,6440.1904296875,0,1,0,0,0,29,0,0,0,1,0,2939.1511195996754,26066.626940694943,16312.642327868058,0.0007345205067010637,0.00013899000250695848,,
640,18,4863.91455078125,2960.073216,249.0751953125,13.83751106262207,56.61875534057617,609.9058837890625,7.951525185490027e-05,0.0,6864.40869140625,0,1,0,0,0,31,0,0,0,1,0,2932.13037349454,29313.855401654262,14204.746977154542,0.00854896982922812,0.006429586785727814,,
641,21,5675.42431640625,3220.56448,1249.5966796875,59.50460433959961,40.47581100463867,460.87939453125,6.84393962728791e-05,0.0,6589.53173828125,0,1,0,0,0,41,0,0,0,1,0,3100.8790218067625,21263.22615922351,17143.01111946418,0.0018680466745280063,0.0003232211772201815,,
642,17,4556.4052734375,2885.482496,1122.119140625,66.00701141357422,253.87518310546875,1315.0264892578125,0.0001874633162515238,0.0,17986.361328125,0,1,0,0,0,31,0,0,0,1,0,8356.377647774176,56911.053405848485,45551.813751213565,0.0012706168519251177,0.004393346767276761,509.8251438502484,2962.664838637134
643,18,4850.2080078125,2659.239424,319.62890625,17.75716209411621,95.86581420898438,896.8432006835938,0.000141572454595007,0.0,10893.8447265625,0,1,0,0,0,36,0,0,0,1,0,5144.193473296778,36433.5947313121,30260.73969406065,0.0010077368283555044,0.010017909332449185,,
644,17,4598.7275390625,2624.32,832.7880859375,48.98753356933594,151.74688720703125,1499.092041015625,0.00017606023175176233,0.0,18071.880859375,0,1,0,0,0,34,0,0,0,1,0,9620.142430155318,71297.0984619339,62935.56430143288,0.0007893419437640693,0.005394733823477313,,
645,22,5888.20068359375,3038.283264,1732.6279296875,78.75581359863281,70.00251770019531,425.6919860839844,6.89798325765878e-05,0.0,6040.79638671875,0,1,0,0,0,44,0,0,0,1,0,3922.0758936234974,27930.238899091255,26891.788532928073,0.003164059134787525,0.0012038697537010354,123.4042255358695,2372.938829441196
646,16,4249.791015625,2904.432128,1656.3427734375,103.52142333984375,151.65667724609375,1027.8548583984375,0.00014668051153421402,0.0,10893.5234375,0,1,0,0,0,26,0,0,0,1,0,4105.000231440975,29235.190384397956,28687.46202490739,0.0018674670451837364,0.015996211111432276,,
647,16,4251.0966796875,2398.734848,1849.3779296875,115.58612060546875,132.9969482421875,1131.93994140625,0.00017484111594967544,0.0,12344.7490234375,0,1,0,0,0,30,0,0,0,1,0,5093.437058594276,41733.92265373301,32662.01461385477,4.4711700840363404e-05,0.0056813815350251,,
648,17,4857.85302734375,2461.575168,969.9755859375,57.05738830566406,130.5511932373047,851.7824096679688,0.00020236457930877805,0.0,9720.158203125,0,1,0,0,0,31,0,0,0,1,0,4316.851841379836,42035.53945143907,22063.825525083626,0.0013249024530571363,0.0021933289833180047,,
649,23,5916.73974609375,3166.672384,2204.0537109375,95.82842254638672,62.96300506591797,339.181884765625,6.768095045117661e-05,0.0,5411.63037109375,0,1,0,0,0,38,0,0,0,1,0,2446.7843761319023,22426.587502535414,10243.975875352806,0.0005687162327033812,0.0028301075868466252,872.1305705342686,1435.3679862175206
650,19,4873.08447265625,3248.047104,291.5224609375,15.343287467956543,106.64273071289062,718.3243408203125,0.00011743347567971796,0.0,8554.4296875,0,1,0,0,0,30,0,0,0,1,0,4025.7648361396214,35865.258797855895,27184.061324604103,0.0007472902473744519,0.008755201016307695,1310.5531684297516,3381.239041019672
651,20,5118.65869140625,3044.770304,801.916015625,40.095802307128906,104.19696807861328,552.4627685546875,0.00010203738929703832,0.0,7027.75146484375,0,1,0,0,0,40,0,0,0,1,0,3193.284106338746,26114.939559959366,23332.62595652565,0.0019560558974917874,0.0003061128759841124,,
652,17,4367.22314453125,2896.559616,941.8173828125,55.401023864746094,112.31133270263672,1091.546630859375,0.0001615938963368535,0.0,13138.103515625,0,1,0,0,0,31,0,0,0,1,0,6047.139193259288,57997.94411216442,34575.81470181414,0.0003502638274529169,0.0012370314714706399,,
653,15,3925.799072265625,2329.575424,2882.5556640625,192.17039489746094,136.41119384765625,1753.352294921875,0.0002718767209444195,0.0,18666.75,0,1,0,0,0,24,0,0,0,1,0,8825.950633723985,60182.39418458515,54963.976535930065,0.0003935101697159545,0.002000750104686373,939.2166678547194,1089.482385206312
654,16,4181.59228515625,2219.448832,1808.7021484375,113.04388427734375,235.33995056152344,2043.8599853515625,0.0004351153620518744,0.0,21066.8046875,0,1,0,0,0,26,0,0,0,1,0,5576.734810226845,32445.05958401698,17949.913371134116,0.0007935217665972077,0.008114806172944921,1003.3437521422047,872.8989443922969
655,16,4163.2880859375,2275.875328,1801.6787109375,112.60491943359375,112.7447509765625,920.0442504882812,0.00014727965753991157,0.0,11582.69140625,0,1,0,0,0,31,0,0,0,1,0,5252.07499108166,41175.841606737726,40370.175057675486,0.004041689226205611,0.001718422791180313,881.3841102203764,1644.4843192719954
656,21,5520.93212890625,3006.762496,1228.3662109375,58.493629455566406,58.20488739013672,337.90899658203125,6.167420360725373e-05,0.0,4398.94775390625,0,1,0,0,0,36,0,0,0,1,0,2007.3242773943803,15598.628700403005,12125.12747646406,0.00094536762820982,0.0011680799841945859,,
657,14,3682.65869140625,2654.77376,3416.4287109375,244.0306396484375,147.31297302246094,1792.4505615234375,0.00022692870697937906,0.0,18896.24609375,0,1,0,0,0,19,0,0,0,1,0,7132.788119459274,88393.45266357639,54478.60164611965,0.0008962244168311817,5.086170259800682e-06,686.6320380987229,2365.3442845960326
658,23,6001.169921875,3249.15968,2032.3212890625,88.3617935180664,40.46746826171875,246.37416076660156,5.607872662949376e-05,0.0,3523.68115234375,0,1,0,0,0,38,0,0,0,1,0,1608.415845636077,10283.425314350392,8386.847131505325,0.0005640714524135643,0.03221280042797861,651.4342092220031,2817.166662323305
659,21,5447.498046875,3807.883776,1229.50390625,58.54780578613281,50.97468948364258,355.2032470703125,5.3284791647456586e-05,0.0,4570.49169921875,0,1,0,0,0,35,0,0,0,1,0,2463.134621050468,17497.971985679495,17437.37594804462,0.005651590046335878,0.0016884714279646884,,
660,16,4155.4580078125,2734.209024,1774.349609375,110.8968505859375,252.6155242919922,2397.271728515625,0.0003774877986870706,0.0,26913.615234375,0,1,0,0,0,27,0,0,0,1,0,11556.08162354077,80371.64254191262,68545.00233183496,0.00018763022626345702,0.0002334362728374905,,
661,15,3891.95849609375,2168.871424,2570.1181640625,171.34121704101562,86.85710906982422,1467.7718505859375,0.00018480248400010169,0.0,14588.416015625,0,1,0,0,0,27,0,0,0,1,0,5208.878615175613,57571.69823434058,32038.909574683392,0.0036842694492697685,0.002793942740673799,,
662,23,5932.14111328125,2949.82656,2259.0703125,98.22045135498047,58.31651306152344,428.62493896484375,8.261897164629772e-05,0.0,7008.8408203125,0,1,0,0,0,50,0,0,0,1,0,3457.267106186638,35472.50097151187,19100.5830342931,0.0014792117368348096,0.00017791711720615416,,
663,19,4868.41748046875,3221.117952,276.34765625,14.5446138381958,114.78829193115234,935.679443359375,0.00017556808597873896,0.0,11904.302734375,0,1,0,0,0,32,0,0,0,1,0,6057.680561806609,51778.95335239647,34193.81950009099,0.0029656681711370536,0.012031312097058697,,
664,21,5414.58544921875,3256.14848,1355.7607421875,64.5600357055664,97.30449676513672,434.75531005859375,7.732768426649272e-05,0.0,5916.48974609375,0,1,0,0,0,41,0,0,0,1,0,4049.1233686128317,30335.639419319607,29211.373442351563,0.0018836086673659647,0.00028482437391946086,,
665,17,4399.47314453125,2970.265088,1083.14453125,63.714385986328125,183.17628479003906,1902.509033203125,0.00024129902885761112,0.0,20230.056640625,0,1,0,0,0,27,0,0,0,1,0,10028.899891354078,77944.16878422993,63886.67266022816,0.00026935564671188433,0.0001335564608833384,,
666,17,4401.8203125,2377.857536,1265.1279296875,74.4192886352539,180.55947875976562,2130.9306640625,0.0003227359848096967,0.0,22387.4375,0,1,0,0,0,28,0,0,0,1,0,10284.504944082448,71258.84850798051,69795.5498523047,0.0018275911519820224,0.0005041529355903594,1019.0478263439206,3216.4312524489883
667,19,4910.34716796875,2742.808064,304.544921875,16.0286808013916,86.27962493896484,605.9072875976562,0.00014320018817670643,0.0,7101.96484375,0,1,0,0,0,29,0,0,0,1,0,2515.9063514888417,14122.14461311638,12850.427104558894,0.004762957699875017,0.00011361032918229264,,
668,16,4123.3134765625,2647.177728,1789.267578125,111.8292236328125,191.75131225585938,1806.8521728515625,0.0002797813212964684,0.0,22500.42578125,0,1,0,0,0,31,0,0,0,1,0,9445.630450602384,59501.98552742421,41127.53831202698,0.0022951952953482457,0.003195585189795864,,
669,18,4663.7021484375,2609.821184,273.921875,15.21788215637207,64.51605224609375,537.5257568359375,9.400809358339757e-05,0.0,6176.80810546875,0,1,0,0,0,31,0,0,0,1,0,3248.5918960917134,30172.221687817506,20689.18553007786,0.0012132432655451164,0.0014752493927860238,,
670,25,6500.265625,3717.043712,2924.8349609375,116.99339294433594,68.55059051513672,259.90972900390625,7.606996950926259e-05,0.0,4175.6640625,0,1,0,0,0,38,0,0,0,1,0,1725.9598606547584,10230.49904262605,6930.353229110977,0.000365299189924298,0.0032912699084390734,753.5143413379828,1437.5496077484122
671,17,4506.6064453125,3388.594688,1075.1162109375,63.242130279541016,151.4829864501953,1528.1678466796875,0.00020539178512990475,0.0,16847.904296875,0,1,0,0,0,30,0,0,0,1,0,7707.826983469024,46950.60486567671,44881.2494608113,0.0034869121144764093,0.005950240956771182,510.9566407779798,2797.7556245779588
672,19,5004.7109375,2506.236928,242.4140625,12.758634567260742,160.22543334960938,1087.8919677734375,0.00022638938389718533,0.0,13379.0029296875,0,1,0,0,0,30,0,0,0,1,0,5069.436045611613,28628.824158709565,26125.57194940957,0.0005451053519754043,0.00016197010409010545,482.5863321880274,1810.7561769151544
673,18,4701.033203125,2698.489344,296.765625,16.48697853088379,86.31600952148438,756.6299438476562,0.00016694095393177122,0.0,10272.39453125,0,1,0,0,0,37,0,0,0,1,0,5144.271657327906,39519.53446224381,27660.409021328385,0.0015996918731588997,0.0017532427654085372,,
674,18,4701.4765625,2817.731584,354.07421875,19.67078971862793,133.1598663330078,1148.856689453125,0.00015241524670273066,0.0,16158.5537109375,0,1,0,0,0,34,0,0,0,1,0,6288.979980916684,37501.130173426005,35580.76150603752,0.0009331953563711977,0.0001915440034520252,,
675,19,4985.23681640625,2957.355008,307.8271484375,16.20142936706543,93.02888488769531,812.8489990234375,0.00011941644334001467,0.0,9875.283203125,0,1,0,0,0,30,0,0,0,1,0,4072.858609611081,34268.039152339144,17220.554426544186,0.00014222617193091966,0.003204835427325206,1477.6972137820921,3497.183915681201
676,17,4464.89599609375,2841.793536,976.4599609375,57.438819885253906,74.25581359863281,693.2094116210938,0.0001084814575733617,0.0,8694.0625,0,1,0,0,0,31,0,0,0,1,0,4144.6859794304755,39386.24567600572,22200.33757363275,0.0007448078326998814,0.004684468262079314,181.7205138456875,2296.017546935573
677,19,4944.5166015625,2885.730816,266.8310546875,14.043740272521973,135.31317138671875,1267.2633056640625,0.00020022995886392891,0.0,16307.9521484375,0,1,0,0,0,31,0,0,0,1,0,9397.594361028026,60146.72575427961,59642.99774657737,0.00018539373627196598,0.0007870118922815514,,
678,16,4159.38818359375,2683.285504,1639.369140625,102.4605712890625,74.83942413330078,1040.4500732421875,0.00012919762230012566,0.0,10932.435546875,0,1,0,0,0,31,0,0,0,1,0,5065.563838910083,44148.43769643853,30783.252923803917,0.0004064116206688659,0.001614512149766656,661.3364593408446,3091.6032740096657
679,21,5459.61083984375,2800.368128,1347.888671875,64.18517303466797,111.55952453613281,598.18212890625,0.00010246407327940688,0.0,8942.4013671875,0,1,0,0,0,39,0,0,0,1,0,3581.018630571467,22221.806115831085,18393.564410201052,0.00015123888943747305,0.0006434115384718886,161.81382302562224,2281.299014022874
680,20,5243.03076171875,3124.796928,822.2529296875,41.112648010253906,75.30072784423828,456.9686279296875,9.837774268817157e-05,0.0,6197.44482421875,0,1,0,0,0,33,0,0,0,1,0,3151.1520180080497,24622.21692276784,20652.13334836702,0.0007785753659849334,0.0007282254164437396,571.9079513300126,1665.3023002087075
681,16,4231.54541015625,2609.079296,1836.01953125,114.751220703125,177.73226928710938,1432.5489501953125,0.00027263103402219713,0.0,14700.76953125,0,1,0,0,0,26,0,0,0,1,0,6607.488030120289,60677.29554745758,44310.71768375097,0.00035623081754938314,0.0025804972836359075,1222.1331322203437,3271.974593603237
682,21,5536.8828125,2920.98816,1337.998046875,63.714195251464844,61.661285400390625,452.6485290527344,7.589716551592574e-05,0.0,6169.466796875,0,1,0,0,0,39,0,0,0,1,0,2698.450670074376,17384.369815330156,14840.05610746965,0.00040988658020500723,0.0001367207623099026,217.59992262553624,2560.376919949292
683,14,3717.923828125,2570.115072,3667.189453125,261.9421081542969,270.537353515625,2502.477294921875,0.00027447304455563426,0.0,27139.82421875,0,1,0,0,0,22,0,0,0,1,0,8975.195869315081,109367.0734132882,35371.651268361464,0.0007432038851644535,0.00558674186819514,,
684,18,4743.328125,2290.29376,309.576171875,17.19867706298828,110.25765991210938,806.3232421875,0.00013618766388390213,0.0,9503.75,0,1,0,0,0,28,0,0,0,1,0,5990.1612632964525,70813.87482370665,39300.276006635126,0.00038206938618350755,0.005000383979233081,1284.3512904235297,2067.900318793926
685,17,4865.93701171875,2616.92416,1091.2021484375,64.18836212158203,121.57774353027344,1095.7762451171875,0.00018834893126040697,0.0,12339.58984375,0,1,0,0,0,33,0,0,0,1,0,6018.930956097045,49824.7041874873,44316.50561668365,0.005566528168583645,0.0017301509801620797,,
686,19,4989.92041015625,2878.300672,289.1064453125,15.2161283493042,95.73074340820312,580.3831787109375,0.00010492304863873869,0.0,7041.39501953125,0,1,0,0,0,32,0,0,0,1,0,3259.553215076647,34723.90514395189,21025.49520949703,0.001514464270959498,0.005569264637655932,409.2189595411937,1679.54294834536
687,14,3690.667236328125,2488.705024,3666.111328125,261.8651123046875,166.97633361816406,1907.467041015625,0.00035356124863028526,0.0,17975.083984375,0,1,0,0,0,25,0,0,0,1,0,9345.605704389876,77867.34327943812,62398.674036528566,0.0013707403675374402,0.005696942027839963,,
688,17,4468.61767578125,2348.591104,860.4326171875,50.61368179321289,99.0567398071289,637.627685546875,9.759076783666387e-05,0.0,8611.626953125,0,1,0,0,0,26,0,0,0,1,0,2981.800016450094,28518.64979250061,19170.56469678693,0.0019024868912113843,0.0001950494099283639,872.7295033896885,1084.6792019598474
689,16,4221.7353515625,2457.913344,1896.3408203125,118.52130126953125,158.54867553710938,1424.858154296875,0.00021207555255386978,0.0,17840.6171875,0,1,0,0,0,26,0,0,0,1,0,8447.231183403497,47720.55003900505,40713.659426730504,0.0002924528454652589,0.0022207046579913736,870.1415378070096,1336.6676518032205
690,22,5901.857421875,3085.285888,1865.3857421875,84.7902603149414,67.46440124511719,332.3415222167969,6.002957888995297e-05,0.0,4955.5048828125,1,0,1,0,0,37,0,0,0,1,0,2454.506202471848,19725.318976843308,13569.771466554152,9.66435918787565e-05,0.0037868480617149064,657.1832205634516,2678.4901152499815
691,19,4992.830078125,3196.926464,320.6201171875,16.87474250793457,148.1124267578125,847.5009155273438,0.0002099916891893372,0.0,9372.9111328125,0,1,0,0,0,29,0,0,0,1,0,3913.954513011601,33300.58424122248,21496.48359168263,0.003224481570287537,0.0019270513609552092,,
692,16,4255.0830078125,2419.974144,1607.4326171875,100.46453857421875,124.05235290527344,1244.37890625,0.00015772227197885513,0.0,14187.158203125,0,1,0,0,0,23,0,0,0,1,0,6729.212790971106,65005.85155398128,37205.07047621664,0.0015560240966529387,8.637388429855002e-05,211.98228736899864,2408.889882760129
693,20,5312.603515625,2796.043776,807.9208984375,40.39604568481445,94.90359497070312,399.01898193359375,0.00010153919720323756,0.0,5229.0732421875,0,1,0,0,0,36,0,0,0,1,0,2859.8321395689472,22067.84753795304,21733.92641662675,0.0018216187450939142,0.004763032087798796,,
694,23,6077.9228515625,3643.27424,2216.794921875,96.38239288330078,68.60824584960938,339.84625244140625,8.006425923667848e-05,0.0,4835.87890625,0,1,0,0,0,39,0,0,0,1,0,2261.0194899130165,14367.04678504231,9857.678402783411,0.0016109500106218366,0.0021813803813425688,,
695,18,4726.7138671875,3247.018496,282.8046875,15.711371421813965,89.96617889404297,763.5218505859375,0.00011692559201037511,0.0,9213.5771484375,0,1,0,0,0,27,0,0,0,1,0,3885.69878973513,24962.694518680473,22813.376775142133,0.006113955285885679,0.002159981133130817,453.4122285005153,1412.8041631927501
696,20,5221.5166015625,2984.722944,790.8486328125,39.54243087768555,66.18557739257812,579.9583740234375,0.00010034480510512367,0.0,7117.93212890625,0,1,0,0,0,40,0,0,0,1,0,3140.5877357047643,30651.896463852212,15672.11092197217,0.0012548541496958006,0.0018655246565123795,,
697,16,4123.44775390625,2710.051328,1842.193359375,115.1370849609375,128.97425842285156,1105.39306640625,0.00018108056974597275,0.0,10835.3076171875,0,1,0,0,0,27,0,0,0,1,0,4014.43581511126,35349.32058658239,25323.3198108856,0.005839807296303373,0.002987353860168504,139.0387245382044,2286.515769769691
698,16,4168.46630859375,2333.598208,1970.0400390625,123.12750244140625,208.92791748046875,2155.24951171875,0.00028884338098578155,0.0,22230.29296875,0,1,0,0,0,24,0,0,0,1,0,11578.231336757133,95108.56632110316,61529.33859816188,0.0007270840997170396,0.00083034060292482,1134.9219330976725,3142.300886341134
699,21,5481.98095703125,2991.583744,1234.5078125,58.78608703613281,59.00350570678711,329.219970703125,8.093755604932085e-05,0.0,4409.51318359375,0,1,0,0,0,39,0,0,0,1,0,2405.9836260368247,18525.177049174858,15075.174088520855,0.001542573134222916,8.578440492876867e-05,,
700,16,4165.95166015625,2658.380288,1618.1337890625,101.13336181640625,92.62152099609375,987.1307373046875,0.00012681001680903137,0.0,13557.556640625,0,1,0,0,0,32,0,0,0,1,0,6861.3091556338495,91559.27851698014,40862.90677121306,0.003969379558049416,0.0013548500063623788,1841.1555690188857,884.9967539948839
701,16,4175.5458984375,2152.930816,1198.6650390625,74.91656494140625,234.84812927246094,1349.671142578125,0.00023064356355462223,0.0,14543.15625,0,1,0,0,0,33,0,0,0,1,0,4653.591753836253,24085.1480143578,20679.21503774101,0.00036550387217780533,0.006023173038874632,,
702,15,3887.2568359375,2125.625856,2838.390625,189.22605895996094,193.67910766601562,1555.3814697265625,0.00023370057169813663,0.0,18723.15625,0,1,0,0,0,21,0,0,0,1,0,7276.477484420878,66219.71949509208,41666.932200739524,8.785297315351548e-05,0.0007184526909914763,305.7323369100279,1330.8651560358396
703,19,4867.38623046875,2606.310912,314.0791015625,16.530479431152344,120.06551361083984,766.0858764648438,0.00011633562098722905,0.0,8571.3515625,0,1,0,0,0,31,0,0,0,1,0,3051.040515662113,23882.886128832753,21233.526858200014,0.0003882635858491225,0.002673218142008913,960.8675661696279,3170.1545000643696
704,20,5126.18017578125,3198.8352,762.919921875,38.14599609375,60.51605224609375,587.6732177734375,8.643998444313183e-05,0.0,7072.80712890625,0,1,0,0,0,36,0,0,0,1,0,2283.6622790297965,17991.183982565082,10386.807092918614,0.01287707046994618,0.01261024144176853,897.3546287546151,3250.6573874523997
705,15,3854.88232421875,2579.01568,2805.0712890625,187.0047607421875,216.8428192138672,1732.5826416015625,0.0002564052410889417,0.0,22324.623046875,0,1,0,0,0,22,0,0,0,1,0,9615.366744467261,75047.41113643609,71410.42250876097,5.051058266458165e-05,7.151829386439247e-05,762.9994920852178,2544.0873225951227
706,20,5116.443359375,2725.289984,837.576171875,41.87881088256836,81.95109558105469,480.5649719238281,7.942256343085319e-05,0.0,6621.27490234375,0,1,0,0,0,33,0,0,0,1,0,3842.0484001132945,32057.355788225843,27318.10153832569,0.0010301238360702642,0.00022031583649770314,,
707,20,5134.421875,3230.319616,745.3369140625,37.266845703125,72.1783218383789,410.3907470703125,7.42473202990368e-05,0.0,5398.837890625,0,1,0,0,0,37,0,0,0,1,0,2515.9766547619793,32480.10680717348,18199.86158963406,0.002232280829954275,0.0017430268266723087,208.57107453702292,2190.8308276336315
708,19,4891.86328125,3035.938816,265.3203125,13.964226722717285,70.17205047607422,522.3541870117188,7.843029743526131e-05,0.0,6337.0537109375,0,1,0,0,0,36,0,0,0,1,0,3071.0771347249015,28333.753145567116,20076.556341310996,0.0019120842850641473,0.000953226644502779,,
709,22,5651.892578125,3411.828224,1707.986328125,77.6357421875,72.4830551147461,346.3079528808594,7.434197323163971e-05,0.0,4891.63916015625,0,1,0,0,0,34,0,0,0,1,0,2282.343429332283,13211.490689371625,10230.492515668859,0.0038486896330917134,0.001219278284393159,,
710,21,5364.0859375,3278.665728,1244.0849609375,59.24214172363281,71.25785064697266,495.5008544921875,7.13834015186876e-05,0.0,8067.94482421875,0,1,0,0,0,44,0,0,0,1,0,3594.5892383561777,31205.70660441556,22678.19905713807,0.00023160874626132477,0.0008312570822255842,,
711,21,5369.3525390625,3239.264256,1364.2109375,64.9624252319336,83.06988525390625,399.3890380859375,8.698455349076539e-05,0.0,5258.359375,0,1,0,0,0,42,0,0,0,1,0,2315.582620163059,17510.778050038818,13037.09875764536,0.002514173537243772,0.0009277993304508195,,
712,17,4340.06298828125,3009.24928,1032.7177734375,60.748104095458984,183.08416748046875,1433.13720703125,0.00020262398174963892,0.0,16097.4609375,0,1,0,0,0,28,0,0,0,1,0,6353.007667791034,42022.42863152582,32108.051313883512,0.0014342179832307275,0.00036624428772786405,,
713,23,5874.1796875,3383.465984,2015.5029296875,87.63056182861328,64.1717758178711,312.6776123046875,6.589374243048951e-05,0.0,4585.0244140625,0,1,0,0,0,45,0,0,0,1,0,2027.4661048498756,21990.216207650603,8806.733085263606,0.00010697778957396813,0.0012671239531180378,,
714,12,3071.65869140625,2635.594752,5897.68359375,491.4736328125,462.7012939453125,4355.77392578125,0.0003960315661970526,0.0,40908.23828125,0,1,0,0,0,18,0,0,0,1,0,16160.555693505628,204356.08652795985,72868.71026786203,0.00011689471526392273,0.0025992519429179203,1427.795693835932,3295.4886960915596
715,13,3346.740966796875,1628.402176,5054.8935546875,388.8379821777344,234.7196502685547,2969.677978515625,0.00044252121006138623,0.0,27733.173828125,0,1,0,0,0,19,0,0,0,1,0,12449.72339948446,103589.8766311651,95207.30580711582,0.00342298062184912,0.003209107179932294,560.9777400933858,2511.7091045308916
716,17,4371.5654296875,2177.430528,1087.3994140625,63.96467208862305,131.58163452148438,1208.9798583984375,0.00021597350132651627,0.0,12849.962890625,0,1,0,0,0,28,0,0,0,1,0,5994.620771047528,50650.721191072946,31515.63138914105,2.8714321105696716e-05,0.0013844075036030697,989.3073496842662,2985.930693418279
717,15,3851.25390625,2336.492032,2466.9814453125,164.46543884277344,140.53564453125,1749.3360595703125,0.0002251728728879243,0.0,17294.958984375,0,1,0,0,0,24,0,0,0,1,0,6355.529651178963,35122.55010850663,34021.779785359744,0.004073966295757618,0.0030567058257534307,,
718,25,6374.74365234375,3495.757824,2419.5166015625,96.7806625366211,53.92259979248047,269.77252197265625,4.87965953652747e-05,0.0,4121.26611328125,0,1,0,0,0,45,0,0,0,1,0,1298.1696784698702,13751.132491213617,5261.617036192426,0.0004635366125421009,0.02884422575513783,1172.1866118565615,1744.9749065249123
719,21,5352.96435546875,3924.4288,1214.896484375,57.85221481323242,54.496063232421875,508.7268371582031,7.18171286280267e-05,0.0,7179.56494140625,0,1,0,0,0,40,0,0,0,1,0,2473.5132928067214,30892.12443438339,10039.733585161215,0.0014430821183800471,0.0007801694186307592,,
720,21,5357.96875,3456.28416,1207.283203125,57.48967742919922,96.69532012939453,476.88330078125,9.716431668493897e-05,0.0,7261.05078125,0,1,0,0,0,31,0,0,0,1,0,2652.1037712668194,14799.397878425085,12691.399576114292,0.007247013714473671,0.014104588129397744,53.457863883286336,1831.1581093028776
721,18,4606.2431640625,2959.595008,275.0419921875,15.280110359191895,107.06221008300781,571.149658203125,0.00010650281183188781,0.0,7457.6865234375,0,1,0,0,0,35,0,0,0,1,0,3967.720671155907,39368.45101992656,28105.567355280706,0.0007583387177019507,0.00203721038273659,564.7779953213728,2575.439841441589
722,22,5622.72705078125,3265.286656,1715.4033203125,77.9728775024414,72.4425048828125,574.3681640625,8.644534682389349e-05,0.0,8205.3359375,0,1,0,0,0,38,0,0,0,1,0,4728.856558500197,90599.94101554419,23785.41083819185,0.00037522885336183087,0.005501843857507276,366.6501939964546,1971.0527014167797
723,21,5395.6494140625,3700.62592,1219.564453125,58.07449722290039,64.59449768066406,310.4318542480469,6.55728072160855e-05,0.0,4099.4296875,0,1,0,0,0,33,0,0,0,1,0,1741.4404143699587,10310.352387477991,9577.812588367748,0.0004659959521891438,0.001606196756516312,39.85748284637066,2103.144283975908
724,23,5887.50830078125,3653.755904,2227.3740234375,96.84235382080078,61.4490852355957,359.03765869140625,6.001710789860226e-05,0.0,5330.830078125,1,0,1,0,0,46,0,0,0,1,0,2649.1280715747057,18797.946621271007,12830.976306578465,0.02247856972764002,0.004511959707800236,,
725,13,3352.941650390625,2602.791936,5370.5341796875,413.1180419921875,302.77130126953125,2918.292724609375,0.0003793021896854043,0.0,30389.115234375,0,1,0,0,0,16,0,0,0,1,0,12966.90826677144,142429.4429213954,59145.695638105346,1.0841905048008908e-05,4.342651791939753e-05,930.4165511163735,2291.192051845349
726,17,4356.54248046875,2237.690368,928.0126953125,54.58898162841797,98.55992889404297,906.6072387695312,0.00013743084855377674,0.0,10170.5732421875,0,1,0,0,0,29,0,0,0,1,0,3618.2781052775945,31335.168616163992,21871.50504859814,0.0052026461323949735,0.0032127817124931483,935.0891414263492,2998.5889426781214
727,15,3865.496826171875,2377.968128,2833.275390625,188.88504028320312,145.74462890625,1878.4349365234375,0.0002525131858419627,0.0,19433.927734375,0,1,0,0,0,26,0,0,0,1,0,9015.321925444003,84763.95295663833,55911.25849819748,0.0016807023276185773,0.0007135659165840068,,
728,23,5879.33935546875,3288.46592,1827.86767578125,79.4725112915039,49.63199996948242,291.86407470703125,5.657802466885187e-05,0.0,4179.28076171875,0,1,0,0,0,40,0,0,0,1,0,1803.2324742447865,12546.77004243657,9085.709974214828,0.0002620116495065383,0.00649864059189556,,
729,17,4364.63427734375,3194.931712,860.990234375,50.646484375,103.07996368408203,640.7507934570312,0.0001129883385146968,0.0,6922.896484375,0,1,0,0,0,30,0,0,0,1,0,3443.238177788795,21065.551669563927,18473.31533443912,7.662397874605431e-05,0.00094413120432741,,
730,17,4416.4912109375,2452.2112,896.5751953125,52.73971939086914,103.32044219970703,893.0115356445312,0.00011669090599752963,0.0,9236.94921875,0,1,0,0,0,26,0,0,0,1,0,4903.711659836055,62530.10424067956,32303.462570365627,0.0017392954678143446,5.426152652532323e-06,1913.2049687581755,23.574159400242706
731,18,4692.62255859375,2564.440576,280.7568359375,15.597601890563965,111.70326232910156,868.47412109375,0.00010123368701897562,0.0,11504.9931640625,0,1,0,0,0,39,0,0,0,1,0,4962.614106597931,32728.338853912526,31466.61119011074,6.516936011538577e-05,0.00043913971110425,,
732,15,3914.062255859375,2307.687424,2807.5830078125,187.17221069335938,171.1734161376953,1432.091796875,0.00021829150500707328,0.0,16393.927734375,0,1,0,0,0,23,0,0,0,1,0,7239.422868387405,49062.21472474969,48099.75705473866,0.00047026549504931153,4.195553188907075e-05,889.651709997968,2914.5396275076264
733,18,4660.6494140625,2514.485248,270.923828125,15.051323890686035,79.36214447021484,619.4597778320312,0.000102921316283755,0.0,7528.68505859375,0,1,0,0,0,34,0,0,0,1,0,3251.5180335789505,32873.91653229202,19161.174819157783,0.00030465849827117364,8.976320247163676e-05,,
734,15,3904.3427734375,2512.90112,2486.39453125,165.7596435546875,130.84947204589844,1921.8895263671875,0.0002271492121508345,0.0,17753.375,0,1,0,0,0,27,0,0,0,1,0,5845.468052614232,52753.04761819914,26700.79679081715,0.0005654408751864948,0.004781329480549962,,
735,16,4129.876953125,2296.063488,1868.4189453125,116.77618408203125,144.70216369628906,1362.05859375,0.00021075909899082035,0.0,17782.0703125,0,1,0,0,0,28,0,0,0,1,0,7165.779068987586,61362.13676819202,37529.522533399635,0.0008013050434208108,0.0060299430330842535,,
736,25,6358.11181640625,3413.753344,2664.9833984375,106.59933471679688,24.402080535888672,279.8390808105469,6.241794471861795e-05,0.0,4595.4794921875,0,1,0,0,0,48,0,0,0,1,0,2131.2075601273355,18309.887663331436,12050.594486330268,0.0006975281356793317,0.00034721990667772873,931.8426589380861,3373.7312330744335
737,13,3335.89208984375,2852.911104,3488.0673828125,268.3128967285156,124.23495483398438,1340.5845947265625,0.00019523520313668996,0.0,11335.591796875,0,1,0,0,0,24,0,0,0,1,0,5710.961198368132,47413.582342266425,42670.53141708837,0.010877283046784453,0.013912840855783079,1123.8119017595718,1186.715918385572
738,19,4826.66162109375,2423.998464,312.626953125,16.454050064086914,151.9295196533203,965.1188354492188,0.0001720238069538027,0.0,11655.1220703125,0,1,0,0,0,34,0,0,0,1,0,7268.427622265246,58841.67809063528,40650.1854920967,0.0002973838482410139,8.644939116672634e-05,160.66222234194038,2526.7332254308917
739,19,4839.96240234375,3014.057984,279.90625,14.731907844543457,69.0636215209961,469.9364318847656,9.11445458768867e-05,0.0,6162.04541015625,0,1,0,0,0,32,0,0,0,1,0,2907.011791724957,20469.024701845054,19891.812083343444,0.0018213198849465553,0.001292201190673574,,
740,13,3333.26953125,2310.230528,5424.4716796875,417.2670593261719,270.96905517578125,3242.02783203125,0.0004400269826874137,0.0,30235.248046875,0,1,0,0,0,16,0,0,0,1,0,12477.176453429705,146864.4799322576,58247.43346987461,0.0020804684531902434,0.0011140440894029623,681.3545661327174,1923.8610784144516
741,19,4875.400390625,2172.814848,309.2431640625,16.275955200195312,103.12643432617188,601.6058959960938,6.921085878275335e-05,0.0,8588.8779296875,0,1,0,0,0,34,0,0,0,1,0,3667.83494399789,27746.464391656642,23486.07846533906,0.00017691948291392867,0.0004328516390062695,1123.703844758561,3542.162919769034
742,19,4878.083984375,2571.008,262.8984375,13.836759567260742,101.5029067993164,743.7312622070312,8.706058724783361e-05,0.0,10496.2880859375,0,1,0,0,0,38,0,0,0,1,0,4633.7000492758825,63209.7848291217,29499.185809719842,0.0007513034892871265,0.0017770408315723601,,
743,14,3614.5390625,2246.200832,3547.724609375,253.40890502929688,164.62393188476562,2209.960205078125,0.00029486106359399855,0.0,18975.556640625,0,1,0,0,0,19,0,0,0,1,0,10353.619765007306,85779.44655928358,57780.259724310665,0.0016587971699058048,0.0014644325638662435,,
744,22,5649.61865234375,3002.980864,1722.220703125,78.28276062011719,71.10384368896484,438.3395690917969,7.785049820085987e-05,0.0,6561.7900390625,0,1,0,0,0,41,0,0,0,1,0,3301.4464649778424,27491.474067249223,16183.656424137072,0.0006897801259112338,0.0013692638717903854,869.4966239236687,1551.3225835619783
745,16,4118.8544921875,2992.04096,1825.8505859375,114.11566162109375,159.72442626953125,1528.5753173828125,0.00023357663303613663,0.0,15317.912109375,0,1,0,0,0,27,0,0,0,1,0,6944.1928529246925,55524.55518694474,51048.449787458914,0.0026579647564309054,0.00140625083003546,,
746,19,4866.52099609375,2705.113088,272.107421875,14.321443557739258,89.98724365234375,552.4910888671875,0.00010360397573094815,0.0,7138.51318359375,0,1,0,0,0,33,0,0,0,1,0,3565.947148712752,42845.07306800425,22213.157679282947,0.0011462054032288158,0.001989322143740861,503.13531785262785,2837.975090275757
747,18,4617.18408203125,2927.551488,274.3076171875,15.239312171936035,98.37808227539062,383.9790344238281,8.851060556480661e-05,0.0,4897.93115234375,0,1,0,0,0,29,0,0,0,1,0,2598.6465471108368,19655.121783755436,15927.31924771518,0.0005810120911633465,2.698512072220327e-06,1323.2097594492807,3310.1811449968623
748,21,5364.74755859375,2961.373184,1340.986328125,63.85649490356445,85.56146240234375,447.3736572265625,7.549460860900581e-05,0.0,6468.154296875,0,1,0,0,0,37,0,0,0,1,0,2389.0302710301835,13043.540301697903,12084.271456070643,0.000910142250631827,0.00991992563539832,,
749,18,4622.68701171875,2963.923456,297.2841796875,16.51578712463379,91.34810638427734,993.0481567382812,0.00013509004202205688,0.0,12023.2109375,0,1,0,0,0,35,0,0,0,1,0,4420.210313911443,32021.687673682238,25692.56155228245,0.0011929681664649416,4.8566696677028454e-05,,
750,19,4883.15087890625,2961.43872,321.958984375,16.945209503173828,249.05520629882812,869.1739501953125,0.00019565285765565932,0.0,11282.6669921875,0,1,0,0,0,38,0,0,0,1,0,5740.223458454953,42094.157955471346,31092.449134843275,0.00316311861131887,0.006140711825885747,,
751,20,5133.4052734375,3173.49376,880.83984375,44.0419921875,99.70092010498047,602.2616577148438,0.0001004382356768474,0.0,9184.517578125,0,1,0,0,0,32,0,0,0,1,0,4422.332983655201,38125.86493682329,23907.85537572892,0.00026554107473558686,0.0009500702989176414,1177.7428222883566,2108.883466771383
752,20,5131.8056640625,3213.464064,684.0966796875,34.204833984375,69.55011749267578,527.1197509765625,9.568126552039757e-05,0.0,6817.91796875,0,1,0,0,0,35,0,0,0,1,0,2904.513603909011,18966.858140520228,16406.16175672464,0.0019929695469700116,0.003737247299022351,,
753,19,4874.47216796875,3127.575552,147.9931640625,7.789113998413086,44.41392517089844,375.4591979980469,6.31575530860573e-05,0.0,4626.76123046875,0,1,0,0,0,32,0,0,0,1,0,2174.673868100044,17149.70476239212,11457.774330227234,0.0007990838570612613,0.0005256199145583281,38.881477318539964,2435.0683427122713
754,17,4358.08984375,2834.574848,1113.87109375,65.5218276977539,146.73301696777344,1296.4212646484375,0.0001819412427721545,0.0,14662.0791015625,0,1,0,0,0,33,0,0,0,1,0,7241.919089515339,69871.40753157675,44687.91310520709,0.0062295982693367155,0.0026355145870638544,,
755,11,2847.108154296875,1951.749632,8153.6953125,741.2450561523438,263.13153076171875,3708.779541015625,0.0005033467314206064,0.0,32867.16015625,0,1,0,0,0,12,0,0,0,1,0,8384.633971783316,62119.00031706793,56252.38368250773,5.5854379231862206e-05,0.00014382969343374082,600.3796989632556,1992.1870934873818
756,16,4110.50537109375,1867.01568,1567.3916015625,97.96197509765625,158.42491149902344,1126.5250244140625,0.00018093564722221345,0.0,12897.140625,0,1,0,0,0,30,0,0,0,1,0,8070.182835867747,63450.606576109334,63216.68839482821,0.0011222258043830438,0.0008488123028144029,682.1974030510346,3164.853125893351
757,16,4107.94580078125,2307.990016,1682.896484375,105.1810302734375,102.35033416748047,823.2623901367188,0.00012394977966323495,0.0,9266.119140625,0,1,0,0,0,31,0,0,0,1,0,3636.615191174963,29398.950817463952,18422.78601801541,0.0019350988336653066,0.015016827463780774,320.2704103160936,1921.0167541684482
758,23,5866.021484375,3199.051264,2024.0419921875,88.0018310546875,54.258338928222656,327.19903564453125,6.483647302957252e-05,0.0,5000.42333984375,0,1,0,0,0,40,0,0,0,1,0,2379.4832112858494,16059.994966886898,9101.757462161268,0.0007921110893205005,0.004426610559069816,594.0540906868723,1811.7952246065224
759,19,4844.796875,3410.535936,312.9091796875,16.468904495239258,95.92481231689453,587.7662963867188,0.00014240527525544167,0.0,7450.37548828125,0,1,0,0,0,32,0,0,0,1,0,3438.9635269133005,24655.864410500853,22506.2207454498,0.0009193116542453028,8.61582582444044e-05,346.97681908269124,1882.431697927324
760,17,4339.25634765625,2812.054528,1059.8076171875,62.34162521362305,127.52069091796875,1374.0966796875,0.0001909804268507287,0.0,16473.169921875,0,1,0,0,0,32,0,0,0,1,0,7720.7412008308,53868.46761596607,39963.58512214848,0.001706418993350764,0.001767174794289783,,
761,20,5096.119140625,2795.564032,842.572265625,42.12861251831055,116.17134857177734,644.8632202148438,9.809665061766282e-05,0.0,9583.212890625,0,1,0,0,0,34,0,0,0,1,0,4213.185743864709,42618.92373602406,34686.64295149289,0.0002005569858172518,0.00021954037350091493,237.46521619094574,2110.7535931737516
762,20,5100.7294921875,3041.50528,831.0283203125,41.55141830444336,214.6441192626953,986.7708129882812,0.00017476928769610822,0.0,15902.146484375,0,1,0,0,0,38,0,0,0,1,0,4744.745780588105,30313.507346580493,21874.066568415863,0.0024839055640100485,0.00018149029745898743,,
763,17,4348.0947265625,2844.34944,1107.291015625,65.134765625,186.24334716796875,1616.862548828125,0.00023637285630684346,0.0,19820.830078125,0,1,0,0,0,30,0,0,0,1,0,10091.655335827687,82904.89707983703,72438.94960351998,0.0017406344730439716,8.881753833938494e-05,776.7580207998994,3125.4533472397675
764,17,4340.732421875,2617.54624,886.80078125,52.16475296020508,111.278076171875,663.8848266601562,0.00012105297355446965,0.0,8342.79296875,0,1,0,0,0,27,0,0,0,1,0,3129.3647686919717,24859.6517964749,19624.195034407225,0.0012748217210612131,0.00034704421449837167,1065.3754185867779,3079.3486415287093
765,16,4080.9052734375,2474.186752,1845.9072265625,115.36920166015625,107.850341796875,1295.927978515625,0.00018331638420931995,0.0,12953.6875,0,1,0,0,0,26,0,0,0,1,0,6934.107370575876,67618.23383544781,36251.256213108536,0.00030347727414880427,0.001976371776676436,,
766,14,3587.66552734375,2128.17152,2851.1015625,203.65011596679688,155.89727783203125,1440.2418212890625,0.00018681015353649855,0.0,14152.369140625,0,1,0,0,0,28,0,0,0,1,0,7082.281241182387,41572.21939142994,38716.39539803781,0.001023450724084371,0.00040993102726400235,,
767,16,4088.441162109375,2174.496768,1597.5029296875,99.84393310546875,112.71712493896484,1416.58154296875,0.0001706745388219133,0.0,16159.263671875,0,1,0,0,0,27,0,0,0,1,0,10103.36144650071,79860.21087709616,67214.73378575298,0.000734209123086367,0.002175936904382096,,
768,17,4339.7802734375,2546.386944,1004.0869140625,59.06393814086914,96.36531066894531,1021.707763671875,0.00013561772357206792,0.0,11278.451171875,0,1,0,0,0,28,0,0,0,1,0,5394.150439821346,35642.26641637179,30322.012240964013,0.0023197788583188272,0.005846577407526393,631.5396854906958,2641.551018997503
769,18,4600.30908203125,2797.861376,338.33984375,18.79665756225586,105.84405517578125,1336.04248046875,0.00017623846360947937,0.0,16285.3447265625,0,1,0,0,0,29,0,0,0,1,0,8335.641053208381,56072.59599267784,48996.75195764888,0.002018661383106253,0.0004476902763306048,714.2380992303847,2936.132780634576
770,18,4591.30078125,2823.566336,321.501953125,17.86121940612793,110.61875915527344,794.4266357421875,0.00013925493112765253,0.0,10529.873046875,0,1,0,0,0,32,0,0,0,1,0,4131.569669363831,47684.07297638562,23335.608195064695,0.0001302259902514792,0.0027039029911085453,933.4014668907157,3225.7261819215573
771,16,4086.51025390625,2550.43072,1897.7568359375,118.60980224609375,141.96603393554688,1714.2574462890625,0.0003026123740710318,0.0,18783.669921875,0,1,0,0,0,31,0,0,0,1,0,6167.219807187888,48944.58766941927,29247.68822358917,0.0007658322848598728,0.001625669520229597,,
772,16,4098.3330078125,2322.960896,1775.798828125,110.9874267578125,146.91506958007812,1557.06298828125,0.00023666945344302803,0.0,15013.197265625,0,1,0,0,0,29,0,0,0,1,0,7580.600019573102,80731.44818785872,47896.874430996555,0.0002591880806578628,0.0018600538579527197,,
773,17,4333.72607421875,2440.224768,999.974609375,58.82203674316406,119.75069427490234,751.796875,0.00012705574044957757,0.0,8583.509765625,0,1,0,0,0,32,0,0,0,1,0,3941.0972571574357,43747.39109463954,21727.854277356662,0.002444201375572441,0.0027321455156254625,,
774,21,5336.0498046875,3062.08768,1109.5693359375,52.83663558959961,42.17653274536133,247.98851013183594,4.4030242861481383e-05,0.0,3716.789306640625,0,1,0,0,0,40,0,0,0,1,0,1660.835256758813,10751.476453133293,10348.917092321903,0.010537775018520809,0.0006810622833159849,1126.2698018427925,1251.1391278120961
775,16,4086.1591796875,2879.69536,1819.353515625,113.7095947265625,217.04039001464844,1599.691650390625,0.00028281970298849046,0.0,17720.994140625,0,1,0,0,0,24,0,0,0,1,0,9577.970977843072,78466.45865968968,60827.13040028579,0.0015802627073195075,0.001639466230036947,,
776,18,4583.0595703125,2537.085952,257.4033203125,14.30018424987793,93.3590316772461,693.7896118164062,0.00013527090777643025,0.0,7671.29736328125,0,1,0,0,0,34,0,0,0,1,0,3632.8739731953797,28938.127834761708,19304.493913922353,0.0006602145345388707,0.00046220295561784017,1059.2907117581476,3411.1248802064583
777,15,3851.50146484375,2274.47296,2778.3837890625,185.22560119628906,231.44613647460938,2066.410888671875,0.00028751036734320223,0.0,21625.5,0,1,0,0,0,23,0,0,0,1,0,11895.186114448119,91249.33012424545,75629.22616941704,0.0015532507356492906,0.0034979321058650533,1479.5970904066053,678.7231095565962
778,19,4838.64111328125,2519.072768,298.263671875,15.698087692260742,134.95909118652344,866.449951171875,0.00016951040015555918,0.0,11358.5068359375,0,1,0,0,0,39,0,0,0,1,0,5211.043172545622,42151.11960065824,28203.99654537036,0.00187735335576307,0.03092639411756677,,
779,20,5229.8349609375,3140.013056,817.49609375,40.87480545043945,70.84942626953125,470.9235534667969,8.503162098350003e-05,0.0,6213.95556640625,0,1,0,0,0,36,0,0,0,1,0,2917.058216148026,21507.044546065797,20277.001074898395,0.00010085750873722876,0.0056496747461810895,785.5475119655365,1870.4046702100577
780,17,4328.62841796875,2912.728576,902.9853515625,53.11678695678711,125.59308624267578,559.6574096679688,9.106304059969261e-05,0.0,6805.5751953125,0,1,0,0,0,31,0,0,0,1,0,3624.708317736706,49126.67467950548,22342.21057879297,0.00021033492644614155,0.008800771184623968,,
781,18,4594.85546875,2756.623872,374.126953125,20.78483009338379,129.76678466796875,1025.6341552734375,0.00018004961020778865,0.0,12491.4892578125,0,1,0,0,0,29,0,0,0,1,0,6353.668326420541,51920.334860072086,36173.36970250208,0.00035597615502315147,0.0034432921256468347,,
782,17,4360.9990234375,2701.360128,1090.5908203125,64.15240478515625,174.72157287597656,1686.1234130859375,0.0002548609336372465,0.0,19552.841796875,0,1,0,0,0,30,0,0,0,1,0,10438.57774703944,86640.78496757928,72653.10304305525,0.0010426722334979759,0.0005064019418471507,,
783,16,4113.62060546875,2389.487104,1625.4814453125,101.59259033203125,166.2674560546875,946.2760620117188,0.00013600011880043894,0.0,10852.421875,0,1,0,0,0,25,0,0,0,1,0,6220.8273174751685,63532.57919981478,48730.65228254776,0.0005676239979464683,0.005407540756563807,,
784,15,3858.01953125,2196.934656,2513.1572265625,167.5438232421875,143.28512573242188,1087.95166015625,0.00021436090173665434,0.0,11173.96484375,0,1,0,0,0,24,0,0,0,1,0,5501.773790833109,54690.75020440123,31964.054827386622,0.007612505679494525,0.00157383847093448,,
785,14,3607.3330078125,2006.156288,3598.4189453125,257.0299377441406,245.09796142578125,3287.867431640625,0.0004650713235605508,0.0,29070.5859375,0,1,0,0,0,28,0,0,0,1,0,13209.847277775254,95848.74444210243,88023.1133174866,0.0008080123950228446,0.003698754275265635,,
786,23,5889.17333984375,3097.98912,2012.6552734375,87.50675201416016,62.82917404174805,234.2698516845703,4.591116521623917e-05,0.0,3335.869873046875,0,1,0,0,0,32,0,0,0,1,0,1512.3719534692677,12780.218162132041,6873.073648077489,0.005313873575405494,0.0023253340182226735,437.70427674337725,2374.854942022889
787,19,4865.201171875,3357.090304,274.6171875,14.453536033630371,113.15660858154297,562.4199829101562,9.47340959100984e-05,0.0,7932.994140625,0,1,0,0,0,30,0,0,0,1,0,4951.419078856966,33990.347233924935,33444.380516047626,0.0032225470954555385,0.0066376552438297525,702.4612869725995,2768.9033258029935
788,17,4355.125,2702.731264,907.6005859375,53.38827133178711,112.15286254882812,1037.1536865234375,0.00012922342284582555,0.0,12257.521484375,0,1,0,0,0,34,0,0,0,1,0,4265.343759653601,33164.693357518445,27768.416123430932,0.00033947765415875963,0.0004163130139174659,19.91402310506828,2464.889894449311
789,18,4600.40380859375,2645.083648,302.9248046875,16.82915687561035,98.65145874023438,1144.5289306640625,0.00013812797260470688,0.0,14467.5947265625,0,1,0,0,0,38,0,0,0,1,0,6390.906036014111,41649.398894829894,41263.838985393835,0.0006278555385291762,0.001278518056315757,,
790,17,4350.232421875,2539.757568,980.6298828125,57.684112548828125,138.35313415527344,1158.6322021484375,0.00017406389815732837,0.0,13428.15625,0,1,0,0,0,31,0,0,0,1,0,7779.720396233352,79361.8769866786,43567.163451725784,0.0006294135328981931,0.00274729639735094,1141.494434946721,3551.38456539373
791,16,4108.564453125,2339.245056,1507.5478515625,94.22174072265625,105.00859069824219,839.091064453125,0.00014883432595524937,0.0,9197.5341796875,0,1,0,0,0,22,0,0,0,1,0,3944.6453026494355,48747.5890240448,13795.80700067243,0.0005430072735911964,0.0016742587515758411,,
792,21,5370.98876953125,2953.193984,1378.8203125,65.65811157226562,88.11848449707031,603.1857299804688,9.592750575393438e-05,0.0,8441.2763671875,0,1,0,0,0,37,0,0,0,1,0,5254.051169152378,54584.791801706495,34099.142417706586,0.001118291668052756,0.001569931084938147,1539.7529569584476,820.9337243926507
793,19,4870.6748046875,3270.465024,318.416015625,16.758737564086914,101.53119659423828,569.7115478515625,0.00013674578804057091,0.0,6648.6005859375,0,1,0,0,0,34,0,0,0,1,0,3012.260297195306,18874.272580673613,17672.707403688757,0.006937977900061013,0.00822746516814819,,
794,23,5872.1650390625,3420.055552,2205.3779296875,95.88600158691406,81.23773956298828,369.835693359375,8.874071500031278e-05,0.0,5771.134765625,1,0,1,0,0,43,0,0,0,1,0,2670.721262583005,18044.086040009897,15541.125402922757,0.0033167102745205786,0.003190836781335124,949.9974072155296,3369.704622343108
795,21,5375.88916015625,3586.558976,1114.3623046875,53.06487274169922,68.52735137939453,424.98516845703125,6.029980431776494e-05,0.0,5115.87646484375,0,1,0,0,0,35,0,0,0,1,0,2574.2672439481403,53700.58825459389,12517.00378855521,0.004823210256946743,0.0007571143700981775,,
796,17,4351.83740234375,2905.133056,847.197265625,49.83513259887695,86.12052154541016,681.486328125,8.789155981503427e-05,0.0,9585.216796875,0,1,0,0,0,31,0,0,0,1,0,4963.128629045168,79478.88737491697,26007.918663704953,0.0018734138973653287,0.001865838049627408,,
797,16,4108.22998046875,2275.20768,1816.0185546875,113.50115966796875,127.96937561035156,932.4458618164062,0.000252704689046368,0.0,10845.0341796875,0,1,0,0,0,27,0,0,0,1,0,5972.825765941221,110173.00437147777,26723.883235325935,0.0018416271491495948,0.021169960792370074,811.4675768583784,1330.3680681820651
798,17,4362.1376953125,2375.018496,1010.8916015625,59.464210510253906,100.03453063964844,888.1103515625,0.00012970676471013576,0.0,10771.0673828125,0,1,0,0,0,31,0,0,0,1,0,4646.112179147954,42205.67692356851,35211.06740943732,0.0006484800512263078,0.0013013447706615167,541.5428087479008,1731.6862541494233
799,18,4602.81640625,2602.281984,329.6103515625,18.31168556213379,86.91072082519531,631.6163330078125,0.00012061879533575848,0.0,8234.4462890625,0,1,0,0,0,32,0,0,0,1,0,3256.9183224597327,17190.64367774175,16445.10280571745,1.0614107334480649e-05,0.0030266129628285163,713.0388962713364,3130.939465378242
800,20,5120.85205078125,3087.54688,710.3984375,35.51992416381836,57.57095718383789,524.451904296875,7.338040450122207e-05,0.0,6990.6318359375,0,1,0,0,0,39,0,0,0,1,0,2680.6972362014926,16043.627090446822,10285.217076983232,0.002082222150101464,0.0004441760071761808,540.6484364966968,2087.249794951601
801,16,4097.546875,2826.082816,1739.6396484375,108.72747802734375,214.0443572998047,1990.1844482421875,0.000258546118857339,0.0,21068.1875,0,1,0,0,0,28,0,0,0,1,0,9924.660598453847,69847.03696289755,56658.740553559495,0.00015694844269242662,0.0033506935455253697,,
802,18,4592.17236328125,2589.811712,333.5185546875,18.52880859375,91.73393249511719,884.4102172851562,0.0001263934827875346,0.0,10327.7783203125,0,1,0,0,0,32,0,0,0,1,0,4920.541831371606,34724.28854829803,32005.658161096,0.0008765727518033339,3.299286733106366e-05,368.07620307753723,1797.359767362968
803,17,4363.99267578125,2659.580928,867.1767578125,51.010398864746094,84.70014190673828,812.9883422851562,0.00013411030522547662,0.0,8406.5673828125,0,1,0,0,0,30,0,0,0,1,0,4504.387729190513,52586.2819634129,24504.679663029077,0.0010945008213418452,0.0035406300462230713,1356.8944278696613,841.5308318425655
804,21,5365.95556640625,3007.986688,1349.94140625,64.28292846679688,73.02948760986328,467.8561706542969,7.090585131663829e-05,0.0,6526.80908203125,0,1,0,0,0,40,0,0,0,1,0,2745.296977337232,28177.976631741534,12694.254875503944,6.06425823800813e-05,0.003045555718154902,856.6241057205734,1546.656340628323
805,12,3090.995361328125,2365.090816,5122.6787109375,426.889892578125,206.22080993652344,2579.224609375,0.0003081648319493979,0.0,23961.271484375,0,1,0,0,0,16,0,0,0,1,0,11279.275632247438,110162.0458176319,70642.7089291543,0.0003399442313425094,0.0033125146729043736,,
806,17,4367.23681640625,2071.308288,963.9443359375,56.70261001586914,145.79965209960938,995.6954956054688,0.0001576920330990106,0.0,10894.9599609375,0,1,0,0,0,34,0,0,0,1,0,5778.150951619935,55756.38718346972,31791.30696607082,3.382971292490572e-05,0.0004101403536102069,565.2858978344143,1905.0683509738178
807,16,4112.24560546875,2341.182464,1811.3876953125,113.21173095703125,118.16400146484375,1213.7279052734375,0.00015625169908162206,0.0,14723.490234375,0,1,0,0,0,26,0,0,0,1,0,7964.717105559819,81764.4105350824,44419.44092570358,0.0004756957044155961,0.005591028706582096,1929.9353680770978,336.8263080955686
808,21,5384.61962890625,3030.657024,1233.9375,58.75893020629883,49.3679084777832,360.1900634765625,7.638014358235523e-05,0.0,4830.46630859375,0,1,0,0,0,35,0,0,0,1,0,2211.0138833903034,17946.89166289936,15193.196158072958,0.007889015760040419,0.006082912351761889,,
809,15,3844.59521484375,2770.976256,2839.7119140625,189.3141326904297,345.4677734375,3044.553466796875,0.00037827951018698514,0.0,29159.951171875,0,1,0,0,0,19,0,0,0,1,0,11127.092927825428,108305.05468182704,56184.79577614486,0.0012451310335046852,0.0061480998039872,,
810,19,4836.83203125,2668.89728,257.3564453125,13.545076370239258,69.36669921875,498.0745544433594,9.557855082675815e-05,0.0,6079.837890625,0,1,0,0,0,34,0,0,0,1,0,2543.826389283737,20141.017865907448,14445.719550568221,0.002923868364266405,0.010492500868226604,533.0083148605208,2706.7526268291053
811,19,4865.5498046875,3021.304832,332.123046875,17.480159759521484,104.1169662475586,928.0676879882812,0.00014546344755217433,0.0,11176.1123046875,0,1,0,0,0,36,0,0,0,1,0,5599.180371585957,40036.809096091594,34676.678505215204,0.000741377255420457,0.0005212798130250218,333.14749101944653,2729.765502632284
812,21,5342.3046875,3231.758336,1366.9794921875,65.0942611694336,66.33380889892578,573.4186401367188,9.223601955454797e-05,0.0,8242.6748046875,0,1,0,0,0,44,0,0,0,1,0,3544.6406883004197,33666.42470027142,23301.75206405484,0.0010712268897883227,0.0017040885564861344,,
813,17,4336.86767578125,2973.031424,967.3271484375,56.90159606933594,185.45700073242188,1226.6234130859375,0.00017189988284371793,0.0,14738.02734375,0,1,0,0,0,29,0,0,0,1,0,3706.486730303202,27549.173464200914,22014.58581826171,0.004277444495970159,0.003854416284625517,855.2697686046522,2840.1023085151833
814,18,4588.65771484375,2757.728768,347.984375,19.33246612548828,121.00863647460938,849.8434448242188,0.00017518826643936336,0.0,9586.1455078125,0,1,0,0,0,28,0,0,0,1,0,4753.4214390620045,32616.70842522114,31387.555852977275,0.0005247031510368042,0.002536757525421828,,
815,19,4853.2568359375,2894.961152,249.5068359375,13.131938934326172,81.67857360839844,623.4427490234375,0.0001119535299949348,0.0,8178.87451171875,0,1,0,0,0,34,0,0,0,1,0,3676.440475555857,18824.955282184987,12719.261928216916,0.0010365161454940555,0.018276150910448256,243.27689021634205,2154.0173055462938
816,15,3842.683349609375,2514.833408,2528.681640625,168.5787811279297,141.3375244140625,1670.4859619140625,0.0002677790180314332,0.0,14911.4443359375,0,1,0,0,0,23,0,0,0,1,0,8210.433129992685,56764.628461933455,36194.52950946759,0.0012205741524634701,0.001209199876481836,1178.2572536365865,3196.0752301698553
817,21,5345.859375,2857.408512,1328.96484375,63.28404235839844,76.74735260009766,643.1336669921875,0.00012295533088035882,0.0,8971.50390625,0,1,0,0,0,43,0,0,0,1,0,4627.016386225401,31335.224292046612,28289.87978969192,0.0014041588940922958,0.0006982963075076731,550.3313249922121,3030.940661963659
818,20,5102.1982421875,3184.275968,793.8935546875,39.694679260253906,63.16450119018555,557.2861938476562,0.00010528884013183415,0.0,6648.16015625,0,1,0,0,0,31,0,0,0,1,0,3304.3720818216852,29308.80462649279,19783.53656638826,0.000533853051636432,0.0006995372669744461,1199.5087637960228,3234.9637403487327
819,16,4087.42724609375,2692.149248,1765.6884765625,110.35552978515625,153.94635009765625,1933.3724365234375,0.00019330132636241615,0.0,21967.0234375,0,1,0,0,0,31,0,0,0,1,0,9794.007124695307,57433.11018121874,56135.387945873845,0.0002689385157990387,0.001216078589083569,535.3916193241221,1944.8197029862267
820,14,3592.044921875,2146.756608,3259.3291015625,232.80923461914062,157.37440490722656,1777.1114501953125,0.0002250234829261899,0.0,20437.615234375,0,1,0,0,0,27,0,0,0,1,0,10105.185135485188,87467.79521918243,63523.05666053204,0.00030002156414473107,0.00047087142015539126,182.95588624026664,2785.6576020915422
821,21,5356.0673828125,2822.485504,1214.8779296875,57.8513298034668,75.04950714111328,355.3157653808594,8.312174759339541e-05,0.0,4838.4130859375,0,1,0,0,0,41,0,0,0,1,0,2455.043693414784,22931.76244901338,13554.846055071377,0.0007583117218142284,0.002299695000089006,,
822,18,4607.3671875,3113.12384,364.1259765625,20.22922134399414,148.1901092529297,1164.024658203125,0.0002787505218293518,0.0,12708.294921875,0,1,0,0,0,31,0,0,0,1,0,4762.164438148969,37949.60826549791,26898.516873829827,0.005817601137074149,0.007866693357748727,,
823,20,5110.5068359375,3058.35264,910.98046875,45.54902267456055,89.89112854003906,720.3715209960938,0.0001290094223804772,0.0,8691.8603515625,0,1,0,0,0,36,0,0,0,1,0,3878.2784354880678,33086.86861676365,19678.471650824566,0.001430164041394965,0.008781204394740172,,
824,23,5878.189453125,3498.326016,2020.9833984375,87.86884307861328,92.71514129638672,716.8555297851562,0.00013430480612441897,0.0,10212.30859375,0,1,0,0,0,43,0,0,0,1,0,2759.744117680939,15960.360733963511,15140.899590447085,0.0003084921524541817,0.006787260906880359,201.04438961298183,2648.714770169217
825,21,5361.21044921875,3644.62592,1325.6318359375,63.125328063964844,59.52326583862305,469.2082214355469,7.714876119280234e-05,0.0,6618.90625,0,1,0,0,0,39,0,0,0,1,0,3180.307279763585,22563.88219161299,17991.546840027677,0.005249819244579637,0.001328235477207687,,
826,21,5507.7470703125,3623.667712,1345.5048828125,64.07166290283203,81.37876892089844,446.4510192871094,9.96728049358353e-05,0.0,6711.85205078125,0,1,0,0,0,35,0,0,0,1,0,2552.1203238068697,19832.073876566923,16393.222132867933,0.0010627845650065214,0.0010138107926489295,,
827,20,5260.923828125,3434.939904,884.2109375,44.210548400878906,87.89055633544922,494.2043151855469,0.0001256512332474813,0.0,6161.00390625,0,1,0,0,0,37,0,0,0,1,0,2978.490095190247,23902.811270938073,21135.038360602783,0.0049670934851365825,0.0020220198351790855,,
828,21,5359.609375,3366.354944,1332.3310546875,63.4443359375,61.627281188964844,343.7111511230469,7.11314205545932e-05,0.0,4496.94677734375,0,1,0,0,0,37,0,0,0,1,0,1963.4317233387617,14367.759975548039,12813.549841463495,0.0001679553930635444,0.0019842013465506438,592.5889905549068,1639.1510426296502
829,16,4107.490234375,2667.569152,1598.357421875,99.8973388671875,153.70603942871094,1645.21240234375,0.00022232654737308621,0.0,21012.763671875,0,1,0,0,0,30,0,0,0,1,0,8684.900746889147,63439.04660402352,49747.91802721766,0.0011203568556737986,0.0023857107873643535,1005.5818884560367,2288.4127221186523
830,23,5834.775390625,3062.511616,2025.826171875,88.07939910888672,39.1170539855957,380.5702819824219,6.155254959594458e-05,0.0,5947.9423828125,0,1,0,0,0,45,0,0,0,1,0,2572.770553462079,22039.808872440273,15495.418910760422,0.003188455710386638,0.0017251532873140468,81.36274594476981,2530.5620183627716
831,16,4102.8603515625,2958.118912,1572.001953125,98.2501220703125,219.27932739257812,1615.99462890625,0.00030969540239311755,0.0,18707.431640625,0,1,0,0,0,27,0,0,0,1,0,6597.880346703676,36230.34409710135,27524.659398893138,0.002871383032982993,0.003134191280124765,,
832,19,4849.578125,2738.444288,269.9833984375,14.2096529006958,66.5121841430664,458.90234375,0.00013144037802703679,0.0,5615.7578125,0,1,0,0,0,31,0,0,0,1,0,2762.868187755908,29557.440829643663,16992.809822749707,0.0018929652899745,0.008486579855260412,835.0543958415569,2881.267787062373
833,19,4992.1025390625,3016.32768,289.189453125,15.220498085021973,91.95134735107422,531.2476806640625,0.00010524965910008177,0.0,7043.01025390625,0,1,0,0,0,29,0,0,0,1,0,3251.5648703339502,26420.475828217463,22426.81414294929,0.00019204217721405107,0.00034628313092462115,938.4067915011683,3028.2811239627285
834,16,4094.944580078125,2462.475264,1452.3359375,90.77099609375,87.09271240234375,752.9107666015625,0.00011955038644373417,0.0,10921.0986328125,0,1,0,0,0,30,0,0,0,1,0,4560.978043355188,40049.00805983315,23831.951155935127,0.006665391918324749,0.0015380992347762135,437.3860577640064,2595.6468532707977
835,17,4348.31396484375,2429.694976,973.720703125,57.277687072753906,104.82453918457031,1432.2783203125,0.00019755247922148556,0.0,16463.826171875,0,1,0,0,0,35,0,0,0,1,0,5815.709356955114,44973.16749279099,32172.7696016688,0.002530517267720203,0.0021123326311727683,,
836,16,4109.23779296875,2509.745152,2054.3857421875,128.39910888671875,158.890625,2189.30029296875,0.00031573823071084917,0.0,26205.990234375,0,1,0,0,0,24,0,0,0,1,0,13755.669036992584,79431.13572407787,77267.91001561953,0.0006855251535530377,0.000520297303662709,1377.8993554174594,3362.545513308394
837,20,5127.23388671875,2811.83488,906.787109375,45.33935546875,158.04188537597656,948.3449096679688,0.00014280620962381363,0.0,14081.5146484375,0,1,0,0,0,36,0,0,0,1,0,6331.216552180791,45662.096739244516,44947.96693120464,0.0009121265684442909,0.0017181347494522256,,
838,27,6914.44287109375,4137.857536,2935.52880859375,108.7232894897461,32.64936447143555,202.71348571777344,3.863302117679268e-05,0.0,3484.76611328125,1,0,1,0,0,51,0,0,0,1,0,1558.593303065886,13611.974916738487,13311.567568732647,0.0031127881667820517,0.0012713080708579225,895.5260826503879,1425.979195017266
839,16,4234.07568359375,3382.2848,1590.1220703125,99.38262939453125,185.70147705078125,1509.7332763671875,0.00030976845300756395,0.0,16921.56640625,0,1,0,0,0,29,0,0,0,1,0,7455.440817677879,60854.74098624849,51389.60846929585,0.0014265554208168219,0.0013648059155495496,,
840,22,5593.2509765625,3103.064064,1738.3427734375,79.01557922363281,83.63261413574219,430.6506652832031,9.666111873229966e-05,0.0,6089.4140625,0,1,0,0,0,43,0,0,0,1,0,2897.834485521065,22585.39909495314,17399.186789957635,0.0023886386314673907,0.0012114664120053864,,
841,18,4579.57080078125,3297.372672,346.6943359375,19.26079750061035,87.52729034423828,847.6810913085938,0.00014843707322143018,0.0,9269.9697265625,0,1,0,0,0,30,0,0,0,1,0,3816.260083925726,30894.9263677414,29555.985529660957,0.000918961006788295,0.0012239065837800923,765.2304315180922,2914.688389817321
842,15,3834.1796875,2417.393152,2851.0908203125,190.07273864746094,168.4056396484375,1530.068115234375,0.0002900103572756052,0.0,17348.73046875,0,1,0,0,0,23,0,0,0,1,0,8876.538103078361,82882.94510490862,46521.14396449691,0.0010107669904023675,0.00381004785439773,47.32512210191999,2132.712919177563
843,19,4829.728515625,2565.896704,263.837890625,13.886204719543457,69.25521087646484,445.19927978515625,6.154392031021416e-05,0.0,6135.111328125,0,1,0,0,0,30,0,0,0,1,0,2006.307249930974,13498.114097365646,10954.693985731581,0.002480001163546356,0.012542786017990994,695.1001339241243,2621.282965668822
844,21,5341.71728515625,3235.664384,1479.451171875,70.45005798339844,132.68922424316406,749.0694580078125,0.00011925855505978689,0.0,11391.0361328125,0,1,0,0,0,39,0,0,0,1,0,5177.962835003282,49847.62899993445,25968.81879632564,0.0033963358420880004,0.002206434931040613,,
845,16,4085.18359375,2786.381824,1868.1240234375,116.75775146484375,122.8272705078125,2504.323486328125,0.000290368334390223,0.0,23755.068359375,0,1,0,0,0,27,0,0,0,1,0,10774.449243113768,81271.16150215984,63616.95115074889,0.00040548179627867414,0.00046881020473544394,1488.4773350465387,1711.176693334672
846,17,4347.45751953125,2460.5696,1147.8857421875,67.52268981933594,177.16770935058594,1326.5802001953125,0.00023834267631173134,0.0,14786.5654296875,0,1,0,0,0,32,0,0,0,1,0,7314.47795811721,69468.48469353445,45312.20670341082,0.007191516819560966,0.0065833138991255175,814.4185731809548,3116.8374052351564
847,16,4090.89453125,2368.943104,1822.8291015625,113.92681884765625,129.10824584960938,1580.2613525390625,0.0002108006301568821,0.0,16808.0390625,0,1,0,0,0,29,0,0,0,1,0,6856.593045670301,41292.895193126125,34401.790969829904,0.0007178249545859786,0.0005869645160868908,,
848,20,5108.130859375,2833.636864,785.8095703125,39.29047775268555,77.05963897705078,419.2247314453125,7.070801802910864e-05,0.0,5189.0068359375,0,1,0,0,0,34,0,0,0,1,0,2113.5155475743977,27362.489594407765,18995.095860383346,0.0007422561898213923,0.000843000112856318,,
849,19,4880.6708984375,3191.101952,310.927734375,16.3646183013916,74.92484283447266,1074.5455322265625,0.00013906102685723454,0.0,15051.3095703125,0,1,0,0,0,40,0,0,0,1,0,6821.924380132252,52157.58342677999,51397.96948316676,0.002956567513250975,0.004045483635940018,2012.7718800557132,1129.2839815729926
850,15,3849.663818359375,2564.96384,2891.23828125,192.7492218017578,194.0305633544922,2044.758544921875,0.00034697449882514775,0.0,19155.322265625,0,1,0,0,0,24,0,0,0,1,0,8938.859487591,89180.20961629074,69079.40588248397,0.0014575762975609276,0.00090786545431875,636.8345854689658,1351.9734463308234
851,19,4866.58251953125,2706.311168,297.3740234375,15.651264190673828,69.6809310913086,653.1503295898438,0.00011597100819926709,0.0,8714.412109375,0,1,0,0,0,39,0,0,0,1,0,4699.762836311983,41219.7286871339,27002.292853700008,0.006365864577655117,0.001788330580702293,734.2626194810609,3193.4604221135523
852,18,4612.3828125,2931.221504,285.3857421875,15.854763984680176,94.86695098876953,839.4998168945312,0.0001375731808366254,0.0,9235.572265625,0,1,0,0,0,35,0,0,0,1,0,3752.834078693368,23913.685875983923,20826.11801033087,0.0024241606800042646,0.006841227039354594,,
853,19,4870.19384765625,2886.87616,304.87109375,16.045846939086914,87.75822448730469,491.4653625488281,0.00012365715519990772,0.0,6051.13525390625,0,1,0,0,0,35,0,0,0,1,0,2697.811069508445,27846.943244202674,14297.118289167263,0.0003795994739578916,0.005468003400421792,408.463221729869,2671.6330039072272
854,16,4097.32958984375,2653.035008,1835.94140625,114.746337890625,107.52227783203125,1027.1939697265625,0.00014036335051059723,0.0,10694.3232421875,0,1,0,0,0,26,0,0,0,1,0,3804.548026179986,22919.84848947288,20289.8506642576,0.0005513682886325588,0.0017189353267101776,,
855,23,5906.23486328125,3327.492096,1831.14794921875,79.61512756347656,58.06951904296875,419.2821960449219,8.043046545935795e-05,0.0,5511.86865234375,0,1,0,0,0,42,0,0,0,1,0,2156.9793350947516,36658.470723621125,14288.915464284393,0.0062084641313550765,0.0007390422529402647,1004.2708975734904,3462.026562850229
856,21,5390.03662109375,3815.888384,1199.359375,57.11235046386719,50.34242248535156,446.99505615234375,7.802422624081373e-05,0.0,6168.1650390625,0,1,0,0,0,38,0,0,0,1,0,2446.358315302922,13717.700966444694,11650.114684456501,0.0005753562266130191,0.0022873464656104642,1724.6616733181245,564.1679751638552
857,21,5365.6494140625,3418.307584,1345.11328125,64.05301666259766,101.8045883178711,450.77569580078125,9.388917533215135e-05,0.0,6252.46875,0,1,0,0,0,35,0,0,0,1,0,3200.799452763492,32566.73150854622,20770.93193340483,0.0006436807817455162,0.004256119246190536,221.11128278467095,2399.473238110408
858,21,5368.1728515625,3378.957824,1234.8515625,58.80245590209961,49.20564270019531,371.2156982421875,7.755561819067225e-05,0.0,5260.6171875,0,1,0,0,0,34,0,0,0,1,0,2395.5618819552624,27124.412527578726,11801.559813552496,0.00024631679900028944,0.0006724508554421804,638.5189668383341,2936.5487423513264
859,18,4593.328125,3004.784128,331.2158203125,18.40087890625,255.33604431152344,801.5213623046875,0.0001545003760838881,0.0,10091.0751953125,0,1,0,0,0,31,0,0,0,1,0,7325.271937939143,59860.405122543234,56425.17888821427,0.0026237231132483496,0.0006786822431703865,,
860,21,5358.88330078125,3188.75392,1241.4912109375,59.118629455566406,66.49594116210938,366.3109436035156,0.00010663630382623523,0.0,5018.90966796875,0,1,0,0,0,37,0,0,0,1,0,1911.739197146718,13558.780308297379,12424.28787443882,0.0043517074655083435,0.008583675799118375,,
861,17,4354.783203125,3039.518208,1081.0966796875,63.59392166137695,146.3498077392578,921.0630493164062,0.00018670759163796902,0.0,9581.732421875,0,1,0,0,0,26,0,0,0,1,0,3807.9900934493057,23295.65611773568,21443.501663082563,0.002022811451318926,0.006652979578196452,,
862,23,5865.28515625,3376.357376,2015.3095703125,87.62215423583984,48.24217987060547,424.4604797363281,8.627225179225206e-05,0.0,6161.21728515625,0,1,0,0,0,47,0,0,0,1,0,2198.2340968283734,15942.49023107522,14485.898658686998,0.001916989273683771,0.0029392425274470356,746.3245044030023,3245.090818632072
863,15,3853.952880859375,2951.688704,2892.431640625,192.8287811279297,132.3392333984375,1652.7520751953125,0.0002664162893779576,0.0,19373.60546875,0,1,0,0,0,18,0,0,0,1,0,8816.153443528028,70299.38820800041,54425.391824305516,0.0005263167536832241,0.0008615651590675663,,
864,19,4867.25146484375,2692.491776,242.6083984375,12.7688627243042,79.1342544555664,658.8531494140625,0.00010720532736741006,0.0,8453.7470703125,0,1,0,0,0,24,0,0,0,1,0,3997.63462510193,23490.625509878806,19562.913134959,0.0010496681578743509,0.007029410375177542,1309.0112576937063,3265.653688958086
865,15,3848.3759765625,2515.723264,2859.798828125,190.65325927734375,144.2760009765625,1508.3486328125,0.00025037172599695623,0.0,14836.548828125,0,1,0,0,0,20,0,0,0,1,0,6164.216324002375,39979.133471681635,29277.401487785326,0.00010643106490690335,0.0019089408679363352,,
866,19,4851.43359375,2644.480512,317.337890625,16.701993942260742,68.41373443603516,541.4368896484375,0.00010600026143947616,0.0,6159.3818359375,0,1,0,0,0,29,0,0,0,1,0,2674.3627601763783,13902.34142782903,13341.800807425425,0.010393429634451695,0.0023838898359668237,,
867,19,4869.67529296875,3100.739072,314.8984375,16.5736026763916,104.28313446044922,1002.223876953125,0.000129087915411219,0.0,13534.865234375,0,1,0,0,0,39,0,0,0,1,0,4823.090758383458,40866.35067825278,28528.726553969787,0.00039131200703987346,0.006276493173847814,570.9103771875543,3054.4981452443258
868,18,4603.9814453125,2971.283968,306.9755859375,17.05419921875,102.29251861572266,1115.807373046875,0.00011631323286565021,0.0,13822.3798828125,0,1,0,0,0,33,0,0,0,1,0,7885.961440414806,58406.61262298687,56244.81362240125,0.0038368328171586794,0.0003199964904028463,,
869,19,4900.890625,3003.06688,272.43359375,14.338610649108887,64.04312896728516,633.4226684570312,8.468380110571161e-05,0.0,8765.3349609375,0,1,0,0,0,45,0,0,0,1,0,3536.7496726373142,29335.582414741595,15776.387546912747,0.0017163572396590053,0.005526855158663389,,
870,19,4887.57470703125,3093.364736,315.8369140625,16.622995376586914,133.94696044921875,1332.7894287109375,0.00018010626081377268,0.0,15425.5458984375,0,1,0,0,0,31,0,0,0,1,0,7169.112112362524,26702.78707244673,23898.770498107348,0.0030895269381623486,0.0013305110483813158,,
871,18,4619.87451171875,2923.01312,294.69140625,16.37174415588379,93.97488403320312,775.9410400390625,0.00012020603026030585,0.0,8627.783203125,0,1,0,0,0,32,0,0,0,1,0,4233.80615026029,25237.06110359813,24718.567169156704,0.0016898500125733249,0.006477902586548102,,
872,18,4616.421875,2784.445952,334.66796875,18.59266471862793,90.40570831298828,687.6204833984375,0.00010132762690773234,0.0,8211.5302734375,0,1,0,0,0,26,0,0,0,1,0,2994.794921785742,17654.4987130799,16204.849622505808,0.002217797915963965,0.0008265697697611984,617.9347209725026,1266.9254390066083
873,16,4110.2333984375,2564.145664,1954.8017578125,122.17510986328125,97.31156921386719,1493.1851806640625,0.00021274128812365234,0.0,14291.4296875,0,1,0,0,0,21,0,0,0,1,0,7830.165387445498,72775.91528131145,52770.69946699308,0.0014640514345463963,0.0023034665303745955,233.6006374464232,1468.5517314721933
874,16,4105.91259765625,2396.991488,1599.4462890625,99.96539306640625,140.80654907226562,1092.318603515625,0.0002167033962905407,0.0,11923.9248046875,0,1,0,0,0,29,0,0,0,1,0,6275.906805287215,54184.82426676309,32094.5084742583,0.0016609687723096456,0.00344906531367627,817.0567917737994,3049.7571010015317
875,12,3089.8251953125,1966.700032,5904.01171875,492.0009765625,338.34051513671875,5513.01416015625,0.0006608786643482745,0.0,38156.7734375,0,1,0,0,0,17,0,0,0,1,0,10232.43647014362,57623.596040154596,52582.92653279402,0.008139357400509063,0.019735675766632144,,
876,17,4311.95654296875,2127.193088,977.263671875,57.48609924316406,89.400146484375,963.94384765625,0.00014555247616954148,0.0,10728.63671875,0,1,0,0,0,32,0,0,0,1,0,4428.600877012601,28594.50484031218,27253.501311923275,0.000608525036205558,0.0020761478590229504,,
877,23,5846.50146484375,3434.728448,1999.435546875,86.9319839477539,46.60559844970703,268.9539794921875,6.860518624307588e-05,0.0,3894.69970703125,0,1,0,0,0,41,0,0,0,1,0,1845.9959684069745,9980.974950630067,9283.797758846966,8.043772660971775e-05,5.9434562420041664e-05,275.1478296603955,2589.971309374348
878,17,4334.2783203125,3295.407616,1006.2666015625,59.19215393066406,134.5210723876953,1170.258544921875,0.0001487828849349171,0.0,12394.107421875,0,1,0,0,0,34,0,0,0,1,0,5279.771643529532,55296.61213119704,27227.321420649634,0.001017578464690947,0.013754176980122775,,
879,22,5595.87060546875,3325.387776,1730.818359375,78.6735610961914,39.56777572631836,380.43255615234375,8.127665932988748e-05,0.0,5223.79931640625,0,1,0,0,0,36,0,0,0,1,0,2657.848975746246,21640.995975415553,17142.292734964547,9.565840223702687e-06,0.00030765226609368035,672.9010673308683,2799.246019261661
880,15,3837.38818359375,2905.68448,2710.6201171875,180.70802307128906,193.70855712890625,1890.06884765625,0.0002441905380692333,0.0,17631.994140625,0,1,0,0,0,24,0,0,0,1,0,8316.908896134599,68540.66566019332,66029.85048470141,0.0007464025960119101,0.003370910946084202,,
881,20,5102.66064453125,2685.039616,822.8291015625,41.141456604003906,75.87684631347656,450.38433837890625,7.780534360790625e-05,0.0,6111.96142578125,0,1,0,0,0,34,0,0,0,1,0,3476.912950524448,29434.882571713275,21857.569423155695,0.000865319878884302,0.003954571683384603,174.1624104731909,2111.5909796614833
882,17,4352.71337890625,2460.003328,773.458984375,45.497589111328125,84.59941101074219,1008.1033935546875,0.00011277123121544719,0.0,12808.72265625,0,1,0,0,0,31,0,0,0,1,0,5583.152687672499,56458.80907925183,32592.924369750734,0.0008795630653567433,0.00010986058061654425,1568.4924366419616,1906.4818619241964
883,19,4858.38916015625,2585.925632,302.4462890625,15.91822624206543,95.3226318359375,705.9536743164062,0.00011634479596978053,0.0,9105.1337890625,0,1,0,0,0,33,0,0,0,1,0,4040.5829839274534,26532.99532419482,26226.42710170477,0.0020605455955874444,0.0008423740735968091,1647.9643489495859,605.6010572654393
884,17,4327.087890625,2797.787136,887.1748046875,52.18675231933594,105.54603576660156,908.0480346679688,0.00013498487533070147,0.0,10341.060546875,0,1,0,0,0,32,0,0,0,1,0,4770.08259410167,53598.59854812948,30310.54068657798,0.0024023658926620867,0.0005999163678240028,891.4690524437292,3212.520694894513
885,23,5839.09423828125,3270.764544,1987.251953125,86.40225982666016,54.32333755493164,351.07073974609375,8.520207484252751e-05,0.0,4964.2783203125,0,1,0,0,0,37,0,0,0,1,0,2060.634193621599,14613.791681933117,11210.533786497073,0.004347109476683958,6.463452185669766e-05,47.25162078032554,2345.1543229044096
886,20,5092.359375,3514.343424,818.6552734375,40.93276596069336,84.29679107666016,500.339599609375,8.001087553566322e-05,0.0,6282.53662109375,0,1,0,0,0,37,0,0,0,1,0,3203.243672935351,27154.671381228196,21776.12239175647,0.0007987274661672983,0.010274735978824362,,
887,15,3822.506103515625,2638.521344,2486.013671875,165.7342529296875,246.6280059814453,1784.479248046875,0.0003436519473325461,0.0,18429.349609375,0,1,0,0,0,31,0,0,0,1,0,7807.53859750387,47124.0049503767,45805.97100900872,0.0016862594940621634,0.0013705976964923233,,
888,19,4838.16357421875,2665.421312,291.7353515625,15.3544921875,68.38488006591797,726.0592651367188,0.00010698345431592315,0.0,9159.90625,0,1,0,0,0,35,0,0,0,1,0,3501.949032533938,28443.740199574662,17358.653516288872,0.002330747374842155,0.0005343822290526171,324.41752609974355,1994.6901353959292
889,15,3862.2939453125,2558.783488,2875.9482421875,191.72988891601562,132.65972900390625,2376.450927734375,0.00030502438312396407,0.0,22262.478515625,0,1,0,0,0,22,0,0,0,1,0,8064.392742832126,52455.08389168942,52091.87394087036,0.006313252468702207,0.002629975078885155,1000.5457972848949,2891.4888560778622
890,15,3841.435791015625,2173.384192,2838.4267578125,189.22845458984375,130.06019592285156,2204.90576171875,0.00021245380048640072,0.0,20310.400390625,0,1,0,0,0,25,0,0,0,1,0,6892.245197169572,49083.787433244026,42500.31052135879,0.0012617359737169404,0.0003110178300086766,,
891,20,5112.5546875,2798.30528,824.80859375,41.24042892456055,101.32781982421875,652.8278198242188,0.00011616819392656907,0.0,8089.466796875,0,1,0,0,0,41,0,0,0,1,0,3242.682815102403,27730.63066230697,20461.394987827905,0.0011384834835369024,0.00291308534194612,,
892,17,4361.728515625,2682.065408,967.8349609375,56.93146896362305,145.70736694335938,1242.2708740234375,0.00014945205475669354,0.0,15493.0947265625,0,1,0,0,0,28,0,0,0,1,0,7783.181025668152,69821.16116568435,42699.32715984236,0.0006542060329372372,0.0002907881383123964,831.2403808671966,2872.4663872194924
893,19,4857.83251953125,2669.778944,289.23828125,15.223067283630371,90.4044189453125,478.6268005371094,0.00011410816659918055,0.0,6078.89111328125,0,1,0,0,0,31,0,0,0,1,0,2526.983810862984,26308.94808619109,18686.065031284856,3.5206391882949134e-05,0.00454250882397414,,
894,21,5384.95361328125,3374.854656,1370.5029296875,65.26204681396484,74.73181915283203,551.9482421875,8.280399924842641e-05,0.0,8480.6826171875,0,1,0,0,0,44,0,0,0,1,0,4462.330623348149,36291.54983008146,30045.9831303894,0.0019675629100654665,0.003435311954010879,819.4153362578945,2399.7849834835974
895,17,4359.8173828125,3041.87136,862.287109375,50.72277069091797,64.80722045898438,993.27392578125,0.00011633263784460723,0.0,11470.78515625,0,1,0,0,0,32,0,0,0,1,0,3579.7230915132495,19683.98236730428,17221.42137888237,0.0030112252965553143,0.0010323772493838757,,
896,21,5518.9453125,2900.445184,1359.318359375,64.72944641113281,141.77133178710938,890.9454956054688,0.00014141210704110563,0.0,11093.04296875,0,1,0,0,0,44,0,0,0,1,0,4312.711207880003,30223.81483592607,29952.402717875873,0.006402105342310557,0.008907783350391968,,
897,17,4324.3984375,2902.377472,1070.7099609375,62.982940673828125,136.3612060546875,1127.216064453125,0.00019155214249622077,0.0,12240.701171875,0,1,0,0,0,25,0,0,0,1,0,6201.5777168529885,61033.653883010425,46425.73458035563,0.004038256046642805,0.0014918067683693664,,
898,19,4845.146484375,2826.522624,277.3662109375,14.598221778869629,99.52890014648438,854.9932250976562,0.00011876069038407877,0.0,11145.642578125,0,1,0,0,0,37,0,0,0,1,0,5929.277784471695,56857.1342870551,28873.08923245633,0.0011601856159392729,0.002072846480368956,410.8375775854415,2048.2070724470864
899,14,3588.704833984375,2416.078848,4094.416015625,292.45831298828125,326.035400390625,2529.59765625,0.00039460655534639955,0.0,23941.873046875,0,1,0,0,0,21,0,0,0,1,0,10546.017684351775,89879.98328208673,66494.57170224463,0.0004261741460876295,0.0044416389998323,,
900,15,3834.537109375,2123.10784,2562.24609375,170.81642150878906,146.4556884765625,1515.7115478515625,0.0002572889206930995,0.0,15456.822265625,0,1,0,0,0,26,0,0,0,1,0,8299.753564866936,60438.55604446901,36164.1239012627,0.001691541901572828,0.0019691475533775062,,
901,17,4336.50390625,2406.220288,986.5390625,58.03171157836914,116.9510726928711,1073.4403076171875,0.00017274769197683781,0.0,11842.9326171875,0,1,0,0,0,30,0,0,0,1,0,4803.3679590211195,42347.822997994066,24219.004656374927,0.0007608625116869439,0.006319754830789054,1828.6329320502819,412.8828268363403
902,17,4345.79638671875,2546.493952,991.8291015625,58.34288787841797,123.64877319335938,816.5878295898438,0.00013019169273320585,0.0,9118.8466796875,0,1,0,0,0,26,0,0,0,1,0,4043.6476043554003,30474.995217752203,22824.946830648994,0.0017604776228232477,0.006022959600038586,,
903,18,4613.6650390625,2728.228864,337.203125,18.73350715637207,113.32942962646484,1445.7568359375,0.00025851221289485693,0.0,14762.9384765625,0,1,0,0,0,29,0,0,0,1,0,7794.833089024792,53662.52997450423,35524.93739267542,0.0023010606918323143,0.002016415763684387,1400.1395919464912,3493.321619099492
904,20,5125.5068359375,3134.624256,753.287109375,37.66435623168945,74.45539855957031,511.0808410644531,0.00010670377378119156,0.0,6423.34033203125,0,1,0,0,0,31,0,0,0,1,0,2722.153747982083,13810.444735993642,13439.884814522527,0.01236475230418814,0.004010070326649502,481.3456781678874,2662.670978448744
905,18,4613.32958984375,2921.124352,305.2646484375,16.95914649963379,104.28012084960938,741.1126708984375,0.00016092252917587757,0.0,9083.0634765625,0,1,0,0,0,35,0,0,0,1,0,4830.166169740376,42781.52252443952,29491.058358149385,0.0001964322014938952,0.0016949640498580693,,
906,14,3568.70556640625,2205.206016,3675.67578125,262.54827880859375,397.9278259277344,2352.2978515625,0.0005347945261746645,0.0,19733.42578125,0,1,0,0,0,26,0,0,0,1,0,8512.306457260782,72119.01241800113,50283.2115437133,0.00018732486312220825,0.000520478967909091,,
907,21,5355.23583984375,2784.598528,1220.9306640625,58.139556884765625,66.0189437866211,474.27239990234375,0.00011961466225329787,0.0,6029.03125,0,1,0,0,0,37,0,0,0,1,0,2752.0332423704617,20081.507587590506,19113.19078844957,0.006503075923104597,0.0015933074105774015,1474.1819085395607,763.9674226269997
908,13,3342.87109375,2496.079872,5108.2412109375,392.941650390625,176.36334228515625,3998.9580078125,0.0004876046150457114,0.0,42464.87890625,0,1,0,0,0,18,0,0,0,1,0,14058.35767103179,100137.64043442809,91246.42347117681,0.0006228269980042139,0.002447825540721524,412.59379427567774,1390.5785780302372
909,25,6358.61962890625,3127.92064,2447.11279296875,97.88450622558594,35.06083679199219,220.70501708984375,4.72186402475927e-05,0.0,3301.843505859375,0,1,0,0,0,47,0,0,0,1,0,1536.315662180738,8384.105627536153,8086.639294802529,0.0010930970699792458,0.005147040586269282,454.5470336966423,2898.956658255647
910,14,3609.03076171875,2961.957376,2780.1328125,198.58091735839844,103.55348205566406,1018.3208618164062,0.00013336278789211065,0.0,10837.0302734375,0,1,0,0,0,26,0,0,0,1,0,6251.209022056665,45862.077962755575,26730.119465441385,0.003150981759887733,0.000534838144668523,1928.3930744167233,667.7999748740358
911,21,5392.4150390625,2892.333568,1451.775390625,69.13216400146484,112.98802947998047,631.0139770507812,0.0001308303908444941,0.0,9112.8291015625,0,1,0,0,0,41,0,0,0,1,0,4054.084774723493,30790.372836880477,18896.053550498244,0.0016802460824538248,0.0006357109496602439,993.1330506827221,3461.0451856628156
912,19,4877.6669921875,3073.66656,256.3876953125,13.494089126586914,105.48247528076172,601.5485229492188,0.00010622941772453487,0.0,7686.32080078125,0,1,0,0,0,34,0,0,0,1,0,3434.070601039167,28661.054718264524,19244.74937654702,0.0008453632429581692,0.0048403314594618885,1122.4991694544783,1308.6389150480845
913,25,6371.72900390625,3483.914752,2706.11083984375,108.24443054199219,44.54158401489258,253.91233825683594,6.797246169298887e-05,0.0,4130.2158203125,0,1,0,0,0,44,0,0,0,1,0,1862.6087698086158,8220.301935873656,7164.482457371372,0.008989863544241066,0.001184953649636722,780.0893481281182,3108.553330410706
914,17,4337.86572265625,2959.585792,1198.462890625,70.49781799316406,156.0957794189453,1555.02099609375,0.0002458066737744957,0.0,17329.25390625,0,1,0,0,0,28,0,0,0,1,0,9926.353688020718,101966.16887416088,53898.24621738512,7.199738963871438e-05,0.0010460749780422073,585.7467688000015,2853.868527019896
915,21,5331.97314453125,2750.948864,1315.5185546875,62.643741607666016,100.30331420898438,709.0625610351562,0.00010259550617774948,0.0,9507.8642578125,0,1,0,0,0,44,0,0,0,1,0,4851.694624265642,44540.13995527874,44067.84902819056,0.00045043310138013527,0.0008016096195447575,,
916,18,4581.7373046875,3063.79776,321.6904296875,17.87169075012207,86.48030090332031,829.5804443359375,0.0001179017053800635,0.0,9677.482421875,0,1,0,0,0,31,0,0,0,1,0,4459.635352815644,45733.51529672547,24724.58946463649,0.0005039043242770561,0.0040461660371387195,474.98198964506673,2631.138611502404
917,21,5336.01171875,3047.33184,1357.1328125,64.62537384033203,85.05062103271484,835.964111328125,0.00014533339708577842,0.0,12053.67578125,0,1,0,0,0,40,0,0,0,1,0,6304.430311965148,41338.21761469216,36522.504248475234,0.0017838388140989786,0.0009634622942377652,,
918,21,5381.1845703125,3338.628096,1237.1650390625,58.912620544433594,87.02754974365234,336.1661682128906,8.330751006724313e-05,0.0,4621.83447265625,0,1,0,0,0,32,0,0,0,1,0,2592.221056258496,21373.292962779356,17830.04993856074,6.228220537244158e-05,0.0020351782986638214,100.26837572512704,2010.6760636063827
919,17,4755.53857421875,2841.590784,992.0625,58.35661697387695,197.897705078125,1525.38427734375,0.00020461923850234598,0.0,18004.89453125,0,1,0,0,0,35,0,0,0,1,0,5063.511840802479,29275.916659862447,24799.039671814407,0.0013943219337853932,0.00221933373767888,,
920,9,2329.8779296875,1668.244992,10758.5166015625,1195.3907470703125,242.60592651367188,2869.491455078125,0.0005111355567350984,0.0,18256.4375,0,1,0,0,0,10,0,0,0,1,0,6176.342292335007,99008.4882879212,6289.907822416281,0.004583018957194373,0.08957175169986381,735.7903660070297,1670.1649881500905
921,15,3847.112060546875,1728.974848,2664.845703125,177.65638732910156,159.04412841796875,1965.2559814453125,0.0002216454449808225,0.0,20483.69921875,0,1,0,0,0,23,0,0,0,1,0,6362.656018708222,43899.615613262016,39136.70023589808,0.0033982525970276747,0.0015941396486640102,580.194866017574,2410.624272502985
922,21,5364.34814453125,2835.3152,1303.796875,62.085567474365234,61.299835205078125,580.2332763671875,8.581010479247198e-05,0.0,8309.4970703125,0,1,0,0,0,40,0,0,0,1,0,3408.6418678182577,25969.196086756598,21823.741764129634,0.0007553132595168599,0.0010690325770436673,,
923,20,5105.14453125,3222.981632,857.4609375,42.873046875,83.00259399414062,645.3099975585938,0.00010985168046317995,0.0,9145.240234375,0,1,0,0,0,32,0,0,0,1,0,4182.135603389513,36203.899698045505,27840.589788634363,0.004989107936040918,0.0051109015933591545,377.94912006712957,1853.3519149738413
924,14,3611.802978515625,2432.940544,3284.0458984375,234.57472229003906,130.65614318847656,1319.580078125,0.00018200170597992837,0.0,13247.638671875,0,1,0,0,0,23,0,0,0,1,0,6320.570555536655,47846.45378772771,28700.489699419824,0.0004892660119453773,0.0003607083469404672,876.9219982659147,3173.1805570062834
925,21,5381.1962890625,2695.593472,1228.4833984375,58.499210357666016,70.267578125,480.6797790527344,8.52938464959152e-05,0.0,6663.095703125,0,1,0,0,0,38,0,0,0,1,0,3623.4509671617666,36928.9833104762,24377.891151548727,1.4542425811749776e-05,0.0028338385653056096,1974.8200076545247,437.67973362294447
926,18,4574.2548828125,3083.806208,347.19921875,19.28884506225586,115.95588684082031,1003.450439453125,0.0001756250421749428,0.0,11291.4873046875,0,1,0,0,0,30,0,0,0,1,0,5921.201226861366,66231.86211869725,34252.203696963756,0.0005777732960304607,0.002119560005085855,,
927,20,5187.21875,2993.785344,822.333984375,41.11669921875,71.6424331665039,768.2625122070312,0.00010815131099661812,0.0,10700.4306640625,0,1,0,0,0,37,0,0,0,1,0,5579.4034841888315,59952.28267304823,37600.34872126941,0.001692111981789285,0.0012369311933509153,,
928,20,5142.7880859375,3205.573632,835.185546875,41.75927734375,70.63320922851562,572.4439086914062,8.572750812163576e-05,0.0,6784.54736328125,0,1,0,0,0,35,0,0,0,1,0,2995.786126993158,31604.832297882658,18350.766584850626,0.0003518228650821742,0.0006285804780403418,,
929,19,4880.2041015625,3100.07296,264.9013671875,13.942177772521973,146.73446655273438,1094.0609130859375,0.0001561779499752447,0.0,14228.095703125,0,1,0,0,0,31,0,0,0,1,0,5611.650406956463,58833.25233040593,30611.916282684433,9.956191950860572e-05,0.015335022944772458,1486.184579139609,3479.066988687768
930,19,4888.078125,3072.125952,235.9150390625,12.416581153869629,70.29730224609375,696.0746459960938,0.00016472049173898995,0.0,8766.810546875,0,1,0,0,0,33,0,0,0,1,0,2949.413900274949,13173.850626726295,9718.109585979038,0.006659454615659852,0.02695809606875561,,
931,18,4627.8466796875,2844.52352,316.591796875,17.58843421936035,147.151611328125,1033.1434326171875,0.00015647688996978104,0.0,11350.2294921875,0,1,0,0,0,29,0,0,0,1,0,6797.757030543296,60015.59837013884,56442.434201218035,5.939962911902935e-05,0.0005062892656969714,392.25198105818345,2784.481110451761
932,17,4376.29150390625,2584.790528,964.9013671875,56.75890350341797,132.2460479736328,942.3655395507812,0.00012609755503945053,0.0,11221.3544921875,1,0,1,0,0,35,0,0,0,1,0,5721.625246225266,50091.272572083806,37888.805595238424,0.010144475337006725,0.0011939027560173184,,
933,18,4624.92041015625,2717.303296,305.8876953125,16.99376106262207,94.42739868164062,699.7042846679688,0.0001228421606356278,0.0,8816.142578125,0,1,0,0,0,35,0,0,0,1,0,5006.012660021283,33152.65456953026,30512.409433049088,0.005591288075449646,0.002946997718850722,,
934,21,5544.88232421875,3208.802304,1208.900390625,57.56668472290039,77.52397918701172,525.0455932617188,0.00010509968706173822,0.0,7208.46240234375,0,1,0,0,0,39,0,0,0,1,0,2688.0723898961523,16620.297879410355,14506.061606598685,0.000317887697668405,0.00010052078980347934,,
935,16,4074.10546875,2857.644032,1849.306640625,115.5816650390625,104.9317855834961,1384.5172119140625,0.00019761935982387513,0.0,14812.466796875,0,1,0,0,0,24,0,0,0,1,0,7652.469739041434,51341.322359278885,47391.520043430384,0.0037295392703011413,0.0018876283993502913,,
936,15,3857.768798828125,2265.817088,2526.4912109375,168.43275451660156,165.06463623046875,2519.839599609375,0.0003605447127483785,0.0,22051.654296875,0,1,0,0,0,22,0,0,0,1,0,10691.856011394308,88915.05703125983,73297.84689975296,0.0018952802614230768,0.00034477103766542005,,
937,21,5353.34375,2917.259264,1479.3310546875,70.4443359375,99.26939392089844,667.6734008789062,0.0001153912307927385,0.0,9369.9140625,0,1,0,0,0,41,0,0,0,1,0,4028.1531332870754,30740.795915776816,21506.708197890366,9.120997835650874e-05,0.0023884893359489845,1022.4376560278622,1434.3780323197245
938,16,4099.86279296875,2875.916288,1628.8505859375,101.80316162109375,133.98138427734375,1613.1324462890625,0.0002447503211442381,0.0,17216.390625,0,1,0,0,0,35,0,0,0,1,0,7368.838813005479,49213.505026959436,47036.99098636945,0.0006035323693123484,0.003377670385200378,,
939,17,4348.35595703125,2576.461312,1117.984375,65.76378631591797,158.03543090820312,1353.784912109375,0.0001934460160555318,0.0,14767.888671875,0,1,0,0,0,25,0,0,0,1,0,7062.390818847528,64415.088081160386,53755.14687518473,0.0003264612795438951,0.0035732027105982653,,
940,19,4848.2578125,2865.380864,256.4775390625,13.498818397521973,73.10729217529297,572.3234252929688,8.501537377014756e-05,0.0,7377.421875,0,1,0,0,0,34,0,0,0,1,0,3197.6104888920545,34286.269578119885,28722.00656436219,0.010443905073349267,8.144239577542907e-05,,
941,17,4351.73291015625,2741.344256,892.546875,52.50275802612305,109.20943450927734,853.4996948242188,0.00011912479385500774,0.0,11027.8916015625,0,1,0,0,0,31,0,0,0,1,0,4848.154599588252,47823.38978561456,26513.032191978396,0.011499006515041182,0.0007857562156799135,1165.5539693484443,3282.9404860458635
942,18,4596.4150390625,2674.10688,296.9453125,16.49696159362793,71.16973876953125,489.468505859375,8.647149661555886e-05,0.0,6148.970703125,0,1,0,0,0,29,0,0,0,1,0,2875.475131757754,23791.028616549724,22140.377497436173,1.3557925760004225e-05,5.9065527381454985e-05,,
943,17,4345.1376953125,2555.483648,1068.8701171875,62.87471389770508,119.5771713256836,1170.279541015625,0.00015374936629086733,0.0,12545.9169921875,1,0,1,0,0,29,0,0,0,1,0,5598.665118370099,49526.7402851338,40686.620908201345,0.0014937066290641732,0.0004837482407302335,978.9953473246463,1282.6996872395034
944,15,3842.311767578125,2279.314432,1821.18408203125,121.41227722167969,122.92841339111328,914.3430786132812,0.0001846282830229029,0.0,9077.2998046875,0,1,0,0,0,29,0,0,0,1,0,5974.567640044288,37805.616886411364,29286.06918874505,0.005436209015009137,0.0015590334076180674,,
945,17,4351.43359375,2440.925696,970.05859375,57.06227111816406,109.56021881103516,1016.9049072265625,0.0001265249593416229,0.0,10554.9609375,0,1,0,0,0,30,0,0,0,1,0,4548.9685569440635,37887.64934804584,25157.085608629128,0.0006503070036211478,0.0007599564885560281,,
946,16,4133.9921875,2436.0576,1794.1650390625,112.13531494140625,87.14015197753906,1327.1339111328125,0.00019309596973471344,0.0,12567.1943359375,0,1,0,0,0,30,0,0,0,1,0,5419.825773274775,39592.16649433578,39476.84899977939,0.001519581991931515,0.001395392114224004,438.16686496470174,2855.568218303296
947,16,4092.53564453125,2333.542912,1896.1767578125,118.51104736328125,187.80584716796875,1439.43359375,0.00020949688041582704,0.0,16447.455078125,0,1,0,0,0,25,0,0,0,1,0,6065.205012102157,39660.63344122544,38892.89126081732,0.0057112438866051135,0.004648570940638162,,
948,18,4604.0703125,2580.368384,353.1416015625,19.61897850036621,100.01174926757812,865.338134765625,0.00014251156244426966,0.0,11370.4384765625,0,1,0,0,0,29,0,0,0,1,0,5807.071104461719,47315.76125474457,34391.37956792937,0.0006859360948210302,0.0020086170978234758,163.04861608565625,2040.3656218144865
949,25,6410.51611328125,3595.356672,2414.1962890625,96.5678482055664,31.945899963378906,212.7803192138672,5.316083843354136e-05,0.0,3944.863037109375,0,1,0,0,0,47,0,0,0,1,0,1817.6755922355758,38935.90887168115,8080.866377845348,8.883476118269487e-05,0.0002191674562226631,,
950,18,4598.96728515625,3420.501504,288.8828125,16.04904556274414,135.0753631591797,798.34814453125,0.00013631700130645186,0.0,8489.3017578125,0,1,0,0,0,25,0,0,0,1,0,3872.535939486114,29466.486383075862,28427.52163519463,0.035097111348507085,0.0030639337234763444,1312.692587937391,399.50111640250384
951,21,5348.95947265625,3114.108416,1228.1865234375,58.48507308959961,62.75835037231445,462.6746826171875,7.285546598723158e-05,0.0,5900.54931640625,0,1,0,0,0,38,0,0,0,1,0,3143.3795994486773,48163.639593817024,17025.057004934046,0.002527224312232894,0.0008084591969264865,1149.0005687243122,1472.5353462891826
952,17,4355.01953125,2944.463872,991.2783203125,58.310489654541016,123.36500549316406,1207.144287109375,0.00016040029004216194,0.0,13651.853515625,0,1,0,0,0,32,0,0,0,1,0,6580.212820225851,56720.785543006656,40320.895160044645,0.0055172523400923434,0.0010172837072031787,,
953,17,4332.2392578125,2602.917376,847.9375,49.87867736816406,107.25355529785156,920.8087158203125,0.00013763421156909317,0.0,11637.08984375,0,1,0,0,0,31,0,0,0,1,0,5054.575683697907,37569.149507553855,32759.638855007648,0.0001840048871194211,0.0008486033437859128,,
954,19,4853.55029296875,2873.72544,307.94921875,16.207853317260742,68.13784790039062,700.9448852539062,0.00010924608068307862,0.0,8579.64453125,0,1,0,0,0,32,0,0,0,1,0,4244.273112141769,43842.76349061378,31136.20849877927,7.251988362037831e-05,0.0017756382701543186,588.2699516031698,2674.69074012876
955,17,4347.4208984375,2822.173184,868.0859375,51.06387710571289,103.68657684326172,607.4749145507812,0.00012115268327761441,0.0,6797.94775390625,0,1,0,0,0,25,0,0,0,1,0,2017.2145406096627,13814.375060852064,13427.298121956966,0.0047117945304497415,2.5053135338751198e-05,,
956,16,4098.7470703125,2428.166656,1834.7138671875,114.66961669921875,121.67171478271484,1682.574462890625,0.00023343802604358643,0.0,17503.501953125,0,1,0,0,0,22,0,0,0,1,0,7037.485246881912,63546.3468755384,45058.989618661544,0.000291911449725131,0.0005061750413693873,79.40802488603958,1761.129620975948
957,17,4347.54296875,2379.759616,979.349609375,57.60879898071289,106.73113250732422,848.6126098632812,0.00012024015450151637,0.0,11532.083984375,0,1,0,0,0,31,0,0,0,1,0,5491.802451461442,44202.18021390355,37619.00670831838,0.0007588986374249083,0.0006639764290743977,,
958,18,4590.4208984375,2563.478016,319.9345703125,17.77414321899414,146.12844848632812,903.2968139648438,0.00012525668716989458,0.0,11940.0498046875,0,1,0,0,0,27,0,0,0,1,0,6939.649641849082,67754.52418001204,54361.52920010439,0.00021002269057157283,0.00010972121154304015,650.9845284387782,1584.5161491309493
959,15,3838.3525390625,2375.049216,2449.98046875,163.33204650878906,146.61892700195312,2825.597900390625,0.00037666026037186384,0.0,26385.20703125,0,1,0,0,0,30,0,0,0,1,0,10543.662111645459,74111.33362644428,67548.27933201601,0.0002697676694858875,0.002592515533792139,,
960,19,4847.93408203125,2668.582912,373.6328125,19.664884567260742,88.69925689697266,791.210205078125,0.00011550444469321519,0.0,9998.390625,0,1,0,0,0,36,0,0,0,1,0,5146.282705118266,31143.161127753472,27605.778213898127,0.0017588796594092126,5.9916983074365104e-05,162.07732982382504,2489.8741415626714
961,20,5087.59228515625,3013.928448,858.103515625,42.90517807006836,116.9883041381836,561.064453125,0.00012889524805359542,0.0,7560.56298828125,0,1,0,0,0,34,0,0,0,1,0,3577.3428479217173,26938.214363925286,16705.769669156787,0.0005687218976617309,0.005170374866587061,,
962,15,3848.886474609375,2526.452224,2606.2138671875,173.7476043701172,234.89097595214844,1330.1082763671875,0.0003214981989003718,0.0,12429.8388671875,0,1,0,0,0,24,0,0,0,1,0,5634.383778482644,53547.51135346198,46092.03659673168,0.00028859285289425766,0.0015033769203589425,,
963,21,5383.15869140625,2816.682496,1225.837890625,58.373233795166016,62.767215728759766,465.67596435546875,7.744305912638083e-05,0.0,6706.92724609375,0,1,0,0,0,40,0,0,0,1,0,3165.2854097402505,27190.79551360433,15919.364262627461,0.0015855190068087138,0.0019971561405318604,353.1380538913613,2752.7814841224554
964,18,4629.9130859375,3010.220544,341.515625,18.97309112548828,74.99860382080078,637.6732177734375,0.0001161289619631134,0.0,7250.21826171875,0,1,0,0,0,30,0,0,0,1,0,3554.675899819167,29378.093079160284,25484.760067676394,0.00016083488485316155,0.0008265935064193236,,
965,20,5125.32470703125,3068.944896,866.9052734375,43.34526443481445,87.13921356201172,865.5548095703125,0.00010585205745883286,0.0,10872.158203125,0,1,0,0,0,38,0,0,0,1,0,4320.451073586753,29882.022979161662,24842.491460043322,0.0002859109179328377,0.0066734761718283174,928.8682167079928,1534.4918668824798
966,19,4881.04833984375,3183.33952,318.2763671875,16.751388549804688,88.28795623779297,793.5203247070312,0.00011867703142343089,0.0,10052.341796875,0,1,0,0,0,34,0,0,0,1,0,5430.567531199435,33040.474211151486,31517.562972132597,0.003779433750954032,0.004302691813601371,,
967,19,4871.95703125,2990.027776,290.880859375,15.309518814086914,57.0158576965332,706.023681640625,0.0001144447160186246,0.0,9662.2666015625,0,1,0,0,0,40,0,0,0,1,0,5240.85155210878,47900.46933483887,23434.459639328255,0.001494267354119643,0.0002652947663333641,1455.0524841655308,1574.5700540973878
968,16,4097.626953125,2641.588736,1615.330078125,100.9581298828125,275.3086242675781,1641.1812744140625,0.00025950060808099806,0.0,16391.1015625,0,1,0,0,0,31,0,0,0,1,0,7552.553973980872,127166.5724636211,28582.428203813764,0.00045917074851710427,0.0013564933086482609,,
969,23,6030.6083984375,3299.369984,2030.37109375,88.27700805664062,40.61810302734375,325.7112121582031,6.117994780652225e-05,0.0,4930.68505859375,0,1,0,0,0,41,0,0,0,1,0,1985.0886974129858,18060.9051028692,10251.95300242504,0.0007615795732015401,0.0005277810244094447,1427.1270977210581,857.1761066725574
970,16,4114.71337890625,3061.9264,1821.6904296875,113.85565185546875,155.9362030029297,1847.302978515625,0.0003219239297322929,0.0,18026.32421875,0,1,0,0,0,27,0,0,0,1,0,7412.159038046139,57726.356761977986,47003.64465843213,0.002839460907077613,0.008649090763856795,,
971,21,5380.2568359375,3054.654464,1237.7158203125,58.93885040283203,72.63046264648438,522.7189331054688,8.740321209188551e-05,0.0,7455.68505859375,0,1,0,0,0,44,0,0,0,1,0,3205.6414276693044,22038.820434607976,17683.33307644609,0.0034734310744970118,0.002971863134022798,,
972,17,4367.70263671875,3053.04832,1016.501953125,59.79423141479492,135.24557495117188,673.9601440429688,0.00013794544793199748,0.0,7153.1962890625,0,1,0,0,0,30,0,0,0,1,0,3395.2059260251926,31065.909528747132,22368.733455262987,0.0006554827171097038,0.007082221995969185,,
973,18,4620.87353515625,2594.992128,290.2890625,16.12717056274414,82.60640716552734,654.6996459960938,9.860990394372493e-05,0.0,8229.8076171875,0,1,0,0,0,34,0,0,0,1,0,4006.790460391683,39137.90891566023,21251.907908208774,0.0010426079355501695,0.004107025395153972,530.5227463749152,2934.4905752305617
974,19,4881.55517578125,2829.169664,295.099609375,15.5315580368042,73.02782440185547,483.1927490234375,9.049188520293683e-05,0.0,6157.0615234375,0,1,0,0,0,33,0,0,0,1,0,2766.1587876562326,23112.56837997196,12227.253836719714,0.0011817175393459695,0.006279812674097475,76.35618108294557,2111.973550871092
975,23,5895.74169921875,3480.889344,1816.5029296875,78.97838592529297,36.379844665527344,308.88287353515625,5.291480556479655e-05,0.0,4682.0869140625,0,1,0,0,0,37,0,0,0,1,0,1660.0542938751992,10136.408909766,9506.078835911461,0.0031741686011499486,0.006524408745028496,,
976,16,4077.569091796875,3047.20384,1412.8603515625,88.30377197265625,81.26725769042969,715.1583862304688,9.023279562825337e-05,0.0,9083.505859375,0,1,0,0,0,27,0,0,0,1,0,3757.2848203298677,27333.138044226464,23041.090005511698,0.00897074188999233,0.0008438318601679332,,
977,19,4850.21533203125,2798.623232,259.931640625,13.680612564086914,71.85798645019531,430.43182373046875,6.920146552147344e-05,0.0,5265.76318359375,0,1,0,0,0,32,0,0,0,1,0,2193.1508652698994,14618.961284520094,9762.86381032788,0.0018477196646709826,0.0021964355519522305,,
978,15,3835.86865234375,2520.664064,2828.1220703125,188.54148864746094,157.02801513671875,2922.625732421875,0.00040053261909633875,0.0,27239.0859375,0,1,0,0,0,26,0,0,0,1,0,10453.871389102223,96326.89299499629,63291.431764864334,3.9884827749251534e-05,0.005670941402069807,,
979,15,3840.522705078125,2134.90432,2613.4091796875,174.227294921875,186.45968627929688,1795.213623046875,0.000226671778364107,0.0,18168.81640625,0,1,0,0,0,25,0,0,0,1,0,8664.422042205386,82439.73580011333,43755.25615422242,0.0011411809556026824,0.0009070377513981237,,
980,19,4854.18408203125,2710.48448,176.86328125,9.30859375,54.762969970703125,507.71514892578125,8.037006773520261e-05,0.0,6442.67431640625,0,1,0,0,0,31,0,0,0,1,0,2405.6299620181126,15424.325685222093,10193.232250741932,0.0014149150481781204,0.007043092313105348,276.7026518445505,2629.2214636507524
981,22,5589.630859375,3168.483328,1707.94921875,77.6340560913086,65.25700378417969,470.3916320800781,7.642873970326036e-05,0.0,7260.40673828125,0,1,0,0,0,46,0,0,0,1,0,3455.9443344150513,35239.652919769826,19843.93330300219,0.0003273391656542918,0.0002816752158047945,,
982,21,5363.24853515625,3354.082304,1250.6083984375,59.55278015136719,67.32191467285156,423.1952209472656,7.170305616455153e-05,0.0,5172.654296875,0,1,0,0,0,41,0,0,0,1,0,2651.8569079625513,43692.357259329445,11121.965657920102,0.0002825834734520936,0.0055237857838402946,977.1208028827465,2559.61449938458
983,16,4126.2861328125,2781.449216,1689.205078125,105.5753173828125,109.57379150390625,984.45703125,0.00015200597408693284,0.0,9739.3583984375,0,1,0,0,0,27,0,0,0,1,0,4119.527826357087,34264.33923434149,29293.62267864771,0.011168151871169096,0.00024507029030901295,1291.4099664594744,886.5167728877284
984,22,5620.38330078125,2857.252864,1709.1396484375,77.68817138671875,108.1480484008789,664.0943603515625,9.471637895330787e-05,0.0,9776.7880859375,0,1,0,0,0,46,0,0,0,1,0,4892.644182314541,65788.55448773537,35909.10064191914,0.001150385215738417,0.002259498859227861,,
985,19,4882.3662109375,3208.745472,282.6865234375,14.8782377243042,93.09606170654297,776.552490234375,0.00012586958473548293,0.0,10315.3291015625,0,1,0,0,0,38,0,0,0,1,0,4863.557625350803,35177.43583008565,33001.43013248359,0.0006869200676278726,0.0018032083781044511,,
986,17,4359.8193359375,2800.361984,1037.69140625,61.040672302246094,193.5257110595703,1178.900390625,0.00019803023315034807,0.0,15761.1865234375,0,1,0,0,0,36,0,0,0,1,0,5652.53027565852,35562.95129479042,30245.627692737464,0.007507990572971995,0.0024074249167648776,,
987,20,5115.87939453125,2982.783488,884.412109375,44.22060775756836,119.48770904541016,698.5942993164062,9.885765030048788e-05,0.0,11240.984375,0,1,0,0,0,37,0,0,0,1,0,3911.962887346081,27865.67120787835,17627.81673661866,0.0004976621390244337,0.0012662008628241822,863.5924680060862,3270.024233151154
988,16,4097.1259765625,2806.685184,1952.857421875,122.0535888671875,129.64404296875,1632.0279541015625,0.000213250212254934,0.0,17182.98046875,0,1,0,0,0,31,0,0,0,1,0,8854.992106641905,83078.05315871516,49386.99256030545,0.00043134973183734,0.009696472646938872,,
989,15,3853.433837890625,2303.040512,2575.4677734375,171.69786071777344,110.59991455078125,1401.866943359375,0.00016742294246796519,0.0,14817.712890625,0,1,0,0,0,23,0,0,0,1,0,5631.1917638180685,51180.62266648152,38981.673382238856,0.00029450891399802545,0.010209989431929028,1143.975785907122,2933.692924501709
990,23,5883.4326171875,3141.192192,2004.3359375,87.1450424194336,55.87025833129883,345.752685546875,6.68661596137099e-05,0.0,4926.78173828125,0,1,0,0,0,41,0,0,0,1,0,2044.7527550406953,28500.163764270867,8897.852590189368,0.0010731348563171924,0.0016002182851639069,399.25672617307714,2812.2506713344237
991,20,5109.1318359375,3269.430784,692.2177734375,34.61088943481445,75.80645751953125,467.2131652832031,7.063106750138104e-05,0.0,7404.5673828125,0,1,0,0,0,37,0,0,0,1,0,2938.244563586853,15987.947016671646,13367.935448339364,0.0010063144726739082,0.0012365455298172998,1286.8355163244096,1103.855522611439
992,21,5334.01904296875,3051.008512,1240.708984375,59.081382751464844,75.41337585449219,626.16943359375,9.020906873047352e-05,0.0,7954.90234375,0,1,0,0,0,45,0,0,0,1,0,3739.6640055005414,31146.963068490415,26571.9296425041,0.002214679958226112,0.0010227217771835995,,2728.2258320208653
993,17,4336.2607421875,2900.569088,984.9794921875,57.939971923828125,115.0658187866211,979.6781616210938,0.00016481570492032915,0.0,10375.6875,0,1,0,0,0,29,0,0,0,1,0,4486.237291153424,41551.261184733106,29065.34556197329,0.0016583471452809861,0.003317518397436381,451.82407717591104,1652.7000962467105
994,23,5844.708984375,3317.046272,2012.6943359375,87.50845336914062,90.08021545410156,418.40911865234375,0.00010592790931696072,0.0,6206.68408203125,0,1,0,0,0,48,0,0,0,1,0,2596.634508725302,17503.71008308062,16498.305185470956,0.003411912710978793,0.0007298469524381589,,
995,18,4614.2470703125,3266.642432,317.326171875,17.62923240661621,120.14368438720703,1064.9725341796875,0.00018152091070078313,0.0,13641.86328125,0,1,0,0,0,34,0,0,0,1,0,7628.62299310539,71638.3975607894,39897.974976351084,0.0015509494707548165,0.0015139486537529903,,
996,17,4362.6875,2648.1024,929.46875,54.67463302612305,93.12858581542969,845.0003051757812,0.00012356917432043701,0.0,10313.65625,0,1,0,0,0,33,0,0,0,1,0,4044.6581783189354,25161.12323567764,22489.959085380528,0.0011947252470706667,0.0007011260203636932,,
997,14,3755.65283203125,2174.450176,4069.685546875,290.69183349609375,223.50083923339844,2897.590087890625,0.00043718263623304665,0.0,27739.73046875,0,1,0,0,0,20,0,0,0,1,0,11084.429125755734,104773.69152743982,43548.4135209093,0.0022931503303865626,0.0011529988901236299,1328.6688643641182,3006.347587170044
998,18,4701.21728515625,2461.105152,294.05078125,16.33615493774414,95.33331298828125,540.43310546875,9.779435640666634e-05,0.0,5831.78466796875,0,1,0,0,0,32,0,0,0,1,0,3147.6156491103234,26591.065292618398,26226.540566879055,0.00010786937813236919,0.00025841271913212144,,
999,17,4368.7119140625,2550.073344,999.5126953125,58.794864654541016,88.14065551757812,885.258544921875,0.00011588265624595806,0.0,11899.421875,0,1,0,0,0,34,0,0,0,1,0,6224.7121209014595,63751.06754086139,35812.02958624985,4.3579411189110726e-05,0.001568070154489759,455.68327050781863,2091.4319001931804
