sample_idx,natoms,time,memory,energy_mae,energy_mae_per_atom,forces_mae,hessian_mae,asymmetry_mae,true_asymmetry_mae,eigval_mae,true_neg_num,true_is_minima,true_is_ts,true_is_ts_order2,true_is_higher_order,model_neg_num,model_is_ts,model_is_minima,model_is_ts_order2,model_is_higher_order,neg_num_agree,eigval_mae_eckart,eigval1_mae_eckart,eigval2_mae_eckart,eigvec1_cos_eckart,eigvec2_cos_eckart,freq_mae_400_4000,freq_mae_400_4000_dataset
0,18,4065.68603515625,2587.859968,187.052734375,10.39181900024414,95.63948822021484,625.4110107421875,9.417258115718141e-05,0.0,7217.81494140625,0,1,0,0,0,32,0,0,0,1,0,3112.3376524686573,21028.236520163802,19680.127632622603,0.006119015072237027,0.0021571185016548006,,
1,20,5040.515625,3060.88192,900.5703125,45.02851486206055,73.3139419555664,422.82342529296875,8.116677781799808e-05,0.0,5351.23876953125,0,1,0,0,0,35,0,0,0,1,0,2585.8119876028163,23318.32260405844,19562.967350852326,0.001989078222471935,0.011861097122688435,,
2,15,3813.8779296875,2583.804928,2443.59765625,162.90652465820312,133.87179565429688,962.5120849609375,0.00015312938194256276,0.0,10684.484375,0,1,0,0,0,22,0,0,0,1,0,3857.5674886223255,28558.92509541256,18249.937444720592,0.0013448050188320038,0.0010311630733405644,29.604817073263803,2054.941422536797
3,19,4836.923828125,2660.544512,406.880859375,21.41478157043457,83.77293395996094,501.16046142578125,8.320690540131181e-05,0.0,6112.6513671875,0,1,0,0,0,30,0,0,0,1,0,3450.5873787238743,30578.313134502285,23168.050436720303,0.027359055952519376,0.002196268580499587,675.3568332418117,2730.0535514959697
4,18,4565.6513671875,2903.177728,203.6455078125,11.313639640808105,86.58055114746094,557.4280395507812,8.978331607067958e-05,0.0,6317.69091796875,0,1,0,0,0,31,0,0,0,1,0,3149.451297347409,25768.253242261075,24283.104456385405,0.001851122155202188,0.030581239328237617,969.7950694101523,3105.5004582368942
5,21,5345.7333984375,3133.13536,1330.80859375,63.3718376159668,41.73557662963867,318.6042785644531,5.352413063519634e-05,0.0,4111.27587890625,0,1,0,0,0,33,0,0,0,1,0,2435.5884399779216,23974.674498588956,23872.98099662718,0.0029415850902618224,0.0014788702468716483,248.16178899996885,1748.7284062134718
6,15,3817.517578125,2623.017472,2407.0458984375,160.46974182128906,93.9462661743164,934.868896484375,0.00015607323439326137,0.0,7898.185546875,0,1,0,0,0,22,0,0,0,1,0,3164.7426428284807,32678.298583492164,22437.68427545787,0.0027656850565806017,0.00039047991886382964,922.2467114697287,2103.643667455633
7,20,5073.26953125,2700.898304,976.1796875,48.80898666381836,71.88259887695312,436.9804382324219,8.174998947652057e-05,0.0,5291.29736328125,0,1,0,0,0,39,0,0,0,1,0,3117.894618855449,25280.89601788717,24686.73735888726,0.007920618804539602,0.00046424738541993305,,
8,19,4809.3720703125,3120.102912,459.4404296875,24.181076049804688,81.66304016113281,607.4778442382812,9.381127165397629e-05,0.0,7739.0830078125,0,1,0,0,0,37,0,0,0,1,0,3736.263380932847,31197.407209778077,19314.324052659762,0.001195343021362344,0.0012805535110140178,16.523263682189736,2423.36797806597
9,20,5065.09912109375,3173.556224,914.8154296875,45.74077224731445,86.58625030517578,382.3656311035156,8.197519491659477e-05,0.0,4679.36181640625,0,1,0,0,0,33,0,0,0,1,0,2578.1129284224244,27823.03806253981,14731.641780970154,0.002139996383870503,0.0007125105307740189,260.1067998700705,2512.4999892826095
10,22,5716.93896484375,3591.939072,1817.5068359375,82.61395263671875,55.633323669433594,300.3529968261719,5.734801015933044e-05,0.0,4032.857666015625,0,1,0,0,0,37,0,0,0,1,0,2527.968902281857,21479.897836914857,19380.078705519016,0.0018441645952953275,0.0011609453299055439,515.3415556477489,2760.939819241076
11,15,3822.67626953125,2828.515328,2451.1708984375,163.41140747070312,130.25311279296875,1115.5693359375,0.0001500659855082631,0.0,13029.4443359375,0,1,0,0,0,27,0,0,0,1,0,6468.555032709433,87228.83287841575,40220.112577459564,1.4232104258826272e-06,0.004047086958593515,400.11258643234964,2825.0533576567905
12,17,4302.6904296875,2401.949696,744.6708984375,43.80417251586914,106.96019744873047,659.5108642578125,0.00010429726535221562,0.0,7944.1572265625,0,1,0,0,0,26,0,0,0,1,0,4557.22786484819,41870.01473715372,29135.66254369275,0.004829841213221914,0.004202760401461336,492.3617679111717,2566.786337331247
13,14,3576.006103515625,2202.194944,3597.013671875,256.9295654296875,144.62747192382812,1277.18994140625,0.0002554859092924744,0.0,11711.474609375,0,1,0,0,0,21,0,0,0,1,0,5638.67043831087,80689.62772509544,30441.0807813502,0.00033349985094310516,0.004285829880362267,1147.1538889435171,1887.0038066449215
14,16,4113.23974609375,2161.296384,1704.8857421875,106.55535888671875,117.2033920288086,922.3944091796875,0.0001712394878268242,0.0,8726.8046875,0,1,0,0,0,25,0,0,0,1,0,3044.9139219059475,17702.542036423536,17487.61172352221,0.0072492824520560845,0.006338169490576674,558.3975984755571,2534.742395873408
15,21,5306.0478515625,2988.680192,1327.908203125,63.233726501464844,67.46516418457031,330.47149658203125,5.924025026615709e-05,0.0,4412.3642578125,0,1,0,0,0,38,0,0,0,1,0,2650.4490578684645,24358.296388021587,21546.739148667584,0.0021170305753165294,0.0014307078328364004,1034.744972782938,1309.2934148547029
16,19,4811.48388671875,3182.985216,387.669921875,20.4036808013916,48.56184005737305,348.1115417480469,6.503280019387603e-05,0.0,4268.451171875,0,1,0,0,0,30,0,0,0,1,0,2086.953322973563,22328.286758491926,11961.109149834601,0.005209659329165291,0.0028462715404842243,,
17,18,4551.9287109375,2878.665728,181.4677734375,10.08154296875,49.00830841064453,534.3735961914062,9.974352724384516e-05,0.0,6764.44873046875,0,1,0,0,0,32,0,0,0,1,0,4241.243513524639,30013.273957024267,29670.92281514326,0.0006768532536614337,0.0010470593915052912,89.5544363148706,2553.638230834689
18,18,4558.17529296875,2788.989952,195.3564453125,10.85313606262207,73.4651870727539,428.6860046386719,7.31762484065257e-05,0.0,4933.5712890625,0,1,0,0,0,34,0,0,0,1,0,2642.785154787421,25452.25748916621,14383.434295871313,0.0003241461582127597,0.0027308725067433093,,
19,18,4543.2548828125,2788.594688,176.9794921875,9.832194328308105,63.32322311401367,510.6686096191406,7.77367822593078e-05,0.0,5871.26171875,0,1,0,0,0,32,0,0,0,1,0,3253.910353240499,27166.440616408032,24555.32055183605,0.0003561387945408695,0.007866470156999164,1050.5493708760623,3357.93690207203
20,18,4579.60205078125,2680.561152,254.2353515625,14.124186515808105,82.61469268798828,787.3019409179688,0.000138009840156883,0.0,10488.75,0,1,0,0,0,31,0,0,0,1,0,4453.363182177223,24109.252409271125,21517.954343490455,0.001519404147802654,0.023406388349245036,624.7264958684689,1540.7374200338975
21,22,5594.58251953125,3177.132032,1662.056640625,75.54803466796875,53.32729721069336,261.45379638671875,5.292175046633929e-05,0.0,3580.64990234375,0,1,0,0,0,43,0,0,0,1,0,1780.9906545294352,11144.411397311203,9517.40488224358,0.002015678679721203,0.0007619302966122843,52.20712930656691,2426.138677951167
22,18,4566.59423828125,3176.603648,176.7392578125,9.81884765625,111.60176849365234,722.8265380859375,0.00012232283188495785,0.0,8313.7138671875,0,1,0,0,0,32,0,0,0,1,0,4208.873482064574,43993.95004166237,19043.573294540034,0.0013441776439482786,0.00323650593140707,,
23,17,4388.10986328125,2662.437376,850.32421875,50.019073486328125,114.47746276855469,603.3679809570312,0.00010051639401353896,0.0,7384.365234375,0,1,0,0,0,26,0,0,0,1,0,3812.2646393031414,24399.516950820558,20939.564828481954,0.001983787574199501,0.001424930937562966,,
24,18,4581.13525390625,2740.821504,137.2158203125,7.623101234436035,77.84085083007812,823.6370239257812,0.00010801788448588923,0.0,9737.6630859375,0,1,0,0,0,28,0,0,0,1,0,4672.512823099433,34328.465276864306,32103.60533847735,0.00021832141769341507,0.0106516759156021,,
25,16,4092.142578125,2539.587584,1682.2744140625,105.14215087890625,230.7264862060547,1095.9696044921875,0.00017691242101136595,0.0,12818.3466796875,0,1,0,0,0,29,0,0,0,1,0,4923.92048933519,47456.72548725554,28649.07336774948,0.0002883708706491086,0.0006938422897512717,,
26,19,4849.37158203125,2640.177664,387.4443359375,20.391807556152344,98.91860961914062,603.6828002929688,9.610412962501869e-05,0.0,7977.6015625,0,1,0,0,0,36,0,0,0,1,0,3576.694830875277,29665.149633689205,17548.035307702157,0.0014945332380931,0.0016194436139801843,,
27,18,4573.13720703125,2913.526272,339.580078125,18.86556053161621,132.88633728027344,1424.55224609375,0.00022635779168922454,0.0,16346.5537109375,0,1,0,0,0,22,0,0,0,1,0,7179.16976801557,54456.518418858315,15392.823608989514,8.052113482856504e-07,0.012044575773177316,800.2896604095772,2738.8667898953786
28,19,4817.169921875,2767.676928,392.9345703125,20.680767059326172,96.39347076416016,622.9523315429688,8.248815720435232e-05,0.0,7780.5302734375,0,1,0,0,0,38,0,0,0,1,0,4346.612283039776,32872.53651710091,22540.244040726702,0.0007376705813015166,0.00012260081304483333,1012.2840345775917,3538.4523495478493
29,19,4818.8076171875,2831.90016,373.0302734375,19.6331729888916,45.73849868774414,334.0887756347656,6.143643986433744e-05,0.0,3906.864501953125,0,1,0,0,0,31,0,0,0,1,0,2066.5304161455633,24769.384218935673,15374.827252900192,0.0018741638958305945,0.001968040412390711,567.7037771089049,1530.6512562177654
30,15,3825.463134765625,2422.513152,2646.5,176.433349609375,153.40667724609375,1270.251220703125,0.00023262730974238366,0.0,14266.6416015625,0,1,0,0,0,28,0,0,0,1,0,7023.531585586168,64488.61787551522,44796.23154799453,0.00024091802378769372,0.006173712929962629,,
31,14,3573.356201171875,1987.15904,2702.7724609375,193.05519104003906,84.15946960449219,710.0712890625,0.00010057459439849481,0.0,7890.0283203125,0,1,0,0,0,20,0,0,0,1,0,3104.437775897541,29709.403842274463,10048.535341294953,2.5062856385467056e-05,7.93231921050741e-05,1618.7455710227655,3461.4469184453137
32,23,5833.2392578125,3032.385536,2121.142578125,92.22359466552734,42.1838493347168,275.4399719238281,4.225998418405652e-05,0.0,4408.15771484375,0,1,0,0,0,45,0,0,0,1,0,2928.944461092778,24656.943329599835,21254.140692748555,4.155413206147554e-05,6.107191045360422e-05,,
33,19,4829.57177734375,3353.597952,420.669921875,22.140522003173828,108.76334381103516,554.546630859375,9.633156878408045e-05,0.0,7152.421875,0,1,0,0,0,32,0,0,0,1,0,3656.047575891633,36581.24440689525,28388.090000379776,0.0007929311287137152,0.0005936330682816977,,
34,21,5323.78466796875,3229.594624,1449.337890625,69.0160903930664,77.89048767089844,391.3590393066406,5.5830438213888556e-05,0.0,5136.65234375,0,1,0,0,0,38,0,0,0,1,0,2776.451324078474,20962.274779596257,19710.055997294407,0.0010945716540022438,0.0005688551792272928,62.16891296015865,2412.4161081996294
35,17,4314.34521484375,2944.46592,947.5625,55.73897171020508,156.52505493164062,940.894287109375,0.00014798229676671326,0.0,9439.69140625,0,1,0,0,0,26,0,0,0,1,0,4286.687709582975,58474.50959013636,11774.418148738812,0.000257541519872926,0.010656057298538895,,
36,15,3824.899658203125,2333.962752,2335.806640625,155.72044372558594,129.02450561523438,1140.783935546875,0.00017359321645926684,0.0,10371.6220703125,0,1,0,0,0,20,0,0,0,1,0,4095.1322068819127,38539.45819833402,15916.94946723695,0.0024540674496515286,0.004892825396962036,,
37,18,4579.66552734375,2492.49792,188.14453125,10.452473640441895,75.6507797241211,514.7432250976562,9.692513413028792e-05,0.0,5632.470703125,0,1,0,0,0,33,0,0,0,1,0,2745.5883832595428,23089.645014483085,17504.475137201633,0.019719017039689618,0.0056780515667647965,341.6818333057813,1916.5372222781775
38,22,5563.568359375,3285.261312,1560.2705078125,70.92138671875,41.930118560791016,221.7842254638672,4.374187847133726e-05,0.0,3326.939208984375,0,1,0,0,0,37,0,0,0,1,0,2162.7046792114643,16232.309725984727,14419.69627529107,0.00011933037047147377,0.009832406602323183,820.2394462346433,3140.0844937562265
39,23,5835.73193359375,3776.183808,2136.7265625,92.90115356445312,53.03522491455078,278.0306091308594,5.317649629432708e-05,0.0,4347.8701171875,0,1,0,0,0,47,0,0,0,1,0,2854.7984918874413,21514.253406188654,21020.956592058134,4.1441127633451685e-05,0.001093478674725562,576.9150121250768,1942.8360745506152
40,10,2576.697265625,2418.880512,4297.75537109375,429.7755432128906,173.77142333984375,1231.76904296875,0.0002031411131611094,0.0,9082.4931640625,0,1,0,0,0,12,0,0,0,1,0,5765.25892187623,19290.44027488306,16511.895240641526,0.027687187172772465,0.0038973451422032873,,
41,22,5557.826171875,2444.098048,1834.419921875,83.38272857666016,80.20126342773438,399.5843200683594,6.322366971289739e-05,0.0,6194.11572265625,0,1,0,0,0,44,0,0,0,1,0,3761.484216149232,35357.12136009922,27945.709681831268,0.0012070844959944857,0.00023921880228702092,1284.597405355208,1255.4907501360742
42,21,5331.50146484375,2970.043392,1494.1171875,71.1484375,89.11763000488281,439.98529052734375,6.881905574118719e-05,0.0,6528.97119140625,0,1,0,0,0,40,0,0,0,1,0,3454.535110077311,43573.9472080046,19089.704415486653,0.0001020274622595338,0.0012659720752550667,245.9500349038567,2243.5330553843833
43,14,3574.762939453125,2200.851968,3403.4560546875,243.10401916503906,149.02374267578125,1573.7120361328125,0.0001897516631288454,0.0,16334.189453125,0,1,0,0,0,20,0,0,0,1,0,7581.377096790182,53206.24772137953,33371.167198650124,0.00039776515396497403,0.007177934006458081,,
44,19,4868.0498046875,2524.41344,416.76953125,21.935237884521484,82.02357482910156,532.03515625,7.991895108716562e-05,0.0,6278.44091796875,0,1,0,0,0,34,0,0,0,1,0,3407.567569980888,32199.262227510015,31412.97043160591,0.0017446737647897961,0.0008091471834418915,652.6428584138266,2327.6550571702683
45,15,3852.109375,2573.70624,2882.31640625,192.15443420410156,200.55630493164062,2047.4185791015625,0.0002698143944144249,0.0,19003.5078125,0,1,0,0,0,27,0,0,0,1,0,8122.878687767838,60771.90724127651,54441.946897559596,0.0011898825000897823,0.0001817260915491295,,
46,15,3849.6982421875,2189.227008,2132.5517578125,142.1701202392578,115.82121276855469,832.3766479492188,0.0001613901840755716,0.0,8422.0166015625,0,1,0,0,0,18,0,0,0,1,0,3935.671375769542,48003.35303005095,19023.194307678055,0.01061271482640437,0.0029007681452094466,50.55707052286289,1798.0109130795076
47,20,5140.99951171875,2617.35168,1068.744140625,53.43720626831055,117.0147705078125,633.45068359375,0.00011488619929878041,0.0,8034.26513671875,0,1,0,0,0,37,0,0,0,1,0,4092.3905987104226,28138.25324252577,23784.012223006655,0.004032258243535545,0.004522941348872558,502.6369631066582,1989.609532995767
48,23,5863.1533203125,3544.72192,2131.541015625,92.67569732666016,34.14643096923828,184.78469848632812,3.998041574959643e-05,0.0,2590.928955078125,0,1,0,0,0,44,0,0,0,1,0,1423.5932593413922,10380.162396086685,5827.2713315929805,0.0004941610189193174,0.007330175195137768,394.19712397430703,2037.3762461568895
49,27,6865.56982421875,4511.095296,3027.0771484375,112.11396789550781,21.243595123291016,165.69021606445312,3.0216346203815192e-05,0.0,2883.40966796875,2,0,0,1,0,60,0,0,0,1,0,1723.019512698801,10766.271953420252,10694.604418123796,0.010777920370903957,0.002336890474298872,,2625.027634492889
50,18,4566.142578125,3697.20576,210.21484375,11.67860221862793,116.87805938720703,699.8030395507812,0.0001103725953726098,0.0,7978.07421875,0,1,0,0,0,37,0,0,0,1,0,4207.605402356298,44037.057575625266,23529.400859037894,0.002456013631602784,0.00063056171768755,,
51,15,3830.921142578125,2439.401472,2508.8193359375,167.254638671875,116.10469055175781,972.5648193359375,0.00011631671077338979,0.0,9131.7568359375,0,1,0,0,0,28,0,0,0,1,0,3712.6133636661107,20995.45088834336,18504.099490341836,0.00014949855699772883,0.0023298265336456556,,
52,18,4721.18896484375,2576.751616,203.09375,11.282986640930176,104.40147399902344,816.4157104492188,0.00011566068860702217,0.0,9648.94140625,0,1,0,0,0,31,0,0,0,1,0,4580.635352122654,33068.19758354666,30031.203169391807,0.0009259103951644553,0.001931504196575437,405.21090091909855,2681.084850437101
53,19,4831.3759765625,2994.24256,387.8515625,20.413240432739258,63.2608642578125,424.5813293457031,7.017141615506262e-05,0.0,5438.8701171875,0,1,0,0,0,28,0,0,0,1,0,2611.370961850567,25960.16265429265,17762.02513275274,0.00033793905633974775,0.0016583818063170015,1323.6459621513047,659.4814100324163
54,12,3071.00439453125,2264.24064,5768.779296875,480.73162841796875,175.6054229736328,2654.10302734375,0.0003522549814078957,0.0,20484.275390625,0,1,0,0,0,19,0,0,0,1,0,8969.15675974157,70513.1215688519,48439.68710196402,0.0002408989908144754,0.003985280611212954,,
55,18,4551.912109375,2242.587648,178.2978515625,9.905436515808105,94.29461669921875,831.6447143554688,0.00011105163139291108,0.0,9359.41015625,0,1,0,0,0,32,0,0,0,1,0,4766.466918128885,35927.352892560695,29817.841139066506,0.0024314120981809573,0.0014846735390445648,794.6334420369449,1577.8113933514314
56,16,4052.849365234375,2558.517248,1696.5400390625,106.03375244140625,134.13967895507812,1072.38818359375,0.00015552218246739358,0.0,11158.3828125,0,1,0,0,0,26,0,0,0,1,0,4073.12868903199,27428.966723193385,24300.102370851233,0.004847961627738928,0.009268570266430895,,
57,14,3563.9306640625,2164.073472,3770.37890625,269.31280517578125,212.5186767578125,1575.033203125,0.0002138847194146365,0.0,14378.2890625,0,1,0,0,0,16,0,0,0,1,0,5622.40742715036,36392.21770206532,32085.910741098003,0.0018609967948418817,0.0004284737570106551,,
58,17,4354.36767578125,2319.70304,922.7890625,54.28171157836914,141.8220672607422,771.4509887695312,0.00013284236774779856,0.0,7684.53759765625,0,1,0,0,0,27,0,0,0,1,0,3357.5348843798442,30456.52036177614,29006.95422283463,0.0025985566782970038,0.0007291782513127662,670.0892852087973,2676.9715723128234
59,19,4852.0419921875,2776.159744,398.869140625,20.993112564086914,47.47146224975586,343.3389587402344,6.627081165788695e-05,0.0,4561.27783203125,0,1,0,0,0,29,0,0,0,1,0,2278.5934620494872,14190.020763788161,12035.773352861921,0.00401593452258079,0.0057811582524484595,404.4695165119683,2444.8934632534156
60,19,4877.98388671875,2971.98336,426.0078125,22.421464920043945,107.7896957397461,640.9705200195312,9.977769514080137e-05,0.0,7939.69970703125,0,1,0,0,0,34,0,0,0,1,0,4395.903710135815,37219.881696545504,28121.756142578866,0.001001872159348157,0.0024825439487102807,,
61,21,5393.033203125,3263.839232,1457.30859375,69.39564514160156,57.4896240234375,322.9583435058594,5.400167719926685e-05,0.0,3951.8115234375,0,1,0,0,0,36,0,0,0,1,0,2289.460618601544,22348.482657519613,14416.735449457263,0.00038422439338386266,0.0005596987877985668,2046.3682116196378,210.6358850237442
62,16,4113.755859375,2838.811136,1712.244140625,107.0152587890625,130.89218139648438,725.1304321289062,0.000122215278679505,0.0,9155.92578125,0,1,0,0,0,26,0,0,0,1,0,4652.415868609071,47431.67759214005,20376.290445276834,3.959046347857577e-05,0.0007432284165734514,1283.4407631597942,1033.3512559173969
63,21,5392.99853515625,3055.956992,1463.8623046875,69.70773315429688,54.113136291503906,282.8013916015625,4.302286106394604e-05,0.0,4037.171630859375,0,1,0,0,0,39,0,0,0,1,0,2212.8176098768586,20568.374799087822,15941.200168455678,0.0018803562618222736,0.0006235504068656771,,
64,16,4142.90869140625,2904.40704,1686.3740234375,105.39837646484375,188.05490112304688,1169.29931640625,0.0001764492626534775,0.0,13459.923828125,0,1,0,0,0,25,0,0,0,1,0,6430.755646034614,100503.22204015341,28651.915041542263,0.00035943012027098067,3.680889243945669e-05,1202.7374512517872,3456.3717849333225
65,15,4289.625,2261.339648,2543.9736328125,169.59825134277344,137.951416015625,1105.192626953125,0.0001596775691723451,0.0,10560.025390625,0,1,0,0,0,28,0,0,0,1,0,4326.181301400205,34634.008084690606,28435.874637677614,0.0019276740439646573,0.001404465913324323,,
66,16,4067.23486328125,2285.865472,1355.919921875,84.7449951171875,70.3014144897461,609.7377319335938,9.479953587288037e-05,0.0,6394.5654296875,0,1,0,0,0,27,0,0,0,1,0,2676.5912307930453,20447.935311918463,19460.14759658824,0.00609672671707534,0.0024088461580537013,654.4791383348985,2053.7467032912023
67,17,4313.22314453125,2556.03456,961.8095703125,56.57703399658203,76.78237915039062,592.6558837890625,0.00011794070451287553,0.0,5936.138671875,0,1,0,0,0,25,0,0,0,1,0,2585.2816597346487,24303.39501558799,18145.634575788867,0.004676073668102243,9.83633171240672e-05,,
68,16,4064.270263671875,2539.677184,1672.4033203125,104.52520751953125,70.20664978027344,863.4049072265625,0.00012047645577695221,0.0,9177.3330078125,0,1,0,0,0,23,0,0,0,1,0,3363.915489500325,25596.533053510935,18738.18710789071,0.0016376057250014966,0.001196581209096213,787.4726992938645,2715.244453487443
69,17,4305.80712890625,2573.04576,868.2099609375,51.07117462158203,98.14903259277344,900.8131103515625,0.00012310217425692827,0.0,9809.859375,0,1,0,0,0,28,0,0,0,1,0,4693.367390636433,29998.4269518488,29611.337743355438,0.0030785763110334624,0.002353504947577599,,
70,21,5328.4814453125,3147.583488,1578.9970703125,75.19033813476562,72.94290161132812,427.33978271484375,8.277830784209073e-05,0.0,5641.62255859375,0,1,0,0,0,42,0,0,0,1,0,3208.4489489694065,26256.863473142002,24377.860660117913,0.000990006938979493,0.003397433805740424,660.7655289368195,1835.1000531901805
71,18,4584.3759765625,3155.012608,190.4931640625,10.582953453063965,89.77933502197266,502.5755310058594,9.159339970210567e-05,0.0,5727.5927734375,0,1,0,0,0,30,0,0,0,1,0,2357.053148850517,20355.041880788573,14356.187386519905,0.013459339966593539,0.002244386267671608,1315.8390600376838,3348.5908965868066
72,19,4836.2802734375,2777.509888,404.94140625,21.312705993652344,94.4946060180664,604.8865966796875,0.0001069079153239727,0.0,7016.6943359375,0,1,0,0,0,34,0,0,0,1,0,3315.8977543470214,30662.81141615962,28081.23665593096,0.0008963429414204568,0.0012852017345581015,,
73,14,3576.20751953125,2295.36512,3422.666015625,244.4761505126953,153.23776245117188,1212.30517578125,0.00020548018801491708,0.0,10926.0712890625,0,1,0,0,0,24,0,0,0,1,0,5163.22477795366,41769.17381019466,23756.129995174906,0.0016040223683352825,0.0019342069848882482,,
74,16,4059.782470703125,2146.344448,1694.421875,105.9013671875,162.20559692382812,1386.8057861328125,0.00023745289945509285,0.0,14029.8037109375,0,1,0,0,0,27,0,0,0,1,0,8112.347485527127,127728.31262464606,36133.568451154926,0.0006821039254482635,0.00849541080438656,,
75,18,4585.78076171875,2584.90368,200.052734375,11.114041328430176,61.33932876586914,518.8943481445312,8.766138489590958e-05,0.0,5894.89892578125,0,1,0,0,0,30,0,0,0,1,0,3232.689498974083,27952.889768309848,26314.550271179436,0.005046086983304672,0.0018923983447866992,,
76,16,4083.124267578125,2518.918144,1703.625,106.4765625,189.33740234375,1043.96728515625,0.0001874542358564213,0.0,11193.6513671875,0,1,0,0,0,26,0,0,0,1,0,4840.225679574906,31415.187863801053,28526.61688870391,0.001073009047170597,0.0050988289398385366,,
77,19,4841.255859375,2781.20192,390.33984375,20.54420280456543,41.7274055480957,345.2616882324219,5.4508851462742314e-05,0.0,4058.32958984375,0,1,0,0,0,31,0,0,0,1,0,2167.881974774382,20585.81517578795,19029.995017306126,0.008265387600494806,0.0029921523855917787,670.6385223834204,1466.4315111787873
78,21,5308.95849609375,3300.427264,1304.0927734375,62.09965515136719,72.66081237792969,404.6727294921875,6.832562939962372e-05,0.0,5109.98388671875,0,1,0,0,0,40,0,0,0,1,0,2863.3334240244894,21870.93146823018,21231.501860189488,0.0006411106133058821,0.0012687885322672163,,
79,16,4064.302001953125,2825.54624,1689.5048828125,105.59405517578125,101.61753845214844,953.9481201171875,0.0001466137618990615,0.0,10112.1767578125,0,1,0,0,0,25,0,0,0,1,0,4271.269606703766,31853.71175261335,25012.509824104167,0.0002819070321083694,0.00030394541992852936,1042.208496648634,3195.807510549732
80,18,4572.2119140625,2547.013632,215.111328125,11.950629234313965,64.32018280029297,601.008544921875,0.00010503259545657784,0.0,7339.8876953125,0,1,0,0,0,31,0,0,0,1,0,3438.600073029754,40490.7064406126,18688.2575224484,8.030068733144019e-05,0.0015353667522992193,1921.0559966031756,478.715468289323
81,20,5079.29345703125,3026.848256,816.3720703125,40.818603515625,63.3821907043457,389.3827819824219,7.203876884886995e-05,0.0,5187.18994140625,0,1,0,0,0,28,0,0,0,1,0,2914.529377604774,25421.20770991353,18480.21434665557,0.00030136810623142274,0.00789559921817691,,
82,18,4576.20849609375,2978.586112,142.9755859375,7.943088054656982,114.78833770751953,630.2429809570312,0.00011857179197249934,0.0,6361.36865234375,0,1,0,0,0,26,0,0,0,1,0,2852.2092815616415,18845.569085040523,17306.775486214323,0.00784578000464151,0.010330527691967649,1105.0390300899053,3061.4595591447764
83,21,5334.41015625,2955.141632,1625.7294921875,77.41569519042969,66.84841918945312,447.7688903808594,7.295661634998396e-05,0.0,6042.6083984375,1,0,1,0,0,40,0,0,0,1,0,3159.268995783306,25633.25607438411,15714.430911272508,0.004796838955712816,0.0006206756630975085,398.75616322019323,2879.0439041464824
84,15,3835.279052734375,2525.039616,2685.787109375,179.052490234375,137.92626953125,1127.935546875,0.00016162972315214574,0.0,13689.74609375,0,1,0,0,0,18,0,0,0,1,0,6155.259973390414,47029.651008534136,41108.008079495026,3.7773961605640444e-05,0.00020427554984410803,1054.8708008819724,2752.7299019084903
85,25,6511.67919921875,3351.213056,2816.04052734375,112.64161682128906,41.47315979003906,217.94827270507812,4.653103314922191e-05,0.0,3517.66455078125,0,1,0,0,0,47,0,0,0,1,0,2131.599195678711,21307.771411635622,15737.30225858581,0.0005080095906885643,0.0003207120847657577,872.7267151029098,1603.16261462616
86,18,4578.4716796875,3476.534784,155.189453125,8.621636390686035,58.64436340332031,352.5367431640625,6.914749246789142e-05,0.0,3974.534423828125,0,1,0,0,0,26,0,0,0,1,0,1379.6693810131508,14628.296713033375,5612.145671982595,0.0012822334618756426,0.0053525550318263004,1767.4381406808916,3572.3457830254833
87,23,6006.4638671875,3378.259456,2117.447265625,92.06292724609375,37.248634338378906,252.5604248046875,4.7257864935090765e-05,0.0,3666.30615234375,1,0,1,0,0,40,0,0,0,1,0,1820.6243703205946,15110.976373866119,11305.96670031056,0.0022446948815490683,2.519606683252726e-05,456.18776478102245,1793.4186698982103
88,20,5072.25341796875,3357.302784,1019.6611328125,50.98305892944336,48.84050369262695,298.0218811035156,5.268730819807388e-05,0.0,4321.6845703125,0,1,0,0,0,34,0,0,0,1,0,2170.7146860651665,19819.525011020738,10868.676061419634,0.0008769385901245541,0.004972357895561996,1066.6095574141902,1271.595445535075
89,17,4309.36474609375,2658.214912,729.7197265625,42.92469024658203,145.5894012451172,910.27490234375,0.00011462644761195406,0.0,10120.189453125,0,1,0,0,0,30,0,0,0,1,0,5235.492238289568,33383.963959284425,24933.03838597485,0.012072056196498565,0.002929964194310627,,
90,20,5071.82421875,2916.40576,882.46484375,44.12324142456055,58.29087448120117,298.4410095214844,5.34793762199115e-05,0.0,3882.30322265625,0,1,0,0,0,36,0,0,0,1,0,2604.980341642619,23766.28319142824,22477.76593158128,0.001125765279566926,0.0005220784239335849,1454.7191252080713,956.2528676950622
91,21,5304.03173828125,3074.646016,1313.2177734375,62.5341796875,63.961788177490234,452.7330017089844,7.343846664298326e-05,0.0,6083.35595703125,0,1,0,0,0,41,0,0,0,1,0,3810.37661851814,33175.00842224592,26988.135182383165,0.0010968632832195797,0.00038953050383345317,809.202723727454,2525.6696875429298
92,19,4815.171875,2910.649344,422.89453125,22.257606506347656,106.77168273925781,767.5790405273438,0.0001354250853182748,0.0,9238.939453125,0,1,0,0,0,33,0,0,0,1,0,3772.8097527154946,22459.998942472903,19076.39918569792,0.00019139269856231766,0.0010153532002524918,568.9490866951428,1715.6285302341093
93,19,4821.36083984375,2820.678144,423.8359375,22.30715560913086,107.63800811767578,659.1766357421875,0.00011311187699902803,0.0,9520.6767578125,0,1,0,0,0,38,0,0,0,1,0,5057.402553256163,38864.56743708686,37627.20152197753,0.0007446083243378074,0.00263498561547261,459.78277706666614,2792.9585993199757
94,18,4574.908203125,2799.061504,175.2734375,9.73741340637207,69.06513214111328,530.4942626953125,7.307386113097891e-05,0.0,6304.9892578125,0,1,0,0,0,26,0,0,0,1,0,3200.081932195018,16870.61243408346,12057.337656401689,0.015124136081827513,0.006961481213065477,,
95,19,4820.79931640625,2962.184192,338.8720703125,17.835372924804688,79.37862396240234,433.7324523925781,8.569123019697145e-05,0.0,5916.4013671875,0,1,0,0,0,33,0,0,0,1,0,3546.3953755970647,25022.483530126065,17578.790501472908,0.010405443722199606,0.0005238188390636004,979.2396163671178,1501.866603830846
96,21,5329.20166015625,3374.75328,1334.037109375,63.525577545166016,68.91683959960938,362.53521728515625,5.1081242418149486e-05,0.0,5604.81396484375,0,1,0,0,0,40,0,0,0,1,0,2876.5605250524914,25105.916946223995,24081.349168665998,0.0031264084669395224,0.0005389332585442053,,
97,21,5318.7705078125,3437.627904,1464.8759765625,69.75599670410156,73.32267761230469,486.6896057128906,7.456341700162739e-05,0.0,6365.125,0,1,0,0,0,39,0,0,0,1,0,3845.746778230032,38554.528681478485,30825.909385177307,0.0016965011649896847,0.00036674893999943427,,
98,19,4813.9853515625,3138.742272,409.91015625,21.57421875,61.0566520690918,451.6502685546875,7.175617793109268e-05,0.0,5344.78271484375,0,1,0,0,0,31,0,0,0,1,0,2526.987627289502,27817.841357980386,15699.26942537973,0.0023385610407754415,0.005846804510059353,,
99,21,5317.056640625,3263.3984,1448.1083984375,68.9575424194336,59.957763671875,290.85595703125,5.4137781262397766e-05,0.0,3872.1962890625,0,1,0,0,0,41,0,0,0,1,0,2076.7633847098778,18581.305593306934,9866.378034235317,0.0017976104496448472,0.001236300560258849,1491.4541813717897,1016.8686703208168
100,23,5838.27978515625,3802.2144,2111.2607421875,91.7939453125,47.328983306884766,234.52012634277344,3.807400935329497e-05,0.0,3565.552978515625,0,1,0,0,0,47,0,0,0,1,0,2218.2005800524757,15858.648778403847,14224.587500843487,0.001603566552460356,0.0028011809607980387,672.2357494223083,1777.9152126064305
101,21,5388.8994140625,3507.165696,1467.857421875,69.8979721069336,70.36554718017578,435.5975646972656,6.601643690373749e-05,0.0,6108.45654296875,0,1,0,0,0,39,0,0,0,1,0,3283.136307878986,17969.025508606715,13805.760864799657,0.0006993567442489107,2.9694637316477618e-05,948.4193397276813,1538.7214424377557
102,17,4362.98681640625,2750.244352,884.697265625,52.041015625,100.52371215820312,603.0802612304688,9.544195199850947e-05,0.0,6756.4609375,0,1,0,0,0,25,0,0,0,1,0,2991.24218645987,35107.66289562327,16440.37997473563,0.0022605990634447723,0.0016890650914337738,1648.8931852730907,3436.335696999484
103,20,5141.06591796875,2866.051584,889.9462890625,44.497314453125,71.5284423828125,448.9642333984375,7.444398943334818e-05,0.0,5546.53271484375,0,1,0,0,0,36,0,0,0,1,0,2877.446428471775,38912.90483845569,20288.080490510434,0.001508799775155445,0.003315969991002289,,
104,19,4861.1650390625,2959.28832,448.78125,23.620065689086914,102.5600814819336,572.5623168945312,9.556335862725973e-05,0.0,6443.9658203125,0,1,0,0,0,36,0,0,0,1,0,3580.8779106668835,29075.10910505069,26002.869434957967,0.0018831877792841118,0.0012451623155773223,2.494499460056886,2463.010349161155
105,23,5841.8486328125,3563.77856,2339.4609375,101.7156982421875,52.768592834472656,347.50030517578125,6.963000487303361e-05,0.0,5116.83837890625,0,1,0,0,0,44,0,0,0,1,0,2666.339266899909,22600.928135488026,16162.559826278042,0.0014653316183913592,0.0007764700098572136,178.1325898171399,2358.1208828157132
106,21,5325.7568359375,3679.231488,1663.7783203125,79.2275390625,113.68389129638672,620.4649047851562,8.642653119750321e-05,0.0,8359.2783203125,0,1,0,0,0,36,0,0,0,1,0,4382.794968412813,33337.93899097205,22245.164173479894,0.0005765250019762226,0.0008432784646525957,,
107,19,4828.23828125,3210.684416,406.861328125,21.413753509521484,112.99565124511719,565.2445068359375,9.920384763972834e-05,0.0,6593.884765625,0,1,0,0,0,29,0,0,0,1,0,3992.083421325154,54174.618569861355,24951.61859452938,0.00044325704137995747,0.00033439689679641386,1562.604259993588,596.5974926519305
108,12,3172.280517578125,2286.77888,5764.541015625,480.37841796875,193.84469604492188,1620.165283203125,0.0003504867199808359,0.0,13294.10546875,0,1,0,0,0,16,0,0,0,1,0,4480.9444217039945,44055.39073799136,26868.908964891056,0.001955685526331137,0.006368545973933631,,
109,17,4332.24755859375,1904.5632,791.974609375,46.58674240112305,58.01957702636719,629.6080322265625,0.00010797694994835183,0.0,7076.95654296875,0,1,0,0,0,29,0,0,0,1,0,2709.2963261324467,28647.974749328627,13087.970444263046,0.0014665556180150242,0.00183143240004522,1432.326208286934,1912.2005419105726
110,20,5077.4677734375,2804.847104,982.3544921875,49.11772537231445,69.65278625488281,297.0877990722656,6.203979137353599e-05,0.0,3735.250244140625,0,1,0,0,0,34,0,0,0,1,0,1809.5856894091266,11391.776699238326,8867.051665646346,0.00455247026912204,0.006799787414738696,505.22959581990494,1626.7428418198995
111,23,5836.48974609375,3663.57248,1950.46044921875,84.80262756347656,28.717714309692383,181.79324340820312,3.3415344660170376e-05,0.0,2984.985595703125,0,1,0,0,0,39,0,0,0,1,0,1974.4655655370768,19414.655678816336,18680.433448366613,0.00022671269041877815,0.0009729425479710618,1109.804301906938,1241.1559263804031
112,17,4323.91796875,3231.975936,936.4677734375,55.08633804321289,103.70051574707031,978.1633911132812,0.00012798819807358086,0.0,10470.1533203125,0,1,0,0,0,27,0,0,0,1,0,4795.33390427468,30425.851942180234,28115.7319697956,0.0022532798351264805,0.004206979170351913,990.6601465342469,3100.2402828699146
113,18,4581.17822265625,2758.787072,180.3955078125,10.02197265625,92.23664855957031,850.3218994140625,0.00012470473302528262,0.0,9631.5556640625,0,1,0,0,0,30,0,0,0,1,0,4958.656933997891,39765.925852224354,32094.38726954731,0.000852875640902525,0.0017127553841372184,1668.2098456175268,619.1083805692169
114,12,3100.669189453125,2105.153024,6425.1572265625,535.4298095703125,440.0487060546875,4331.2939453125,0.0004420426266733557,0.0,44840.15234375,0,1,0,0,0,15,0,0,0,1,0,14466.097316508462,77396.84432221027,72699.7012559662,0.0002923450999686326,0.0008422502872601142,,
115,19,4890.60107421875,2338.978816,415.1162109375,21.848222732543945,89.7802734375,625.4636840820312,8.905445429263636e-05,0.0,7484.49072265625,0,1,0,0,0,36,0,0,0,1,0,4071.868909094968,34281.060245276225,29174.10736460668,0.0044530703200133595,0.004080996703850174,,
116,17,4339.5146484375,2807.665664,440.5576171875,25.91515350341797,36.61573028564453,449.43267822265625,6.562771159224212e-05,0.0,5425.79345703125,0,1,0,0,0,34,0,0,0,1,0,3202.4115572321725,15925.94777353925,12208.445591269367,0.00019424600373969814,0.0009811832720577063,,
117,19,4823.84130859375,2835.743232,396.216796875,20.853515625,84.77299499511719,512.0961303710938,9.552995470585302e-05,0.0,5931.275390625,0,1,0,0,0,33,0,0,0,1,0,3141.819428855589,26520.140137944,24693.92235986674,0.001420178824933692,0.0007748558097623731,79.88584959222726,2421.8451134425286
118,18,4591.58251953125,2867.904512,246.8212890625,13.71229362487793,90.41191101074219,632.1890258789062,9.590154513716698e-05,0.0,7397.8427734375,0,1,0,0,0,29,0,0,0,1,0,3687.7210738471913,63880.38942206316,22316.991849243677,0.0021214813127835228,0.00884510029811525,,
119,25,6355.15478515625,3511.309824,2783.07861328125,111.3231430053711,44.03754425048828,179.31028747558594,3.378195106051862e-05,0.0,3124.522216796875,0,1,0,0,0,52,0,0,0,1,0,1818.6036570393396,15736.96121230397,9482.40990657102,0.00044392849074013224,0.0028633433010301045,72.34611623347655,2575.243802407491
120,11,2833.229736328125,2577.514496,6923.392578125,629.3993530273438,582.1846923828125,5025.0,0.0005229154485277832,0.0,42543.0,0,1,0,0,0,12,0,0,0,1,0,11640.290738770862,67913.2600648875,61870.70441354912,0.00026334172388690555,0.00013412684688463017,1739.8178136162178,3205.033919984025
121,17,4349.146484375,2047.742976,931.5712890625,54.79831314086914,91.45011901855469,1073.3482666015625,0.00015325332060456276,0.0,12093.833984375,0,1,0,0,0,25,0,0,0,1,0,5712.689075936166,53468.099193798414,41492.31859537751,0.0023656196524365937,0.0026770168061351005,426.0421208203252,1580.4666862941149
122,18,4594.181640625,2598.557696,176.0791015625,9.782172203063965,84.84828186035156,573.3953247070312,8.711830014362931e-05,0.0,6804.62841796875,0,1,0,0,0,29,0,0,0,1,0,3017.0915762366026,28014.761840976244,14279.455247606558,0.0010960380948949154,0.00047713497252424575,113.41862681172597,2024.4971750343784
123,16,4072.48193359375,2509.19424,1846.2275390625,115.38922119140625,122.90023040771484,1198.251953125,0.00021103836479596794,0.0,12009.5390625,0,1,0,0,0,23,0,0,0,1,0,4661.660378875758,43113.95173144894,27045.209152474104,0.0027759730833240917,0.00030637078390399405,,
124,20,5090.91162109375,2822.29248,994.95703125,49.74785232543945,83.73695373535156,462.2381591796875,7.889176049502566e-05,0.0,5993.86376953125,1,0,1,0,0,40,0,0,0,1,0,3195.260809443001,31939.152201289497,28111.524814105935,0.00421082620367778,0.004583841807068917,1512.5445193666071,981.1132665030475
125,16,4085.07373046875,2605.714944,1673.771484375,104.6107177734375,111.93307495117188,1052.5802001953125,0.000132533983560279,0.0,14170.263671875,0,1,0,0,0,24,0,0,0,1,0,6875.761889009102,88512.72656453944,35579.26175698778,0.0001909180099960115,0.016837079377793038,814.0567990912447,2428.389574196867
126,18,4553.65869140625,2305.039872,258.9150390625,14.38416862487793,188.2027130126953,932.3390502929688,0.00014167262997943908,0.0,10460.3427734375,0,1,0,0,0,31,0,0,0,1,0,4885.992762994659,39719.31954635975,28288.535436153234,0.00018890719446577886,0.0001538377704028912,1532.1161054687282,833.6034142042467
127,19,4799.31396484375,2508.61056,428.7041015625,22.563373565673828,61.10502243041992,497.3285827636719,8.6770232883282e-05,0.0,5901.357421875,0,1,0,0,0,36,0,0,0,1,0,2880.668355226887,25755.817388522042,15317.296391022006,0.0005024181713193174,0.006064942928919324,1827.2573281363307,672.1505959054753
128,19,4810.19189453125,2771.259904,385.875,20.3092098236084,158.29461669921875,705.72265625,0.0001299135183217004,0.0,8522.1728515625,0,1,0,0,0,29,0,0,0,1,0,5036.552367756035,35601.33232446318,17890.872030189712,0.00330343271364153,0.002381125270538756,,
129,15,3811.04443359375,2482.722816,2380.8212890625,158.72142028808594,92.42921447753906,1005.3727416992188,0.00013151050370652229,0.0,10660.7490234375,0,1,0,0,0,23,0,0,0,1,0,5483.11191586385,37590.625728910665,28106.032402672896,0.0009886041431793752,0.003427282771383433,308.1706355540223,2415.075894688659
130,18,4560.04248046875,2552.004608,177.775390625,9.876410484313965,109.45930480957031,847.477783203125,0.0001276576949749142,0.0,9799.125,0,1,0,0,0,32,0,0,0,1,0,3841.7644786284277,27565.56056760651,20245.784674051396,0.004109416235258075,0.003123801820932028,522.0389320223471,2918.881930708911
131,18,4584.3857421875,2816.595968,197.5478515625,10.974881172180176,154.84878540039062,633.715087890625,0.00011709851969499141,0.0,7557.8212890625,0,1,0,0,0,31,0,0,0,1,0,4023.885519546882,40129.81469631337,20181.453725977768,0.006395741660904338,0.033788910476225134,,
132,15,3832.94677734375,2340.907008,2408.271484375,160.5514373779297,104.56599426269531,1516.4903564453125,0.0001859316398622468,0.0,13865.4892578125,0,1,0,0,0,31,0,0,0,1,0,5813.246066965592,44921.07359636773,31618.17279787184,0.000309530037777922,0.014224603986732934,745.0025541518462,2118.4911858611244
133,20,5095.11181640625,2721.475072,941.1396484375,47.056983947753906,58.504512786865234,271.78240966796875,5.772288568550721e-05,0.0,3501.885498046875,0,1,0,0,0,30,0,0,0,1,0,2131.4245212980286,25001.127057035195,11067.760311141383,0.00017985686407915626,2.8391540268892998e-05,649.4589844585653,2771.137406879172
134,18,4574.6728515625,2893.232128,168.7568359375,9.37537956237793,105.67221069335938,610.3517456054688,9.018885612022132e-05,0.0,7000.01025390625,0,1,0,0,0,26,0,0,0,1,0,3276.6342907193066,40865.24243918304,25196.03656558035,0.002070813781509105,0.0008287664202887273,,
135,23,5850.1142578125,3420.236288,2329.4931640625,101.28231048583984,74.66792297363281,262.7925109863281,7.367975922534242e-05,0.0,4014.4384765625,0,1,0,0,0,43,0,0,0,1,0,2410.412467147758,15617.798470062684,14812.405691029011,0.002151414582497159,0.0019125497971310967,971.1802708399691,1464.8304052989847
136,20,5081.59423828125,3653.016576,1009.173828125,50.45869064331055,89.88871002197266,572.4320678710938,8.885562419891357e-05,0.0,6934.37939453125,0,1,0,0,0,37,0,0,0,1,0,3962.00998606859,29486.059925485497,23517.880712045368,0.00014497716122264734,0.002480535252065017,,
137,25,6401.60546875,3826.862592,2777.22998046875,111.08919525146484,61.35762405395508,244.0711212158203,4.643531428882852e-05,0.0,4196.31494140625,2,0,0,1,0,55,0,0,0,1,0,2452.784456526445,17056.825633668068,15066.861312594861,0.0015365558373728744,0.0017826965815197632,,1988.5069789652575
138,21,5374.736328125,3811.037184,1344.5146484375,64.02450561523438,63.270111083984375,300.4704895019531,4.60145492979791e-05,0.0,4052.32373046875,0,1,0,0,0,31,0,0,0,1,0,2252.1650845996464,24718.40379974626,16160.576012360561,0.0003400749069017092,0.0010015581244165461,1551.5608764005046,366.0764718448546
139,20,5110.51171875,3375.527424,880.97265625,44.04863357543945,54.26346206665039,324.7359924316406,5.5627642723266035e-05,0.0,3920.45703125,0,1,0,0,0,28,0,0,0,1,0,1693.9864554587296,22945.102832400185,10867.202994542842,0.0034303682478427876,0.0006679154925881489,460.6348221616836,2293.48211945194
140,14,3575.79052734375,2503.32416,3812.91015625,272.3507385253906,189.04965209960938,1669.887939453125,0.00023561665148008615,0.0,16121.7578125,0,1,0,0,0,18,0,0,0,1,0,6181.917813874894,68723.90352195325,30827.913668363704,0.00012265311850221468,0.002614764802719098,,
141,18,4588.30517578125,2401.929728,174.6533203125,9.702961921691895,90.05561065673828,462.6415100097656,8.301092748297378e-05,0.0,5424.04248046875,0,1,0,0,0,32,0,0,0,1,0,2266.5796974891655,11344.041897760366,9927.237193475568,0.0004031465975582668,0.00015129192282414827,,
142,21,5388.53662109375,3263.427072,1352.125,64.38690948486328,35.66925048828125,247.86839294433594,4.490694482228719e-05,0.0,2988.6103515625,0,1,0,0,0,37,0,0,0,1,0,1634.4367685606553,13358.330638761272,11217.498842655143,0.004008090113595278,0.003124651584744953,1217.9352644974201,3408.690890633938
143,17,4331.1962890625,2988.02688,844.9736328125,49.70433044433594,127.9027328491211,750.6683349609375,0.00011217158316867426,0.0,8937.4658203125,0,1,0,0,0,29,0,0,0,1,0,3780.6651019602327,21611.99466974152,17128.885752039845,1.0296980443911738e-05,0.0013646323460541829,,
144,17,4334.45263671875,2381.138432,920.59375,54.15257263183594,160.19004821777344,1083.10009765625,0.00013587085413746536,0.0,13842.439453125,0,1,0,0,0,24,0,0,0,1,0,8400.295522759958,130090.71341732654,62332.09715797029,0.0002582055534556399,0.0027720831843067797,,
145,15,3840.657470703125,2158.358528,2461.95703125,164.13047790527344,133.64332580566406,1100.960693359375,0.0001573073968756944,0.0,12399.1669921875,0,1,0,0,0,24,0,0,0,1,0,5901.872882552011,53868.656723815104,34803.740851393755,0.0014104629305417664,0.0011670049225380105,38.58994924274975,1971.7218519502985
146,17,4331.30419921875,2363.592704,908.2646484375,53.42733383178711,94.71356201171875,694.7213745117188,9.329865861218423e-05,0.0,7059.24462890625,0,1,0,0,0,26,0,0,0,1,0,2832.1155884738705,21314.318118317,14114.62941729614,0.0014745301200801628,0.0033369977875209317,566.5906230022479,2611.9950805869007
147,19,4817.69140625,2876.80512,421.96484375,22.208675384521484,61.306915283203125,400.5202941894531,6.311942706815898e-05,0.0,5040.84912109375,0,1,0,0,0,33,0,0,0,1,0,2441.615088656819,26716.279262182758,8197.943293281702,0.0002219474274810923,0.0054686525746780595,1427.5841319878723,623.4771279507427
148,16,4088.93310546875,2687.78496,1721.3408203125,107.58380126953125,111.34970092773438,688.7012939453125,0.00012892650556750596,0.0,7148.74169921875,0,1,0,0,0,25,0,0,0,1,0,3079.7753137426557,30182.855181494153,16497.928826980416,0.0022272754992173974,0.0013447797489262586,,
149,25,6379.244140625,3315.152896,3061.123046875,122.44491577148438,30.137683868408203,193.3242645263672,3.914942135452293e-05,0.0,3235.798095703125,1,0,1,0,0,46,0,0,0,1,0,1963.5962097314027,15009.608964300089,14685.812015313324,0.0006190797722802465,0.0010480141265664274,837.9523905395032,2071.581262153761
150,20,5070.64892578125,3454.19264,842.9970703125,42.14985275268555,92.86724090576172,589.1012573242188,7.350405212491751e-05,0.0,7888.45703125,0,1,0,0,0,33,0,0,0,1,0,4170.7414642329695,41055.52759645787,28407.287254743555,0.0012078188851167154,0.0018773246658784631,1182.9843044566355,3514.313649280324
151,16,4082.953857421875,2652.572672,1723.857421875,107.7410888671875,148.3154754638672,810.3821411132812,0.00012964299821760505,0.0,8322.44140625,0,1,0,0,0,21,0,0,0,1,0,3727.094363117269,29886.39565538833,25205.966380987855,0.010037965222859317,0.0010890105927834279,1087.7380732462802,2947.1345413320864
152,18,4590.7197265625,2635.420672,167.8681640625,9.326008796691895,67.76978302001953,474.3724670410156,6.493615364888683e-05,0.0,5522.9384765625,0,1,0,0,0,31,0,0,0,1,0,2181.4013652736194,10983.677386289954,9722.147612398401,0.0014120114021721041,0.0010814129277650908,556.0975535404414,2607.359332585027
153,19,4830.17626953125,2904.35328,429.42578125,22.601356506347656,115.09493255615234,488.1258239746094,9.04972039279528e-05,0.0,5328.56201171875,0,1,0,0,0,32,0,0,0,1,0,2968.729983125449,30013.20177997977,17934.546336602667,0.0004281107929696576,0.003498366773071984,,
154,21,5328.9794921875,3285.113344,1357.955078125,64.6645278930664,54.39004898071289,327.6285705566406,5.359327406040393e-05,0.0,4425.0576171875,0,1,0,0,0,39,0,0,0,1,0,2461.5183019998562,20134.89999393541,18931.850940573677,0.0024899873366635156,0.0011133382341822207,,
155,19,4818.986328125,3235.099136,421.0166015625,22.158769607543945,86.50423431396484,569.4461669921875,0.00010103020031237975,0.0,6619.6318359375,0,1,0,0,0,30,0,0,0,1,0,3044.313945093183,34727.90750045218,20259.0444956418,0.0011498567964754874,0.0020551314815789173,1077.229256779462,3140.8069427299047
156,23,5865.80126953125,3579.597312,2316.767578125,100.7290267944336,52.44711685180664,258.463134765625,5.133046579430811e-05,0.0,4204.0166015625,0,1,0,0,0,48,0,0,0,1,0,2745.424015251651,24405.466880228996,18583.348490346332,0.0017413715857184653,0.001421171307652163,353.2863808908528,2911.4355447633307
157,19,4839.51123046875,3365.572608,431.1669921875,22.6929988861084,95.3237075805664,615.4134521484375,0.00010194456990575418,0.0,8170.052734375,0,1,0,0,0,35,0,0,0,1,0,4419.7556152955485,32932.64738524547,27881.937044308426,0.0020339015578852426,0.0007560629438901761,174.57669962810996,2322.2979371987217
158,21,5328.10888671875,3110.667776,1462.6083984375,69.64801788330078,106.77735137939453,458.43017578125,8.013879414647818e-05,0.0,6043.65966796875,0,1,0,0,0,35,0,0,0,1,0,3362.7880240180125,29498.606723953304,16988.530044789906,9.10650929041145e-05,0.002680779868108104,1072.4539349123374,3416.789446405338
159,17,4323.1455078125,2792.294912,842.7890625,49.575828552246094,159.44760131835938,1151.0863037109375,0.00014098093379288912,0.0,12597.5283203125,0,1,0,0,0,30,0,0,0,1,0,5834.680148561795,45804.39102788888,39752.48775346793,0.001630874656929196,0.003223855980181531,402.4540063113891,1951.259070611694
160,17,4326.65283203125,2401.938944,627.9775390625,36.93985366821289,106.9941177368164,627.2683715820312,9.109007805818692e-05,0.0,8019.220703125,0,1,0,0,0,36,0,0,0,1,0,5191.007863237777,45981.26861804162,31436.426398583135,0.00013533543305448148,0.002984815746247118,,2111.808678136002
161,17,4328.80322265625,2560.429568,924.619140625,54.38936233520508,95.57291412353516,705.064453125,0.00013268282054923475,0.0,7497.87353515625,0,1,0,0,0,31,0,0,0,1,0,3646.7126933695044,28496.32300014413,22400.442005790905,0.003604546934632474,4.556868298355443e-05,621.2911358000051,2938.2771884964623
162,14,3586.22265625,2209.781248,3860.7080078125,275.7648620605469,221.38275146484375,1976.3460693359375,0.0002613265533000231,0.0,18647.69140625,0,1,0,0,0,16,0,0,0,1,0,7660.920840901318,63877.23250178907,44036.22241294705,0.0005780902987716913,0.0017654272262721087,1670.0623324900469,3099.958233695938
163,18,4600.740234375,2345.075712,180.1025390625,10.005696296691895,168.61477661132812,982.2990112304688,0.00014255198766477406,0.0,11142.806640625,0,1,0,0,0,32,0,0,0,1,0,5043.790845679017,40047.204538648635,26766.903288015423,0.0029894980145685757,0.001372531684253584,,
164,19,4834.1396484375,2859.280384,405.748046875,21.355159759521484,88.41090393066406,451.1344909667969,8.56867918628268e-05,0.0,5503.2060546875,0,1,0,0,0,28,0,0,0,1,0,3658.827547712448,29410.381501334818,25783.704178180786,0.00287504579760111,0.0002099190506371449,757.6388098851803,2328.3688648355505
165,25,6380.16748046875,3676.89728,2782.0771484375,111.2830810546875,40.68552780151367,204.9723358154297,3.9978658605832607e-05,0.0,3356.20361328125,1,0,1,0,0,54,0,0,0,1,0,1981.9040036603924,15159.301791119895,13104.169334773624,0.0003612619803344511,0.00034627567232038345,,3378.8620420762145
166,20,5087.984375,3625.773056,1002.892578125,50.144630432128906,86.52362823486328,529.5307006835938,8.968690235633403e-05,0.0,7229.56103515625,0,1,0,0,0,38,0,0,0,1,0,3559.45024376728,31692.823043640346,21777.847720310307,0.0008280501285157504,0.0007761557718317276,723.4884613603576,3196.475566956363
167,22,5576.70068359375,3512.07168,1404.2294921875,63.82861328125,27.305923461914062,224.08009338378906,4.297142368159257e-05,0.0,2995.11328125,0,1,0,0,0,40,0,0,0,1,0,1676.282566515036,14015.785185640758,9356.830108885923,0.01161114414010491,0.00392976809418169,,
168,23,5827.25634765625,3990.921216,2129.4423828125,92.5844497680664,46.598045349121094,221.23126220703125,4.2575582483550534e-05,0.0,3268.62744140625,0,1,0,0,0,48,0,0,0,1,0,1977.154041119146,15880.575876545247,13896.285135730015,0.0035835564890306856,0.005834418136378434,1015.8529957853375,2465.8882686813727
169,21,5334.75634765625,3480.622592,1488.9462890625,70.90220642089844,68.63934326171875,467.48583984375,6.515430868603289e-05,0.0,6911.20849609375,0,1,0,0,0,38,0,0,0,1,0,3789.641229567154,25184.895426773764,18837.689631048477,0.003479139448296281,0.002005373809381386,891.670488536739,3307.682437093499
170,23,5844.97607421875,3590.06464,1943.70166015625,84.5087661743164,41.39686584472656,174.1842803955078,3.906966230715625e-05,0.0,2530.15673828125,0,1,0,0,0,44,0,0,0,1,0,1557.8941567247039,15365.75603489035,9817.226063230428,0.003475735417209705,0.002192356096006237,756.3086828464634,1751.564793026416
171,24,6089.09423828125,3845.432832,2365.31298828125,98.5547103881836,22.88971519470215,234.92935180664062,4.0518851164961234e-05,0.0,3829.4775390625,1,0,1,0,0,46,0,0,0,1,0,2134.366205450504,13816.843762924065,10620.928956061987,0.0008278976922459283,0.0030404653681628535,1089.7043469197956,1423.69274867257
172,21,5331.4365234375,3648.836608,1329.177734375,63.2941780090332,51.04002380371094,312.6732482910156,5.001603494747542e-05,0.0,4379.61279296875,0,1,0,0,0,39,0,0,0,1,0,1883.6758942387878,21214.055926970937,12312.253941951609,0.0037608931002838103,0.007463177379925932,,
173,21,5346.56640625,3628.244992,1338.787109375,63.75177001953125,57.312103271484375,348.2188415527344,6.822123395977542e-05,0.0,4806.98828125,0,1,0,0,0,36,0,0,0,1,0,2475.0639285385564,20387.788448937652,13068.896565062083,0.002570462747233007,0.0006976813998318121,,
174,21,5314.19970703125,3531.949568,1303.099609375,62.052364349365234,64.40437316894531,368.2732238769531,7.654970977455378e-05,0.0,4985.546875,0,1,0,0,0,41,0,0,0,1,0,2128.9496520288344,11280.937384696614,9843.174593524433,0.0029735741712308937,0.0012408355946059435,,
175,16,4082.479736328125,2720.222208,1659.3642578125,103.71026611328125,179.2725830078125,1151.378173828125,0.00016947687254287302,0.0,11961.302734375,0,1,0,0,0,23,0,0,0,1,0,5469.427603752424,81579.68864810749,39303.81550811105,0.0010952315278260974,0.0018469328056024414,432.55600831330094,1487.004967311161
176,14,3580.7724609375,2065.601536,3581.5458984375,255.82472229003906,134.86106872558594,1341.8563232421875,0.00020772583957295865,0.0,11853.55078125,0,1,0,0,0,26,0,0,0,1,0,4751.308789074476,39551.76691330539,25664.870622458344,0.0025020594103493943,0.004282170504780761,,
177,20,5087.23681640625,2802.279936,1009.052734375,50.45263671875,75.94072723388672,513.0195922851562,7.852999988244846e-05,0.0,6430.40087890625,0,1,0,0,0,37,0,0,0,1,0,3337.8914496480725,30933.103877003654,23895.478388000745,0.006358808312497154,0.0004440217900812532,736.9061064006851,3075.515976888315
178,20,5082.95947265625,3162.637824,1053.1123046875,52.655616760253906,74.34696960449219,515.8278198242188,8.563060691813007e-05,0.0,7334.5283203125,0,1,0,0,0,28,0,0,0,1,0,4026.1873233458673,26502.97843838645,25907.801014134395,0.0006595521068507443,0.0009127136614911074,725.788678539586,1283.3654273730697
179,17,4319.486328125,2732.809216,789.8232421875,46.46018981933594,88.71138000488281,679.2365112304688,8.69706564117223e-05,0.0,7226.27734375,0,1,0,0,0,31,0,0,0,1,0,3204.292285194723,51050.88622610346,13657.263539303032,0.0004224971781840413,0.002499497071928168,1199.0627754216825,3179.725543640952
180,16,4114.06396484375,2450.093568,1814.8466796875,113.42791748046875,92.81553649902344,999.212158203125,0.00014758891484234482,0.0,10219.890625,0,1,0,0,0,23,0,0,0,1,0,4147.589151791513,30076.480713390265,21858.111816891967,0.01641919478129651,0.002772523773236663,,
181,17,4323.08251953125,2383.019008,875.388671875,51.49345016479492,106.85105895996094,705.3405151367188,0.0001270681677851826,0.0,7871.92041015625,0,1,0,0,0,30,0,0,0,1,0,3197.693433250553,26423.526941317214,17892.534527663087,0.00022040857075487919,0.006127089248715238,566.0032800964048,2846.7382262685433
182,17,4338.7548828125,2402.290688,782.076171875,46.00448226928711,48.476707458496094,371.7210998535156,8.35133614600636e-05,0.0,5052.09765625,0,1,0,0,0,30,0,0,0,1,0,2599.7407652593974,28782.529753492483,16730.816456576467,0.000397910484845743,4.132502581447213e-05,1224.681332559066,1852.6769211209676
183,16,4093.39892578125,2386.943488,1693.455078125,105.8409423828125,178.1907958984375,1050.4947509765625,0.0001585618156241253,0.0,10527.9287109375,0,1,0,0,0,23,0,0,0,1,0,4513.839885629548,41594.96216223228,29520.80095763276,7.407654700962961e-05,0.004076670274460487,,
184,23,5859.64697265625,3289.802752,2327.419921875,101.19216918945312,48.05878448486328,312.051513671875,5.04818708577659e-05,0.0,4589.2041015625,0,1,0,0,0,44,0,0,0,1,0,2741.2883242005983,19006.944474439268,16166.7218071252,0.0014754391861305366,0.002118705635749639,299.33619594504717,2206.5230573639974
185,25,6342.314453125,4209.355776,2784.888671875,111.39554595947266,46.41617965698242,273.9627380371094,5.274553404888138e-05,0.0,4460.89111328125,0,1,0,0,0,49,0,0,0,1,0,2249.567604647482,17228.427482990468,13692.450709966646,0.00016170577894437238,0.001774160460380033,,
186,14,3579.707275390625,2981.182976,3910.77734375,279.34124755859375,154.37091064453125,1386.03662109375,0.00020177848637104034,0.0,15632.8974609375,0,1,0,0,0,23,0,0,0,1,0,6920.662204923202,71073.75049847139,48769.219031096945,2.45645050839943e-06,0.005343587227326297,1261.5009301895352,3378.9340146304253
187,23,5844.69287109375,3079.330304,2154.314453125,93.66584777832031,42.04800033569336,204.95150756835938,5.131084981258027e-05,0.0,2956.291259765625,0,1,0,0,0,41,0,0,0,1,0,1545.4698825562753,9825.600663560974,8203.897007159609,0.0009537443852866805,0.0012372774877681993,1882.096305027002,480.8593792271673
188,14,3588.055419921875,2792.474624,3883.4619140625,277.39013671875,148.04945373535156,1898.0360107421875,0.0003134439466521144,0.0,16242.240234375,0,1,0,0,0,17,0,0,0,1,0,7191.7970753603795,54874.412415510575,48097.10822211954,0.004399523867859453,0.0011416955903006815,276.7675644129133,1837.0669376199867
189,18,4573.9541015625,2340.045312,182.7646484375,10.153592109680176,126.65293884277344,674.6987915039062,0.00010571419261395931,0.0,8008.068359375,0,1,0,0,0,27,0,0,0,1,0,4414.560517059099,43810.1088048901,29584.41591029836,0.0010283004858891304,0.0026971816376638036,,
190,16,4092.125732421875,2550.447616,1879.953125,117.4970703125,123.05596923828125,944.3623046875,0.0001444702793378383,0.0,9554.9326171875,0,1,0,0,0,23,0,0,0,1,0,4294.554654300387,34012.66496945325,21361.680028495433,0.006337117820389659,0.005883215440245476,,
191,21,5329.62646484375,2730.432,1233.9541015625,58.75971984863281,39.01107406616211,281.66162109375,4.802971307071857e-05,0.0,3879.3037109375,0,1,0,0,0,36,0,0,0,1,0,2466.7533234834186,24636.998210382393,20102.052680997,0.0008073778128382184,0.0004045942092964121,353.61659148270564,2675.9676793747058
192,21,5331.373046875,3169.527808,1442.123046875,68.67253112792969,109.1715087890625,500.3914489746094,7.605775317642838e-05,0.0,7224.3720703125,0,1,0,0,0,39,0,0,0,1,0,4287.791603634394,34008.37004026985,32443.5412799314,3.8550589412926495e-05,0.003596658199912374,,
193,18,4560.0068359375,3066.79808,212.3720703125,11.79844856262207,84.90892028808594,556.4833374023438,9.880017751129344e-05,0.0,6318.68603515625,0,1,0,0,0,33,0,0,0,1,0,3789.9035361068613,36449.319353040744,27470.1997170765,0.001375322821962538,0.0015344482151255726,1802.137102324409,674.631432443233
194,21,5335.60888671875,3035.177472,1575.650390625,75.03097534179688,58.39568328857422,326.02130126953125,7.176927465479821e-05,0.0,4574.5986328125,0,1,0,0,0,38,0,0,0,1,0,2685.777488208899,23157.760334244682,21705.65097593642,0.001982868335364967,0.00021309824551583173,508.8066993658183,1862.2744246780574
195,14,3567.641845703125,2437.284352,3892.2666015625,278.01904296875,291.7626647949219,2107.806640625,0.00024619116447865963,0.0,22906.626953125,0,1,0,0,0,20,0,0,0,1,0,8858.319120029533,63738.501803632855,55208.8127443334,0.00012652923944436734,0.0021857597369934895,,
196,20,5130.5830078125,2583.140864,932.890625,46.64453125,95.51136779785156,458.2000732421875,7.676966924918815e-05,0.0,6141.455078125,0,1,0,0,0,32,0,0,0,1,0,3540.8659348579076,24994.91000925984,21509.784842034867,0.001517796058802201,0.0014653107376158825,484.01307837704326,2600.2647481457307
197,20,5140.12451171875,3120.222208,1041.7548828125,52.087745666503906,134.2659454345703,666.1554565429688,0.00010981659579556435,0.0,8533.853515625,0,1,0,0,0,36,0,0,0,1,0,4624.350351732514,34580.76760396439,31050.09673748248,0.0018533577234153623,0.000162364681414855,,
198,19,4853.26416015625,3098.761728,464.9951171875,24.473426818847656,79.8156967163086,537.3140258789062,8.212041575461626e-05,0.0,7096.28125,0,1,0,0,0,37,0,0,0,1,0,3631.6977355383615,39512.760792711,26859.57754963193,0.0005867603517016005,0.0007016741942183491,2033.7903224160345,441.37263226775906
199,18,4626.2158203125,2891.270656,265.4541015625,14.74744987487793,128.46792602539062,951.037353515625,0.00014445296255871654,0.0,11956.3544921875,0,1,0,0,0,36,0,0,0,1,0,5799.409587777695,50135.542140617545,37945.69683398417,0.022050598957982046,0.009868054924398698,,
200,19,5064.8173828125,2872.702464,328.2041015625,17.273900985717773,136.02590942382812,699.4391479492188,0.0001129896190832369,0.0,8120.583984375,0,1,0,0,0,31,0,0,0,1,0,2681.7892493780255,28453.866075480022,17970.69974257741,0.009180395803843333,0.010130394868803922,,
201,21,5471.4658203125,3241.22112,1461.3896484375,69.58998107910156,89.93400573730469,441.1124572753906,7.535493932664394e-05,0.0,5739.033203125,0,1,0,0,0,37,0,0,0,1,0,3004.500949253349,28345.93745473829,19681.22283948306,0.0011257363060321237,0.0005578188555288681,,
202,12,3077.5439453125,2395.369472,5150.59375,429.2161560058594,166.75428771972656,2760.9423828125,0.0003950397076550871,0.0,19699.697265625,0,1,0,0,0,19,0,0,0,1,0,6752.928890358046,54654.93727443585,47717.268339564536,0.0011153293086804267,0.0009697387929504669,,
203,21,5317.6474609375,2572.424704,1450.1865234375,69.05650329589844,76.8321304321289,340.1173095703125,6.666604895144701e-05,0.0,4319.82861328125,1,0,1,0,0,38,0,0,0,1,0,2581.8445911017525,19723.341199890678,19424.257987737237,0.00020767263582535667,0.007843891304330372,386.3417665713923,2001.6074526694365
204,21,5327.1220703125,3409.676288,1342.9873046875,63.951778411865234,61.826602935791016,303.20013427734375,4.9287540605291724e-05,0.0,4318.306640625,0,1,0,0,0,34,0,0,0,1,0,2362.9386229507163,21614.99760383856,21446.951357564252,0.0017678704204917434,0.0042592085915148375,795.2769534965664,3040.158922606205
205,18,4564.77001953125,2997.650432,192.0927734375,10.671820640563965,133.3576202392578,685.8182983398438,0.00011615874245762825,0.0,7552.9921875,0,1,0,0,0,24,0,0,0,1,0,3777.1247385167676,36884.13731643447,34071.29704687982,0.005844837109037666,0.00024521370959746606,803.0898568048195,2010.9864400018823
206,18,4568.7236328125,2719.231488,179.302734375,9.961262702941895,87.08704376220703,573.0173950195312,8.702002378413454e-05,0.0,6191.57421875,0,1,0,0,0,29,0,0,0,1,0,2488.977605497021,33033.76724576068,14264.34858820866,0.0014829167509598437,0.009339536842493768,661.4252106006966,2731.283179421699
207,22,5586.27685546875,3342.088704,1708.71484375,77.66886138916016,75.65646362304688,327.65814208984375,5.999249333399348e-05,0.0,4659.85498046875,0,1,0,0,0,45,0,0,0,1,0,2848.749347725888,18049.730486213215,15055.73090368546,0.0020678819832453885,0.0062355778698644435,,
208,17,4319.1630859375,3122.744832,786.0556640625,46.23856735229492,103.23552703857422,599.8892211914062,0.00010505152749828994,0.0,7554.32275390625,0,1,0,0,0,26,0,0,0,1,0,4020.529689984372,43818.679913596374,23134.09439069348,0.0009939363482414643,0.0023271656893777415,,
209,18,4577.5224609375,2722.000896,198.0576171875,11.003201484680176,83.79700469970703,521.6674194335938,7.788892253302038e-05,0.0,6531.84375,0,1,0,0,0,35,0,0,0,1,0,3080.903340892426,31765.04240049746,17663.00411516853,0.002220755517482225,0.0005857704625731458,785.6432745320662,1722.711421376183
210,21,5338.86865234375,3260.414976,1434.3564453125,68.30268859863281,80.97581481933594,396.78826904296875,5.8327837905380875e-05,0.0,5552.162109375,0,1,0,0,0,38,0,0,0,1,0,3114.4703281005404,19507.26608117385,19069.09636198999,0.002162188457710275,0.0004925588788790326,1144.9555916397117,2263.880250002348
211,23,5823.0068359375,3867.055616,1930.29443359375,83.92584991455078,22.659006118774414,214.28488159179688,4.267073018127121e-05,0.0,3195.8857421875,0,1,0,0,0,43,0,0,0,1,0,1682.964819213666,13496.588097040005,12347.79725058103,0.00270356838600537,0.0017967508983522257,614.3962057891013,3106.4108701705154
212,18,4577.24267578125,3231.408128,150.4150390625,8.356390953063965,109.32596588134766,528.0851440429688,9.515319106867537e-05,0.0,6703.1923828125,0,1,0,0,0,35,0,0,0,1,0,3494.194283307404,31356.01965196669,20642.924112330744,0.0005461816459259757,0.0050182993296844485,649.1760338661302,3160.348411339636
213,27,6865.75537109375,3920.189952,3367.939453125,124.7385025024414,28.680429458618164,189.60035705566406,3.999170075985603e-05,0.0,3448.37841796875,1,0,1,0,0,54,0,0,0,1,0,2072.8724752134212,15478.409455466192,13050.690984873401,4.388036838456899e-06,0.0006807250940427069,584.0772491087359,3105.6870891904773
214,19,4885.296875,3944.467968,406.935546875,21.417659759521484,107.30713653564453,611.4971923828125,8.66153059178032e-05,0.0,7743.1171875,0,1,0,0,0,34,0,0,0,1,0,5717.007326366514,153439.51954449248,25368.880174947946,0.0006798766319110264,0.0003598918836351314,,
215,23,5988.19873046875,3622.300672,2134.6806640625,92.81220245361328,36.949790954589844,304.97210693359375,4.723479287349619e-05,0.0,4630.50634765625,0,1,0,0,0,46,0,0,0,1,0,2853.374366313642,23893.918018880388,20017.38336136367,0.0035257185618324943,0.00318963702693628,306.2794813723922,2765.0612875094316
216,21,5316.3955078125,3770.399232,1328.294921875,63.252140045166016,65.42449951171875,262.3865661621094,4.953641109750606e-05,0.0,3499.005859375,0,1,0,0,0,35,0,0,0,1,0,1813.8850564816732,19734.658022806845,7617.216745197809,0.00025619236424721803,0.014414814397844335,,
217,17,4343.24267578125,2990.422528,885.1171875,52.06571578979492,133.68783569335938,762.1802368164062,0.00011155356332892552,0.0,8884.6435546875,0,1,0,0,0,27,0,0,0,1,0,3870.201722149831,33072.14316958155,19313.050213776125,0.006533975676750889,0.013479885325311108,,
218,15,3815.677978515625,2358.75072,2701.646484375,180.10977172851562,148.70872497558594,1423.175537109375,0.00015366612933576107,0.0,14246.0771484375,0,1,0,0,0,24,0,0,0,1,0,5828.343408698094,42200.8068544664,38996.25158933777,0.00048611670095225455,0.004660535980651453,,
219,21,5340.71142578125,2950.019584,1340.828125,63.848960876464844,46.406715393066406,262.135009765625,3.932477920898236e-05,0.0,3939.67431640625,0,1,0,0,0,40,0,0,0,1,0,2029.5491053925514,20704.112437559343,18487.742192645113,0.0037970486701596473,4.4959379895834206e-05,1016.1720016650365,1404.2215846820986
220,19,4837.46875,3268.150272,353.9111328125,18.626901626586914,35.903724670410156,347.3872375488281,5.2167364628985524e-05,0.0,4779.06494140625,0,1,0,0,0,41,0,0,0,1,0,2399.8822593388168,23165.465935862943,12581.370711145308,0.005019837026404392,0.004852762207842289,,2850.5582801023133
221,13,3388.981201171875,2279.9872,4862.0908203125,374.0069885253906,198.01121520996094,1722.3446044921875,0.00022172812896315008,0.0,17532.728515625,0,1,0,0,0,16,0,0,0,1,0,6775.134405720227,49935.143874524096,44128.324234914515,0.0006127431196847367,0.0026987658218814783,154.36718132485203,1750.9462751726592
222,21,5335.51025390625,2678.450688,1313.8974609375,62.56654739379883,59.24522399902344,374.3962097167969,5.599203359452076e-05,0.0,4917.0048828125,0,1,0,0,0,33,0,0,0,1,0,2432.2377942230464,22672.39525944984,22396.857135310594,0.0007369768189505188,0.00027098494352906233,,
223,16,4080.15869140625,2884.980736,1686.765625,105.4228515625,127.04075622558594,947.9353637695312,0.00015051942318677902,0.0,9952.125,0,1,0,0,0,26,0,0,0,1,0,4887.091782167959,34901.60807130006,34858.41470822812,0.0018493203289346675,0.0005375282221401351,284.72785131491264,1768.5271767114286
224,21,5346.619140625,2845.327872,1465.7509765625,69.79766845703125,84.96094512939453,475.3709716796875,7.469375850632787e-05,0.0,6597.89208984375,0,1,0,0,0,41,0,0,0,1,0,4253.045613721434,34472.06673352649,31149.116283663097,0.0017505565960848068,0.0019426857583379475,811.3999078455809,1672.008196518092
225,19,4973.81689453125,3039.551488,399.6748046875,21.0355167388916,116.18119812011719,477.5333557128906,8.72293530846946e-05,0.0,5657.1533203125,0,1,0,0,0,31,0,0,0,1,0,2882.134738231992,14813.326551736516,14061.922797089388,0.008506178099989659,0.004193755360005241,1579.11512414465,1939.5285177434782
226,18,4580.4677734375,2775.115264,186.4169921875,10.356499671936035,94.72225952148438,799.424560546875,0.00011549963528523222,0.0,8928.30078125,0,1,0,0,0,27,0,0,0,1,0,3649.0072041657418,36869.210843190434,24958.299868994527,0.001551289875023322,0.0013410108767549847,1118.295480210094,2353.6847487595605
227,17,4337.3994140625,2552.807936,893.0537109375,52.532569885253906,111.24837493896484,941.8446655273438,0.00014487342559732497,0.0,9752.4853515625,0,1,0,0,0,29,0,0,0,1,0,4301.719715296416,55986.28853385064,21870.401630220615,0.0004479483557110961,0.004150372325396489,,
228,25,6353.48095703125,3613.280256,2780.03076171875,111.20122528076172,30.319856643676758,202.77088928222656,3.9435843063984066e-05,0.0,3394.8271484375,0,1,0,0,0,47,0,0,0,1,0,1765.6579753051822,15143.663799041971,11387.559808520682,0.004751332912366568,0.0065849418101120855,,
229,19,4833.76171875,3527.589888,432.6474609375,22.770919799804688,134.5223846435547,589.2022094726562,9.92866262095049e-05,0.0,7775.62939453125,0,1,0,0,0,34,0,0,0,1,0,4573.742352369976,37291.91197065687,32425.901326055406,0.007978668970103506,0.0014471755836892586,,
230,17,4307.95166015625,2671.81312,837.166015625,49.245059967041016,123.30111694335938,812.96240234375,0.00011548728798516095,0.0,9076.107421875,0,1,0,0,0,29,0,0,0,1,0,4991.562177892097,39574.8059400322,30735.308370863575,0.0006280265638483953,0.000403323742998455,,
231,18,4558.20849609375,2610.834944,202.525390625,11.251410484313965,148.23873901367188,985.1578979492188,0.00016632252663839608,0.0,11226.05078125,0,1,0,0,0,28,0,0,0,1,0,6255.123773613043,40671.1678544933,33374.02708705413,0.0016643430088176259,0.007129933867067419,637.1076657042313,1581.126933241183
232,18,4601.42822265625,2688.522752,189.2451171875,10.513617515563965,87.75932312011719,601.13916015625,9.253048483515158e-05,0.0,6405.4208984375,0,1,0,0,0,32,0,0,0,1,0,2956.0115037584983,28259.643594394132,18026.679353523192,0.000984157282449806,0.007491858174981316,905.327996395359,1454.236196068974
233,17,4345.017578125,2576.376832,753.7939453125,44.3408203125,63.1522216796875,556.8400268554688,0.00010151124297408387,0.0,5794.21875,0,1,0,0,0,28,0,0,0,1,0,2923.383725180638,33104.4625142774,12665.712962030184,0.0017559810146409102,0.0014739543998947384,,
234,17,4352.58935546875,2592.309248,957.744140625,56.337890625,87.94698333740234,654.4286499023438,0.00010264079901389778,0.0,7246.15673828125,0,1,0,0,0,26,0,0,0,1,0,2952.218149671797,19841.03348810135,17751.1372236357,0.0015850421135159293,0.008501446294020918,,
235,17,4404.06103515625,2664.950784,856.935546875,50.40797424316406,97.5190200805664,822.1332397460938,0.00013951353321317583,0.0,9090.4833984375,0,1,0,0,0,30,0,0,0,1,0,4672.998573062286,29712.029192302736,22371.005699953068,0.003979479652513392,0.013118105569960996,603.3629333249164,2833.921066548441
236,14,3591.1708984375,2262.418432,3555.609375,253.97210693359375,110.91425323486328,1325.8599853515625,0.00021780477254651487,0.0,12115.7802734375,0,1,0,0,0,25,0,0,0,1,0,4349.742641450399,34422.28460295848,21323.36121978026,0.0012273821486282234,0.007493534963275549,613.0702625253334,2928.9487284411202
237,14,3586.2998046875,1984.215552,3900.994140625,278.6424560546875,239.5103302001953,1695.67529296875,0.0002786172553896904,0.0,14547.9619140625,0,1,0,0,0,18,0,0,0,1,0,6083.021261923478,46057.376880825905,37222.09001253967,0.000283996971210735,0.0029770870411952796,416.58766003192113,1258.0207804636557
238,19,4862.56396484375,2513.747456,414.55078125,21.818462371826172,104.86506652832031,523.748046875,8.424212865065783e-05,0.0,6650.52587890625,0,1,0,0,0,35,0,0,0,1,0,3512.9727367449073,31330.801029227336,24000.310382961256,0.0005837680471231232,0.002017140183714586,204.96269749706926,2205.229969105267
239,18,4575.5732421875,2908.618752,176.2978515625,9.79432487487793,53.33814239501953,426.32305908203125,8.200360753107816e-05,0.0,4693.10498046875,0,1,0,0,0,30,0,0,0,1,0,2407.8331656808446,19212.748634994106,12841.265100996323,0.001973419711675549,0.012960558768237231,1180.0989742331126,1081.8799364062666
240,21,5377.4609375,3208.285696,1594.650390625,75.93573760986328,84.6055908203125,471.4088134765625,7.297898991964757e-05,0.0,6341.95751953125,0,1,0,0,0,44,0,0,0,1,0,3997.9089330145343,42595.21583920375,28946.033416781862,0.002803351772600715,0.002767987011253227,,
241,25,6335.95654296875,4062.183424,2792.8427734375,111.71370697021484,32.083099365234375,195.7406463623047,4.2074007069459185e-05,0.0,3054.532958984375,0,1,0,0,0,46,0,0,0,1,0,1981.14744716762,13741.41985897165,13346.57107592478,0.00028937797265993215,0.0013044679168436775,1304.8178785577716,1617.668816525108
242,18,4602.78125,3623.65952,151.8154296875,8.43419075012207,86.49324035644531,599.0965576171875,8.908488234737888e-05,0.0,6404.0712890625,0,1,0,0,0,30,0,0,0,1,0,3760.0350348666725,31291.26179727468,29005.232249174453,0.0041073527411429195,0.00045076393336360154,,
243,17,4355.26708984375,2650.588672,954.005859375,56.11799240112305,84.06514739990234,840.4265747070312,0.00011219195584999397,0.0,9714.3359375,0,1,0,0,0,27,0,0,0,1,0,4399.662689922919,41795.88290973452,30915.145666929908,0.0005559132362048247,0.00256890053767838,1042.5532028978496,1144.7946490055897
244,21,5445.21923828125,2997.556224,1093.08935546875,52.051876068115234,69.66780090332031,331.6793518066406,5.101098940940574e-05,0.0,4491.10107421875,0,1,0,0,0,41,0,0,0,1,0,2564.7481693964633,25606.99259214799,17513.785284341324,1.880042773342444e-05,0.0009982309855700866,,
245,19,4840.8779296875,3256.787456,423.029296875,22.264699935913086,59.071590423583984,536.2276000976562,8.235817222157493e-05,0.0,6230.39599609375,0,1,0,0,0,35,0,0,0,1,0,3073.811232501918,29941.943675778035,17552.757489881777,0.00597421412754405,0.004578183833801222,,
246,21,5346.34716796875,3390.057984,1470.818359375,70.03897094726562,55.62600326538086,270.62921142578125,5.7965000451076776e-05,0.0,3268.806884765625,0,1,0,0,0,36,0,0,0,1,0,1877.7196544762853,23563.53444424389,10760.402715721464,0.0008461052542054663,0.003101894099054134,,
247,23,5851.35888671875,3685.320704,2331.8896484375,101.38650512695312,78.3548355102539,384.6216125488281,6.586051313206553e-05,0.0,5954.89501953125,0,1,0,0,0,42,0,0,0,1,0,3269.554969740449,22008.92708241543,20933.416626726583,0.004032118231424221,0.003457098391910156,,
248,13,3330.853515625,2646.428672,3975.1767578125,305.7828369140625,140.35476684570312,1396.723876953125,0.00020955187210347503,0.0,16091.2314453125,0,1,0,0,0,27,0,0,0,1,0,4849.190829494969,34293.5131928479,27249.837553192563,0.0006248140886649448,8.285860781482787e-06,,
249,21,5346.5302734375,2637.676032,1220.87109375,58.13671875,45.58200454711914,333.0447998046875,5.2762028644792736e-05,0.0,4443.52490234375,0,1,0,0,0,41,0,0,0,1,0,2273.9674375182126,21441.290290430166,18369.93664188882,7.613911411416541e-05,0.0016601446089700017,142.10002453856123,2626.5376265125606
250,20,5088.28466796875,3335.15776,846.3408203125,42.31704330444336,43.10398483276367,276.6131896972656,4.365598942968063e-05,0.0,3550.740966796875,0,1,0,0,0,34,0,0,0,1,0,1914.624290422088,8068.285948882251,7830.288856234835,0.004782081801144769,0.007578329574569626,,
251,18,4581.84228515625,3051.053056,226.734375,12.596354484558105,56.40939712524414,417.037109375,8.105477172648534e-05,0.0,4645.09716796875,0,1,0,0,0,26,0,0,0,1,0,2403.371982133627,27524.53711051491,10904.288875427588,0.002189776697148288,0.0013010991057912646,1558.2653822530883,3435.065970274827
252,21,5332.66455078125,3267.415552,1450.21875,69.05803680419922,53.9195442199707,268.8611145019531,4.934514072374441e-05,0.0,3521.907958984375,0,1,0,0,0,33,0,0,0,1,0,1812.459821028141,20520.072361968116,17041.4639193716,0.0004957715659699713,0.006157329108491972,,
253,19,4831.7578125,3236.006912,396.8193359375,20.885229110717773,70.7620849609375,567.9744262695312,0.00010264862794429064,0.0,6981.451171875,0,1,0,0,0,32,0,0,0,1,0,4040.853320608149,36761.283348925754,29774.240501643464,0.0009011510863044664,0.0009877933213599671,740.9856454043315,1413.3243171943213
254,20,5090.4580078125,2956.489216,1025.8681640625,51.29340744018555,111.15485382080078,742.255615234375,0.00010442327038617805,0.0,8862.5888671875,0,1,0,0,0,37,0,0,0,1,0,4272.972164943109,36716.002670492686,25291.969519951126,0.0006128243591162624,0.0031108983610269175,374.4231920830107,2090.663003304826
255,19,4825.03857421875,2943.048192,411.630859375,21.66478157043457,90.08191680908203,402.7659912109375,6.0734757425962016e-05,0.0,5468.70068359375,0,1,0,0,0,34,0,0,0,1,0,3243.452061344071,29529.550293220083,28042.82384924808,0.001183434820078863,0.0021642286999112997,435.1301602300596,2816.1242592585863
256,20,5093.0361328125,3026.190848,1046.7822265625,52.339111328125,125.8489761352539,706.8322143554688,0.00010327786731068045,0.0,9244.6064453125,0,1,0,0,0,41,0,0,0,1,0,5109.149788925493,30570.61631574652,29885.676260999877,0.0024743219395427438,0.003992967235402184,,
257,16,4082.775390625,2739.662848,1694.474609375,105.9046630859375,140.544189453125,951.5499267578125,0.00016937937471084297,0.0,9614.49609375,0,1,0,0,0,28,0,0,0,1,0,4606.64365494138,43874.07993529734,31968.22450305594,0.0010954196436162595,0.012263154463252587,,
258,20,5119.9443359375,2642.895872,919.3583984375,45.96792221069336,79.10897064208984,461.1563415527344,6.470822700066492e-05,0.0,7011.47265625,0,1,0,0,0,40,0,0,0,1,0,4028.373688670071,34446.15911768599,25000.827469820724,0.0006757693142322857,0.0024119354934841776,18.833562222309865,2558.4175547503637
259,19,4841.59619140625,2956.79232,436.0791015625,22.9515323638916,56.30711364746094,458.2549133300781,7.76734814280644e-05,0.0,5000.453125,0,1,0,0,0,32,0,0,0,1,0,2680.3297000962857,26985.57351400038,24065.266944158346,0.003971131971582456,0.0037453331812322826,,
260,23,5847.02685546875,3457.41056,2131.4560546875,92.67200469970703,54.38492965698242,220.5126953125,3.48518333339598e-05,0.0,3343.272216796875,0,1,0,0,0,42,0,0,0,1,0,1689.2563004285187,11303.567588756858,9231.061172958884,6.225244826324472e-05,0.0004655351647062794,,
261,21,5345.693359375,3519.186944,1335.3046875,63.5859375,74.87353515625,352.3653564453125,6.177696923259646e-05,0.0,4679.6962890625,0,1,0,0,0,36,0,0,0,1,0,2548.131364936294,22782.686322407306,16577.628036288723,0.0010174661506245283,0.0025201464816000108,,
262,22,5608.14306640625,3557.913088,1821.3759765625,82.7898178100586,39.816871643066406,311.0850524902344,5.181716915103607e-05,0.0,4480.77001953125,0,1,0,0,0,38,0,0,0,1,0,2634.4191713914365,22569.14144281442,16372.14018345904,0.00031123682524654417,0.003960990060462549,140.90360963006742,2521.5320819575613
263,16,4096.94091796875,2988.097024,1869.0009765625,116.81256103515625,181.0272216796875,894.0737915039062,0.00020888396829832345,0.0,8823.390625,0,1,0,0,0,26,0,0,0,1,0,3599.8656413543495,29062.570281529475,26772.41318495243,0.0008774292016575837,0.00024480018365606593,,
264,16,4104.48193359375,2358.969856,1700.7021484375,106.29388427734375,113.74813079833984,879.1832275390625,0.00018189418187830597,0.0,8915.419921875,0,1,0,0,0,25,0,0,0,1,0,3612.991568516896,25220.897761385684,24061.64852901616,0.00032602565567101463,0.010931479805106753,776.4848493019017,2891.048434106823
265,14,3579.96435546875,2081.14688,3414.771484375,243.91226196289062,140.61936950683594,1685.0482177734375,0.0001976719795493409,0.0,17898.74609375,0,1,0,0,0,26,0,0,0,1,0,7106.081870670264,53861.86572653495,44413.26952406366,0.0031715423980178195,0.003242455055442295,882.0492013054927,3365.43959681454
266,17,4334.15283203125,2221.366272,851.58984375,50.09352111816406,81.51878356933594,663.54345703125,9.741041867528111e-05,0.0,7168.220703125,0,1,0,0,0,27,0,0,0,1,0,3775.609286439493,26418.228226910454,25393.79587815179,0.004000419520371966,0.00013981903691731926,,
267,19,4823.43896484375,2665.281024,377.4462890625,19.8655948638916,59.01991653442383,433.52984619140625,6.3184583268594e-05,0.0,5654.791015625,0,1,0,0,0,29,0,0,0,1,0,2962.5842029045757,30172.969826332755,17457.943344261308,0.0019753925432986555,0.0015903090615914037,,
268,22,5623.59814453125,3411.766272,1680.982421875,76.40829467773438,33.26476287841797,254.8640899658203,4.128159343963489e-05,0.0,3863.63623046875,0,1,0,0,0,43,0,0,0,1,0,2117.0422028033568,18504.443983774945,14242.481924055297,0.0010397696204614768,0.003078671251603979,854.930040328396,3383.256201531339
269,16,4083.704833984375,2934.818304,1526.068359375,95.3792724609375,84.80596923828125,590.7361450195312,0.00010791960085043684,0.0,6839.01953125,0,1,0,0,0,25,0,0,0,1,0,2976.941949305785,19553.75410912112,18460.602274472556,9.477136111084306e-05,0.007290294212545484,959.6543236652412,3130.796877173646
270,19,4831.3125,2723.17952,420.1865234375,22.115079879760742,77.32807922363281,503.6611328125,8.531135972589254e-05,0.0,5822.30859375,0,1,0,0,0,31,0,0,0,1,0,3538.1321909508997,29523.304600843756,27388.499904321776,0.002975623339340379,0.0002646708514886832,1655.2454268726262,592.8124731474356
271,23,5836.98876953125,3632.629248,2136.4267578125,92.88812255859375,43.230003356933594,213.17930603027344,4.138780423090793e-05,0.0,3028.233642578125,0,1,0,0,0,41,0,0,0,1,0,1743.5485301245012,14232.695124494832,11555.11685789165,0.000903947454631935,9.777975236049952e-05,335.3699702067943,2723.200491991689
272,21,5323.4013671875,3713.04192,1338.75,63.75,49.50117492675781,240.78770446777344,4.702810474555008e-05,0.0,2907.349853515625,0,1,0,0,0,41,0,0,0,1,0,1244.52029073965,6799.214253802022,6042.50960936747,3.242234744348094e-05,0.0037110084509564215,,
273,16,4090.94189453125,2871.84128,1577.4208984375,98.58880615234375,118.96556854248047,671.6445922851562,0.00011809517309302464,0.0,7477.021484375,0,1,0,0,0,27,0,0,0,1,0,3313.358020707613,46654.54768954022,12186.606427285855,0.0016384007935623113,0.0007258139386886776,,
274,20,5067.4580078125,2749.914624,836.0302734375,41.801513671875,48.628746032714844,370.8394470214844,6.0363079683156684e-05,0.0,4945.54052734375,0,1,0,0,0,38,0,0,0,1,0,2195.3410023090582,18988.35492591243,14652.384932147284,5.4275811207475655e-05,0.0019422306460962768,866.0549535016962,3338.9587620385705
275,20,5097.115234375,3161.446912,933.708984375,46.68545150756836,76.50312805175781,410.23590087890625,6.031091106706299e-05,0.0,5159.31689453125,0,1,0,0,0,36,0,0,0,1,0,3195.925593734072,25459.06535430423,24634.777485723884,0.00017705984400666341,0.00068332105564467,,
276,23,5846.15234375,3508.58752,2336.8076171875,101.60033416748047,86.66368865966797,432.049072265625,6.727514119120315e-05,0.0,6781.82373046875,0,1,0,0,0,44,0,0,0,1,0,4346.82064853543,32453.155988990053,25823.67461376636,0.0018893244427271878,0.001274190081707087,,
277,25,6353.59716796875,4259.145216,2544.0654296875,101.76261138916016,32.36508560180664,194.2836456298828,3.917085996363312e-05,0.0,3125.109375,0,1,0,0,0,44,0,0,0,1,0,1860.6756627854663,16809.203582155766,11717.336897199812,0.0008077184798966769,0.007316157269698514,,
278,21,5339.36328125,3993.930752,1571.720703125,74.84384155273438,91.4268569946289,339.31488037109375,7.754611579002813e-05,0.0,4455.2861328125,0,1,0,0,0,36,0,0,0,1,0,2711.4031509204488,29744.735309576237,15162.869443907053,0.00047581116010742344,0.009444070543309736,514.2502710295098,1829.4176636023012
279,23,5840.8837890625,3426.258944,2351.75,102.25,44.936553955078125,270.1145324707031,4.5108517952030525e-05,0.0,4066.41455078125,0,1,0,0,0,44,0,0,0,1,0,2576.8456318374624,21960.595462964753,14983.253118130198,0.0010503304290773573,0.001285326297744624,652.129618462513,1832.983344688571
280,19,4848.0595703125,3226.752,362.013671875,19.0533504486084,106.08502197265625,547.3958740234375,0.00011035273928428069,0.0,6490.73779296875,0,1,0,0,0,30,0,0,0,1,0,3048.178032780311,26953.228333183393,21874.39520032385,0.00014891644373996038,0.0026993784874069183,,
281,20,5130.7392578125,3139.389952,991.28125,49.564064025878906,67.34163665771484,447.11614990234375,8.593218080932274e-05,0.0,5427.34619140625,0,1,0,0,0,33,0,0,0,1,0,2746.339916729164,23057.4466153395,16925.759912652553,8.08296885080502e-05,0.0016642259773570547,,
282,14,3605.11865234375,2451.902976,3553.41015625,253.8150177001953,103.54472351074219,744.7993774414062,0.00013709523773286492,0.0,8356.7626953125,0,1,0,0,0,21,0,0,0,1,0,2743.198783350146,21095.85280540794,13293.634606223808,0.0011398175955426165,0.0037186250412668915,496.78943908828114,1392.2322967833197
283,18,4592.24609375,2438.366208,192.7626953125,10.709038734436035,97.20427703857422,691.2015991210938,0.00011324751540087163,0.0,8322.044921875,0,1,0,0,0,28,0,0,0,1,0,3543.7040432065332,23125.90673639759,17399.476186960743,1.6771543006069423e-05,0.005878336635883299,,
284,23,5836.35009765625,3536.362496,2146.8720703125,93.3422622680664,41.818824768066406,259.6962890625,5.0956190534634516e-05,0.0,3672.58349609375,0,1,0,0,0,44,0,0,0,1,0,2178.1257188445056,15675.097935223022,14308.675739788483,0.00023495084063515637,0.003780272003141863,575.0684970872799,1865.1754951674761
285,17,4333.85400390625,3209.381376,960.8896484375,56.52292251586914,131.0634765625,1341.4739990234375,0.00018967609503306448,0.0,14241.3916015625,0,1,0,0,0,25,0,0,0,1,0,6501.801861717049,42027.20767318602,38847.70623377998,0.005062786002776704,0.000799643691958396,84.39188703481705,2106.556111478738
286,21,5324.70166015625,3048.584192,1328.7490234375,63.273765563964844,60.01814651489258,365.8959045410156,5.2193357987562194e-05,0.0,5031.0595703125,0,1,0,0,0,36,0,0,0,1,0,3029.014653176448,23732.878956151257,22748.79112474609,0.0009179740800672812,0.0005205451613791226,713.2128382689784,3069.9903660501614
287,18,4566.60205078125,2891.28704,151.158203125,8.39767837524414,117.98723602294922,678.9364013671875,0.00011095731315435842,0.0,7821.5361328125,0,1,0,0,0,34,0,0,0,1,0,5301.62429683895,43496.44842245701,35814.96794142562,0.0016315050355139513,0.002887963409707553,,
288,15,3825.393310546875,2231.377408,2476.4091796875,165.0939483642578,87.91680908203125,579.8552856445312,0.000104094622656703,0.0,6421.5107421875,0,1,0,0,0,23,0,0,0,1,0,2227.7760896501595,19257.442083376245,13842.321483193984,0.002155351343842926,0.0074560764726301285,835.3561348920443,2778.3502015865565
289,17,4312.3974609375,2326.373888,876.2099609375,51.54176330566406,117.3985595703125,908.9697875976562,0.00011822133092209697,0.0,9676.5712890625,0,1,0,0,0,34,0,0,0,1,0,4503.943806298083,41305.69244795196,22757.29727880495,0.00047021692879311433,0.004246300454792254,395.60515800450025,2908.590138142834
290,15,3835.377197265625,2304.10496,2402.3115234375,160.15411376953125,161.1335906982422,1038.8104248046875,0.00017580106214154512,0.0,10044.1767578125,0,1,0,0,0,24,0,0,0,1,0,5566.376456849627,38371.216409966015,33336.67760696669,0.00911630966158231,0.00023037529160477473,,
291,21,5308.35498046875,2864.141824,1336.59765625,63.64751052856445,79.0885238647461,303.61541748046875,5.696839070878923e-05,0.0,4065.695556640625,0,1,0,0,0,39,0,0,0,1,0,1941.7436410276955,16836.235592180044,9594.814088210742,0.001750060517874935,0.0013485607134532396,1012.7859272112264,3422.129273259261
292,15,3799.711669921875,2733.742592,2958.556640625,197.23712158203125,185.29995727539062,2003.605224609375,0.0004127922875341028,0.0,18290.318359375,0,1,0,0,0,23,0,0,0,1,0,8001.347612843239,53825.97939430028,52466.34245246783,0.006832498390730822,0.0034015872469407927,,
293,14,3569.68994140625,2066.967552,3549.798828125,253.55706787109375,116.6426010131836,1311.0177001953125,0.00016912467253860086,0.0,12606.302734375,0,1,0,0,0,23,0,0,0,1,0,5152.4316707822,31496.441657321215,31266.140844096743,0.0011761193957746177,0.0006296049405392218,,
294,17,4327.818359375,2335.64416,971.5419921875,57.14952850341797,142.16732788085938,831.7064208984375,0.00013071598368696868,0.0,9163.884765625,0,1,0,0,0,27,0,0,0,1,0,4585.700911744681,46582.16836749918,43616.21119991209,0.0006443762109674608,0.0009293189081404519,1242.3074101579664,3378.90615277713
295,20,5074.9384765625,2927.586816,1001.7890625,50.089454650878906,78.57061004638672,396.3375244140625,6.61032390780747e-05,0.0,5338.15380859375,0,1,0,0,0,37,0,0,0,1,0,3027.6869974706783,25163.31192714141,23421.515780355378,0.002865770204560532,0.0025252703725111847,1319.1586928908725,1859.4948190142188
296,18,4576.1884765625,2873.629696,186.0703125,10.337239265441895,54.119773864746094,357.71832275390625,6.500371091533452e-05,0.0,4181.40380859375,0,1,0,0,0,25,0,0,0,1,0,2070.360437018207,11207.6153376645,7601.942965097241,0.0017875633117112738,0.004586084006269928,,
297,18,4578.63623046875,2705.654272,168.70703125,9.372612953186035,58.124725341796875,376.92376708984375,6.844933523098007e-05,0.0,4395.51171875,0,1,0,0,0,28,0,0,0,1,0,1747.2349881730058,19142.91561034087,6550.830733888991,0.0012630902608819078,0.0006005347865377167,27.856369718677342,2048.144448424347
298,15,3846.41796875,2318.474752,2639.3818359375,175.95880126953125,191.6372833251953,1883.5888671875,0.00028071345877833664,0.0,18258.51953125,0,1,0,0,0,25,0,0,0,1,0,8371.015001662314,64348.29976247065,51497.66328184293,0.013086498689805132,0.00035229304607193625,57.409788085281434,2337.282331355557
299,17,4329.3515625,2206.116352,932.3125,54.84191131591797,171.11444091796875,1605.814697265625,0.0002044207794824615,0.0,18422.740234375,0,1,0,0,0,27,0,0,0,1,0,9540.729047666155,164613.82016750413,41343.23003019383,0.00014024590140006288,0.00027930509424926864,,
300,20,5072.62060546875,2896.091648,986.1650390625,49.30825424194336,79.36369323730469,582.6686401367188,8.822290692478418e-05,0.0,7000.1513671875,0,1,0,0,0,36,0,0,0,1,0,3962.176840640391,46926.08065910948,25853.452148100514,0.0017360894319702336,0.0038218274322641896,406.252280492889,2853.0344063078905
301,17,4332.1875,2905.684992,955.1689453125,56.18640899658203,74.19234466552734,684.029296875,0.0001181231127702631,0.0,7377.36474609375,0,1,0,0,0,28,0,0,0,1,0,3509.491036208336,54850.54529018248,13408.679732887362,0.007711538867292556,0.00610284959141218,,
302,15,3835.674072265625,2275.915264,2809.39453125,187.29298400878906,316.4725646972656,2151.1923828125,0.00037673761835321784,0.0,19982.142578125,0,1,0,0,0,22,0,0,0,1,0,9500.800066864105,129134.36610109302,38932.26740359616,0.000967744760732029,0.050175849138781176,,
303,20,5060.2451171875,2730.787328,928.25,46.41250228881836,68.16024780273438,450.8753967285156,6.125036452431232e-05,0.0,6124.435546875,0,1,0,0,0,42,0,0,0,1,0,3812.638887668451,27984.161533827068,27328.11637772719,0.0026023807564145157,0.0003289420138676072,1622.180125119955,1359.8384246911633
304,21,5337.767578125,3416.437248,1468.2890625,69.91852569580078,68.4789047241211,353.76214599609375,5.835976844537072e-05,0.0,4712.01025390625,0,1,0,0,0,39,0,0,0,1,0,2622.889354219359,23647.193330674476,12786.34542152823,0.003772433871391867,0.004133065116085369,,
305,13,3323.520751953125,2426.484736,4430.4560546875,340.8043212890625,262.7875061035156,2034.185546875,0.0003990048717241734,0.0,17038.126953125,0,1,0,0,0,18,0,0,0,1,0,7404.150801739956,43772.511077097806,42292.44238201919,0.0008664841008290732,0.00020836076230505013,1802.4322743457337,3540.586538471875
306,21,5351.0244140625,2578.476032,1348.1767578125,64.19889068603516,62.02290344238281,275.5103454589844,4.4151591282570735e-05,0.0,3770.24560546875,0,1,0,0,0,40,0,0,0,1,0,1980.9957010344715,15320.14284052838,11933.796786859612,5.877503477102336e-05,0.00026402110437219115,700.229107707667,3067.70336457331
307,14,3625.654052734375,2586.879488,2418.15234375,172.7251739501953,94.40804290771484,719.9722290039062,0.0001101966918213293,0.0,6941.8505859375,0,1,0,0,0,26,0,0,0,1,0,3547.6898115591025,36116.939943078585,16112.501439665355,0.0007003920087063215,0.010862419271644753,619.6766032649675,1654.4518304210133
308,17,4372.421875,2325.894656,917.814453125,53.98908615112305,141.87083435058594,841.5167236328125,0.00013931348803453147,0.0,8913.08984375,0,1,0,0,0,25,0,0,0,1,0,3869.165381673534,27148.329016492542,20508.806968359564,0.0048288071160795115,0.006692283144580979,,
309,20,5110.26171875,2978.55744,889.439453125,44.47197341918945,70.66072845458984,429.0696716308594,7.790637027937919e-05,0.0,5519.7841796875,0,1,0,0,0,39,0,0,0,1,0,2920.6752022034048,23929.202044846003,22206.416185144415,0.015567870520317051,0.0027127958475647047,148.26874902666532,2662.773287623832
310,17,4359.5107421875,2895.718912,960.3037109375,56.48845291137695,66.22587585449219,509.180419921875,9.127036173595116e-05,0.0,5226.595703125,0,1,0,0,0,29,0,0,0,1,0,2511.379681798115,13655.431674215717,11658.611111935394,0.0046481192246302025,0.0019640765580383242,,
311,18,4591.1416015625,2760.3072,199.8388671875,11.10215950012207,96.19359588623047,677.5139770507812,9.89105537883006e-05,0.0,8023.162109375,0,1,0,0,0,24,0,0,0,1,0,2935.464398854925,16458.139752590603,12366.926421474673,0.0017030887107003095,0.007204152337175685,307.9831534098935,2137.0403706315974
312,18,4597.6650390625,2797.748224,180.8720703125,10.04844856262207,57.82027816772461,434.3021240234375,7.046476093819365e-05,0.0,4952.4365234375,0,1,0,0,0,31,0,0,0,1,0,2066.32027840375,17210.806536828946,10914.117344891394,0.006269165671392907,0.0030421999521385856,1318.270594325108,3331.5532042656896
313,21,5343.53076171875,3219.136,1457.9697265625,69.42713165283203,72.71357727050781,346.69793701171875,6.769166066078469e-05,0.0,4742.14697265625,0,1,0,0,0,33,0,0,0,1,0,2472.6007502345446,22828.146471953547,11244.647146533787,0.0033086728682938937,0.004308903463461807,,
314,13,3332.00732421875,2563.447808,4970.44140625,382.3416748046875,397.29266357421875,3395.57275390625,0.0004666305903811008,0.0,36376.73828125,0,1,0,0,0,18,0,0,0,1,0,13331.04641798471,140531.7394008851,85931.65008048044,0.00023650671368884157,0.0006295844998002748,1438.7120716420827,3452.5602889575744
315,19,4851.09326171875,2502.62016,387.5703125,20.3984375,98.17207336425781,637.087158203125,8.210382657125592e-05,0.0,8057.205078125,0,1,0,0,0,38,0,0,0,1,0,4045.989589060759,34582.999063042655,29952.182143875933,0.005299880835117261,0.0034808827736257583,1041.6463986644599,3545.690669527553
316,18,4567.22998046875,2797.946368,181.099609375,10.061089515686035,108.89353942871094,754.2371215820312,0.00010936412581941113,0.0,9030.150390625,0,1,0,0,0,26,0,0,0,1,0,4692.84700129417,53336.94895687634,23356.11723039715,0.00021603175190872126,0.0026533122247592023,1249.4029152513178,647.8617511755722
317,17,4338.80810546875,2474.59584,853.4443359375,50.20261001586914,164.56292724609375,1368.966552734375,0.0001600396353751421,0.0,15649.818359375,0,1,0,0,0,36,0,0,0,1,0,5606.371860218997,53810.422790358796,27256.86670316259,0.0009697707303457093,0.0016554176013807535,68.00328613144302,2723.9980240930404
318,21,5403.515625,3034.3936,1580.931640625,75.28246307373047,74.93914794921875,446.58563232421875,7.494879537262022e-05,0.0,5937.615234375,0,1,0,0,0,35,0,0,0,1,0,3102.247112905162,19066.434773430665,17313.730730254993,0.001401050069473577,0.000197331577917733,,
319,23,5920.2578125,3538.486272,2139.3095703125,93.01345825195312,76.01917266845703,311.4379577636719,5.367409539758228e-05,0.0,4816.388671875,0,1,0,0,0,48,0,0,0,1,0,2769.3120788179253,36112.99399542302,20943.606998914485,0.00012358524047985375,0.0011676406608512185,1292.6689084007705,2090.4698858993406
320,17,4378.794921875,2856.527872,875.056640625,51.47391891479492,133.48757934570312,975.0843505859375,0.00018506788183003664,0.0,10536.8193359375,0,1,0,0,0,30,0,0,0,1,0,5846.687407047413,48549.26384420799,41552.9869478337,9.853397711452952e-05,0.0006701494246888484,2352.455398331387,110.21935792204943
321,17,4406.1298828125,2473.6384,863.31640625,50.78331756591797,109.5283432006836,717.6492919921875,0.00012023143790429458,0.0,8191.0849609375,0,1,0,0,0,31,0,0,0,1,0,3857.4678452708235,34957.61114242648,21383.61357636519,0.009807461358950442,0.0016662914989268168,959.1291967901855,1467.365909572645
322,17,4395.85888671875,2565.933056,859.732421875,50.57249450683594,113.46113586425781,554.85205078125,0.0001226240274263546,0.0,5983.1064453125,0,1,0,0,0,25,0,0,0,1,0,2386.334570787024,22315.423115841873,13597.865057266148,0.0031279641996208307,0.00490791578220337,209.9494647552592,1746.8576450850778
323,18,4612.7099609375,2555.56096,194.5478515625,10.80821418762207,96.46497344970703,534.763916015625,9.316403156844899e-05,0.0,5867.4521484375,0,1,0,0,0,32,0,0,0,1,0,2639.9673243177353,24761.83913771841,12820.237225836248,3.248639905260517e-05,7.659432102861963e-05,483.5243889807107,1854.8467607706903
324,17,4338.3544921875,2578.907136,903.97265625,53.174861907958984,81.985107421875,505.3705749511719,0.00010379650484537706,0.0,5110.3134765625,0,1,0,0,0,24,0,0,0,1,0,2541.213203266968,19112.10002353769,13243.777340428987,0.0049667518196967325,9.281362702132784e-05,1019.814307936495,2758.919307806926
325,20,5074.60986328125,2953.339392,1045.130859375,52.25654220581055,122.41136169433594,614.21142578125,0.00010088854469358921,0.0,8784.3837890625,0,1,0,0,0,42,0,0,0,1,0,4496.246648669418,40849.81840856879,28652.191887595563,0.0009714772708101366,0.001430602392202933,,2568.99253618073
326,20,5076.61962890625,3349.864448,792.603515625,39.63017654418945,46.29924774169922,314.4603271484375,5.054161010775715e-05,0.0,4418.7705078125,0,1,0,0,0,36,0,0,0,1,0,2590.665114992864,19962.34351326229,12337.49696373546,0.001091718581567605,0.006494415430815758,1496.3280487561537,877.3931272100263
327,21,5316.54248046875,3442.038784,1345.8037109375,64.08589172363281,45.74512481689453,352.3078308105469,5.816475095343776e-05,0.0,4586.9326171875,0,1,0,0,0,39,0,0,0,1,0,2437.963907885648,21696.447873453773,15631.824050976691,0.0004308371229277512,0.002209863805926672,510.09762092166875,2863.9212340826166
328,15,3845.332763671875,2710.501888,2193.6455078125,146.2430419921875,111.59837341308594,859.3192749023438,0.00017794255109038204,0.0,7834.52099609375,0,1,0,0,0,29,0,0,0,1,0,3306.2949633652497,17743.751331335214,16176.23961336799,0.0032674558210660995,0.009798286392420558,1533.9643493878261,991.3556186451124
329,20,5137.83251953125,2841.45664,931.49609375,46.574806213378906,72.9624252319336,365.0324401855469,5.8557267038850114e-05,0.0,4530.853515625,0,1,0,0,0,35,0,0,0,1,0,2319.601631370318,18698.280977082795,11109.497086442438,0.011859469914013456,0.003916944525982624,499.83624101975283,1849.1751728664913
330,17,4335.99609375,2920.139264,913.4521484375,53.732479095458984,70.91764831542969,814.7509765625,0.00011317544704070315,0.0,9827.5576171875,0,1,0,0,0,30,0,0,0,1,0,5191.564927166337,43460.084797861455,36311.171780730176,0.0002805321501949398,0.001894677033298403,,
331,18,4593.8876953125,2645.804544,216.81640625,12.045355796813965,80.31597137451172,371.76910400390625,6.337261584121734e-05,0.0,4731.98046875,0,1,0,0,0,32,0,0,0,1,0,2092.037023086121,21976.023035650425,10287.645348370375,0.0003739152872902444,0.0005263137631349394,,
332,21,5340.29736328125,3219.7504,1364.6748046875,64.98451232910156,35.68174743652344,254.8299102783203,4.182205520919524e-05,0.0,3469.99169921875,0,1,0,0,0,35,0,0,0,1,0,1714.2701463988785,13812.20791885383,10672.312245846691,0.005751786846738341,0.002298970173047421,742.4322964748421,2854.2279052843837
333,18,4584.5166015625,3113.485312,154.3095703125,8.57275390625,69.11338806152344,604.3106079101562,8.175888797268271e-05,0.0,7115.67724609375,0,1,0,0,0,33,0,0,0,1,0,3040.0546055761497,24951.06709267176,13345.667498685994,0.0006985346484681132,0.0016857611698499128,,
334,17,4326.1953125,2628.585984,861.1845703125,50.65791702270508,85.79067993164062,475.24951171875,7.784766785334796e-05,0.0,5759.2470703125,0,1,0,0,0,33,0,0,0,1,0,2307.2190420754,12231.6210455419,11084.291271489987,0.002526802854401735,0.004213959622623577,584.2064669189858,1849.5643723202534
335,21,5343.89453125,3154.352128,1320.990234375,62.904296875,42.83835983276367,289.33837890625,4.770631130668335e-05,0.0,3684.86962890625,0,1,0,0,0,35,0,0,0,1,0,2100.345408202561,21814.59255280019,12601.888371285091,0.013833623263107192,0.0013737255304476365,,
336,19,4837.54736328125,3224.050176,413.3984375,21.7578125,67.17340850830078,521.3375244140625,8.120381244225428e-05,0.0,6316.26708984375,0,1,0,0,0,35,0,0,0,1,0,2660.7359366389637,25853.984729909498,14646.619940144214,0.0013655490455622976,0.003061751011951927,2041.4492176016063,296.1473636123412
337,15,3844.0673828125,2498.013184,2704.4189453125,180.2946014404297,128.3299560546875,1274.669189453125,0.0001830199471442029,0.0,13798.626953125,0,1,0,0,0,18,0,0,0,1,0,6511.660225502491,53434.60145327974,32186.246868112343,0.0022455474160203784,0.003279364567017634,1081.09528914963,2808.2042919509945
338,21,5343.77490234375,2732.573696,1335.095703125,63.57598876953125,50.69234085083008,303.33770751953125,5.005689672543667e-05,0.0,4335.79248046875,0,1,0,0,0,32,0,0,0,1,0,2266.7186135779693,24790.019282314548,13452.496390725282,0.002646043618534105,0.002057997108601564,,
339,21,5340.51123046875,3430.882816,1592.6298828125,75.83952331542969,85.81915283203125,490.3584289550781,6.990874680923298e-05,0.0,6905.39404296875,0,1,0,0,0,40,0,0,0,1,0,4145.53440040378,48013.39829148343,29054.13868428728,0.0019251461455517538,0.0038427741054165715,840.878959649146,3310.2687279997094
340,17,4331.083984375,3058.351104,930.2548828125,54.72087478637695,69.542236328125,791.5628662109375,0.00010584826668491587,0.0,8817.6640625,0,1,0,0,0,31,0,0,0,1,0,4178.847661296254,42342.265492544844,23318.47813719146,0.0013252838566560413,0.0019555494543013544,,
341,19,4861.2685546875,2875.65824,370.345703125,19.491878509521484,61.09019470214844,442.1463928222656,7.404043572023511e-05,0.0,5498.6162109375,0,1,0,0,0,40,0,0,0,1,0,3000.693711947961,22189.981572112538,22089.046475284544,0.001142189412652636,0.0028152048255412343,,
342,21,5338.69482421875,3286.303232,1337.53515625,63.6921501159668,46.955352783203125,265.8393249511719,4.383930718176998e-05,0.0,3319.6806640625,0,1,0,0,0,36,0,0,0,1,0,1502.202686523828,8146.436413560963,7717.847039394335,0.005132531756460529,0.004745875462562063,1749.8404154289483,340.45870599603086
343,21,5335.33984375,3395.597312,1463.9716796875,69.71293640136719,71.89379119873047,347.4027099609375,6.208902777871117e-05,0.0,4568.91796875,0,1,0,0,0,37,0,0,0,1,0,2673.759004918843,28668.91030344172,14687.59103088229,0.004053059402920653,0.0009100062642307533,1064.8768454016285,3410.4690425910535
344,20,5090.8876953125,3318.134784,1022.3857421875,51.11928939819336,108.12842559814453,619.1537475585938,0.00010104653483722359,0.0,8355.8564453125,0,1,0,0,0,38,0,0,0,1,0,4456.932013541684,32530.467330045496,29014.762876614783,0.0008622272348901439,0.0003697022108414636,,
345,14,3583.519775390625,2509.567488,3577.17578125,255.5125732421875,167.20199584960938,1591.2984619140625,0.0001697214465821162,0.0,17433.869140625,0,1,0,0,0,18,0,0,0,1,0,8856.34327701183,82437.2399517593,25809.486539822206,0.0001323886948219194,0.0005036035592772149,318.69168320844597,1281.8386743964054
346,21,5337.3798828125,2803.63008,1324.546875,63.07366180419922,47.90732192993164,261.6935729980469,4.276907566236332e-05,0.0,3570.5,0,1,0,0,0,38,0,0,0,1,0,1778.6815652966156,19139.830167560212,10271.558093300135,0.008075052653741945,0.005218208613565579,953.6398828709911,2307.6576094639076
347,18,4577.08154296875,3103.6544,184.9248046875,10.273600578308105,102.6132583618164,644.4031982421875,0.00010375551937613636,0.0,7767.8046875,0,1,0,0,0,31,0,0,0,1,0,4052.496888188083,31533.125682788737,25185.98431022116,0.0027116492207235054,0.00099875595058007,,
348,17,4324.63525390625,2682.355712,955.4091796875,56.200538635253906,86.02729797363281,590.7805786132812,9.883572784019634e-05,0.0,6328.6474609375,0,1,0,0,0,21,0,0,0,1,0,2604.322857713418,19730.852293140048,18843.668273094074,0.011646543014310364,0.02097248217281593,505.7808936689055,1244.750188612996
349,20,5088.2705078125,2973.51936,906.412109375,45.32060623168945,50.1370964050293,341.25152587890625,5.055838846601546e-05,0.0,4401.1826171875,0,1,0,0,0,34,0,0,0,1,0,2331.7537795222997,21726.5688238925,20914.922046098967,0.0029664100510276847,0.009041530363934399,1086.1141992818573,3400.487666505152
350,16,4065.877685546875,2756.347392,1641.35546875,102.584716796875,111.38829040527344,1713.635009765625,0.00020688762015197426,0.0,16087.138671875,0,1,0,0,0,26,0,0,0,1,0,5899.931512076497,39302.82156219685,31632.443540386586,5.014486440232946e-05,0.0016449540999570293,,
351,17,4328.1728515625,2420.180992,795.2646484375,46.7802734375,55.824790954589844,531.875244140625,7.70996484789066e-05,0.0,5348.90625,0,1,0,0,0,29,0,0,0,1,0,2195.881404981212,34073.55792966606,11332.626953652265,0.007800188408744099,0.021820571287940016,622.9695011264748,2780.8049471890363
352,18,4577.96630859375,2666.145792,190.6337890625,10.590765953063965,90.78199005126953,565.703369140625,9.056577982846648e-05,0.0,6820.44921875,0,1,0,0,0,31,0,0,0,1,0,3330.2040075237733,25720.0948256122,22289.863011752135,0.007611157786502474,0.033693343929646805,1062.3010617833293,3225.161485690372
353,20,5110.9443359375,2978.241024,925.1015625,46.25507736206055,75.06996154785156,621.4595336914062,9.996720473282039e-05,0.0,7593.6572265625,0,1,0,0,0,42,0,0,0,1,0,4059.914939353978,27686.65647408785,25113.58418313625,2.2758285694843977e-05,0.0006481624043899606,,2133.8927469398272
354,16,4093.149658203125,2714.824192,1686.0390625,105.37744140625,121.72251892089844,836.9398803710938,0.00014586540055461228,0.0,7891.833984375,0,1,0,0,0,23,0,0,0,1,0,3293.5409691209948,24924.28887676565,14707.981436630365,0.009122853439478898,0.003102090857268494,,
355,16,4088.44287109375,2322.458624,1664.755859375,104.0472412109375,166.72496032714844,996.8035278320312,0.00018874167290050536,0.0,10149.8505859375,0,1,0,0,0,29,0,0,0,1,0,4597.155779997929,33822.25868563735,33214.58514968963,0.0019224943388763543,0.002469003812391641,455.9158133908977,1916.4689783935494
356,17,4324.02978515625,2497.214464,952.111328125,56.00654983520508,150.5230712890625,884.5797729492188,0.00013968889834359288,0.0,9631.0634765625,0,1,0,0,0,26,0,0,0,1,0,4617.308932259636,39868.38858427035,29930.86110218259,0.0008941635938168584,0.001751451269897196,377.6088449214544,2460.7260575929886
357,18,4602.99755859375,2729.900544,202.671875,11.259549140930176,57.03993225097656,553.287353515625,8.286073716590181e-05,0.0,6510.54296875,0,1,0,0,0,33,0,0,0,1,0,3175.612445316605,37385.76332144355,21448.659932812774,0.007359150933900688,9.712370920578889e-05,,
358,17,4330.6552734375,2549.11488,845.38671875,49.72863006591797,132.3582000732422,1342.77392578125,0.00016728493210393935,0.0,15756.619140625,0,1,0,0,0,33,0,0,0,1,0,6014.207945886316,55064.23724597041,37791.88323134083,0.0008970528449633586,0.0013459112671366374,191.29070821912592,2322.520054697172
359,20,5094.87939453125,2723.778048,988.33203125,49.416603088378906,75.82429504394531,710.39990234375,9.801416308619082e-05,0.0,8380.8515625,0,1,0,0,0,37,0,0,0,1,0,4208.820677082478,54721.436986267196,23320.924613828935,0.0014256074269604346,0.002812412550559666,389.84246105029683,2030.0105938703243
360,23,5894.52734375,3386.555392,2355.90625,102.43070983886719,65.54545593261719,343.9524230957031,5.019874879508279e-05,0.0,5406.134765625,0,1,0,0,0,42,0,0,0,1,0,2895.348637662496,24977.06306516936,16144.031070075847,0.003950663381042874,0.0006940187413534832,1357.8935389581975,1087.123525844433
361,19,4833.81689453125,3349.072896,435.58984375,22.92578125,80.54678344726562,801.62841796875,0.0001261197030544281,0.0,9908.9814453125,0,1,0,0,0,35,0,0,0,1,0,5503.430267554078,121389.44710838585,25697.412661985905,0.00013562377057344324,0.0021973778328076427,,
362,26,6615.5849609375,4272.577024,2546.787109375,97.95335388183594,18.695293426513672,432.03790283203125,0.00012945070920977741,0.0,6169.9033203125,1,0,1,0,0,44,0,0,0,1,0,2382.390981379837,12626.355161597417,12392.440387660243,0.0028847371382260886,0.038701020443669146,,
363,20,5081.89697265625,4136.226816,810.314453125,40.515724182128906,53.190826416015625,336.7460632324219,5.026283542974852e-05,0.0,4657.66015625,0,1,0,0,0,38,0,0,0,1,0,2737.534455464372,28239.979283351247,14678.46653067357,0.003125934702103046,0.014678234674563834,1014.071558996558,1407.1586333155738
364,20,5067.32177734375,3276.55424,931.279296875,46.56396484375,68.20207977294922,504.6664123535156,6.900482549099252e-05,0.0,6648.2734375,0,1,0,0,0,37,0,0,0,1,0,3369.1284936600764,27996.875651549864,25348.609567933694,0.0021170730288514183,0.0016924045897407924,,
365,15,3817.451904296875,2635.051008,2350.0634765625,156.67091369628906,141.26026916503906,969.1371459960938,0.00015403064026031643,0.0,9913.927734375,0,1,0,0,0,22,0,0,0,1,0,4839.308226214243,28552.95239719651,26519.605587921404,0.007380033637359789,0.00508698976481279,,
366,20,5075.3134765625,2770.098176,951.1162109375,47.55581283569336,97.09647369384766,460.03509521484375,8.16423271317035e-05,0.0,6178.66162109375,0,1,0,0,0,37,0,0,0,1,0,3059.479299208623,28027.122771003156,23500.55725788602,0.000718142493417645,0.001355883643891621,210.81167250680846,2549.004635993021
367,18,4580.79541015625,3038.040576,190.93359375,10.607421875,94.85353088378906,639.7073974609375,9.420084825251251e-05,0.0,7018.73095703125,0,1,0,0,0,30,0,0,0,1,0,3142.8242894853615,20475.76949645434,19449.904066645508,0.0030417679367241296,0.017625191626708343,,
368,16,4078.37255859375,2598.568448,1720.7138671875,107.54461669921875,164.5643768310547,928.0405883789062,0.00012386559683363885,0.0,10082.134765625,0,1,0,0,0,28,0,0,0,1,0,4236.068140510669,30305.405835334288,20184.034811273446,0.0024808663404758003,0.010444572361212618,,
369,16,4083.05029296875,2297.880576,1490.451171875,93.1531982421875,114.7478256225586,625.0620727539062,0.00011766699753934518,0.0,6664.48974609375,0,1,0,0,0,28,0,0,0,1,0,3534.073036485792,30246.036700083943,21605.57231946445,0.004971009797428837,0.03609400482017296,,
370,20,5145.02490234375,2763.1744,902.58984375,45.129493713378906,68.86273956298828,451.0568542480469,7.281234866240993e-05,0.0,6178.74560546875,0,1,0,0,0,38,0,0,0,1,0,2641.7678735711734,27525.210661724865,10648.19458678425,0.0022011640368059596,0.006296481835110113,111.51419160904334,2336.7799620429882
371,19,4868.427734375,3071.20128,423.314453125,22.279708862304688,67.48675537109375,323.39788818359375,6.287224096013233e-05,0.0,3923.60888671875,0,1,0,0,0,30,0,0,0,1,0,1825.873113356727,17049.959261445987,9252.127229544298,0.004792274797425663,0.001985165538390784,1325.5551001409594,3394.856842024552
372,20,5119.6015625,3159.374336,996.3564453125,49.81782150268555,60.9362678527832,391.4201354980469,7.753921818220988e-05,0.0,4890.61181640625,0,1,0,0,0,30,0,0,0,1,0,2390.0285326017165,17319.537194784127,13676.564181192318,0.001000413173970427,0.003107492019730894,64.55439106325912,1876.3935074036394
373,19,4858.01025390625,3162.839552,374.5849609375,19.714998245239258,68.75486755371094,402.7179870605469,7.506775000365451e-05,0.0,4636.00732421875,0,1,0,0,0,31,0,0,0,1,0,2697.936870148941,24848.417234002634,24199.35788725439,0.0020559042460117083,0.0010196301238208326,,
374,20,5086.9990234375,3091.685376,926.67578125,46.33378982543945,115.6125717163086,849.1729125976562,0.00012975602294318378,0.0,10433.8857421875,0,1,0,0,0,40,0,0,0,1,0,4216.066081552178,29991.454413068266,28395.17490711794,0.0037837420592352067,0.0016987512555882434,207.88156894886697,2716.768383277234
375,25,6374.2841796875,3910.480896,2772.83056640625,110.91322326660156,44.27992248535156,241.9498748779297,4.337707650847733e-05,0.0,4023.4013671875,0,1,0,0,0,49,0,0,0,1,0,2453.383340225258,15018.515519322384,12127.134002946943,0.002598204062894502,0.0004659644188747883,468.52638049764346,2044.828242721736
376,22,5569.1572265625,3982.713344,1796.6884765625,81.66766357421875,60.029022216796875,295.3909606933594,4.8669367970433086e-05,0.0,4838.1337890625,0,1,0,0,0,43,0,0,0,1,0,2294.0251850634786,22871.419276056757,11525.869034028834,0.0008805062327624374,0.0015473543632809096,,
377,16,4069.916748046875,2883.321344,1328.5546875,83.03466796875,56.05089569091797,566.3754272460938,9.599268378224224e-05,0.0,5910.09521484375,0,1,0,0,0,29,0,0,0,1,0,2825.9414186493414,28029.87733007248,15726.33364963419,0.00014201412342036354,0.001352377713530313,935.5740155600729,3376.7449676462943
378,17,4323.22998046875,2452.001792,756.70703125,44.51218032836914,48.885292053222656,539.8538208007812,8.33470476209186e-05,0.0,6150.0283203125,0,1,0,0,0,32,0,0,0,1,0,2619.636902968228,21437.579389697283,12033.394541722702,0.003701055490596567,0.0059947648257008546,774.1489502084237,1612.3234972149576
379,16,4092.64306640625,2377.131008,1471.7412109375,91.98382568359375,154.80130004882812,944.740234375,0.0001418727624695748,0.0,10348.6083984375,0,1,0,0,0,28,0,0,0,1,0,5460.284962300189,40304.14487441166,34886.973045854254,0.004665453583830248,0.0006141316520702905,174.59354640088532,2590.7097852432694
380,19,4823.69384765625,2653.184512,412.560546875,21.713712692260742,89.84121704101562,531.5927734375,8.010006422409788e-05,0.0,6602.85986328125,0,1,0,0,0,35,0,0,0,1,0,3656.8344832429457,29878.633685055946,26332.606974906368,0.004391614299658675,0.0002412276258002763,1309.4770191107539,1101.2589091953125
381,18,4580.94482421875,2921.548288,216.4150390625,12.02305793762207,89.64232635498047,577.545166015625,8.140367572195828e-05,0.0,6872.5341796875,0,1,0,0,0,29,0,0,0,1,0,3934.33595467405,33126.415166675106,29286.51339557974,0.004679546227234627,0.0013250249341815248,813.3896784175695,2981.663921221843
382,20,5082.3134765625,3117.535744,917.7001953125,45.885009765625,64.30380249023438,533.6323852539062,6.944566848687828e-05,0.0,7219.017578125,0,1,0,0,0,38,0,0,0,1,0,4161.9686704287415,34938.973789015094,30411.14413079579,0.00037356191429534225,0.0020183040300183475,,
383,20,5231.53125,3301.98272,919.6435546875,45.982177734375,82.20893859863281,457.165771484375,8.310982229886577e-05,0.0,6074.54052734375,0,1,0,0,0,41,0,0,0,1,0,2946.087427399716,25516.768466354126,19278.64013668767,0.005410950517290458,0.004825370496349249,,
384,21,5348.142578125,3478.508544,1441.3564453125,68.63602447509766,104.8602523803711,448.1225891113281,6.824278534622863e-05,0.0,6175.8583984375,0,1,0,0,0,37,0,0,0,1,0,3217.229170694797,22958.191136633115,22705.08071871741,0.006582491122066839,0.0001790739697790835,,
385,21,5332.5927734375,3616.546816,1442.2001953125,68.67620086669922,98.42487335205078,420.148681640625,7.162168913055211e-05,0.0,5513.50634765625,0,1,0,0,0,39,0,0,0,1,0,3209.6509457252255,21246.740894371476,21193.640875277884,0.00561760885477296,0.0077130658521125176,357.6049764268337,2114.9500125589334
386,21,5328.00732421875,3624.118272,1355.0166015625,64.52460479736328,44.79316329956055,253.93719482421875,4.251937207300216e-05,0.0,3429.892822265625,0,1,0,0,0,31,0,0,0,1,0,1888.8278931606078,19912.662328860337,17240.168671901807,0.00026054633666384996,0.0017100270795967244,352.47435842236064,1646.4608346913824
387,17,4385.7978515625,3029.961728,773.76171875,45.51539611816406,106.16107940673828,913.186279296875,0.00015325148706324399,0.0,9660.4677734375,0,1,0,0,0,20,0,0,0,1,0,4024.970237600899,46609.414141685695,18215.228306413563,0.001087001098353739,0.0185939811624299,1464.628815035771,3204.1467713586144
388,19,4830.666015625,2809.402368,420.333984375,22.122840881347656,79.10289764404297,541.1973266601562,8.5597021097783e-05,0.0,6489.49658203125,0,1,0,0,0,31,0,0,0,1,0,2918.4343357590074,24812.225548407518,11928.7260508214,0.0030653008922105138,0.0007160529606311736,,
389,24,6091.8232421875,3577.242624,1981.75048828125,82.57293701171875,43.48188781738281,223.5739288330078,4.049384733662009e-05,0.0,3479.896484375,1,0,1,0,0,51,0,0,0,1,0,1770.394496885698,9345.204945703033,7477.410389950252,0.0008206307879011394,0.0004731574395687131,,2175.540483705392
390,23,5889.44384765625,4044.967424,2129.7431640625,92.5975341796875,53.94863510131836,265.8753356933594,5.263038838165812e-05,0.0,3979.540283203125,1,0,1,0,0,35,0,0,0,1,0,2279.2003945098554,17510.39921378977,14088.438186152815,0.0003186101466618463,0.006661491548260255,587.7007457273407,2578.2526640751857
391,18,4561.4970703125,3310.08512,188.7578125,10.48654556274414,115.28739929199219,769.9625244140625,0.00011987315519945696,0.0,9177.9892578125,0,1,0,0,0,25,0,0,0,1,0,4425.276609820297,39319.86061957474,16243.588715647742,0.0087531559463246,0.001719899628765842,584.1979193477282,2446.8040574369156
392,18,4596.20849609375,2643.109376,196.3984375,10.91102409362793,111.13475799560547,956.2283325195312,0.00011613663809839636,0.0,11342.892578125,0,1,0,0,0,29,0,0,0,1,0,4310.958813482736,31469.158920280566,24783.723470706955,0.0022927889422443143,0.003417336173869384,1328.2065376778842,3469.3638305349205
393,22,5580.25048828125,3181.339648,1642.953125,74.6796875,62.540218353271484,273.36676025390625,4.8783313104650006e-05,0.0,3711.2744140625,0,1,0,0,0,34,0,0,0,1,0,2032.7928053937915,15273.961698065646,9410.209338804989,0.00014368133098032615,0.007611356323683788,,
394,16,4083.958740234375,2834.666496,1848.7919921875,115.54949951171875,177.211181640625,941.3426513671875,0.00015032225928734988,0.0,10797.55078125,0,1,0,0,0,30,0,0,0,1,0,4214.841720313676,21624.904671112323,16510.300262812554,0.0029807273045131723,0.00512681727909951,1017.4311968833126,3432.6210452943774
395,12,3071.607666015625,1833.354752,5286.2900390625,440.524169921875,91.94100189208984,1249.4798583984375,0.00020490563474595547,0.0,11691.67578125,0,1,0,0,0,16,0,0,0,1,0,4787.537043066633,39868.13506875328,37124.35468531151,0.008002109944290733,1.6965783173483826e-05,791.4743446865858,2225.999694002315
396,18,4579.41015625,2133.571072,176.4619140625,9.80344009399414,131.404052734375,745.5853881835938,0.00011650118540273979,0.0,9223.921875,0,1,0,0,0,31,0,0,0,1,0,4331.483597716427,31203.747530202294,25043.089277449595,0.00019657864602452835,3.8776141648141915e-05,,
397,16,4086.220703125,2482.95424,1682.3349609375,105.14593505859375,110.44319915771484,870.9172973632812,0.00013224987196736038,0.0,9976.671875,0,1,0,0,0,26,0,0,0,1,0,3171.7766577222515,15564.521642673377,13529.392833472604,0.006138919927501586,0.010744141313469797,,
398,18,4579.96630859375,2669.587456,207.7041015625,11.539116859436035,80.5771484375,537.57958984375,0.00011379744682926685,0.0,6271.0458984375,0,1,0,0,0,30,0,0,0,1,0,2778.625503838309,26671.290155261606,16560.724938769974,0.00021286139035023993,0.00539031651441238,955.6767983898117,3148.0677031924065
399,19,4852.4287109375,2988.484096,378.66015625,19.929481506347656,66.68775177001953,370.88751220703125,7.24437995813787e-05,0.0,4775.21533203125,0,1,0,0,0,32,0,0,0,1,0,1934.735790839647,19819.816677711602,8673.454624094742,0.0003147099499771558,0.00603708145326708,,
400,19,4834.2939453125,2992.993792,494.591796875,26.031147003173828,138.4282684326172,749.3290405273438,0.0001387199154123664,0.0,8485.068359375,0,1,0,0,0,30,0,0,0,1,0,3396.393776721829,16966.40801021736,16081.007042597957,0.0005355404299153127,0.016614080828598242,,
401,19,4825.3583984375,2838.458368,430.203125,22.642269134521484,82.29615783691406,597.6358642578125,8.903116395231336e-05,0.0,7571.427734375,0,1,0,0,0,32,0,0,0,1,0,3629.012652746,31773.189375711623,26023.15160014515,0.000650301358634725,0.0007387613984590792,1104.0567655969612,3463.3146280854085
402,17,4335.13916015625,2725.531648,719.0869140625,42.29922866821289,64.05675506591797,542.4356689453125,7.643079879926518e-05,0.0,5919.4609375,0,1,0,0,0,30,0,0,0,1,0,3401.80252496673,24168.76507590818,18495.14747949514,0.00744397597987656,0.00869766902358221,,
403,16,4095.36767578125,2496.182784,1642.947265625,102.6842041015625,161.62173461914062,1012.8468017578125,0.0001529732544440776,0.0,10805.6240234375,0,1,0,0,0,24,0,0,0,1,0,4280.50848530221,27910.974235336034,23939.05667509309,0.004224533926473595,0.004170333437541168,359.32214041947736,2308.1578664613935
404,18,4579.857421875,2593.662464,187.8720703125,10.437336921691895,71.48689270019531,407.1992492675781,7.978298526722938e-05,0.0,4672.73779296875,0,1,0,0,0,29,0,0,0,1,0,1935.758923610985,14500.872999003115,11184.36340128503,0.00023595684321833788,0.0011309075994233135,790.7425290360675,2748.700484970562
405,20,5084.1484375,3144.529408,901.4482421875,45.07241439819336,76.88927459716797,436.6141052246094,7.625540456501767e-05,0.0,5277.83935546875,0,1,0,0,0,32,0,0,0,1,0,2390.7983117874337,14140.347630514525,10364.626614480781,0.0036796893827051105,0.004627683104721586,426.28315739279014,2453.4796921285742
406,15,3875.78076171875,2719.45728,2103.796875,140.2531280517578,114.40119934082031,847.5214233398438,0.00012271454033907503,0.0,9724.87890625,0,1,0,0,0,25,0,0,0,1,0,3920.0741062815555,30367.599212696314,8960.743248193992,0.004912995741527749,0.002660420882858207,,
407,18,4614.3115234375,2578.567168,208.951171875,11.6083984375,80.97085571289062,522.4945678710938,8.460370008833706e-05,0.0,6143.0595703125,0,1,0,0,0,33,0,0,0,1,0,2391.1934046458086,23622.440497275347,11779.629809346066,0.002787718376079806,0.011671996312146847,,
408,17,4365.1767578125,2751.312896,927.37890625,54.551700592041016,142.1234130859375,896.8719482421875,0.00014930979523342103,0.0,9908.1064453125,0,1,0,0,0,28,0,0,0,1,0,4471.201622007705,32214.09480689238,26062.179024645313,0.0030549405205642713,0.0011486101133707126,,
409,19,4900.970703125,2659.467776,439.48828125,23.130962371826172,139.077392578125,679.1657104492188,9.820234117796645e-05,0.0,9899.53125,0,1,0,0,0,35,0,0,0,1,0,6250.753180760235,158577.28774489506,23193.783867633043,0.00011063411220458425,0.0011264399152550834,329.85496838496556,2194.2316623919196
410,18,4606.330078125,2800.814592,179.6328125,9.97960090637207,89.46943664550781,480.8887939453125,8.578882261645049e-05,0.0,5096.2626953125,0,1,0,0,0,25,0,0,0,1,0,2597.0868059530185,15079.69918937291,13558.39282566217,8.127927500886645e-05,0.004256230339874614,1381.7745928219115,3302.5676345594143
411,18,4619.5234375,2823.300096,199.259765625,11.069987297058105,117.78804779052734,723.6182861328125,0.00011142536095576361,0.0,8679.6826171875,0,1,0,0,0,29,0,0,0,1,0,4323.45135242987,49081.41435771598,30219.949694779843,0.0015852849225798174,0.015544675770957486,1135.5478757415835,990.4675427702559
412,16,4093.1123046875,2541.539328,1730.546875,108.1591796875,121.1800537109375,751.3079223632812,0.0001203398933284916,0.0,9196.275390625,0,1,0,0,0,26,0,0,0,1,0,4007.8900324479264,30883.88588874364,24045.314452042207,0.0005458291850559431,0.001963607661811473,,
413,23,5861.115234375,3366.075392,2346.080078125,102.00348663330078,30.341733932495117,252.12440490722656,4.879050175077282e-05,0.0,3884.6748046875,0,1,0,0,0,39,0,0,0,1,0,2094.8216792871513,23268.281667721916,13573.787037439704,0.003079917745519474,0.001001093345217946,481.96938637475716,1992.541897865809
414,19,4835.28271484375,3587.280896,449.1435546875,23.639135360717773,70.42453002929688,501.2662353515625,9.478345600655302e-05,0.0,5632.3017578125,0,1,0,0,0,33,0,0,0,1,0,3195.0986121747746,24440.966746451777,23961.933571532638,0.0012459031944355783,0.003506750426737898,727.0008313985259,2958.6621344014743
415,17,4336.998046875,2651.53024,903.9775390625,53.175148010253906,126.25823211669922,816.8364868164062,0.0001183396962005645,0.0,9228.08203125,0,1,0,0,0,29,0,0,0,1,0,5243.245258281989,52923.2653004108,25739.746715210043,0.0010418831195262157,0.0006635595747294665,,
416,18,4592.82080078125,2532.978688,208.75,11.597222328186035,109.83041381835938,687.7296752929688,0.00010134069452760741,0.0,8294.2021484375,0,1,0,0,0,33,0,0,0,1,0,3662.4812235433587,30042.15791664852,17174.35908206125,0.0013181513944264499,0.0012244226969333853,518.1502636293653,2879.4038536726966
417,16,4080.82080078125,2515.890176,1822.482421875,113.9051513671875,153.62890625,1169.7645263671875,0.00020115180814173073,0.0,11863.2138671875,0,1,0,0,0,24,0,0,0,1,0,5250.133806941184,28629.92603712487,27669.344311679884,0.002979596015606264,0.003562080101665595,,
418,18,4585.39990234375,2645.33504,202.419921875,11.245551109313965,91.14579010009766,646.502685546875,0.00010539143841015175,0.0,7505.9765625,0,1,0,0,0,27,0,0,0,1,0,3824.5394639683714,30422.556381221995,17311.51990994706,0.002027044847022645,0.00340948900019257,339.3447770451003,1686.760400543776
419,19,4845.8701171875,2991.058944,359.0703125,18.8984375,70.8884506225586,467.1577453613281,7.652990461792797e-05,0.0,5520.013671875,0,1,0,0,0,31,0,0,0,1,0,3051.5143068987277,31998.800555012378,24767.35192598607,0.00013682273800787181,0.0024232546541066782,,
420,17,4313.56298828125,2773.74976,907.8125,53.400733947753906,144.69454956054688,1144.8201904296875,0.00014791663852520287,0.0,11487.671875,0,1,0,0,0,29,0,0,0,1,0,5611.338584272711,50541.40940543622,21816.972802146087,0.0004859879817201585,0.030794854372010724,,
421,19,4831.9951171875,2852.130304,449.40625,23.6529598236084,133.77053833007812,738.3583374023438,0.00013889191905036569,0.0,9984.3974609375,0,1,0,0,0,35,0,0,0,1,0,4865.5595812743495,43831.254245184995,27634.306589157975,0.0012027773535114791,0.0022923882087097234,,
422,22,5576.4345703125,3401.907712,1830.783203125,83.21742248535156,64.97232055664062,322.2849426269531,5.9582765970844775e-05,0.0,4092.452880859375,0,1,0,0,0,41,0,0,0,1,0,2069.4060255701525,17640.0376878767,15090.00662968848,0.006466761718715283,0.013606596613094123,619.3166815156296,3115.346997835117
423,14,3585.633544921875,2734.3744,3447.8525390625,246.2751922607422,75.58943176269531,1011.4531860351562,0.00015343276027124375,0.0,8630.91015625,0,1,0,0,0,22,0,0,0,1,0,3877.9872799218597,25987.343405307874,22403.727356937965,0.03042329345797977,0.011443559642894167,1336.7850450985238,3251.2653089863265
424,15,3820.32080078125,2085.05856,2677.4267578125,178.49513244628906,98.14018249511719,871.6066284179688,0.00011738459579646587,0.0,10331.025390625,0,1,0,0,0,20,0,0,0,1,0,3607.480747893645,20638.10981958064,16684.253726776988,0.004899784688468325,0.0026353017091728242,395.24938980969796,1902.905824588017
425,17,4330.90966796875,2319.946752,800.767578125,47.10397720336914,69.22053527832031,543.96044921875,9.317436342826113e-05,0.0,6157.9609375,0,1,0,0,0,25,0,0,0,1,0,2896.760500902941,27783.260167892975,15174.709528544354,0.0019098897612279363,0.0012199918265612605,,
426,21,5358.7255859375,3055.379968,1209.568359375,57.59849548339844,53.602928161621094,257.6424865722656,4.8857353249331936e-05,0.0,3371.046875,0,1,0,0,0,38,0,0,0,1,0,1919.2939624479397,19460.23885247331,10694.329068970135,0.00041934164916816036,0.0003334026714147467,1485.7263195471996,909.8715568241842
427,13,3340.9775390625,2556.743168,3089.99560546875,237.69198608398438,116.8242416381836,945.1400756835938,0.00014934534556232393,0.0,9266.7978515625,0,1,0,0,0,18,0,0,0,1,0,4980.358034623503,36422.86102713428,32447.28473858585,0.00015779201096514928,0.003691410284415997,,
428,21,5326.46826171875,2722.532864,1213.0234375,57.763023376464844,27.31232452392578,263.6502990722656,4.0543891373090446e-05,0.0,3503.2431640625,0,1,0,0,0,37,0,0,0,1,0,1595.334034422702,12069.128090413808,6819.732059938718,0.007016365829936075,0.0067311000771903,846.7905651097198,1821.61889807528
429,17,4333.23681640625,2874.76992,926.171875,54.48069763183594,169.20263671875,1206.14453125,0.0001961411180673167,0.0,13127.2490234375,0,1,0,0,0,30,0,0,0,1,0,6541.639216316481,62592.97672615841,46204.985261413814,0.0033572587204075332,0.0031306959452877137,,
430,13,3323.177490234375,2039.536128,3514.927734375,270.3790588378906,223.7518768310547,1936.5306396484375,0.00019652525952551514,0.0,22282.06640625,0,1,0,0,0,22,0,0,0,1,0,19530.481079524634,419109.50458694145,51544.822544186194,9.145966298419739e-05,0.0034387539869235387,,
431,17,4321.955078125,2198.037504,884.1533203125,52.00901794433594,112.08134460449219,840.6145629882812,0.00014025039854459465,0.0,9340.4287109375,0,1,0,0,0,24,0,0,0,1,0,3941.415593253001,38452.95791664227,27948.042850934893,0.00038098404753497683,0.0015170751623646561,998.5311016053196,2500.2712036935586
432,17,4325.462890625,2363.31008,852.4033203125,50.14137268066406,121.94004821777344,763.2197875976562,0.0001339086884399876,0.0,9038.5810546875,0,1,0,0,0,27,0,0,0,1,0,4798.818555224145,30031.077862989237,19052.069605869794,0.0012259207006740207,0.0002986030905089282,876.2288539402116,3100.3294701164573
433,21,5344.625,2917.379072,1449.576171875,69.02743530273438,52.35311508178711,359.875732421875,5.833348768646829e-05,0.0,5188.0927734375,0,1,0,0,0,40,0,0,0,1,0,3043.5783799500623,30683.098992794618,25523.355430968135,0.0008118059071860542,0.00043471462988553533,,
434,19,4849.11572265625,3195.559936,402.0498046875,21.1605167388916,47.35007095336914,417.0391845703125,6.35030519333668e-05,0.0,5762.396484375,0,1,0,0,0,39,0,0,0,1,0,3047.530168282538,22821.24087419198,21446.4946435254,0.0025445985313912456,0.002082308606462708,,2607.032928937141
435,20,5094.02392578125,3138.308608,926.826171875,46.34130859375,55.31907653808594,425.9433288574219,6.712385220453143e-05,0.0,5358.34619140625,0,1,0,0,0,36,0,0,0,1,0,3146.1358922604945,29808.44327594686,25538.872907572164,0.003037392579777781,0.001269291160084892,,
436,18,4616.7666015625,2997.432832,190.1669921875,10.56483268737793,67.33980560302734,477.9447021484375,6.801319250371307e-05,0.0,5123.79736328125,0,1,0,0,0,31,0,0,0,1,0,2105.2598287178616,14668.068311854482,9577.808699728319,0.0029782224853576733,0.0028294418126984036,,
437,20,5116.66845703125,3084.931072,902.783203125,45.13916015625,73.78041076660156,334.9564514160156,5.2745781431440264e-05,0.0,4066.524658203125,0,1,0,0,0,31,0,0,0,1,0,1951.7390382173553,22824.93918544317,11617.285508987738,0.001313085914929575,0.004532990746988069,691.2087963587123,2836.9703741623034
438,20,5105.2001953125,3313.980928,855.80078125,42.7900390625,43.011253356933594,296.375732421875,5.3116011258680373e-05,0.0,3926.84912109375,0,1,0,0,0,33,0,0,0,1,0,1924.801467704154,20186.26476577248,15298.602014335545,0.0016209283725202965,0.0008360448607008519,,
439,17,4356.1787109375,2825.462272,841.3994140625,49.494083404541016,147.96017456054688,781.8047485351562,0.00014466761786025017,0.0,8378.46875,0,1,0,0,0,26,0,0,0,1,0,5045.222569514265,54635.66465690513,21007.86173930658,0.004284760630593387,0.0027658814958808828,,
440,18,4642.5078125,2674.780672,210.064453125,11.670247077941895,96.60342407226562,427.897705078125,8.049963071243837e-05,0.0,4688.970703125,0,1,0,0,0,24,0,0,0,1,0,2299.5219455215047,27934.287654122236,7746.813129958041,0.00036039329666374964,0.006399522061199585,,
441,18,4639.5146484375,2867.4176,206.2021484375,11.45567512512207,81.63507080078125,487.38134765625,0.00011715327855199575,0.0,5334.67919921875,0,1,0,0,0,28,0,0,0,1,0,2157.2610868275347,7551.269533483156,7084.595002943414,0.016662641157052113,0.011829481566275946,,
442,19,4839.11962890625,3012.618752,398.1826171875,20.956979751586914,85.24617767333984,382.2738342285156,8.082657586783171e-05,0.0,4709.88623046875,0,1,0,0,0,30,0,0,0,1,0,2784.1836592001137,31439.673668123476,15368.40661977684,0.004269420621442949,0.000803765874536096,850.7078583565042,1251.5181804652455
443,15,3820.26220703125,2611.65312,2168.3642578125,144.5576171875,98.79158020019531,725.8400268554688,0.00012222254008520395,0.0,7128.3779296875,0,1,0,0,0,27,0,0,0,1,0,2709.047876678896,10146.271119246236,9608.124343105766,0.00342408396093373,0.029258617294710958,,
444,16,4304.55908203125,2140.231168,1553.0751953125,97.06719970703125,95.2557373046875,731.4606323242188,0.00012923967733513564,0.0,7171.361328125,0,1,0,0,0,25,0,0,0,1,0,3289.000175156997,35499.498522136084,21300.73541265058,0.0007394713607423234,0.00012858541658818633,1112.3737047707868,3292.5042307752547
445,22,5612.4677734375,3056.500736,1823.1044921875,82.8683853149414,41.4228515625,254.1278076171875,4.6476954594254494e-05,0.0,3897.531982421875,0,1,0,0,0,37,0,0,0,1,0,2177.637327063043,20876.08107051331,11652.78724164998,0.00034739993743525266,0.007708096090825928,,
446,21,5320.38037109375,3536.122368,1432.24609375,68.20219421386719,83.42604064941406,463.2760925292969,6.769005267415196e-05,0.0,6627.00732421875,0,1,0,0,0,38,0,0,0,1,0,3079.147970646837,32141.80168762061,17291.190318151723,0.0005464051136399237,0.003359522739022694,,
447,20,5080.4140625,3159.78496,980.962890625,49.04814529418945,76.82765197753906,602.9798583984375,8.821333176456392e-05,0.0,8239.384765625,0,1,0,0,0,39,0,0,0,1,0,3871.4345593858716,27316.98336795841,27207.822170872987,0.001484628318827957,0.004880653665383677,,
448,17,4324.18505859375,2533.890048,774.611328125,45.565372467041016,78.52458190917969,575.4749755859375,0.00012334856728557497,0.0,5938.8564453125,0,1,0,0,0,23,0,0,0,1,0,2202.427173011743,13451.594495902154,11699.877380944363,4.683305929063797e-05,0.0009513227367363118,800.0928251244333,2611.1412192442535
449,20,5085.328125,2601.268224,922.3037109375,46.11518478393555,47.03692626953125,368.2809753417969,6.0504080465761945e-05,0.0,4945.29296875,0,1,0,0,0,42,0,0,0,1,0,2457.268587623881,20466.582241018317,13618.783002150829,0.0008440580566071859,0.0018173148661513872,653.7642900139958,2046.2301247257687
450,25,6528.4267578125,3775.9488,2808.181640625,112.32726287841797,57.11293029785156,251.57723999023438,5.3602536354446784e-05,0.0,4009.212646484375,1,0,1,0,0,46,0,0,0,1,0,2370.8568792631722,21727.39277363386,17843.718648044898,0.0013615815499386091,0.0001361179964983715,824.1394686614907,1922.4435248731027
451,17,4315.2724609375,3435.679232,926.48828125,54.49930953979492,182.58480834960938,877.0364379882812,0.0001488578855060041,0.0,9767.0712890625,0,1,0,0,0,30,0,0,0,1,0,4918.43820634723,36011.368472060385,33842.191693367466,0.0011591616863156733,0.01277224075794927,,
452,17,4321.78857421875,2657.68448,852.7822265625,50.16366195678711,59.55142593383789,526.0562133789062,9.221404616255313e-05,0.0,5790.8935546875,0,1,0,0,0,28,0,0,0,1,0,2756.2988470854348,22488.85533444926,14757.525558201483,0.003143646354456131,0.0012649271945258268,812.5002321658767,2854.146204564133
453,22,5583.7578125,3283.631104,1828.7216796875,83.12371826171875,40.75450134277344,250.67222595214844,5.027094084653072e-05,0.0,3485.30224609375,0,1,0,0,0,43,0,0,0,1,0,1565.8781518359121,11504.361052654118,9626.159104496292,0.00048082711303294723,0.00321322498894323,173.96157195315163,2282.6694402533544
454,14,3578.794921875,2663.616,3518.8515625,251.3465576171875,171.27113342285156,1749.7034912109375,0.00024051134823821485,0.0,20225.62890625,0,1,0,0,0,18,0,0,0,1,0,6129.205180693203,43873.68392848996,38757.62406409203,0.002509164717200113,0.002100641627054598,1728.665396830953,3267.6077604337625
455,18,4575.82958984375,2368.169472,164.9833984375,9.16574478149414,120.22872161865234,765.33349609375,0.00012262514792382717,0.0,8540.876953125,0,1,0,0,0,31,0,0,0,1,0,4326.039899368476,30449.59562314,25154.900811781725,0.000932003172250187,0.0038805425542032534,,
456,19,4896.826171875,2969.485824,447.009765625,23.526830673217773,66.59616088867188,395.27203369140625,6.686191773042083e-05,0.0,4796.62841796875,0,1,0,0,0,34,0,0,0,1,0,2357.205102212947,15440.117477050377,13314.771735435905,0.0017280216071402857,0.026233820710765816,566.4336418872213,1636.0756397216624
457,23,5919.95068359375,3706.62144,2129.2177734375,92.5746841430664,43.15151596069336,232.5023651123047,4.766291385749355e-05,0.0,3494.491943359375,0,1,0,0,0,40,0,0,0,1,0,2035.8355430198953,17264.095605460676,14840.515087894035,4.4717205327990395e-05,0.002251735195928209,843.5429161865912,2036.3710783489437
458,19,4867.60205078125,3470.295552,446.8671875,23.519325256347656,156.4062042236328,663.9800415039062,0.0001365869102301076,0.0,7962.5888671875,0,1,0,0,0,33,0,0,0,1,0,3643.3986022503323,28456.615701992465,23450.45059502031,0.0010395002374417595,0.010734533429489941,,
459,17,4366.5361328125,2773.097472,736.447265625,43.32042694091797,132.0721435546875,946.3546752929688,0.0001186527733807452,0.0,10651.1748046875,0,1,0,0,0,33,0,0,0,1,0,7619.9573634327,156643.049468798,42771.78833549716,0.0006115269991216164,0.0012383712045859613,,
460,21,5347.7099609375,3194.05824,1339.2353515625,63.77311325073242,46.13441467285156,220.85406494140625,4.8352405428886414e-05,0.0,2748.56201171875,0,1,0,0,0,33,0,0,0,1,0,1511.7322810796295,17763.623745834077,12946.513866234742,0.0021839440474908933,0.001391131076015989,1305.1739600687426,2113.5512825221085
461,23,5839.75927734375,3829.659648,2139.892578125,93.03881072998047,61.18290328979492,307.3296203613281,6.0836919146822765e-05,0.0,4414.466796875,0,1,0,0,0,40,0,0,0,1,0,2306.0377221766144,20458.670600484613,12382.325979412355,0.004362267429480149,0.002674048728089233,492.7593408295388,2845.2579316074202
462,20,5080.43994140625,3597.112832,936.796875,46.83984375,75.67000579833984,609.83154296875,8.775426977081224e-05,0.0,8184.72900390625,0,1,0,0,0,38,0,0,0,1,0,4003.3947881895588,28947.93427557593,26057.847109188035,0.0007581544590161485,0.0045975561273102206,,
463,14,3603.930419921875,2554.723328,3090.673828125,220.76242065429688,103.02893829345703,1006.1654663085938,0.00013935373863205314,0.0,9127.82421875,0,1,0,0,0,24,0,0,0,1,0,3472.4247891881305,23408.971819620194,21226.724438232097,0.0007385581915333728,0.0029504237451292298,1281.2324570070796,3319.282334952502
464,21,5358.52001953125,2812.696064,1341.98046875,63.903831481933594,47.61604309082031,397.8072814941406,6.16657271166332e-05,0.0,5178.40625,0,1,0,0,0,40,0,0,0,1,0,3007.7236955941453,24505.679339706814,19856.59592382312,0.004090589111867889,0.0016324494058620187,146.45202973560845,2346.9490081362956
465,18,4654.42138671875,3068.781056,177.3193359375,9.85107421875,71.41755676269531,549.5550537109375,7.714811363257468e-05,0.0,6448.01953125,0,1,0,0,0,28,0,0,0,1,0,2479.6814283617896,17220.97277664025,9763.738762600025,0.0002134135478857324,0.0033495520121872655,,
466,16,4131.0107421875,2540.45952,1523.8291015625,95.23931884765625,136.04214477539062,882.6337890625,0.00015462319424841553,0.0,9708.6025390625,0,1,0,0,0,26,0,0,0,1,0,4654.588724328607,41361.59573331249,33713.535261743564,0.002050195456558504,0.005576448424961043,409.23295845222947,1632.9645900012288
467,17,4338.91552734375,2508.594176,886.404296875,52.14142990112305,113.50399017333984,629.3594970703125,8.663319749757648e-05,0.0,7299.7734375,0,1,0,0,0,30,0,0,0,1,0,3642.7537369780493,30437.296661187447,25356.225821660344,0.0026382390590126642,0.0030460549747347646,,
468,20,5088.5224609375,3005.981184,923.2890625,46.16445541381836,49.561309814453125,371.6649475097656,6.976293661864474e-05,0.0,4785.91650390625,0,1,0,0,0,35,0,0,0,1,0,2789.5046169087645,25326.761148159785,18121.49127569304,0.0005608650650311131,0.00011470956715775582,,
469,19,4842.15283203125,3033.709056,412.673828125,21.719675064086914,113.47727966308594,540.46875,8.923732093535364e-05,0.0,7405.9072265625,0,1,0,0,0,36,0,0,0,1,0,3860.739116493742,36055.071030380874,23029.79696903451,0.0017859663239743959,0.0008276039057827679,,
470,21,5317.01123046875,3178.678272,1358.8466796875,64.70698547363281,70.23466491699219,350.5511779785156,6.570590630872175e-05,0.0,4670.541015625,0,1,0,0,0,36,0,0,0,1,0,2722.945094516172,17043.021709035245,16632.998022503554,0.0001355724948588488,0.004115638572852812,7.760375182320331,2278.3925755809782
471,18,4582.1904296875,3105.475584,248.3779296875,13.798773765563965,128.58982849121094,658.1396484375,0.0001099793371395208,0.0,7849.20556640625,0,1,0,0,0,29,0,0,0,1,0,3998.782557817774,34008.510878041976,18018.659221709455,0.0002732450932127206,0.0005488494514217556,,
472,14,3587.785888671875,2238.564352,3324.3837890625,237.45599365234375,128.890625,1393.6820068359375,0.00019046424131374806,0.0,13084.244140625,0,1,0,0,0,22,0,0,0,1,0,6409.345631215325,45174.7397837981,44693.507640375574,0.00019893285747614627,0.002025140304974201,,
473,17,4348.94677734375,2290.354176,731.4091796875,43.024070739746094,72.88642120361328,462.94189453125,7.357677532127127e-05,0.0,5038.74365234375,0,1,0,0,0,30,0,0,0,1,0,2306.707293067103,10328.985055110128,9312.71825395644,0.011041216284834773,0.0020599396308925294,850.5867481935393,1316.8114924638203
474,19,4836.88134765625,2818.761728,372.732421875,19.617496490478516,86.22368621826172,359.1565856933594,8.703208004590124e-05,0.0,4997.5654296875,0,1,0,0,0,31,0,0,0,1,0,2101.6328102984867,12768.99111478323,9283.607128167143,0.004624126464397129,0.0022934887157532308,703.4617440271765,1762.5170850694662
475,21,5378.9306640625,3155.492864,1450.4267578125,69.06793975830078,37.85921859741211,261.540771484375,5.2033581596333534e-05,0.0,3647.39892578125,0,1,0,0,0,35,0,0,0,1,0,2023.3076353818776,21279.772900831285,10838.693558566147,0.0004728344491179079,0.0033832228644227053,892.4041921202265,3102.1459591733974
476,19,4822.716796875,3109.798912,401.33203125,21.122737884521484,101.6474838256836,591.4893798828125,0.0001195652293972671,0.0,6743.16796875,0,1,0,0,0,38,0,0,0,1,0,3953.2984061064776,27427.14422034076,24671.72255177548,0.0008794152546718233,0.006049480454933948,,
477,16,4080.93017578125,2557.648896,1722.0,107.625,92.75747680664062,1373.7740478515625,0.00019197791698388755,0.0,14040.9677734375,0,1,0,0,0,30,0,0,0,1,0,6812.395038737706,48681.11943591878,38159.47282477469,0.002366371677941851,0.0013300015604318371,955.9457590298111,1561.5743674318937
478,19,4817.61865234375,2737.16736,338.8701171875,17.835269927978516,76.09907531738281,391.4847717285156,7.466767419828102e-05,0.0,4875.740234375,0,1,0,0,0,33,0,0,0,1,0,2999.0342021749548,22781.734140200442,22452.461557384184,0.001664174871273641,0.002850043892846349,1920.9523384641113,437.5959141449141
479,17,4326.208984375,2736.193024,935.13671875,55.00804138183594,77.61448669433594,1138.6407470703125,0.00014775971067138016,0.0,11846.4208984375,0,1,0,0,0,27,0,0,0,1,0,6528.713780044795,135359.77242563423,36374.058462099485,0.0012060776735052896,0.002677258994305147,647.1206538184028,1362.1378917260245
480,18,4564.87451171875,2652.442624,154.8447265625,8.602484703063965,69.00267028808594,430.5957336425781,6.885926995892078e-05,0.0,5383.5986328125,0,1,0,0,0,26,0,0,0,1,0,3244.178203038413,33896.99924662336,17285.44940432765,0.0002677984572321771,0.0016005956883139508,758.8930148674904,1772.2603437005716
481,15,3992.016845703125,2399.659008,2299.880859375,153.3253936767578,185.5526123046875,1329.33740234375,0.00020788746769540012,0.0,12388.98828125,0,1,0,0,0,22,0,0,0,1,0,4822.478897223808,35240.38662802676,22225.80731479346,0.003212611395628402,0.000739827853252252,596.3535545887923,1455.5112961554535
482,20,5073.85693359375,2656.472576,926.8330078125,46.341651916503906,61.65326690673828,379.4774169921875,6.81351448292844e-05,0.0,4837.0791015625,0,1,0,0,0,39,0,0,0,1,0,2404.9773639414684,14264.382426462947,13261.982682644528,0.005006152334766548,0.0007760601556793811,1143.637308358442,1359.9926052327721
483,21,5349.7822265625,3213.942272,1332.716796875,63.46270751953125,60.83589553833008,366.10980224609375,5.272160342428833e-05,0.0,4916.32080078125,0,1,0,0,0,37,0,0,0,1,0,3101.248428311317,24785.44144685839,23434.81430378249,0.0043298759154050195,0.006267869616694399,1100.6967978925627,2333.8309204431557
484,21,5378.52294921875,3407.53152,1330.3955078125,63.352169036865234,44.888118743896484,251.47683715820312,4.0940401959232986e-05,0.0,3309.3388671875,0,1,0,0,0,35,0,0,0,1,0,1766.3281351658652,15302.628989226892,14451.444945537036,0.0011144438522926398,0.0015514067771387474,738.1117043390032,1517.948168529399
485,21,5359.49169921875,3570.27072,1454.2802734375,69.2514419555664,61.53024673461914,274.77716064453125,5.040836549596861e-05,0.0,3584.699951171875,0,1,0,0,0,30,0,0,0,1,0,2249.5910330161464,17727.6720820049,15583.140161035843,0.0032281633941486643,0.0005525747849053735,807.3727360886845,2252.4166985312972
486,18,4590.94775390625,3134.994944,232.923828125,12.940213203430176,99.86884307861328,627.7431030273438,0.00010008965182350948,0.0,6645.3447265625,0,1,0,0,0,28,0,0,0,1,0,2902.2646457121864,15697.774821834859,14453.468415940615,0.001707782382731518,0.004294055903871462,351.2923583558677,2443.3151914646523
487,15,3943.74951171875,2414.309888,2677.71484375,178.5143280029297,117.30681610107422,1721.567138671875,0.00023260233865585178,0.0,15416.59765625,0,1,0,0,0,27,0,0,0,1,0,6251.106764659056,50813.85730926543,43895.034670225265,0.0007647514180900566,0.0010280962528525783,1177.8201240086028,3594.2195484365
488,12,3073.877197265625,1839.070208,5740.732421875,478.3943786621094,131.057861328125,2390.629638671875,0.0003635693865362555,0.0,23626.416015625,0,1,0,0,0,18,0,0,0,1,0,11235.609150888244,83581.20869989926,78506.97318016998,2.2098819479285554e-05,0.004947162686125758,749.723957372566,1338.1586743521416
489,20,5086.62744140625,2531.454976,1001.90234375,50.09511947631836,100.1253662109375,442.6622009277344,8.517409878550097e-05,0.0,5394.4365234375,0,1,0,0,0,34,0,0,0,1,0,2783.981255402228,19902.581360017517,13300.7219141973,0.003938723251243226,0.011573925020747375,653.2785279871532,2810.4331292164497
490,17,4336.9189453125,2898.417664,902.7578125,53.10340118408203,89.61921691894531,535.5252685546875,9.517468424746767e-05,0.0,6378.6826171875,0,1,0,0,0,22,0,0,0,1,0,2948.117983443784,22412.74130545493,13996.380692130804,0.00038335800565045004,0.0008346779063525215,125.39665019999575,1874.7244183286261
491,15,3836.214599609375,2361.712128,2370.2099609375,158.01400756835938,107.59032440185547,909.319580078125,0.0001324536424363032,0.0,8503.5498046875,0,1,0,0,0,27,0,0,0,1,0,3283.7941741397212,30076.30713678033,23827.98938597079,0.00013671896102589176,0.029658641223661252,,
492,20,5106.8330078125,2814.97344,938.3037109375,46.91518783569336,84.74020385742188,397.4527893066406,6.232807209016755e-05,0.0,4880.6044921875,0,1,0,0,0,35,0,0,0,1,0,2521.4426828674136,20160.011088191808,12847.695722325956,0.012862584190138776,0.004454865417393067,,
493,14,3586.0087890625,2477.156352,3539.068359375,252.7906036376953,247.315185546875,2011.405029296875,0.00026316006551496685,0.0,17620.2109375,0,1,0,0,0,16,0,0,0,1,0,7059.397116739587,139704.0235583874,19223.415992305752,0.0027747492609579306,0.001174267591147235,838.3402748038395,637.7128472356164
494,17,4334.05908203125,2180.586496,922.736328125,54.27860641479492,115.101806640625,746.01708984375,0.00011923046258743852,0.0,8353.2705078125,0,1,0,0,0,23,0,0,0,1,0,3274.491715274407,19650.57778525381,17532.614277472763,0.02109319851300393,0.00539954982113415,576.5465053230614,1237.186667930932
495,23,5852.0029296875,3237.343232,2131.23046875,92.66219329833984,32.45669937133789,206.7179412841797,3.7284909922163934e-05,0.0,3203.48388671875,0,1,0,0,0,44,0,0,0,1,0,1777.8867674507837,17003.251309369316,13337.4261041481,0.0004036359499119402,0.000606703885207345,730.2873121565426,1733.26299982012
496,21,5349.19677734375,3709.01504,1318.2197265625,62.772369384765625,55.35138702392578,296.738525390625,5.140313442097977e-05,0.0,3800.70166015625,0,1,0,0,0,40,0,0,0,1,0,2411.7500959997346,20520.2193549093,20223.618479121225,0.00037568100470294907,0.006070058547887558,,
497,20,5091.85546875,3357.05856,975.5771484375,48.77885818481445,97.8624267578125,505.16741943359375,9.092658729059622e-05,0.0,6539.39306640625,0,1,0,0,0,35,0,0,0,1,0,3680.1479993796556,37312.50336195997,19495.266289217754,3.177878166414627e-07,0.004419644502869732,906.8782082507164,3250.201578571238
498,21,5347.93310546875,3417.419776,1454.044921875,69.240234375,42.707069396972656,251.331298828125,5.082495408714749e-05,0.0,3225.8955078125,0,1,0,0,0,37,0,0,0,1,0,2000.4344019513908,20220.156985236586,12764.930101334065,0.0012402513517842453,0.0041799487570444264,192.00716727612144,2506.862296318326
499,19,4845.6416015625,3325.771264,403.9052734375,21.2581729888916,52.426971435546875,448.9412841796875,7.07215367583558e-05,0.0,5462.54736328125,0,1,0,0,0,34,0,0,0,1,0,3001.354664306385,28148.436802074466,22144.52987902015,7.616241868586143e-05,0.004387298094769995,,
500,16,4153.64404296875,2681.415168,1584.3515625,99.02197265625,72.04780578613281,573.0517578125,0.00011345607344992459,0.0,6201.755859375,0,1,0,0,0,21,0,0,0,1,0,2313.0185556432916,11823.91775186726,6699.587959880703,0.021648219369101385,0.0038725801111898026,,
501,16,4092.309326171875,2209.068032,1788.1416015625,111.75885009765625,152.31344604492188,1049.0230712890625,0.00018823539721779525,0.0,11729.7685546875,0,1,0,0,0,21,0,0,0,1,0,5677.173341510723,45716.91648448598,28867.93489781311,0.0010769840391984808,0.0007377173137218945,1559.493423214036,413.14622357957455
502,21,5363.4189453125,2604.046336,1325.4150390625,63.1150016784668,49.80510711669922,277.2841491699219,4.7272875235648826e-05,0.0,3848.893798828125,0,1,0,0,0,32,0,0,0,1,0,2279.889786080704,22036.227808350865,10902.574945380895,0.001546048256187968,0.0035943078321353933,75.61836111307275,2088.9889613022324
503,22,5604.1337890625,3452.9152,1802.5830078125,81.93559265136719,46.91503143310547,255.61871337890625,5.394549953052774e-05,0.0,3540.7509765625,0,1,0,0,0,37,0,0,0,1,0,1758.1562831894034,23179.297064863003,12254.734849028777,0.001148784759420124,0.0014858400528982053,480.4780839301434,2723.6620376876726
504,25,6352.70166015625,3885.38368,2535.89453125,101.43577575683594,25.746740341186523,201.15382385253906,3.702113826875575e-05,0.0,3307.698974609375,1,0,1,0,0,52,0,0,0,1,0,1994.0306348094566,17429.44447204616,10464.651839813701,9.41905652352814e-05,0.0036698112516977827,561.7982960766581,2268.7472955374255
505,21,5331.03955078125,3636.39552,1499.76953125,71.41759490966797,92.33970642089844,549.1317138671875,8.601210720371455e-05,0.0,7108.263671875,0,1,0,0,0,38,0,0,0,1,0,3800.2358540742066,34234.179128399075,19754.938165733536,0.0012036335353738797,0.013214674796495768,,
506,20,5094.42578125,3362.120704,997.4375,49.87187576293945,109.14151000976562,538.681640625,8.553855877835304e-05,0.0,7668.5556640625,0,1,0,0,0,41,0,0,0,1,0,4848.951277502807,37046.39302824025,36187.23067098239,0.00023536163087973464,3.107141695463155e-05,,
507,17,4332.896484375,2908.994048,921.498046875,54.20576858520508,120.22531127929688,776.2306518554688,0.00011896422074642032,0.0,9630.501953125,0,1,0,0,0,26,0,0,0,1,0,4838.790999626693,29221.943900416445,26641.137590090122,0.007570830214433723,0.0008848885941665149,911.2751805717268,2335.923756927642
508,21,5351.99169921875,2898.81344,1460.826171875,69.56315612792969,85.59149932861328,530.9129028320312,7.651578926015645e-05,0.0,7241.19482421875,0,1,0,0,0,39,0,0,0,1,0,3460.208110046353,36418.643349725,28096.9479469616,0.00028071691833864154,0.00010955345437213548,,
509,18,4629.48974609375,3016.279552,177.673828125,9.870768547058105,80.96770477294922,641.7933349609375,0.00010785918129840866,0.0,7504.1484375,0,1,0,0,0,34,0,0,0,1,0,3986.07035040436,23249.486877154126,21635.06153597045,0.00639778326423307,0.011724681076323878,,
510,21,5340.0693359375,3138.337792,1478.8212890625,70.42005920410156,49.05854797363281,334.6969299316406,4.954644100507721e-05,0.0,4573.3701171875,0,1,0,0,0,35,0,0,0,1,0,2139.659460823761,16501.308622225708,9374.57583096139,0.001752694426036594,0.0005665089423896319,977.0300791970482,1825.7552734787682
511,17,4347.09326171875,2912.658432,965.8662109375,56.81565856933594,112.54193115234375,1154.58984375,0.00015246034308802336,0.0,12047.2294921875,0,1,0,0,0,30,0,0,0,1,0,5091.4842789581,39401.361906126185,34344.852511858946,0.0002348361903392552,0.00389741832069031,,
512,19,4844.36376953125,2867.703808,343.42578125,18.075040817260742,104.18517303466797,498.75146484375,0.0001053482192219235,0.0,6878.1279296875,0,1,0,0,0,33,0,0,0,1,0,4003.508120011823,26176.897143994265,23089.145607463604,0.0009282839628421483,0.00193227310235429,,
513,23,5863.9423828125,3639.23712,2305.591796875,100.24312591552734,57.98734664916992,330.8316345214844,6.28926936769858e-05,0.0,4751.39697265625,0,1,0,0,0,38,0,0,0,1,0,2523.5512525957665,20590.991979794213,14021.393260571665,0.0022873300112810253,0.0020837095508258845,276.40089091637174,2603.50131827314
514,9,2338.962646484375,2441.50016,10779.9833984375,1197.7760009765625,269.21820068359375,4394.06591796875,0.0006437103729695082,0.0,32485.083984375,0,1,0,0,0,10,0,0,0,1,0,15170.192628613768,211678.72278029445,71495.21976037491,0.003997602595533197,0.06123959646380628,1198.66864675751,2525.860066397525
515,19,4823.984375,2094.759424,385.505859375,20.28978157043457,84.71290588378906,668.6707153320312,9.460770525038242e-05,0.0,8230.3310546875,0,1,0,0,0,36,0,0,0,1,0,4320.851455784481,38248.22751518142,32006.64639399891,0.0025475901374720058,0.001025253589668363,1055.5139072400834,2037.9405999922135
516,16,4087.977294921875,2519.71584,1567.4775390625,97.96734619140625,112.11524963378906,769.0178833007812,0.00011312744027236477,0.0,8354.2744140625,0,1,0,0,0,23,0,0,0,1,0,3394.589780338148,32536.718228561782,20228.757211868033,0.0009376511715780186,0.003723912956251966,,
517,17,4353.70166015625,2422.49728,952.0791015625,56.00465393066406,95.45664978027344,649.6707153320312,0.00011023504339391366,0.0,7482.09033203125,0,1,0,0,0,29,0,0,0,1,0,3360.3474810228468,20082.527091457934,12552.21272753997,0.025206690834617226,0.004348706283306192,704.9671347418939,1449.2266446446047
518,16,4087.148681640625,2434.733056,1719.326171875,107.4578857421875,100.05706787109375,921.6866455078125,0.0001732505188556388,0.0,9060.7734375,0,1,0,0,0,27,0,0,0,1,0,3096.773274380046,24416.386080379372,14400.52329916054,0.001398658570821193,0.014801693628626256,,
519,18,4597.2724609375,2606.952448,198.7216796875,11.040093421936035,85.36029815673828,459.72149658203125,8.834047912387177e-05,0.0,5130.13671875,0,1,0,0,0,27,0,0,0,1,0,2556.2578842383737,30487.581274736087,10643.0525708269,0.0021069712574563054,0.0018343317082965792,1453.558963984737,1645.4373713464142
520,20,5104.8662109375,2795.401728,1044.04296875,52.2021484375,87.18670654296875,603.3814697265625,9.001244325190783e-05,0.0,8859.4609375,0,1,0,0,0,37,0,0,0,1,0,5100.154195164756,36269.926071755865,28000.277305487012,0.00442913875728753,0.0018689248424493057,,
521,19,4842.47900390625,2959.36512,382.8291015625,20.148900985717773,60.68038558959961,334.3290100097656,6.157162715680897e-05,0.0,4367.34814453125,0,1,0,0,0,34,0,0,0,1,0,1817.9261856837772,7700.152079266909,6587.982554921177,0.011513097892133464,0.0007234618665004485,,
522,20,5110.6181640625,3104.472064,1072.9619140625,53.64809799194336,102.05708312988281,799.9080810546875,0.00014933424245100468,0.0,9701.5478515625,0,1,0,0,0,35,0,0,0,1,0,5913.213152803094,68155.92615710235,42545.41014755106,0.0032059517326193734,0.0016425385125802255,,
523,16,4165.87646484375,2703.205888,1684.14453125,105.259033203125,113.11283874511719,937.4172973632812,0.00013561184459831566,0.0,9894.5859375,0,1,0,0,0,25,0,0,0,1,0,4859.691375641518,58367.15277776205,32119.659813657978,0.0014163984310084608,0.0013687606014002266,875.8976715921885,2485.3240064491824
524,20,5173.494140625,2831.428096,929.2890625,46.464454650878906,60.27837371826172,400.4609680175781,6.90143060637638e-05,0.0,4986.46484375,0,1,0,0,0,35,0,0,0,1,0,2773.2358057720676,27276.647876262712,21901.650343929996,0.0015007607079974977,0.0014862342916972388,1363.5838591747756,781.6161704062779
525,11,2894.442138671875,2232.237056,6357.8505859375,577.9864501953125,169.4213409423828,1742.587890625,0.00022629885643254966,0.0,12746.3525390625,0,1,0,0,0,19,0,0,0,1,0,3683.245412677713,19062.615772231973,18125.83744779408,0.00041755033838188765,0.006043565972185541,840.5046349408085,1611.570482216855
526,17,4396.0947265625,2099.651584,1050.6279296875,61.80164337158203,140.63670349121094,863.3917846679688,0.0001522292586741969,0.0,9351.1220703125,0,1,0,0,0,28,0,0,0,1,0,4894.847658616396,33714.957996185854,28168.63354095582,0.008419387507880162,0.0023800777872615766,,
527,20,5096.63427734375,2963.437056,913.1708984375,45.658546447753906,121.8544692993164,527.6632080078125,8.83217144291848e-05,0.0,6528.73583984375,0,1,0,0,0,36,0,0,0,1,0,2947.525199163576,22850.155371819994,16584.677573652178,0.0008089680543628547,0.004872225517973103,431.48985576656605,2004.4365473387434
528,19,4849.1142578125,3120.343552,425.853515625,22.41334342956543,105.11646270751953,509.5464172363281,8.782593067735434e-05,0.0,6157.828125,0,1,0,0,0,28,0,0,0,1,0,3234.236366753538,39971.81992063598,22476.34221281783,0.0015910442852004325,0.00031871097211666477,,
529,17,4314.42822265625,2829.936128,937.548828125,55.149932861328125,99.8187484741211,741.217529296875,0.00010892942373175174,0.0,8071.091796875,0,1,0,0,0,27,0,0,0,1,0,3930.3199830239514,24213.580869137888,20476.98752897859,0.003563663947730975,0.0036052557759602734,,
530,17,4324.63232421875,2688.770048,772.2890625,45.428768157958984,94.18024444580078,488.4652099609375,8.421478560194373e-05,0.0,5697.537109375,0,1,0,0,0,27,0,0,0,1,0,3204.1438168896266,24478.038942145547,21117.93106216472,0.001743034447357239,0.002138308464880231,,
531,21,5321.5126953125,3114.146816,1319.4736328125,62.83207702636719,70.34881591796875,319.50958251953125,5.480965046444908e-05,0.0,4040.2333984375,0,1,0,0,0,36,0,0,0,1,0,2564.4901365395135,23906.169587446093,19325.287714660837,0.0048946988385211165,0.001714143297315819,456.86925337731554,2824.1139195045926
532,23,5850.67822265625,3843.49184,2132.203125,92.70448303222656,46.23868179321289,219.9850311279297,4.9022863095160574e-05,0.0,3207.2568359375,0,1,0,0,0,38,0,0,0,1,0,2007.9997969805445,18515.869643171623,11690.219678712321,0.00035247008498009297,0.0002302075639802944,,
533,14,3586.182373046875,2928.415744,3431.572265625,245.11231994628906,146.62644958496094,1509.505126953125,0.00018228533735964447,0.0,14321.0419921875,0,1,0,0,0,21,0,0,0,1,0,7874.826824372932,49763.74609482491,48625.830019114874,0.0001592849998863638,0.0017528791868547944,,
534,22,5595.73095703125,2922.8288,1820.9814453125,82.77188873291016,40.93870544433594,297.15130615234375,4.918860213365406e-05,0.0,4403.0869140625,0,1,0,0,0,44,0,0,0,1,0,2810.1177959991805,24888.181358512935,19888.53787197076,0.002906610490441469,0.0018787946111028225,,
535,19,4834.81005859375,3256.120832,441.6083984375,23.2425479888916,101.05265045166016,608.8202514648438,9.29449379327707e-05,0.0,7678.31982421875,0,1,0,0,0,34,0,0,0,1,0,4592.9563140275095,42005.49595509881,30474.553712126683,0.001713911248124908,0.0007720986545698347,878.3918552183093,1526.2286198526606
536,23,5870.9990234375,3624.43008,2116.466796875,92.02029418945312,40.89817810058594,261.7756042480469,4.240975249558687e-05,0.0,3771.288818359375,0,1,0,0,0,40,0,0,0,1,0,2092.666158699082,15386.612313226333,15149.510229435164,0.0021111460303534432,0.0005398546602650919,1768.7318965324039,564.7085318501134
537,14,3591.7099609375,2874.504192,3539.171875,252.79800415039062,204.46507263183594,1320.9332275390625,0.00014043308328837156,0.0,15566.857421875,0,1,0,0,0,21,0,0,0,1,0,8593.866016277747,35630.36123974373,29174.906096695908,0.0023924455643891743,0.00031595333760199573,579.9548333472093,1941.562800552099
538,23,5858.8525390625,3007.210496,2366.8134765625,102.90493774414062,53.949039459228516,471.39288330078125,7.640473631909117e-05,0.0,7291.37744140625,0,1,0,0,0,46,0,0,0,1,0,3581.38732836586,23050.74651692771,19151.175235904902,0.0020347299485945023,0.005300106875866101,,
539,20,5114.07421875,3546.162176,848.111328125,42.40556716918945,61.45330810546875,386.4600830078125,6.591661076527089e-05,0.0,4625.4189453125,0,1,0,0,0,35,0,0,0,1,0,2699.8921170452327,24862.433007671883,17057.0217140176,0.0016907135451402957,0.01186359062667773,,
540,12,3098.8369140625,2329.23904,6408.4423828125,534.036865234375,358.4148254394531,3071.155517578125,0.00040199203067459166,0.0,29773.806640625,0,1,0,0,0,17,0,0,0,1,0,15659.842518259358,174206.13329233605,127940.81442715695,0.00016403460029189298,0.06775489151192937,389.64153641511666,1364.146674230119
541,17,4363.3447265625,2122.79552,903.7802734375,53.16354751586914,89.64447784423828,773.9425048828125,0.00010683448635973036,0.0,8291.0625,0,1,0,0,0,23,0,0,0,1,0,3738.9529676588554,35761.58720256282,25153.022167755546,0.003755523725867963,0.0016039102879842337,,
542,17,4350.92529296875,2456.184832,917.953125,53.99724197387695,94.83800506591797,872.8929443359375,0.0001313124957960099,0.0,9665.724609375,0,1,0,0,0,31,0,0,0,1,0,4397.162691379524,19606.857919558883,15163.499428716314,0.006823654500004005,0.0023577235359373144,123.17923979342186,2314.376334229179
543,23,5845.2861328125,3323.208192,2326.0078125,101.13077545166016,47.60602569580078,281.5245056152344,5.068746759206988e-05,0.0,4230.7021484375,0,1,0,0,0,45,0,0,0,1,0,2671.6464060441717,19187.793739223092,17744.771294545997,0.005519793327677228,0.003941449366125907,627.9780743157369,2766.996590338992
544,19,4836.47802734375,3522.213888,352.1181640625,18.532535552978516,61.69596862792969,409.40863037109375,7.664052827749401e-05,0.0,4838.6845703125,0,1,0,0,0,30,0,0,0,1,0,2665.3915952852963,21728.173084489732,20831.460932350565,0.001352715475800615,0.0005204572599516316,650.2619878237695,2737.857074249437
545,18,4559.9765625,2928.059392,170.892578125,9.49403190612793,77.81710052490234,445.1648254394531,8.14509330666624e-05,0.0,5284.203125,0,1,0,0,0,30,0,0,0,1,0,2479.20445145363,15516.748916141147,9660.011411996838,9.389615011185914e-05,0.007406167231069533,1341.8724378791803,3251.5143780087956
546,19,4842.40283203125,2962.437632,428.689453125,22.562602996826172,75.59249877929688,419.6691589355469,7.942563388496637e-05,0.0,5036.990234375,0,1,0,0,0,34,0,0,0,1,0,2632.894860422104,19942.20599830022,13037.898282817418,0.004724375135557209,0.00016417689239060784,,
547,18,4591.060546875,2941.316608,178.3271484375,9.907063484191895,143.00802612304688,845.0078125,0.00012270126899238676,0.0,11259.3740234375,0,1,0,0,0,34,0,0,0,1,0,6416.50652990935,55947.629166846076,54103.0437002206,0.001147234637898755,0.0015372690002223768,387.018375291932,2887.8326996490705
548,16,4077.49853515625,2567.611904,1728.4130859375,108.02581787109375,96.2024154663086,849.3956909179688,0.00012540155148599297,0.0,9100.015625,0,1,0,0,0,24,0,0,0,1,0,3269.5156911699837,21783.105297304424,19154.662458495983,0.0035080095134258846,0.008931987970257979,721.5275375664191,2711.21324031666
549,18,4597.06298828125,2562.743808,156.541015625,8.696722984313965,131.98062133789062,834.4031372070312,0.0001499784120824188,0.0,9082.3291015625,0,1,0,0,0,32,0,0,0,1,0,4418.343447875216,29547.514250256598,27612.252245244243,0.00026491324015498127,0.009174511289790542,,
550,22,5729.798828125,3236.815872,1989.7783203125,90.44447326660156,67.37197875976562,330.9124450683594,5.813072857563384e-05,0.0,4512.1953125,0,1,0,0,0,43,0,0,0,1,0,2352.4502130993465,24626.31658980363,12640.05101977699,0.0010507271259834403,0.0007217673207370046,1841.3003511112702,656.3275360323537
551,18,4591.7724609375,3217.586688,201.8759765625,11.21533203125,91.9782485961914,488.0403747558594,9.58028031163849e-05,0.0,5495.744140625,0,1,0,0,0,29,0,0,0,1,0,2611.0628690332383,31254.231670469588,14321.167739467559,0.00445132546382776,0.004446726941886913,,
552,21,5340.87548828125,3299.183616,1458.7197265625,69.46284484863281,65.20311737060547,354.9065246582031,6.039590880391188e-05,0.0,4701.31689453125,0,1,0,0,0,38,0,0,0,1,0,2648.253133535292,20267.4841015738,18376.086115927366,0.0019847335970259866,0.007580944646726966,1558.2228719780753,1836.943472140894
553,25,6361.9072265625,3799.824384,2528.20068359375,101.1280288696289,24.908105850219727,208.2613525390625,3.767247835639864e-05,0.0,3664.55126953125,1,0,1,0,0,49,0,0,0,1,0,2377.7846323035105,17349.78863017231,16725.199852754093,0.0007485277269548667,0.00486609561869053,597.9413091666352,1925.8741788466396
554,19,4847.6357421875,3408.049152,405.3427734375,21.333829879760742,83.33426666259766,437.75518798828125,8.096139936242253e-05,0.0,5564.3193359375,0,1,0,0,0,32,0,0,0,1,0,3356.002695700891,41393.81474696537,26268.541603627407,0.0020322771406937404,0.003895716738647581,,
555,20,5070.0888671875,2991.801344,940.0869140625,47.00434494018555,37.69114303588867,266.3553161621094,5.038141171098687e-05,0.0,3822.760009765625,0,1,0,0,0,35,0,0,0,1,0,2489.381332669385,24911.51940645314,21289.58021533197,0.0006649434377274347,0.0008520944142377685,136.3939482238743,2145.9888379559848
556,23,5847.0810546875,3465.57696,1921.63916015625,83.54953002929688,61.35385513305664,223.9569549560547,4.182309567113407e-05,0.0,3056.829345703125,0,1,0,0,0,42,0,0,0,1,0,1334.955764965514,11742.404505319824,9543.798767533024,0.002219479571514825,0.0017794098304973818,664.9640646008893,2999.3745311005996
557,23,5835.5517578125,3572.262912,2331.6845703125,101.37759399414062,33.89221954345703,286.8437805175781,5.3061306971358135e-05,0.0,4318.962890625,1,0,1,0,0,44,0,0,0,1,0,2088.5485565042068,13946.37509320299,12085.411514288924,0.00038634149585929645,0.000992374046403014,500.36669096963533,2021.2073820186538
558,10,2598.471435546875,2221.796864,7766.9443359375,776.6944580078125,395.49822998046875,3485.41748046875,0.0005429852171801031,0.0,32297.921875,0,1,0,0,0,13,0,0,0,1,0,8731.498768237916,58512.142921417566,37247.18153154769,1.926938802079836e-05,0.002373813498554672,498.3574172338299,2228.468030871616
559,17,4364.85009765625,2077.405184,979.56640625,57.62155532836914,133.33773803710938,811.3881225585938,0.00012849744234699756,0.0,8905.0322265625,0,1,0,0,0,27,0,0,0,1,0,3835.2138122551073,24412.03194776105,23800.823536307034,0.0028758339517210817,0.0048619844971087125,,
560,15,3856.487548828125,2337.022976,2747.9912109375,183.1994171142578,134.35475158691406,1440.4100341796875,0.00022593179892282933,0.0,13133.5849609375,0,1,0,0,0,26,0,0,0,1,0,6293.60342408936,39004.60300297213,37079.08088258889,0.0003361588182383586,0.0014322064823316244,757.6514942460635,1603.4718598781014
561,19,4864.9111328125,2550.93248,392.939453125,20.6810245513916,96.85635375976562,537.388427734375,8.144355524564162e-05,0.0,6238.53955078125,0,1,0,0,0,28,0,0,0,1,0,3027.530814468815,24510.052673679445,18520.54206029822,0.0017298562180500417,0.004875328234073214,,
562,20,5259.79541015625,3120.154112,915.98046875,45.79902267456055,56.443729400634766,368.1263427734375,6.162387580843642e-05,0.0,4495.15625,0,1,0,0,0,40,0,0,0,1,0,2672.5598068030577,29671.64338294678,14998.236368873479,0.0012608555942882627,0.0007400159783156335,454.9523054085257,2975.3281286958877
563,23,5853.33447265625,3775.6032,2329.1953125,101.26936340332031,51.92751693725586,211.8401336669922,4.435649316292256e-05,0.0,2962.505859375,0,1,0,0,0,43,0,0,0,1,0,2110.831984785219,16178.042336699822,15717.222908693007,0.0014768293432830953,0.0027918982712422657,744.3114089719379,3224.0250147904553
564,17,4425.9658203125,3118.560256,913.6845703125,53.746150970458984,132.69775390625,1124.8304443359375,0.00017273842240683734,0.0,12866.40234375,0,1,0,0,0,24,0,0,0,1,0,6260.2879993182205,47232.702245586726,41712.69547089344,0.00021270739520683202,0.0014559065957122017,1488.9602959524836,3437.7580852317296
565,16,4077.9853515625,2345.990656,1716.5458984375,107.28411865234375,83.24869537353516,755.6443481445312,0.00010685993038350716,0.0,7976.0439453125,0,1,0,0,0,27,0,0,0,1,0,2961.3714528633614,37099.713178529404,8893.815772000335,0.0011587231730082782,0.011426847605800079,,
566,18,4588.80224609375,2661.69088,192.990234375,10.7216796875,56.3212890625,375.6623229980469,7.545344851678237e-05,0.0,4419.57861328125,0,1,0,0,0,29,0,0,0,1,0,2568.9694920900793,24474.15001676676,12520.475716458352,0.0033037704616909885,0.006521162888103985,746.0689920032511,2178.918515825051
567,15,3813.32373046875,2380.489728,2679.240234375,178.61602783203125,195.0624237060547,1768.84130859375,0.00022504603839479387,0.0,18103.2109375,0,1,0,0,0,25,0,0,0,1,0,8610.154419516339,94044.96977075716,42810.566345243395,0.0002746697476609522,0.0028199328312624875,,
568,17,4340.27294921875,2292.939776,785.5244140625,46.20731735229492,73.74676513671875,608.1406860351562,9.306638094130903e-05,0.0,6421.396484375,0,1,0,0,0,32,0,0,0,1,0,2790.2024998841366,36487.26838300531,14872.50522443409,0.001383997890971194,0.004402480084287057,174.70901477175858,2280.9690967807333
569,23,5861.65185546875,3258.878976,2148.81640625,93.42680358886719,34.23622131347656,195.90609741210938,4.1806062654359266e-05,0.0,2992.5126953125,0,1,0,0,0,41,0,0,0,1,0,1729.652171659707,17907.62693262801,11294.729187087753,0.00037736464143068443,0.0035512931284029554,784.2521906013972,3168.805703750518
570,23,5861.103515625,3928.88576,2132.7978515625,92.7303466796875,51.75693130493164,222.74407958984375,4.686842657974921e-05,0.0,3163.64990234375,0,1,0,0,0,45,0,0,0,1,0,1973.4893338754916,14629.50449365974,11989.869460642665,0.0030973370837065334,0.0011194926761923726,,
571,17,4344.244140625,3182.186496,709.53515625,41.737361907958984,75.94993591308594,420.7022705078125,7.341367017943412e-05,0.0,4891.5478515625,0,1,0,0,0,27,0,0,0,1,0,3152.3761822950696,30418.592808451365,15116.42110331744,0.0016045351516931206,0.0004910567925501142,,
572,21,5333.26806640625,2957.185536,1326.3115234375,63.157691955566406,56.68644332885742,395.0202331542969,5.6929642596514896e-05,0.0,5871.7744140625,0,1,0,0,0,43,0,0,0,1,0,3807.2961440436957,31116.97509326831,26068.45765909139,3.930929531965888e-05,0.0030758457614922727,704.8821086256207,3415.4656033827623
573,18,4590.794921875,3008.441344,203.7099609375,11.317219734191895,90.6921157836914,710.2322387695312,0.00011275408178335056,0.0,7969.63916015625,0,1,0,0,0,29,0,0,0,1,0,3849.8379900437285,32108.295384973353,30038.991733604995,3.1504334449816707e-05,0.0003761317887344424,426.07989572458337,1863.2763007187582
574,24,6115.0830078125,3568.964096,2217.73681640625,92.40570068359375,30.529409408569336,218.3519744873047,3.730190292117186e-05,0.0,3503.1015625,1,0,1,0,0,45,0,0,0,1,0,1992.5927810947878,14355.876608586137,8407.284665704987,0.0018124655273592926,0.0014987606359584717,,
575,17,4336.462890625,3128.603648,667.103515625,39.24138259887695,67.87971496582031,383.7218933105469,6.712021422572434e-05,0.0,4924.1611328125,0,1,0,0,0,27,0,0,0,1,0,3085.90115694654,26759.480620813054,20808.68816970973,0.0018137676768616162,0.0004176599799609569,1206.2506862122264,3522.5067839785825
576,18,4590.24462890625,2634.771968,184.822265625,10.267903327941895,94.77611541748047,788.719970703125,0.00012983531632926315,0.0,8911.32421875,0,1,0,0,0,34,0,0,0,1,0,4427.386342838935,41723.73234242215,23614.141486332763,0.0012637644024451125,0.006689939561540409,,
577,15,3876.03173828125,2363.646464,2798.029296875,186.53529357910156,180.48886108398438,2309.141845703125,0.00031708652386441827,0.0,22142.099609375,0,1,0,0,0,24,0,0,0,1,0,10281.815292643843,63143.024492405864,57032.7070735024,0.0017912503898407303,0.003254911215067196,,
578,19,4867.16552734375,2524.32896,418.5888671875,22.03099250793457,98.97067260742188,589.1454467773438,8.356208854820579e-05,0.0,7532.69287109375,0,1,0,0,0,34,0,0,0,1,0,4030.129626877493,31400.362980775382,26738.4098319618,0.002153723159323856,0.0017721283561689342,,
579,19,4914.46044921875,2749.426176,380.375,20.019737243652344,85.51844024658203,447.2864990234375,7.774757250444964e-05,0.0,5406.00927734375,0,1,0,0,0,34,0,0,0,1,0,2929.3515081984046,21143.095571711037,14653.9839484553,0.003181487711485187,0.0022387402985375726,,
580,21,5386.4169921875,2996.908032,1271.5029296875,60.547760009765625,58.18759536743164,391.64715576171875,6.143019709270447e-05,0.0,5833.8291015625,0,1,0,0,0,42,0,0,0,1,0,3736.876419180127,23964.191092286062,23581.811843709143,0.0007441900393496889,0.0016467229519309887,302.63988400576,2306.3400877309596
581,14,3633.55419921875,2552.673792,3526.6796875,251.90570068359375,125.11214447021484,1141.18603515625,0.00019675487419590354,0.0,11402.9755859375,0,1,0,0,0,22,0,0,0,1,0,4710.243791503632,37350.0021859312,33631.78426196736,0.001710099531995881,0.006050908023222404,595.7714928206167,2547.00327689761
582,17,4362.72314453125,2221.036032,724.400390625,42.61178970336914,56.67222595214844,394.6016845703125,6.390159978764132e-05,0.0,4906.771484375,0,1,0,0,0,24,0,0,0,1,0,1672.8700714405682,5879.70337410764,4040.103532836275,0.009487562768403804,0.0059550368396446285,322.3613384060517,1610.920602811906
583,23,5883.61572265625,3342.327296,1911.154296875,83.09366607666016,45.751773834228516,222.67864990234375,4.388506931718439e-05,0.0,3249.57861328125,0,1,0,0,0,39,0,0,0,1,0,1836.138019979842,16269.373483238276,16008.19129111901,0.003099104959994936,2.9517708878518123e-05,,
584,20,5077.986328125,3524.278784,755.6865234375,37.78432846069336,71.28275299072266,394.5332336425781,7.933611777843907e-05,0.0,4487.5146484375,0,1,0,0,0,36,0,0,0,1,0,2487.5658273867825,15187.902039012499,14276.19427345139,0.00039665131460555475,0.0025517222047270333,,
585,16,4069.84130859375,2686.561792,1900.5419921875,118.78387451171875,134.15478515625,1410.4149169921875,0.00022229169553611428,0.0,14136.4521484375,0,1,0,0,0,24,0,0,0,1,0,6454.415052330365,53905.493209200635,34734.09384604182,0.0002123332532890515,0.0037828619908120515,,
586,16,4073.701171875,2372.48,1711.021484375,106.9388427734375,126.8967514038086,1011.4150390625,0.00013129888975527138,0.0,9908.740234375,0,1,0,0,0,22,0,0,0,1,0,3527.0591385399175,20327.521510763378,17717.725694019093,0.011488884291699522,0.007000554797806528,,
587,19,4827.84375,2648.08704,406.4248046875,21.390779495239258,86.87863159179688,533.7229614257812,9.23620245885104e-05,0.0,7166.8701171875,0,1,0,0,0,34,0,0,0,1,0,3237.268282696546,27917.77841668232,18617.32649485916,0.0003637396071797111,0.0010474350982674074,946.0896075024359,1696.0437238775137
588,17,4327.97998046875,2673.426944,949.287109375,55.84041976928711,130.1496124267578,910.3442993164062,0.00014127967006061226,0.0,10584.1044921875,0,1,0,0,0,26,0,0,0,1,0,5568.865194219208,37051.04248277065,33436.792640895386,0.0013377781104831968,0.007540313080974487,,
589,19,4836.66552734375,2831.885312,417.51953125,21.974712371826172,73.48053741455078,477.90264892578125,7.976749475346878e-05,0.0,5587.34033203125,0,1,0,0,0,30,0,0,0,1,0,2299.932844464072,14186.643795458192,12886.08660231411,0.0009363024604024557,0.0032097903729342223,186.764486881857,2115.972223389089
590,21,5336.64892578125,3365.086208,1336.6904296875,63.65192794799805,54.017051696777344,257.5877685546875,4.783732583746314e-05,0.0,3262.21142578125,0,1,0,0,0,33,0,0,0,1,0,1974.4394935823254,22989.355622475203,14611.412422915933,0.0007255489318544889,0.0009546285723486883,958.195135378003,1200.5184502919258
591,19,4857.49755859375,3133.006848,422.8017578125,22.252723693847656,82.85440063476562,629.4971313476562,8.985854219645262e-05,0.0,7874.71728515625,0,1,0,0,0,32,0,0,0,1,0,3689.8596316601524,40994.41921789733,27438.212539280197,0.0011835643111536565,0.001329861860480298,733.1024555626921,2419.193040685175
592,21,5587.73486328125,3233.719808,1350.025390625,64.28692626953125,58.172847747802734,343.5178527832031,5.159433203516528e-05,0.0,5043.1328125,0,1,0,0,0,43,0,0,0,1,0,2388.8264706051696,23610.834580401726,12276.686007153767,0.0006056095971860714,0.0014299916890220116,695.666771981083,3192.9338641704485
593,17,4362.84423828125,3051.968512,870.125,51.18382263183594,153.16390991210938,1040.9569091796875,0.00014348105469252914,0.0,11490.6943359375,0,1,0,0,0,27,0,0,0,1,0,5089.3048901389075,34139.151288265115,32387.291341249835,0.002255031676963594,0.014223487761141261,559.6367264125101,1560.4716318518667
594,22,5611.7001953125,3217.792,1830.2451171875,83.19296264648438,73.71151733398438,364.7987365722656,5.9075427998322994e-05,0.0,5222.0673828125,0,1,0,0,0,41,0,0,0,1,0,2999.148659710199,27939.44827260231,19043.78912761607,0.0002487629731803345,0.00022769615340904187,,
595,18,4583.93017578125,3235.719168,187.5380859375,10.418782234191895,74.2269515991211,440.4600830078125,7.428185926983133e-05,0.0,5069.58642578125,0,1,0,0,0,32,0,0,0,1,0,1806.1817195788371,15704.719542480629,9247.735411944228,1.4664702936373342e-05,0.009297207116642503,373.88397394755157,1761.3519791318554
596,16,4069.983154296875,2505.566208,1766.578125,110.4111328125,105.66277313232422,913.7752075195312,0.00016331342339981347,0.0,9359.984375,0,1,0,0,0,24,0,0,0,1,0,4078.094439950277,34884.23479489178,20350.5528291024,0.0030476275549894127,0.0036050995753341766,1171.583745826744,941.0866196397903
597,16,4096.818359375,2324.936704,1706.7001953125,106.66876220703125,113.5194320678711,1085.6495361328125,0.00014592446677852422,0.0,11646.357421875,0,1,0,0,0,24,0,0,0,1,0,5491.584685843105,42127.87108119826,35235.18160924249,0.0008117132063576379,0.0098323389051789,1021.9150391135777,3007.1048526573536
598,16,4143.7724609375,2437.105152,1812.08984375,113.255615234375,106.87965393066406,718.3175048828125,0.00015348744636867195,0.0,6665.328125,0,1,0,0,0,27,0,0,0,1,0,3330.5619178479124,26048.40550565611,21948.835399755324,0.006954063198908678,0.0021163734482560342,846.3836493356866,2876.032172121969
599,18,4612.1748046875,2641.583104,218.654296875,12.1474609375,88.43860626220703,736.3587036132812,0.00011874610936501995,0.0,8376.7568359375,0,1,0,0,0,30,0,0,0,1,0,4624.406051708179,44042.208727171645,24235.21983803737,0.00030691092082402085,0.006947144050825138,987.6388184748171,3250.6324063595266
600,21,5338.80908203125,3196.894208,1364.6923828125,64.9853515625,79.63570404052734,254.12991333007812,5.1310147682670504e-05,0.0,3336.440185546875,0,1,0,0,0,36,0,0,0,1,0,1883.95026648821,13358.192071353256,11997.238823257107,0.008920947388047277,0.0019419620155720317,621.5637558095038,2297.6939427260113
601,18,4633.06494140625,3108.045312,199.2255859375,11.06808853149414,90.58894348144531,642.8919067382812,9.515374404145405e-05,0.0,8604.4423828125,0,1,0,0,0,27,0,0,0,1,0,3495.2019818493936,32672.49560584636,26544.68339368672,0.0006273895485415723,0.0015905267044598326,844.8047671734171,2935.8993996981367
602,17,4331.46923828125,2718.708736,784.3251953125,46.136775970458984,69.46905517578125,512.5638427734375,8.378006896236911e-05,0.0,5366.697265625,0,1,0,0,0,32,0,0,0,1,0,2576.107052517972,13365.800697077935,11635.407412943558,0.02545793829386761,0.059584129416700264,,
603,18,4572.0380859375,2570.017792,209.6875,11.64930534362793,115.81968688964844,680.8983154296875,9.518036677036434e-05,0.0,9344.89453125,0,1,0,0,0,31,0,0,0,1,0,5018.775749023318,34184.31583059284,32392.634926715542,0.00020229504095330142,0.0011185487153700935,,
604,20,5100.09619140625,2974.434304,1008.6865234375,50.434326171875,97.95148468017578,548.0196533203125,9.868075721897185e-05,0.0,7345.44189453125,0,1,0,0,0,36,0,0,0,1,0,4138.075730656167,30452.27900852871,28603.139002566215,0.0014627619464414043,0.001380285500718767,467.9362984691952,2893.4000247254485
605,20,5104.7265625,3241.393664,1050.439453125,52.52197265625,89.05337524414062,681.6165161132812,0.00013342108286451548,0.0,8596.7392578125,0,1,0,0,0,40,0,0,0,1,0,4114.546710811589,29094.6238812838,22415.281808001866,6.831540508682454e-05,0.005621433691415184,,
606,19,4839.2744140625,3143.497216,421.609375,22.18996810913086,73.43421936035156,638.936767578125,9.527368092676625e-05,0.0,7403.3935546875,0,1,0,0,0,31,0,0,0,1,0,3845.7332110609204,47071.83757532738,26642.927610537055,0.002805414420464676,0.0038134444061292405,831.7449688746342,3004.952908797119
607,18,4587.654296875,2816.420352,234.435546875,13.024197578430176,139.22186279296875,1075.8525390625,0.00016292324289679527,0.0,12711.263671875,0,1,0,0,0,28,0,0,0,1,0,5526.052199509063,47773.881170022374,25411.046638607742,0.01132685110872346,0.0006660557433919388,980.8277427836433,2972.1643385416482
608,21,5333.09423828125,3157.7728,1333.1259765625,63.4821891784668,49.40572738647461,312.78631591796875,5.040381074650213e-05,0.0,4408.26416015625,0,1,0,0,0,43,0,0,0,1,0,2390.426616128992,23133.325513375665,23022.32598298798,0.0032893059370746047,0.002746542213413,2421.9030084919254,48.95163525368889
609,19,4878.529296875,3031.320064,450.7822265625,23.725379943847656,109.03421783447266,580.50830078125,8.85866247699596e-05,0.0,7720.91796875,0,1,0,0,0,32,0,0,0,1,0,4037.441936654279,37272.68212561386,20889.829741294696,0.000897651275943212,0.0008948459159569822,714.3178775066265,2081.3332889648264
610,17,4423.32373046875,2504.24832,826.2255859375,48.601505279541016,53.24600601196289,454.6894836425781,6.561823101947084e-05,0.0,6123.53955078125,0,1,0,0,0,34,0,0,0,1,0,2028.8953099443497,14037.253384899626,13627.210029288071,0.0005990486113459717,8.221917998213653e-05,1278.758379914157,1815.7547089516897
611,17,4388.1279296875,2448.521216,892.7470703125,52.51453399658203,134.6429443359375,847.6795654296875,0.0001351959799649194,0.0,9217.03515625,0,1,0,0,0,26,0,0,0,1,0,6635.9318547443,154301.56343649136,37960.66359786333,0.00010682851766291579,0.0009401722962493406,,
612,15,3876.866943359375,2234.875392,2473.76171875,164.91744995117188,130.66668701171875,1099.419921875,0.00017735178698785603,0.0,10417.6318359375,0,1,0,0,0,23,0,0,0,1,0,4050.2730263011213,64200.015529840035,17354.63881391861,0.01191639601526382,0.0018651243364399394,1370.3983847726,3267.223237713889
613,18,4662.22412109375,2380.909568,169.755859375,9.43088150024414,100.52743530273438,526.871337890625,8.69819414219819e-05,0.0,5849.2958984375,0,1,0,0,0,32,0,0,0,1,0,3656.5771676335703,43168.250667945336,19713.88224852315,0.0018643538533026846,0.0068870577301627794,,
614,19,4875.10302734375,2820.796416,424.7705078125,22.356342315673828,51.22232437133789,400.4786071777344,6.925265188328922e-05,0.0,5374.8046875,0,1,0,0,0,35,0,0,0,1,0,2934.4255977963317,26596.119691957803,17933.22067767672,0.0007242856459159456,0.003998438346079795,,
615,16,4095.00732421875,2626.270208,1494.962890625,93.4351806640625,80.8709716796875,696.7384033203125,0.00012844691809732467,0.0,6610.5087890625,0,1,0,0,0,25,0,0,0,1,0,2552.6076830194543,29102.419887503274,9987.48022012673,0.0005535961689987594,0.009117171550993829,1162.9404513542954,3125.173278760951
616,19,4824.38525390625,2706.503168,446.8525390625,23.5185546875,105.93660736083984,639.9060668945312,0.00010340171138523147,0.0,7747.748046875,0,1,0,0,0,32,0,0,0,1,0,3868.0648060909725,47894.77141376749,24699.555016495964,0.0009965379956920484,0.00047444240972004115,,
617,17,4369.39892578125,2756.452864,891.544921875,52.44382095336914,110.82023620605469,695.162841796875,0.00011033940245397389,0.0,7865.8779296875,0,1,0,0,0,27,0,0,0,1,0,3086.0906974129184,21619.744982883432,20098.766260022516,0.0008523149028734625,0.0018983174915926573,847.4714394021112,2951.8511109301735
618,18,4649.76318359375,2600.514048,232.671875,12.926215171813965,80.83799743652344,537.3728637695312,0.00010756585834315047,0.0,6198.11328125,0,1,0,0,0,31,0,0,0,1,0,3279.4970935474653,25315.560998104895,14110.011443662352,0.002946655604905892,0.014727418230136576,,
619,19,5017.822265625,2882.909184,389.4111328125,20.495323181152344,73.53841400146484,520.586669921875,7.925223326310515e-05,0.0,6390.5205078125,0,1,0,0,0,31,0,0,0,1,0,3518.8976725600096,36217.98405237623,26033.340087900404,0.001707507749828946,0.005292561538669152,,
620,23,5993.0869140625,3680.728064,2127.6357421875,92.50590515136719,46.7362060546875,296.6033630371094,5.3338546422310174e-05,0.0,4654.4296875,0,1,0,0,0,43,0,0,0,1,0,2839.7236407514783,21160.28170925758,20198.61504949811,0.002534728406845245,0.006043059296727528,,
621,16,4089.291748046875,3085.702144,1468.90625,91.806640625,72.14789581298828,868.9262084960938,0.00013266669702716172,0.0,10273.7490234375,0,1,0,0,0,31,0,0,0,1,0,5742.588658985139,44403.7016292086,36381.08586213563,0.0012375177318600938,0.002051033053344198,408.9229934281125,2270.8353599957395
622,16,4123.89697265625,2204.494848,1333.6591796875,83.35369873046875,114.22850036621094,602.7355346679688,0.0001393294078297913,0.0,5779.6513671875,0,1,0,0,0,29,0,0,0,1,0,2611.36452259213,28496.45212175789,27737.538434019683,0.0017351367240503249,8.499403378443848e-06,1294.209656661569,1706.5248117111125
623,19,4854.22998046875,2670.493184,442.5341796875,23.29127311706543,62.32282638549805,428.03961181640625,6.757361552445218e-05,0.0,5479.1435546875,0,1,0,0,0,33,0,0,0,1,0,2139.122518956039,14531.22070719382,10152.411113055365,0.005111957939381927,0.013229776282259895,,
624,16,4094.103271484375,2708.162048,1640.6220703125,102.53887939453125,127.80516052246094,1313.631103515625,0.00016212336777243763,0.0,13994.724609375,0,1,0,0,0,30,0,0,0,1,0,5605.617581728912,37631.48284356864,33330.64457446245,0.00033614049845310905,0.0006541508858996237,,
625,19,4846.94384765625,2714.769408,488.984375,25.736019134521484,165.2266845703125,1053.949462890625,0.00013273362128529698,0.0,12752.513671875,0,1,0,0,0,29,0,0,0,1,0,5996.963668093792,56108.807900644984,43805.513949666434,0.0006410063601077244,0.0002884320449150664,1002.8273202012929,1118.4457702797645
626,19,4874.671875,2873.324544,425.7919921875,22.410104751586914,103.7713851928711,606.2174682617188,9.104827768169343e-05,0.0,8056.32470703125,0,1,0,0,0,40,0,0,0,1,0,4244.548602426639,28673.274635222453,26946.279460325775,0.018811567765616946,0.001358242315225737,,2841.2751061863937
627,17,4414.91064453125,2580.277248,903.0126953125,53.11839294433594,143.0830078125,904.8129272460938,0.00014962823479436338,0.0,11537.81640625,0,1,0,0,0,22,0,0,0,1,0,5516.4612977336965,21385.268404895818,16434.186750245128,0.00015716215262442934,0.0018284438359986374,769.5980840704651,2640.974364045064
628,18,4607.70703125,2583.649792,194.7138671875,10.817437171936035,83.10525512695312,543.0504150390625,7.790061499690637e-05,0.0,6188.65185546875,0,1,0,0,0,33,0,0,0,1,0,3133.4689861210695,24651.84230793557,18718.681102732568,0.0029283215241903693,0.015312036865404444,,
629,17,4439.2158203125,2668.897792,888.1650390625,52.24500274658203,97.95025634765625,741.0734252929688,9.773541387403384e-05,0.0,8419.91796875,0,1,0,0,0,27,0,0,0,1,0,3099.5883577098584,18032.71202937671,16254.041463466914,0.0007983560720912167,0.003038636024318822,295.47921275992576,2205.727254418073
630,23,5927.25390625,3248.01536,2335.22265625,101.53142547607422,63.40768051147461,262.8068542480469,4.7097386413952336e-05,0.0,4024.271728515625,0,1,0,0,0,44,0,0,0,1,0,2298.0202816304727,18905.251429433243,12906.719578755034,0.0014833136475071798,0.0041117147781894875,214.50655936550038,2703.345377397036
631,19,4930.04150390625,3372.696064,411.5283203125,21.659385681152344,66.4148941040039,530.816650390625,8.823897951515391e-05,0.0,6088.77685546875,0,1,0,0,0,33,0,0,0,1,0,2879.447840190855,24647.300840151936,15631.447823466518,0.0030732767714302042,0.025290055081199997,,
632,16,4138.39208984375,2656.05888,1489.6376953125,93.10235595703125,173.79307556152344,1047.886962890625,0.00013605417916551232,0.0,11546.4990234375,0,1,0,0,0,29,0,0,0,1,0,8915.467736023746,120820.35283194158,29532.20939866293,0.0005234670448537454,0.0017101113368912513,75.96358702599082,2484.4754259000533
633,17,4358.44970703125,2474.994176,961.921875,56.583641052246094,132.34996032714844,723.73828125,0.00014136424579191953,0.0,8165.04541015625,0,1,0,0,0,28,0,0,0,1,0,3495.447713231305,20892.688307605775,19042.449213547,0.0009033078481959621,0.0008348972545871025,,
634,18,4593.1337890625,2684.63104,189.91015625,10.550564765930176,72.72840118408203,579.0372314453125,8.636048733023927e-05,0.0,7618.3798828125,0,1,0,0,0,31,0,0,0,1,0,3855.040001483918,32441.214244006285,21759.23929043378,0.0049779773880076345,0.0036204032089394017,665.2216823821605,3014.2587036487485
635,25,6412.35205078125,3668.570112,2809.23583984375,112.36943054199219,51.13261795043945,254.6636199951172,4.4015068851877004e-05,0.0,4225.7099609375,0,1,0,0,0,57,0,0,0,1,0,2383.8183696844567,17439.19326669304,12985.131426843458,0.001181537959957804,0.0044287548150599015,,593.9290088901101
636,21,5351.18505859375,3787.675136,1495.7431640625,71.22586822509766,91.29373168945312,506.66961669921875,7.125604315660894e-05,0.0,6682.62548828125,0,1,0,0,0,32,0,0,0,1,0,3271.784089820743,21768.055748824685,20468.23535261133,0.0002266464848149491,0.0020767666097850426,,
637,25,6330.58447265625,3744.16896,3038.193359375,121.5277328491211,58.08155059814453,230.2093505859375,4.5381850213743746e-05,0.0,3984.79296875,0,1,0,0,0,54,0,0,0,1,0,2271.3768301346745,19695.856120286768,14337.290942157035,7.667433034121152e-05,0.00110613769508211,,3153.6711533073276
638,16,4088.49658203125,3129.866752,1733.1650390625,108.32281494140625,125.04143524169922,757.8549194335938,0.00010462948557687923,0.0,8157.55224609375,0,1,0,0,0,24,0,0,0,1,0,3352.6140214225793,16026.665256746675,15773.8757405292,0.0024421045941950097,0.0018250195145152678,960.9984818823629,2449.497760027672
639,19,4851.2265625,2727.545856,417.8095703125,21.98997688293457,67.26038360595703,409.8894348144531,7.322604506043717e-05,0.0,5065.615234375,0,1,0,0,0,30,0,0,0,1,0,2245.6181468424984,26246.524974240972,13805.137293786775,0.0017462120809263737,0.001921128436029644,,
640,19,4850.6083984375,2993.202688,468.7958984375,24.6734676361084,82.78455352783203,470.1150207519531,7.776057464070618e-05,0.0,5982.9638671875,0,1,0,0,0,31,0,0,0,1,0,3394.2652071646608,34338.654135281686,24765.401863509873,0.0016425501792677044,0.001177459223707134,,
641,13,3324.531494140625,2242.687488,4796.8251953125,368.986572265625,264.6391296386719,1556.350341796875,0.00023091526236385107,0.0,17087.302734375,0,1,0,0,0,15,0,0,0,1,0,6250.560091811803,42928.264396976105,40261.16750130571,2.1583524939174092e-05,0.008705283770897632,,
642,18,4575.16455078125,2272.886784,205.986328125,11.443684577941895,113.63865661621094,702.6273803710938,0.00010336778359487653,0.0,7703.8359375,0,1,0,0,0,34,0,0,0,1,0,3791.4538169376033,35643.594705004856,24561.819046649118,0.0038145560497462733,0.0006280144761487624,214.61066973630113,2243.1762833101475
643,19,5010.11669921875,2925.255168,378.857421875,19.939865112304688,75.28858184814453,635.2175903320312,9.737590153235942e-05,0.0,7519.57177734375,0,1,0,0,0,37,0,0,0,1,0,4193.701502342297,34902.54058001705,26308.782551208813,0.0012499131707753158,0.0026375762858422205,489.9124162586718,2965.162325820531
644,21,5351.31787109375,3370.448896,1332.2548828125,63.44070816040039,46.67664337158203,324.35479736328125,5.0931525038322434e-05,0.0,4679.8515625,0,1,0,0,0,38,0,0,0,1,0,2459.7630560123152,24118.051077094493,12309.208452837207,0.0016114787576391176,0.0004464503241548255,415.9820491450819,2721.3799581557273
645,15,3846.322998046875,2793.446912,2257.224609375,150.4816436767578,127.27409362792969,847.0736083984375,0.00011917024676222354,0.0,8476.70703125,0,1,0,0,0,22,0,0,0,1,0,2881.4084176655288,29323.510234620593,16498.42434526517,0.0005006223343670194,0.002985194285673856,830.5936383176231,2582.1898772778354
646,15,3861.76513671875,2155.96544,2676.1630859375,178.410888671875,125.83040618896484,1228.41845703125,0.0001997675426537171,0.0,12359.353515625,0,1,0,0,0,26,0,0,0,1,0,4305.798154668312,33509.530268653645,28400.00332384691,0.00612124442283425,0.005755396312341121,57.982315856999776,2317.7789003600847
647,23,5917.501953125,3188.092928,2121.5966796875,92.24333190917969,38.88291931152344,217.99615478515625,3.9523209125036374e-05,0.0,3335.99658203125,0,1,0,0,0,39,0,0,0,1,0,2151.7485644459184,20257.656834531488,15153.998239902097,6.635118324018613e-05,0.0015013485209877352,883.5544411918349,3233.919407503692
648,12,3138.50048828125,2644.909056,5232.73828125,436.0615234375,178.4188690185547,2390.381103515625,0.00022654805798083544,0.0,21979.75390625,0,1,0,0,0,16,0,0,0,1,0,7326.712318310533,73896.2642729536,37559.23793428491,0.008710301966932683,0.0006502017434888586,,
649,14,3645.54931640625,1796.245504,3781.17578125,270.083984375,141.47454833984375,1393.0679931640625,0.00020388302800711244,0.0,13236.8154296875,0,1,0,0,0,21,0,0,0,1,0,5647.312039881434,38935.347960940206,35500.50310223635,0.00202167379604222,0.008812085791036553,,
650,20,5213.7490234375,2622.426112,901.7392578125,45.08696365356445,98.12818145751953,468.8456115722656,9.05435299500823e-05,0.0,5848.50048828125,0,1,0,0,0,34,0,0,0,1,0,2928.9546353545106,46307.59022065142,13315.969657975256,0.00017070939987800376,0.0015844998160647848,734.7832540754907,2917.1908251130217
651,24,6141.92333984375,3417.042944,2595.787109375,108.15779876708984,66.22599029541016,354.8267822265625,4.680345955421217e-05,0.0,5766.251953125,1,0,1,0,0,53,0,0,0,1,0,3422.6208617479856,28245.77427560173,27273.847439806912,0.0006791940188337064,0.001879455324516277,,3074.967459654181
652,13,3377.349609375,2529.775616,3749.3759765625,288.4135437011719,150.1534423828125,1496.6788330078125,0.00021021372231189162,0.0,13639.8671875,0,1,0,0,0,17,0,0,0,1,0,7340.799795394988,62606.27836507868,33090.28026792584,0.00017245149429787033,0.004591298191337467,1237.7643738711054,467.27112587950387
653,14,3623.32177734375,1791.395328,4151.80078125,296.5572204589844,206.91082763671875,2692.53173828125,0.0004074149182997644,0.0,24299.82421875,0,1,0,0,0,23,0,0,0,1,0,11114.532047894858,81997.7873154257,63433.15436842512,0.0019958763318450243,0.005249522731691724,,
654,16,4124.0771484375,2155.006976,1513.5595703125,94.59747314453125,96.8934555053711,653.9857788085938,0.00011529432231327519,0.0,6788.798828125,0,1,0,0,0,25,0,0,0,1,0,3179.1000923576607,25952.076569920704,17790.59122951257,0.006367811856113542,0.0016957848621189063,766.4977084047789,1341.7239184781358
655,25,6396.13916015625,3484.59008,2794.96240234375,111.79849243164062,54.448726654052734,274.5474548339844,4.250132406014018e-05,0.0,4700.16845703125,1,0,1,0,0,52,0,0,0,1,0,2816.995983485276,29175.405363703936,17118.589838905187,0.0005157684295958066,0.0013160271154391695,787.7422224408551,2564.949789060267
656,18,4626.60400390625,3487.7824,201.6611328125,11.203396797180176,127.30360412597656,675.8097534179688,0.00012674179743044078,0.0,7726.29638671875,0,1,0,0,0,34,0,0,0,1,0,3774.2809761139356,34761.74284696571,23188.271989354285,0.011975904311187384,0.001744452426681776,843.080210732764,3324.984975556099
657,20,5124.63134765625,3145.988096,903.212890625,45.16064453125,84.50581359863281,441.1980285644531,6.1020175053272396e-05,0.0,5508.7421875,0,1,0,0,0,34,0,0,0,1,0,3098.1307810569033,32954.06531852121,21259.072592300374,0.0025327803434600643,0.0017749059681858304,,
658,22,5585.84765625,3624.864768,1647.0146484375,74.86430358886719,43.36384582519531,318.56414794921875,5.5812608479755e-05,0.0,4735.58251953125,0,1,0,0,0,39,0,0,0,1,0,2755.675156824308,18170.695173806802,17944.935100105624,0.00015445975757982788,0.001468136486061547,842.9744713309992,2555.5662440326505
659,18,4564.5419921875,3201.41056,204.46484375,11.359158515930176,70.50617980957031,672.9069213867188,0.00010571550228632987,0.0,8027.13037109375,0,1,0,0,0,32,0,0,0,1,0,3459.8172304806526,26097.688805295656,17431.313394818466,0.0016813521705435139,0.0007892766430747308,105.98154694507593,2227.0719911571728
660,20,5074.8193359375,3120.720896,937.9658203125,46.898292541503906,70.8611831665039,472.9510498046875,6.519625458167866e-05,0.0,5860.173828125,0,1,0,0,0,36,0,0,0,1,0,3319.343480877907,22737.580813426688,22091.451090554925,0.0010810058349099722,0.004749925257491405,,
661,19,4826.48291015625,3171.485696,365.646484375,19.244552612304688,68.12885284423828,415.2721862792969,7.38359522074461e-05,0.0,5253.47265625,0,1,0,0,0,33,0,0,0,1,0,3271.485083024054,27071.929579153388,25401.606297838814,0.0016997170875865733,0.000977416441239748,555.423422390249,1814.6589509622495
662,21,5315.7900390625,3267.27424,1342.58984375,63.9328498840332,51.775272369384766,321.94085693359375,4.743180761579424e-05,0.0,4814.15283203125,0,1,0,0,0,36,0,0,0,1,0,2509.1462574155858,16465.81036509558,16111.795176269732,0.0013905202116114403,0.0016114510749442174,1348.4192733082307,1027.3496018123844
663,18,4570.11279296875,3097.6,232.8935546875,12.938530921936035,122.54955291748047,775.96337890625,0.00014143637963570654,0.0,8637.384765625,0,1,0,0,0,30,0,0,0,1,0,4329.6975519145535,36050.17069178418,18626.311234736524,0.009359659999434472,0.0006294775352057233,,
664,19,4825.08056640625,2739.20512,389.06640625,20.4771785736084,103.01738739013672,547.8905639648438,8.364102541236207e-05,0.0,6980.6875,0,1,0,0,0,37,0,0,0,1,0,4458.287751152925,39268.56626980528,33698.1104193914,0.0009809737327033802,0.00022847693042930134,1111.8507778315045,1644.5873209404976
665,20,5085.76904296875,2952.014848,829.2978515625,41.46489334106445,64.74432373046875,400.9826965332031,6.562199996551499e-05,0.0,4949.35107421875,0,1,0,0,0,37,0,0,0,1,0,2972.9796205845614,27768.02324713938,26092.172434682103,9.60336405136427e-05,0.0002863924716973096,,
666,20,5107.43408203125,3025.33632,1018.912109375,50.94560623168945,118.74208068847656,628.5362548828125,0.00010910800483543426,0.0,8256.2578125,0,1,0,0,0,38,0,0,0,1,0,4498.843550035032,58774.50547447016,23637.889835029695,0.0018925372180866053,0.00024676128624806504,222.14148806839648,2708.2100836424793
667,23,5904.0986328125,3438.188032,2121.232421875,92.22750091552734,43.9853515625,281.39715576171875,4.782081668963656e-05,0.0,4352.40869140625,1,0,1,0,0,49,0,0,0,1,0,2396.5081787714516,22887.113150401317,12194.436014466388,0.0004976277094025788,0.0017092162683888523,,
668,21,5434.57275390625,3699.162112,1484.703125,70.70014953613281,62.29070281982422,328.36968994140625,5.271402551443316e-05,0.0,4281.15380859375,0,1,0,0,0,38,0,0,0,1,0,2804.4100174613127,20315.67700169125,19416.3644808865,0.001354412126055582,0.006278237053822244,,
669,20,5109.93017578125,3429.260288,880.279296875,44.01396560668945,86.05831909179688,388.0159606933594,7.118534995242953e-05,0.0,5058.66796875,0,1,0,0,0,40,0,0,0,1,0,2513.3163334889773,29790.125429556432,15009.032942191296,0.002747464749082426,0.011186957096351563,,
670,21,5355.9541015625,3414.966784,1324.2373046875,63.058921813964844,44.63045883178711,300.30340576171875,5.7181176089216024e-05,0.0,3872.470947265625,0,1,0,0,0,37,0,0,0,1,0,2177.855351367109,18268.107783520427,16381.296861095254,0.000789184891399286,0.0007888555080136292,117.94786603271314,2251.352020493205
671,13,3317.15185546875,2477.758976,4247.296875,326.71514892578125,222.37234497070312,2516.41064453125,0.0003493507974781096,0.0,19691.111328125,0,1,0,0,0,17,0,0,0,1,0,6075.040234477527,37935.517720563774,30324.675931631024,0.0012674931559206806,0.0043879115009301806,,
672,18,4629.62060546875,2269.9648,190.90625,10.605902671813965,125.27275085449219,664.4108276367188,0.00012280838564038277,0.0,7566.51318359375,0,1,0,0,0,32,0,0,0,1,0,3729.4209730248963,39635.60911889615,20607.726045333147,0.0005151592191442352,0.004016329962106907,,
673,18,4617.30419921875,2732.284928,208.6259765625,11.59033203125,80.40180206298828,752.2003784179688,0.000109538683318533,0.0,9844.6826171875,0,1,0,0,0,30,0,0,0,1,0,4129.094514493732,30910.325266308006,23289.743599764734,0.00011045107785729452,0.0012536945565279505,815.0356542760926,1512.233585077776
674,20,5069.86474609375,3118.735872,914.087890625,45.70439529418945,44.30839157104492,291.9049987792969,5.067104211775586e-05,0.0,3692.439453125,0,1,0,0,0,32,0,0,0,1,0,1994.4997374454977,17776.979655355663,14462.90122700612,0.0028009117851696616,0.009089449731203632,307.1092265837383,2506.0239934007727
675,20,5077.5693359375,3270.339584,945.7314453125,47.28657150268555,67.55501556396484,384.1684265136719,7.831786933820695e-05,0.0,5040.06494140625,0,1,0,0,0,36,0,0,0,1,0,2775.3870957979525,23334.434303126076,14404.780560986932,0.0018657507467582657,0.0024028741495697656,,
676,18,4568.90869140625,2918.099456,192.2744140625,10.681912422180176,75.81140899658203,613.3099975585938,9.153285645879805e-05,0.0,7081.28076171875,0,1,0,0,0,28,0,0,0,1,0,3791.771493673715,38101.239782442535,36951.65307970857,8.973228509572342e-05,0.0007091846344170066,1553.1601172026576,3495.6782349471505
677,21,5333.76611328125,3228.539392,1339.7412109375,63.797203063964844,51.440284729003906,284.4041442871094,4.643069041776471e-05,0.0,3813.9873046875,0,1,0,0,0,33,0,0,0,1,0,2116.2180323923653,21246.52528316502,18779.105861272186,0.0032568028528110887,0.0014631954088476645,36.10251165814543,2109.0902685469346
678,23,5847.15380859375,3935.168,1937.52392578125,84.24017333984375,39.15123748779297,191.20361328125,4.360723323770799e-05,0.0,2669.724853515625,0,1,0,0,0,40,0,0,0,1,0,1563.056727466252,13954.507496903767,13212.299605953238,0.005622470526555755,0.009718379396701308,619.7005311379705,2297.1598904358493
679,21,5342.59814453125,3687.776768,1455.64453125,69.31640625,61.549903869628906,351.2704772949219,6.432449299609289e-05,0.0,4561.6259765625,0,1,0,0,0,37,0,0,0,1,0,2026.928950229865,13467.952634864949,11420.212764565655,0.0014027855410401746,0.0009186775681966214,302.07109916470836,2054.007336434956
680,22,5575.9189453125,3330.481664,1830.478515625,83.20357513427734,62.38155746459961,302.5189514160156,4.8489553591934964e-05,0.0,4151.98095703125,0,1,0,0,0,39,0,0,0,1,0,2286.192261595152,26421.97941723928,14843.053782338256,6.635162733079764e-05,0.008063100031225963,347.3244470154109,1948.9783137314648
681,20,5083.9736328125,3319.695872,915.552734375,45.77763748168945,70.38720703125,391.87054443359375,6.873836537124589e-05,0.0,4780.587890625,0,1,0,0,0,35,0,0,0,1,0,2484.441537124132,28463.128755525016,22861.937678000366,0.006899381261865987,0.0028657448333005847,,
682,17,4348.18359375,2845.565952,819.0341796875,48.17848205566406,78.51580810546875,735.5050659179688,0.00010140514496015385,0.0,8660.4228515625,0,1,0,0,0,28,0,0,0,1,0,3735.8965498444145,25548.118176312917,22854.951877152787,0.004453156044575218,0.010688956764056096,,
683,18,4646.958984375,2628.34176,186.2978515625,10.349881172180176,107.15229034423828,622.1763305664062,9.919972944771871e-05,0.0,7115.697265625,0,1,0,0,0,27,0,0,0,1,0,3733.3914076393025,31765.602158891073,21005.24709200283,0.001964854371565742,0.001155295272221954,1285.2827255191964,3216.630563208369
684,20,5199.50390625,2900.7616,970.2978515625,48.514892578125,87.4866943359375,460.2971496582031,7.902793004177511e-05,0.0,5658.8583984375,0,1,0,0,0,34,0,0,0,1,0,3385.5880892406353,27794.55822054228,26215.420129668186,0.003241132761653942,0.001039970250672262,351.5760568441101,2024.6706169792983
685,21,5379.73974609375,3298.499584,1451.7373046875,69.1303482055664,59.36107635498047,285.95074462890625,4.850052937399596e-05,0.0,3690.679443359375,0,1,0,0,0,38,0,0,0,1,0,2437.3938407122805,24465.772382314142,21164.065040219426,0.0034681898664208205,0.0013354718495377227,112.94331436856328,2504.336956040037
686,20,5083.5380859375,3366.95808,890.4560546875,44.522804260253906,125.2731704711914,555.2296752929688,9.205844980897382e-05,0.0,6766.03369140625,0,1,0,0,0,33,0,0,0,1,0,3709.357483492405,49071.08565161227,27143.158472571635,0.0003642153450442165,0.0024451314979694857,81.59060659287707,2429.1946351109336
687,20,5086.9833984375,3261.773312,926.9326171875,46.34663009643555,74.60157775878906,524.2233276367188,8.54797035572119e-05,0.0,6679.75048828125,0,1,0,0,0,37,0,0,0,1,0,4298.759147036816,34653.51899253244,31237.150195608043,0.0008342491539510832,0.002527747539426528,950.7624699153284,3416.4311863411913
688,18,4571.515625,3063.619584,217.5654296875,12.086968421936035,91.10941314697266,571.165283203125,0.00011749240366043523,0.0,6399.9775390625,0,1,0,0,0,30,0,0,0,1,0,3247.402166561095,36107.69562184961,10063.806145629875,0.0019501983141653884,0.0044110886403600225,,
689,21,5330.4833984375,3218.052608,1465.1171875,69.76748657226562,52.98647689819336,378.17315673828125,6.783859134884551e-05,0.0,5250.37060546875,0,1,0,0,0,32,0,0,0,1,0,2573.633020504024,16924.15062591159,12141.980939238794,0.011990276460064883,0.003772601304355798,584.1730876133079,1307.8579600979447
690,19,4833.38720703125,3164.24704,425.2919921875,22.3837890625,105.31367492675781,514.4675903320312,8.766230166656896e-05,0.0,5896.587890625,0,1,0,0,0,29,0,0,0,1,0,2947.0638078117117,37042.915406036365,12403.061316043448,0.012459132786850902,0.00208142581204053,,
691,17,4335.9453125,2713.158656,855.3505859375,50.31473922729492,138.9549102783203,1038.035888671875,0.00012700477964244783,0.0,11183.6904296875,0,1,0,0,0,30,0,0,0,1,0,4962.561545453767,79917.02242340143,16547.175496551623,0.00022561246860378775,0.001862153315853543,,
692,20,5072.771484375,2983.412736,936.3505859375,46.81753158569336,71.5710678100586,356.8122253417969,6.510953971883282e-05,0.0,4478.1416015625,0,1,0,0,0,29,0,0,0,1,0,2459.284682672174,23111.735818299043,14539.639307571357,0.0006794491459549273,0.022097774719034062,,
693,20,5072.7822265625,3205.703168,973.1201171875,48.656005859375,80.91382598876953,640.4750366210938,8.92179596121423e-05,0.0,8111.59033203125,0,1,0,0,0,34,0,0,0,1,0,3834.3813508874864,26243.453409770682,21611.77312760575,9.945253475234297e-05,0.004871454222758673,871.8417380437445,3148.627635908922
694,19,4834.89208984375,3022.858752,385.978515625,20.314659118652344,62.83060073852539,412.54986572265625,6.454253889387473e-05,0.0,6052.5126953125,0,1,0,0,0,33,0,0,0,1,0,2943.8173206148094,32572.107910386672,26945.199250982594,0.0012241010772763346,0.0012103076261618766,30.209754311360484,2247.6242017610857
695,16,4079.05712890625,2420.347904,1550.4775390625,96.90484619140625,136.81121826171875,1038.55908203125,0.00015946519852150232,0.0,9533.560546875,0,1,0,0,0,21,0,0,0,1,0,4619.946489176438,61497.25417861974,34584.0951704444,0.000334417653104116,0.0015220689652286762,1452.1378670040567,324.80600602881566
696,19,4855.62939453125,2607.366144,299.0107421875,15.737407684326172,35.82670211791992,338.3139343261719,5.589472857536748e-05,0.0,4209.55859375,0,1,0,0,0,30,0,0,0,1,0,2521.989637312381,17410.096192189085,16106.782627498269,0.0008330725882696177,0.0001447262156097362,972.0993395445767,3241.578309066081
697,14,3603.78076171875,2369.446912,3612.5322265625,258.03802490234375,112.81982421875,1313.1822509765625,0.00020683744514826685,0.0,11845.2958984375,0,1,0,0,0,19,0,0,0,1,0,6022.072571789819,53938.41132915069,34494.882122950774,0.0018550031521271104,0.0021294647242224105,1368.3582315194196,2946.1464777069104
698,23,5871.3212890625,2699.23328,2331.419921875,101.3660888671875,67.75703430175781,454.3798828125,7.9620789620094e-05,0.0,7128.52587890625,0,1,0,0,0,45,0,0,0,1,0,4468.984348899169,34016.662504879714,31037.11759310428,0.0001299154767024904,0.0015473134216695585,1064.6781646917004,2426.3608748385136
699,17,4348.923828125,2945.1392,694.60546875,40.85914611816406,68.3908462524414,481.7607116699219,7.899868069216609e-05,0.0,5096.4443359375,0,1,0,0,0,30,0,0,0,1,0,2397.7481208844724,25419.981095033174,11887.645064626156,0.009259644315012847,0.0054606770618554346,507.62174119152724,1825.8337233779785
700,19,4846.83642578125,2883.55072,384.9208984375,20.258995056152344,58.00728988647461,250.0400848388672,5.43327878403943e-05,0.0,3101.68798828125,0,1,0,0,0,32,0,0,0,1,0,1317.7067701525589,10148.13644670469,9204.121564889292,0.029437758504810563,0.010954650659345682,168.02112754174186,2290.8110220377466
701,17,4346.16064453125,2838.856192,937.091796875,55.123046875,176.7423858642578,743.4005126953125,0.00014442886458709836,0.0,7878.44775390625,0,1,0,0,0,28,0,0,0,1,0,3606.056158170781,22054.37613018267,18548.60168962759,0.003176995249625442,0.00394921059041858,201.62719449003362,2431.4383349922864
702,20,5090.44287109375,3023.212544,929.0712890625,46.45356369018555,86.10189056396484,424.9603576660156,6.30807553534396e-05,0.0,5653.0263671875,0,1,0,0,0,36,0,0,0,1,0,3406.0778940285536,40777.5468391225,27172.07647168534,0.0016052909000218024,0.0044895342379918796,323.30764954317783,2077.847595915778
703,16,4083.674072265625,2739.322368,1777.5205078125,111.09503173828125,105.20042419433594,1263.2772216796875,0.00019730906933546066,0.0,13530.865234375,0,1,0,0,0,24,0,0,0,1,0,7945.0934912582925,48764.81639071422,47671.28636207043,0.0028442663425434847,1.8448765378436746e-05,,
704,20,5107.6708984375,2651.705344,916.3828125,45.81914138793945,88.2743911743164,460.96807861328125,8.609937503933907e-05,0.0,5995.78759765625,0,1,0,0,0,34,0,0,0,1,0,3071.155003886812,25662.975399382434,16427.0170081469,0.0021029805204759444,0.001683184279424526,,
705,21,5371.00439453125,3139.514368,1426.3330078125,67.92062377929688,62.949073791503906,360.86572265625,6.799511902499944e-05,0.0,4116.4375,0,1,0,0,0,33,0,0,0,1,0,2267.749597254055,10413.782408004647,8681.798874326476,0.004065730377313205,0.0001407302684702308,1335.6876928654428,3440.165643824341
706,19,4928.4375,3020.120064,400.7421875,21.091693878173828,59.106380462646484,385.6121826171875,6.74099283060059e-05,0.0,5492.49169921875,0,1,0,0,0,35,0,0,0,1,0,2503.689140700476,18158.56134031579,11011.195580138912,0.0005900240207801499,0.0012492999613903655,297.58358439958147,2796.790364436254
707,19,4882.861328125,2950.899712,369.2353515625,19.433439254760742,56.31974411010742,345.0232238769531,6.155011215014383e-05,0.0,4380.30029296875,0,1,0,0,0,32,0,0,0,1,0,2172.6624294094936,21722.000363931325,9607.21273945349,0.004747086155664498,0.0017731773363568078,604.8588389015431,2743.8264743524187
708,18,4596.38818359375,2976.795648,186.22265625,10.345703125,63.1646614074707,469.1642761230469,6.760262476745993e-05,0.0,5563.51220703125,0,1,0,0,0,29,0,0,0,1,0,3253.2330412801425,29115.08315235874,15062.620991027083,0.000623888623617376,0.003636461507854488,787.7773499467662,1260.9411938957987
709,17,4343.30615234375,2725.494272,917.6865234375,53.98155975341797,87.67373657226562,648.7473754882812,0.00011198819265700877,0.0,7199.5654296875,0,1,0,0,0,25,0,0,0,1,0,3298.7625049855774,35129.43775820463,19548.327280201487,0.00011375386398407294,0.0036656751521872873,697.96819557358,2618.853509880881
710,16,4125.419921875,2450.402816,1690.021484375,105.6263427734375,77.95832061767578,805.8109741210938,0.00011616042320383713,0.0,8801.78125,0,1,0,0,0,24,0,0,0,1,0,2919.2217668638978,16321.796922868407,15403.412601282787,0.004443161167275521,0.002062548543962331,1221.8525736687666,3181.4267019278436
711,17,4363.416015625,2357.287424,1003.791015625,59.046531677246094,161.5727081298828,1472.1123046875,0.00028052489506080747,0.0,14584.044921875,1,0,1,0,0,26,0,0,0,1,0,7510.535609867243,63759.33614472933,54712.5593298026,0.017221260247053782,0.0060303482527632735,991.7471052033109,2978.374635677309
712,23,5888.3173828125,3304.738304,2307.4111328125,100.32222747802734,59.22663497924805,275.99072265625,6.0618738643825054e-05,0.0,4202.00439453125,0,1,0,0,0,42,0,0,0,1,0,2624.7599635261217,19782.789251424805,17595.432654680655,0.000886912239455835,0.00290233856895869,,
713,15,3898.554931640625,2959.389696,2696.470703125,179.7647247314453,118.0881576538086,863.3484497070312,0.00012289280130062252,0.0,10030.1845703125,0,1,0,0,0,21,0,0,0,1,0,4584.817913155768,36215.16314650602,20591.98258624341,3.852164262636219e-05,0.012142746179933994,1373.5905472301608,3128.8786500999818
714,11,2876.866943359375,1729.796608,8181.220703125,743.7473754882812,432.78570556640625,5581.080078125,0.0007093529566191137,0.0,51971.6875,0,1,0,0,0,14,0,0,0,1,0,19771.232069113532,196282.82757360797,172772.99866080887,0.007929314787209825,5.71768598441498e-05,431.75210563348037,2037.4289792389986
715,15,3873.58837890625,1749.58592,2475.0546875,165.00364685058594,135.18263244628906,1162.671142578125,0.00017034080519806594,0.0,12813.6298828125,0,1,0,0,0,24,0,0,0,1,0,5167.726474317129,37033.297719957285,31399.366382959543,0.0017444774078392324,0.0018507878630375195,118.22725961449214,2480.2466452482313
716,17,4432.970703125,2306.633728,858.7001953125,50.511775970458984,137.5665283203125,895.398681640625,0.00013220892287790775,0.0,9517.921875,0,1,0,0,0,34,0,0,0,1,0,4969.095516347146,41269.64664155669,39540.25088546501,0.012068236629729043,5.673417575732288e-05,1334.9271718916436,1175.9076338360298
717,25,6487.9462890625,3310.437888,2537.8037109375,101.51214599609375,28.490814208984375,267.9848327636719,4.618268212652765e-05,0.0,4430.10009765625,1,0,1,0,0,50,0,0,0,1,0,2602.8485644601196,20895.756830810667,18612.778514693488,0.0034986498133182664,0.0008930795612886976,384.45411501666786,2916.282189716
718,19,4877.38916015625,3367.312384,426.587890625,22.451993942260742,97.20307922363281,604.1124267578125,0.00010379074228694662,0.0,7054.9580078125,0,1,0,0,0,35,0,0,0,1,0,3730.4336883878373,35912.96018117938,24945.9992152128,0.0005008372770725408,0.029276986010792053,528.6826128480798,1953.8836392591706
719,19,4839.353515625,2860.453376,398.1513671875,20.95533561706543,118.36620330810547,533.9441528320312,9.554962889524177e-05,0.0,6325.822265625,0,1,0,0,0,33,0,0,0,1,0,2719.0944994376046,14073.38750583145,10655.709258426541,0.008543323048613397,0.0017005265030880668,687.6235058305961,2216.665167500509
720,25,6354.8154296875,3606.471168,2533.34619140625,101.33384704589844,44.14479446411133,179.44337463378906,3.583723810152151e-05,0.0,2975.465576171875,1,0,1,0,0,52,0,0,0,1,0,1894.7305533082902,13268.911401871548,11109.69764449648,0.0005842078421576715,5.61524755991194e-05,,
721,16,4110.369140625,3111.519232,1689.6015625,105.60009765625,141.8953094482422,988.0360107421875,0.00017259595915675163,0.0,11078.51171875,0,1,0,0,0,28,0,0,0,1,0,5580.279075368213,44078.53258692422,36971.88398937511,0.0010559439476825498,0.0009287259640757949,720.1632915337186,1698.252995882996
722,21,5347.25,2868.89728,1490.0634765625,70.95540618896484,98.25226593017578,470.9159240722656,9.038628923008218e-05,0.0,6391.9130859375,0,1,0,0,0,35,0,0,0,1,0,3313.723881293827,29569.35418697362,24427.99745640284,0.000969863241753216,0.0013176417373088611,,
723,22,5621.1298828125,3530.4704,1823.4697265625,82.8849868774414,58.35504913330078,327.6936340332031,5.411208621808328e-05,0.0,4852.08203125,0,1,0,0,0,42,0,0,0,1,0,3076.0524694454903,24632.610464531324,20133.906652456386,0.0012729085670067364,0.00026445143522564954,546.5469112903284,1941.3652505426235
724,17,4343.22265625,3051.021312,861.6953125,50.68796157836914,72.36505889892578,649.6181030273438,0.00010446240048622712,0.0,7393.5166015625,0,1,0,0,0,25,0,0,0,1,0,3691.174009435213,28557.506275469514,20661.670438454443,0.0029858269677397083,6.581394503363258e-05,700.5070181560006,1300.6549279900876
725,15,3849.258056640625,2329.491456,2590.1220703125,172.67481994628906,95.94763946533203,1484.8214111328125,0.00021140722674317658,0.0,13793.3212890625,0,1,0,0,0,25,0,0,0,1,0,5617.379625346278,43043.23954600831,31698.61862827104,0.0002979691646010363,0.00023024056141093124,211.01656045650816,2419.1259171643032
726,19,4845.72802734375,2284.204544,450.6279296875,23.717260360717773,143.97808837890625,767.6138916015625,0.0001083477764041163,0.0,11032.2333984375,0,1,0,0,0,38,0,0,0,1,0,6195.711858987039,42078.3369474067,38250.69505614643,0.00021942769101257475,8.898244180033377e-05,186.77699950205124,2351.4701743059427
727,23,6060.6640625,3334.41792,2156.9775390625,93.78163146972656,38.07362365722656,225.0557403564453,4.352249743533321e-05,0.0,3400.25,0,1,0,0,0,49,0,0,0,1,0,1982.215347257914,17380.267786605506,16601.346687162364,0.0033604516019713378,0.0009891274108193102,,2078.4981052546973
728,18,4970.86767578125,3178.249216,204.82421875,11.37912368774414,125.85030364990234,998.073486328125,0.00013726956967730075,0.0,11542.251953125,1,0,1,0,0,32,0,0,0,1,0,5320.104251162567,43721.41164166236,30566.83559517633,0.0022216453091651253,0.0015832864699355242,,
729,18,4661.85400390625,2531.997184,183.771484375,10.209527015686035,105.22102355957031,655.7589721679688,0.00010186435974901542,0.0,7884.6611328125,0,1,0,0,0,32,0,0,0,1,0,3710.308617605306,39407.379666776294,23401.678821342204,0.0025919442970800018,0.0041089739756371285,,
730,13,3362.982421875,1978.278912,3870.8984375,297.7614440917969,157.49147033691406,1464.6031494140625,0.00019623174739535898,0.0,16953.763671875,0,1,0,0,0,22,0,0,0,1,0,7129.664043703588,63179.298726202825,41718.55108507372,9.172389729893843e-05,2.7924383140670583e-06,1468.843331760208,949.4716673481867
731,16,4122.86767578125,2017.087488,1915.0185546875,119.68865966796875,95.29084777832031,939.6970825195312,0.00013972290616948158,0.0,10410.8056640625,0,1,0,0,0,22,0,0,0,1,0,5003.3197200457935,35412.12272775603,29111.990099794042,0.0032552940732682965,0.0073734378655805,,
732,17,4345.00634765625,2409.303552,881.03515625,51.82559585571289,69.533935546875,821.0958251953125,0.00012014368985546753,0.0,8419.9375,0,1,0,0,0,24,0,0,0,1,0,2927.5625557308013,17550.12921244486,11690.321999784954,0.0018604445893986021,0.002850627955155373,1531.5587719337823,3255.4632282410644
733,18,4588.83154296875,2526.056448,176.349609375,9.797200202941895,119.64881896972656,947.0692749023438,0.0001424504880560562,0.0,10726.4677734375,0,1,0,0,0,34,0,0,0,1,0,5756.545144979474,39126.616827493446,35405.29475426658,0.00499930373939745,0.00478185500834797,509.4613060478655,3007.5226088386817
734,15,3848.515869140625,2293.316096,2701.970703125,180.1313934326172,124.62291717529297,772.5379638671875,0.00011994267697446048,0.0,8920.34375,0,1,0,0,0,24,0,0,0,1,0,3723.560299009528,36058.45318385425,15453.689032960681,0.0002972979133822693,0.004940161026461207,703.8341733504175,2474.500126262458
735,18,4605.93359375,2468.18048,204.4658203125,11.359211921691895,76.85206604003906,606.08447265625,0.00010865736840059981,0.0,7238.09765625,0,1,0,0,0,31,0,0,0,1,0,2572.1604757583136,16756.568169853956,14651.544048571926,0.0014144357154746677,0.008151555684579048,,
736,15,3907.630859375,2394.957312,2471.87109375,164.79141235351562,134.06932067871094,965.4392700195312,0.0001837617310229689,0.0,8962.5625,0,1,0,0,0,27,0,0,0,1,0,3514.814946929335,23487.249513260966,21675.864941710057,7.258979201199176e-05,3.994124281625575e-05,1327.112359861026,1177.731160742857
737,23,5960.494140625,3201.079296,2142.0498046875,93.13259887695312,44.696128845214844,292.3610534667969,6.394626689143479e-05,0.0,4340.3017578125,0,1,0,0,0,43,0,0,0,1,0,1925.1823023084223,8877.2259569283,8274.253829887162,0.00281583044863885,0.011205987381117749,2346.212225315833,150.9960023931278
738,21,5473.8701171875,3717.135872,1353.9931640625,64.47586822509766,39.280479431152344,241.45236206054688,3.873513560392894e-05,0.0,3671.887939453125,0,1,0,0,0,36,0,0,0,1,0,1901.071144229052,8901.375675887839,7072.836714553539,0.0004931508587759786,0.0019779869730717245,525.5930137266946,2532.9783384852485
739,20,5146.3486328125,3370.505728,1004.0146484375,50.20073318481445,56.863258361816406,349.41876220703125,6.201695941854268e-05,0.0,4323.47314453125,0,1,0,0,0,36,0,0,0,1,0,2295.299783429285,27826.092510413415,20138.416345096273,0.0030006675720297762,0.0019670217063286616,,
740,19,4879.93798828125,3141.124608,407.482421875,21.446443557739258,90.155517578125,580.0548706054688,7.885896047810093e-05,0.0,7046.44189453125,0,1,0,0,0,34,0,0,0,1,0,3120.0865140609258,27299.86322279258,16615.25061513486,0.00038979861636372765,0.0013396743716140302,,
741,23,5890.67138671875,3559.361024,2121.6220703125,92.24443817138672,39.54568099975586,242.8657989501953,4.968297071172856e-05,0.0,3603.102783203125,0,1,0,0,0,45,0,0,0,1,0,2023.922487011358,15217.689306060105,12734.524109137541,0.002990103440817349,0.001329446741323695,673.9860724213947,2687.842276465606
742,16,4098.08935546875,3082.021888,1721.4873046875,107.59295654296875,141.89370727539062,1338.0118408203125,0.00017466602730564773,0.0,13854.52734375,0,1,0,0,0,25,0,0,0,1,0,5768.453525665061,38935.61978500287,33488.56904621705,0.006029187198749508,0.0016337322914585367,1193.4441690109816,1916.9769949388324
743,22,5622.02587890625,2825.687552,2002.08984375,91.00408935546875,84.92520904541016,451.59161376953125,6.72563910484314e-05,0.0,6986.08203125,0,1,0,0,0,41,0,0,0,1,0,3822.7749010692132,33918.64062304357,33397.30361552325,0.003520605037211945,0.0010698002008832884,,
744,24,6126.5126953125,3663.774208,2577.1787109375,107.3824462890625,63.45293045043945,289.2901611328125,5.746520037064329e-05,0.0,4625.33837890625,0,1,0,0,0,50,0,0,0,1,0,3072.2504746907466,28003.572358072186,22805.35847265876,0.002189624874926829,0.0011470007187097155,,
745,25,6541.998046875,3983.906816,3089.2548828125,123.5701904296875,48.49530029296875,266.2314147949219,4.574402191792615e-05,0.0,4733.12744140625,1,0,1,0,0,53,0,0,0,1,0,2710.078274308535,21520.27666326154,13850.209997622484,0.0009103026652047957,0.0009692817825186217,,2256.8346678562193
746,21,5553.00927734375,3624.809472,1486.0166015625,70.7626953125,82.10945892333984,462.96173095703125,9.908617357723415e-05,0.0,6178.85302734375,0,1,0,0,0,37,0,0,0,1,0,2632.614085752777,15679.473336355692,14444.251717969688,0.00037541813277974095,0.0037839574038617436,619.5806604544628,2924.535807896514
747,17,4436.97265625,2765.67808,859.8076171875,50.57691955566406,105.84441375732422,923.8973388671875,0.00012804918515030295,0.0,10435.8017578125,0,1,0,0,0,21,0,0,0,1,0,4486.2250300582145,37258.39285765121,30315.406521283487,0.0028520262530713977,0.0027032388886559632,1286.768666874968,3044.2995336647327
748,19,4907.0615234375,2731.876864,387.53515625,20.396587371826172,109.43914031982422,564.5994873046875,9.106536890612915e-05,0.0,6524.94873046875,0,1,0,0,0,34,0,0,0,1,0,3289.237329638998,29577.098975033394,14579.170748232222,0.003948097540249829,0.009294679036564446,,
749,19,4903.65869140625,3017.03936,400.6572265625,21.087223052978516,86.38279724121094,627.8649291992188,0.00010334964463254437,0.0,7785.40283203125,0,1,0,0,0,36,0,0,0,1,0,4585.24242989842,34499.34895710123,32735.228570609983,0.000483425975596332,0.005585375054635813,759.7614907339421,3269.1653973917696
750,15,3887.143310546875,2561.453056,2372.681640625,158.1787872314453,70.61677551269531,614.7883911132812,8.815895125735551e-05,0.0,5710.2607421875,0,1,0,0,0,26,0,0,0,1,0,2655.7957114229384,29604.169637703882,11015.784914057958,0.001416677333279423,0.023292640048814685,,
751,23,5968.02783203125,3041.88416,2125.671875,92.42051696777344,48.2777214050293,272.1413269042969,4.4878201151732355e-05,0.0,4237.61669921875,0,1,0,0,0,45,0,0,0,1,0,3036.8663125051085,22498.250903071115,21016.172446448225,0.004250852225844849,0.0011092438763235998,1260.1209602828676,1974.5685393461517
752,16,4190.1455078125,2829.915648,1567.7216796875,97.98260498046875,97.202392578125,898.7071533203125,0.00010517481860006228,0.0,10030.208984375,0,1,0,0,0,31,0,0,0,1,0,5492.951833615428,44176.88896263534,36058.85534187036,0.007373488648732926,0.0002976669036656443,551.5492582827651,3061.409368129869
753,23,5910.7392578125,3148.539392,2148.6494140625,93.41954040527344,36.05123519897461,186.28009033203125,4.109499423066154e-05,0.0,2803.43408203125,0,1,0,0,0,42,0,0,0,1,0,1455.0570114936509,8854.518464805758,6672.664582230776,0.0020876863918797076,0.0003393819689758021,198.33993371350152,2202.40293679869
754,18,4617.05908203125,3208.971776,204.12109375,11.34006118774414,79.9197769165039,442.5167541503906,8.959823026088998e-05,0.0,5792.67138671875,0,1,0,0,0,31,0,0,0,1,0,2555.064789564388,16078.055393857212,15546.427157453554,0.002427196455257314,0.002434981823196177,766.9700365164498,2154.8362148784954
755,17,4387.5615234375,2672.188416,899.0888671875,52.88758087158203,90.90019226074219,582.453369140625,0.00010388944792794064,0.0,6532.19921875,0,1,0,0,0,26,0,0,0,1,0,2753.6750666711073,30535.633562377876,16161.17213395818,0.0008819569638067026,0.00701947684289525,477.7155900492012,1405.1258337119198
756,17,4350.1318359375,2548.183552,893.013671875,52.530216217041016,189.4579620361328,1282.233154296875,0.00020378449698910117,0.0,14378.1943359375,0,1,0,0,0,26,0,0,0,1,0,6892.674482026692,63105.14179766017,36532.396490379804,0.00116021253999999,0.001458674785387415,,
757,20,5147.03662109375,2905.450496,915.5361328125,45.77680587768555,84.32879638671875,384.95062255859375,6.984084757277742e-05,0.0,5013.1865234375,0,1,0,0,0,35,0,0,0,1,0,2632.1058218774247,23696.69081513659,21905.220780808457,0.003943439042790597,0.0026468717852171225,,
758,17,4379.693359375,2935.054848,951.05859375,55.94462203979492,75.83383178710938,718.4880981445312,0.00010370172094553709,0.0,7356.31103515625,0,1,0,0,0,29,0,0,0,1,0,3054.16963351892,27214.7624126027,14699.261287976231,0.005389616563431912,0.0032246147918091883,927.2262520671704,1215.4424947449418
759,20,5122.27294921875,3002.947072,943.427734375,47.17138671875,87.54620361328125,439.8877868652344,8.44711612444371e-05,0.0,5601.68359375,0,1,0,0,0,34,0,0,0,1,0,2612.7036627545353,27518.465494034845,23363.23929163894,0.00310589246110958,0.0006867837960303491,,
760,20,5118.5283203125,3260.834816,908.486328125,45.42431640625,99.29067993164062,543.9584350585938,8.416030323132873e-05,0.0,7025.90869140625,0,1,0,0,0,39,0,0,0,1,0,4057.1685487001473,28054.458551003907,26099.443255199956,0.011836641015513058,0.0012950071309412309,,
761,23,5877.55224609375,3546.415104,2114.3916015625,91.93006896972656,47.44086456298828,241.69728088378906,4.254608211340383e-05,0.0,3768.990966796875,0,1,0,0,0,42,0,0,0,1,0,2086.9254504246155,12176.672154521544,8454.739765184722,0.0026140233790461626,0.0002045861587289012,,
762,17,4366.13330078125,3073.90976,870.365234375,51.19795608520508,102.002685546875,667.8729858398438,0.00010457732423674315,0.0,7840.181640625,0,1,0,0,0,31,0,0,0,1,0,2822.4818343286324,20304.349017285054,14798.53903110058,0.0004774211273882332,0.0025793974574975023,752.7909373618786,3087.0857597379686
763,21,5368.1435546875,2806.777856,1513.935546875,72.09217071533203,96.25753784179688,521.1605834960938,7.21897158655338e-05,0.0,6784.91845703125,0,1,0,0,0,37,0,0,0,1,0,3199.5953575890376,21672.808194870893,21522.26450476305,0.0009341256968145861,0.0024429660215524243,926.2942072923911,3232.6227215972303
764,21,5371.37939453125,3363.155456,1462.4970703125,69.64271545410156,42.29543685913086,247.36203002929688,4.703517697635107e-05,0.0,3330.760498046875,0,1,0,0,0,37,0,0,0,1,0,1843.2322099202147,18372.963798667854,13321.960686941578,0.000985421855549451,0.0025642989258722604,737.4537469835633,1890.94486646517
765,21,5369.2138671875,3469.417472,1336.6611328125,63.65053176879883,60.39691925048828,378.9551696777344,5.657331712427549e-05,0.0,4947.45458984375,0,1,0,0,0,39,0,0,0,1,0,2237.3001851051436,13492.467409011026,12804.363215315885,0.004584918370451753,0.003148859826469702,361.29014552463605,2809.910710717816
766,14,3592.691650390625,2532.397568,3929.728515625,280.6949157714844,305.9367980957031,2756.7861328125,0.0003555523871909827,0.0,27325.599609375,0,1,0,0,0,18,0,0,0,1,0,6542.496274183165,41055.60903632631,30401.46716976077,0.005715132848916671,0.009255760279404321,377.4806038168697,1420.6149027225713
767,23,5888.828125,3091.405312,2116.0849609375,92.00369262695312,58.1901969909668,292.4088134765625,6.391311035258695e-05,0.0,4371.9951171875,0,1,0,0,0,40,0,0,0,1,0,2465.1133533593475,21304.558657023343,18566.317860544736,0.0020423234536082885,0.0007294622963837649,,
768,19,4866.6796875,3240.290816,440.2607421875,23.17161750793457,105.48146057128906,534.913330078125,9.47643638937734e-05,0.0,6688.72607421875,0,1,0,0,0,32,0,0,0,1,0,3155.807878784835,24483.61668393892,20751.763302621057,0.0014839923440327918,0.0019692167132120894,345.15828760457043,2709.686428160967
769,23,5877.6318359375,3416.653824,2126.2822265625,92.44705200195312,36.66054153442383,223.19432067871094,4.1984305426012725e-05,0.0,3356.71875,0,1,0,0,0,32,0,0,0,1,0,1993.860610273705,18753.870050087728,12477.975853840111,0.0026468894535365065,0.004229546652213961,,
770,20,5111.44482421875,3512.264192,926.1650390625,46.30825424194336,61.57763671875,415.31146240234375,6.231986480997875e-05,0.0,5355.90380859375,0,1,0,0,0,38,0,0,0,1,0,2952.011495615419,23156.818722670065,19718.369218375217,0.0015658000420268048,0.0029605737459349676,,
771,18,4614.193359375,2979.31008,193.87890625,10.771050453186035,57.96473693847656,540.0997314453125,7.976649067131802e-05,0.0,6361.9375,0,1,0,0,0,29,0,0,0,1,0,3213.9340060245145,30817.962043930136,29841.915015063627,0.0007320584568233923,0.0018366105561938018,,
772,21,5389.95361328125,3043.377664,1323.1982421875,63.00944137573242,65.68268585205078,360.2322692871094,6.203154771355912e-05,0.0,5226.72705078125,0,1,0,0,0,42,0,0,0,1,0,2883.4578721979287,30846.64048071257,14832.696288151861,2.6520144523062283e-06,0.0013934174326501597,321.94901810960073,2827.9025670937713
773,19,4865.18798828125,3145.218048,427.1416015625,22.481136322021484,64.81449890136719,461.18267822265625,6.510254024760798e-05,0.0,6016.63037109375,0,1,0,0,0,28,0,0,0,1,0,2713.952315719187,25582.849651005024,21865.995532415764,0.0016290504824595792,0.0022136122692557846,,
774,20,5146.6142578125,3215.601664,989.2802734375,49.46401596069336,52.6510124206543,391.1029357910156,7.12933688191697e-05,0.0,4883.37451171875,0,1,0,0,0,35,0,0,0,1,0,2756.7819446574945,23679.408760292314,22857.3160756575,0.0008722848091235157,0.002782796663590277,,
775,23,5905.66455078125,3716.447744,2338.6806640625,101.68177032470703,61.80698776245117,363.7882995605469,6.899683648953214e-05,0.0,5650.22802734375,0,1,0,0,0,42,0,0,0,1,0,3089.0715133024946,29613.166862525144,18614.173019362494,2.886381016937306e-05,0.000291701715760144,266.60627501323415,2210.3664805005155
776,16,4111.29541015625,3130.756096,1711.693359375,106.9808349609375,108.77665710449219,857.1162719726562,0.00013932069123256952,0.0,8484.34375,0,1,0,0,0,24,0,0,0,1,0,3899.2936471349058,12823.664668821537,8223.66398603785,0.013408920891437116,0.03669862985184809,,
777,13,3356.2587890625,1955.04896,4969.6728515625,382.28253173828125,397.064697265625,3646.176025390625,0.00043709480087272823,0.0,30399.943359375,0,1,0,0,0,16,0,0,0,1,0,12350.729607996216,107016.10904982261,62288.78490470374,0.0011030434696125725,0.0053938029616230135,,
778,22,5638.68896484375,2773.4784,1815.388671875,82.51766967773438,78.96952056884766,332.7352294921875,7.38676026230678e-05,0.0,4716.25390625,0,1,0,0,0,40,0,0,0,1,0,2536.8588719792237,19456.41482834923,19071.529895668864,0.0029171531970589148,0.0007320552850537607,,
779,20,5133.0888671875,3369.297408,1018.3994140625,50.91997146606445,112.2326889038086,599.656982421875,9.484509791946039e-05,0.0,7653.7822265625,0,1,0,0,0,29,0,0,0,1,0,4030.103880732402,41310.29632084162,24253.381527449008,0.0006892038573368814,0.0011059046997903207,1488.0236960496886,3545.546721108671
780,17,4360.89990234375,2740.264448,873.458984375,51.379940032958984,77.66838073730469,656.1343383789062,0.00010703206498874351,0.0,7365.19140625,0,1,0,0,0,26,0,0,0,1,0,2654.357908226143,12820.021925351584,12086.039904636786,0.001752588498415925,0.007358171129423928,555.374193616211,2318.5038369943572
781,23,5888.9931640625,3250.502144,2079.8955078125,90.43024444580078,32.44260787963867,302.0852355957031,5.428805889096111e-05,0.0,4874.86083984375,0,1,0,0,0,43,0,0,0,1,0,2598.8701501114233,25179.299900432856,17429.431494320368,0.0013172970972379489,8.447246444663256e-05,1210.4151772208372,1924.8009176763621
782,16,4107.5986328125,3048.556032,1688.931640625,105.5582275390625,96.80807495117188,814.013916015625,0.00011312982678646222,0.0,8200.8974609375,0,1,0,0,0,22,0,0,0,1,0,3056.7190543182464,30592.820346326513,15791.78745647738,0.0004900714233031529,0.005841573773271122,218.66410112824633,1990.6769828544984
783,19,4856.79541015625,2695.133184,474.41015625,24.968955993652344,85.00709533691406,475.68731689453125,8.524794247932732e-05,0.0,6150.10546875,0,1,0,0,0,35,0,0,0,1,0,3423.074373087071,35929.61255752716,21218.36907179124,0.0008487212987279141,0.008550713286201432,811.8355781683322,3215.52293422894
784,23,5887.38525390625,3392.580608,2342.345703125,101.84111785888672,56.714210510253906,320.3716735839844,5.267699816613458e-05,0.0,5011.70068359375,0,1,0,0,0,40,0,0,0,1,0,2651.1510856953737,27712.588501618193,18427.408044469918,0.0006231907824661813,0.0018990694027839795,255.54150875190908,2623.605703337387
785,20,5147.21630859375,3296.75008,1084.1455078125,54.207275390625,98.43633270263672,613.3707885742188,0.00011705688666552305,0.0,8272.3828125,0,1,0,0,0,41,0,0,0,1,0,4491.850265417019,43162.35973012672,35059.05366137144,0.00020618079785446504,0.0013142793294940447,,
786,16,4131.18212890625,2627.55328,1931.67578125,120.729736328125,278.38592529296875,2527.084228515625,0.0003550723195075989,0.0,24893.67578125,0,1,0,0,0,25,0,0,0,1,0,12098.462681173227,174479.2995452384,53726.60248485546,0.0005150201564103687,0.006199152105037423,706.4507025972916,1660.8918559211315
787,16,4125.310546875,2370.270208,1589.111328125,99.3194580078125,168.23968505859375,1289.1981201171875,0.00016701407730579376,0.0,17057.505859375,0,1,0,0,0,24,0,0,0,1,0,6005.791394321442,42604.24886916055,35744.69761633768,0.00024218693508016968,0.0032584302028881643,978.4252284775826,3130.050646239304
788,15,3845.379638671875,2250.430464,2334.904296875,155.66029357910156,120.61698150634766,1126.591064453125,0.00014886284770909697,0.0,11340.4736328125,0,1,0,0,0,22,0,0,0,1,0,4390.57090760844,26915.204123592757,19438.140518815027,0.0019128729724500887,9.250224595794276e-05,889.9957209980134,1139.353771119836
789,21,5535.939453125,3003.316224,1574.7021484375,74.9858169555664,56.40786361694336,371.71356201171875,6.084106644266285e-05,0.0,4815.9501953125,0,1,0,0,0,39,0,0,0,1,0,2895.662060310971,33597.01060797669,22791.1581796515,0.004855614556308086,0.0013550370587705127,25.311444044091786,2371.9123965890603
790,16,4109.310546875,2958.951424,1667.5517578125,104.22198486328125,129.13356018066406,1087.340087890625,0.00015181033813860267,0.0,11452.2216796875,0,1,0,0,0,21,0,0,0,1,0,4655.554452703667,52815.70760023318,27323.64022074593,0.0008946755367846655,0.012449646882013943,247.65588559450634,1978.9747349792733
791,21,5367.7880859375,2993.511936,1336.01953125,63.61997985839844,37.62760543823242,285.1395263671875,4.571567114908248e-05,0.0,4010.51904296875,0,1,0,0,0,39,0,0,0,1,0,1879.027388703889,17274.89039635624,15554.736434434762,0.002277357207901322,0.0017041870336371749,,
792,17,4383.56298828125,2990.84288,917.583984375,53.975528717041016,99.74813079833984,900.03173828125,0.00011793552403105423,0.0,9930.1181640625,0,1,0,0,0,33,0,0,0,1,0,5215.210618081972,34768.564951070126,33352.40536061199,0.0009649258022552051,0.00138016258563671,,
793,18,4638.7099609375,2411.028992,171.740234375,9.54112434387207,85.5337905883789,439.6207580566406,7.417090091621503e-05,0.0,6299.21484375,0,1,0,0,0,34,0,0,0,1,0,4060.9079775972036,41493.46102607327,28103.02742669756,0.0006190240549458562,0.0005272137447806333,1073.9171030094649,1873.7189984623424
794,15,3877.5341796875,2212.98176,2576.953125,171.79689025878906,174.1663055419922,2388.1142578125,0.00026076752692461014,0.0,22055.71484375,0,1,0,0,0,22,0,0,0,1,0,9853.122279579115,170342.10139484762,39945.57400481867,0.00044712867078278845,0.00023916514319753668,1168.339450329463,2948.6428697939837
795,15,3867.197998046875,2163.344896,2731.361328125,182.09075927734375,127.15194702148438,930.4960327148438,0.00014878982619848102,0.0,10153.41015625,0,1,0,0,0,24,0,0,0,1,0,3760.2031365701705,31126.96193219198,20554.637090371354,0.00015501513558730234,0.004399325148953669,470.787586136179,2730.9039468890605
796,18,4638.2880859375,2475.389952,185.2509765625,10.29172134399414,104.89798736572266,504.0379638671875,9.423402661923319e-05,0.0,5571.39599609375,0,1,0,0,0,28,0,0,0,1,0,2719.3027808506026,20831.475683110737,14168.710317563722,0.0018254799979601551,0.002839999009018483,1393.7819197043646,1797.0362499028474
797,18,4614.130859375,2648.988672,156.69921875,8.705512046813965,75.30950164794922,533.7378540039062,9.455092367716134e-05,0.0,6904.75927734375,0,1,0,0,0,32,0,0,0,1,0,3117.122637400738,20874.33466676075,17172.871196161715,0.0025180428974157787,0.00019788346354374098,769.9156352497198,3009.5865631231973
798,18,4637.73291015625,2752.711168,180.9326171875,10.051812171936035,77.75350189208984,456.9882507324219,7.401141192531213e-05,0.0,5828.8017578125,0,1,0,0,0,31,0,0,0,1,0,2976.6052430172836,27377.624923911648,16734.622797138058,0.0012866308582187569,0.002709322837814547,,
799,15,3872.234375,2487.719936,2892.8330078125,192.8555450439453,180.48497009277344,1705.4464111328125,0.00023961550323292613,0.0,14842.3154296875,0,1,0,0,0,25,0,0,0,1,0,8332.6527133046,72638.67822697895,66912.14174752848,0.005481032112644668,8.049988021212665e-05,,
800,23,5901.91064453125,3110.925312,2342.0224609375,101.82706451416016,48.168067932128906,271.2597961425781,4.9600541387917474e-05,0.0,4087.567626953125,0,1,0,0,0,47,0,0,0,1,0,2191.847741537416,20435.73572886376,12028.731662389604,0.00017934135783334582,0.0020526930353471293,,
801,12,3136.435791015625,2572.660736,5265.2607421875,438.771728515625,136.5491485595703,1667.5125732421875,0.00020789512200281024,0.0,14323.0341796875,0,1,0,0,0,21,0,0,0,1,0,5214.558198275469,53144.88109544686,31756.8053387841,0.0043801390769988985,0.01606316707444501,649.9135509107523,2814.7099928774905
802,21,5421.17919921875,2668.312576,1353.4599609375,64.45047760009766,49.843143463134766,251.01942443847656,5.7848541473504156e-05,0.0,3186.046875,0,1,0,0,0,37,0,0,0,1,0,1797.8308675220756,8353.851352993368,7712.304856393949,0.004261232837656649,0.007086663016093231,,
803,20,5184.18359375,3382.44352,994.5185546875,49.725929260253906,110.76190948486328,692.9005737304688,9.400321869179606e-05,0.0,9083.7880859375,0,1,0,0,0,39,0,0,0,1,0,4258.019843370017,50235.9414416196,24018.366305743148,0.0030575491452781295,0.0012715494738886612,764.607569832976,1747.8687273725986
804,20,5140.75,3307.101696,918.77734375,45.93886947631836,45.97796630859375,299.6582336425781,5.77951104787644e-05,0.0,4133.53759765625,0,1,0,0,0,37,0,0,0,1,0,2180.8727269123688,14753.434916753618,12233.168388589824,0.0003134921291904,0.000777026616505732,148.77565789189384,2303.910205765753
805,18,4605.68505859375,2813.390336,146.4404296875,8.135579109191895,161.48358154296875,954.39697265625,0.00013188438606448472,0.0,12345.32421875,0,1,0,0,0,33,0,0,0,1,0,6907.529674424347,55906.5707277575,40930.14087499142,0.001957406433570681,0.001595203969547515,593.0660481445439,3084.0682322889274
806,24,6123.72412109375,3588.353024,2231.34521484375,92.97271728515625,30.66610336303711,226.30413818359375,4.764430923387408e-05,0.0,3511.20556640625,1,0,1,0,0,46,0,0,0,1,0,1985.3547407956014,11868.89293819171,10395.513258722667,8.456869273354428e-05,0.0013366314742059363,149.39193383514748,2376.7219507202494
807,23,5881.66015625,4071.584256,2123.7890625,92.33865356445312,53.02595138549805,268.6122741699219,4.614291538018733e-05,0.0,4011.142333984375,0,1,0,0,0,40,0,0,0,1,0,2044.8901790207478,15107.800229177345,13780.048366395018,0.0029252463904633347,0.000770522969306334,678.5896161337168,3023.339566615958
808,15,3843.1875,2655.029248,2134.3515625,142.2901153564453,149.7261505126953,1202.7674560546875,0.00013539382780436426,0.0,14405.9765625,0,1,0,0,0,30,0,0,0,1,0,9387.045068980486,54466.72513341512,52926.400317013846,0.0019957186329708637,0.00027021697295454006,,
809,23,5856.3134765625,3043.191808,2126.4267578125,92.45333862304688,57.75233459472656,310.5203857421875,5.580635479418561e-05,0.0,4623.01708984375,0,1,0,0,0,43,0,0,0,1,0,2945.2069977101887,19997.620460913266,19803.278013036026,2.9753339110923788e-05,0.011720455459087127,367.06898270303464,2829.875707733145
810,21,5420.37890625,3729.360384,1332.400390625,63.44763946533203,38.989498138427734,288.5179138183594,4.463545701582916e-05,0.0,3774.7001953125,0,1,0,0,0,35,0,0,0,1,0,2012.0312702506808,17233.11949529689,9876.444181310395,0.0015223729158674107,0.005259730616161883,,
811,15,3877.44580078125,2737.416192,2657.873046875,177.19154357910156,141.72671508789062,1003.0048217773438,0.00016139847866725177,0.0,11524.751953125,0,1,0,0,0,23,0,0,0,1,0,5058.455032682259,36531.25368811017,30930.642147199018,0.0001707266848265318,0.007665159661989593,680.5678375664979,2868.9240454283145
812,21,5396.5107421875,2820.173824,1219.892578125,58.09012222290039,55.764068603515625,233.23944091796875,4.4111988245276734e-05,0.0,2934.67626953125,0,1,0,0,0,40,0,0,0,1,0,1270.443354958689,7229.218355832445,6462.975821487314,0.001400852118172674,0.005076468480605025,,
813,15,3881.241943359375,2687.604736,2668.76953125,177.91798400878906,149.91261291503906,1418.68505859375,0.0002521392307244241,0.0,13048.4619140625,0,1,0,0,0,21,0,0,0,1,0,4880.932009239328,31617.32690520546,17702.994684277055,0.0023110921695144657,0.013347364518477525,,
814,17,4382.61865234375,2351.666176,895.0947265625,52.65262985229492,116.0381088256836,1172.2955322265625,0.00017018736980389804,0.0,14611.220703125,0,1,0,0,0,31,0,0,0,1,0,7364.649314230084,104909.72406765427,38690.64191546144,0.0001469129890811112,0.0010037939927497047,,
815,20,5116.630859375,2866.565632,920.9384765625,46.04692459106445,71.01484680175781,486.1100158691406,7.948087295517325e-05,0.0,6993.9658203125,0,1,0,0,0,36,0,0,0,1,0,3734.237441274958,43476.562338806136,23075.289635129553,0.0007680374367666915,0.0005991095902017976,496.86233971413776,2736.120194551143
816,17,4351.484375,2833.393664,759.611328125,44.68301773071289,70.02098083496094,642.0687255859375,8.531182538717985e-05,0.0,7786.470703125,0,1,0,0,0,27,0,0,0,1,0,3383.2949630872313,24944.745196359898,14523.65039145352,0.0002677325305029468,0.008808356186475783,790.679795770774,2814.2246844855867
817,19,4856.50927734375,2480.452608,409.0361328125,21.528217315673828,68.22125244140625,599.2573852539062,8.779983909334987e-05,0.0,7384.11474609375,0,1,0,0,0,36,0,0,0,1,0,4036.4499492943646,35726.20761001636,34152.25617588509,0.0012514895181060907,0.00032524338035671424,,
818,22,5628.85888671875,3200.852992,1825.7861328125,82.99028015136719,42.96525573730469,315.044677734375,5.6412347475998104e-05,0.0,4482.91845703125,0,1,0,0,0,37,0,0,0,1,0,2691.372474568586,19616.64890139987,19520.31067799184,0.004962293923576222,0.0016997530936981933,886.1663254640655,1464.0213996294171
819,19,4860.34326171875,3242.973696,374.1591796875,19.692588806152344,75.12107849121094,480.9103088378906,7.602966070408002e-05,0.0,5391.57666015625,0,1,0,0,0,24,0,0,0,1,0,2580.129717158911,17711.129203765115,11886.410898001777,0.0006782590961521926,0.005416009749342088,753.5723877284031,2510.256532864537
820,20,5111.66748046875,2927.17312,1016.1552734375,50.80776596069336,65.99800109863281,399.5078430175781,7.099089998519048e-05,0.0,5131.568359375,0,1,0,0,0,35,0,0,0,1,0,2708.5722734880337,18186.39919503843,14294.001109389646,0.0007027365002198263,0.0033888651153586163,1656.8017580504638,652.1801863695255
821,24,6128.28564453125,3666.692096,2331.85986328125,97.16082763671875,47.77169418334961,251.05526733398438,4.535904372460209e-05,0.0,3817.153564453125,1,0,1,0,0,53,0,0,0,1,0,2070.4017856114237,18191.310689791706,15250.987907891267,0.0001173671386180547,0.0008497428100855617,,2446.8408135734107
822,19,4871.72607421875,3466.790912,308.068359375,16.21412467956543,48.42048645019531,352.66766357421875,6.129965913714841e-05,0.0,4566.90185546875,0,1,0,0,0,31,0,0,0,1,0,2390.178649956773,19692.802093899132,12754.433502989703,0.0003670162709847255,0.006847736596489733,1650.3485298345493,619.393103127459
823,20,5103.54248046875,3056.697856,926.888671875,46.34443283081055,85.85862731933594,512.1265869140625,8.358377090189606e-05,0.0,6486.740234375,0,1,0,0,0,35,0,0,0,1,0,3525.7654354314705,24231.208034493444,23729.26548000762,0.0090478739843382,0.005816547877889978,,
824,15,3851.60009765625,2423.0912,2419.9833984375,161.3322296142578,140.54014587402344,1082.0946044921875,0.00023210958170238882,0.0,11934.0712890625,0,1,0,0,0,25,0,0,0,1,0,5055.585554686119,38778.8507306021,21851.834807981126,0.000521104090788347,0.000464540003275251,3.273851542169268,2276.0619365232074
825,8,2080.773193359375,1397.787136,9543.5205078125,1192.9400634765625,424.18524169921875,5149.40966796875,0.0008787762490101159,0.0,36793.65234375,0,1,0,0,0,11,0,0,0,1,0,21341.901165700503,168770.88101242448,94227.74711465213,0.0006973220871489133,1.6510911574053183e-05,,
826,17,4383.7529296875,1867.928576,979.49609375,57.61741638183594,115.00029754638672,949.1175537109375,0.0001355597923975438,0.0,9830.625,0,1,0,0,0,27,0,0,0,1,0,5157.875328955706,42561.110269902376,36205.03115724034,0.001664020188705019,0.002554623083248081,108.80292316340592,2236.162376740053
827,23,5893.81298828125,3474.917888,2118.0341796875,92.08844757080078,34.33079528808594,178.1050262451172,3.957753142458387e-05,0.0,2713.97607421875,0,1,0,0,0,45,0,0,0,1,0,1461.559982045616,10333.84375587765,9095.07782253577,0.001289477826157577,0.013944091150501783,,
828,18,4613.6982421875,3407.821312,198.75,11.041666984558105,80.56903076171875,471.83880615234375,6.878578278701752e-05,0.0,5829.18603515625,0,1,0,0,0,31,0,0,0,1,0,3141.640107897576,33685.64027684064,16053.652349851232,0.00012565397317765292,0.023644823642746525,510.91635408752677,2782.4312239136343
829,12,3097.8310546875,2121.77152,5026.4267578125,418.868896484375,242.23402404785156,3085.890380859375,0.0003876204136759043,0.0,26492.216796875,0,1,0,0,0,19,0,0,0,1,0,14122.1549678259,202538.3938644871,55901.14543704066,1.3366304893408162e-05,0.007610928319306126,138.76550190756643,2475.8672836736896
830,16,4132.72998046875,2024.8576,1852.298828125,115.7686767578125,192.76805114746094,1211.109130859375,0.00021470752835739404,0.0,12732.51953125,0,1,0,0,0,26,0,0,0,1,0,7098.705123496683,43592.66264709418,43138.43172008691,0.00046597868683630195,0.0035358095099977532,,
831,20,5111.66552734375,2861.349376,839.142578125,41.957130432128906,36.03689956665039,296.644287109375,5.3954550821799785e-05,0.0,3747.6455078125,0,1,0,0,0,35,0,0,0,1,0,1730.4425674722313,12626.081096811999,12307.599357046964,0.0033417185599705634,0.003603134089627045,586.5971322513174,2903.990185948194
832,20,5195.06640625,3282.437632,893.2861328125,44.664306640625,94.81360626220703,445.1700744628906,7.598337106173858e-05,0.0,5496.06689453125,0,1,0,0,0,35,0,0,0,1,0,3046.4947249008906,35847.95888372016,18589.020125744235,0.0013614194493927262,0.00013497492989574672,1110.0324654982846,2244.3777547580876
833,16,4142.625,2673.26208,1662.7216796875,103.92010498046875,136.1588134765625,1105.007568359375,0.00017121108248829842,0.0,11335.57421875,0,1,0,0,0,25,0,0,0,1,0,4044.5605983902724,26120.05976741454,19383.681316785427,0.0009054333112568863,0.0013011107810947664,55.22229258080597,2023.5898928730348
834,18,4610.57958984375,2562.61888,196.2470703125,10.902615547180176,156.24362182617188,767.7239379882812,0.0001198895915877074,0.0,8453.9921875,0,1,0,0,0,29,0,0,0,1,0,4386.663079261656,31564.446398240307,21621.15426382903,0.0032563185626729198,0.0036732771042512283,,
835,15,3856.1162109375,2480.672256,2468.19140625,164.5460968017578,89.93896484375,643.9141845703125,0.00012525476631708443,0.0,5383.37109375,0,1,0,0,0,20,0,0,0,1,0,1847.1445607440075,22163.251188313963,7002.4081769412705,0.008679342322507898,0.01942735467806342,1214.2849611825905,2902.335254135283
836,18,4630.66943359375,2575.926272,187.357421875,10.408745765686035,65.96781158447266,369.3805847167969,6.408030458260328e-05,0.0,4507.30517578125,0,1,0,0,0,26,0,0,0,1,0,2003.4602823947132,19216.797950179687,8709.234515876055,0.0011569702005598606,0.0006505738943481179,,
837,21,5395.5439453125,3304.556544,1338.3515625,63.73102951049805,54.8324089050293,230.9019775390625,4.6433746319962665e-05,0.0,2696.7314453125,0,1,0,0,0,32,0,0,0,1,0,1350.6365076274672,15707.685504960691,6593.8312444718285,0.0060074788074875336,0.005507486933616287,,
838,20,5128.00146484375,3445.449728,904.2548828125,45.212745666503906,54.79827117919922,460.9613037109375,7.121520320652053e-05,0.0,5719.58251953125,0,1,0,0,0,37,0,0,0,1,0,3365.6433474020714,26778.81687202842,23517.061222336717,0.013352104386060163,0.005964555414187445,1777.0827220330345,715.802414936031
839,18,4968.56982421875,2767.307776,154.2568359375,8.56982421875,116.73429107666016,726.052490234375,0.00012935420090798289,0.0,7597.66455078125,0,1,0,0,0,33,0,0,0,1,0,3102.115135848468,17696.646147472526,15945.478331736807,0.007276447656808981,3.987626648840892e-06,710.3302084308693,1740.1297382083944
840,15,3974.453369140625,2256.643584,2130.8076171875,142.05384826660156,77.76528930664062,744.6953735351562,9.832823707256466e-05,0.0,7341.46875,0,1,0,0,0,23,0,0,0,1,0,3745.5150048613627,36315.24556898859,27494.780793070495,0.0001558413139287826,0.005499800356841583,,
841,15,4198.81396484375,2182.30784,2661.673828125,177.44493103027344,133.61419677734375,1063.813720703125,0.00016185478307306767,0.0,10937.865234375,0,1,0,0,0,22,0,0,0,1,0,5375.39077447327,39268.05303462759,37933.92046840754,0.001972882465095492,0.0006911970278518798,,
842,20,5400.49951171875,2719.0272,927.17578125,46.35879135131836,69.61547088623047,413.417724609375,5.911622065468691e-05,0.0,5541.81591796875,0,1,0,0,0,34,0,0,0,1,0,2634.434887327989,23658.266733394903,10628.803956044243,0.0008358696695318392,0.001942484943397143,,
843,18,4871.4765625,2907.190272,156.5390625,8.696614265441895,128.29812622070312,545.500244140625,9.375226363772526e-05,0.0,6684.3056640625,0,1,0,0,0,26,0,0,0,1,0,3522.842769129616,22451.672759866757,16698.466085739892,0.0030935097564125276,0.004402113124436564,843.2517470357973,1240.7601276183693
844,18,4732.1123046875,2814.119936,173.7158203125,9.65087890625,82.10005950927734,558.6446533203125,8.694093412486836e-05,0.0,6314.30078125,0,1,0,0,0,37,0,0,0,1,0,3824.1377881131452,30080.818729115734,21660.238841670794,0.001879028738173947,0.00038963149890811066,491.7787254489981,2676.476540347323
845,21,5392.7265625,3241.586688,1208.7861328125,57.56124496459961,53.96725082397461,299.2611083984375,5.2493109251372516e-05,0.0,3831.289794921875,0,1,0,0,0,36,0,0,0,1,0,1850.9729009404086,19119.798848703198,15021.51752931438,0.002169816586514668,0.003812001766172815,1198.571091811365,1025.5258612535076
846,20,5094.494140625,3407.400448,917.2041015625,45.860206604003906,68.91832733154297,415.106201171875,7.248543988680467e-05,0.0,5024.04638671875,0,1,0,0,0,34,0,0,0,1,0,2156.8914951493384,24890.34671611316,13956.626467963752,0.004772232928630708,0.003338066041015341,820.9799937980765,3090.5430568412653
847,21,5344.6181640625,3415.29856,1451.22265625,69.10584259033203,65.36236572265625,402.223876953125,6.143910286482424e-05,0.0,5635.19482421875,0,1,0,0,0,39,0,0,0,1,0,3452.6815600392774,24118.145906732738,22040.961989848645,0.005505311679679062,0.00030539960650076414,488.34076438739135,1977.4041966152517
848,13,3321.22607421875,2506.525184,4324.2880859375,332.6375427246094,109.26628112792969,806.7113037109375,0.00012807380699086934,0.0,8374.7421875,0,1,0,0,0,18,0,0,0,1,0,3700.71794491333,23786.149841049515,18920.858111886693,2.031401351489104e-05,0.027205042293751647,825.2817801864878,2530.723877620121
849,20,5092.068359375,2577.567232,1005.220703125,50.26103591918945,113.26490783691406,572.2921142578125,9.5891191449482e-05,0.0,7826.15234375,0,1,0,0,0,39,0,0,0,1,0,4309.335782045576,30224.169698940786,27149.644007595238,0.0026222208452285345,0.0022085148553167705,,
850,20,5128.369140625,3206.98112,861.9052734375,43.09526443481445,49.38321304321289,321.7508544921875,5.8078559959540144e-05,0.0,3900.802978515625,0,1,0,0,0,30,0,0,0,1,0,2233.714502943526,20228.193208238612,16522.240182883837,0.0018593977222729286,0.000924078095078891,1854.5155685591653,201.55782846703676
851,16,4119.68408203125,2746.729984,1693.8408203125,105.86505126953125,73.78401947021484,1092.1463623046875,0.00014528176689054817,0.0,10843.484375,0,1,0,0,0,23,0,0,0,1,0,4095.6698153948196,25164.91480133795,24836.99939653167,0.0030769810268165363,0.0021321327293530624,409.410165451005,1554.8070518248846
852,21,5335.64404296875,2938.988544,1330.255859375,63.34552001953125,47.329952239990234,283.4722900390625,4.9871898227138445e-05,0.0,3890.673583984375,0,1,0,0,0,38,0,0,0,1,0,2154.56339632856,21520.2235289171,17212.698824785926,0.0013093013705014686,0.004021265186341168,1876.3725549529295,483.9638884338366
853,17,4335.8857421875,2915.533312,882.96875,51.93933868408203,103.56806945800781,751.99560546875,0.00010375422425568104,0.0,9720.439453125,0,1,0,0,0,29,0,0,0,1,0,4519.772621835737,30098.61553868649,25544.966850362696,5.346989331978663e-05,0.00224677376190964,914.8105361636794,3293.795586593135
854,20,5078.9541015625,2825.087488,938.51171875,46.92558670043945,107.36498260498047,517.8792724609375,9.210473945131525e-05,0.0,6534.15673828125,0,1,0,0,0,35,0,0,0,1,0,2866.6644804452835,19377.603740583843,18892.002512035837,0.00010633585633753988,0.0003583207337099145,803.3274439279045,2156.3509109472866
855,15,3818.663818359375,2592.741888,1450.76171875,96.71745300292969,57.80166244506836,593.1842041015625,7.404822099488229e-05,0.0,6545.79541015625,0,1,0,0,0,28,0,0,0,1,0,4911.804435085036,32542.551243641792,23438.90897166605,0.0002186612437406893,0.003564392329993671,,
856,17,4339.81005859375,2485.06624,987.14453125,58.067325592041016,50.2397575378418,451.5561218261719,9.094664710573852e-05,0.0,4953.39013671875,0,1,0,0,0,23,0,0,0,1,0,2133.8150917214757,19579.051280291835,12559.175011816267,0.0017672958527098553,0.0006762113886256693,11.246391328472328,1798.7446810184397
857,18,4758.97314453125,2732.05248,256.158203125,14.231011390686035,85.57200622558594,490.92529296875,0.0001047582263709046,0.0,5241.31884765625,0,1,0,0,0,29,0,0,0,1,0,2857.9313933101243,17954.64263996808,16103.412128573675,0.0002760395168724117,0.001344460170926251,1342.2937194006577,3401.7658455811547
858,23,5881.8935546875,3498.491392,2124.1181640625,92.35296630859375,47.3087158203125,205.92730712890625,3.999755426775664e-05,0.0,3015.63134765625,0,1,0,0,0,44,0,0,0,1,0,1647.1008793820733,14782.770609408224,11658.14413512211,0.0005114967890160905,0.007430526579843291,2279.7306538283083,208.7547268080674
859,20,5147.49951171875,3615.560192,917.1337890625,45.856689453125,87.95172882080078,407.3631286621094,7.726537296548486e-05,0.0,4954.20458984375,0,1,0,0,0,35,0,0,0,1,0,2314.976269441855,13381.354409851352,12619.938370346645,0.00031762199467122443,0.009404325781074445,,
860,19,4834.7373046875,2896.262656,378.375,19.914474487304688,75.869384765625,473.74969482421875,6.592588033527136e-05,0.0,6491.546875,0,1,0,0,0,35,0,0,0,1,0,3884.3253461070613,39540.649685848846,30411.417360446274,0.00046656718871655734,7.406005478033037e-05,,
861,18,4578.552734375,2621.490176,133.1689453125,7.398274898529053,27.161619186401367,233.6469268798828,4.7158180677797645e-05,0.0,3299.3603515625,0,1,0,0,0,39,0,0,0,1,0,2378.764425883788,18607.59250930141,18549.66225644458,2.319324853224808e-05,0.0009773740623448546,,
862,19,4849.60498046875,2812.96128,427.58203125,22.504318237304688,69.87940979003906,379.37335205078125,7.181321416283026e-05,0.0,4888.78955078125,0,1,0,0,0,34,0,0,0,1,0,2635.607993630394,27371.127593391044,14021.75915893269,0.0013458371904897064,0.0012788774191174399,,
863,19,4861.42529296875,2853.19168,422.857421875,22.255653381347656,63.69188690185547,437.61517333984375,7.281963189598173e-05,0.0,6179.0625,0,1,0,0,0,31,0,0,0,1,0,3179.277926180659,31458.77063965905,24465.95723552835,0.00025294752524634284,0.0012002968177146217,,
864,20,5243.21923828125,2949.146112,1051.732421875,52.58662033081055,90.13581085205078,528.0925903320312,8.495089423377067e-05,0.0,7044.34814453125,0,1,0,0,0,34,0,0,0,1,0,3914.7494024280804,32899.79327195562,17686.294143232542,0.001141078627256445,0.002139255559686963,855.264027084002,1522.2786004303898
865,17,4335.091796875,2823.392768,866.4853515625,50.9697265625,96.04080963134766,759.1556396484375,0.00010102911619469523,0.0,8422.89453125,0,1,0,0,0,30,0,0,0,1,0,3137.199610485612,15722.386823527488,14781.621446540508,0.003071834315172259,0.002062840628476975,,
866,18,4585.74072265625,2626.116608,144.703125,8.0390625,85.87113952636719,517.5402221679688,9.997113374993205e-05,0.0,6324.77685546875,0,1,0,0,0,36,0,0,0,1,0,2984.741566445808,26615.99235583883,16936.3514931005,0.00046321297569058145,8.040979562218276e-05,2018.6520786877518,512.7590493083313
867,20,5089.15869140625,2812.761088,1001.771484375,50.08857345581055,72.72038269042969,809.2448120117188,0.00010372220276622102,0.0,10224.208984375,0,1,0,0,0,41,0,0,0,1,0,6098.296360429425,125396.2002437555,34493.325372590836,0.002166914668366521,0.001397327211915829,538.1589545207512,2189.439783968192
868,22,5650.5,3172.097024,2007.830078125,91.26500701904297,91.7705307006836,478.6085205078125,6.615386519115418e-05,0.0,7067.3251953125,0,1,0,0,0,44,0,0,0,1,0,4211.778096572283,28772.3285267893,27741.429256652453,0.0010911500307903277,0.0010074761394591042,96.93835273682362,2616.1313150914334
869,17,4372.1337890625,2925.89568,869.5458984375,51.149757385253906,118.24211883544922,667.4790649414062,0.00010990720329573378,0.0,6853.79248046875,0,1,0,0,0,29,0,0,0,1,0,3284.9139484391735,25363.70181250196,18554.757762245434,0.007665632200335211,0.028386444182675323,977.9608930962108,3234.8873124002835
870,20,5119.50439453125,3049.447936,890.7421875,44.537109375,91.69132995605469,487.08984375,7.511163857998326e-05,0.0,6364.41455078125,0,1,0,0,0,32,0,0,0,1,0,2908.7249080890656,24462.07744262786,24387.117527196377,0.00431480191589876,0.003615518015821245,1254.5500242020503,3415.0108936913703
871,13,3345.6171875,2495.619072,4918.748046875,378.365234375,212.09756469726562,2198.371826171875,0.00031833318644203246,0.0,20343.974609375,0,1,0,0,0,17,0,0,0,1,0,7190.214140565308,57812.78917749577,40584.52505906398,0.005849866257084059,0.004617468632405138,,
872,23,5840.0478515625,3042.50624,2133.591796875,92.76486206054688,45.65276336669922,202.32577514648438,4.032878132420592e-05,0.0,3012.515869140625,0,1,0,0,0,36,0,0,0,1,0,1938.0244954249624,17087.007798158396,16899.332660854932,0.000565948979515056,0.003888938305514754,,
873,15,3833.569580078125,2901.679616,2507.83984375,167.1893310546875,68.5693588256836,776.6069946289062,0.0001365505886496976,0.0,6647.9140625,0,1,0,0,0,17,0,0,0,1,0,3215.4556842630404,13310.225586835995,5882.04761630732,5.514002583400027e-05,0.04827638822726721,1091.6648331387876,2548.5248298413303
874,17,4334.5205078125,2366.115328,815.8408203125,47.99063491821289,101.91502380371094,1077.210693359375,0.00015735268243588507,0.0,11707.283203125,0,1,0,0,0,31,0,0,0,1,0,5083.110521174812,35821.86962196299,31406.601482188213,0.0005414240256412712,0.0049585254217525895,,
875,22,5580.67919921875,3114.1504,1798.259765625,81.73908233642578,35.816490173339844,265.1974182128906,4.694564995588735e-05,0.0,3723.031982421875,0,1,0,0,0,39,0,0,0,1,0,1792.7436751781343,16106.580335896331,10602.207894063127,0.0011071551049373386,0.0032258335169276925,505.88488977346674,2952.842688945675
876,18,4580.90380859375,3152.27392,181.638671875,10.09103775024414,74.16094207763672,493.7821350097656,7.834676944185048e-05,0.0,5522.41015625,0,1,0,0,0,29,0,0,0,1,0,1933.961679449075,21772.566152310512,7387.574802746346,0.00019340446796738912,0.0027520888542177657,919.0108972188239,2923.0270764934166
877,19,4823.18212890625,2855.200256,413.0869140625,21.741416931152344,119.48031616210938,666.4024047851562,9.14736810955219e-05,0.0,8038.6630859375,0,1,0,0,0,37,0,0,0,1,0,4493.997144862192,30112.63855079722,29798.643440777425,0.00377080302355641,0.0029238439594060153,,
878,18,4581.6513671875,2802.985472,217.0556640625,12.058648109436035,96.57429504394531,517.861083984375,9.83680656645447e-05,0.0,5953.6865234375,0,1,0,0,0,32,0,0,0,1,0,2870.5715574456385,26588.61367968329,22452.41637551216,0.005851547387004271,0.009316395451476112,,
879,19,4851.958984375,2950.470656,446.07421875,23.477590560913086,64.49835968017578,561.73974609375,8.969399641500786e-05,0.0,6696.17236328125,0,1,0,0,0,31,0,0,0,1,0,3207.790468742632,27426.49145005148,22477.301286072674,0.0006000622172757861,0.008588652445838535,,
880,14,3600.979248046875,2458.788864,2883.740234375,205.98146057128906,164.79940795898438,758.3951416015625,0.00014781330537516624,0.0,6511.64599609375,0,1,0,0,0,23,0,0,0,1,0,2724.0696146002138,17812.828265565695,15068.01367689834,0.0010293687651161954,0.0009131990703402405,594.9435599662816,1495.6065074262901
881,17,4338.02294921875,2331.405824,927.6865234375,54.56979751586914,84.66560363769531,859.0780639648438,0.0001463596272515133,0.0,9023.6396484375,0,1,0,0,0,33,0,0,0,1,0,4212.570484912743,40652.23511488206,26019.09395140762,0.00035312582034749407,0.005935552247932206,,
882,18,4588.779296875,2772.729344,174.5087890625,9.69493293762207,82.76969146728516,662.406982421875,0.00012034300743835047,0.0,7481.4833984375,0,1,0,0,0,34,0,0,0,1,0,3666.7595991011653,29299.43803822062,21197.96122180621,0.0005645816141547425,0.0013750210824881835,700.0831324024352,3163.5977646165725
883,17,4382.85791015625,2515.923968,798.4775390625,46.969268798828125,52.90347671508789,483.40386962890625,9.599599434295669e-05,0.0,5889.62744140625,0,1,0,0,0,20,0,0,0,1,0,2775.9162425540076,34198.85554475364,10458.078387738931,0.00021548582953307294,0.0034931626932713095,537.3888733931395,1287.8124784663494
884,17,4378.3369140625,2496.932864,930.8896484375,54.75821304321289,90.49703216552734,723.81640625,0.00011752633145079017,0.0,8307.1708984375,0,1,0,0,0,26,0,0,0,1,0,3446.512096357576,24008.39584443307,23107.069362377795,0.005134840829429534,0.0022677165048517736,,
885,21,5425.06689453125,3214.528512,1344.5546875,64.02641296386719,50.700252532958984,293.85552978515625,5.214287375565618e-05,0.0,4042.3076171875,0,1,0,0,0,37,0,0,0,1,0,2330.4697037769624,24557.833750658552,13108.74018425293,0.0005906235062597583,0.0073694179508519905,1082.984742656472,3381.767446269096
886,16,4123.32177734375,2939.195392,1687.271484375,105.4544677734375,84.73414611816406,745.3074340820312,0.00011999480921076611,0.0,7730.478515625,0,1,0,0,0,26,0,0,0,1,0,3659.413607154306,36111.53697459056,23562.149468310363,0.0007816471847056361,0.0001369564303022111,129.19558270369862,2263.2631168292205
887,19,4869.23388671875,2519.160832,438.1044921875,23.05813217163086,96.23302459716797,642.7617797851562,8.188472565962002e-05,0.0,9381.4482421875,0,1,0,0,0,38,0,0,0,1,0,4953.641967688722,90068.3836168116,27234.294569842492,1.5018366314618935e-05,0.00413021795322022,790.1254277196689,2345.3248928557127
888,10,2627.1533203125,1817.967616,7157.8662109375,715.78662109375,273.7962646484375,2510.112060546875,0.00044573048944585025,0.0,21263.08203125,0,1,0,0,0,11,0,0,0,1,0,9115.837496461936,74684.0298646881,25450.397927369646,0.0025746577072379637,5.46322780507532e-05,1207.8207563705175,1699.6985920429447
889,19,4863.51220703125,2240.920576,405.5751953125,21.3460636138916,51.99469757080078,378.2367248535156,8.373944001505151e-05,0.0,4784.8427734375,0,1,0,0,0,32,0,0,0,1,0,2614.8531769116908,24576.246210285633,12224.107986102972,0.000926057900897035,0.00573442918212352,1350.1189131799047,2134.0085145279613
890,18,4607.626953125,2913.203712,168.5234375,9.36241340637207,47.72677230834961,435.8905029296875,6.353532080538571e-05,0.0,5204.423828125,0,1,0,0,0,35,0,0,0,1,0,2386.762818819215,30025.97893735516,15835.682374448663,0.004422123478169199,0.005536011801288321,,
891,21,5362.07080078125,2991.382016,1608.734375,76.60639953613281,99.15582275390625,557.3377685546875,8.617134881205857e-05,0.0,8213.876953125,0,1,0,0,0,45,0,0,0,1,0,4380.641845539883,39818.58625723645,26823.004602756384,0.00032386030201296545,0.0008331569128631686,,2688.2250885945455
892,14,3567.602783203125,2447.115264,2688.9912109375,192.07081604003906,157.60150146484375,1032.12158203125,0.00016125377442222089,0.0,10482.17578125,0,1,0,0,0,19,0,0,0,1,0,4506.161813586612,25472.571061335126,18354.108615935667,0.0011284452547260584,0.003540691061321162,692.309812113261,2198.56405914702
893,16,4098.4638671875,2112.121856,1560.3642578125,97.52276611328125,114.4741439819336,805.5654296875,0.0001287373888771981,0.0,7895.9501953125,0,1,0,0,0,26,0,0,0,1,0,3374.588520874044,35996.777890588775,19488.939666941216,0.001959860015018914,0.0027625509176852567,,
894,18,4600.322265625,2530.757632,225.3447265625,12.51915168762207,130.46849060058594,909.5936279296875,0.0001467966358177364,0.0,10826.1943359375,0,1,0,0,0,29,0,0,0,1,0,3763.5928995705385,19543.51236028555,16451.63956957906,0.0014453853042955302,0.0006419810290096417,1289.7688891908224,3523.9927885479556
895,20,5108.0673828125,2945.992704,910.3955078125,45.519775390625,94.96321868896484,484.69647216796875,8.52893281262368e-05,0.0,6035.38916015625,0,1,0,0,0,36,0,0,0,1,0,2864.114790698598,16873.500780923587,14573.26745567544,0.005185736833372423,0.0019269204732278722,,
896,14,3588.3701171875,2493.318656,3420.0634765625,244.29025268554688,128.8175811767578,1142.8447265625,0.00015954197442624718,0.0,10201.0458984375,0,1,0,0,0,21,0,0,0,1,0,3846.2688665518517,20198.203283709106,18781.204489617645,0.0064091164577699845,0.003381907192749764,179.47475927236428,1999.230200906899
897,16,4108.42529296875,2147.10016,1524.6435546875,95.29022216796875,82.07423400878906,856.1997680664062,0.00010380810999777168,0.0,10676.662109375,0,1,0,0,0,27,0,0,0,1,0,4201.374697624288,38373.557742674304,28087.337028108093,0.0001568027236780751,0.0027172199026257848,1200.821522393011,1086.1134468856294
898,19,4901.150390625,2731.188224,393.5517578125,20.7132511138916,65.1988525390625,420.0781555175781,6.914002733537927e-05,0.0,4608.87548828125,0,1,0,0,0,32,0,0,0,1,0,2373.239264665848,26173.83676722602,11798.335262258386,0.003970644354106365,0.0014556434203246704,112.33366326772602,2319.8078317874465
899,20,5237.62060546875,3193.010688,1007.4248046875,50.37124252319336,80.12598419189453,435.76251220703125,7.222357817227021e-05,0.0,5747.6044921875,0,1,0,0,0,37,0,0,0,1,0,2862.9597972759457,24479.98961536292,19654.51433977165,0.0005676616211285623,0.00011770722956035845,1361.3358731161422,1082.5625828160726
900,20,5101.57666015625,3052.57216,987.2470703125,49.36235427856445,76.28827667236328,725.868896484375,8.02145223133266e-05,0.0,10458.98828125,0,1,0,0,0,39,0,0,0,1,0,6095.963831112347,135959.87619108977,36269.18931963346,0.0016628113179774848,0.001673880467232422,,
901,23,5870.08642578125,3457.317376,1897.3359375,82.49286651611328,36.7144775390625,245.9246063232422,4.732460365630686e-05,0.0,3565.8076171875,1,0,1,0,0,42,0,0,0,1,0,1799.2334686951465,18307.29906561315,9885.658444639732,0.003124432279507809,0.010000705487445076,805.2170169815563,3282.761427998341
902,19,4836.51171875,3345.618944,437.234375,23.0123348236084,108.0001220703125,613.372314453125,0.00012589964899234474,0.0,7431.10498046875,0,1,0,0,0,30,0,0,0,1,0,3613.526566912595,27615.465412481703,24174.8132527772,8.567197415989408e-05,0.0038479708747825025,1583.2151190336701,572.3781579679314
903,18,4645.45458984375,2902.600192,164.5380859375,9.14100456237793,57.48673629760742,396.3975524902344,5.846700514666736e-05,0.0,4658.9443359375,0,1,0,0,0,27,0,0,0,1,0,2083.6935988529362,16965.40296519645,6926.921164702518,0.00011431152812461237,0.004050080733689346,1141.587461122936,2152.2907237681743
904,17,4335.240234375,2729.06496,778.3662109375,45.78624725341797,94.70742797851562,514.7714233398438,9.492973185842857e-05,0.0,5883.4892578125,0,1,0,0,0,29,0,0,0,1,0,2911.5081437689655,21384.669416037585,13311.529901859392,0.002524393365126193,0.002559892859125071,,
905,16,4104.23681640625,2456.811008,1783.8408203125,111.49005126953125,98.02520751953125,1246.1175537109375,0.00016015717119444162,0.0,14580.4794921875,0,1,0,0,0,27,0,0,0,1,0,7154.051762922664,47742.17483304744,38921.79666825584,0.0007822079105640756,0.002196486236410493,1006.421343861031,2348.0504283638015
906,21,5416.3818359375,3058.269696,1321.4384765625,62.92564392089844,64.44453430175781,355.0102844238281,5.4954583902144805e-05,0.0,5002.01220703125,0,1,0,0,0,38,0,0,0,1,0,2864.3625078862856,26012.764343602164,24903.18092115761,0.0025040304426618767,0.0025399503036311263,180.76196061654036,2513.08452189386
907,19,4868.0947265625,3322.74432,408.375,21.49342155456543,92.74694061279297,580.9923095703125,9.381701238453388e-05,0.0,6612.5703125,0,1,0,0,0,30,0,0,0,1,0,3532.581512777958,23698.386532662567,20068.15901601603,0.002784659773923578,0.0047820430988904025,1394.7166448121388,3476.4886481928834
908,18,4590.1259765625,2921.158144,177.0341796875,9.835232734680176,184.05441284179688,1515.79150390625,0.0001733744575176388,0.0,18950.50390625,0,1,0,0,0,29,0,0,0,1,0,6506.539274175902,37798.293079962205,36860.151146433745,0.0001902260753945187,0.001942505338519692,,
909,21,5346.1298828125,3268.219392,1472.8720703125,70.13676452636719,38.78868865966797,304.3980407714844,5.0037928303936496e-05,0.0,3989.694091796875,0,1,0,0,0,36,0,0,0,1,0,2094.20391408761,16695.019748584586,14668.983052677491,0.002008579510888321,0.0032000892016058324,1061.8940767086133,3387.4909599638145
910,18,4628.73583984375,3159.61088,212.345703125,11.79698371887207,133.09019470214844,776.6600341796875,0.00012544644414447248,0.0,8797.7021484375,0,1,0,0,0,31,0,0,0,1,0,4147.130317437891,30009.592166504972,24375.139328237765,0.0009469118959314349,0.0011999148658329503,,
911,24,6179.73779296875,3565.596672,2568.384765625,107.01603698730469,45.92898941040039,260.97760009765625,4.8379235522588715e-05,0.0,4093.467529296875,1,0,1,0,0,46,0,0,0,1,0,2516.7731223208903,19890.48012623858,16901.04413056996,0.00572144266177553,0.003961867967615121,301.09860543052446,2210.8708077776837
912,14,3584.388427734375,2896.577024,3903.4111328125,278.8150939941406,77.96601867675781,1638.2513427734375,0.00023933485499583185,0.0,18290.123046875,0,1,0,0,0,17,0,0,0,1,0,6427.449070778424,60226.998278128034,25952.769041437576,0.0002572322593827549,9.4470826582458e-06,1568.4593858863439,3012.6897931221424
913,19,4866.4775390625,2567.348736,418.1748046875,22.009201049804688,84.22063446044922,527.1996459960938,8.002443792065606e-05,0.0,6923.654296875,0,1,0,0,0,38,0,0,0,1,0,3852.989356532249,24854.225425839188,21842.950328739516,0.006469335763392984,0.0025041862372729776,,
914,19,4853.109375,3006.478848,469.142578125,24.691715240478516,160.3257293701172,935.7286987304688,0.00014157146506477147,0.0,11225.1611328125,0,1,0,0,0,36,0,0,0,1,0,6257.880067383553,48720.90103266698,41224.33028103337,0.0011709589764187303,0.0009714626671907395,,
915,14,3592.34423828125,2400.899584,3886.080078125,277.5771484375,207.6359100341797,1951.994384765625,0.00021718654897995293,0.0,16636.71484375,0,1,0,0,0,23,0,0,0,1,0,8175.38898654993,88096.41749086801,46448.8214425571,0.0014463627563095337,6.891113521765961e-05,,
916,19,4911.2841796875,2589.426176,384.2314453125,20.222707748413086,52.59170150756836,387.5669250488281,6.534301792271435e-05,0.0,4623.0029296875,0,1,0,0,0,34,0,0,0,1,0,1988.7277461912688,21930.17954417767,7110.002256401878,0.0011099415623411768,0.0153532910264223,1474.896113287608,616.6177322750827
917,19,4899.7998046875,3076.217344,418.12109375,22.00637435913086,68.36492156982422,425.12493896484375,7.653907960047945e-05,0.0,5141.89453125,0,1,0,0,0,30,0,0,0,1,0,2483.7664269123966,13314.94337925741,11067.028337115014,0.005965085851584145,0.00042256178781389236,295.188218358046,1614.8282313787035
918,17,4400.150390625,2782.681088,992.0458984375,58.35564041137695,148.97036743164062,903.9361572265625,0.00015008490299806,0.0,9919.4462890625,0,1,0,0,0,28,0,0,0,1,0,4573.991981449999,38384.27697761708,28525.35062995973,0.0015948196753439656,0.002142691012038008,,
919,23,5887.1572265625,3182.803456,2321.1474609375,100.9194564819336,68.11132049560547,307.76507568359375,6.021110311849043e-05,0.0,4501.18115234375,0,1,0,0,0,50,0,0,0,1,0,2694.200433912492,21075.779446637796,18911.37034514953,0.0034073984516748562,0.00043769720046271665,,2578.4427367979674
920,21,5373.85009765625,3644.230656,1460.4404296875,69.54478454589844,85.65166473388672,321.95770263671875,6.0293066781014204e-05,0.0,4617.2919921875,0,1,0,0,0,39,0,0,0,1,0,2591.0276154985295,17123.566938303422,16636.041169344666,0.002023391030677696,0.0001200270920602986,,
921,20,5084.21630859375,3444.391936,942.40234375,47.1201171875,73.21045684814453,447.3894958496094,7.493474549846724e-05,0.0,5946.58837890625,0,1,0,0,0,36,0,0,0,1,0,3541.6230403008326,28220.012229291337,27171.98737238198,0.004281170321885599,0.0009617007216855267,,
922,20,5122.62451171875,3319.186432,997.625,49.88125228881836,84.36355590820312,454.8111267089844,6.81108285789378e-05,0.0,5589.6328125,0,1,0,0,0,36,0,0,0,1,0,2926.6895284251277,28685.82283029115,16374.821595242842,0.0010005629821449626,0.0009763900966171177,1208.7655528717114,3409.769522632933
923,19,4883.703125,3119.945728,301.0224609375,15.843287467956543,53.37551498413086,370.0976257324219,7.54840366425924e-05,0.0,4396.58984375,0,1,0,0,0,35,0,0,0,1,0,2533.546642044977,25610.63250630362,13213.784351330825,0.006437534894121841,0.0027520425479091483,,
924,22,5680.2607421875,3193.68448,1805.205078125,82.05477905273438,54.752559661865234,287.5472717285156,6.035037222318351e-05,0.0,4110.4140625,0,1,0,0,0,40,0,0,0,1,0,2058.2151159144564,13844.860190184669,11376.264772581048,4.692590451407016e-05,0.011449010856196595,1112.2473443009758,1333.0378107571944
925,18,4647.3720703125,2909.755904,155.3642578125,8.63134765625,77.13548278808594,430.0124206542969,6.775996007490903e-05,0.0,5779.306640625,0,1,0,0,0,28,0,0,0,1,0,2952.2523978872287,25970.631993371142,13358.035861431614,3.626729703417025e-05,7.782082673054441e-05,1065.725495873608,1200.9361313969368
926,19,4970.50927734375,2884.008448,384.646484375,20.244552612304688,56.57321548461914,469.6347351074219,7.925060344859958e-05,0.0,5347.27978515625,0,1,0,0,0,25,0,0,0,1,0,2447.45996760571,23751.805574684422,19853.1193629505,0.0014172244717366236,0.004615302645560954,959.8551594544731,2833.6783165002175
927,22,5647.427734375,3433.00864,1659.8896484375,75.44953155517578,29.22658920288086,238.80279541015625,3.999130058218725e-05,0.0,3450.50537109375,0,1,0,0,0,39,0,0,0,1,0,1857.3828266630333,12417.87574009016,11499.371198589139,0.002179531766254546,0.0031980681218358314,2.8266014037544664,2356.3769967004714
928,20,5134.9072265625,3279.522304,1005.6875,50.28437423706055,78.38121795654297,518.3240966796875,8.680196333443746e-05,0.0,6535.08251953125,0,1,0,0,0,33,0,0,0,1,0,3725.574330084482,38499.859660137794,30886.82189599508,0.001971902653988347,0.002371158383824498,313.0095047970981,2595.8177816485095
929,18,4657.51904296875,2922.889216,158.7333984375,8.818522453308105,70.27591705322266,413.91949462890625,7.777496648486704e-05,0.0,4671.0078125,0,1,0,0,0,24,0,0,0,1,0,2451.1637097179314,18743.231351877635,17643.99386497297,0.00041281586354933314,0.004048325274165307,538.2895822198334,2423.994795235414
930,17,4331.79736328125,2635.958272,893.4560546875,52.55624008178711,129.0987091064453,949.0057373046875,0.0001554035407025367,0.0,10150.685546875,0,1,0,0,0,28,0,0,0,1,0,4100.876609989257,35035.68741876279,21861.521090304504,0.001875066800100392,0.007130403691866766,,
931,19,4825.166015625,2715.970048,416.595703125,21.926090240478516,81.54435729980469,547.7977905273438,8.319361950270832e-05,0.0,6464.49072265625,0,1,0,0,0,30,0,0,0,1,0,3058.4275039155505,17221.655940682766,15955.583527993076,0.000830950823380569,0.0002397665569115852,217.48129526573302,1806.9710749181727
932,18,4589.54541015625,2818.88768,245.90234375,13.66124153137207,73.8810806274414,554.8712158203125,0.00011201981396880001,0.0,5904.86328125,0,1,0,0,0,31,0,0,0,1,0,2728.033827612298,19943.96772592303,11921.417167827709,0.0002377043190338879,0.007695732523560581,,
933,20,5152.07373046875,2819.675648,797.2646484375,39.86323165893555,47.680152893066406,482.5253601074219,7.225537410704419e-05,0.0,6729.1171875,0,1,0,0,0,44,0,0,0,1,0,4583.99415564227,29520.304814506617,27961.50232234775,0.0012256140293649392,0.0013336605116423279,,2279.238168500348
934,21,5342.943359375,3204.312576,1346.123046875,64.1010971069336,58.559288024902344,346.08447265625,5.908840466872789e-05,0.0,5099.02099609375,0,1,0,0,0,37,0,0,0,1,0,2924.36461189847,24608.626328663868,20682.594542623494,0.002004799557325413,0.0027743697142944,1045.8744602487282,3287.1694914387967
935,18,4699.755859375,3165.98528,150.2353515625,8.34640884399414,39.980831146240234,314.2842102050781,4.9393078370485455e-05,0.0,3204.25146484375,0,1,0,0,0,30,0,0,0,1,0,1679.0732074148602,17442.4701534766,7151.626838752493,0.007600212842242965,0.002412832716298885,,
936,22,5614.93896484375,3367.527936,1836.296875,83.4680404663086,51.56614303588867,355.1356201171875,6.148409011075273e-05,0.0,5296.65087890625,0,1,0,0,0,40,0,0,0,1,0,2815.8412030448517,26353.844638798368,19041.295850873685,0.0006800608766720159,0.003973244797804379,,
937,20,5094.2138671875,3479.863808,992.1337890625,49.606689453125,96.80282592773438,457.0245361328125,7.844139327062294e-05,0.0,5840.51904296875,0,1,0,0,0,39,0,0,0,1,0,3463.0464178602742,23072.867272493957,22175.55104411835,0.0007775016241921978,0.0002680310780842701,243.67432778257717,2283.1590899687835
938,16,4101.68701171875,2799.046144,1543.556640625,96.4722900390625,94.6591796875,682.806396484375,0.00010953564196825027,0.0,7407.8994140625,0,1,0,0,0,27,0,0,0,1,0,3054.8173581437213,26964.73345290961,21108.719598781954,0.001082139876737949,0.0028873681700392756,,
939,19,4823.564453125,2600.53504,394.1533203125,20.744911193847656,85.875,447.0736999511719,6.358548125717789e-05,0.0,6688.80712890625,0,1,0,0,0,38,0,0,0,1,0,2845.8418948138865,17737.357899603416,15765.59853845802,9.992518100553072e-05,0.003014171056502625,261.14217045807004,2791.8775933292764
940,18,4609.4365234375,2751.245824,186.134765625,10.3408203125,108.8749008178711,654.0701904296875,0.0001094122781069018,0.0,8062.439453125,0,1,0,0,0,29,0,0,0,1,0,4714.478899040087,36718.35355143551,33883.49427536886,0.0025546118515947305,0.0005930739950485014,20.34304745784266,2057.7548532048013
941,17,4341.27001953125,2587.282432,780.9404296875,45.93767166137695,76.55343627929688,607.4215698242188,9.173406579066068e-05,0.0,6723.6171875,0,1,0,0,0,30,0,0,0,1,0,3054.2715926063843,33253.32567107348,24458.4961751104,0.002397360289071976,0.000710609889117933,1415.2591991430484,912.722868347513
942,18,4585.37548828125,2706.484224,215.626953125,11.979275703430176,85.65544891357422,576.2230224609375,9.394961671205238e-05,0.0,6568.6630859375,0,1,0,0,0,32,0,0,0,1,0,3389.1586751048894,30953.12036424714,29864.982505315897,0.00030011843692882324,0.0012950430375025627,442.90095574775705,1984.6379803002555
943,17,4371.58740234375,2641.2544,873.6611328125,51.39183044433594,83.2192611694336,664.4894409179688,0.00011820923100458458,0.0,7311.7509765625,0,1,0,0,0,30,0,0,0,1,0,3420.481893443504,26230.782172602005,21995.040290992172,0.000945506689105275,0.0017586474254199236,,
944,16,4156.9013671875,2363.140096,1661.05859375,103.816162109375,151.14828491210938,943.4327392578125,0.0001745911140460521,0.0,10544.7373046875,0,1,0,0,0,26,0,0,0,1,0,5978.55178746003,42834.19659126401,29406.936913160767,0.0066038284903500825,0.0023222121259127114,1195.245169006609,3405.175183640258
945,14,3651.63623046875,2097.588224,3443.9638671875,245.9974365234375,128.2057342529297,993.7478637695312,0.00014656526036560535,0.0,10973.0078125,0,1,0,0,0,21,0,0,0,1,0,6340.055067041948,53665.46375546096,31994.12082812722,0.0003117444487695433,0.001321382629426535,428.21402557777515,2241.731987203744
946,21,5384.13623046875,2800.41728,1585.4521484375,75.49772644042969,45.723899841308594,276.0909729003906,5.0715654651867226e-05,0.0,3671.642822265625,1,0,1,0,0,36,0,0,0,1,0,1935.5454895486168,19384.72151517763,9125.929117337399,0.0006524281304921414,0.001256193869942454,,
947,22,5624.22705078125,3494.115328,1657.69921875,75.34996795654297,56.17528533935547,309.4998779296875,4.330471347202547e-05,0.0,4624.466796875,0,1,0,0,0,45,0,0,0,1,0,2257.705839644098,19476.167031831297,18131.07884179719,0.004739208449876454,0.0037151267762274426,1373.8237717386269,1968.2728811966622
948,18,4590.822265625,3110.578176,201.3115234375,11.18397331237793,81.12782287597656,539.8165893554688,0.000114604459668044,0.0,6303.1689453125,0,1,0,0,0,26,0,0,0,1,0,2172.1541117234597,19234.74927490595,9594.7328589834,0.0035345627239435316,0.023450559458647907,1262.7378280719358,3064.4819263487984
949,15,3837.562744140625,2303.380992,2565.2236328125,171.01492309570312,224.137939453125,1690.2418212890625,0.00026131924823857844,0.0,17345.224609375,0,1,0,0,0,23,0,0,0,1,0,7992.96554539908,63907.18615619082,35823.06450493311,0.002864815125344103,0.0010533627144502788,,
950,20,5099.0166015625,2709.006336,910.83984375,45.5419921875,56.091182708740234,315.10772705078125,5.5774500651750714e-05,0.0,3904.350830078125,0,1,0,0,0,38,0,0,0,1,0,2154.051779589503,15411.698528436444,14409.113622726023,0.0037741200702324576,0.0050324707477503,76.97460065437008,2575.361304201658
951,20,5103.8486328125,3215.287808,992.9921875,49.64960861206055,90.88304138183594,540.8443603515625,9.390275226905942e-05,0.0,8050.50830078125,0,1,0,0,0,35,0,0,0,1,0,3393.38127006332,25243.550476822482,19096.36712935102,0.0005940853390955583,0.0038362430881340136,262.84636591148046,2146.808153275303
952,15,3844.930908203125,2621.289472,1817.7216796875,121.18144989013672,87.4015121459961,474.7266540527344,0.00011920122778974473,0.0,5076.98388671875,0,1,0,0,0,25,0,0,0,1,0,1913.4395601991907,12538.571891630849,4160.038012574396,0.002801128545970982,0.03156341557743784,,
953,16,4120.05224609375,2329.577472,1664.0927734375,104.00579833984375,112.57933044433594,890.882568359375,0.0001282250159420073,0.0,8791.3515625,0,1,0,0,0,24,0,0,0,1,0,3836.6579517646724,24277.201229602884,21331.764853967135,0.000954698578620343,0.009095184030252931,,
954,12,3128.665283203125,1905.148928,5948.8056640625,495.73382568359375,209.48695373535156,1879.0494384765625,0.000231084821280092,0.0,17881.919921875,0,1,0,0,0,17,0,0,0,1,0,6428.605449806799,61975.13297736856,42084.795485706556,0.009020279672807982,4.580678814807004e-06,159.02764631341188,1805.2850042120594
955,21,5397.234375,2631.922176,1219.7314453125,58.08245086669922,37.19797134399414,239.62261962890625,4.381967301014811e-05,0.0,3086.127685546875,0,1,0,0,0,34,0,0,0,1,0,1265.2776781781365,8645.282603667076,7780.403411516552,0.011836293293199334,0.016590490876247293,,
956,19,4926.69580078125,3097.862656,460.9140625,24.258634567260742,80.46188354492188,538.5897216796875,8.633726247353479e-05,0.0,7190.7568359375,0,1,0,0,0,36,0,0,0,1,0,3919.229348775622,26008.632871295627,25292.516926175595,0.00041956160321321434,0.0023532221770768153,,
957,19,4967.4130859375,2947.385856,354.958984375,18.682052612304688,49.32089614868164,400.55999755859375,7.040904165478423e-05,0.0,4627.212890625,0,1,0,0,0,30,0,0,0,1,0,2345.490538681551,23510.50325700019,13324.285280473256,0.000440463385071789,0.0034522329637734633,,
958,20,5159.5087890625,2999.066624,889.2998046875,44.46499252319336,109.0066146850586,496.9488220214844,9.486929775448516e-05,0.0,6927.203125,0,1,0,0,0,39,0,0,0,1,0,4060.8594312653945,25765.09220266893,12642.378977059845,0.005249503673523781,0.007942104472059008,309.5809579259644,2207.341883273598
959,15,3888.5185546875,2434.640384,2530.560546875,168.70404052734375,193.28802490234375,2552.220703125,0.0002915750374086201,0.0,25944.888671875,0,1,0,0,0,24,0,0,0,1,0,7331.9429438773495,42034.41944794866,40583.73241645669,0.013381526178149479,0.001908226443908416,,
960,23,5961.392578125,3047.79776,2345.5615234375,101.9809341430664,54.63250732421875,427.39306640625,7.593135524075478e-05,0.0,7000.96240234375,0,1,0,0,0,46,0,0,0,1,0,3222.2164407168166,18450.69937055018,17234.754794232475,0.0020489362438369015,0.0012032888664373388,220.23412745290034,2744.4560866277357
961,21,5429.17626953125,3636.050432,1455.048828125,69.28804016113281,68.82451629638672,461.1912536621094,8.039038948481902e-05,0.0,6109.66357421875,0,1,0,0,0,35,0,0,0,1,0,3306.7724814246235,22478.02007756506,14758.765391703579,0.0006798344650710657,0.0007704464668067887,,
962,17,4365.26416015625,2966.72768,851.568359375,50.09225845336914,111.07199096679688,803.0071411132812,0.00011004060070263222,0.0,8204.48046875,0,1,0,0,0,27,0,0,0,1,0,3917.8217819467504,42743.68176965478,20714.81430593489,0.002058210066546745,0.005588244869732827,708.5936211231294,1434.986273961168
963,16,4102.2353515625,2390.926848,1696.3525390625,106.02203369140625,127.86085510253906,1000.5709838867188,0.00013752817176282406,0.0,12772.091796875,0,1,0,0,0,21,0,0,0,1,0,6243.791678873044,100680.63067331318,29829.04117820069,0.00402303105808869,0.00029727002723477225,428.5617424157017,1321.5322343599264
964,14,3568.3603515625,2065.001472,3601.455078125,257.2467956542969,114.0736312866211,1319.0518798828125,0.00016463533393107355,0.0,14438.36328125,0,1,0,0,0,30,0,0,0,1,0,4885.160998026342,35355.06230762792,29289.66863767333,0.0434241736690438,0.0009450217940042728,2515.1206434947353,1766.9701473399139
965,20,5088.99267578125,2533.303808,922.353515625,46.11767578125,84.20503234863281,417.92449951171875,7.063367229420692e-05,0.0,5652.30126953125,0,1,0,0,0,41,0,0,0,1,0,3373.6233574787766,33893.46774658155,22358.85720492529,0.0007063652497287798,0.0017929600675875932,241.39247419831827,3134.0899947586913
966,23,5844.04150390625,3525.52704,1933.98486328125,84.0863037109375,38.15327072143555,193.79051208496094,3.81439458578825e-05,0.0,2950.001953125,0,1,0,0,0,45,0,0,0,1,0,1630.343075282844,13934.059525572935,13667.403493599379,0.00031991403303777144,0.00041118058416204917,831.0111266988756,3323.3630036998943
967,14,3593.445556640625,2809.695232,2648.0224609375,189.14447021484375,132.9629669189453,1491.28173828125,0.00022014901333022863,0.0,13815.9033203125,0,1,0,0,0,23,0,0,0,1,0,7650.946293951164,53376.53607325924,52240.322055246565,0.007655067017560101,0.008506196931436102,,
968,17,4327.04443359375,2038.525952,785.8486328125,46.22639083862305,63.08672332763672,701.7491455078125,0.00011183629248989746,0.0,7506.263671875,0,1,0,0,0,28,0,0,0,1,0,3600.0344815956505,35177.45548175295,21492.673755380805,0.003718815551623844,0.01633044339533514,625.9452635556324,1696.9318379767913
969,22,5617.42138671875,2929.957888,1823.1416015625,82.87007904052734,60.476829528808594,268.9930114746094,5.2296705689514056e-05,0.0,3824.811279296875,0,1,0,0,0,40,0,0,0,1,0,2093.398784687769,16569.42679764308,9139.726976457396,0.0033786913662218823,0.0045084979905662265,1078.9571587664914,3478.580705448039
970,21,5526.890625,3589.776384,1325.427734375,63.11560821533203,58.63274002075195,357.0713195800781,5.042945849709213e-05,0.0,5256.9248046875,0,1,0,0,0,41,0,0,0,1,0,2765.207265097169,24126.716242534443,22374.457400336414,0.00020976135173386007,0.011096558745156245,772.3921582220578,3283.7188360816003
971,18,4630.63818359375,3124.645888,207.0869140625,11.504828453063965,93.62271881103516,729.292236328125,0.00011291688861092553,0.0,9563.6123046875,0,1,0,0,0,34,0,0,0,1,0,4985.221501714723,46721.59857456961,30143.973831154122,0.004236898448117152,5.491344449419511e-05,,
972,18,4653.14794921875,2786.546176,189.087890625,10.5048828125,75.5536117553711,520.1547241210938,8.240092574851587e-05,0.0,5613.9873046875,0,1,0,0,0,35,0,0,0,1,0,2598.9769670357123,19945.014011257543,19717.40222792351,0.004831900798165582,0.002715691490195904,,
973,17,4400.79931640625,2697.440256,869.63671875,51.15510177612305,65.85985565185547,770.6112060546875,0.0001015105372061953,0.0,8923.984375,0,1,0,0,0,30,0,0,0,1,0,4144.814763394568,36215.140920950995,19808.635777997188,0.0073331895616766535,0.004370891908005228,,
974,13,3359.922119140625,2017.259008,4280.1064453125,329.2389831542969,223.20338439941406,1791.3248291015625,0.00034614914329722524,0.0,16956.345703125,0,1,0,0,0,18,0,0,0,1,0,6891.754275875898,66834.17309122591,44515.34005771868,0.0024841740870814866,0.002020928845364464,1572.366426048553,307.83368398027926
975,23,5881.8642578125,3034.404864,2140.2373046875,93.05379486083984,35.81419372558594,222.6632080078125,4.293104211683385e-05,0.0,3191.277099609375,0,1,0,0,0,37,0,0,0,1,0,1970.1588168806036,15264.785017234108,12414.696118670776,0.0010243997383195744,0.00603954608408009,937.5835590506485,1214.9017116336918
976,19,4894.2392578125,3482.339328,400.779296875,21.093647003173828,57.992149353027344,421.44525146484375,7.30429746909067e-05,0.0,5130.728515625,0,1,0,0,0,35,0,0,0,1,0,2639.9889845759744,22109.14863710415,21467.20987751457,0.0018512059468638441,0.005265142136738531,1099.1613908353513,1306.5246801155292
977,21,5356.86328125,3270.679552,1485.3583984375,70.73135375976562,55.370765686035156,314.2959289550781,5.590291402768344e-05,0.0,4098.93310546875,0,1,0,0,0,38,0,0,0,1,0,1872.0091666215785,16097.07698341461,10860.545843539816,0.00017937427881338508,0.0006296184200127036,652.0238255792033,2970.7801091517385
978,21,5346.97900390625,3523.66336,1335.962890625,63.61728286743164,43.2998161315918,268.8186950683594,4.840253313886933e-05,0.0,3483.185546875,0,1,0,0,0,35,0,0,0,1,0,1962.2058374693408,20619.718439708224,19321.50465924811,0.0008818962903445124,0.0013934389165568759,,
979,16,4092.949462890625,2796.898304,1665.1181640625,104.06988525390625,153.1780242919922,1133.711181640625,0.00017124689475167543,0.0,11928.9140625,0,1,0,0,0,24,0,0,0,1,0,4859.754856975024,37853.03254291076,28458.44794208341,0.056223345894527,0.0014817237976180314,,
980,21,5394.58837890625,2752.045056,1320.3984375,62.87611770629883,44.40619659423828,340.360595703125,5.429505472420715e-05,0.0,4580.759765625,0,1,0,0,0,38,0,0,0,1,0,2985.6403548427115,29454.684173324436,17589.18493200623,0.001993400785373217,0.0005873851709487371,944.9034047116935,2264.1088027599403
981,18,4611.0087890625,2943.85664,185.3017578125,10.29454231262207,91.94573974609375,735.0631103515625,9.43665363593027e-05,0.0,8218.7802734375,0,1,0,0,0,33,0,0,0,1,0,3951.8264134416,30384.557643649823,27795.800534397247,0.0017927905329279265,0.002760747028580597,184.30991092562726,2253.1755746595386
982,18,4597.3818359375,2822.66112,201.4755859375,11.19308853149414,57.381629943847656,572.3248291015625,7.015280425548553e-05,0.0,6675.328125,0,1,0,0,0,27,0,0,0,1,0,2784.26509038665,25435.187973131106,16620.063520310894,0.001176246570945172,0.025428067824910233,,
983,18,4730.033203125,2838.356992,208.125,11.5625,92.02468872070312,708.2849731445312,0.00011991902283625677,0.0,8142.14453125,0,1,0,0,0,26,0,0,0,1,0,4014.075634653115,25527.118459968704,21784.757182296027,0.0015973800733139892,0.005814337899543873,,
984,17,4324.84326171875,2664.409088,780.2529296875,45.89723205566406,56.2858772277832,453.099853515625,8.336645259987563e-05,0.0,4969.88720703125,0,1,0,0,0,26,0,0,0,1,0,2041.4920940393347,17142.659437707574,13837.029197632422,0.0019433996553512578,0.005363375671001466,1052.7805686714614,1504.9133813872154
985,16,4112.86767578125,2451.162624,1709.1669921875,106.82293701171875,188.6545867919922,1209.0325927734375,0.00017020116501953453,0.0,12120.7216796875,0,1,0,0,0,23,0,0,0,1,0,5657.5676860029635,35650.78498771883,29464.298561031985,0.00023025157775033445,0.00695235143602696,,
986,17,4366.99609375,2504.607744,873.45703125,51.379825592041016,81.60022735595703,634.8271484375,9.822506399359554e-05,0.0,7101.20751953125,0,1,0,0,0,27,0,0,0,1,0,3302.726421803783,23380.64211067772,18371.207249344036,0.007465227648538117,0.0008754683791292626,,
987,17,4349.0263671875,2611.872768,828.833984375,48.754940032958984,92.2332763671875,881.959228515625,0.00014369911514222622,0.0,9283.791015625,0,1,0,0,0,31,0,0,0,1,0,4071.223267262722,30319.8758265725,21910.365315198418,0.00383341669543244,0.004847747614327574,,
988,14,3626.416015625,2175.031296,3589.1845703125,256.3703308105469,122.36149597167969,1396.5836181640625,0.00018143776105716825,0.0,13825.544921875,0,1,0,0,0,21,0,0,0,1,0,5870.74194503191,36194.739526809724,23542.946817603177,0.0008734064270547078,0.006766648587046113,1549.6553895883003,438.336057547887
989,17,4366.84912109375,2214.40768,954.8583984375,56.16814041137695,122.07528686523438,706.3202514648438,0.00012462215090636164,0.0,8322.2529296875,0,1,0,0,0,26,0,0,0,1,0,3786.8545127791326,17835.88569202706,14150.749526517971,0.003304564378897451,0.0026873368226331892,276.43454187120415,2368.7631700631305
990,23,5979.228515625,3341.707776,2333.0146484375,101.4354248046875,46.0221061706543,228.6796417236328,4.144304693909362e-05,0.0,3154.05029296875,1,0,1,0,0,42,0,0,0,1,0,1946.0108440198283,14142.484170164398,13754.80260320124,0.0007060706294096716,0.0009848077259819593,654.372907960472,3102.993898686323
991,17,4352.89599609375,3142.919168,952.775390625,56.04561233520508,135.33908081054688,1004.5344848632812,0.00018920094589702785,0.0,10671.3271484375,0,1,0,0,0,25,0,0,0,1,0,6196.228295021614,80110.9595822171,37797.88528260985,0.0037585800249981954,0.0022732477733076045,1235.8078204250346,3297.300510908756
992,19,4939.40234375,2732.767744,390.0,20.526315689086914,61.87485122680664,303.5171203613281,5.663787669618614e-05,0.0,3303.927978515625,0,1,0,0,0,27,0,0,0,1,0,1583.0056736822555,8886.387997878064,4404.088179206711,0.0015254915127568547,0.0017476998893664773,974.376088107585,2809.2143322169795
993,21,5374.0859375,3133.3888,1317.5146484375,62.738792419433594,67.138916015625,400.7751159667969,5.691674232366495e-05,0.0,5228.6669921875,0,1,0,0,0,39,0,0,0,1,0,3065.5013291067485,24344.639635451516,23911.502479713385,0.0015576206010216587,0.0017750414012377147,439.3637017102242,2048.723065509098
994,21,5362.09619140625,3420.939264,1457.943359375,69.42587280273438,74.92024993896484,378.7510986328125,6.928171205800027e-05,0.0,5099.29931640625,0,1,0,0,0,37,0,0,0,1,0,2889.412382775314,24893.839595062065,23709.094128287135,0.021019473090046002,0.0005808572751603708,563.2235637057283,1776.6392116203083
995,21,5413.00048828125,3563.964416,1329.7626953125,63.3220329284668,42.28297424316406,297.4022521972656,4.816611181013286e-05,0.0,4033.077392578125,0,1,0,0,0,37,0,0,0,1,0,2660.0843232334714,24805.451564851122,21183.89315954444,0.007875549150875016,5.918519816602852e-05,,
996,25,6476.73291015625,3866.143744,2794.53662109375,111.78146362304688,30.821550369262695,175.04490661621094,3.6056899261893705e-05,0.0,2750.785888671875,1,0,1,0,0,46,0,0,0,1,0,1689.2675705143808,13283.47718217021,9974.902418056221,0.003054342496817908,0.0044410288638288276,1889.3416401754316,550.4773394839666
997,19,4892.111328125,3452.706304,316.2841796875,16.646535873413086,88.31048583984375,380.066162109375,7.779088628012687e-05,0.0,5077.115234375,0,1,0,0,0,39,0,0,0,1,0,3412.7705980537107,23091.43253081475,21567.932278633278,0.00029209431708512087,0.0007224987990482063,,
998,20,5077.81103515625,3135.517696,784.9736328125,39.24868392944336,43.937110900878906,349.92718505859375,6.387369649019092e-05,0.0,4394.40625,0,1,0,0,0,35,0,0,0,1,0,2300.05535898007,17206.56394062714,14888.198501890378,0.00166859812962427,0.0005369505218828369,1036.986965113786,3355.6270022442272
999,18,4594.97607421875,2959.934464,232.015625,12.88975715637207,103.10266876220703,570.3585205078125,8.533451909897849e-05,0.0,7181.15625,0,1,0,0,0,32,0,0,0,1,0,3598.3605403958863,25315.99928053686,22053.14922281314,0.000880291149346471,0.0004303821719138859,,
