sample_idx,natoms,time,memory,energy_mae,energy_mae_per_atom,forces_mae,hessian_mae,asymmetry_mae,true_asymmetry_mae,eigval_mae,true_neg_num,true_is_minima,true_is_ts,true_is_ts_order2,true_is_higher_order,model_neg_num,model_is_ts,model_is_minima,model_is_ts_order2,model_is_higher_order,neg_num_agree,eigval_mae_eckart,eigval1_mae_eckart,eigval2_mae_eckart,eigvec1_cos_eckart,eigvec2_cos_eckart,freq_mae_400_4000,freq_mae_400_4000_dataset
0,16,3689.72802734375,2292.2752,1843.42578125,115.214111328125,106.95817565917969,1159.791015625,0.00017677956202533096,0.0,11980.3974609375,0,1,0,0,0,28,0,0,0,1,0,5200.5303048133455,33647.34786640781,28672.520986605225,0.00027480943422998616,0.010313961559960502,1768.8331536841317,318.7941179146112
1,19,4854.27880859375,2716.84864,255.4833984375,13.446495056152344,58.469417572021484,385.8257141113281,6.891927478136495e-05,0.0,4973.232421875,0,1,0,0,0,36,0,0,0,1,0,2251.0443832524743,13641.833487923126,12297.077576178912,0.018412384137938997,0.0009044894281868276,1288.4156680785868,1985.817147278331
2,17,4382.92138671875,2723.774464,1160.07421875,68.23966217041016,103.91757202148438,1026.448974609375,0.00015323386469390243,0.0,11154.0146484375,0,1,0,0,0,26,0,0,0,1,0,5810.0357677338725,35446.752248389465,32802.31598482266,0.0016834132124351475,0.004630310780290102,270.685603578401,2318.0965708723224
3,21,5389.068359375,3031.318016,1177.2919921875,56.0615234375,38.9252815246582,261.90411376953125,6.213328742887825e-05,0.0,3631.063232421875,0,1,0,0,0,43,0,0,0,1,0,1865.7777155713075,17262.63824177496,14437.139947442389,0.0026563659660435585,0.0059118536539448895,2087.046693408366,394.1647253184083
4,17,4391.5927734375,2984.836096,1135.1416015625,66.77303314208984,133.451171875,1084.3245849609375,0.00018067691416945308,0.0,12058.2822265625,0,1,0,0,0,31,0,0,0,1,0,6511.708654751229,53485.163584053626,32500.978951769495,0.002211482254696376,0.00019688701065249947,,
5,23,5916.60546875,3388.756992,1955.439453125,85.01911163330078,50.91880416870117,280.70672607421875,6.940646562725306e-05,0.0,3866.60791015625,0,1,0,0,0,37,0,0,0,1,0,2028.7556875533705,13477.452244110871,11150.252515183587,0.00593728731515299,0.007120090594858033,1868.6338034068503,281.15057183003046
6,18,4643.8359375,3376.5632,380.8837890625,21.16021156311035,85.04642486572266,722.731201171875,0.00013763338210992515,0.0,8805.6162109375,0,1,0,0,0,34,0,0,0,1,0,4235.058405335504,28610.93819946879,21932.40361248315,0.0038036435718237505,0.0029596899715105453,,
7,19,4896.65673828125,2963.044352,243.3330078125,12.807000160217285,81.48731994628906,488.1751708984375,0.00010990214650519192,0.0,5931.47314453125,0,1,0,0,0,36,0,0,0,1,0,3066.2830420110417,18629.573443492525,15927.131903588679,0.00035259508204691335,0.005308684971904565,,
8,23,6047.0048828125,3653.798912,1970.9775390625,85.6946792602539,35.089046478271484,240.1283721923828,4.346882633399218e-05,0.0,3542.128662109375,0,1,0,0,0,49,0,0,0,1,0,1968.8691618035457,14374.230279291465,8307.465752505073,0.017428883776358713,0.004705103358602816,,
9,19,4917.244140625,3567.52896,255.435546875,13.443976402282715,52.434730529785156,444.3157043457031,7.080085197230801e-05,0.0,5643.630859375,0,1,0,0,0,37,0,0,0,1,0,2514.5269474569654,13821.817732868585,12673.886400335083,0.003577609919165184,0.0036560483192640885,232.53422100155967,2479.8212482025206
10,19,4897.3740234375,2965.646336,268.927734375,14.154091835021973,129.74789428710938,945.0,0.00015186882228590548,0.0,12320.3935546875,0,1,0,0,0,37,0,0,0,1,0,5796.263337429068,28625.82447688443,24758.986444719845,0.0027110613461897304,0.001509740217521812,,
11,19,4904.73681640625,3005.645824,274.654296875,14.455489158630371,98.89271545410156,710.4088134765625,0.00014102431305218488,0.0,8629.220703125,0,1,0,0,0,36,0,0,0,1,0,4592.219247427349,31564.649535676574,26297.07196251402,0.015138981204627453,0.00396724352503873,1132.2546066050147,1273.9148517651709
12,16,4145.9697265625,2611.776512,1672.5048828125,104.53155517578125,105.45000457763672,1017.3375854492188,0.00017322387429885566,0.0,10441.1845703125,0,1,0,0,0,26,0,0,0,1,0,5061.407077878435,29181.859793366126,27308.971406393593,0.002143292973102444,0.00014750004532138733,1339.9699189630446,2097.1605932166467
13,19,4896.892578125,2723.641856,214.439453125,11.286287307739258,56.639984130859375,321.42401123046875,5.820538353873417e-05,0.0,3971.113525390625,0,1,0,0,0,33,0,0,0,1,0,1780.7453556366704,15888.367553356029,9859.451294127732,0.0009942662596345783,0.004168486404912443,,
14,23,5942.45263671875,3538.6624,1961.787109375,85.29508972167969,43.82400894165039,308.95013427734375,4.544963303487748e-05,0.0,4764.849609375,0,1,0,0,0,41,0,0,0,1,0,2485.0176011879425,11643.389890197923,8656.536069034677,0.0039317188220119245,8.611060174239238e-05,,
15,22,5683.12353515625,3697.138688,1667.875,75.8125,40.74137878417969,351.7090148925781,5.8253182942280546e-05,0.0,5725.49169921875,0,1,0,0,0,36,0,0,0,1,0,3207.3959510687914,20899.957794437567,20409.52881043061,0.0009781945213324927,0.0029535419406282303,585.2245039556296,1699.594297553207
16,19,4913.90234375,3280.618496,265.078125,13.9514799118042,63.59131622314453,609.130126953125,9.506843343842775e-05,0.0,7974.59423828125,0,1,0,0,0,32,0,0,0,1,0,4091.5588415516722,28525.350894529023,18595.333836583097,0.002785262364181189,0.005291454326251208,253.47263952150115,2481.8661126612783
17,21,5417.138671875,3352.119296,1178.11328125,56.10063171386719,47.461021423339844,404.1894226074219,8.67381677380763e-05,0.0,4945.98681640625,0,1,0,0,0,35,0,0,0,1,0,2485.310154130426,20281.157440300714,19704.767389030996,0.00039350651135586223,0.00033319586615800437,,
18,23,5855.31201171875,3905.34144,1968.19921875,85.57388305664062,28.327350616455078,238.74835205078125,5.859182419953868e-05,0.0,3272.16259765625,0,1,0,0,0,36,0,0,0,1,0,1674.7247060380173,20688.969926854883,5118.3047697426155,0.00036392394651970326,0.06432247403943415,,
19,17,4313.5966796875,3135.28832,940.9658203125,55.350929260253906,72.34014129638672,923.31787109375,0.00021277047926560044,0.0,9111.529296875,0,1,0,0,0,35,0,0,0,1,0,4245.599001019103,26368.50601195048,23150.209483248458,0.0025429185034111512,0.002027739438587934,,
20,16,4148.56005859375,2339.798528,1859.103515625,116.1939697265625,86.55455780029297,1020.4481201171875,0.00015046732733026147,0.0,10420.833984375,0,1,0,0,0,29,0,0,0,1,0,4893.845389547158,52794.48073535438,32750.583835060344,0.0005503452354151672,0.0006032394185107523,,
21,19,4923.818359375,2758.28992,258.0,13.578947067260742,56.01970672607422,512.8869018554688,7.695225212955847e-05,0.0,6034.71240234375,0,1,0,0,0,34,0,0,0,1,0,3329.4719129765476,24973.4992800328,18644.540073738062,0.004417081919367627,0.0019503197299166348,1113.5280433079142,3432.8255671335874
22,20,5161.447265625,3278.915072,837.958984375,41.89794921875,63.29902267456055,515.6815185546875,8.286716183647513e-05,0.0,6309.22412109375,0,1,0,0,0,36,0,0,0,1,0,3546.091375344419,21932.83553234789,19868.55090392129,0.00057970504013026,0.0015690795005179128,1215.2075794486673,3572.028924859742
23,19,4914.92529296875,3190.160896,243.98046875,12.84107780456543,64.02399444580078,560.6793212890625,0.00010166851279791445,0.0,7018.2099609375,0,1,0,0,0,35,0,0,0,1,0,3266.137739917443,24978.680730735152,18914.870980315733,0.0024883327718486156,0.0015619731429437587,,
24,23,5933.81787109375,3652.353024,1965.55078125,85.45873260498047,30.78457260131836,264.7969055175781,4.6816283429507166e-05,0.0,3942.967529296875,0,1,0,0,0,48,0,0,0,1,0,1910.7604965000887,12980.137626657577,12260.785895418358,0.0022887166677994127,0.010052863933460714,,
25,18,4662.048828125,3349.288448,315.9560546875,17.55311393737793,71.72515869140625,498.1317138671875,8.375279139727354e-05,0.0,6301.3212890625,0,1,0,0,0,31,0,0,0,1,0,3589.2842733994185,22766.503457207607,16411.69549801757,0.00028185721068091363,0.00035346309777216367,1080.457151264852,1344.427291681495
26,23,5936.4599609375,3307.485184,1954.7587890625,84.98951721191406,31.061325073242188,259.4028625488281,3.572801506379619e-05,0.0,3998.059814453125,0,1,0,0,0,43,0,0,0,1,0,2129.718452396752,18082.492611020254,8936.81049620866,0.0010922602378842586,0.03417805552898165,561.0683188354342,2906.467106113212
27,23,5938.95458984375,3826.189824,2135.791015625,92.86048126220703,42.58525085449219,372.3097229003906,7.652851491002366e-05,0.0,5092.634765625,0,1,0,0,0,41,0,0,0,1,0,2775.4900008860445,26425.714048184996,18290.703174096227,0.00023583485881304832,0.0012165889968193538,89.82982575051528,2405.6661374843916
28,23,5953.7490234375,3975.49568,1768.11328125,76.8744888305664,27.691303253173828,187.2227325439453,4.450930282473564e-05,0.0,2654.82958984375,0,1,0,0,0,38,0,0,0,1,0,1288.369698278207,5257.4438184356195,5109.513315859942,0.0016832686998230345,0.013697072939006905,1241.2292815053681,1697.669417134266
29,16,4153.85888671875,3099.684352,1904.7373046875,119.04608154296875,190.353271484375,1556.6519775390625,0.0002485008735675365,0.0,15386.830078125,0,1,0,0,0,25,0,0,0,1,0,7507.980333035257,98588.26593630925,38891.62156831508,0.00030952060607588455,0.0010511170166175449,1396.8746975743302,3484.2899749014077
30,16,4147.47412109375,2322.028544,1850.2080078125,115.63800048828125,83.07344055175781,830.242431640625,0.0001455210440326482,0.0,8947.91796875,0,1,0,0,0,26,0,0,0,1,0,4779.424250658867,35826.948720109795,27071.15535697389,0.0007982717670396849,0.0002833400893776754,402.2001820390269,2642.8017865536526
31,16,4285.47705078125,2286.084608,1875.591796875,117.2244873046875,98.00029754638672,873.5104370117188,0.00012514750414993614,0.0,10111.2998046875,0,1,0,0,0,26,0,0,0,1,0,5755.26100957702,47197.98926136567,34666.391157473125,0.0018472505643675795,6.469233355847499e-05,666.6567972460405,2646.8936904045045
32,20,5169.12109375,2684.862464,766.9228515625,38.34614181518555,70.11976623535156,405.4286193847656,9.379061521030962e-05,0.0,5634.0185546875,0,1,0,0,0,40,0,0,0,1,0,2975.2586937539204,39172.190922862384,21771.457571656876,0.00022255361808593,0.004967508949334128,1363.6726279146856,1110.5466369370242
33,23,5933.01708984375,3644.47232,1647.48828125,71.62992858886719,30.98711395263672,253.49310302734375,5.480869367602281e-05,0.0,3685.184814453125,0,1,0,0,0,40,0,0,0,1,0,1973.1344702687793,11203.501365429905,10378.588115211965,0.003699758453474193,0.002023109601322126,889.8823877498221,3328.5621922226724
34,21,5422.57568359375,3759.360512,1289.3623046875,61.3982048034668,57.00084686279297,459.0672912597656,7.926479884190485e-05,0.0,6390.81689453125,0,1,0,0,0,42,0,0,0,1,0,3573.0847180382475,20779.898737891985,20503.828013860708,0.001812862587997132,0.0009745087054215951,,
35,20,5174.51806640625,3357.010944,754.818359375,37.74091720581055,57.675167083740234,557.106689453125,8.94216209417209e-05,0.0,7141.1982421875,0,1,0,0,0,38,0,0,0,1,0,4396.249711100127,24935.652560593986,24224.527156836662,0.000488941934419028,0.0019082048831044196,,
36,23,5938.91552734375,3769.483264,1957.001953125,85.08704376220703,28.035383224487305,261.9349060058594,4.525069016381167e-05,0.0,3818.311767578125,0,1,0,0,0,45,0,0,0,1,0,2042.7354123655552,11464.701634127197,9447.164171078372,0.00030416221576072544,0.007342912921562708,,
37,20,5177.66455078125,3752.41984,767.9716796875,38.39858627319336,61.34001541137695,368.97216796875,7.608591113239527e-05,0.0,4814.58251953125,0,1,0,0,0,39,0,0,0,1,0,2302.3340773965037,20629.05531134494,18071.487360624014,0.0012735999272947968,0.010583015108469943,1288.098266206425,1162.5400021159137
38,16,4150.1943359375,2849.030144,1827.998046875,114.2498779296875,83.51527404785156,810.5986938476562,0.00015560444444417953,0.0,8241.501953125,0,1,0,0,0,23,0,0,0,1,0,3852.2051859413264,24387.70162000154,23114.35636978028,0.003442315461899735,0.002033505047323851,916.3170563649467,1009.0596573352307
39,22,5674.3642578125,3130.430464,1671.2958984375,75.9679946899414,52.19355773925781,386.0876159667969,5.9687881730496883e-05,0.0,5551.64892578125,0,1,0,0,0,40,0,0,0,1,0,2842.80371990807,18602.521913858716,18003.05167059851,0.0058969553839021485,0.002144578862281102,,
40,15,3887.68798828125,2838.935552,2845.67578125,189.71173095703125,110.193603515625,1763.3856201171875,0.0002583012683317065,0.0,18564.595703125,0,1,0,0,0,24,0,0,0,1,0,7317.174244360119,40753.426356231146,25041.872120224303,0.0034080973298747375,0.012680620054190492,255.980433555716,1712.791195738651
41,18,4562.236328125,2512.928768,425.4697265625,23.63720703125,125.22332763671875,1001.8515014648438,0.00019420454918872565,0.0,11264.7265625,0,1,0,0,0,30,0,0,0,1,0,5101.9247621893355,25323.177224777217,23168.719393044936,0.0018613286478960656,0.0031944466658583616,984.251185837631,3267.0841149723824
42,15,3846.60205078125,2382.587904,2252.0009765625,150.13340759277344,96.4345703125,1202.938720703125,0.00021855125669389963,0.0,11938.2421875,0,1,0,0,0,28,0,0,0,1,0,7324.172754350956,44919.35704478047,38275.8081278036,0.00017340908080104578,0.001257508015501077,,
43,22,5615.23876953125,2680.690176,1816.619140625,82.57360076904297,74.20639038085938,575.3638916015625,9.763104026205838e-05,0.0,8533.759765625,0,1,0,0,0,38,0,0,0,1,0,5124.049609275783,93434.04117305645,34366.99015975857,0.0004736330259138277,0.0005728327421863355,1432.7637868775876,888.1278391065186
44,23,5885.828125,3740.511744,1953.8720703125,84.95095825195312,37.52684783935547,375.02484130859375,7.86476448411122e-05,0.0,5303.0673828125,0,1,0,0,0,45,0,0,0,1,0,2916.2444170382123,31188.963275902224,19439.54443065655,0.0019315829660838113,0.0024543712496777753,352.01915568511504,2416.869305614193
45,19,4855.6787109375,3490.732544,229.48828125,12.078330993652344,123.0717544555664,888.2122192382812,0.00016209158638957888,0.0,11059.0478515625,0,1,0,0,0,31,0,0,0,1,0,5632.144133073691,26994.563243987348,26821.53048988315,0.0019504023562267325,0.0023278662414212836,199.00503544172352,2105.1054935532416
46,21,5374.6669921875,3336.94976,1163.296875,55.39509201049805,41.68351745605469,355.9928894042969,6.907917122589424e-05,0.0,4815.544921875,0,1,0,0,0,35,0,0,0,1,0,1937.900983569515,12972.824150730306,11318.238767421586,8.733214314640692e-05,0.0010090756813243055,1528.538215929715,1541.2403949717316
47,20,5113.681640625,3449.680384,775.5400390625,38.77700424194336,60.80866241455078,437.3935546875,6.829351332271472e-05,0.0,5479.60009765625,0,1,0,0,0,29,0,0,0,1,0,2967.6626010410228,18549.36621590108,12143.693187721967,0.005379133131695739,0.003012403843459119,101.73573309026642,1817.714802110986
48,22,5629.20263671875,3584.110592,1672.412109375,76.01873779296875,36.488037109375,321.0069274902344,6.081424362491816e-05,0.0,4598.20166015625,0,1,0,0,0,38,0,0,0,1,0,2629.3530615016175,18374.013455573837,14471.838451078016,0.0016593798515340263,0.00039994138130534235,1322.3437640844932,951.5814171716715
49,20,5114.34765625,3484.233216,774.43359375,38.7216796875,52.25212860107422,403.3797912597656,6.67232961859554e-05,0.0,5478.93896484375,0,1,0,0,0,34,0,0,0,1,0,2728.451159152036,18685.154574417913,17289.716092648297,0.00024777613196608206,0.0012932072567756747,,
50,18,4612.28076171875,3038.33088,362.5830078125,20.14350128173828,61.55690383911133,545.3707275390625,9.588690591044724e-05,0.0,6436.73681640625,0,1,0,0,0,34,0,0,0,1,0,2980.454738041412,22033.6513357368,14491.906739722295,0.0010906428011117908,0.004408136631888854,,
51,21,5357.17041015625,3242.740736,1306.587890625,62.21847152709961,45.459590911865234,351.5931701660156,7.469418051186949e-05,0.0,4804.0361328125,0,1,0,0,0,33,0,0,0,1,0,2534.9046470822723,15446.41671841812,9982.935981837078,0.0022244715492890643,0.006738858321380697,,
52,19,4815.2587890625,3220.332544,263.4326171875,13.864874839782715,67.33970642089844,680.074951171875,0.00012928784417454153,0.0,8739.1923828125,0,1,0,0,0,31,0,0,0,1,0,5040.466206728307,34018.03495125742,25045.456873194802,0.00018788534770377424,0.0013770615124956073,1199.6657834897428,3403.653488338885
53,18,4561.97216796875,2753.946112,345.017578125,19.16764259338379,59.47513961791992,590.6567993164062,8.243314368883148e-05,0.0,7283.70263671875,0,1,0,0,0,32,0,0,0,1,0,4149.610406414508,28511.63265953247,27846.949851632504,0.002314016444611906,0.00018169629323051915,104.69476809520893,2382.975824858722
54,18,4557.841796875,2659.95264,400.3916015625,22.24397850036621,96.77055358886719,897.1338500976562,0.0001400237815687433,0.0,9453.8291015625,1,0,1,0,0,27,0,0,0,1,0,4520.813157629888,33430.50656440054,26278.99330852948,0.00014598201753112175,0.00014019979191094364,,
55,17,4353.1025390625,2559.919104,1034.2197265625,60.836456298828125,91.09227752685547,939.6295776367188,0.00014898765948601067,0.0,10025.12890625,0,1,0,0,0,36,0,0,0,1,0,4594.700621440156,31379.46592758765,29718.35446125349,0.000913294688111136,3.254630499806288e-06,,
56,19,4878.4541015625,2612.890112,189.744140625,9.986534118652344,53.4010124206543,470.9744567871094,8.772443106863648e-05,0.0,6167.03662109375,0,1,0,0,0,38,0,0,0,1,0,2876.1505192314107,22263.109997572144,16605.43645397001,0.0006556062575606841,0.002049012713202694,541.6456735838901,2489.9466869918333
57,19,4885.27783203125,2936.138752,202.375,10.651315689086914,55.48081970214844,432.6064758300781,8.500349940732121e-05,0.0,5930.7939453125,1,0,1,0,0,34,0,0,0,1,0,3196.5982154683593,16760.63444715682,15445.689638924301,0.008019099828688168,0.0028976295204527908,397.7426254789548,2794.4145032621545
58,18,4629.24267578125,2883.689984,466.140625,25.89670181274414,182.13223266601562,1243.949951171875,0.0002493259380571544,0.0,13266.7880859375,0,1,0,0,0,30,0,0,0,1,0,7526.861676457928,66467.29828570136,61265.94582623196,0.0003363439652997388,0.00012589691449974016,,
59,18,4625.4970703125,2726.777856,345.310546875,19.18391990661621,64.34361267089844,782.37158203125,0.00010392473632236943,0.0,8504.3984375,0,1,0,0,0,29,0,0,0,1,0,5063.63173971596,62176.589547544834,25274.305627291225,0.002543820183761175,0.0021056753833229823,629.36065175015,1573.2579363814273
60,19,4887.04443359375,2920.02048,236.5537109375,12.4501953125,59.85466003417969,704.1438598632812,0.00010322799789719284,0.0,8825.8232421875,1,0,1,0,0,33,0,0,0,1,0,5050.884072422174,34160.46265764523,24679.10645721146,0.004547686115722274,0.00022862686293200016,1235.5343428685542,973.1923472198446
61,16,4127.56201171875,2628.563968,1984.513671875,124.0321044921875,131.84042358398438,1378.1148681640625,0.0002690224500838667,0.0,14076.130859375,0,1,0,0,0,26,0,0,0,1,0,7998.977607452815,41023.914156353385,40590.02344999055,0.005950986000851102,0.015943708665932678,,
62,20,5156.15283203125,2577.31328,837.7392578125,41.886962890625,93.7278060913086,854.2513427734375,0.0001135088168666698,0.0,10517.20703125,0,1,0,0,0,42,0,0,0,1,0,5761.47785209052,32515.71375741637,27563.975330521578,0.0003695286281999756,0.008035305209840199,,
63,20,5207.7685546875,3086.483968,772.791015625,38.63955307006836,45.644691467285156,412.4750671386719,8.16430474515073e-05,0.0,5174.0830078125,0,1,0,0,0,37,0,0,0,1,0,2326.9260106665793,30431.973816300422,11879.558620233845,0.004123210448499108,0.006231152132374905,264.3706945766421,2694.155963156211
64,23,5974.46728515625,3688.628736,1777.607421875,77.28727722167969,26.69416046142578,189.4993896484375,3.6241755879018456e-05,0.0,2600.789794921875,0,1,0,0,0,47,0,0,0,1,0,1145.8794669641954,23884.827803138673,4824.709217839882,0.0010296551332644368,0.0029209828058607903,827.8421876955144,3310.1625788371653
65,19,4945.205078125,3478.160896,257.4111328125,13.547954559326172,61.168270111083984,432.9998474121094,9.809985203901306e-05,0.0,5078.4287109375,0,1,0,0,0,33,0,0,0,1,0,2709.2942163614002,16250.069020754683,15929.853425090436,0.0016728760634979675,0.005846139243522853,,
66,21,5431.7001953125,3379.858944,1170.1845703125,55.72307586669922,36.13987350463867,277.41448974609375,5.391920785768889e-05,0.0,3778.092529296875,0,1,0,0,0,41,0,0,0,1,0,1784.2275010942049,18188.789600485066,10819.208399173915,0.0007043676850080303,0.0023857266922062415,239.77092906031658,2647.6829216871984
67,16,4147.58837890625,2915.072512,2063.638671875,128.9774169921875,174.14404296875,1469.2181396484375,0.0002554474922362715,0.0,15046.046875,0,1,0,0,0,20,0,0,0,1,0,8306.971490502781,33070.76328374168,32327.35059641107,0.005092455535821123,0.0006239376986732596,1269.4322688528803,296.54616984665313
68,19,4915.05224609375,2773.613056,263.8779296875,13.888312339782715,97.77120971679688,689.5369873046875,0.00013819926243741065,0.0,8279.994140625,0,1,0,0,0,32,0,0,0,1,0,5181.388197952104,23148.22135211342,22351.021680578466,0.0019975179228437674,0.00024082722958696998,,
69,19,4967.61474609375,3032.740864,240.9404296875,12.681075096130371,71.26412200927734,613.3538818359375,0.00011105535668320954,0.0,7219.0810546875,0,1,0,0,0,37,0,0,0,1,0,3483.446573178015,26070.75765464056,16926.264083906317,0.0009399735953443695,0.0031133405802239063,,
70,16,4188.64990234375,2626.29376,1854.1337890625,115.88336181640625,108.53916931152344,977.638671875,0.00014836953778285533,0.0,10326.416015625,0,1,0,0,0,31,0,0,0,1,0,4935.812676011014,28646.36424284052,28258.80113503183,0.002554275575454512,0.001476464757629234,,
71,18,4675.5859375,2573.015552,324.1669921875,18.00927734375,55.637813568115234,520.2058715820312,0.0001659651316003874,0.0,5596.11328125,0,1,0,0,0,32,0,0,0,1,0,2480.971004421364,20636.81411969707,11649.167104612923,0.0011616678524897436,0.0015665124794920007,,
72,21,5469.75390625,3247.723008,1165.080078125,55.480003356933594,35.88706970214844,379.91253662109375,5.574841998168267e-05,0.0,4834.65185546875,0,1,0,0,0,36,0,0,0,1,0,2755.707197016938,43729.1035811802,17763.70289768691,0.00011836221432434332,0.010558911275958309,941.395824144282,3217.8746474753184
73,21,5468.70947265625,3570.256384,1182.419921875,56.30570983886719,60.227413177490234,273.2326354980469,7.011761772446334e-05,0.0,3675.46728515625,0,1,0,0,0,38,0,0,0,1,0,1795.8746447928036,16724.883800820593,12473.646190519825,0.0005727441379595691,0.0006116042567366649,760.5860889063724,1532.5380480591348
74,16,4168.54248046875,2882.207744,1738.123046875,108.6326904296875,105.88653564453125,770.6615600585938,0.00016593550390098244,0.0,7507.40185546875,0,1,0,0,0,28,0,0,0,1,0,3176.696840844101,27656.978271786775,20385.176781543374,0.0007388556482942326,0.003085637821510949,5.0751647288748245,2058.7113021449823
75,21,5454.80615234375,2882.843136,1295.0966796875,61.67127227783203,60.88961410522461,477.9294738769531,7.572778849862516e-05,0.0,6122.7392578125,0,1,0,0,0,38,0,0,0,1,0,3368.880443497429,20267.486589572713,16642.64289966949,0.0012884583394291993,0.0001915322275683369,,
76,21,5464.01123046875,3296.951808,1049.48046875,49.97526168823242,40.851619720458984,273.6290283203125,5.583234451478347e-05,0.0,3512.482177734375,0,1,0,0,0,26,0,0,0,1,0,1500.750154642708,10389.223568719046,3445.712829247819,0.0011317463834461805,0.0077208776987263555,527.0831118082261,1925.942424987647
77,12,3164.337890625,2367.798272,5924.1494140625,493.67913818359375,205.0984344482422,2990.073974609375,0.0004767249047290534,0.0,26656.685546875,0,1,0,0,0,20,0,0,0,1,0,12560.952039666681,67104.13980283178,48993.35286058627,0.0022420748397588702,4.883012849194249e-05,,
78,17,4455.57861328125,2016.200704,1155.4326171875,67.96662139892578,174.63339233398438,1092.4219970703125,0.0001786237262422219,0.0,12955.3154296875,2,0,0,1,0,31,0,0,0,1,0,6023.582082536654,40464.87646126151,34123.209333221814,0.021276140038123253,0.0021720903578725803,1006.9516940204908,3007.637569163546
79,19,4957.05078125,2576.994304,226.8037109375,11.937037467956543,40.495887756347656,406.0533142089844,7.738572458038107e-05,0.0,5234.18310546875,0,1,0,0,0,38,0,0,0,1,0,2319.814824181417,16957.195898772905,12355.858788340947,0.000993902561606412,0.002353872471348488,85.53759085166348,2306.9002665785765
80,15,3908.65625,2329.005056,2563.6220703125,170.90814208984375,118.70836639404297,1096.346923828125,0.00015865941531956196,0.0,12497.3837890625,0,1,0,0,0,21,0,0,0,1,0,5949.240036286773,46162.76239053537,33710.60865906032,0.0016340409392222865,0.0003523134326840205,842.3763937104463,2684.200407389199
81,19,4918.673828125,2446.81728,213.66015625,11.245271682739258,91.22188568115234,697.6673583984375,0.00010848302190424874,0.0,8987.322265625,0,1,0,0,0,32,0,0,0,1,0,3971.311418198591,38035.66072490359,21425.398591911635,0.0011635505166473353,0.0010276028965334055,1481.2980076749675,1896.1753106187346
82,15,3893.1728515625,2444.495872,2616.990234375,174.4660186767578,84.15023803710938,1129.39306640625,0.00019307118782307953,0.0,13162.783203125,0,1,0,0,0,29,0,0,0,1,0,5353.187312919552,39855.05725639912,29638.571390169633,0.0023889635309754815,0.01201066095794831,556.3332274421667,2583.861084893729
83,14,3657.6630859375,1895.782912,3440.3154296875,245.73683166503906,122.94029235839844,1280.6326904296875,0.00022691393678542227,0.0,12519.087890625,0,1,0,0,0,30,0,0,0,1,0,4130.007937487237,24980.081068458796,18040.17218980398,0.0006071486171665245,0.0027185716054054093,,279.0591653194708
84,15,3938.512451171875,1925.666816,2642.3037109375,176.15359497070312,78.60282135009766,858.3494873046875,0.0001558209041832015,0.0,9244.1513671875,0,1,0,0,0,22,0,0,0,1,0,4190.367531518396,35511.470425461834,25825.7254853346,0.0033896634286666727,0.02025021068558753,688.5232451822264,1931.3122528136066
85,20,5221.22802734375,2763.155456,828.1328125,41.40664291381836,105.36195373535156,738.8485107421875,0.00010711637150961906,0.0,9091.251953125,0,1,0,0,0,35,0,0,0,1,0,5778.551573724289,26616.935552095147,25016.513105914823,0.00469250792918352,0.0012382129611650528,,
86,20,5122.328125,3186.78016,768.37890625,38.4189453125,43.50139236450195,383.3614807128906,7.045095844659954e-05,0.0,4653.22314453125,0,1,0,0,0,32,0,0,0,1,0,2214.2429793295114,12816.079334043618,11711.908491450298,0.0018737974609693078,0.0005515042777686635,,
87,17,4367.5166015625,2833.43872,1140.087890625,67.06399536132812,113.40727233886719,1006.0620727539062,0.00019502827490214258,0.0,10761.51953125,0,1,0,0,0,29,0,0,0,1,0,5285.165420709515,33605.31475479632,26142.143342891068,0.00022365037589028303,0.0034232572038284947,,
88,19,4970.10595703125,2873.681408,257.3271484375,13.543534278869629,88.72816467285156,609.24658203125,0.00010473532165633515,0.0,7784.7685546875,0,1,0,0,0,30,0,0,0,1,0,4300.020110499288,20374.00965478038,13135.09063466127,0.005359025313098516,0.0001658389961629557,,
89,19,4946.88232421875,2942.843392,269.8037109375,14.2001953125,78.90938568115234,831.5365600585938,0.00012973940465599298,0.0,10049.5732421875,0,1,0,0,0,33,0,0,0,1,0,5670.884577024128,37341.422743334035,31950.88790621485,0.002049288589985182,0.0002055196989717567,,
90,17,4433.98095703125,2633.437696,940.849609375,55.344093322753906,55.36033248901367,565.9946899414062,9.551920084049925e-05,0.0,5683.49951171875,0,1,0,0,0,30,0,0,0,1,0,2398.39344776173,17687.94791753959,15907.232361779877,0.002354472421219389,0.00046191765702530835,1202.3599229375384,1107.9340620431042
91,19,4936.005859375,2711.328256,231.8349609375,12.2018404006958,43.59274673461914,384.28717041015625,6.526571087306365e-05,0.0,5471.5361328125,0,1,0,0,0,35,0,0,0,1,0,2528.262172737223,17114.142398392436,16373.917295145848,0.002292788247441814,0.0037480504791997174,1003.5129333111809,2318.3735391776636
92,19,4975.2509765625,2948.567552,252.9052734375,13.31080436706543,92.44930267333984,825.8923950195312,0.00010777710849652067,0.0,10762.2939453125,0,1,0,0,0,34,0,0,0,1,0,5402.3279962816,84584.07463721157,26056.552282154244,0.0009395587124415815,0.005054417748157592,1159.7629176832954,2224.3460079622955
93,18,4703.109375,2898.436608,357.4384765625,19.85769271850586,55.94691467285156,579.7909545898438,0.00010778936120914295,0.0,6561.59033203125,0,1,0,0,0,33,0,0,0,1,0,3390.3697654377697,19805.763429771134,14131.193026241266,0.0016207631172213896,0.0011500006420663306,1388.875647385866,867.6564321025865
94,18,4683.32861328125,2818.184704,428.1171875,23.78428840637207,133.20057678222656,1023.3114013671875,0.0001777668803697452,0.0,11582.666015625,0,1,0,0,0,30,0,0,0,1,0,5539.929472549564,27466.48500570053,21914.92988524841,0.0025628654543313513,0.025570962264077284,,
95,20,5166.76806640625,3066.197504,821.9521484375,41.09760665893555,96.3484115600586,822.5549926757812,0.00011531302152434364,0.0,10407.9951171875,0,1,0,0,0,31,0,0,0,1,0,5434.496652115557,24589.668178393997,23416.933762530047,0.0016335172428650208,0.005122974792844275,1502.384327459517,555.4870556951537
96,20,5173.88232421875,3316.01664,841.12109375,42.05605697631836,57.49333953857422,560.3760986328125,8.683071791892871e-05,0.0,7102.869140625,0,1,0,0,0,36,0,0,0,1,0,4172.405212500447,24484.040754370606,17157.457842994332,7.35172771466272e-05,0.006334718990490915,,
97,15,3898.069091796875,2608.19456,2838.19921875,189.21328735351562,133.20274353027344,1157.0166015625,0.00016902365314308554,0.0,14083.587890625,0,1,0,0,0,17,0,0,0,1,0,6500.170473217721,36448.433778463346,35343.714885117326,0.00016666526676993327,0.0025568643632875587,727.5698421606253,2180.062533282806
98,15,3898.89111328125,2098.230272,2799.9833984375,186.6655731201172,200.75929260253906,1624.15234375,0.0002576584229245782,0.0,14457.5390625,0,1,0,0,0,25,0,0,0,1,0,7029.886426751374,36695.34438711362,35689.06576234014,0.005893943804905467,0.004345910517450091,,
99,21,5432.60498046875,2824.331264,1303.3271484375,62.06319808959961,63.442867279052734,502.4895935058594,7.758288847981021e-05,0.0,6719.81298828125,0,1,0,0,0,40,0,0,0,1,0,4302.18867790999,54803.46255999047,21713.422295953445,0.001246210854774759,6.221297701907921e-05,953.3847442711441,2371.1059098140254
100,16,4149.6318359375,2837.465088,1874.0205078125,117.12628173828125,104.24826049804688,904.0159301757812,0.00012578981113620102,0.0,9019.064453125,0,1,0,0,0,30,0,0,0,1,0,3890.458978118499,27778.940090292195,26545.086888457994,0.002381222729931215,0.0018444502125564855,1227.8287496003795,3376.3905538594718
101,21,5420.03662109375,3011.978752,1303.22265625,62.058223724365234,50.69060516357422,372.8209228515625,6.498052243841812e-05,0.0,4857.13134765625,0,1,0,0,0,37,0,0,0,1,0,2414.9324229420995,14563.104500534095,14550.630955847451,0.0020303155785882866,0.0002623227413857815,,
102,16,4150.2744140625,2856.800256,1868.927734375,116.8079833984375,107.1441879272461,938.1959838867188,0.0001464753586333245,0.0,10378.88671875,0,1,0,0,0,24,0,0,0,1,0,4956.983866184223,34766.50780866793,27472.112586441715,0.0007318952702802545,0.03267075606253986,1474.3022887665002,3270.8970993675957
103,15,3911.541748046875,2191.791104,2802.6923828125,186.84617614746094,151.82162475585938,1555.1251220703125,0.0002790621656458825,0.0,16079.6962890625,0,1,0,0,0,23,0,0,0,1,0,9677.579634043666,57531.06598130752,40168.665086105684,0.004394118943978995,0.0006203990959495059,,
104,18,4821.86181640625,2507.743744,344.4453125,19.13585090637207,50.26679611206055,436.9162902832031,0.00011564819578779861,0.0,5066.7509765625,0,1,0,0,0,29,0,0,0,1,0,2837.879724978424,14638.970644196748,11718.210860747111,0.004851092647104788,0.004087528762931836,,
105,23,5942.28515625,3493.192192,1954.982421875,84.99923706054688,32.12797164916992,260.2238464355469,5.8965946664102376e-05,0.0,3756.3525390625,0,1,0,0,0,43,0,0,0,1,0,1850.4882357210888,22252.483566975814,11803.26071418367,0.001216422153107341,0.0030489346112306387,2052.6738877036933,373.0909323454546
106,18,4666.57080078125,3356.750336,354.3095703125,19.68386459350586,61.382293701171875,473.59173583984375,0.00011485959112178534,0.0,5838.21044921875,0,1,0,0,0,32,0,0,0,1,0,2767.3937042100697,21070.120645290015,17556.32316209867,0.005171227968820094,0.009810780970916755,978.7371108045068,3187.795897472998
107,16,4144.10693359375,2591.928832,1687.5478515625,105.47174072265625,55.847984313964844,952.4055786132812,0.00013057701289653778,0.0,9029.765625,0,1,0,0,0,27,0,0,0,1,0,4426.97497070645,66488.13198532016,31120.038908235667,0.000987818457106368,0.000878578036178794,832.5257757109139,2872.076220814405
108,21,5421.70556640625,3000.83968,1182.236328125,56.29697036743164,29.293821334838867,255.44496154785156,4.3723994167521596e-05,0.0,3501.405517578125,0,1,0,0,0,41,0,0,0,1,0,1796.5476585463523,13046.438864643973,10480.954247566877,0.0038851341524734143,0.0005094372745173305,276.7446457105359,2124.484360072349
109,19,4914.88232421875,3118.32064,286.68359375,15.088610649108887,76.49781799316406,784.9226684570312,0.0001160744359367527,0.0,8928.7197265625,0,1,0,0,0,31,0,0,0,1,0,5315.291883287614,56398.98022770239,28427.479153695895,0.0011322564509068378,0.004973089101426777,543.3957514445328,2652.3658270669384
110,17,4416.41552734375,2750.213632,1175.9228515625,69.17193603515625,112.66963195800781,721.2138671875,0.00011846941924886778,0.0,8602.0048828125,0,1,0,0,0,37,0,0,0,1,0,3626.5685139748343,20180.308699981004,16531.19570744882,0.002689728240455949,0.01574337845411967,,1366.700475472675
111,19,4838.01513671875,2688.609792,240.3359375,12.649259567260742,48.52738571166992,614.473876953125,9.401894931215793e-05,0.0,8276.076171875,0,1,0,0,0,31,0,0,0,1,0,4698.219045061756,31189.145967617827,25379.670165799682,0.00012857551937268952,0.0002217654201196531,1188.767628084463,1424.8993720917772
112,19,4840.78173828125,2748.861952,242.6064453125,12.768760681152344,76.11052703857422,601.657958984375,0.00011424408876337111,0.0,7606.197265625,0,1,0,0,0,40,0,0,0,1,0,4541.695083653665,47695.20682674913,28803.223827130747,0.0001219995016553772,0.00046844050043205396,1991.7374279985283,947.6609085505088
113,21,5423.87451171875,2899.429888,1025.0595703125,48.81236267089844,38.296878814697266,332.17620849609375,5.954550942988135e-05,0.0,5055.498046875,0,1,0,0,0,38,0,0,0,1,0,2047.6883692851181,12850.33927366211,10289.462907732352,0.014670062919258979,0.000991485866333991,162.46802353080398,2527.3035521682796
114,23,5939.58837890625,3462.631424,1965.7568359375,85.46768951416016,35.645809173583984,201.5718994140625,3.845210812869482e-05,0.0,2862.582275390625,0,1,0,0,0,40,0,0,0,1,0,1622.295017064528,9544.041973967891,8368.407064102685,0.001119276106290177,0.0008870415097824644,1106.924793699728,3267.3556211721016
115,19,4922.64404296875,3405.006848,250.853515625,13.2028169631958,54.56786346435547,514.67626953125,0.00015154261200223118,0.0,5890.072265625,0,1,0,0,0,31,0,0,0,1,0,2754.334787532633,13012.096890418696,7706.57748267028,0.026373126478091174,0.004683789042067827,,
116,14,3630.680908203125,2461.696512,4091.01953125,292.2156982421875,228.24497985839844,2268.95947265625,0.00036081409780308604,0.0,19648.64453125,0,1,0,0,0,21,0,0,0,1,0,7145.207007024009,31571.303843689817,29009.356252271507,0.00040700084615843176,0.036786045986323276,,
117,15,3888.826171875,2069.356544,2892.1572265625,192.81048583984375,146.14627075195312,1202.932861328125,0.0002936944365501404,0.0,11673.259765625,0,1,0,0,0,24,0,0,0,1,0,5055.478741301476,37136.920632817564,19607.39637840029,0.004199170892560696,0.005582615650424491,761.8320536364461,1182.2901860005657
118,17,4408.458984375,2454.225408,1040.248046875,61.191062927246094,74.88798522949219,866.3570556640625,0.0001411914563504979,0.0,11065.2587890625,0,1,0,0,0,26,0,0,0,1,0,4810.12020598116,29700.711457357047,20587.609302841316,0.007340213868194001,0.0014329280865611055,,
119,17,4398.37353515625,2640.04864,1146.6513671875,67.45008087158203,79.79225158691406,836.6797485351562,0.0001500006183050573,0.0,9168.1162109375,0,1,0,0,0,24,0,0,0,1,0,4668.853365078244,29316.9345781005,24607.290141484715,0.0020649918897004335,0.004983182215507503,1595.9502890445124,3491.2208500874094
120,16,4142.73779296875,2485.200384,2062.30859375,128.894287109375,168.384033203125,1288.698974609375,0.0003364135918673128,0.0,13142.25,0,1,0,0,0,24,0,0,0,1,0,6977.938756541309,45884.53276970613,35449.113268993824,0.011826527537788678,0.0030213934341952187,,
121,14,3631.05859375,1949.924864,3423.8984375,244.56417846679688,313.3431396484375,1641.8826904296875,0.0003157496976200491,0.0,15865.671875,0,1,0,0,0,26,0,0,0,1,0,4580.170804097528,34334.426610608534,27690.668712644354,0.0009911213542157793,0.0001460190861814481,170.57377538703076,2159.6332192554382
122,15,3901.676025390625,1924.792832,2959.787109375,197.31915283203125,246.8794403076172,1961.502685546875,0.0004171538748778403,0.0,18278.849609375,0,1,0,0,0,24,0,0,0,1,0,7579.75830509099,51610.6848546412,39085.24094795645,0.005898633368916401,0.0042033810270097165,,
123,17,4400.80419921875,2383.370752,1013.4365234375,59.613914489746094,125.33953857421875,1177.5465087890625,0.00015548683586530387,0.0,12148.94921875,0,1,0,0,0,32,0,0,0,1,0,7066.450478460315,51969.206480257104,35329.36815087837,0.000917721819910372,0.0072819916567659695,,
124,16,4139.54443359375,2443.54304,1878.6181640625,117.41363525390625,79.23599243164062,1195.057373046875,0.00016422053158748895,0.0,12716.7255859375,0,1,0,0,0,28,0,0,0,1,0,4576.405980353791,30493.527612199792,21978.545300336547,0.0005542902867592958,0.0010389853972472343,,
125,20,5164.23583984375,2907.707904,770.068359375,38.50341796875,54.454959869384766,321.9189453125,8.180208533303812e-05,0.0,4126.2119140625,0,1,0,0,0,33,0,0,0,1,0,2059.7233629432276,15202.107434865202,7581.189751363736,0.0016292143071476167,0.012172853405456405,,
126,20,5168.17626953125,3207.773696,765.974609375,38.29873275756836,53.28325653076172,476.3373107910156,7.551025919383392e-05,0.0,5682.4150390625,0,1,0,0,0,37,0,0,0,1,0,2736.4194003665525,19157.007430877205,17168.126875367157,0.0011667897847965,0.00489154527419737,,
127,20,5157.806640625,3207.897088,763.8251953125,38.191261291503906,54.40766906738281,449.2047119140625,7.738298154436052e-05,0.0,6109.39208984375,0,1,0,0,0,32,0,0,0,1,0,2719.7786027330567,15966.18103140359,14832.763381523937,0.0020584331810310948,0.002109191701957641,1796.8080638502606,490.6260918643553
128,19,4909.77734375,3165.185536,240.974609375,12.68287467956543,62.539405822753906,282.6824035644531,0.00010796242713695392,0.0,3487.692138671875,0,1,0,0,0,31,0,0,0,1,0,1654.6299927810842,17241.98833377253,10487.346503098064,0.003487297053881823,0.0038972872015460135,374.1320350930405,2313.54380019324
129,17,4394.81396484375,2632.781312,1133.5146484375,66.67733001708984,165.50550842285156,991.7398681640625,0.0002072799252346158,0.0,10475.734375,0,1,0,0,0,26,0,0,0,1,0,5479.633315154759,37048.694327176876,32099.19250676726,0.00017365734791209564,0.004396832536997464,296.87354800992944,1806.6301980025846
130,12,3143.07275390625,1855.929856,6786.6689453125,565.5557861328125,439.4018249511719,5374.2333984375,0.0008251297404058278,0.0,42824.02734375,0,1,0,0,0,19,0,0,0,1,0,13914.660916030494,123259.74399895492,93779.98271536105,0.0026672247567092883,0.0013570618845866744,747.5327115426389,2888.336950581896
131,16,4158.99755859375,1986.822656,1837.765625,114.8603515625,194.934814453125,1645.16259765625,0.000258628890151158,0.0,17817.125,0,1,0,0,0,27,0,0,0,1,0,10373.997644813497,105074.14157432863,44970.56467168691,0.0018608012280311413,0.0014967271319377556,,
132,18,4677.6982421875,2576.234496,307.51171875,17.083984375,46.86027145385742,518.7835083007812,8.571713988203555e-05,0.0,6354.9306640625,0,1,0,0,0,36,0,0,0,1,0,2807.3958788624914,21859.07204294266,17616.081407646245,0.004281415707080006,0.0002511286604933091,,
133,20,5173.96630859375,2947.167744,682.490234375,34.12451171875,68.96916961669922,524.4456176757812,9.837271500146016e-05,0.0,7042.39501953125,0,1,0,0,0,37,0,0,0,1,0,3764.60637021493,18434.154624446248,15419.08541236913,0.0018880532401662278,0.0005940965459176606,184.3923233383839,2614.925271150535
134,16,4157.94482421875,2498.93632,2000.384765625,125.0240478515625,211.5446014404297,1396.1136474609375,0.0002468125894665718,0.0,14192.96875,0,1,0,0,0,29,0,0,0,1,0,8474.275910839955,76477.25291527706,54448.201363691456,0.0008408840290824657,0.0009757208230969233,2387.8495171820805,2.171835434476918
135,21,5445.3642578125,2835.578368,1291.19140625,61.48530578613281,50.612648010253906,337.4017333984375,6.818045949330553e-05,0.0,4325.7451171875,0,1,0,0,0,39,0,0,0,1,0,2332.7271508259755,14602.98426563245,14075.382754739918,0.008944554079925535,0.0037737228827368838,,
136,17,4418.43212890625,2897.307136,1028.4306640625,60.49592208862305,78.97905731201172,539.0327758789062,0.000122934696264565,0.0,6434.75390625,0,1,0,0,0,26,0,0,0,1,0,3218.820258030991,20904.619812769553,20006.33376439998,0.00011825895134874587,0.002551592401971732,833.1082505109703,2815.3833258017335
137,16,4088.8798828125,2223.670272,1871.1025390625,116.94390869140625,142.4272918701172,892.8200073242188,0.000193990403204225,0.0,11655.21484375,0,1,0,0,0,22,0,0,0,1,0,6114.631502802619,46771.421387754424,42599.44101413666,0.0003687360520230956,0.0006473737722145212,860.6336756339474,2684.501574720362
138,11,2825.434326171875,1671.015424,4271.30517578125,388.30047607421875,79.50895690917969,1192.0257568359375,0.0001824380160542205,0.0,10623.916015625,0,1,0,0,0,21,0,0,0,1,0,5773.302137901699,37960.29312229388,24650.428295184454,0.0004516919535554678,0.0013464541860667145,,2890.715449854587
139,15,3860.022216796875,1856.25856,2327.3720703125,155.15814208984375,62.85311508178711,884.8360595703125,0.0001607578742550686,0.0,8765.50390625,0,1,0,0,0,25,0,0,0,1,0,4414.654022599153,26740.69500621472,25511.315272910233,0.00845739894032764,0.006059487480942788,,
140,21,5427.349609375,2753.190912,1299.759765625,61.8933219909668,58.294334411621094,478.6177978515625,0.0001034065498970449,0.0,6516.7890625,0,1,0,0,0,38,0,0,0,1,0,3487.115922538701,21336.531795142484,19604.02158274274,0.004975051624287956,0.002133257014760817,,
141,20,5181.26123046875,3077.799936,768.8125,38.44062423706055,54.06626892089844,451.19049072265625,8.197111310437322e-05,0.0,6534.5419921875,0,1,0,0,0,35,0,0,0,1,0,2921.7104054843367,54065.92859547586,22990.724823877335,0.000300908379336412,7.584815460843185e-05,766.0792813677522,2811.702177971854
142,21,5417.5029296875,3259.459584,1302.2587890625,62.012325286865234,56.582576751708984,427.7004089355469,6.50867004878819e-05,0.0,5819.1337890625,0,1,0,0,0,40,0,0,0,1,0,3785.922361389664,28156.67591007833,25662.502284237962,0.005238317672051275,0.0008097406474235,338.0023546160769,2075.562454857183
143,20,5169.58447265625,3438.62272,772.146484375,38.60732650756836,54.43003845214844,399.5802307128906,7.748216012259945e-05,0.0,4769.3056640625,0,1,0,0,0,32,0,0,0,1,0,2606.462729079163,18343.226469119465,14066.10297097821,0.00020982320816594416,0.0006030700146343248,,
144,13,3378.063720703125,2487.628288,4973.955078125,382.6119384765625,115.76409912109375,1733.1820068359375,0.0002685763465706259,0.0,17151.3984375,0,1,0,0,0,20,0,0,0,1,0,7185.117960452683,58119.77765961408,42116.491251213585,0.0017275389364427157,0.003185868683346419,,
145,17,4416.8935546875,2102.365184,1048.896484375,61.69979476928711,97.87239074707031,827.9285888671875,0.00016337534179911017,0.0,9035.8466796875,0,1,0,0,0,31,0,0,0,1,0,4601.039362936472,39795.1424842892,25064.47778413818,3.0842749550868964e-05,0.00022205791994729315,144.43962092620677,2423.025339290062
146,21,5439.41796875,3020.6336,1305.8779296875,62.18466567993164,43.60209274291992,293.4628601074219,5.001080717192963e-05,0.0,3987.83544921875,0,1,0,0,0,39,0,0,0,1,0,2004.7516970859474,14348.800233861008,12511.973888015835,0.0013340186921281388,0.0008993246398876524,,
147,20,5183.5576171875,3243.52768,840.3037109375,42.01518630981445,59.212181091308594,564.7860717773438,0.00010104927787324414,0.0,7593.67041015625,0,1,0,0,0,39,0,0,0,1,0,3657.818093755374,35532.52791551577,22743.07198941922,0.0002058281950848579,0.0006396616691424495,1081.8418503576238,2146.5790685598704
148,21,5430.87451171875,3199.4496,1287.9794921875,61.332359313964844,50.933719635009766,381.455810546875,8.401650848099962e-05,0.0,5428.76904296875,0,1,0,0,0,41,0,0,0,1,0,2693.136371212728,17181.71224214661,16196.99873769666,0.003246083746349493,0.002098834263692749,889.8941321048765,3308.597874592004
149,18,4666.73388671875,3000.330752,389.990234375,21.66612434387207,92.09925079345703,724.5008544921875,0.00016438376042060554,0.0,7967.314453125,0,1,0,0,0,24,0,0,0,1,0,3782.7203820361324,26500.289160053806,19085.65032403243,0.008853900136037974,0.011589901007993682,,
150,21,5435.439453125,3223.652864,1081.2998046875,51.4904670715332,29.808996200561523,257.9360046386719,4.1948802390834317e-05,0.0,3228.250244140625,0,1,0,0,0,36,0,0,0,1,0,1679.6724879291587,34684.89108970205,7573.345939038677,0.0006131835965044324,0.0008862018960027612,834.8563600328249,1622.9895134944632
151,25,6470.9013671875,4133.576704,2620.5078125,104.8203125,35.387977600097656,269.5417785644531,4.900244312011637e-05,0.0,4557.96435546875,0,1,0,0,0,48,0,0,0,1,0,2498.3353288934636,29247.609697260283,10872.763053282493,0.0005139938892511596,0.0012786825112099387,753.5171337812112,2590.1129470609512
152,25,6474.0107421875,4452.809216,2615.71826171875,104.62873077392578,28.001707077026367,233.80084228515625,5.284390863380395e-05,0.0,3719.56103515625,0,1,0,0,0,45,0,0,0,1,0,1856.184030456613,16694.057149312008,8575.010897803533,0.005607606504641163,0.0015073404123485193,,
153,18,4668.515625,3537.216512,348.494140625,19.36078643798828,48.53744125366211,482.44580078125,0.0001094866674975492,0.0,5633.39794921875,0,1,0,0,0,35,0,0,0,1,0,2902.7473711128405,20105.94577420073,17706.574221138493,0.0002541692796177719,0.0073251957951541245,,
154,15,4064.537353515625,2473.887232,2316.6220703125,154.4414825439453,65.39264678955078,700.3193359375,0.00013501232024282217,0.0,6473.16552734375,0,1,0,0,0,26,0,0,0,1,0,2930.554742351774,20118.31630598753,14522.432939486698,0.001065797843739974,0.0015501830458412996,,
155,19,4933.5556640625,2681.312256,235.8837890625,12.414936065673828,66.38418579101562,548.867919921875,8.48313356982544e-05,0.0,6478.71728515625,0,1,0,0,0,34,0,0,0,1,0,3133.149338630843,18319.09997334702,14981.664912021268,0.0009302082955606472,0.0009650176980397877,1091.2187227677289,2276.3019423824444
156,9,2382.919189453125,2014.652416,7865.767578125,873.9741821289062,210.54696655273438,2934.114501953125,0.00035456751356832683,0.0,22333.716796875,0,1,0,0,0,8,0,0,0,1,0,8779.564594997992,55718.21905165675,54575.00102362405,9.401115784328506e-05,5.9114349636714414e-05,,
157,19,4923.630859375,2247.665664,265.5263671875,13.975071907043457,63.46745681762695,448.7720031738281,8.395718759857118e-05,0.0,5379.705078125,0,1,0,0,0,35,0,0,0,1,0,2605.8173899395506,16384.067868244765,15968.185501409505,0.000685595653658836,0.0015377931052069985,,
158,17,4407.7490234375,2808.540672,1038.7275390625,61.101619720458984,56.4374885559082,683.2243041992188,0.00010756483970908448,0.0,7569.26123046875,0,1,0,0,0,25,0,0,0,1,0,3861.668391273531,27231.457578706282,24362.554695982926,0.0002776679629192466,0.003756102234054405,830.8205767091163,2730.703627192936
159,16,4157.7802734375,2258.116096,1751.2373046875,109.45233154296875,123.71595764160156,876.04931640625,0.0001788216468412429,0.0,11352.13671875,0,1,0,0,0,28,0,0,0,1,0,4331.418023216261,32215.131891275276,28299.079396778674,0.007827297497648905,0.00018602049133806167,668.9412511731553,1660.4358731199973
160,20,5171.94189453125,2751.64928,697.1337890625,34.856689453125,66.91002655029297,427.4361877441406,6.932986434549093e-05,0.0,5433.00439453125,0,1,0,0,0,37,0,0,0,1,0,2859.427707701449,16680.755813481028,15549.401326944695,0.0033162815573599333,0.0017483262103390879,,
161,17,4400.11376953125,2918.07232,1183.509765625,69.61822509765625,113.36068725585938,1169.6199951171875,0.00019892356067430228,0.0,13089.66796875,0,1,0,0,0,25,0,0,0,1,0,6113.148296908176,28390.800745197947,28000.963445744022,0.0032684594950018134,0.00724845543537125,1288.5581488813837,3314.3618121422255
162,20,5105.12158203125,2843.004928,622.115234375,31.105762481689453,34.00574493408203,362.0310363769531,5.6909655540948734e-05,0.0,4370.25390625,0,1,0,0,0,38,0,0,0,1,0,1952.8641180527904,13741.229832095196,10863.384367658025,0.0012907382906969522,0.00043799003752478805,717.8636035964305,1698.1703646685569
163,17,4321.2626953125,2640.436736,987.02734375,58.06043243408203,74.3154296875,789.4473876953125,0.00011211187666049227,0.0,10745.6474609375,0,1,0,0,0,30,0,0,0,1,0,6024.154970493501,37969.25096137365,34447.999953827384,4.2068859698603245e-05,0.00024907224980802445,608.6180521865095,2599.943474559072
164,19,4816.26171875,2760.312832,248.498046875,13.078845024108887,80.71994018554688,544.4132080078125,0.0001439958723494783,0.0,6808.72607421875,0,1,0,0,0,36,0,0,0,1,0,3461.050894305053,23921.54629064354,17554.336492145285,0.0011830045806421607,0.005693667812663936,,
165,20,5059.10595703125,3197.61152,862.0078125,43.10039138793945,52.26979446411133,455.38201904296875,8.525077282683924e-05,0.0,5872.7314453125,0,1,0,0,0,31,0,0,0,1,0,3035.481701367092,16568.08172040152,12071.628777909282,0.0003974388649510721,0.00545465629437334,417.04046267519334,1535.0140072280237
166,19,4815.01171875,3170.233856,232.787109375,12.251953125,47.03750228881836,501.3098449707031,7.669200567761436e-05,0.0,6361.3671875,0,1,0,0,0,34,0,0,0,1,0,2088.5562661377244,11658.700338897854,11228.94494021302,0.00882146801064379,0.013807599650900199,348.71411359414014,2624.127829938754
167,18,4589.58837890625,2890.956288,333.7197265625,18.53998565673828,45.74522018432617,565.2369995117188,0.00010257394023938105,0.0,6598.7158203125,0,1,0,0,0,27,0,0,0,1,0,2958.8090751080395,19410.359412257476,19091.666345586596,0.003833733394895118,0.0022214213366928554,823.5672532316614,2689.455227479237
168,19,4857.61962890625,2950.869504,226.6044921875,11.926552772521973,141.26002502441406,555.855224609375,0.00015190972771961242,0.0,6281.48876953125,0,1,0,0,0,33,0,0,0,1,0,3311.4325077325157,24218.32002046474,17816.80461286242,0.0009329360434167412,0.008630988331717795,,
169,22,5621.53271484375,3493.260288,1827.794921875,83.08158874511719,93.45451354980469,476.82421875,9.93660360109061e-05,0.0,7101.40185546875,0,1,0,0,0,38,0,0,0,1,0,3910.467118088736,20708.30532071689,20191.367116255013,0.00032086751260508584,0.0005195166174685947,687.8737169172537,3118.2974658260314
170,21,5374.45849609375,3611.866624,1172.9833984375,55.856353759765625,40.688663482666016,369.31402587890625,5.778223930974491e-05,0.0,5079.9091796875,0,1,0,0,0,33,0,0,0,1,0,2518.5854370604497,23854.38613984012,22205.630212492637,0.0009381690241621991,0.0003103682640762731,,
171,18,4615.84765625,2968.120832,406.947265625,22.60818099975586,89.88764953613281,778.0148315429688,0.00015917500422801822,0.0,9156.1064453125,0,1,0,0,0,29,0,0,0,1,0,5129.50902622213,35234.95993705772,24429.70631104988,0.0007581232490697712,0.0026891439455890287,1211.6564127445076,3191.7355916145107
172,23,5902.310546875,3291.01312,2162.1083984375,94.00471496582031,60.9039306640625,391.9391784667969,6.97255673003383e-05,0.0,5820.28857421875,0,1,0,0,0,44,0,0,0,1,0,3127.9296702704187,22757.9893093567,16368.907928863699,1.6607438713364328e-05,0.001743216774704519,,
173,21,5394.3544921875,3759.163904,1187.2529296875,56.53585433959961,31.532442092895508,242.65052795410156,3.493936310405843e-05,0.0,3503.399658203125,0,1,0,0,0,46,0,0,0,1,0,1591.8309680921839,11831.307928237076,11259.35222018335,0.013241257713119708,0.004836456525158586,,3423.505755682195
174,17,4358.78173828125,3098.49856,1028.0146484375,60.47145080566406,48.426963806152344,693.1770629882812,0.00011363972589606419,0.0,7756.13623046875,0,1,0,0,0,32,0,0,0,1,0,3400.1110317784,21964.52074004667,14871.806195041396,0.0006906900072312511,0.0017743560633751258,,
175,19,4867.693359375,2890.8928,234.9716796875,12.366930961608887,66.07077026367188,591.580810546875,0.00012744773994199932,0.0,7619.5537109375,0,1,0,0,0,33,0,0,0,1,0,4346.11516516881,31022.99492286429,26185.522708609045,2.8827520481028435e-05,0.005666547239244306,,
176,19,4893.60302734375,3041.113088,219.591796875,11.557462692260742,46.163272857666016,438.8692932128906,6.559339817613363e-05,0.0,5271.52294921875,0,1,0,0,0,41,0,0,0,1,0,2345.4006557208136,21391.56502975079,13618.245059457933,0.01405588550662884,0.0013891506348658635,,1567.3651103613602
177,19,4821.52587890625,2952.882176,244.693359375,12.8785982131958,68.6785659790039,664.1723022460938,0.00010735517571447417,0.0,8230.2607421875,0,1,0,0,0,29,0,0,0,1,0,4197.535256667805,21187.08811435787,20828.09045752986,0.0013244505992386756,0.003848892534074954,1140.2597525168349,3146.750129807542
178,18,4561.2119140625,2813.479424,338.1943359375,18.78857421875,41.72144317626953,412.6460876464844,6.48789937258698e-05,0.0,5365.9873046875,0,1,0,0,0,29,0,0,0,1,0,2594.42759991785,16098.327187635256,14481.829873250916,0.004300498321915952,0.002519413432308746,352.16868035985607,2326.473770938066
179,21,5583.2265625,2904.97024,1168.8916015625,55.66150665283203,44.02945327758789,328.7772216796875,7.180690590757877e-05,0.0,4424.7646484375,0,1,0,0,0,36,0,0,0,1,0,1898.0068427602462,11033.570315637848,9057.506035840668,0.0015942598435223637,0.0036225480845116977,527.0935286379811,1925.8513870944332
180,23,5899.30810546875,3603.561984,1964.205078125,85.40022277832031,36.68507766723633,246.03707885742188,4.2733168811537325e-05,0.0,3734.47021484375,0,1,0,0,0,44,0,0,0,1,0,2045.8396867432866,20196.305045955072,15736.834950679078,0.0004308926381334788,0.001495820699635858,761.4940127580139,3219.6350526247825
181,18,4642.52880859375,3376.31232,371.9794921875,20.66552734375,72.23421478271484,553.8425903320312,8.177416020771489e-05,0.0,6715.68505859375,0,1,0,0,0,27,0,0,0,1,0,3428.0259224943106,28659.16236429958,21842.936057501734,0.002854496220192168,0.007221360580332042,,
182,18,4722.08203125,2833.14176,364.8046875,20.26692771911621,78.28040313720703,799.8197631835938,0.0001349022495560348,0.0,9273.423828125,0,1,0,0,0,33,0,0,0,1,0,3864.9384391994918,28294.294818210576,18485.610974595813,0.0020698780458812023,0.004082597831999865,,
183,23,5977.77099609375,3566.268928,1969.0869140625,85.61247253417969,25.93967628479004,311.23675537109375,5.273922215565108e-05,0.0,4546.20849609375,0,1,0,0,0,44,0,0,0,1,0,2245.7352802971063,36785.364569725345,10893.515102376996,0.0012001126941258433,0.0014552704741468622,22.663587094052673,2464.776098397357
184,25,6502.90185546875,4127.081984,2625.17333984375,105.00692749023438,32.99872970581055,246.76666259765625,5.7860786910168827e-05,0.0,3989.53515625,0,1,0,0,0,49,0,0,0,1,0,2110.427771100379,13154.711483349496,11754.183079591241,0.0004213222508279574,0.000830668900603234,1073.844699446715,2500.262079201005
185,20,5210.0078125,3550.94272,724.0498046875,36.202491760253906,46.23968505859375,405.47052001953125,7.494328019674867e-05,0.0,5312.609375,0,1,0,0,0,36,0,0,0,1,0,2505.091056816155,17674.026019231216,14607.00476289856,0.0009604030295635967,0.0028857475003934326,,
186,17,4446.408203125,2844.087296,1086.302734375,63.90016174316406,102.482177734375,731.6494140625,0.00021047414338681847,0.0,7356.14306640625,0,1,0,0,0,29,0,0,0,1,0,3803.236184630338,27494.151328061907,21845.793012199425,0.001228039101626749,0.0002339477873763915,,
187,21,5489.26318359375,3029.960704,1284.6923828125,61.17582702636719,55.52417755126953,436.44586181640625,8.55194084579125e-05,0.0,6085.1513671875,0,1,0,0,0,42,0,0,0,1,0,3686.3546949191273,25299.996840874246,20809.041286768348,0.002671066705412048,0.0049096672036153775,1056.2162864865966,1392.8688803916368
188,16,4179.43408203125,2683.396096,1872.6884765625,117.04302978515625,272.02545166015625,1365.9385986328125,0.00022686966985929757,0.0,15061.5341796875,0,1,0,0,0,25,0,0,0,1,0,5803.655960403918,37933.21531612352,35884.675891631174,0.0018430095253072279,0.00010039594267355345,85.85731638059542,2024.237339658238
189,14,3673.338623046875,2017.363456,4130.4287109375,295.0306396484375,289.2138671875,2502.540771484375,0.0004064058302901685,0.0,21669.140625,0,1,0,0,0,23,0,0,0,1,0,9511.823074840677,84257.83430646257,59753.95448809946,0.0020365477352820294,0.0005698656000363098,899.1871866099079,1252.462559712644
190,17,4438.11083984375,2260.294656,1043.228515625,61.36638259887695,48.72847366333008,527.4030151367188,8.944235014496371e-05,0.0,6520.46142578125,0,1,0,0,0,32,0,0,0,1,0,2797.7867350566194,23734.942725641406,14108.117496199062,0.0033449908632673525,0.021338276190959807,521.2123574365655,2768.804272959629
191,11,2879.16845703125,1891.064832,6278.880859375,570.807373046875,222.9788818359375,2860.05517578125,0.0005480321124196053,0.0,25904.37109375,0,1,0,0,0,19,0,0,0,1,0,12881.076750898901,90706.2939842529,84160.05625843215,0.00019271693933316063,0.0005388026837983319,1316.9374183017176,1058.2484564581132
192,18,4672.27685546875,2140.787712,326.3681640625,18.13156509399414,59.99227523803711,525.623291015625,8.823990356177092e-05,0.0,6141.12548828125,0,1,0,0,0,27,0,0,0,1,0,3200.604161633808,26575.16355387022,17347.06547942102,0.0014619650659560834,0.0013542072008008166,412.71412692934337,2348.9635452676644
193,14,3655.978271484375,2231.197696,3626.9931640625,259.0709533691406,165.4902801513672,1566.9407958984375,0.00018194796575699002,0.0,16650.529296875,0,1,0,0,0,19,0,0,0,1,0,8305.567557963694,65671.43378677913,51591.93090906025,0.00012000790129196477,0.0010479841460182618,734.0097015577571,2649.623471283376
194,21,5439.79736328125,2826.56256,1278.0283203125,60.85849380493164,82.90515899658203,415.0229187011719,6.95648486725986e-05,0.0,6330.62841796875,0,1,0,0,0,46,0,0,0,1,0,3071.190788459454,25906.27781860176,16771.4358292992,0.002589120471020785,0.009443453998503187,,
195,21,5478.73388671875,3603.758592,1288.2001953125,61.34286880493164,45.03733825683594,324.2908935546875,5.311352288117632e-05,0.0,4587.75341796875,0,1,0,0,0,36,0,0,0,1,0,2487.5470593453674,17338.50582920033,15738.402289038835,0.0033141402788783303,0.002804632927533423,840.4772786627369,1793.8593746945367
196,21,5460.31689453125,3460.765696,1168.0009765625,55.61909484863281,43.44937515258789,337.77667236328125,6.474579276982695e-05,0.0,4682.7353515625,0,1,0,0,0,41,0,0,0,1,0,2135.8463381868482,22699.012779808432,16254.428401332774,0.00028139092059056847,0.0004559535989777999,374.0390701869542,2470.2008669430393
197,19,4967.29638671875,3213.190656,263.1982421875,13.8525390625,58.576053619384766,439.1566467285156,8.055091893766075e-05,0.0,5848.392578125,0,1,0,0,0,39,0,0,0,1,0,2489.70094637852,17558.34772913796,12851.419797969806,0.01410721451051086,0.00975650232642675,,
198,21,5471.99853515625,3302.262784,1294.8681640625,61.6603889465332,49.53363037109375,339.1343078613281,6.778262468287721e-05,0.0,5064.17138671875,0,1,0,0,0,45,0,0,0,1,0,2813.45950305727,16490.107051135114,15432.5836775517,0.004446023735826938,0.0026488915209800443,,3507.516856089008
199,20,5204.6552734375,3254.162944,813.3681640625,40.66840744018555,68.59896087646484,640.795654296875,0.00010652538912836462,0.0,8445.5859375,0,1,0,0,0,40,0,0,0,1,0,5232.516788723478,42559.82828404269,27211.849904011688,0.0009567371915186267,0.003485429905034306,570.6017842470455,1915.7130362602647
200,18,4680.8291015625,2732.866048,419.23828125,23.291015625,137.73873901367188,836.6810913085938,0.00015281433297786862,0.0,9885.5556640625,0,1,0,0,0,34,0,0,0,1,0,5670.720550302707,33179.92582722965,31796.149253276664,0.0007819391987983065,0.000778400824948039,,
201,19,4968.07421875,2744.0512,220.212890625,11.5901517868042,92.15359497070312,647.8880615234375,0.00011834403994726017,0.0,8241.759765625,0,1,0,0,0,36,0,0,0,1,0,4420.48298978966,31843.272359904593,29763.77950187351,0.0014666085751165597,0.003779618933751505,,
202,15,3911.91748046875,2515.030016,2568.4150390625,171.22767639160156,140.84567260742188,1163.479736328125,0.0002221488975919783,0.0,11667.5888671875,0,1,0,0,0,25,0,0,0,1,0,6070.892912956835,38758.1943142852,32085.245454984226,0.00239977889490247,0.01397784746260057,,
203,16,4190.92919921875,2287.91296,2272.498046875,142.0311279296875,184.8251953125,2090.364501953125,0.00033434314536862075,0.0,20382.44921875,0,1,0,0,0,23,0,0,0,1,0,11447.351382204099,131058.87679746529,53957.62155464982,0.0007365067183568337,0.002308977466491325,,
204,25,6508.44482421875,3353.83296,2626.75390625,105.07015228271484,30.958093643188477,321.1279602050781,6.795242370571941e-05,0.0,5281.54736328125,0,1,0,0,0,45,0,0,0,1,0,2811.49165978519,22904.33024797653,20962.43388141246,0.0015536554038706046,0.001001287901264327,1132.9838730583526,1277.2542259141817
205,19,4870.087890625,3548.20096,242.041015625,12.739001274108887,81.55863189697266,479.065673828125,0.00011228151561226696,0.0,6008.15966796875,0,1,0,0,0,35,0,0,0,1,0,3399.361779855736,21973.154848007725,18701.352885521694,0.00030030743560775265,0.002049443893112908,,
206,21,5339.4091796875,3240.06912,1404.8349609375,66.89690399169922,91.65641784667969,746.3831787109375,9.754599159350619e-05,0.0,9847.6494140625,0,1,0,0,0,38,0,0,0,1,0,5299.790658665989,23567.500037671383,23144.003096246877,0.0025577053249515765,0.004293853806619265,861.8068081084239,3173.940629602323
207,17,4409.08837890625,2911.218176,1160.0263671875,68.23684692382812,138.5957794189453,984.0482177734375,0.00013424783537629992,0.0,12089.9638671875,0,1,0,0,0,30,0,0,0,1,0,5745.527718218053,40878.439713500506,28463.14832662372,0.0020956061204010813,0.0014469068096646248,,
208,18,4662.14453125,2651.490816,328.3310546875,18.24061393737793,86.46373748779297,559.0449829101562,0.00010997119534295052,0.0,6401.70166015625,0,1,0,0,0,26,0,0,0,1,0,2695.5726278828533,21371.00381580334,14048.99570049438,0.00161243935928102,0.0010130353684638244,951.6181199618529,2889.0330801482733
209,21,5458.4169921875,3134.641664,1196.8466796875,56.992698669433594,39.12712097167969,295.4242858886719,5.216141289565712e-05,0.0,3953.39404296875,0,1,0,0,0,38,0,0,0,1,0,2048.178124938615,17467.344398835186,16432.50684256811,0.0008519119185932539,0.002082415441779055,,
210,17,4413.40673828125,2956.09856,1025.4638671875,60.32140350341797,59.867408752441406,802.8832397460938,0.00010433836723677814,0.0,9704.13671875,0,1,0,0,0,27,0,0,0,1,0,5329.273438279041,38184.25353116037,19477.21874802881,0.001895863338608382,0.0022730071731163065,857.6330217510174,2897.3759954338498
211,14,3659.183837890625,2151.339008,3624.0625,258.86163330078125,159.85653686523438,1622.88134765625,0.00032097683288156986,0.0,13517.0185546875,0,1,0,0,0,21,0,0,0,1,0,7891.758446590367,42985.0565866886,41401.29184203298,0.0016435380237666553,0.015108737847290485,1735.059687063105,275.59020658883105
212,21,5488.228515625,2770.321408,1303.42578125,62.067893981933594,45.06348419189453,372.7035217285156,0.00010736777039710432,0.0,4627.1611328125,0,1,0,0,0,34,0,0,0,1,0,2641.8939125795177,16332.869113552579,12505.633570658738,0.0005483852669870767,0.013922482309132688,1108.9122588363534,1613.9883981769474
213,23,5990.18896484375,3770.946048,1948.3466796875,84.71072387695312,37.03054428100586,361.7294921875,7.764758629491553e-05,0.0,5201.89892578125,0,1,0,0,0,40,0,0,0,1,0,2723.5655187232537,32005.53999904025,28065.263588261332,9.860210729946677e-05,0.0013110968214291446,,
214,18,4699.0146484375,3329.846784,375.6728515625,20.87071418762207,79.47161102294922,723.9259033203125,0.00010906636453000829,0.0,8269.611328125,0,1,0,0,0,32,0,0,0,1,0,4464.655332559821,28108.643441948625,26662.759362696088,0.0022125138006392833,0.003167471155471932,,
215,23,6157.4013671875,3479.711744,1776.876953125,77.25552368164062,32.68307876586914,212.33607482910156,3.8663925806758925e-05,0.0,3151.251708984375,0,1,0,0,0,42,0,0,0,1,0,1584.6600557091053,10677.64364851602,7100.284355632162,0.0011393789365759036,7.804659191365526e-05,,
216,16,4187.259765625,2841.899008,1704.5517578125,106.53448486328125,134.78884887695312,1499.749755859375,0.00024407073215115815,0.0,16114.2109375,0,1,0,0,0,30,0,0,0,1,0,7303.823110641666,43670.76750412439,35442.33749588362,5.544038548521701e-07,0.0002900725291726178,,
217,18,4691.72998046875,2311.58784,381.4384765625,21.19102668762207,73.4287338256836,1019.2636108398438,0.00014095523511059582,0.0,11856.544921875,0,1,0,0,0,30,0,0,0,1,0,5880.524742987965,36693.74906257704,32542.81321558902,0.0008654723368705652,0.0008996214330292164,673.5669804308354,2382.510965099985
218,18,4693.04541015625,2532.986368,389.7861328125,21.65478515625,91.45252990722656,959.1792602539062,0.00014884989650454372,0.0,12555.3798828125,0,1,0,0,0,33,0,0,0,1,0,4961.568481687463,40455.02772843409,33227.052680523375,0.0003343937993265933,0.002993377030645644,585.0170869000499,2985.262169813316
219,20,5196.974609375,2914.726912,824.9921875,41.249610900878906,55.268524169921875,429.2801818847656,8.808668644633144e-05,0.0,5573.5244140625,0,1,0,0,0,39,0,0,0,1,0,2967.3131137224223,23696.382227329665,11741.943938005013,0.0034562832283278368,0.0013965180959865393,,
220,19,4941.0029296875,3168.101888,239.72265625,12.616982460021973,125.23029327392578,727.10107421875,0.00013971356383990496,0.0,10283.0380859375,0,1,0,0,0,40,0,0,0,1,0,5706.77811277824,27873.24600568681,27334.19212343953,0.0002392303993549172,0.018550633200560475,,
221,16,4166.146484375,2708.639744,1914.525390625,119.6578369140625,117.08067321777344,1181.704345703125,0.0001414625148754567,0.0,12770.361328125,0,1,0,0,0,30,0,0,0,1,0,6706.532600677069,75282.01083238365,37911.965720530505,0.0017942869334026529,0.0021130040248841936,,
222,19,4934.9072265625,2718.99392,231.216796875,12.169304847717285,42.836666107177734,473.724609375,6.856008258182555e-05,0.0,5482.06103515625,0,1,0,0,0,39,0,0,0,1,0,2331.5346012013974,22833.57338123159,12305.191234571272,0.007713251963550841,0.005755591591621208,1355.1066102798925,1092.780857652742
223,19,4934.05029296875,3052.013056,254.2568359375,13.381938934326172,70.92054748535156,526.43798828125,8.949443872552365e-05,0.0,6707.22607421875,0,1,0,0,0,36,0,0,0,1,0,3640.4081351678387,25597.11729658159,21264.560811488333,0.0009636497487044218,0.0007547609376882345,1247.2739367155114,2110.9978755721495
224,16,4135.9501953125,2630.879744,1703.966796875,106.4979248046875,83.43257141113281,1027.7764892578125,0.00015384833386633545,0.0,11208.9375,0,1,0,0,0,29,0,0,0,1,0,5775.787755158626,37451.67500805943,26669.043592377882,0.00011987160567825117,0.0029677778121373205,374.69134512384335,1986.5808768700094
225,20,5178.57080078125,2860.859904,843.2353515625,42.16176986694336,50.83317184448242,506.39862060546875,7.643544086022303e-05,0.0,6217.1826171875,0,1,0,0,0,36,0,0,0,1,0,3125.4529920130485,20425.139017313726,12888.977717013231,0.00043963780327745117,0.008502078184141372,,
226,18,4667.2451171875,3015.213568,344.18359375,19.12131118774414,73.50758361816406,643.2489013671875,0.00010360813030274585,0.0,7467.193359375,0,1,0,0,0,27,0,0,0,1,0,3994.58812714893,25195.399398947233,19967.67512718705,0.005651031958547742,0.0009123038537237355,1518.2772596681311,3436.130626156755
227,17,4406.78662109375,2720.679424,893.71484375,52.57146072387695,49.51197814941406,412.9223937988281,8.118654659483582e-05,0.0,4349.58544921875,0,1,0,0,0,31,0,0,0,1,0,2432.423550399697,20824.598222492637,10184.8806190135,0.0030676939115648685,0.0023202155931957777,,
228,21,5562.30615234375,3027.081728,1052.3369140625,50.11128234863281,39.06324005126953,333.0298767089844,5.859047450940125e-05,0.0,4125.15869140625,0,1,0,0,0,38,0,0,0,1,0,1741.0174738935568,14757.907827504267,9449.921051337986,0.00027767034745013186,0.0006582869948571941,,
229,19,4923.75732421875,3181.11744,252.6005859375,13.294767379760742,46.464656829833984,359.5149230957031,6.727302388753742e-05,0.0,4459.14208984375,0,1,0,0,0,34,0,0,0,1,0,2317.913167785518,17215.632295819683,10892.26080567162,0.003027268431120632,0.026524439753315213,1056.6902213431758,3348.948549533492
230,18,4622.1923828125,2914.93632,345.408203125,19.18934440612793,79.22796630859375,753.1524047851562,0.00013225841394159943,0.0,8904.2138671875,0,1,0,0,0,30,0,0,0,1,0,5061.388331003801,29211.52997753968,28277.677746035988,0.0010029741163385952,0.0023069134595397785,,
231,18,4561.86181640625,2774.441984,318.546875,17.69704818725586,77.6280288696289,605.6319580078125,9.07425201148726e-05,0.0,7557.53173828125,0,1,0,0,0,32,0,0,0,1,0,3732.651742691691,26221.240028575416,24181.85233573708,0.0009137388942251521,0.0019729864400924446,816.726169811569,3093.9632834322524
232,15,3819.399658203125,2408.238592,2068.68359375,137.91224670410156,45.2428092956543,526.9755249023438,9.888724162010476e-05,0.0,6104.3681640625,0,1,0,0,0,24,0,0,0,1,0,2530.7590372283057,21047.01276116807,12518.560994468977,0.000708283539527059,0.0009113438653772579,1133.2027861923523,2993.6935668746673
233,18,4681.37890625,2502.104576,361.6708984375,20.09282875061035,107.29441833496094,1234.79833984375,0.00020830475841648877,0.0,13794.41015625,2,0,0,1,0,34,0,0,0,1,0,5329.342085420527,27310.08230936582,24463.122660915702,0.01484103354769927,0.005155096766453315,,
234,25,6495.39208984375,3800.393728,2360.26708984375,94.41068267822266,31.233476638793945,161.33541870117188,4.1510149458190426e-05,0.0,2541.70703125,0,1,0,0,0,49,0,0,0,1,0,1363.0582271016171,13159.875702668101,6949.269490992103,0.011836708364864952,0.007108117067041689,992.3613894306534,2365.4418907465633
235,15,3916.885498046875,3151.896064,2830.9091796875,188.727294921875,126.62139129638672,1149.3131103515625,0.00017743176431395113,0.0,12810.01171875,0,1,0,0,0,23,0,0,0,1,0,5890.118087597164,35526.534597788595,31862.531868154932,0.00046169861226174214,6.652257946305681e-05,371.50971639844994,2231.444357702225
236,21,5461.0185546875,2930.624,1192.359375,56.77901840209961,40.54113006591797,247.84654235839844,4.8423917178297415e-05,0.0,3361.974853515625,0,1,0,0,0,34,0,0,0,1,0,1504.643547071747,8600.71014525716,7745.46482804829,0.0003703181526752142,0.000185624390084781,653.5586612701743,2429.887744494623
237,19,4925.515625,3318.298112,234.3916015625,12.336400032043457,42.34172058105469,401.8001708984375,7.062379881972447e-05,0.0,4990.40966796875,0,1,0,0,0,34,0,0,0,1,0,2317.344019714396,17055.42592863645,11415.23555388308,0.002049604708572411,0.0035305037907402328,826.6898398936083,2407.3365507979406
238,19,4928.3876953125,3015.33184,218.8837890625,11.5201997756958,159.57904052734375,830.9595947265625,0.00017961444973479956,0.0,10299.365234375,0,1,0,0,0,35,0,0,0,1,0,6798.332587824763,37461.87957007783,34494.23458990258,0.0018600638749297696,0.0010919305457521601,,
239,16,4163.744140625,2666.922496,1902.5283203125,118.90802001953125,87.48457336425781,788.7883911132812,0.00012720904487650841,0.0,8316.4765625,0,1,0,0,0,29,0,0,0,1,0,3984.253023560515,32256.422193419396,23229.624053268162,0.007148097460675016,0.006676506237667843,,
240,15,3993.568115234375,2178.789376,2660.9072265625,177.39382934570312,134.60159301757812,1152.427734375,0.0002504787698853761,0.0,10411.3115234375,0,1,0,0,0,21,0,0,0,1,0,4000.1704852714165,27743.389833219415,24587.452541547358,0.004678766171730776,0.0004703641457773633,,
241,23,5946.59326171875,3027.464192,1966.1728515625,85.48577880859375,38.063629150390625,277.38720703125,4.836595326196402e-05,0.0,4272.642578125,0,1,0,0,0,42,0,0,0,1,0,2365.205847553432,22632.597424791158,18768.971271175942,0.000302104259610525,0.0031745386206202125,838.1046662121942,2267.2858537774446
242,21,5429.4521484375,3618.636288,1288.1953125,61.34263610839844,82.87213897705078,513.524658203125,0.00014540176198352128,0.0,6972.353515625,0,1,0,0,0,41,0,0,0,1,0,3731.9234536108265,26486.918482916662,24669.385485574658,0.0025118507917173357,0.0018207768114887057,,
243,12,3126.138427734375,2366.963712,4779.216796875,398.26806640625,153.2525177001953,1923.5687255859375,0.00033526186598464847,0.0,17083.37109375,0,1,0,0,0,22,0,0,0,1,0,7136.499746542338,44177.796304628,39099.30550385481,9.654555001465965e-05,0.0002960268336386178,,
244,22,5692.0361328125,2718.717952,1669.1103515625,75.86865234375,37.86748504638672,327.434326171875,6.412649963749573e-05,0.0,4812.91162109375,0,1,0,0,0,37,0,0,0,1,0,2586.937506428525,17284.667671412404,16693.491340059463,9.800980854477587e-05,0.0001584503109682972,,
245,20,5182.4560546875,3204.020224,725.0283203125,36.25141525268555,68.13005828857422,727.5951538085938,0.00010323023161618039,0.0,10243.1123046875,0,1,0,0,0,36,0,0,0,1,0,5389.357384572333,26981.370938694716,25243.463331692168,0.000406909764081826,0.0016685496342138673,,
246,19,4938.6884765625,2939.015168,244.931640625,12.891139030456543,57.30021667480469,475.0721740722656,7.706296310061589e-05,0.0,5840.03955078125,0,1,0,0,0,36,0,0,0,1,0,2896.438745063723,16340.5436387834,12722.489734894183,0.000819139844985186,0.0025144172565184416,244.16400443705652,2033.2854953097512
247,16,4180.1767578125,2546.757632,1852.560546875,115.7850341796875,83.80987548828125,1131.8607177734375,0.00016477338795084506,0.0,10765.078125,0,1,0,0,0,24,0,0,0,1,0,4700.972518583474,32339.43212768016,28173.253545093714,4.4342587855884796e-05,0.0028107654367699186,275.32069157506703,2236.148291062629
248,20,5197.5537109375,2882.007552,811.646484375,40.58232498168945,67.5405044555664,614.4691772460938,0.00011118732072645798,0.0,7769.96826171875,0,1,0,0,0,36,0,0,0,1,0,4356.692889765141,32685.892571849454,22663.96108874278,0.000679025876815985,0.003549269520383966,1750.4506979401103,651.6234982874798
249,20,5196.3310546875,3165.544448,807.8251953125,40.39126205444336,92.72002410888672,679.6260375976562,0.00013557977217715234,0.0,8323.958984375,0,1,0,0,0,37,0,0,0,1,0,4237.397636221074,26608.70721225984,22306.97133114728,0.0015899893604958831,0.0035817402535489595,,
250,20,5187.9833984375,3166.293504,844.470703125,42.22353744506836,57.63971710205078,511.5667419433594,8.599174907431006e-05,0.0,7037.75146484375,0,1,0,0,0,28,0,0,0,1,0,3735.5012885851884,17113.543192213194,16260.710546501527,0.00029065536003433645,0.005052143650444901,,
251,19,4921.2509765625,3222.69696,185.796875,9.778782844543457,85.65960693359375,715.8533935546875,0.00011303674546070397,0.0,9386.029296875,0,1,0,0,0,30,0,0,0,1,0,5148.277027421613,25347.315225417195,24621.262437043573,0.0024229586255668026,0.0038889699838901975,1207.3771753756187,3458.643865423975
252,23,5954.07568359375,3614.195712,1958.171875,85.13790893554688,25.265165328979492,185.39117431640625,3.294502675998956e-05,0.0,2798.711181640625,0,1,0,0,0,48,0,0,0,1,0,1395.0839940761862,14492.797925045186,6771.074935132519,0.0023388823602061987,0.0018844225417370946,297.1451244080772,2208.3715772482888
253,21,5444.396484375,3707.250176,1161.201171875,55.29529571533203,54.13050079345703,366.26666259765625,7.271397771546617e-05,0.0,5503.8037109375,0,1,0,0,0,36,0,0,0,1,0,2601.2311425255366,19738.342951590166,19508.359371628856,0.0038259831356876883,0.0010773861919459622,1708.0872458990425,600.8379322560854
254,19,4924.35888671875,3256.2048,261.0810546875,13.741107940673828,74.16654968261719,626.3050537109375,0.00011771517165470868,0.0,7472.21337890625,1,0,1,0,0,28,0,0,0,1,0,3961.7410694280197,29619.350763861876,15855.6052682634,0.0022839652599661656,0.02027770538504562,814.1522700856517,2752.2412978573257
255,19,4903.85791015625,3065.012736,236.431640625,12.443770408630371,53.76155471801758,582.6180419921875,9.646828402765095e-05,0.0,6641.61865234375,0,1,0,0,0,30,0,0,0,1,0,3552.720408820652,20217.02295361171,17146.34204705466,0.0011746129157591684,0.004567931249893867,727.9694894642771,2118.576486400887
256,17,4311.06494140625,2741.028864,1076.0400390625,63.29647445678711,89.3574447631836,817.459228515625,0.000143051307532005,0.0,9866.85546875,0,1,0,0,0,26,0,0,0,1,0,4939.810137684599,23679.59016433424,17981.122559101677,0.002182126977808632,0.004545996098298637,,
257,23,5905.19873046875,3425.94048,1963.6025390625,85.3740234375,30.596981048583984,232.71136474609375,4.6606131945736706e-05,0.0,3455.52783203125,0,1,0,0,0,42,0,0,0,1,0,1891.1300220214425,18878.45006331448,15399.843445966239,0.003441478547302118,0.005884605145515462,289.6998283021776,2619.347612042618
258,17,4431.33056640625,3160.282112,1009.7841796875,59.399070739746094,126.33255004882812,850.8569946289062,0.00017642851162236184,0.0,9954.0419921875,0,1,0,0,0,31,0,0,0,1,0,5351.882734108165,35040.64414436786,31763.71656318,0.0029499534569425306,0.004430004176725955,,
259,25,6477.37353515625,3619.33824,2357.35205078125,94.29408264160156,22.551593780517578,192.44839477539062,3.7957543099764735e-05,0.0,3172.624267578125,0,1,0,0,0,48,0,0,0,1,0,1613.587175623967,12589.855221786276,8034.565955273355,0.0008663125995713346,5.166763762192751e-05,205.71719023807827,2173.8786024946908
260,14,3642.978759765625,3124.34176,3653.8955078125,260.9925537109375,223.9454803466797,2310.252685546875,0.00034408396459184587,0.0,21972.267578125,0,1,0,0,0,25,0,0,0,1,0,11850.006767838848,119590.69541875832,44521.12512318434,0.003174582112363246,0.0020701223347826744,,
261,16,4154.45458984375,2227.074048,1876.0771484375,117.25482177734375,87.88008880615234,954.9967651367188,0.0001342666073469445,0.0,10161.4912109375,0,1,0,0,0,26,0,0,0,1,0,3998.9309626472136,34905.775708952904,18913.594526812685,9.723969887941858e-05,0.01668077858071293,189.88904989553475,1910.37887595119
262,21,5428.3740234375,3015.45984,1289.0810546875,61.38481140136719,54.82061767578125,339.335693359375,7.136835483834147e-05,0.0,4640.60009765625,0,1,0,0,0,35,0,0,0,1,0,2528.159827343948,13407.990189228665,11288.929173361386,0.0025580189451685637,0.0010445038572600152,714.1719813640993,2994.5260151741463
263,24,6210.41796875,3717.869056,2171.552734375,90.48136901855469,32.7117919921875,254.19236755371094,4.930482100462541e-05,0.0,3993.522216796875,0,1,0,0,0,41,0,0,0,1,0,1987.087646402446,27287.581734392646,8753.995926255066,0.0006179353670565484,0.0016673323663573963,2242.7637425134203,94.40200843688768
264,18,4656.26513671875,3315.282432,345.716796875,19.20648956298828,45.78843307495117,483.8863220214844,8.033069752855226e-05,0.0,5593.99609375,0,1,0,0,0,29,0,0,0,1,0,2820.1800885313382,15635.724523305584,14782.67737695714,0.002748691751953615,0.0021755592078303854,,
265,21,5425.8779296875,3153.882624,1185.498046875,56.45228958129883,37.5201530456543,323.7402648925781,5.754999438067898e-05,0.0,4319.521484375,0,1,0,0,0,42,0,0,0,1,0,2160.344211224051,16517.30985191922,11535.327695225516,0.00041705497161085084,0.00032152139281520394,1598.893087296394,838.773682951117
266,23,5948.595703125,3768.7552,1966.6728515625,85.50751495361328,43.99873352050781,298.9562072753906,6.645800749538466e-05,0.0,4226.36376953125,0,1,0,0,0,43,0,0,0,1,0,2273.0292335689624,28364.363838875975,18292.321309918236,0.005235084518094596,0.006437941502709741,702.4902831848135,1707.0178752643887
267,19,4935.591796875,3542.97856,241.380859375,12.704256057739258,39.928672790527344,326.9344482421875,5.966260505374521e-05,0.0,3986.62548828125,0,1,0,0,0,34,0,0,0,1,0,1512.686520507657,10315.216652889498,9803.342559446468,0.001338900632099578,0.006093527863235644,578.8785902923364,1485.6993429330905
268,19,4921.67431640625,3127.760896,205.77734375,10.8303861618042,48.1342658996582,313.9247741699219,5.8936424466082826e-05,0.0,3807.01171875,0,1,0,0,0,39,0,0,0,1,0,1842.1838583174986,15949.796284013139,10245.03422968388,0.00022493312775707236,0.00047263974018543244,478.7314806814338,2976.1575404391306
269,19,4906.18408203125,3019.072512,242.6455078125,12.7708158493042,120.21288299560547,720.3993530273438,0.00016784490435384214,0.0,8695.25,0,1,0,0,0,30,0,0,0,1,0,5151.487889823065,26336.97988303169,25869.72417809329,0.0019171469173577121,0.0007939759608081853,1025.9030104719286,3112.0066578795418
270,15,3927.427978515625,2502.170112,2950.4404296875,196.696044921875,168.47657775878906,1535.6083984375,0.00026971357874572277,0.0,15672.177734375,0,1,0,0,0,27,0,0,0,1,0,7895.544042565483,61341.38747996174,55608.9558324469,0.0005150533907899019,0.0072656621943748695,547.8683304983988,2809.3773939919347
271,11,2895.935546875,1744.078848,7672.048828125,697.458984375,217.62451171875,2827.39208984375,0.00047393125714734197,0.0,26531.96875,0,1,0,0,0,9,0,0,0,1,0,15820.03782087569,243944.49481252488,51616.64050531979,0.000463369992056966,0.054513631865549694,1188.7884439152538,2138.7919622722115
272,18,4672.5380859375,2187.621376,308.5458984375,17.14143943786621,63.38798141479492,507.2644958496094,9.510308154858649e-05,0.0,6301.49365234375,0,1,0,0,0,36,0,0,0,1,0,3860.861320473035,26682.982857169878,26099.423941380603,0.0015367160607794514,0.003893638055768034,640.0975008505889,2323.7974604269943
273,20,5184.14208984375,3055.479296,838.7109375,41.935546875,64.21649932861328,521.2191162109375,8.121119753923267e-05,0.0,6731.431640625,0,1,0,0,0,40,0,0,0,1,0,3489.4995445369977,21210.92776995585,19161.927544578746,0.0021771676296455378,0.0009892629026802824,794.8074226612421,3258.0958306628904
274,13,3396.525634765625,2409.59232,5094.138671875,391.8568420410156,320.114013671875,2099.40966796875,0.0003437356499489397,0.0,19364.71875,0,1,0,0,0,16,0,0,0,1,0,7610.0385664473015,50855.89821075114,43681.084178493074,0.00047411861163286495,8.730734686455965e-06,,
275,20,5184.4990234375,2590.744064,767.791015625,38.38955307006836,63.99812698364258,433.9948425292969,8.479539974359795e-05,0.0,5250.84521484375,0,1,0,0,0,33,0,0,0,1,0,2692.5554665793657,24038.336780414673,21914.024563869527,0.0040234429963250246,0.0005739984260801287,24.328049779493995,2247.3039957883134
276,22,5688.8779296875,3384.132096,1677.33984375,76.24272155761719,34.71987533569336,318.5727233886719,6.343956920318305e-05,0.0,4590.66552734375,0,1,0,0,0,34,0,0,0,1,0,2394.390581471104,8956.783339499967,7951.906837807746,0.00432664770100738,0.00011789704269354884,166.7572591517487,1927.9437409627417
277,18,4676.5244140625,3117.800448,378.3212890625,21.01784896850586,88.59617614746094,648.8914794921875,0.00013086592662148178,0.0,7758.92138671875,0,1,0,0,0,31,0,0,0,1,0,4450.19802725736,33759.959259922834,28683.30329427326,0.004506254167056682,0.000596057907580598,,
278,21,5433.0927734375,3166.953472,1392.5068359375,66.30985260009766,70.39871978759766,527.073486328125,6.678532372461632e-05,0.0,7746.13818359375,0,1,0,0,0,41,0,0,0,1,0,4093.061798812235,25213.89893384603,18222.844915745984,0.001558628479221568,0.0012544747199697056,808.8309917574211,3240.9568615713924
279,19,4922.9462890625,2878.081536,223.236328125,11.74928092956543,62.6958122253418,538.9545288085938,8.826096018310636e-05,0.0,6654.55712890625,0,1,0,0,0,33,0,0,0,1,0,2620.502893608336,8350.540985241436,6032.024168961567,0.0011067175026289542,0.0013063766614855518,834.2986218343672,2543.5450999733207
280,19,4931.2236328125,2825.226752,200.5380859375,10.554636001586914,50.6454963684082,501.23297119140625,8.826547127682716e-05,0.0,5915.4921875,0,1,0,0,0,32,0,0,0,1,0,3327.116019954377,16656.455570233302,14072.272383400787,0.02188653641541052,0.006630826283664057,,
281,19,4826.17822265625,3017.52832,241.4365234375,12.707185745239258,95.71644592285156,658.2814331054688,0.00013142374518793076,0.0,8344.005859375,0,1,0,0,0,34,0,0,0,1,0,4149.594025606597,21599.003953381758,20715.61994560907,0.004713864300773663,0.0026723912097144156,,
282,17,4311.3955078125,2571.33824,1056.1171875,62.124542236328125,122.01263427734375,1287.5380859375,0.00019515467283781618,0.0,13634.86328125,0,1,0,0,0,28,0,0,0,1,0,6947.945090831368,41017.700954481516,35717.332299977505,9.337376621697258e-05,0.0005835998305848134,1187.1676159210392,2026.9389034246233
283,25,6344.64453125,3480.850432,2596.9443359375,103.87776947021484,34.08832931518555,229.6896514892578,4.5149772631702945e-05,0.0,3519.206787109375,0,1,0,0,0,47,0,0,0,1,0,1981.88472897108,24907.591407385786,14525.50731206617,0.0010691198235491181,0.00016905998471853506,276.9960810547782,2713.2035890221982
284,20,5081.97802734375,3789.714944,779.1416015625,38.95708084106445,46.573814392089844,443.6523132324219,6.334416684694588e-05,0.0,5685.67626953125,0,1,0,0,0,40,0,0,0,1,0,2752.316176645892,14366.350936157265,12356.687373234696,0.003963112527568882,0.0045519949381326585,219.84501563021604,2232.599318752625
285,15,3810.475830078125,2641.69728,2885.697265625,192.37982177734375,102.5816421508789,1195.89306640625,0.00017836505139712244,0.0,14129.146484375,0,1,0,0,0,20,0,0,0,1,0,5923.586704810211,36442.81586130901,28852.698161802447,0.00016946880410834142,0.005540655469699285,612.4631456026721,1993.0970487961815
286,16,4052.256591796875,2054.785024,1895.0888671875,118.44305419921875,109.1162109375,1330.876220703125,0.00018715237092692405,0.0,13772.0888671875,0,1,0,0,0,30,0,0,0,1,0,5031.010239017655,29515.957034353658,19005.41061644343,0.00016876786810409924,0.0011429246881880864,611.996676296943,2991.368122053822
287,20,5085.44970703125,2663.757312,786.560546875,39.32802963256836,71.85724639892578,505.14154052734375,9.616876923246309e-05,0.0,6382.02685546875,0,1,0,0,0,31,0,0,0,1,0,2764.576231570885,18086.953988168145,14455.877646687322,0.0005654801906482768,0.0002682925165041934,1301.4504836109427,3344.8175906563474
288,19,4848.23583984375,3022.552576,204.150390625,10.744757652282715,38.76995086669922,327.6076354980469,5.2463012252701446e-05,0.0,4820.55810546875,0,1,0,0,0,34,0,0,0,1,0,2506.211223819219,29342.958123975197,23862.946764444703,0.002403317854666784,0.011237062686931157,806.1494019271544,2284.1179519958127
289,22,5643.83642578125,3413.41184,1673.63671875,76.07440185546875,37.571632385253906,303.9132080078125,5.69504736631643e-05,0.0,4178.84130859375,0,1,0,0,0,41,0,0,0,1,0,2266.4017253627744,17332.107352102084,16962.650452396254,0.0011166047816375396,0.0013370511645843484,1014.878852198884,3456.731495772091
290,19,4879.24072265625,3324.308992,230.9580078125,12.155684471130371,111.93575286865234,648.325927734375,0.00013906344247516245,0.0,8284.0498046875,0,1,0,0,0,37,0,0,0,1,0,4292.268597695662,25565.535809323435,23741.276134272346,0.005668875617211336,0.011174498372377682,722.9847768510472,3181.9309820880962
291,19,4877.83349609375,3014.539776,225.501953125,11.868523597717285,76.36424255371094,443.6348876953125,0.00010422452760394663,0.0,5927.5712890625,0,1,0,0,0,34,0,0,0,1,0,2975.1646890599686,17447.821139068674,13504.223687308022,0.0023156356364857494,0.006191274508414144,39.49641918327188,2306.512935244936
292,19,4873.3271484375,3031.262208,239.1240234375,12.585474967956543,65.45626068115234,638.533935546875,0.00010414237476652488,0.0,7509.6572265625,0,1,0,0,0,29,0,0,0,1,0,3610.9152680522507,26780.158590671792,20274.68723553699,0.004024763091311653,0.00034569910700910783,914.9727086117855,2980.150257024987
293,17,4373.27685546875,2794.921984,1173.205078125,69.0120620727539,153.1951141357422,873.8364868164062,0.00014634239778388292,0.0,10041.9208984375,0,1,0,0,0,30,0,0,0,1,0,4750.58594666391,28739.930756060152,26588.94330642482,0.0004022179420997904,0.0007052180989797424,18.627922069447777,2188.392148545555
294,18,4608.982421875,2721.905152,338.55078125,18.80837631225586,42.1767578125,598.4791870117188,8.059686660999432e-05,0.0,6947.54736328125,0,1,0,0,0,34,0,0,0,1,0,2951.908114803082,15048.604997079841,14362.379335846446,0.0044634798195292424,0.001128820332484284,840.8469395108339,2557.6389435955653
295,15,3874.359375,2442.271744,2627.62109375,175.17474365234375,90.3893814086914,1018.7605590820312,0.00020137353567406535,0.0,11035.2724609375,0,1,0,0,0,25,0,0,0,1,0,3859.162919282124,30947.91837524634,21652.910749993007,4.9816671321673e-05,0.007049687632570065,,
296,21,5368.14404296875,2837.480448,1277.8193359375,60.848541259765625,93.63402557373047,456.8762512207031,7.701260619796813e-05,0.0,6743.95166015625,0,1,0,0,0,42,0,0,0,1,0,3725.0604848060357,21108.92243213625,19180.038702128066,0.0017681729389646302,0.0016223584882449644,,
297,18,4615.201171875,3086.312448,328.1943359375,18.23301887512207,46.75089645385742,406.08538818359375,8.81199084687978e-05,0.0,4620.0087890625,0,1,0,0,0,29,0,0,0,1,0,2495.913399331213,43962.5299166476,13868.48300590803,0.002244987300364751,0.0064153506500223695,812.548601746812,2932.9448464568163
298,16,4140.85888671875,2582.12608,1904.884765625,119.0552978515625,100.2705307006836,1218.1451416015625,0.00020516503718681633,0.0,13814.6435546875,0,1,0,0,0,26,0,0,0,1,0,4717.096747572904,29924.93260244773,19728.927713634013,0.0015248803721494286,0.0030507015726058996,621.2583949584464,2787.381562085312
299,16,4150.66162109375,2359.8976,1680.9921875,105.06201171875,105.754150390625,1005.653564453125,0.0001903192896861583,0.0,10444.0146484375,0,1,0,0,0,27,0,0,0,1,0,5617.039073470036,32577.776811036714,24882.20049767067,0.0022519632119805295,0.0029465734488851245,,
300,18,4662.82080078125,2598.607872,420.677734375,23.37098503112793,76.18778991699219,813.7184448242188,0.00013819197192788124,0.0,9265.9296875,0,1,0,0,0,24,0,0,0,1,0,4648.986958162054,27722.582537741087,20348.030606564524,0.0034259921615282865,0.004082324420310042,,
301,16,4234.17724609375,2573.9264,2116.9853515625,132.31158447265625,123.34112548828125,1406.7454833984375,0.00022239900135900825,0.0,14322.2890625,0,1,0,0,0,25,0,0,0,1,0,6198.143819581145,27881.426130198113,26710.9117827613,0.006598351393713791,0.040880108006342473,,
302,22,5689.31884765625,3190.01344,1392.80908203125,63.309505462646484,42.646728515625,250.0257110595703,5.157025225344114e-05,0.0,3726.6904296875,0,1,0,0,0,39,0,0,0,1,0,2157.9654250779413,20118.305278805037,14136.665864608914,0.0006023113565484161,0.004940027589709812,790.7516159613851,1559.1835799683863
303,19,4974.77490234375,3410.866176,258.2998046875,13.5947265625,46.38039779663086,422.8453369140625,6.44206375000067e-05,0.0,5137.5517578125,0,1,0,0,0,40,0,0,0,1,0,2309.193935814189,14237.227107149221,12923.039028731933,0.0011972442274171876,0.0006557763097935505,241.2392554022017,2655.1193772919337
304,22,5755.09228515625,3438.987264,1506.8701171875,68.49409484863281,36.96181106567383,242.69503784179688,4.4580185203813016e-05,0.0,3415.784912109375,0,1,0,0,0,38,0,0,0,1,0,1594.3654504793653,17651.921675114267,7120.791707520467,0.00012606901252945092,0.00034309915398624685,799.7721094444782,3058.4164771249807
305,17,4459.24365234375,3093.043712,1173.669921875,69.0394058227539,141.30067443847656,927.8992309570312,0.00015215532039292157,0.0,10734.4248046875,0,1,0,0,0,27,0,0,0,1,0,4834.2362454351605,31481.99183944342,26159.159259302072,0.00041438473056845324,0.00012232367678498583,,
306,23,6004.6884765625,3241.396736,1943.03515625,84.47978973388672,31.327905654907227,248.68807983398438,5.212085306993686e-05,0.0,3604.06982421875,0,1,0,0,0,43,0,0,0,1,0,1510.782629811916,8358.92416039008,7617.027673319913,0.0066835794202598124,0.001783865454820852,,
307,19,4971.865234375,3267.566592,233.0869140625,12.267732620239258,97.42391204833984,632.7471313476562,0.00011514281504787505,0.0,8212.044921875,0,1,0,0,0,33,0,0,0,1,0,4758.004916714147,32520.78074134134,25421.154520880827,0.0008804645700443998,0.00034936717507251525,,
308,16,4185.86181640625,2621.666816,1903.9462890625,118.99664306640625,141.35147094726562,1036.758056640625,0.00020429761207196862,0.0,10749.1767578125,0,1,0,0,0,27,0,0,0,1,0,5689.801712299419,39257.39788753782,28895.70859610029,0.0029304109760378404,0.00106635382964933,1285.209941651031,3565.742653551371
309,19,4957.828125,2679.556096,248.5068359375,13.079307556152344,51.78300476074219,475.9444885253906,7.478828774765134e-05,0.0,5640.16162109375,0,1,0,0,0,32,0,0,0,1,0,3009.250704887348,23790.46867688522,16909.471616885767,0.00019100370894019336,0.0025733789785574585,1279.5352723778497,3360.2979689727026
310,15,3914.33056640625,2518.72256,2538.427734375,169.22853088378906,164.58815002441406,1418.148193359375,0.00021358419326134026,0.0,13997.603515625,0,1,0,0,0,29,0,0,0,1,0,6884.505569414475,39976.06940681112,25577.036695280774,0.0023020163064399,0.0025337908043939344,,
311,21,5470.0166015625,2772.128256,1404.30078125,66.87146759033203,109.57618713378906,787.7716064453125,0.00012521746975835413,0.0,10435.4619140625,0,1,0,0,0,38,0,0,0,1,0,5292.562829271169,24997.13823532542,23546.606832535937,0.00684991251717372,0.010141968245306679,551.625330734797,2915.9632610445105
312,20,5204.0888671875,3291.106304,822.4287109375,41.121437072753906,55.532169342041016,415.86578369140625,6.244622636586428e-05,0.0,5337.37646484375,0,1,0,0,0,38,0,0,0,1,0,2870.3100927174987,16101.141129351248,14771.442457165746,0.0006410124315341607,0.0051925440868636034,,
313,21,5443.45751953125,3501.792768,1318.986328125,62.80887222290039,60.44615936279297,491.6153564453125,8.491639164276421e-05,0.0,6342.73291015625,0,1,0,0,0,40,0,0,0,1,0,3056.9906176905283,24056.804597376282,16430.211164473458,9.637276176999512e-06,0.0015367030108623947,,
314,20,5169.6083984375,3321.542656,759.908203125,37.99541091918945,57.06967544555664,609.7041625976562,7.88844408816658e-05,0.0,8012.82958984375,0,1,0,0,0,38,0,0,0,1,0,4377.879208935373,36673.14086007887,23331.650219553463,0.0043991335046578844,0.004500403702575845,1730.7256093882306,1772.4636993757579
315,17,4409.01416015625,2830.295552,1054.2177734375,62.01280975341797,96.62580871582031,848.5386352539062,0.00016133402823470533,0.0,9364.90234375,0,1,0,0,0,29,0,0,0,1,0,5480.289218672128,40703.6823820042,32106.961027522542,0.0011304776823567323,0.005083607942974036,255.31504650210627,2522.013458259446
316,17,4439.39404296875,2626.320384,1001.1201171875,58.88941955566406,43.94136047363281,464.3642883300781,8.491968765156344e-05,0.0,5366.52978515625,0,1,0,0,0,26,0,0,0,1,0,2195.9303817119903,14551.193400319235,11819.491222316467,0.0013583518984756834,0.0020461671399544107,1493.306951836366,434.6867975391606
317,19,4935.30517578125,2813.436928,259.1171875,13.637746810913086,127.14543914794922,584.3429565429688,0.0001674726081546396,0.0,7239.240234375,0,1,0,0,0,33,0,0,0,1,0,4066.5881019769654,29604.767967485437,23685.447102519534,0.0015655063513750483,0.0044262799100611705,1199.4200477994914,3453.791379912522
318,13,3417.7392578125,2297.90976,4339.873046875,333.8363952636719,229.3786163330078,1916.0634765625,0.0003518142912071198,0.0,15418.51171875,0,1,0,0,0,14,0,0,0,1,0,8712.093914451649,40817.78107280229,34410.783837589115,0.0033702069436090075,0.0024205260287076813,472.42101345741685,1842.68485056577
319,14,3763.30712890625,1902.818304,3180.4599609375,227.17572021484375,210.84861755371094,1612.9283447265625,0.000266465125605464,0.0,16552.3671875,0,1,0,0,0,24,0,0,0,1,0,11054.747461680141,63445.850490049335,61792.621260862434,0.0012671109260907476,2.6069019042935723e-05,24.67998221274229,2366.1398263434135
320,21,5460.65087890625,2828.40064,1301.2451171875,61.964054107666016,39.68619918823242,337.5745849609375,6.157853931654245e-05,0.0,4499.9248046875,0,1,0,0,0,42,0,0,0,1,0,2465.323560502526,13563.30384460589,11922.36767720274,0.0006747079076124332,0.0010594815378305728,,
321,19,4955.24169921875,3257.353728,259.12109375,13.63795280456543,67.02467346191406,579.0549926757812,8.534023800166324e-05,0.0,7177.302734375,0,1,0,0,0,37,0,0,0,1,0,3333.9364021456013,20574.23816905985,17665.76421947333,0.0011108372505655095,0.000439982365218361,2272.773720714989,128.2375728279136
322,19,4941.7978515625,2992.057344,237.337890625,12.49146842956543,53.740814208984375,406.55230712890625,0.00010193200432695448,0.0,4705.919921875,0,1,0,0,0,34,0,0,0,1,0,2205.171213371908,17017.725310176804,14203.510241717913,0.0013902773751028538,0.0006260803770889133,817.0450154224527,3101.8101470274737
323,19,4886.16259765625,3052.696576,253.388671875,13.3362455368042,49.95619201660156,389.4093933105469,8.93555989023298e-05,0.0,4602.36181640625,0,1,0,0,0,35,0,0,0,1,0,2322.6963985181465,17866.29165426098,12191.896883169798,0.0039005859747230365,0.0017562592600103566,,
324,24,6166.75244140625,3814.859776,2188.01318359375,91.16722106933594,42.175880432128906,291.4589538574219,5.94972625549417e-05,0.0,4141.78466796875,0,1,0,0,0,42,0,0,0,1,0,2209.5437253555083,16803.32128609712,15063.749119124383,0.0023691121193346737,0.007843229460304944,,
325,19,4941.90478515625,3435.652096,234.1982421875,12.326223373413086,46.16048812866211,406.5023498535156,6.171668064780533e-05,0.0,5492.0322265625,0,1,0,0,0,41,0,0,0,1,0,2369.48128254017,18461.085645842355,12341.63080879775,0.00010474428900174998,0.0014703841474380114,,2604.6315828904185
326,22,5708.10693359375,3093.353472,1659.6494140625,75.43861389160156,68.53148651123047,468.50750732421875,7.177459337981418e-05,0.0,6653.701171875,0,1,0,0,0,37,0,0,0,1,0,3183.8844368468176,21037.96208012309,20266.467923049753,0.0031670316075328147,0.001830205920762714,800.7896288516404,3112.0791065175326
327,18,4678.09228515625,3129.266176,296.84375,16.49131965637207,43.212738037109375,327.5269775390625,5.7952231145463884e-05,0.0,3658.26171875,0,1,0,0,0,35,0,0,0,1,0,1540.584436029041,10494.152775128476,8534.048743325811,0.0005503790774458142,0.010013960577689877,1029.0371596838168,3461.179995912644
328,19,4927.01806640625,3007.1424,249.447265625,13.128803253173828,58.63713073730469,802.6968383789062,0.0001106371491914615,0.0,8668.240234375,0,1,0,0,0,32,0,0,0,1,0,4685.204626971889,25162.734870323216,24267.524085770892,0.0048796082213378306,0.0004985312649885606,1090.5444472880527,3383.023233961863
329,21,5442.72998046875,3379.286528,1407.4482421875,67.02134704589844,85.3137435913086,492.0093994140625,0.00010164765262743458,0.0,6747.43017578125,0,1,0,0,0,39,0,0,0,1,0,4154.200296014656,24600.42555794769,22076.75397963969,0.002339090036629972,0.001225607660534575,562.8632620970061,2996.5823804543425
330,19,4958.32373046875,3161.037312,265.8037109375,13.989668846130371,81.53575134277344,628.6411743164062,8.72356176842004e-05,0.0,8364.27734375,0,1,0,0,0,37,0,0,0,1,0,4397.911530524568,23896.412338535727,19454.83199225505,0.0001548384899375567,0.008968254118525726,,
331,18,4702.98486328125,2865.874944,307.1435546875,17.06353187561035,41.735572814941406,339.531005859375,6.086848225095309e-05,0.0,3994.135986328125,0,1,0,0,0,35,0,0,0,1,0,1766.1041023529087,10419.017366646558,9837.70365075154,0.020898268993368316,0.017249934849247674,1196.692299493887,1234.2393431916755
332,21,5465.74462890625,3148.992,1292.0244140625,61.52497482299805,108.15528106689453,596.23095703125,0.00014594449021387845,0.0,7137.28955078125,0,1,0,0,0,42,0,0,0,1,0,4233.696546654359,24820.458633686452,24011.406455101536,0.003606259505763751,0.0024612354176138575,,
333,17,4440.7626953125,2902.3104,1120.14453125,65.89085388183594,122.23209381103516,1250.614013671875,0.00019648335000965744,0.0,14506.9169921875,0,1,0,0,0,33,0,0,0,1,0,7398.96746157545,80638.38963137585,34533.36774307756,0.002413752294836889,0.0003379581437310264,,
334,21,5468.84814453125,3155.003904,1305.0048828125,62.143089294433594,43.79589080810547,395.5408935546875,7.754345278954133e-05,0.0,5448.16943359375,0,1,0,0,0,44,0,0,0,1,0,2883.190054068175,17381.614126072607,15168.884841587902,0.008651079119390517,0.0015518133845294087,,
335,21,5464.6748046875,3537.198592,1190.7626953125,56.70298767089844,38.2408447265625,238.94149780273438,4.403159982757643e-05,0.0,3312.388671875,0,1,0,0,0,38,0,0,0,1,0,1516.2174587299776,11141.963992255705,9298.396178586254,0.0001280588706114305,0.0021093520928538514,865.8927577685777,3033.2703533182353
336,21,5474.25634765625,3570.8032,973.80859375,46.3718376159668,32.96571350097656,395.1731872558594,7.27537480997853e-05,0.0,5214.97216796875,0,1,0,0,0,34,0,0,0,1,0,2543.016596658189,25469.06681981671,7748.643803946412,0.0018813221825581608,0.005367307382894041,376.8766941268068,1963.1978015762088
337,23,5977.39453125,3862.296576,1956.94921875,85.08474731445312,34.94477462768555,255.6105194091797,4.7236062528099865e-05,0.0,3720.933349609375,0,1,0,0,0,44,0,0,0,1,0,1831.8708386359144,17162.135066582938,14068.724918177479,0.0002208711807189373,0.004470229737729925,193.10312095344216,2600.6948289839283
338,16,4171.55517578125,3108.01152,1887.556640625,117.9722900390625,110.62933349609375,914.7205200195312,0.00018046196782961488,0.0,9716.94921875,0,1,0,0,0,29,0,0,0,1,0,4511.1482474544455,25055.326818928115,23371.018048616406,0.0002482444168370769,0.008397393226941255,813.0342724746679,2913.1764850359787
339,13,3407.917724609375,2068.77184,4443.521484375,341.8093566894531,275.5840759277344,2079.80224609375,0.00036321888910606503,0.0,17652.236328125,0,1,0,0,0,20,0,0,0,1,0,10202.858515391195,71473.77023898925,50642.5405956288,0.0063195952097018435,0.0006019623814310059,,
340,21,5448.69970703125,2837.219328,1296.216796875,61.724609375,72.2287826538086,507.98101806640625,7.811900286469609e-05,0.0,7294.861328125,0,1,0,0,0,38,0,0,0,1,0,4357.469203528422,22809.909790388978,21287.524984203214,0.0016657571740614496,0.000332490278044717,,
341,19,4921.814453125,3317.836288,263.091796875,13.84693717956543,63.52055358886719,442.58062744140625,7.144119445001706e-05,0.0,5159.97802734375,0,1,0,0,0,32,0,0,0,1,0,2626.5258218618396,24781.730126772207,13634.420000466582,0.0014984825433734528,2.0529958883269694e-05,1155.936357759339,862.2532790063296
342,20,5165.54736328125,3002.507776,750.75390625,37.537696838378906,53.57143020629883,348.70831298828125,5.982674701954238e-05,0.0,4769.87744140625,0,1,0,0,0,39,0,0,0,1,0,2615.303265786663,20565.252122346745,14307.53651100776,0.0016441493035453426,0.0003866575649766795,569.7074338522075,3013.6889879184155
343,19,4932.1044921875,2974.071296,215.63671875,11.3493013381958,50.682106018066406,414.46539306640625,7.980463851708919e-05,0.0,4964.8662109375,0,1,0,0,0,34,0,0,0,1,0,2253.6305058958437,16190.230123345662,14132.039514803215,0.0009960565651592895,0.0009732520260532992,2292.8041937909547,5.504026039168593
344,20,5176.326171875,3145.700864,748.5654296875,37.42827224731445,47.87773132324219,418.9487609863281,8.78299615578726e-05,0.0,5729.7841796875,0,1,0,0,0,32,0,0,0,1,0,3256.188664088831,20062.703022651876,18740.42995223654,0.016121491478985634,0.009474974988175497,,
345,17,4410.80224609375,2788.727296,1030.630859375,60.625343322753906,192.61402893066406,1071.280029296875,0.0002954781230073422,0.0,10948.1650390625,0,1,0,0,0,26,0,0,0,1,0,4586.82866579634,20173.766471504303,19712.742184326664,0.003477297867948294,0.0008671202445650009,1661.8507016624712,3494.5788402464364
346,18,4670.0068359375,2531.165184,315.4384765625,17.52436065673828,51.39335632324219,604.4015502929688,0.00011662934412015602,0.0,7090.38818359375,0,1,0,0,0,31,0,0,0,1,0,3547.1462012311677,37339.696171862146,20592.331203571335,0.0007409462695835006,0.00047118110199143026,858.3680280523272,2085.317743570338
347,23,5950.04833984375,3398.313472,2166.2099609375,94.18304443359375,43.33317947387695,313.72039794921875,6.278840737650171e-05,0.0,4403.20751953125,0,1,0,0,0,41,0,0,0,1,0,2300.1090402767295,13857.902080402377,11741.543738045399,0.004769740289147839,0.004815289047614926,363.450855092477,1980.6781443747964
348,18,4603.3046875,3286.49984,371.9814453125,20.66563606262207,184.51535034179688,971.8369140625,0.0001680796267464757,0.0,12301.134765625,0,1,0,0,0,30,0,0,0,1,0,8198.543753581593,170138.90122461517,33429.69109331854,0.0017043395166476683,0.0006922130053177988,293.52993766214695,1995.6657974857355
349,20,5068.4326171875,2907.54048,756.8056640625,37.84028244018555,51.51996994018555,463.6523742675781,8.131517824949697e-05,0.0,5448.2451171875,0,1,0,0,0,34,0,0,0,1,0,2670.820712612843,21265.885118517668,19139.693333186824,0.0004102141169662031,0.0002133556145301474,362.0427871851234,1747.9486756043198
350,19,4898.55859375,2974.54336,263.6708984375,13.877415657043457,59.72711944580078,443.4040832519531,7.10148669895716e-05,0.0,5451.63818359375,0,1,0,0,0,32,0,0,0,1,0,2663.5613451119348,17192.524453911614,11949.28742953541,0.0006319498314942412,0.00044891529198479857,523.2936139729695,2633.984839776319
351,25,6462.71142578125,3910.173184,2349.86767578125,93.99470520019531,26.195022583007812,198.13253784179688,3.950133395846933e-05,0.0,3217.828857421875,0,1,0,0,0,48,0,0,0,1,0,1791.851653816133,33034.7378362941,10257.467571266565,0.0012149874468089586,0.00014384049415512058,452.1462422101981,2867.427025451565
352,19,4915.29833984375,3803.516928,254.0419921875,13.370631217956543,47.93893814086914,456.5337829589844,7.412894774461165e-05,0.0,5982.37060546875,0,1,0,0,0,39,0,0,0,1,0,3070.2611209570478,24126.543825968067,13175.88072855508,0.0008082159553678067,0.003585283723454999,,
353,17,4406.9375,2747.441152,1023.0,60.17647171020508,106.39189147949219,717.2786254882812,0.00015061761951074004,0.0,7902.85400390625,0,1,0,0,0,26,0,0,0,1,0,3593.6269691815114,32993.710967128565,21519.264814144575,0.0016202821904601657,0.002054833147759741,150.0274388771404,1936.6690504979306
354,12,3124.565673828125,1892.02432,4722.259765625,393.52166748046875,89.35769653320312,1234.5797119140625,0.00019445626821834594,0.0,13409.1259765625,0,1,0,0,0,25,0,0,0,1,0,5056.800977759311,36719.70254485187,19465.289037098617,0.000440866085132139,0.0007520348221310286,,
355,17,4407.2158203125,2146.958848,1029.0517578125,60.53245544433594,51.718692779541016,648.0737915039062,0.00011165409523528069,0.0,6939.86767578125,0,1,0,0,0,26,0,0,0,1,0,2771.222262455243,16604.469152702157,13161.37861326453,0.0019638458690760183,0.006121735766360603,,
356,20,5198.529296875,3013.022208,745.1748046875,37.25873947143555,58.52701950073242,522.561279296875,7.929761341074482e-05,0.0,7585.95703125,1,0,1,0,0,36,0,0,0,1,0,4114.930390057184,23736.08988210464,19518.962711835808,0.0046309310430532585,0.004182895148776261,,
357,21,5450.603515625,3382.325248,1051.7431640625,50.0830078125,35.216163635253906,298.22711181640625,5.7134591770591214e-05,0.0,3785.70458984375,0,1,0,0,0,39,0,0,0,1,0,1489.755493527787,16946.634352107696,8356.672550772622,0.0011472841272874654,0.023521428787298473,555.2948691385213,2980.5256173387716
358,18,4675.25341796875,3111.460352,339.7373046875,18.87429428100586,62.128753662109375,600.5718994140625,0.00010561370436334983,0.0,7114.5244140625,0,1,0,0,0,33,0,0,0,1,0,4158.837777005192,25239.398804605386,17913.281851485186,0.002067021424066409,0.000490522605702981,345.1595731136108,2731.4928250447665
359,19,4932.70849609375,2556.316672,201.439453125,10.602076530456543,86.72862243652344,869.5293579101562,0.0001482405059505254,0.0,10869.78125,0,1,0,0,0,34,0,0,0,1,0,5151.14222371584,52111.74741600167,33532.97437665973,0.00021247074592476226,0.00013071535411026888,806.574523660438,3180.8473716989965
360,17,4411.6865234375,2381.88032,932.97265625,54.88074493408203,57.61647033691406,540.1409301757812,7.922536315163597e-05,0.0,5878.76416015625,0,1,0,0,0,29,0,0,0,1,0,2442.3558541415337,21105.740775177932,15970.6630960641,0.003510431383935489,0.0020821591832511227,804.1004540649924,1343.365619549436
361,21,5449.75537109375,3030.328832,1174.2744140625,55.91783142089844,44.140506744384766,401.00921630859375,9.435418905923143e-05,0.0,5638.51220703125,0,1,0,0,0,46,0,0,0,1,0,2992.1750945251006,25831.144746144568,21572.84107073051,0.00020537105318731846,0.007830728612839327,,3438.138477196196
362,21,5447.0380859375,3577.832448,1308.29296875,62.29966735839844,60.34839630126953,395.9651184082031,6.598273466806859e-05,0.0,5391.51318359375,1,0,1,0,0,35,0,0,0,1,0,2957.8434982075655,21406.72351432549,19547.35646307159,0.006170434771583272,0.0025476186602504582,1185.6907327202657,3347.438140222213
363,17,4422.57275390625,3010.524672,1036.5029296875,60.970760345458984,110.13670349121094,700.7218017578125,0.00012776593212038279,0.0,7372.236328125,0,1,0,0,0,30,0,0,0,1,0,3568.81890383088,25998.735570356457,20592.6301909476,0.003970741369864111,0.0002724907560161388,,
364,18,4681.12060546875,2747.078144,405.064453125,22.50358009338379,135.59628295898438,1230.302490234375,0.00017952919006347656,0.0,13237.1455078125,0,1,0,0,0,28,0,0,0,1,0,7961.869645100057,70646.83851328447,38607.72232942316,0.002039172001316838,0.0023442032078802993,519.787797287931,2649.396329904264
365,21,5457.076171875,2988.919296,1163.728515625,55.415645599365234,50.170257568359375,459.1474914550781,7.459765038220212e-05,0.0,6665.9765625,0,1,0,0,0,40,0,0,0,1,0,3097.8936118002093,10712.772308813863,10545.349301350654,0.0025810082474576578,0.00015338207616871768,,
366,14,3659.004638671875,2453.298176,3741.892578125,267.2780456542969,127.3536605834961,1681.0631103515625,0.00027505666366778314,0.0,15065.306640625,0,1,0,0,0,23,0,0,0,1,0,7062.0402795973105,57516.24803899365,44676.668466337425,0.025900050185644438,0.02432951500441667,,
367,16,4175.0009765625,2174.246912,1867.8154296875,116.73846435546875,98.47502136230469,1187.7789306640625,0.0002108733751811087,0.0,12318.90625,0,1,0,0,0,25,0,0,0,1,0,6452.449351790832,60926.326081847335,27651.703794464156,0.00010830562567883811,0.007359841390524509,,
368,21,5452.53369140625,2976.459776,1301.3154296875,61.967403411865234,54.4537467956543,383.3666687011719,6.494273839052767e-05,0.0,5426.60205078125,0,1,0,0,0,40,0,0,0,1,0,2789.3202567052303,14728.35564809347,13805.123769049123,0.004269265075003106,0.0032750443258125067,18.53913215438297,2381.070022660108
369,21,5452.10302734375,3481.259008,1285.1064453125,61.1955451965332,45.139652252197266,405.11956787109375,6.612246943404898e-05,0.0,5231.458984375,0,1,0,0,0,35,0,0,0,1,0,2644.978826592367,15895.25143369828,14892.67818013702,0.0023470479542037764,0.00020495417808137628,,
370,20,5200.70947265625,3287.552512,747.263671875,37.36318588256836,47.29290771484375,516.367431640625,8.405250264331698e-05,0.0,6814.02001953125,0,1,0,0,0,33,0,0,0,1,0,3508.872618772298,44115.249951087855,35205.169780912845,0.0007822905673101413,0.000600799980464653,,
371,21,5438.27392578125,3271.670784,1182.1748046875,56.29404067993164,37.5609130859375,333.5752868652344,5.1367900596233085e-05,0.0,4358.00439453125,0,1,0,0,0,40,0,0,0,1,0,2051.2543128691414,21198.923598002413,11029.682682771332,0.0008331360714697242,0.00576362725846755,1113.9192144297022,3547.844717610924
372,16,4166.7587890625,2798.306304,1682.119140625,105.1324462890625,75.0379638671875,820.8282470703125,0.00017110009503085166,0.0,8667.9677734375,0,1,0,0,0,23,0,0,0,1,0,3928.6429885111297,28108.191040790498,13433.15047767504,0.02388554906924728,0.006048490646765922,1608.8050893024506,3356.3251380169245
373,17,4417.1669921875,2485.210624,1004.1455078125,59.0673828125,169.69190979003906,1373.212158203125,0.00025212368927896023,0.0,12771.1572265625,0,1,0,0,0,30,0,0,0,1,0,6352.869452281975,112891.54141258176,25018.06541294952,0.0001381389970713659,0.00428703636988019,,
374,15,3888.0986328125,2255.538688,2909.185546875,193.94570922851562,163.02244567871094,1452.87353515625,0.00027305944240652025,0.0,13712.3671875,0,1,0,0,0,25,0,0,0,1,0,6802.3853323999565,49674.41587075992,45792.17811077571,0.0003123229250658194,0.003475116105432191,280.9903974732015,1992.3299036598742
375,15,3824.685546875,1987.267072,2886.9619140625,192.46414184570312,126.10230255126953,1500.4541015625,0.00024299745564348996,0.0,16982.455078125,0,1,0,0,0,24,0,0,0,1,0,10329.567254964333,42284.54700921893,33503.62922970329,5.1516934221410016e-05,0.004039155199311414,911.7121865267924,2488.381237536543
376,15,3843.697265625,2067.609088,2887.6591796875,192.5106201171875,197.70933532714844,2120.219482421875,0.00028757425025105476,0.0,20554.634765625,1,0,1,0,0,19,0,0,0,1,0,9978.758130626524,55072.84184050536,37383.58553733956,0.009003912184014208,0.0022268271348090517,146.53606514743478,1540.9185860342632
377,18,4674.98291015625,2543.768064,336.515625,18.6953125,58.33229446411133,456.0420837402344,7.726652984274551e-05,0.0,5425.41943359375,0,1,0,0,0,28,0,0,0,1,0,2978.078068715063,21402.415056650945,14534.94813889276,0.0018391428900779855,0.017821895987027617,,
378,25,6476.78857421875,3885.005312,2618.287109375,104.73148345947266,36.780433654785156,226.17320251464844,5.552997754421085e-05,0.0,3688.830078125,0,1,0,0,0,48,0,0,0,1,0,1837.3133165175534,9590.784215264275,8619.066372290321,0.002885072029521721,0.0024585956176638715,767.9098362112609,3190.7448228045455
379,16,4164.85107421875,3323.82464,1871.6845703125,116.98028564453125,104.76876068115234,958.2379760742188,0.00019029880058951676,0.0,10294.9453125,0,1,0,0,0,30,0,0,0,1,0,4458.565387415654,30602.91071261213,22033.143973858438,0.006967502205795617,0.004522851287956072,1143.3005806931646,1211.6139604860086
380,13,3393.13525390625,1980.038656,4658.888671875,358.3760681152344,146.0257110595703,1597.770263671875,0.00015979264571797103,0.0,17531.84375,0,1,0,0,0,19,0,0,0,1,0,5139.504287246036,38190.47268554324,27526.41715545498,0.00021826720330925427,0.002343274367546763,881.6437949360443,1950.7217952708215
381,23,5970.1220703125,3097.60256,1958.939453125,85.17127990722656,36.39039611816406,288.745849609375,7.021742931101471e-05,0.0,4073.30712890625,0,1,0,0,0,49,0,0,0,1,0,2152.276964542313,21319.727196524444,10740.333331612837,0.001017290828047121,0.0027562306463638775,,2397.133928950361
382,20,5173.943359375,3668.162048,772.0546875,38.60273361206055,39.61977005004883,299.992919921875,4.697937038145028e-05,0.0,4216.900390625,0,1,0,0,0,39,0,0,0,1,0,2030.3578394274837,11500.506751096742,11263.8478476897,0.0017552580856312616,0.0016957913678916497,226.40729589139846,2199.4494376397633
383,15,3899.616455078125,2614.96832,2858.2919921875,190.5528106689453,119.3977279663086,2185.091796875,0.00031009933445602655,0.0,20109.2421875,0,1,0,0,0,25,0,0,0,1,0,8382.852006792344,56766.21740457324,48256.662591065775,0.0031548694197133208,0.01798284960507572,164.3638709689826,2293.9376747999017
384,19,4923.2431640625,2474.824704,229.287109375,12.067742347717285,64.35968017578125,453.3311767578125,7.792905671522021e-05,0.0,6225.27099609375,1,0,1,0,0,28,0,0,0,1,0,3176.912212090058,22338.192566569003,13976.962821267052,0.000523295802633994,9.73417826426366e-05,582.0134953919003,1355.6275670283337
385,17,4406.15283203125,2741.106688,1021.560546875,60.091796875,76.85041809082031,794.1134033203125,0.00014788318367209285,0.0,9072.654296875,0,1,0,0,0,30,0,0,0,1,0,4041.593424285601,34536.685206645736,20240.339631913284,0.000609334599211836,0.00013042840343106127,,
386,21,5434.529296875,3140.391936,1190.7158203125,56.70075607299805,38.577980041503906,285.474609375,7.485932292183861e-05,0.0,3760.9873046875,0,1,0,0,0,39,0,0,0,1,0,1855.6096224800685,12685.760651753517,10434.67696399272,0.003085084898632174,0.008064599579422783,566.2570189522971,2451.085154199142
387,20,5172.15771484375,3359.919104,747.693359375,37.38467025756836,85.42713165283203,558.1746826171875,9.382309508509934e-05,0.0,7583.7490234375,0,1,0,0,0,38,0,0,0,1,0,4046.7210206388204,28597.320160464198,23840.57204924377,0.006442287965858176,0.0008945164394598346,,
388,16,4148.42333984375,2736.04864,1689.52734375,105.595458984375,86.9580307006836,940.9442138671875,0.0002252833073725924,0.0,10399.5595703125,0,1,0,0,0,27,0,0,0,1,0,4822.947617909816,36708.6243440058,33138.044580663445,0.004594562531945637,0.002548898913125451,,
389,12,3127.9765625,1899.898368,7117.3251953125,593.1104736328125,314.63262939453125,3446.927490234375,0.0005079852999188006,0.0,40068.7265625,0,1,0,0,0,13,0,0,0,1,0,26496.693058283647,484171.90924683114,122330.81352297642,0.0002614236491567069,0.09162856594806315,1969.8864075941824,2977.629699799657
390,8,2182.948974609375,1243.879936,10691.4111328125,1336.4263916015625,876.9134521484375,7686.06787109375,0.0017924705753102899,0.0,37729.91796875,0,1,0,0,0,10,0,0,0,1,0,12418.850289641268,68403.29706637787,66338.45108262074,0.006574984703305236,0.0067145588568959524,,
391,15,3906.15966796875,1641.043968,2530.2353515625,168.682373046875,157.58522033691406,1260.2904052734375,0.0003151613345835358,0.0,11537.9921875,0,1,0,0,0,21,0,0,0,1,0,5336.914881924514,33964.72348557472,21963.137824031342,0.001850342239155485,0.007549993805161387,,
392,17,4411.22607421875,2459.57632,1133.775390625,66.69267272949219,87.2425765991211,819.8700561523438,0.00012046673509757966,0.0,9308.5947265625,0,1,0,0,0,29,0,0,0,1,0,5388.612603653413,49640.919749202985,28187.304988732867,0.002491446477806296,0.002410986913078478,,
393,17,4405.9609375,2686.210048,1032.326171875,60.72507095336914,49.5023078918457,820.0638427734375,0.00012298961519263685,0.0,8294.740234375,0,1,0,0,0,28,0,0,0,1,0,4084.4405174057433,62846.718580740475,21239.53320827551,0.001012243298905209,0.001234788274138865,966.9758944354744,2970.8649796468135
394,20,5174.6494140625,3004.94848,815.71875,40.78593826293945,126.01105499267578,682.0045776367188,0.00010213760833721608,0.0,9418.716796875,0,1,0,0,0,41,0,0,0,1,0,5277.783324660167,25186.466533570063,23023.351108788513,0.013199090319367723,0.0011901308657625079,,
395,18,4666.443359375,2996.70784,368.302734375,20.46126365661621,92.79693603515625,735.046142578125,0.00010932227451121435,0.0,7745.22216796875,0,1,0,0,0,28,0,0,0,1,0,4763.953038049269,26723.71900028285,25042.85373468508,0.008617889828429297,0.0014956807306831217,,
396,17,4423.572265625,2696.24064,924.2744140625,54.369083404541016,108.10678100585938,785.568359375,0.0001625131699256599,0.0,8755.2099609375,0,1,0,0,0,31,0,0,0,1,0,5033.754114857992,27747.22997053477,26409.959233485075,0.005118354699339668,0.003477814329313239,2441.5427582273264,116.6570559917941
397,16,4134.9501953125,2368.306176,1877.9140625,117.36962890625,159.49911499023438,1263.668212890625,0.000213343882933259,0.0,13463.521484375,0,1,0,0,0,27,0,0,0,1,0,6888.782020576235,26286.952349805008,25921.006068170667,0.0025029547709797956,0.00020329573906495424,1023.2296171568173,1177.8833194872109
398,21,5439.9208984375,2887.341568,1291.6787109375,61.50851058959961,87.61456298828125,485.17059326171875,0.00010860163456527516,0.0,6662.8427734375,0,1,0,0,0,38,0,0,0,1,0,3814.915130138853,20611.849705375975,20509.699270337722,0.0013227793503031412,0.0006247359674546281,1611.7750348163079,822.1462351110292
399,16,4155.18896484375,2862.24384,1898.7509765625,118.67193603515625,114.65928649902344,1230.8331298828125,0.0002675217983778566,0.0,12294.1640625,0,1,0,0,0,27,0,0,0,1,0,5887.111618789948,34205.33101123102,33873.48228893399,0.0020656632085041884,0.0009331716218116994,112.89472401535886,2115.0240384943386
400,17,4407.5361328125,2467.938816,1096.8779296875,64.52223205566406,111.78609466552734,1137.0810546875,0.00016494981537107378,0.0,13530.7138671875,0,1,0,0,0,29,0,0,0,1,0,6102.420083337197,38747.47662247938,34861.860955004595,0.002433268610472668,0.007164177509418564,929.0080353150579,3244.9120966042146
401,14,3645.823974609375,2207.234048,3693.490234375,263.82073974609375,147.62725830078125,1604.7017822265625,0.000260650587733835,0.0,14489.88671875,0,1,0,0,0,24,0,0,0,1,0,7624.619760555814,34035.77372875022,30389.26250581411,0.008076699278332659,0.0004138262779463872,1849.5846000695738,473.08757951287146
402,16,4163.46240234375,2124.342784,1847.7216796875,115.48260498046875,76.0279312133789,1561.8389892578125,0.00021515549451578408,0.0,16015.673828125,0,1,0,0,0,25,0,0,0,1,0,5788.670736622082,56458.265616918754,41275.1960439802,0.0006219128682039155,0.002710322381719768,1252.9827203854688,3168.869529465597
403,16,4137.94189453125,2307.537408,1716.6201171875,107.28875732421875,91.02608489990234,664.8137817382812,0.00012272308231331408,0.0,7778.03076171875,0,1,0,0,0,20,0,0,0,1,0,3018.137210095392,25141.878914724937,12877.890373415816,0.01865144639825079,0.004381250847287365,,
404,18,4553.58349609375,2577.043968,401.9365234375,22.32980728149414,102.1691665649414,805.9302368164062,0.00013297999976202846,0.0,9326.115234375,0,1,0,0,0,29,0,0,0,1,0,5210.151236647096,31391.131053686106,30126.171033098275,0.001049206841157016,0.007319277904734115,,
405,18,4582.458984375,2823.032832,338.98046875,18.83224868774414,62.37627029418945,670.8368530273438,0.00010542810923652723,0.0,7758.658203125,0,1,0,0,0,28,0,0,0,1,0,4038.3387779788013,27764.3882782566,21992.68317739064,0.0018031393001846918,0.0015785237388257906,1021.3334134503302,3020.571736621059
406,16,4069.455078125,2591.251456,1558.6279296875,97.41424560546875,194.33482360839844,1265.86767578125,0.00018394945072941482,0.0,13331.0888671875,0,1,0,0,0,30,0,0,0,1,0,7305.353642383881,35764.54501079409,34787.5354660779,0.0001029274011379415,0.00040349528663205514,,
407,19,4833.173828125,2704.310272,224.4365234375,11.812448501586914,59.43893814086914,530.3318481445312,8.931729098549113e-05,0.0,6402.65771484375,0,1,0,0,0,32,0,0,0,1,0,3508.1071797549735,23611.124948375098,17613.248608719157,9.448027452101798e-05,4.028388120976001e-05,,
408,19,4840.58251953125,3019.705344,251.5498046875,13.239463806152344,62.472015380859375,549.7344360351562,7.690459460718557e-05,0.0,6730.798828125,0,1,0,0,0,36,0,0,0,1,0,3903.438124471252,24739.54532295289,22509.4749395739,0.0004510902499575229,0.0018184376507256947,,
409,20,5075.74609375,3125.978112,754.3232421875,37.716163635253906,52.16554260253906,383.7120361328125,7.209656178019941e-05,0.0,4862.08154296875,0,1,0,0,0,32,0,0,0,1,0,2162.434234350395,14617.407514921828,14369.339357611936,0.002726417337236213,0.001889816319168007,,
410,17,4325.8837890625,2727.942144,1036.4755859375,60.96915054321289,88.3927230834961,674.0220336914062,0.00012709101429209113,0.0,8499.064453125,0,1,0,0,0,25,0,0,0,1,0,4292.3514933544775,31852.429698426356,26761.55435024294,9.31352255787582e-06,0.009197113792131714,773.9036387236378,1550.8078804356646
411,13,3326.858154296875,1904.654336,4122.6708984375,317.1285400390625,117.42273712158203,1537.6199951171875,0.00019324038294143975,0.0,13952.2841796875,1,0,1,0,0,25,0,0,0,1,0,4661.939938956912,30353.406909450267,23392.614569499627,0.00025087049477440226,0.0009355334640453027,1761.4685889263426,1904.4350991628253
412,22,5602.07080078125,2768.004608,1677.6552734375,76.2570571899414,53.87798309326172,432.78826904296875,8.295715088024735e-05,0.0,6490.04443359375,0,1,0,0,0,43,0,0,0,1,0,3751.5815385051187,21136.279222485573,20267.554108792723,0.002401075276630034,0.0015715930155380045,,
413,16,4093.810546875,2858.450432,1971.353515625,123.2095947265625,203.59959411621094,1260.1546630859375,0.00019411763059906662,0.0,14972.919921875,0,1,0,0,0,24,0,0,0,1,0,6395.082897141419,42239.628426462805,33114.14850377815,0.0003525798947533465,0.010502775421628304,,
414,18,4620.53759765625,2487.928832,338.39453125,18.79969596862793,56.75072479248047,535.7273559570312,9.147581295110285e-05,0.0,6754.21337890625,0,1,0,0,0,35,0,0,0,1,0,3753.4340525682383,21834.363716673717,21045.897774828976,0.0006413342137075173,0.00687538701923468,,
415,17,4369.6767578125,2623.7312,1164.5341796875,68.50201416015625,148.8046417236328,1099.3050537109375,0.00018464817549102008,0.0,13330.125,0,1,0,0,0,34,0,0,0,1,0,8113.479381449883,45499.76430573163,40122.64864905361,0.0004473745896359776,0.004949624516476403,,
416,18,4613.5693359375,2698.215424,381.2587890625,21.18104362487793,98.60562896728516,575.9806518554688,0.00012095934653189033,0.0,6724.2548828125,1,0,1,0,0,32,0,0,0,1,0,3178.4345588695273,23930.66278471627,14972.696343106347,0.010029128203316837,0.004676441446527152,,
417,22,5634.845703125,3124.7872,1827.84765625,83.083984375,66.4887466430664,526.0247802734375,7.492341683246195e-05,0.0,8034.7841796875,0,1,0,0,0,44,0,0,0,1,0,4475.069135289202,24533.063636575447,20248.15975953806,3.830665433342609e-05,0.00027624910055060875,522.4007765567271,2237.6703788843647
418,23,5957.35107421875,3767.81312,2185.80078125,95.03482055664062,68.59124755859375,315.5521545410156,6.952221156097949e-05,0.0,4549.90576171875,0,1,0,0,0,41,0,0,0,1,0,2580.5175509480214,12785.484430611305,12125.533936639715,0.001043455487307613,0.003434046763754979,,
419,15,3934.7314453125,2891.410944,2596.859375,173.12396240234375,168.8620147705078,1252.61083984375,0.00019828496442642063,0.0,11402.1982421875,0,1,0,0,0,22,0,0,0,1,0,4887.650803558219,36105.491703807056,26978.988457568958,0.0001515399797553628,0.0009585765432598287,450.21397610778286,2335.816395776323
420,17,4439.4755859375,2288.877056,1184.2578125,69.66222381591797,146.06114196777344,1086.2637939453125,0.0001779415615601465,0.0,12976.6943359375,0,1,0,0,0,27,0,0,0,1,0,5693.7390564849175,34132.05061819018,30557.018780678976,0.005016101880223634,0.0010025894986109285,923.7532695185896,3106.2647641273124
421,16,4168.02001953125,2337.018368,1826.541015625,114.1588134765625,146.08436584472656,1317.6676025390625,0.00024200430198106915,0.0,15397.05859375,0,1,0,0,0,31,0,0,0,1,0,8106.332156124569,57131.756113271666,37013.50368020638,0.00016084448933983975,0.004984523328621624,,
422,20,5225.95703125,2877.339136,778.93359375,38.94668197631836,43.47990798950195,303.8779296875,6.491519161500037e-05,0.0,3892.15283203125,0,1,0,0,0,38,0,0,0,1,0,2078.004292385876,12728.300496346397,12497.311614915265,0.0030076063291522813,0.014619663467576515,1132.2774535682688,3534.196742291679
423,21,5470.69189453125,3457.017344,1282.66796875,61.079429626464844,77.56409454345703,411.041259765625,0.00011634779366431758,0.0,5967.0908203125,0,1,0,0,0,39,0,0,0,1,0,3412.4946706944725,23174.135441046863,18482.808571016707,6.722245228590017e-05,0.002535468054388368,481.84033142673024,2901.6532403972183
424,14,3683.126708984375,2572.99712,3693.451171875,263.8179626464844,225.8722381591797,1065.164794921875,0.0002111244830302894,0.0,11244.9404296875,0,1,0,0,0,17,0,0,0,1,0,5324.227278877453,46710.29426288692,37392.015893799384,0.0002843368502921072,0.0010116903793512266,837.6331034385108,2028.5085524564647
425,16,4181.544921875,2127.603712,1904.326171875,119.0203857421875,71.62727355957031,938.9295043945312,0.00015018234262242913,0.0,11124.759765625,0,1,0,0,0,31,0,0,0,1,0,6077.888903897287,42729.269513689695,36196.557806986464,0.00023841771029782521,0.0009139477342122171,1262.2837105066353,1270.7657702997135
426,20,5199.33935546875,2722.56512,764.1103515625,38.20551681518555,49.00952911376953,421.9185485839844,7.109415309969336e-05,0.0,5427.34033203125,0,1,0,0,0,32,0,0,0,1,0,2869.65004593823,23604.895508295434,17528.162973587125,0.000542985246495771,0.0012263717380609513,,
427,16,4171.88720703125,2649.197568,2065.15625,129.072265625,142.22653198242188,1469.1297607421875,0.00019481229537632316,0.0,14054.5576171875,0,1,0,0,0,25,0,0,0,1,0,7672.46240503799,77692.37577532585,58433.096405338525,0.0005996768447800727,0.0014425035067676603,381.3507944748385,1499.7116142252844
428,20,5209.10205078125,2862.134784,836.57421875,41.828712463378906,102.99291229248047,756.6475219726562,0.00015031961083877832,0.0,10301.8427734375,0,1,0,0,0,38,0,0,0,1,0,5172.5714948692475,70908.4572325723,35155.47888051921,0.0032078594446878356,0.0025032183649345355,,
429,15,3945.9755859375,2674.758656,2348.275390625,156.55169677734375,78.97451782226562,724.250244140625,0.00011980044655501842,0.0,7085.41845703125,0,1,0,0,0,21,0,0,0,1,0,3266.631478322636,25364.879982789585,18173.058126351272,0.009801652478160922,0.009783929357631692,,
430,21,5495.94775390625,2760.450048,1175.56640625,55.97935485839844,40.899845123291016,323.60797119140625,5.3612042393069714e-05,0.0,4349.23046875,0,1,0,0,0,38,0,0,0,1,0,1882.814978336401,10982.470596936431,9862.93750628942,0.0010589052968870308,0.0043043495313169235,731.1695283921754,1546.5247585521392
431,17,4470.5078125,2847.909888,1143.0712890625,67.23948669433594,132.9174346923828,859.03466796875,0.00018087128410115838,0.0,8683.990234375,0,1,0,0,0,26,0,0,0,1,0,4467.17083000669,37467.50438189045,23161.14398168436,0.0020041381411533415,0.006259005064626667,,
432,17,4451.7587890625,2563.53024,1183.5947265625,69.62322235107422,152.00418090820312,1161.8350830078125,0.000256498868111521,0.0,13668.9951171875,0,1,0,0,0,24,0,0,0,1,0,7067.997533746765,31602.26279071385,30991.311069557974,0.007161058092051583,0.00363426986409858,976.2770808108367,941.6762351589787
433,19,4972.3271484375,2819.80416,263.8515625,13.886924743652344,117.1424560546875,663.0169067382812,0.00013114458124618977,0.0,8007.79443359375,0,1,0,0,0,31,0,0,0,1,0,4374.323506582601,41897.62104857767,28439.25093126713,0.1037032209965512,0.018673685230963202,,
434,19,4959.0224609375,2978.53184,251.2607421875,13.224249839782715,63.32428741455078,411.52154541015625,9.642622171668336e-05,0.0,5688.35546875,0,1,0,0,0,32,0,0,0,1,0,3254.9335632010675,22764.348902122973,22084.907835931772,0.0015150605498796127,0.00018637019622330664,,
435,17,4444.466796875,2742.682624,1042.765625,61.33915328979492,80.68631744384766,877.6055297851562,0.00012293676263652742,0.0,9159.55078125,0,1,0,0,0,30,0,0,0,1,0,4902.052071887425,37143.23876119798,28786.186558854228,7.509491036888916e-05,0.002149330423480006,,
436,18,4693.67578125,2750.454784,316.1669921875,17.56483268737793,37.343109130859375,400.2406005859375,7.035113230813295e-05,0.0,4618.39306640625,0,1,0,0,0,35,0,0,0,1,0,2108.235809737124,16255.654394420282,11992.404504297707,0.0038875089870165185,0.00255388843217025,,
437,18,4701.0146484375,2891.177984,375.65625,20.86979103088379,58.95851135253906,574.5880737304688,0.00010424268111819401,0.0,6548.46875,0,1,0,0,0,30,0,0,0,1,0,3535.5848904486616,25745.65586889433,22470.212686168696,0.007762909744396758,0.006039425546904183,53.28035346689376,2006.743170039549
438,20,5208.4990234375,3124.540928,761.626953125,38.08134841918945,66.31283569335938,372.8373107910156,8.519823313690722e-05,0.0,4732.80126953125,0,1,0,0,0,34,0,0,0,1,0,2607.069776222159,18025.14259768461,13030.605298978948,0.004680516163159936,0.00011251573618069333,,
439,20,5183.71435546875,3282.88768,763.8427734375,38.192138671875,54.55728530883789,500.1591796875,8.012197213247418e-05,0.0,6153.994140625,0,1,0,0,0,35,0,0,0,1,0,3326.8423870416673,22606.001679322,22529.47205485487,0.001024176336584512,0.00011398941485589106,482.5441244660833,1854.9751397360724
440,21,5436.26025390625,3383.435264,1188.259765625,56.58380126953125,35.91173553466797,326.5599670410156,4.883572182734497e-05,0.0,4650.2216796875,0,1,0,0,0,41,0,0,0,1,0,2037.811349476371,28832.269097407323,13499.217944924754,0.0015563573477180397,0.0011898306923030788,1557.9624717803479,856.0724830649476
441,19,4927.90234375,3171.131392,244.712890625,12.879626274108887,80.9088363647461,510.336181640625,9.342624252894893e-05,0.0,6150.84326171875,0,1,0,0,0,32,0,0,0,1,0,3380.6697660527634,22246.58582320555,18759.16379191597,0.0006488434618323637,0.0043832250892080205,,
442,19,4933.13671875,3025.30816,266.154296875,14.0081205368042,77.89064025878906,636.2999267578125,0.00012168362445663661,0.0,7893.94921875,0,1,0,0,0,38,0,0,0,1,0,3977.3488111414263,26045.130181584947,25007.239194653637,0.0011262979844024953,0.002357396289387347,,
443,18,4698.8408203125,2902.966272,413.828125,22.99045181274414,115.85565185546875,863.3174438476562,0.0001614329230505973,0.0,9581.111328125,0,1,0,0,0,30,0,0,0,1,0,5386.614727763349,49863.23087193792,26175.85724947644,3.0298937395006886e-05,0.003900973889291743,,
444,18,4648.07177734375,2702.019584,387.3828125,21.52126693725586,141.57725524902344,838.8612670898438,0.000160636700456962,0.0,10468.2236328125,0,1,0,0,0,29,0,0,0,1,0,6308.753219009959,74362.18940275176,32388.27186903694,0.0019727682828129256,0.003168557566638114,278.8148869994866,2664.2005345955968
445,18,4634.77099609375,2657.623552,341.3388671875,18.96327018737793,82.33295440673828,416.9273376464844,8.748090476728976e-05,0.0,4630.88232421875,0,1,0,0,0,31,0,0,0,1,0,2390.2652717012074,16928.260223417496,12765.653517506182,3.626810857090129e-05,0.003462423803184133,778.1750414318635,2897.0220509379146
446,21,5487.65234375,3100.214272,1146.6708984375,54.60337829589844,58.6900749206543,350.1958312988281,6.331301119644195e-05,0.0,4819.25732421875,0,1,0,0,0,45,0,0,0,1,0,2453.969979172877,37042.12115998751,20903.970735129325,3.5373676218659195e-05,0.0027667828073249384,,
447,23,5995.568359375,3704.311808,1954.8271484375,84.99248504638672,40.21317672729492,253.2805633544922,5.114146915730089e-05,0.0,3859.05078125,0,1,0,0,0,42,0,0,0,1,0,1829.699957523369,16038.604173753636,12448.608249620786,0.0013651122515226273,0.0005612533997301321,162.5446120139918,2262.422978494421
448,18,4705.0625,3335.522816,315.16015625,17.50889778137207,77.03553771972656,476.5481262207031,0.00012401529238559306,0.0,5144.3779296875,0,1,0,0,0,32,0,0,0,1,0,2293.540485211561,23761.268680630852,14514.25634947619,0.0033923383642152916,0.005213500878176264,284.4056314918612,1828.8416682226753
449,12,3160.673095703125,2176.80384,4683.98828125,390.3323669433594,129.88668823242188,1663.7117919921875,0.00023359869373962283,0.0,13772.9814453125,0,1,0,0,0,21,0,0,0,1,0,7434.0816977024515,91019.76043986743,29709.099604115912,0.00024118918612641566,0.0017815210817419339,,
450,22,5723.1669921875,2629.501952,1619.5517578125,73.6159896850586,45.197628021240234,359.5575866699219,6.569206016138196e-05,0.0,5403.2001953125,0,1,0,0,0,38,0,0,0,1,0,2645.47673705797,15881.805283400403,14745.081567014071,0.0035533832946777894,0.0013909716144184306,,
451,16,4185.68505859375,2833.27488,2071.1728515625,129.44830322265625,150.36839294433594,1507.5718994140625,0.00021277699852362275,0.0,16935.791015625,0,1,0,0,0,29,0,0,0,1,0,9108.409046069262,55649.70408385772,51990.55033938131,0.0007414734712183971,0.011721688435974046,,
452,20,5206.61376953125,2702.29504,778.30859375,38.91543197631836,55.68794631958008,482.1793212890625,7.525086402893066e-05,0.0,5528.7373046875,0,1,0,0,0,35,0,0,0,1,0,3166.62419905193,28996.953044287457,21767.463200127942,0.0010546674342816267,0.010794468901740493,2.0911691543597044,2270.1517066762694
453,21,5444.55517578125,3170.719744,1286.51953125,61.26283645629883,54.729618072509766,445.8628845214844,7.210300827864558e-05,0.0,6272.43115234375,0,1,0,0,0,38,0,0,0,1,0,3155.3386151817494,17896.324150157583,16247.295763641627,0.0006344284429349936,0.0005020687093278409,2222.2475463638425,39.58652450845727
454,18,4677.45849609375,2932.815872,336.2060546875,18.67811393737793,82.56307983398438,1039.8226318359375,0.000141940065077506,0.0,14054.8408203125,0,1,0,0,0,33,0,0,0,1,0,5227.6706160995955,29569.641035637054,26472.588957378364,0.0029182474406890396,0.00018552812694699883,1260.9643767082669,1143.0529379039556
455,15,3918.096923828125,2362.125824,2902.0849609375,193.4723358154297,140.70529174804688,1476.0286865234375,0.00021373385970946401,0.0,14559.6611328125,0,1,0,0,0,23,0,0,0,1,0,6769.639339398765,45742.319310587234,24183.277979980496,0.0009185787042282258,0.005441821517867332,,
456,21,5615.787109375,2824.978432,1288.7158203125,61.3674201965332,47.1893196105957,309.96063232421875,5.273912029224448e-05,0.0,4117.40234375,0,1,0,0,0,45,0,0,0,1,0,2196.2030230704186,15739.92601746864,14346.904050455103,0.0003279691055014175,0.002135076977906148,,
457,25,6512.41455078125,4096.743424,2363.49951171875,94.53997802734375,25.07271957397461,148.50588989257812,3.383291550562717e-05,0.0,2206.61279296875,0,1,0,0,0,47,0,0,0,1,0,1118.085816084198,4150.76619182602,4067.2053029638814,0.01955502209316219,0.010502597798165082,,
458,20,5198.53466796875,3835.808768,759.60546875,37.98027420043945,41.670257568359375,504.0016174316406,7.359065057244152e-05,0.0,6689.95849609375,0,1,0,0,0,39,0,0,0,1,0,2967.231665172414,35615.86467937808,17086.25788883314,0.00016593319454074294,6.335316795379187e-05,440.92566300552517,2891.2032867863904
459,18,4690.91552734375,2870.818816,334.87890625,18.60438346862793,67.72361755371094,553.2040405273438,9.776643855730072e-05,0.0,6480.20703125,0,1,0,0,0,28,0,0,0,1,0,3245.7667907478026,23809.346255101995,18292.322658539997,0.0029401496471142263,0.0023029762077417942,177.99908421612963,2166.9264047940937
460,15,3928.601806640625,2358.199296,2890.28515625,192.68568420410156,188.4070281982422,1396.3575439453125,0.0003880538570228964,0.0,13171.525390625,0,1,0,0,0,27,0,0,0,1,0,6243.189158210735,50293.7745398469,45303.23203586616,0.0027026733927259933,0.0013743652258125863,,
461,18,4687.06787109375,2556.540928,405.296875,22.51649284362793,101.0372543334961,721.0353393554688,0.00012006358156213537,0.0,8379.162109375,0,1,0,0,0,31,0,0,0,1,0,4420.275434080802,31166.956531743712,26541.352739697268,0.001425530598259353,0.01495407128324655,3.0604980613738917,2249.9913308066994
462,21,5642.39208984375,3231.473664,1302.669921875,62.03190231323242,65.80659484863281,532.3147583007812,9.09216032596305e-05,0.0,6708.1669921875,0,1,0,0,0,34,0,0,0,1,0,3855.5144960733646,17893.09720981945,16165.385194678936,0.00036294982021019967,0.002861697055341249,,
463,16,4210.20361328125,2855.17568,1676.80859375,104.800537109375,96.33731079101562,1154.838134765625,0.00019385272753424942,0.0,11549.01171875,0,1,0,0,0,30,0,0,0,1,0,5824.240892878403,30494.307981315105,29296.580116133602,0.014173194122170385,0.003179768846478973,139.69074346878824,2588.9091036131763
464,13,3425.61865234375,1983.346688,5041.033203125,387.77178955078125,207.82701110839844,2302.83203125,0.0003071888640988618,0.0,21760.994140625,0,1,0,0,0,22,0,0,0,1,0,10986.555100752536,182113.41356032057,34283.33310120026,0.0015764214618648117,0.024239228704159115,,
465,13,3417.2333984375,1738.597888,5184.9560546875,398.8427734375,324.3511047363281,3161.0224609375,0.0006200640345923603,0.0,24905.61328125,0,1,0,0,0,15,0,0,0,1,0,9012.599696672038,88120.81213798662,34569.92614152515,0.00910431912631876,0.0029458191024987965,,
466,21,5489.9970703125,2796.542976,1179.3388671875,56.15899658203125,34.2714958190918,290.1516418457031,4.823659764952026e-05,0.0,4019.8642578125,0,1,0,0,0,40,0,0,0,1,0,2200.285353877036,22369.018255080067,7050.144252613283,0.006023915858068038,0.0016358675620887844,503.26803329072436,2853.938735015697
467,18,4688.25537109375,3113.33888,314.0810546875,17.44894790649414,46.46400451660156,327.60137939453125,0.00010693768126657233,0.0,3907.87744140625,0,1,0,0,0,29,0,0,0,1,0,2109.183220217064,13994.249074518193,13694.926839692394,3.519585590057092e-05,0.0013261308019501465,628.04760937062,2733.9758048348676
468,22,5702.71923828125,3067.932672,1813.482421875,82.43102264404297,57.49340057373047,554.036376953125,7.732494123047218e-05,0.0,8033.15625,0,1,0,0,0,39,0,0,0,1,0,4519.151463158639,26128.44114545064,21345.26538232363,0.0018357958800709062,0.001564882964136257,23.450209115792404,2433.3968239989813
469,19,4938.92138671875,2841.000448,225.3740234375,11.861790657043457,67.5052490234375,551.4373779296875,9.048794890986755e-05,0.0,6449.55029296875,0,1,0,0,0,34,0,0,0,1,0,2739.360676679508,18425.260490809906,10536.689795773586,0.0018277187816911414,0.0013630450177796322,618.9873355141215,2430.2375777199895
470,16,4174.73876953125,2344.691712,1673.5634765625,104.59771728515625,109.63237762451172,914.87109375,0.0001524196268292144,0.0,9082.966796875,0,1,0,0,0,28,0,0,0,1,0,5095.417767972254,35891.68253378439,24431.251675885305,3.871593027016118e-05,0.0010574787568763122,2283.206595090571,50.19696451880645
471,19,4899.1591796875,2710.259712,236.9130859375,12.469109535217285,96.4033203125,547.9981079101562,0.00015289048315025866,0.0,6828.0888671875,0,1,0,0,0,33,0,0,0,1,0,4090.285712219325,29974.94798172151,19207.502582508376,0.0001851189396108073,0.003976551509625888,,
472,15,3838.18212890625,2572.365824,2675.5068359375,178.36712646484375,103.87903594970703,1270.1170654296875,0.00023680133745074272,0.0,12484.4267578125,0,1,0,0,0,23,0,0,0,1,0,5394.260960332136,37665.87511918903,29146.83011518672,0.0008188233878279796,0.0005021733982597011,806.3036408648268,1237.2911531487684
473,20,5134.86279296875,2745.302016,756.580078125,37.82900619506836,44.22548294067383,412.52301025390625,7.162279507610947e-05,0.0,5256.724609375,0,1,0,0,0,36,0,0,0,1,0,2745.048551724034,21373.79832031163,14983.243219227334,0.000996474109078157,0.0024170470428484716,,
474,19,4959.68408203125,3087.62112,194.6474609375,10.244603157043457,79.7491455078125,783.6902465820312,0.00011062911653425545,0.0,9575.697265625,0,1,0,0,0,29,0,0,0,1,0,5813.997513731302,35721.773659531114,27805.58118203726,0.0038997732379465466,0.0017798131917000325,355.7023135094005,2622.2586209297274
475,16,4176.88623046875,2585.935872,1821.1123046875,113.81951904296875,93.73580169677734,1108.1121826171875,0.00016154261538758874,0.0,13417.3857421875,0,1,0,0,0,27,0,0,0,1,0,6384.160768361328,45140.028943023004,41092.22475723008,0.0002135830429429303,0.002225612575730923,619.2926997875262,1857.5355644796255
476,21,5458.8115234375,2953.070592,1181.04296875,56.240142822265625,48.95902633666992,347.7273254394531,6.633693556068465e-05,0.0,4320.97119140625,0,1,0,0,0,36,0,0,0,1,0,1923.8589761884875,12322.322521566302,10655.901811679953,0.0010979520336079004,0.002061058852276705,,
477,16,4178.40673828125,2859.958272,1900.3291015625,118.77056884765625,121.07601165771484,834.63232421875,0.0001528405409771949,0.0,8567.021484375,0,1,0,0,0,22,0,0,0,1,0,4059.9651803058923,22332.87321547786,17812.288834456198,0.00600184144411778,0.0012146837213912604,,
478,18,4686.72998046875,2653.645824,333.91796875,18.55099868774414,77.18114471435547,529.0797119140625,8.90567825990729e-05,0.0,6227.0146484375,0,1,0,0,0,28,0,0,0,1,0,3030.604032017513,19978.918643724483,12921.15904197554,0.008309070577871454,0.00793912198052652,,
479,17,4428.41796875,2719.201792,906.294921875,53.311466217041016,35.24848937988281,449.1314392089844,6.489998486358672e-05,0.0,5717.2568359375,0,1,0,0,0,31,0,0,0,1,0,2657.246732174209,21673.878429862423,18322.80895683356,0.00027516288623746776,0.0019811654175982936,862.838547390333,1973.9831896853693
480,23,5970.47314453125,3401.97376,1780.09765625,77.39555358886719,22.97340965270996,169.42892456054688,3.8091377064120024e-05,0.0,2549.12451171875,0,1,0,0,0,40,0,0,0,1,0,1232.3979511894195,7617.624764311632,4112.928854855355,0.0003197718722752485,0.018122441310457607,389.2165857844948,2717.500868410832
481,19,4922.8212890625,3412.370944,226.9052734375,11.9423828125,75.78508758544922,463.7245178222656,8.420405356446281e-05,0.0,6105.515625,0,1,0,0,0,34,0,0,0,1,0,3917.1133891876716,73837.81267654238,23794.400862948987,0.0004704567943098342,0.0004381563546057357,267.2224203499313,2606.736231575947
482,20,5190.46044921875,3124.14464,752.2333984375,37.611671447753906,68.86180877685547,449.95416259765625,9.340605174656957e-05,0.0,6336.611328125,0,1,0,0,0,37,0,0,0,1,0,3403.6375629161776,26786.06012394655,23633.169931030705,0.0016239575325095804,0.007300847452202131,,
483,17,4418.5498046875,2874.126336,1175.0400390625,69.12000274658203,129.0826416015625,854.1122436523438,0.00016890952247194946,0.0,9702.66796875,0,1,0,0,0,32,0,0,0,1,0,4801.314625270161,31303.018730092514,28736.212843457797,0.0005511868200223091,0.001227862814759454,,
484,12,3144.170166015625,1985.48992,5970.701171875,497.5584411621094,443.5052490234375,2156.400390625,0.0004229313926771283,0.0,20337.6328125,0,1,0,0,0,17,0,0,0,1,0,9130.330660248554,71064.11610094128,39161.45994942586,0.0001795138899745169,0.002850376048273595,672.8717891548295,1867.0890451262885
485,19,4931.64404296875,2418.867712,235.884765625,12.414987564086914,59.13138961791992,307.7847595214844,8.018151129363105e-05,0.0,3646.4423828125,0,1,0,0,0,33,0,0,0,1,0,1648.6629648395685,11730.866943924733,9973.061009024485,0.00248356949670879,0.01870787715697972,,
486,21,5437.96435546875,3131.47648,1262.654296875,60.12639617919922,56.372772216796875,419.9613037109375,7.763294706819579e-05,0.0,5644.8525390625,0,1,0,0,0,38,0,0,0,1,0,2752.803840568774,16677.46571844333,14821.036630975776,0.0006921841727922096,0.001266203998962795,107.47071371965103,2249.6558601226616
487,16,4160.16455078125,2736.986112,1473.0322265625,92.06451416015625,84.9632339477539,999.6453247070312,0.00013947879779152572,0.0,10834.185546875,1,0,1,0,0,25,0,0,0,1,0,5806.0422649809525,26430.446484141958,24007.480851313743,0.018509806254295397,0.0009721002025864026,832.3879437144824,3075.81248423149
488,19,4913.9375,2469.097472,246.1494140625,12.955232620239258,65.24740600585938,557.8001098632812,7.087614358169958e-05,0.0,7844.39697265625,0,1,0,0,0,36,0,0,0,1,0,4124.186212357674,32367.33448539413,27405.28633434786,0.00041370048643515206,0.0018197757850448963,789.994618043696,2155.523922876582
489,21,5435.14697265625,3063.263744,1285.2734375,61.20349884033203,68.19990539550781,545.4806518554688,8.5190222307574e-05,0.0,7588.87451171875,0,1,0,0,0,37,0,0,0,1,0,4263.495829328227,28319.264529812554,27294.599455802414,0.0026991371503044675,0.0007196522998793049,,
490,14,3663.448486328125,2617.015808,3699.9921875,264.28515625,102.55729675292969,1230.251953125,0.00024829627363942564,0.0,10283.0400390625,0,1,0,0,0,22,0,0,0,1,0,3991.6965030568413,35886.682438759584,18319.176905103293,0.0007120117207907173,0.006435582189271899,1464.7099617155275,666.5874997999015
491,21,5461.82275390625,2869.709824,1306.244140625,62.20210266113281,73.55854797363281,363.77069091796875,0.00010004885552916676,0.0,5012.56298828125,0,1,0,0,0,42,0,0,0,1,0,2859.0977366552056,19151.406088926098,17325.13130634815,0.002399848545385899,0.0014952850445187835,,
492,17,4439.14697265625,3030.534144,1175.0498046875,69.12057495117188,115.50212860107422,940.936279296875,0.00016431353287771344,0.0,10637.2744140625,0,1,0,0,0,29,0,0,0,1,0,6084.843804950937,40852.3524329624,35049.57408268218,0.0007009998701869719,0.00433098795387345,,
493,21,5463.498046875,3157.408256,1304.236328125,62.10649108886719,46.48292922973633,345.6496887207031,6.454364483943209e-05,0.0,4990.779296875,0,1,0,0,0,40,0,0,0,1,0,2567.6987741768467,14689.267905295741,14357.368286818992,0.004929165206042724,0.0035339519020030005,345.86557342378046,2787.843006768151
494,23,5979.27392578125,3824.985088,1960.1923828125,85.22575378417969,34.07840347290039,245.39291381835938,4.874581645708531e-05,0.0,3843.21240234375,0,1,0,0,0,48,0,0,0,1,0,2109.5793856545265,17980.556572687605,17035.59624518278,0.004420313610921224,0.003307247008876135,136.46081884145224,2727.812525547135
495,21,5461.81103515625,3778.074112,1186.3779296875,56.49418640136719,43.261322021484375,382.9377746582031,5.2050505473744124e-05,0.0,5171.115234375,0,1,0,0,0,37,0,0,0,1,0,2408.5369731117926,17834.76504437722,13010.387128852795,8.241791609395199e-05,0.0090658566089337,,
496,19,4947.73681640625,3236.85376,243.7294921875,12.827868461608887,90.13836669921875,832.9667358398438,0.00011853015166707337,0.0,10062.865234375,0,1,0,0,0,30,0,0,0,1,0,5259.013876769772,24521.569581845386,24463.361803928452,1.4679502107865783e-05,0.005594989426127418,717.3920046947528,1348.686020007122
497,21,5456.6953125,3056.116224,1266.353515625,60.30255126953125,72.8091812133789,505.2027282714844,8.262359915534034e-05,0.0,6825.41748046875,0,1,0,0,0,41,0,0,0,1,0,3583.9652327557656,21345.02355307894,18532.143918524427,3.08814959463638e-05,0.005819908504896512,1017.7684959519893,3455.1252852987745
498,20,5160.369140625,2962.50368,875.443359375,43.77216720581055,97.14190673828125,806.5940551757812,0.00011707012163242325,0.0,9967.1826171875,0,1,0,0,0,36,0,0,0,1,0,5759.792407635654,33851.264185536624,29120.99495853255,0.0008539986130064302,0.00047953735687642635,911.4752157760754,3326.6203101172487
499,14,3585.305419921875,2338.09408,3727.7724609375,266.26947021484375,189.08383178710938,1808.2501220703125,0.0003398266271688044,0.0,15602.9248046875,0,1,0,0,0,18,0,0,0,1,0,5942.834377826853,48233.39956178117,43021.009263462736,0.0038518799407110567,0.00035688249898852,153.21894632426984,1659.871304018207
500,20,5123.625,2616.366592,834.998046875,41.74990463256836,62.86195373535156,484.4441223144531,7.049636042211205e-05,0.0,6270.69580078125,0,1,0,0,0,36,0,0,0,1,0,3434.105233581175,23221.125558604406,18618.323761524833,0.003379023189309077,0.001694211674767238,,
501,19,4934.9501953125,3009.654272,201.8515625,10.623766899108887,79.49050903320312,582.900634765625,0.00011262100451858714,0.0,7262.2421875,0,1,0,0,0,30,0,0,0,1,0,3525.6803093411127,28346.355686630686,18484.26889412221,0.0038082123075128538,0.0007517420248160035,187.2470470476137,2342.3934395412234
502,18,4686.51220703125,2836.307968,378.0634765625,21.00352668762207,75.76924896240234,651.8160400390625,0.0001231902715517208,0.0,7754.57470703125,0,1,0,0,0,33,0,0,0,1,0,4017.678051987629,21414.843936783323,20170.168697804307,0.0005906119319806936,0.0022581120013374003,781.3266195058486,3080.1149869649635
503,21,5432.9111328125,2979.565056,1297.5751953125,61.7892951965332,58.865135192871094,379.1893005371094,6.211605068529025e-05,0.0,5692.01806640625,0,1,0,0,0,42,0,0,0,1,0,2678.2160622979545,18373.48121798727,12592.855967282714,0.002345172785830265,0.004971239217383558,581.2364705063655,3050.9118269496053
504,21,5450.5712890625,3268.004352,1172.212890625,55.819664001464844,65.54427337646484,550.06689453125,0.00010573439067229629,0.0,7145.57470703125,0,1,0,0,0,35,0,0,0,1,0,3192.227375862538,22084.611787200127,19898.372055879994,0.002617767720121192,0.003910505825494786,159.12547601340248,2143.5974143508092
505,11,2889.91455078125,2258.395648,6776.2021484375,616.0183715820312,361.75244140625,3639.00537109375,0.0004887703689746559,0.0,30820.16796875,0,1,0,0,0,15,0,0,0,1,0,14887.050712296648,77749.27562153757,73812.641580765,3.8662430479862765e-05,6.98098989094665e-05,,
506,16,4173.697265625,1890.923008,1561.3486328125,97.58428955078125,50.63558578491211,449.7750549316406,7.21031756256707e-05,0.0,5681.2080078125,0,1,0,0,0,31,0,0,0,1,0,2181.9215818671,28258.891557807485,11236.61208309434,0.00476106426145541,0.004659543952665917,644.3569886862333,1754.1822183591566
507,18,4686.28125,2477.177344,395.8173828125,21.98985481262207,103.45584869384766,880.7035522460938,0.00023240775044541806,0.0,10110.8193359375,0,1,0,0,0,35,0,0,0,1,0,5888.313919946682,43546.9911580379,28743.03422730619,0.006324917219379569,0.0029989242011786016,,
508,23,5958.85498046875,2896.319488,1942.9169921875,84.47465515136719,39.9219970703125,257.1080322265625,4.3527590605663136e-05,0.0,5039.71484375,0,1,0,0,0,42,0,0,0,1,0,1839.6821984808757,7526.392737718027,6355.734055467409,0.003946049656243613,0.03714622201493409,595.7013057951857,2803.144425904495
509,16,4172.0146484375,2689.71776,1921.029296875,120.0643310546875,148.19223022460938,1369.1920166015625,0.0001846386876422912,0.0,15876.609375,0,1,0,0,0,25,0,0,0,1,0,10426.812834516604,29990.925465071927,28146.757316386866,0.008308631155888035,0.004887313690958246,1013.5558016153491,1081.3049557591771
510,14,3665.937255859375,2086.284288,2843.1875,203.08482360839844,86.9949951171875,1379.8912353515625,0.0002392345922999084,0.0,12810.5810546875,0,1,0,0,0,29,0,0,0,1,0,6909.014509118964,49967.85350716855,31494.377567897496,0.00029250756090454244,0.0017471445829365106,,
511,16,4166.29345703125,2184.903168,1866.58203125,116.661376953125,114.54022216796875,1082.9688720703125,0.00022842880571261048,0.0,10218.302734375,0,1,0,0,0,30,0,0,0,1,0,4403.7462985239345,40058.266601611984,17318.758722921542,0.00018882344627741202,0.018007645382648763,,
512,16,4170.9501953125,2342.372864,1734.701171875,108.4188232421875,52.456268310546875,606.8505859375,0.0001131204335251823,0.0,5859.41552734375,0,1,0,0,0,26,0,0,0,1,0,2521.1033120543802,26662.36870988583,10304.295092298573,0.001118723637675026,0.005353133499385272,950.030684958947,1688.1743393231484
513,20,5195.64013671875,2670.099456,882.8427734375,44.14213943481445,125.81549835205078,699.783935546875,0.00011118691327283159,0.0,9562.7548828125,0,1,0,0,0,34,0,0,0,1,0,5135.86514383313,26722.54910148356,23176.573516381693,0.0017000101118285794,0.0013286354961539876,,
514,17,4402.4453125,2769.84832,1009.2021484375,59.36483383178711,75.70718383789062,851.5807495117188,0.00012043188326060772,0.0,11120.171875,0,1,0,0,0,34,0,0,0,1,0,5711.158096850707,59811.41314444564,30101.840379891375,2.8457649475534946e-05,0.001993259688348359,1176.2475754736647,1551.5174933934277
515,23,5964.265625,3426.668544,1961.580078125,85.28609466552734,31.463626861572266,271.17364501953125,5.3074891184223816e-05,0.0,4098.72802734375,0,1,0,0,0,40,0,0,0,1,0,2013.3158954351102,21105.371493532934,6493.275562422322,0.0020621169241721634,0.0030877524055285682,204.2369853152145,2512.3476782437688
516,19,4948.23193359375,3471.394304,244.2490234375,12.855212211608887,62.32172775268555,556.0169067382812,8.471749606542289e-05,0.0,7155.951171875,0,1,0,0,0,31,0,0,0,1,0,3806.3327833187386,21077.673329688798,19113.505426512733,0.0015868062229229055,0.0026204404553028388,,
517,19,4934.34423828125,3050.981376,230.037109375,12.107216835021973,52.73246765136719,464.80126953125,8.658659498905763e-05,0.0,5892.794921875,0,1,0,0,0,33,0,0,0,1,0,2423.5506902557427,17036.15932286334,15145.700412840626,0.00104969689706233,0.00039703071456639004,1641.8747800722133,623.7330119882706
518,21,5438.2001953125,3303.986176,1165.6201171875,55.50572204589844,31.642681121826172,238.5494384765625,4.383257692097686e-05,0.0,3676.76025390625,0,1,0,0,0,39,0,0,0,1,0,1634.8338382792053,17851.040751896646,9493.31400761566,0.005874905348703859,0.0044326282177961016,873.4176210884007,3294.9452177372627
519,21,5445.5556640625,3554.07104,1181.189453125,56.24711608886719,28.50092315673828,325.99432373046875,5.4377804190153256e-05,0.0,4610.52783203125,0,1,0,0,0,36,0,0,0,1,0,2020.3508005406834,12330.965741553007,11990.12504105175,0.01078514037642262,0.0031627273825094795,1046.3775341001015,2234.117981425432
520,23,5956.06884765625,3554.261504,1958.6806640625,85.1600341796875,32.12030029296875,204.9681396484375,3.65596279152669e-05,0.0,3063.453857421875,0,1,0,0,0,45,0,0,0,1,0,1452.7967423816647,9607.591496327244,7268.972891968985,0.0012700995899590922,0.003558575946748065,318.34880996735455,2778.961376655947
521,19,4932.640625,3318.218752,254.7333984375,13.407021522521973,47.88753128051758,344.115966796875,6.437773117795587e-05,0.0,4274.298828125,0,1,0,0,0,38,0,0,0,1,0,1747.3746996329166,12539.509728962732,9440.19284621867,0.001106204729949413,0.012468249401980783,,
522,16,4154.71533203125,2614.959104,1902.9228515625,118.93267822265625,93.9150619506836,1151.5718994140625,0.00022311281645670533,0.0,13881.33203125,0,1,0,0,0,27,0,0,0,1,0,8930.851560496065,44493.79147133066,35927.79195532271,0.0026151687954648756,0.007104050407622575,1062.0716232610548,2421.8523927142414
523,14,3638.110595703125,2042.112,3444.5224609375,246.03732299804688,168.2044219970703,821.7901000976562,0.00014784808445256203,0.0,9780.3916015625,0,1,0,0,0,15,0,0,0,1,0,2977.693044093191,18864.00012558656,16017.489206118313,9.009813324205654e-05,2.2566871543866496e-05,817.456393217436,2207.5234085505144
524,17,4421.033203125,2308.543488,1030.2197265625,60.60116195678711,76.24270629882812,807.7346801757812,0.00014588375051971525,0.0,8083.8046875,0,1,0,0,0,27,0,0,0,1,0,4182.77807123223,24859.022521462142,23658.196061890543,0.0026685463987129038,0.0016769854602264496,329.7058802921124,2384.6708670583507
525,21,5460.44287109375,3180.033024,1308.955078125,62.33119583129883,61.894493103027344,364.9610290527344,6.70543740852736e-05,0.0,4544.01708984375,0,1,0,0,0,36,0,0,0,1,0,2555.32437816334,21620.919652108387,11443.99016895099,0.0005508166201239444,0.0048040197172189445,859.7756882117726,3014.485442033455
526,19,4886.88916015625,3233.709568,226.8212890625,11.937962532043457,100.74993133544922,587.05615234375,0.00011618181451922283,0.0,7760.3564453125,0,1,0,0,0,39,0,0,0,1,0,3670.307637006936,24635.38876911707,18934.247599302067,0.0017330557673456218,0.00127413869586393,1230.3368257846942,1626.9132534180126
527,19,4821.32177734375,2965.167616,256.3896484375,13.494192123413086,50.2249870300293,503.5713195800781,9.72074776655063e-05,0.0,6420.00537109375,0,1,0,0,0,34,0,0,0,1,0,3583.8986605100836,21230.90472217335,20358.692479408328,0.00033459952208442223,0.002655498798664141,186.57057640058247,2162.7698232237462
528,23,5832.5673828125,3406.81472,2167.3251953125,94.23152923583984,52.36054992675781,424.16925048828125,8.103375148493797e-05,0.0,6224.11083984375,0,1,0,0,0,45,0,0,0,1,0,3582.233602013221,27504.995074236544,17225.27172822863,0.007043627536741683,0.0007410486670201138,,
529,20,5055.18798828125,3560.867328,634.30859375,31.715429306030273,30.909400939941406,321.2522277832031,5.222925028647296e-05,0.0,3916.551025390625,0,1,0,0,0,35,0,0,0,1,0,2006.2652845209388,11131.673271456866,10891.732011919223,0.003974614777353391,0.004926806335242487,289.12092728759944,2602.231521127804
530,17,4314.8515625,2857.037824,1182.0205078125,69.5306167602539,154.10362243652344,869.2633666992188,0.00023344501096289605,0.0,10043.6962890625,0,1,0,0,0,28,0,0,0,1,0,5363.578361696108,32435.116221555265,22898.59362657174,0.0031124547737544916,0.0033793038643117196,458.1435226940539,2530.1847564620257
531,19,4818.2490234375,2730.192384,222.556640625,11.713507652282715,69.45365905761719,445.7039794921875,9.50340909184888e-05,0.0,5141.328125,0,1,0,0,0,31,0,0,0,1,0,2649.1454749939708,24223.612121781633,23482.861525094602,0.0024526818402240136,0.00048322649761951136,,
532,13,3339.806640625,2286.407168,5102.970703125,392.5362243652344,174.143798828125,1709.1131591796875,0.0003115822037216276,0.0,17711.87109375,0,1,0,0,0,21,0,0,0,1,0,7832.491151087955,58040.160520830636,44411.10529410406,0.0004761137045911773,0.0001398974561405055,1235.2948025167589,717.422953483831
533,16,4053.55859375,2112.228864,2059.4287109375,128.71429443359375,112.28816223144531,1039.3724365234375,0.00018588639795780182,0.0,10704.91796875,0,1,0,0,0,23,0,0,0,1,0,5966.878554452643,45154.75882629209,34535.14641797398,0.000821553916181772,0.03770626491144821,,
534,21,5345.40869140625,2902.720512,1286.53515625,61.263580322265625,62.0152473449707,440.8013610839844,6.804815348004922e-05,0.0,6230.8359375,0,1,0,0,0,40,0,0,0,1,0,3287.627553074909,19558.96843164776,17394.369932270212,0.0059030822892594224,0.0006596457836756178,,
535,17,4320.52392578125,2902.112256,983.7294921875,57.86643981933594,120.75096130371094,789.3939819335938,0.00015213726146612316,0.0,8840.701171875,0,1,0,0,0,23,0,0,0,1,0,4062.6238287587557,26641.33139856734,21147.19399895469,0.0049685455288770025,0.005661455414858126,,
536,17,4325.55908203125,2585.378816,924.525390625,54.383846282958984,66.1153793334961,678.872802734375,0.0001223395811393857,0.0,8665.0048828125,0,1,0,0,0,31,0,0,0,1,0,4586.682417043791,26180.709281220476,24487.78816720203,0.0019905078696370593,0.00027263698706048167,,
537,15,3814.22021484375,2348.339712,2706.1328125,180.4088592529297,90.09062957763672,819.814697265625,0.00014830895815975964,0.0,8932.208984375,0,1,0,0,0,24,0,0,0,1,0,5151.348751805122,38293.86559594136,37733.157704898644,0.0002984175892775248,4.7181719484423734e-05,857.1321617626365,2699.5013577520835
538,20,5112.1318359375,2782.472192,763.046875,38.15234375,48.08024978637695,418.91937255859375,6.34355892543681e-05,0.0,5120.55712890625,0,1,0,0,0,38,0,0,0,1,0,3074.949004223268,21378.98005387188,18351.553511045775,0.0048962666838186265,0.005246251923945216,,
539,23,5896.560546875,3796.632576,1771.6435546875,77.02798461914062,15.624006271362305,159.3829803466797,3.123151327599771e-05,0.0,2279.280029296875,0,1,0,0,0,48,0,0,0,1,0,1093.6123091227905,7454.098700756446,6070.415666157339,0.0014780047210477022,0.0032848226604005187,587.0350651058379,2789.2435290727653
540,20,5135.83984375,3588.380672,766.748046875,38.33740234375,76.68370819091797,515.20361328125,8.392170275328681e-05,0.0,6234.509765625,0,1,0,0,0,35,0,0,0,1,0,3574.8715206368033,54074.69058056864,23235.71260631439,0.0009285501317215956,0.00512795328513338,496.08085126679543,2827.164417081821
541,17,4396.7197265625,2795.443712,954.6796875,56.15762710571289,47.347618103027344,475.62225341796875,5.679670721292496e-05,0.0,6126.07861328125,0,1,0,0,0,33,0,0,0,1,0,2312.3178607967207,22339.581431108756,15156.024112173298,0.0005034942428470534,0.004682346802823586,181.687476019654,2346.5134657809826
542,20,5241.365234375,2897.06752,628.146484375,31.407323837280273,52.72581100463867,441.4951477050781,6.921000749571249e-05,0.0,5602.94921875,0,1,0,0,0,31,0,0,0,1,0,2678.713946235844,10204.472110812303,8586.620843157983,0.00011418376827807691,0.006018295742879083,133.2303353061452,1937.9846854069065
543,17,4461.47509765625,2738.0992,941.74609375,55.396827697753906,99.9654769897461,557.4641723632812,0.00010101649240823463,0.0,7313.72802734375,0,1,0,0,0,20,0,0,0,1,0,3289.7205510832096,26994.324730160195,17963.214036576635,8.145937468103564e-05,0.00015449028155305845,734.2719618593352,2400.3705217730626
544,18,4712.587890625,2621.933568,366.28515625,20.34917640686035,82.83295440673828,649.0491943359375,9.433763625565916e-05,0.0,8374.1416015625,0,1,0,0,0,34,0,0,0,1,0,4508.3586057156235,29555.398223310167,26211.796675388574,0.002542049453315324,0.0005787192679096893,,
545,21,5495.94677734375,3198.323712,1188.49609375,56.595054626464844,36.3189811706543,254.32415771484375,3.636333713075146e-05,0.0,3741.840576171875,0,1,0,0,0,39,0,0,0,1,0,1698.0648406724063,10068.466941763427,9530.33969292062,0.0005513210593397766,0.00389025471821014,1003.0913313322312,3264.724447257466
546,15,3935.818115234375,2736.830464,2257.5439453125,150.50294494628906,146.808349609375,1200.904296875,0.00020081596449017525,0.0,10785.21875,0,1,0,0,0,23,0,0,0,1,0,4424.535957538671,32787.36402324864,24744.951978446603,0.0014941750690236552,0.0019933514693261656,,
547,16,4187.38720703125,2266.1248,1607.0986328125,100.44366455078125,122.68901062011719,925.5542602539062,0.00018082775932271034,0.0,9595.9765625,0,1,0,0,0,29,0,0,0,1,0,4443.150581685541,36916.64533195313,27121.051548903724,0.000949245664332514,0.006477219209005212,117.58405328626804,2559.451696014841
548,14,3675.121826171875,2135.783424,3165.3515625,226.0965576171875,114.86418914794922,1276.8350830078125,0.00017683522310107946,0.0,12348.2138671875,0,1,0,0,0,30,0,0,0,1,0,5178.953651030383,24171.579062651042,20327.797966567774,0.005466257987447182,0.002356418504744221,,
549,18,4677.380859375,2305.520128,396.5068359375,22.02815818786621,104.45654296875,746.2635498046875,0.00017141294665634632,0.0,8846.8857421875,0,1,0,0,0,36,0,0,0,1,0,4798.219595565378,29700.304803312436,23016.956573371215,0.011361151075558715,0.0035191144124101167,796.8651128942628,1909.704410924755
550,18,4671.36962890625,2661.010432,366.916015625,20.38422393798828,71.43952941894531,863.9067993164062,0.00014445008127950132,0.0,9445.08203125,0,1,0,0,0,32,0,0,0,1,0,4968.195589061011,20960.15826805358,19855.632409817976,0.00014083196436812107,0.005868090078227688,423.94033742930833,2742.249127729465
551,21,5447.4462890625,3170.110976,1184.3955078125,56.39978790283203,39.97795867919922,296.7428894042969,4.612450720742345e-05,0.0,4349.9111328125,0,1,0,0,0,44,0,0,0,1,0,1887.7977890561583,14780.753182606559,13611.384543709195,0.0036135409317585403,5.840634818137652e-05,,
552,23,5988.775390625,3730.190848,1965.5869140625,85.4603042602539,35.587974548339844,223.72682189941406,4.470222120289691e-05,0.0,3284.5185546875,0,1,0,0,0,40,0,0,0,1,0,1787.0069299898319,14870.315532965526,11371.81498952453,0.0004312214981645173,0.0009866815792950873,265.6213488081239,2550.018606886606
553,23,5992.33984375,3795.32288,1945.7646484375,84.59846496582031,36.15587615966797,291.93927001953125,4.29436877311673e-05,0.0,4456.47900390625,0,1,0,0,0,45,0,0,0,1,0,2156.7724226949695,10898.089063897294,10847.681705927069,0.0012417469418628674,2.1331873836995252e-05,613.5982250986974,1826.5953662223721
554,19,4979.86328125,3229.71904,237.2744140625,12.488126754760742,77.84458923339844,516.3208618164062,0.00010444668441778049,0.0,6327.40234375,0,1,0,0,0,35,0,0,0,1,0,3213.000565909415,26946.34188423402,17664.188985488214,0.001128675347044441,0.0017648612996103014,,
555,19,4963.919921875,2979.864576,235.4033203125,12.3896484375,53.182411193847656,413.94317626953125,7.597759395139292e-05,0.0,5146.74072265625,0,1,0,0,0,39,0,0,0,1,0,2705.4732495707303,21631.293255088556,17751.899057495968,0.0010498041065434144,0.02129289055929398,,
556,15,3931.268310546875,2571.762176,2903.892578125,193.5928497314453,193.9506378173828,1432.7899169921875,0.00029264966724440455,0.0,13402.408203125,0,1,0,0,0,23,0,0,0,1,0,6010.048552842865,35847.71286659081,31665.911521462636,0.004352687381530482,0.00239382516837198,310.4908328093279,2077.6514616961776
557,21,5475.95458984375,2913.129472,1192.0029296875,56.762046813964844,42.05434799194336,306.7008972167969,6.437354750232771e-05,0.0,3976.822265625,0,1,0,0,0,35,0,0,0,1,0,1955.0576670851335,10797.88647470262,8581.571593936289,0.00034309729549506646,0.0035567030939802242,512.1768161146642,1651.3450151640977
558,25,6509.42724609375,3818.660864,2865.26953125,114.61077880859375,40.84587860107422,319.25341796875,5.256544682197273e-05,0.0,5523.82763671875,0,1,0,0,0,55,0,0,0,1,0,2868.876636645868,18552.393711013,15860.88490108948,0.0010921963373964824,1.4721395039725416e-05,,1521.2393955876228
559,16,4175.568359375,3102.609408,1752.4228515625,109.52642822265625,120.83696746826172,1055.6983642578125,0.0002073473879136145,0.0,10318.89453125,0,1,0,0,0,26,0,0,0,1,0,4423.874700970659,33524.54834543723,24385.068342863957,0.0004611316073990096,0.000435936941488628,744.4176384268235,2656.184626704181
560,20,5372.01416015625,2863.177728,762.4658203125,38.123291015625,43.4425163269043,359.2893371582031,5.697286906070076e-05,0.0,4468.3857421875,0,1,0,0,0,33,0,0,0,1,0,2427.2843096183487,13708.360868172287,12956.133239437426,0.004578077459263825,0.002927683767348477,1860.2543958823385,346.9465580553036
561,21,5479.16552734375,3311.485952,1426.466796875,67.92699432373047,78.41098022460938,491.71051025390625,8.700500620761886e-05,0.0,6498.11376953125,0,1,0,0,0,35,0,0,0,1,0,3648.7616629364975,25987.60885372323,16153.478657275682,0.001350505351629342,0.002934047353418748,552.2101647934469,2704.246928929224
562,16,4173.6533203125,2832.133632,1906.1494140625,119.13433837890625,119.58207702636719,880.07666015625,0.00016848856466822326,0.0,9218.3447265625,0,1,0,0,0,29,0,0,0,1,0,4346.488399016952,26698.8066992029,25228.30882584085,0.00041306425256436297,0.0030597154211296634,,
563,18,4668.84423828125,2502.168064,352.501953125,19.58344268798828,101.14371490478516,640.24072265625,0.0001313252141699195,0.0,8304.169921875,0,1,0,0,0,33,0,0,0,1,0,4299.969131084784,23503.47789219899,22368.487204060828,0.002732932210196118,0.0014822091669919064,497.7405610105766,2215.6125706884036
564,21,5445.91796875,3061.633024,1164.560546875,55.455265045166016,40.41062927246094,347.3919372558594,4.897805774817243e-05,0.0,4586.53857421875,0,1,0,0,0,42,0,0,0,1,0,2264.062919165515,10187.779403416791,9195.604365207291,0.0015902885440301773,0.01116363958047037,,
565,23,5984.451171875,3516.056064,2170.453125,94.3675308227539,30.883602142333984,332.7638854980469,5.2384195441845804e-05,0.0,5159.97021484375,0,1,0,0,0,43,0,0,0,1,0,2634.5011880985644,20403.391778474204,15588.803573691192,0.0007967429019601589,0.00011883597063884477,1116.0858105338675,3528.931937112532
566,15,4056.778076171875,2821.367808,2444.6748046875,162.97833251953125,98.45512390136719,1021.4054565429688,0.00013900015619583428,0.0,10606.384765625,0,1,0,0,0,29,0,0,0,1,0,6043.021823437046,29040.272480712356,26447.155506554125,0.005144238347728659,0.003663441647121979,,
567,11,2900.42626953125,1738.97728,7633.423828125,693.9476318359375,301.96551513671875,4155.9658203125,0.0006038122228346765,0.0,34774.625,0,1,0,0,0,18,0,0,0,1,0,6831.5685610388155,50568.27244184083,43937.00197222792,0.00012716954373456768,0.0006382226442200947,,
568,17,4383.0986328125,1842.514944,955.1669921875,56.18629455566406,65.63994598388672,493.130615234375,9.787963790586218e-05,0.0,5890.93115234375,0,1,0,0,0,32,0,0,0,1,0,2359.7010348279523,20584.09539986675,19757.566900383325,0.0050993426600829395,0.00010344401706100653,690.3686646269867,2233.713225889495
569,21,5599.21923828125,2936.52736,1181.74609375,56.273624420166016,44.9955940246582,280.66864013671875,5.130988574819639e-05,0.0,3719.01123046875,0,1,0,0,0,37,0,0,0,1,0,1897.6330225141378,16731.64251031958,14326.62778656811,0.002292965826605306,0.009941740543870023,190.90435488214598,2341.617329654449
570,20,5237.21533203125,3295.054336,764.0947265625,38.20473861694336,53.56778335571289,317.9351501464844,7.086282130330801e-05,0.0,4272.93310546875,0,1,0,0,0,33,0,0,0,1,0,1864.3616273007456,16383.38885656581,10400.583016948169,0.0010563518036866386,8.290765083294321e-05,1997.800691375704,76.46513055336993
571,21,5465.767578125,3279.133696,1181.7119140625,56.271995544433594,39.279335021972656,303.44244384765625,5.3819279855815694e-05,0.0,4196.4033203125,0,1,0,0,0,36,0,0,0,1,0,2151.1788908674735,11246.956101001424,10954.772929349976,0.004757810665356209,0.0015215585805403026,955.0546024018063,1655.4284368998253
572,13,3420.9921875,2485.212672,4982.0556640625,383.2350769042969,210.6811981201172,2376.03466796875,0.00035510733141563833,0.0,23634.81640625,0,1,0,0,0,24,0,0,0,1,0,14047.287573990548,85860.3704722815,77537.38170007554,0.00044301555316238195,0.015258143679583142,,
573,16,4353.4404296875,2088.500224,1885.7216796875,117.85760498046875,102.31758880615234,1058.6239013671875,0.00018865503079723567,0.0,10513.4443359375,0,1,0,0,0,25,0,0,0,1,0,5200.825348936162,40941.98335101604,30190.805174396268,0.006763979140123458,0.0033751400035492776,,
574,16,4186.8779296875,2362.486784,1833.9169921875,114.61981201171875,86.94236755371094,1119.679931640625,0.00012646485993172973,0.0,11862.63671875,0,1,0,0,0,24,0,0,0,1,0,5083.710983494728,33334.621760151895,27207.281239254182,0.0031408464045675176,0.004579784727062775,1385.0785310588194,414.94988576331707
575,19,4956.17333984375,2538.276864,248.55078125,13.081620216369629,73.42354583740234,545.6516723632812,8.539496047887951e-05,0.0,6912.22705078125,0,1,0,0,0,31,0,0,0,1,0,3362.0898038034866,20715.229351284943,20255.379865528223,0.003289778969342483,0.000511170343288108,1218.2933786457575,3500.94263330655
576,17,4440.8759765625,2618.73152,1197.021484375,70.41303253173828,170.5362091064453,952.6127319335938,0.000190664577530697,0.0,10099.10546875,0,1,0,0,0,28,0,0,0,1,0,5187.192427192279,28994.71080057404,28839.72725835538,0.0017698805163375141,0.010683844360816933,,
577,19,4924.72314453125,2711.89248,235.779296875,12.40943717956543,51.996315002441406,540.7353515625,8.706093649379909e-05,0.0,6824.64111328125,0,1,0,0,0,37,0,0,0,1,0,3342.2238695315987,19495.768408988635,18243.62305051164,0.0009472744362052088,0.005239078645343009,429.5106886290605,2868.714688129528
578,17,4414.33203125,2677.025792,1132.3173828125,66.60690307617188,178.44476318359375,1012.1097412109375,0.00022052916756365448,0.0,12399.794921875,0,1,0,0,0,31,0,0,0,1,0,5728.479706505131,28920.858094134328,18776.56568975,0.0022428563848250777,0.006190931648013709,1485.0210857455825,1990.9807027490265
579,19,4924.03564453125,2655.032832,263.65625,13.8766450881958,68.69730377197266,423.3163146972656,8.068846364039928e-05,0.0,5981.0126953125,0,1,0,0,0,36,0,0,0,1,0,3377.0057640603086,27286.36416566879,20577.47643403463,0.0004828358557700668,0.0004842545656549291,511.0449071057933,2863.5017424230045
580,17,4438.8251953125,2642.492416,1041.1279296875,61.242820739746094,62.47513961791992,506.398193359375,9.104871423915029e-05,0.0,5070.0419921875,0,1,0,0,0,25,0,0,0,1,0,2397.577609629046,14221.753783184144,11356.41301464568,0.0006747566897959412,0.011768362266751101,,
581,17,4448.39990234375,2568.302592,1058.2197265625,62.24821853637695,122.96266174316406,790.1547241210938,0.00011538223770912737,0.0,8861.44921875,0,1,0,0,0,30,0,0,0,1,0,4147.290717349803,36003.389220462275,24009.70550200885,0.0005379764239452772,0.0019905544363844167,1151.6802355558013,2296.255161149851
582,16,4173.05029296875,2407.002112,1475.96875,92.248046875,84.25404357910156,572.46875,9.388430044054985e-05,0.0,6702.0908203125,0,1,0,0,0,23,0,0,0,1,0,2825.648616101761,21543.45524833828,12093.85578630476,0.00036144715138571384,0.0011874921376959007,480.5593039925384,1447.5452990492508
583,23,6012.01025390625,3098.347008,1962.802734375,85.33924865722656,31.349985122680664,253.44053649902344,4.206629455438815e-05,0.0,3730.43798828125,0,1,0,0,0,45,0,0,0,1,0,1959.5663141796342,18707.73412223312,14244.274139628862,0.0044440670297731105,0.0017275186691302277,1446.1052669339404,984.0858387831684
584,22,5733.84375,3616.198144,1519.3212890625,69.06005859375,27.121553421020508,232.254638671875,4.2256098822690547e-05,0.0,3241.01416015625,0,1,0,0,0,45,0,0,0,1,0,1721.3838768782593,14745.610496920895,13800.330267557489,0.00047080288463460795,0.000874171939026603,176.54936534396188,2810.7349451153887
585,19,4964.34375,3281.546752,264.0595703125,13.897871971130371,76.26726531982422,481.1542663574219,8.88748254510574e-05,0.0,5675.68115234375,0,1,0,0,0,32,0,0,0,1,0,3106.278634112595,20781.973075660462,20600.357939380465,0.0029271603084316637,0.006969525764416562,,
586,19,4969.36181640625,2899.330048,207.806640625,10.9371919631958,88.81705474853516,565.3782958984375,0.00010701493010856211,0.0,7104.3017578125,0,1,0,0,0,37,0,0,0,1,0,3932.7252333137103,26082.805616668888,21391.958243675843,0.00029791373382630215,0.004685490730876304,559.3603239506419,2533.718690940216
587,25,6504.88037109375,3497.69984,2607.5732421875,104.30292510986328,27.997243881225586,243.2229766845703,4.063999585923739e-05,0.0,4310.1376953125,0,1,0,0,0,48,0,0,0,1,0,2125.9903104119985,14657.840952285853,12225.038854581057,0.0008380729039378504,0.0006766941856326397,644.0952920847253,3054.1083581798907
588,17,4442.62353515625,3126.272512,1145.7958984375,67.3997573852539,142.00784301757812,1006.3095703125,0.00015643329243175685,0.0,11219.1904296875,0,1,0,0,0,29,0,0,0,1,0,5322.0644211825165,31711.481414608632,25503.582740200123,0.017770788514572394,0.011326370335995359,968.7977103677415,1199.140216165266
589,15,3946.644775390625,2265.970176,2268.6318359375,151.24212646484375,47.85792922973633,668.9535522460938,0.00010427486995467916,0.0,6746.67529296875,0,1,0,0,0,30,0,0,0,1,0,3316.538808338196,27507.353336421253,15381.0259327876,0.0015317947075259575,0.0007308158193800249,621.169388256525,3111.336606450301
590,14,3682.080078125,2008.779776,4082.4306640625,291.6022033691406,216.0991973876953,1693.31201171875,0.0003457145066931844,0.0,17118.173828125,0,1,0,0,0,19,0,0,0,1,0,8633.422037342774,55284.84752748822,34645.5589755885,0.0003300182808143176,0.008426716757376884,1678.1419631794797,3530.6467738345655
591,20,5184.80029296875,2486.591488,826.14453125,41.307228088378906,79.02050018310547,616.7432250976562,9.282356040785089e-05,0.0,8145.79541015625,0,1,0,0,0,41,0,0,0,1,0,4102.52374561554,34636.92597539559,28168.438186765907,0.00781054238924743,0.0015012716142063214,906.5524704430973,1617.9343656963051
592,21,5450.927734375,3324.629504,1165.177734375,55.48465347290039,55.295352935791016,433.734130859375,9.436388791073114e-05,0.0,5541.3408203125,0,1,0,0,0,41,0,0,0,1,0,2637.2851230414653,19359.103495504365,16633.646384301654,0.004047555950691872,0.000652986083200767,306.418129432388,2728.82724065321
593,14,3661.1943359375,2613.419008,3266.646484375,233.3319091796875,116.97256469726562,900.6358032226562,0.00017394199676346034,0.0,10175.845703125,0,1,0,0,0,21,0,0,0,1,0,4715.342936731901,32281.505397006036,31396.600562226253,0.00020365903966977628,8.1115487741798e-05,1054.393229747849,3039.228995675839
594,20,5179.97607421875,2655.136256,829.0732421875,41.45366287231445,92.69692993164062,527.3070678710938,0.00010483228834345937,0.0,6722.109375,0,1,0,0,0,35,0,0,0,1,0,3589.0198501564582,17834.60524171777,16505.687836247387,0.0036865875608021563,0.002787094700636039,1248.3956735600677,3548.2849902242974
595,21,5432.4189453125,3294.126592,1163.6103515625,55.41001892089844,42.415443420410156,284.0072021484375,7.519726204918697e-05,0.0,4353.609375,0,1,0,0,0,38,0,0,0,1,0,2112.639663277476,18749.887048015957,8203.245925164583,0.006063666862197538,0.001642741042889681,1089.5968376859128,1307.289610388727
596,23,5874.58251953125,3598.471168,2138.61328125,92.98318481445312,61.24428176879883,344.898681640625,8.489995525451377e-05,0.0,5064.3212890625,0,1,0,0,0,47,0,0,0,1,0,2783.7810792551004,27799.42280035535,17447.2256271285,0.0007518671536684979,0.0005833827909887401,,
597,19,4819.76513671875,3318.970368,256.8349609375,13.517629623413086,96.2811508178711,797.0084228515625,0.00016196123033296317,0.0,10211.2744140625,0,1,0,0,0,37,0,0,0,1,0,5344.878938022042,32043.469576473246,26010.704817812282,0.0004386043845528943,0.0016750151543085817,,
598,23,5957.34619140625,3349.437952,1978.3330078125,86.01448059082031,38.95790100097656,266.1806640625,3.970983379986137e-05,0.0,4327.998046875,0,1,0,0,0,45,0,0,0,1,0,2208.092275518172,18751.884446073367,15564.731421938677,0.0008836177907212105,0.00035141652557025074,,
599,20,5196.18896484375,3469.648896,758.5732421875,37.92866134643555,47.0223503112793,395.6440124511719,7.392303814413026e-05,0.0,4786.24267578125,0,1,0,0,0,32,0,0,0,1,0,2706.5405017992543,17250.834751032893,15534.626640699042,0.0007781410869758254,0.0066364846811464845,,
600,16,4168.1748046875,2707.788288,1413.873046875,88.3670654296875,79.38983154296875,1004.5093383789062,0.00012760159734170884,0.0,10960.5615234375,0,1,0,0,0,28,0,0,0,1,0,6079.0342868766,40898.898398518584,27943.89081727565,0.0002944795038560752,0.00036473657635152645,389.1901443437364,2037.030490236989
601,20,5185.27001953125,2727.726592,755.720703125,37.78603744506836,63.87683868408203,340.6197204589844,6.543878407683223e-05,0.0,4699.56640625,0,1,0,0,0,36,0,0,0,1,0,2452.6236561171845,21021.398399070615,16430.565604341504,0.0025904055092183347,0.0009556168209331299,56.319215088684814,2403.4966899572883
602,20,5194.4658203125,3159.442944,763.8115234375,38.19057846069336,60.4383430480957,469.1417541503906,8.214316767407581e-05,0.0,6346.076171875,0,1,0,0,0,41,0,0,0,1,0,2682.5227683870335,17689.523503539534,9896.880992494354,0.00028503307297668857,0.0013184557266967961,1696.4722113298776,820.5292690459055
603,20,5196.09375,3241.86112,622.724609375,31.13623046875,61.2059440612793,495.33331298828125,0.00010799636220326647,0.0,6512.92724609375,0,1,0,0,0,39,0,0,0,1,0,3323.2019609824015,31916.08655372655,21566.20882648809,5.4682782089296444e-05,0.0002552883659949594,,
604,20,5182.2099609375,3169.771008,742.0390625,37.10195541381836,63.1928825378418,530.2066040039062,7.967699639266357e-05,0.0,6921.701171875,0,1,0,0,0,34,0,0,0,1,0,4116.265031883198,32535.26906921003,31198.128238301444,0.002063185862848982,0.00029355291271451756,,
605,13,3397.072265625,2331.399168,5460.0419921875,420.00323486328125,400.862060546875,1509.1131591796875,0.0003218135389033705,0.0,15941.279296875,0,1,0,0,0,19,0,0,0,1,0,7860.946855070059,78369.17509692918,75469.369832108,0.00011471187061852365,0.0005734774366544945,603.3216438513297,1437.6602929050218
606,20,5183.22802734375,2371.84,868.884765625,43.44424057006836,122.02314758300781,792.6890869140625,0.0001250318600796163,0.0,10190.7939453125,1,0,1,0,0,35,0,0,0,1,0,5169.682292097413,24933.628209267477,23919.932712642527,0.00032884267933656897,6.304613358732239e-06,226.39718688067114,2172.9225778275
607,23,5955.40869140625,3281.855488,1958.9296875,85.17086029052734,26.533777236938477,258.01275634765625,4.632002310245298e-05,0.0,3872.55078125,0,1,0,0,0,47,0,0,0,1,0,1743.9272755560382,10927.377791062268,9986.466845427532,0.0011946893872798459,0.0003704185469298113,1817.7628980259472,664.2747402111379
608,23,5958.87548828125,3815.190016,1772.19384765625,77.05191040039062,41.39439010620117,293.28546142578125,5.012295150663704e-05,0.0,4143.99609375,0,1,0,0,0,41,0,0,0,1,0,1857.9069330666978,8554.740795780568,7380.271728616291,0.0001039748643622343,0.010240486885445925,687.1709895456266,2238.094504304581
609,18,4672.337890625,3236.313088,335.3955078125,18.63308334350586,63.281280517578125,499.6002197265625,9.019995923154056e-05,0.0,5782.12744140625,0,1,0,0,0,36,0,0,0,1,0,2825.799578497232,18310.946016708574,16573.894690762056,0.009895852611160313,0.002770025674583374,678.7678997919716,3159.9554228560605
610,18,4659.58740234375,2704.393216,342.326171875,19.01812171936035,69.29161071777344,632.1148681640625,8.68450733833015e-05,0.0,7119.0361328125,0,1,0,0,0,32,0,0,0,1,0,3145.463512669123,22492.581972337797,17934.497344096293,0.00028860286372221766,0.0005050383870971072,,
611,19,4933.609375,2969.87904,256.7021484375,13.510639190673828,60.06830978393555,409.4494323730469,9.34553099796176e-05,0.0,4922.2626953125,0,1,0,0,0,26,0,0,0,1,0,2771.518061175286,18071.33604310044,9187.622404505948,0.012755570564081567,0.005018863377361682,,
612,21,5429.34423828125,3359.16288,1177.7802734375,56.08477783203125,39.773155212402344,320.2048645019531,5.0221548008266836e-05,0.0,4163.4462890625,0,1,0,0,0,40,0,0,0,1,0,2143.516646311278,12732.364638508283,9733.314402404325,0.0008694429175523238,0.002215683578815811,84.1858672000917,2475.451521189572
613,20,5185.1591796875,3236.895232,767.1103515625,38.35551834106445,45.86912536621094,396.23687744140625,6.065514389774762e-05,0.0,5300.884765625,0,1,0,0,0,35,0,0,0,1,0,2220.242983465997,14439.153685826597,12518.09264667024,0.00042695546763308473,0.002215073498712801,1010.0568115966357,3194.6370117449183
614,21,5428.5185546875,3183.789568,1181.033203125,56.23967742919922,41.213016510009766,341.5121154785156,6.502331234514713e-05,0.0,4800.8486328125,0,1,0,0,0,35,0,0,0,1,0,2274.93516229244,15589.677450518562,10340.025287002676,0.0021465392477791317,0.004522093980523119,266.63813890870233,2518.5574379171953
615,16,4173.86328125,2676.45952,2099.1650390625,131.19781494140625,182.04263305664062,1312.7943115234375,0.0002052048803307116,0.0,14598.763671875,0,1,0,0,0,26,0,0,0,1,0,6975.942873297246,50766.392744812154,35687.94106623563,0.0006169421365440414,0.00046333999370686257,1009.7282817670755,1876.4529666685673
616,18,4674.7431640625,2531.18976,293.3671875,16.29817771911621,53.198848724365234,558.3914184570312,9.275594493374228e-05,0.0,5943.53125,0,1,0,0,0,33,0,0,0,1,0,2580.624816087428,20214.889071133028,8078.197078100445,0.0019443170253649316,0.005162011588093103,936.3913900080363,1426.1751551489658
617,23,5968.00390625,3471.321088,1746.1962890625,75.92157745361328,42.32196044921875,296.1588134765625,7.267064938787371e-05,0.0,4456.294921875,0,1,0,0,0,48,0,0,0,1,0,2143.853120216037,14219.123590657042,13121.828929754736,0.002846081253012188,0.0058687572351465225,,1007.5267730038245
618,17,4422.693359375,3224.233472,1144.537109375,67.32571411132812,108.9293441772461,1000.8580932617188,0.0001586621074238792,0.0,11294.2451171875,0,1,0,0,0,30,0,0,0,1,0,5284.008027197661,29656.5958845539,28257.466143041933,0.00011896032008564678,0.011735867670581261,195.46191846605507,2487.9285062361128
619,19,4938.4794921875,2909.789184,242.763671875,12.7770357131958,42.8702507019043,290.3575134277344,5.636191417579539e-05,0.0,3506.44677734375,0,1,0,0,0,35,0,0,0,1,0,1576.7375123352592,10745.149906755363,9075.663891540158,0.00315422440418198,0.0022999959884383997,,
620,17,4424.32080078125,2750.042112,1045.0009765625,61.470645904541016,142.66650390625,828.30908203125,0.00016209512250497937,0.0,8395.3095703125,0,1,0,0,0,26,0,0,0,1,0,4018.5614245608017,29413.835582805397,27330.571495597796,0.0013368022981223217,0.0013160397677324798,1739.2848297090418,246.96709040455164
621,22,5837.91650390625,3069.212672,1398.86767578125,63.584896087646484,39.35798645019531,267.2956848144531,4.9659720389172435e-05,0.0,4182.95166015625,0,1,0,0,0,42,0,0,0,1,0,2330.453801422615,20863.629185267095,16199.70884953519,0.0009281101623734439,0.0028408249985961143,557.7247200120269,2989.8190837076218
622,16,4175.5478515625,2828.305408,1839.5498046875,114.97186279296875,127.4071273803711,1370.455322265625,0.00021773349726572633,0.0,13344.3623046875,0,1,0,0,0,26,0,0,0,1,0,5486.429927067545,42706.73075498327,29187.863756149007,0.001340018255840278,0.008844601497585973,,
623,16,4123.28076171875,2342.822912,1857.1865234375,116.07415771484375,133.3048553466797,1124.10595703125,0.00020730025426018983,0.0,10803.46484375,0,1,0,0,0,32,0,0,0,1,0,4544.566433204469,35370.32339266371,26970.222367057628,0.002547079327737652,0.004065119213243956,841.4297488203456,3223.358752500323
624,19,4828.0078125,2794.3424,240.107421875,12.637232780456543,70.67862701416016,596.401123046875,9.980143659049645e-05,0.0,7518.90478515625,0,1,0,0,0,34,0,0,0,1,0,4202.235882969328,25247.77023952736,24366.33141091277,0.0064996398478183726,0.0016212223337342402,1554.0630214353264,667.9196826598582
625,17,4356.47705078125,2774.183936,1050.0087890625,61.76522445678711,65.04802703857422,762.1624145507812,0.00012800563126802444,0.0,8547.470703125,0,1,0,0,0,30,0,0,0,1,0,4235.942786996436,31325.409327451995,24512.057919017167,0.0003174468361344662,0.0026199554887165744,,
626,16,4170.68408203125,2448.94208,1835.16796875,114.697998046875,69.41862487792969,960.9122314453125,0.00015948765212669969,0.0,10192.287109375,0,1,0,0,0,26,0,0,0,1,0,5138.7318297066595,40235.909661610676,27023.95904807002,0.003449081651874686,0.0005769582207230846,,
627,19,4955.4443359375,2729.561088,236.7431640625,12.460166931152344,68.86736297607422,500.25006103515625,8.39057465782389e-05,0.0,5502.73095703125,0,1,0,0,0,35,0,0,0,1,0,2925.2433896696007,42098.13180843589,12837.094532894338,0.00046947794483018224,0.0025186952879055757,1909.0388929147412,415.43463964598004
628,18,4701.0419921875,2804.27008,333.697265625,18.53873634338379,162.89700317382812,1032.7872314453125,0.00018050636572297662,0.0,11923.751953125,0,1,0,0,0,32,0,0,0,1,0,5083.974763696889,23116.878311501223,21218.570234621628,0.0006547293079864208,0.002245023326216178,38.09664219953402,2384.9801259005976
629,16,4181.5322265625,2520.776192,1725.0283203125,107.81427001953125,58.57489013671875,733.6176147460938,0.00012499849253799766,0.0,6924.599609375,0,1,0,0,0,25,0,0,0,1,0,2835.231458244114,14565.470535480648,13355.525935208792,0.0020289140660187804,0.013242137814555792,1628.5461537592846,3481.5605509095285
630,21,5446.91796875,2950.661632,1290.9423828125,61.47344970703125,51.870018005371094,392.1746826171875,8.3386134065222e-05,0.0,5099.046875,0,1,0,0,0,36,0,0,0,1,0,2869.068488492638,20203.983238529672,16080.098010584334,0.0026411827682897918,0.00033525092146489965,,
631,20,5183.1103515625,3096.937472,737.8681640625,36.893409729003906,61.63225173950195,478.745361328125,7.78249668655917e-05,0.0,6237.18896484375,0,1,0,0,0,35,0,0,0,1,0,3002.4348436958294,18101.900794793626,10709.123849922884,0.004089176922639631,0.0020570442691293872,192.69094840314415,2147.9379872388463
632,18,4693.16357421875,2879.219712,383.69140625,21.31618881225586,86.52404022216797,625.1171264648438,0.0001366437500109896,0.0,6915.0908203125,0,1,0,0,0,28,0,0,0,1,0,3683.3681852463196,26658.964797173358,20409.24736993743,0.003025510384139521,0.002861627123152022,,
633,20,5190.8193359375,3121.383936,712.4462890625,35.622314453125,33.22661590576172,211.39280700683594,4.43957578681875e-05,0.0,2463.591064453125,0,1,0,0,0,29,0,0,0,1,0,1194.3534974911288,8424.345998059422,7088.151199503878,6.465496060030496e-05,0.013523901126615459,1286.5893967379147,2042.292088420468
634,17,4426.44482421875,2794.64192,1160.63671875,68.27275085449219,102.73481750488281,895.946533203125,0.00012446678010746837,0.0,12169.734375,0,1,0,0,0,29,0,0,0,1,0,5953.297422530421,43160.50179653765,32907.07935739601,0.00010802797680853956,0.00013720314860415396,49.48977546552169,2221.478805296544
635,17,4425.5263671875,2479.643648,1030.478515625,60.61638259887695,66.68830871582031,1416.315673828125,0.00016584280820097774,0.0,15344.8525390625,0,1,0,0,0,31,0,0,0,1,0,5690.568431803993,50511.33554192275,29847.955307408396,0.0003844455063955268,0.0005245178401054179,,
636,18,4675.1845703125,2657.078784,446.890625,24.82725715637207,119.9097671508789,940.3434448242188,0.00014707748778164387,0.0,11130.181640625,0,1,0,0,0,25,0,0,0,1,0,6239.883829148338,25176.483402261903,24864.452906041726,0.011643954938133375,0.004240536780697336,,
637,18,4675.2578125,2717.326848,363.134765625,20.17415428161621,117.51390838623047,740.37841796875,0.0001286938932025805,0.0,8560.0751953125,0,1,0,0,0,30,0,0,0,1,0,5311.991246173342,30678.134970974916,30366.425498581182,0.0005386699446262716,0.011300074668127588,1379.7521877232086,1035.1669144754912
638,20,5191.20654296875,3013.31456,761.2802734375,38.06401443481445,70.4061050415039,453.228515625,7.808326336089522e-05,0.0,7200.06103515625,1,0,1,0,0,40,0,0,0,1,0,3525.9531152919867,25500.603054582964,20735.14273524448,0.001875340023869401,0.0004375985038851879,321.5915476375253,2173.991621996048
639,18,4678.39990234375,2986.949632,358.0849609375,19.89361000061035,67.21973419189453,559.2937622070312,0.00011402295058360323,0.0,6698.62548828125,0,1,0,0,0,33,0,0,0,1,0,3626.2282661278296,19025.81591011607,15646.040427281114,0.007187961668748362,0.009357494312140821,,
640,18,4672.03125,2743.647232,393.486328125,21.8603515625,132.01963806152344,913.5209350585938,0.0001555584167363122,0.0,10549.48828125,0,1,0,0,0,33,0,0,0,1,0,5690.865221522036,52876.28452177036,39541.62588611984,0.0037287746101285005,0.002164757342363023,,
641,18,4657.16015625,2710.254592,347.015625,19.27864646911621,85.29864501953125,738.5455322265625,0.000123799909488298,0.0,7865.6923828125,0,1,0,0,0,36,0,0,0,1,0,4213.6902560543585,39242.39258727387,31283.78204207524,0.0006342627173314686,0.0013227099620259988,,
642,19,4937.9609375,2731.596288,238.4375,12.549342155456543,73.70724487304688,487.01690673828125,7.665202429052442e-05,0.0,6150.6923828125,0,1,0,0,0,34,0,0,0,1,0,2831.3792210236375,17997.781036787193,14167.34856618824,0.0009579553785435575,0.0005116646391648662,57.07836376088426,2498.646021788847
643,9,2382.56005859375,1858.620928,10828.3330078125,1203.1480712890625,15.664319038391113,281.2613830566406,0.00043981114868074656,0.0,1279.4071044921875,0,1,0,0,0,12,0,0,0,1,0,296.7562626339907,1754.3217268223639,181.95502294122926,0.06648944018778949,0.1238998888838102,290.42781203152845,1391.4645686422991
644,17,4401.931640625,1928.526848,1053.1328125,61.94898986816406,98.91358947753906,628.0597534179688,0.00011998463014606386,0.0,7127.20556640625,0,1,0,0,0,29,0,0,0,1,0,3481.4761839826842,31491.56690388682,19798.000587044044,0.007127005162440955,0.001977512421447168,13.599774704831361,2133.096571996207
645,21,5449.5322265625,3008.231424,1310.0595703125,62.3837890625,72.22513580322266,405.1136779785156,8.572223305236548e-05,0.0,5431.27001953125,0,1,0,0,0,31,0,0,0,1,0,2444.8670272246377,9207.53723301851,9175.344550399424,0.0005344939329404233,0.00014009155458413747,751.7604739152084,2655.4126859087705
646,16,4167.51318359375,2802.40384,1849.7470703125,115.60919189453125,88.8714828491211,1022.6483154296875,0.00018469849601387978,0.0,9603.103515625,0,1,0,0,0,22,0,0,0,1,0,4158.560848827029,25556.9321042881,19893.831507579784,0.0021145339108750508,0.005524166092540118,734.3892324289654,2435.6217607825374
647,21,5446.158203125,3011.922944,1049.212890625,49.962520599365234,32.69322204589844,334.46063232421875,5.507631794898771e-05,0.0,4561.4072265625,0,1,0,0,0,39,0,0,0,1,0,2088.1131591835474,17432.56073288489,10631.371998963092,0.00324595357328282,0.010251402305648371,632.2676378964356,1776.7622166121305
648,18,4664.27001953125,3162.46016,399.3994140625,22.18885612487793,124.97637176513672,868.7904663085938,0.0001599518582224846,0.0,10408.216796875,0,1,0,0,0,30,0,0,0,1,0,5102.319078774045,29784.25519571322,28899.04528183412,0.0032104945157373777,0.0004125801851077417,,
649,23,5958.8056640625,3519.96672,1775.73046875,77.20567321777344,36.69546890258789,240.0458984375,4.527732380665839e-05,0.0,3405.2978515625,0,1,0,0,0,38,0,0,0,1,0,1592.2532602784188,6069.567352273608,4141.28481298506,0.014668599972918833,0.0018970970249485453,,
650,18,4655.7802734375,3321.662464,431.548828125,23.97493553161621,113.19395446777344,867.7743530273438,0.00015395389345940202,0.0,9786.4384765625,0,1,0,0,0,28,0,0,0,1,0,4963.703914906265,29912.669542027925,29251.437436591008,0.0034707827338753498,0.001137273674966091,,
651,16,4168.4130859375,2412.486144,2045.5,127.84375,125.36605072021484,1242.4908447265625,0.00020680516900029033,0.0,13741.5546875,0,1,0,0,0,24,0,0,0,1,0,7215.815278978356,48088.71365277025,30472.158278574334,0.0007165608721179419,0.00016416268713872507,1013.6820204784153,2255.275972895437
652,20,5167.9013671875,2867.365888,632.1044921875,31.605224609375,46.94622802734375,291.2990417480469,6.767356535419822e-05,0.0,3810.3603515625,0,1,0,0,0,37,0,0,0,1,0,2046.1463631476913,17922.69531801627,8517.958662194229,0.001174020739289891,0.01986237154155787,76.77310533541868,2244.193239334782
653,20,5065.57763671875,3237.40416,755.6552734375,37.78276443481445,49.99039840698242,473.2181091308594,7.941116928122938e-05,0.0,6183.15576171875,0,1,0,0,0,39,0,0,0,1,0,2981.622657532633,17788.319010012456,15546.338178718583,0.0018746183437648029,0.003015833618016113,,
654,21,5308.119140625,3289.303552,1178.494140625,56.118770599365234,30.417709350585938,251.16493225097656,3.5235130781074986e-05,0.0,3358.160400390625,0,1,0,0,0,39,0,0,0,1,0,1558.4209298931116,11939.69248063138,9351.73421775945,0.0005192496361342697,0.0021582822301359633,1417.711942970071,972.389028262272
655,18,4555.53515625,3131.182592,374.0419921875,20.78011131286621,96.5780029296875,950.719970703125,0.00013532333832699805,0.0,10673.169921875,0,1,0,0,0,29,0,0,0,1,0,5551.131566136846,28184.499709999945,22287.223954825495,0.0026672123849577657,0.003601929579487368,1278.798280944421,3449.1052241285643
656,19,4817.6025390625,2902.085632,186.5234375,9.817023277282715,55.752681732177734,500.8345031738281,7.976672350196168e-05,0.0,6151.1689453125,0,1,0,0,0,34,0,0,0,1,0,2849.9399318137716,14615.88979565726,11733.067650980805,0.0010460054481406036,0.003582497457127784,,
657,18,4569.93798828125,2866.44992,319.06640625,17.72591209411621,39.59132766723633,330.85107421875,5.6828368542483076e-05,0.0,3868.274658203125,0,1,0,0,0,38,0,0,0,1,0,2001.9164624072812,13038.505904615877,10940.38527127056,0.0009833584048959676,0.0013112483024050534,,
658,21,5324.64892578125,3178.708992,1279.4130859375,60.924434661865234,103.38681030273438,485.912841796875,0.0001248092739842832,0.0,6521.5732421875,0,1,0,0,0,38,0,0,0,1,0,3515.412085431487,26020.90522031868,25553.173631973892,0.00041051223357551313,5.233749473879806e-05,,
659,16,4078.34423828125,2736.145408,1919.4072265625,119.96295166015625,131.38429260253906,1149.2852783203125,0.0002181542367907241,0.0,12000.904296875,0,1,0,0,0,25,0,0,0,1,0,5833.407615568545,39542.552163035565,30296.58368250292,0.0007166251845062213,0.00047932595265014893,1308.3354017407978,3089.1279674273383
660,23,5856.6953125,3156.966912,1961.4921875,85.28227233886719,50.52289581298828,333.4574890136719,8.109307964332402e-05,0.0,4819.642578125,0,1,0,0,0,43,0,0,0,1,0,2352.4331174062418,18243.950493510965,14376.295965931562,2.877319430739933e-05,0.005220671539618735,1169.5074970815867,1232.5021531620532
661,17,4381.3984375,3170.628608,1170.3544921875,68.8443832397461,153.12428283691406,1096.12158203125,0.0001882579963421449,0.0,12115.22265625,0,1,0,0,0,21,0,0,0,1,0,5682.26643384986,32176.248754530512,25205.269140970693,0.0005366066450846474,0.006818806601462404,1136.0376599580786,2798.54782080733
662,18,4612.9736328125,2515.836416,388.8115234375,21.60064125061035,94.49700927734375,853.5426635742188,0.00013674725778400898,0.0,10093.3232421875,1,0,1,0,0,31,0,0,0,1,0,6038.435710738401,45688.619747403165,31168.05068691654,0.008735302428301867,0.0039692245786582155,,
663,16,4129.306640625,2441.200128,2075.9384765625,129.74615478515625,137.1090545654297,1119.141357421875,0.00019824215269181877,0.0,11327.21484375,1,0,1,0,0,25,0,0,0,1,0,5573.794365915379,50359.65237756771,41370.27823566806,0.001029839182846038,0.005286914320203034,235.0814060970456,1669.2595273888628
664,21,5386.71337890625,2906.27584,1195.0908203125,56.909088134765625,52.45717239379883,318.623291015625,7.640964031452313e-05,0.0,4519.63037109375,0,1,0,0,0,41,0,0,0,1,0,2284.534148901873,21892.10286873859,15652.134411650013,0.00036947329865335415,0.002365349182918291,370.1484779993889,2373.495583178937
665,16,4120.6201171875,2754.344448,2087.7333984375,130.48333740234375,251.8060760498047,1645.1119384765625,0.0002947027387563139,0.0,15661.498046875,0,1,0,0,0,23,0,0,0,1,0,8772.980233461425,47433.11720074208,34569.740867138345,0.000621721134614811,0.003546556080799637,1355.5291143640234,642.1210891165165
666,17,4407.37841796875,2539.749888,1149.4189453125,67.61287689208984,116.42794799804688,825.8712768554688,0.00014474958879873157,0.0,9137.181640625,0,1,0,0,0,31,0,0,0,1,0,5004.993889325499,35342.355931654056,28229.047314871426,0.001753093823337706,0.018479660286522925,,
667,18,4718.42822265625,2726.759424,335.384765625,18.63248634338379,61.88188171386719,477.8268127441406,7.422939961543307e-05,0.0,5863.1904296875,0,1,0,0,0,34,0,0,0,1,0,2747.632000849691,13092.594769903171,12338.415499901155,8.209804060927556e-06,0.0038322397080390314,,
668,20,5222.7216796875,3034.014208,771.3447265625,38.567237854003906,61.552162170410156,445.79010009765625,0.00011698602611431852,0.0,5524.78564453125,0,1,0,0,0,38,0,0,0,1,0,2936.9951310093247,21322.84161198045,15418.134258563481,0.0004070278843648356,0.000979336283472864,680.1993807742738,3083.610285152644
669,23,6021.337890625,3526.4512,1957.107421875,85.09162902832031,31.08148765563965,334.001953125,5.915238580200821e-05,0.0,5233.65234375,0,1,0,0,0,37,0,0,0,1,0,2351.4361684288338,14580.5494235927,9483.643219482667,0.0005788705707318945,0.01207358204704061,279.72152589186317,2532.338962305309
670,23,6013.814453125,3883.185664,1765.5771484375,76.76422882080078,34.56967544555664,233.9424285888672,4.0005343180382624e-05,0.0,3488.54833984375,0,1,0,0,0,37,0,0,0,1,0,1652.8658135742764,24530.834587152072,7540.4517096690415,0.0004990758683398166,0.002763352159019121,365.2380437855088,2441.546873346262
671,23,5959.626953125,4003.040768,1958.05078125,85.13264465332031,40.49054718017578,327.8699035644531,7.666963938390836e-05,0.0,4952.990234375,0,1,0,0,0,43,0,0,0,1,0,2759.0156373118334,31233.741163709914,16852.004547869954,0.0006481309039583338,0.004964898692403529,953.9188646029252,1478.9188859668093
672,18,4688.69189453125,3290.701824,322.546875,17.91927146911621,40.155433654785156,495.30889892578125,0.00010432151611894369,0.0,5179.0947265625,0,1,0,0,0,35,0,0,0,1,0,1917.2901830170965,18901.3431944898,11428.001499455742,0.006548825025363683,0.0008176653385313509,813.7277868968458,1655.7513334887062
673,19,4938.8623046875,2889.243136,247.521484375,13.027446746826172,89.77826690673828,478.6260986328125,0.00011331484711263329,0.0,6109.26708984375,0,1,0,0,0,35,0,0,0,1,0,3593.1830581423733,26504.147772502656,19764.59310398784,0.007137682623162292,0.025007112765282637,,
674,16,4176.748046875,2653.256704,1894.62890625,118.414306640625,99.41459655761719,813.20361328125,0.00011436441855039448,0.0,9167.224609375,0,1,0,0,0,27,0,0,0,1,0,4521.11917003625,29842.192430377076,25922.965455695045,0.0022223697631615635,0.0003323654470823896,1309.321165668896,3478.081018085427
675,15,3945.57666015625,2267.641344,2919.5869140625,194.63914489746094,220.99830627441406,1412.76171875,0.0002485095174051821,0.0,13125.8291015625,0,1,0,0,0,24,0,0,0,1,0,5501.314604824209,47867.74750635352,27904.427896926165,0.0060278258522574735,0.004446483238735201,,
676,16,4209.49365234375,2192.791552,1714.7568359375,107.17230224609375,90.47835540771484,1091.7445068359375,0.00021544993796851486,0.0,11120.236328125,0,1,0,0,0,32,0,0,0,1,0,3809.2579266254156,23288.58687861521,22244.873006060294,0.00019013545545568805,0.00010851672143611865,71.19691349727464,2379.3411792457036
677,16,4199.75244140625,2314.551808,1888.9736328125,118.06085205078125,123.35195922851562,937.0335083007812,0.00019875251746270806,0.0,10865.361328125,0,1,0,0,0,26,0,0,0,1,0,5223.368213939024,57909.31572444539,30626.750962098016,0.002041044980187711,0.012895151321933085,1051.043452116694,2821.9468110179478
678,18,4718.109375,2467.400192,404.3369140625,22.46316146850586,95.17670440673828,817.802978515625,0.00013613153714686632,0.0,11277.259765625,0,1,0,0,0,25,0,0,0,1,0,6216.133545720193,41477.242979057715,28491.978401647033,9.664919695342652e-05,0.005847565170469665,1004.834380919792,992.5872762555675
679,17,4459.72900390625,2592.339968,1171.013671875,68.8831558227539,114.77545928955078,838.0418090820312,0.0002028377930400893,0.0,8932.44140625,0,1,0,0,0,29,0,0,0,1,0,5003.019521379052,30787.24521097527,30676.316351801506,0.005887063372773057,0.011770582136646168,,
680,16,4201.19921875,2479.16288,2055.0341796875,128.43963623046875,206.9747314453125,1310.2020263671875,0.0002573480305727571,0.0,14017.5224609375,0,1,0,0,0,22,0,0,0,1,0,6333.554813858156,35338.452531635485,25127.6145826296,0.003094685405701611,0.0033848197422423273,1686.0622971662715,3575.6195202288745
681,19,4970.255859375,2759.268352,247.220703125,13.011615753173828,80.96566772460938,826.3798217773438,9.243918611900881e-05,0.0,9359.8759765625,0,1,0,0,0,34,0,0,0,1,0,6460.921547442727,196673.3048025326,18367.20436368918,0.000981069843878718,0.0018065209358730933,781.7236357744173,3098.1405589789847
682,20,5249.26904296875,3232.200192,620.6416015625,31.032079696655273,43.46901321411133,381.7013244628906,5.450066601042636e-05,0.0,4876.63427734375,0,1,0,0,0,37,0,0,0,1,0,2348.627036164416,15146.344401707831,10074.020738879453,0.003071851093748138,0.00572422613294131,,
683,19,5045.0146484375,3142.871552,196.3544921875,10.334446907043457,38.03815460205078,259.8361511230469,4.569662633002736e-05,0.0,3322.881103515625,0,1,0,0,0,34,0,0,0,1,0,1648.804583053659,12405.388394122654,8392.05286269117,0.003734240137205025,0.0006781823970888473,1695.0061738003878,660.2826519679061
684,21,5491.0166015625,3279.085568,1294.3525390625,61.63583755493164,68.42687225341797,441.89056396484375,7.027050742181018e-05,0.0,5930.4140625,0,1,0,0,0,35,0,0,0,1,0,3245.60456463591,21017.033490909416,14463.211173297226,0.001753535760773653,0.0009223805972143825,,
685,18,4704.39892578125,2937.397248,354.40625,19.68923568725586,93.52690887451172,805.6143798828125,0.00010892435966525227,0.0,9483.384765625,0,1,0,0,0,35,0,0,0,1,0,4811.895238324029,36431.33695414106,26812.79028723827,0.001682156743229822,0.0018352205183996342,308.5231686314396,2779.0140514737413
686,17,4433.93505859375,2566.314496,1031.140625,60.655330657958984,103.73080444335938,635.8694458007812,0.00013814079284202307,0.0,6858.97998046875,0,1,0,0,0,26,0,0,0,1,0,2980.318959832354,22502.85973110231,20648.798119022173,0.0035732816536371594,0.00628883451568946,,
687,18,4679.98193359375,2756.057088,347.1103515625,19.28390884399414,45.82636642456055,484.16961669921875,7.947968697408214e-05,0.0,5596.6474609375,0,1,0,0,0,29,0,0,0,1,0,2347.1961195135677,12905.409571357844,12203.503667446914,0.001561038524055161,0.009157787257964956,22.9255228292609,2088.299804114693
688,19,4964.89013671875,2891.718144,247.67578125,13.035567283630371,65.96192169189453,593.0253295898438,9.34119671001099e-05,0.0,7376.95166015625,0,1,0,0,0,37,0,0,0,1,0,4588.8452163479315,36053.07635469992,31176.469373581316,0.0018986244145872272,0.0036037384394471336,,
689,23,6020.90869140625,3354.5856,2144.19140625,93.22571563720703,59.111595153808594,312.8232421875,6.942889740457758e-05,0.0,4701.6669921875,0,1,0,0,0,39,0,0,0,1,0,2702.275043867913,14629.301177901147,13777.629104902662,0.0013849451572035473,0.02171686371343396,330.6286648304699,2650.491333023841
690,19,4975.21533203125,3308.763136,240.1123046875,12.637490272521973,43.880828857421875,329.7640380859375,8.355762111023068e-05,0.0,3791.2734375,0,1,0,0,0,31,0,0,0,1,0,1769.5335709372641,8772.411114573571,8629.958375623874,0.0024412318000537545,0.004704438251914541,,
691,17,4444.783203125,2674.548224,1067.099609375,62.770565032958984,87.49162292480469,823.9349365234375,0.00012871960643678904,0.0,9819.185546875,0,1,0,0,0,29,0,0,0,1,0,5049.617602525937,33632.52542116611,31913.685507112405,0.000910594689936834,0.006963596383882532,682.2294492815809,3058.988817636331
692,23,5999.1962890625,3293.340672,2151.8896484375,93.5604248046875,70.06159210205078,327.6362609863281,5.91457610426005e-05,0.0,5063.92236328125,0,1,0,0,0,43,0,0,0,1,0,2766.6717706960785,18748.49433047883,17293.34632150612,0.002085975491557472,0.0006675122199733541,712.8109958323193,1704.5706082273955
693,15,3898.9169921875,2921.577472,2661.337890625,177.4225311279297,112.39704132080078,872.4612426757812,0.000139005045639351,0.0,9794.6748046875,0,1,0,0,0,20,0,0,0,1,0,4262.730551890415,28276.956651535926,26289.039896694965,0.0012316034676660426,0.0012488515284569124,825.9304164845526,2536.0255121481273
694,17,4355.70751953125,2349.81888,1125.82421875,66.2249526977539,165.94757080078125,1114.182373046875,0.00017366533575113863,0.0,12479.4599609375,0,1,0,0,0,34,0,0,0,1,0,6763.727293728845,41277.016862334465,40084.72496416346,0.0012328830922050116,0.00013276715576278353,1392.6348667831276,1138.5542233487781
695,16,4152.22119140625,2428.383744,1924.2451171875,120.26531982421875,112.0401611328125,1895.43017578125,0.0002533826627768576,0.0,18040.375,0,1,0,0,0,31,0,0,0,1,0,6027.346070289614,38602.31645008489,31646.42472877124,0.0015996953854684678,0.001666392724483448,,
696,22,5728.20458984375,2899.99872,1659.697265625,75.44078826904297,38.224830627441406,387.9239501953125,6.620533531531692e-05,0.0,5952.65966796875,0,1,0,0,0,43,0,0,0,1,0,3082.427298847688,27020.612185205104,16277.20121720428,0.0007212552496799474,0.0004045927710612518,940.2710107789644,3416.042830898668
697,23,6001.0234375,3530.192896,1962.5478515625,85.32817077636719,41.506717681884766,282.5591735839844,5.055260771769099e-05,0.0,4216.28369140625,0,1,0,0,0,46,0,0,0,1,0,2081.6383853669518,10639.775387529642,7420.547588086002,0.006346458491997119,0.003199752217654485,396.07674219202545,2054.7852766515853
698,19,4958.30126953125,3262.6944,225.3759765625,11.861893653869629,83.70194244384766,661.7173461914062,0.000147792772622779,0.0,8451.1748046875,0,1,0,0,0,35,0,0,0,1,0,4288.079269565531,30030.121481067315,26098.0572152994,0.0022438409104616596,0.0008670650515124681,,
699,21,5449.29638671875,3185.809408,1306.1064453125,62.1955451965332,45.500099182128906,392.10589599609375,5.984739982523024e-05,0.0,5210.5322265625,0,1,0,0,0,39,0,0,0,1,0,2570.3237511810967,17031.412232185765,11685.709234300344,0.0014493996503566475,0.003346294948719686,1032.6895652536077,1334.7874298345973
700,20,5199.5537109375,3345.712128,765.7763671875,38.288818359375,49.41287612915039,332.1024475097656,6.935469718882814e-05,0.0,4170.21630859375,0,1,0,0,0,36,0,0,0,1,0,2135.410743355271,15938.531450997503,13637.912043739987,0.0011365773256706777,0.006943677074851606,,
701,21,5453.16455078125,3495.652864,1314.4619140625,62.59342575073242,100.4837417602539,512.6287231445312,9.523572225589305e-05,0.0,7587.77392578125,0,1,0,0,0,45,0,0,0,1,0,3394.6755897917556,23402.435615246253,20316.396258162644,0.0029882249557952496,0.00880059954501745,,
702,18,4697.93310546875,3154.37568,401.4013671875,22.30007553100586,96.87647247314453,736.0934448242188,0.0001374972052872181,0.0,8437.1064453125,0,1,0,0,0,27,0,0,0,1,0,4186.905050056782,16370.01952578393,16155.243693719556,0.00049131652465631,0.0009016325481029722,,
703,17,4440.26708984375,2652.845568,1067.0859375,62.76976013183594,108.67340850830078,620.19580078125,0.00012971993419341743,0.0,6956.09716796875,0,1,0,0,0,24,0,0,0,1,0,2931.4192310900394,19671.309539464204,19073.098419856455,0.0022712355427293995,0.0013648535319776486,597.8192891969209,1278.103026763147
704,17,4431.16845703125,2542.690816,993.4755859375,58.43973922729492,88.71778869628906,767.9650268554688,0.00012447846529539675,0.0,8384.4765625,0,1,0,0,0,30,0,0,0,1,0,4548.7518452094355,25094.956402874497,23554.493499659086,5.17078381963975e-05,0.0024923579015565522,648.3071231859376,1588.3506390454654
705,19,4956.50927734375,2838.756352,244.767578125,12.8825044631958,75.21056365966797,503.3407897949219,0.00010523735545575619,0.0,6380.87109375,0,1,0,0,0,35,0,0,0,1,0,3543.6623648087284,26364.89793125564,21142.50319620631,0.0019401644279295922,0.0014087977194408678,,
706,17,4466.8623046875,2740.901888,1141.099609375,67.12350463867188,153.25473022460938,956.9083862304688,0.0001468279806431383,0.0,11531.1328125,0,1,0,0,0,26,0,0,0,1,0,5969.522804192755,28106.637728756526,23486.73692654708,0.004970470117066743,0.0028436145436984226,,
707,21,5480.392578125,3137.277952,1296.96484375,61.760231018066406,47.58766174316406,438.0679016113281,6.857781409053132e-05,0.0,5952.3037109375,0,1,0,0,0,36,0,0,0,1,0,3488.80312169889,19482.2294128815,19336.310885062685,0.000694145292126136,0.0049709317665705965,249.35501526966846,2030.1416874010815
708,22,5735.48095703125,3571.808256,1827.2666015625,83.05757904052734,88.19935607910156,696.8134155273438,0.000111469576950185,0.0,9781.998046875,1,0,1,0,0,46,0,0,0,1,0,4973.76677949545,56411.87245191898,26977.641609562288,0.014400404392640336,0.004662333597600821,1846.3763591232957,1236.66621541795
709,17,4441.0029296875,2963.156992,1061.5654296875,62.44502639770508,107.46859741210938,1039.7412109375,0.00016050208068918437,0.0,11610.7734375,0,1,0,0,0,31,0,0,0,1,0,4447.23904629794,25158.521392289233,22005.332351088287,0.0035879258090889127,0.003476685934045886,1023.6553743592813,3305.893660029066
710,17,4434.71142578125,2556.50304,1056.6796875,62.15762710571289,84.11003112792969,902.819091796875,0.00019031352712772787,0.0,9440.2919921875,0,1,0,0,0,29,0,0,0,1,0,4822.150589344428,23624.492414121374,22953.392679494915,0.006289142499693694,0.003983957672347341,,
711,17,4427.8486328125,2561.916928,1047.021484375,61.589500427246094,76.50962829589844,690.5806274414062,9.109390521189198e-05,0.0,7513.62451171875,0,1,0,0,0,36,0,0,0,1,0,3272.963908566913,35270.66810751493,21768.789827364355,0.00010175999793758661,0.0023151288206062215,,
712,19,4963.927734375,2841.5232,266.4990234375,14.026264190673828,48.684181213378906,503.57830810546875,9.563431376591325e-05,0.0,6047.37158203125,0,1,0,0,0,31,0,0,0,1,0,2852.441611792289,14120.257031510266,13898.375393552093,0.0012916527669789707,0.0006661244479158751,1418.7186707662113,3530.8709987363613
713,21,5461.45556640625,3370.738688,1296.1455078125,61.721214294433594,51.15306854248047,428.287109375,6.624771776841953e-05,0.0,5838.3193359375,0,1,0,0,0,44,0,0,0,1,0,3103.9141527095057,18009.78257195599,14887.869858539612,0.0028440617476386525,0.006189992723240591,,
714,17,4416.04638671875,2935.427584,1145.0810546875,67.35771179199219,95.66201782226562,1028.2554931640625,0.00019962432270403951,0.0,13384.5107421875,0,1,0,0,0,31,0,0,0,1,0,5321.846735730841,27773.616304400315,27402.22897606107,0.002801002894614532,0.0009783518209651315,,
715,17,4426.36328125,2574.624256,1043.78515625,61.39912796020508,95.3363265991211,577.4603881835938,0.00010823387856362388,0.0,6578.07568359375,0,1,0,0,0,27,0,0,0,1,0,3015.965759582922,27805.7389273062,19441.298589856935,0.0011312225919970775,0.012674862239618188,,
716,21,5447.37255859375,3147.604992,1266.943359375,60.33063888549805,63.20608901977539,437.2684631347656,8.643881301395595e-05,0.0,5799.72607421875,0,1,0,0,0,37,0,0,0,1,0,2891.290225232557,21000.55385669116,16142.842211148964,0.0005431657721074457,0.006206297390799892,,
717,16,4155.39892578125,2860.169728,1907.978515625,119.2486572265625,90.67158508300781,1186.7808837890625,0.0001768389338394627,0.0,13152.638671875,0,1,0,0,0,20,0,0,0,1,0,7210.677631370499,40547.159014415156,38868.21982169682,0.0037220443655157226,0.00726015182976783,1573.5947348642837,3161.13355165253
718,15,3914.596435546875,2238.100992,2567.318359375,171.15457153320312,119.93810272216797,1244.59130859375,0.00019855490245390683,0.0,13143.7470703125,0,1,0,0,0,25,0,0,0,1,0,6954.973636354881,53248.86648942224,38079.80311518341,0.001811146090186351,0.004057768370487019,2384.8696847142282,49.988270192663435
719,17,4423.1669921875,2272.24064,1165.9091796875,68.58289337158203,149.7462921142578,1204.08154296875,0.00017077648954000324,0.0,13087.802734375,0,1,0,0,0,32,0,0,0,1,0,6863.843027716615,46973.41443490743,37466.613360650896,0.0018049481087784314,0.0028116442888422577,,
720,19,4934.72412109375,2678.369792,239.787109375,12.62037467956543,100.75650787353516,763.8654174804688,0.00013341008161660284,0.0,9209.9072265625,0,1,0,0,0,34,0,0,0,1,0,4747.331471028993,30662.126669584042,21712.73915761504,0.0006587706302383887,0.0004370175557335994,94.72109299919066,2333.3145316766086
721,18,4678.58154296875,2836.28032,391.13671875,21.72981834411621,104.10399627685547,723.1853637695312,0.00010585621203063056,0.0,9273.197265625,0,1,0,0,0,33,0,0,0,1,0,5006.687251792609,30753.585473157924,30001.681230942453,0.008031363128885402,0.00028177115953940957,416.28385298368494,2828.194904280186
722,23,5911.2958984375,3371.403776,2154.5537109375,93.6762466430664,45.63177490234375,360.6809997558594,5.7027977163670585e-05,0.0,5655.13232421875,0,1,0,0,0,49,0,0,0,1,0,3090.8791246329533,18431.866218672018,14646.397384653832,0.0011574293164830392,0.0005162401524019464,,
723,16,4070.48681640625,2995.366912,1882.01171875,117.625732421875,106.03750610351562,1031.913818359375,0.00014339483459480107,0.0,10965.1669921875,0,1,0,0,0,28,0,0,0,1,0,5252.020518889423,36045.33141408697,24626.262244438552,0.001149023022820203,0.002323702931440186,665.0115921178694,2936.8311606763014
724,18,4643.9462890625,2641.1648,329.3818359375,18.29899024963379,96.29576110839844,787.3262939453125,0.00014472799375653267,0.0,8415.8974609375,0,1,0,0,0,29,0,0,0,1,0,5839.00815611535,145641.823074774,31063.29287751939,5.923161239500263e-05,0.0036390547389240357,1301.2691553501488,825.112434474586
725,21,5468.16748046875,3161.025536,1379.908203125,65.70991516113281,72.53245544433594,569.8104248046875,8.46811308292672e-05,0.0,8044.51708984375,0,1,0,0,0,41,0,0,0,1,0,4309.417615959189,27366.73346948948,24561.20804723238,0.0014134734073681793,0.002485951660676878,428.70232991549983,1998.7310462412975
726,16,4186.29443359375,2753.832448,2087.0224609375,130.43890380859375,184.12081909179688,1416.7066650390625,0.00025407722569070756,0.0,15212.740234375,0,1,0,0,0,22,0,0,0,1,0,7551.631060836223,47208.80412574793,28443.310574926993,0.003086163067525548,0.0044357543905791,,
727,17,4403.80517578125,2331.168256,1037.51953125,61.03055953979492,53.04804992675781,897.1292724609375,0.0001353742991341278,0.0,10666.8056640625,0,1,0,0,0,29,0,0,0,1,0,5260.141439400198,37991.98723085122,33676.76812000525,0.0006868999549981027,0.0007616866525805149,,
728,21,5438.15283203125,2999.353856,1196.6318359375,56.98246765136719,45.77702713012695,316.3687438964844,5.5395837989635766e-05,0.0,4326.95654296875,0,1,0,0,0,37,0,0,0,1,0,2009.910523021395,13762.156835361562,7297.207945237553,0.00027770790382359266,0.0034836663091471626,,
729,13,3395.789794921875,2522.544128,4338.4814453125,333.7293395996094,216.16787719726562,1690.6416015625,0.0003219769860152155,0.0,17174.447265625,0,1,0,0,0,19,0,0,0,1,0,10057.356328115542,66943.88207312174,38270.93849588551,0.0007892611105836367,0.0029272583807537222,215.32671481307852,1851.7825553063535
730,16,4157.3662109375,2098.688512,1875.19140625,117.199462890625,151.58209228515625,1293.58642578125,0.00024345786368940026,0.0,14279.28125,0,1,0,0,0,24,0,0,0,1,0,6816.385370182223,36944.90950923576,36275.002119264616,0.002006386937176273,0.001362758579357892,862.4303307887451,1307.9333660592504
731,14,3664.310546875,2080.022016,3550.0556640625,253.57540893554688,173.02725219726562,1884.337646484375,0.0002631453098729253,0.0,18053.0234375,0,1,0,0,0,17,0,0,0,1,0,11127.606545211087,46115.0687637383,32165.079220149295,0.0026934365532528346,0.004337281533859982,757.6722030675651,2494.9515007143573
732,22,5720.1962890625,2772.826624,1236.72314453125,56.214691162109375,21.673736572265625,187.5688934326172,2.922884959843941e-05,0.0,2699.52294921875,0,1,0,0,0,47,0,0,0,1,0,1289.070366183419,7120.400079772078,6500.448293067917,0.002788710138234625,0.0016808625321437926,,
733,20,5203.69140625,3384.510464,763.8212890625,38.19106674194336,43.25385665893555,315.6908264160156,5.4870761232450604e-05,0.0,4012.435546875,0,1,0,0,0,36,0,0,0,1,0,1948.8716891344666,12295.724088165718,11644.245684843487,0.006971530475868824,0.007264874684408687,,
734,22,5719.4716796875,3587.681792,1520.5048828125,69.11386108398438,33.92327880859375,277.2399597167969,5.1527702453313395e-05,0.0,3860.18994140625,0,1,0,0,0,44,0,0,0,1,0,1775.6722917268567,15935.943858995488,13133.517057640303,0.0010348590557154452,0.0024203715972985484,,
735,21,5444.998046875,3523.606528,1394.3251953125,66.39643859863281,95.46033477783203,493.99755859375,0.00011118571273982525,0.0,6846.857421875,0,1,0,0,0,39,0,0,0,1,0,3991.2416799859125,29962.72656979788,21013.47802528591,0.0013687407736685114,0.00036903013086047806,,
736,16,4173.11865234375,2777.60256,1659.416015625,103.7135009765625,98.44039916992188,878.4935913085938,0.0001718657586025074,0.0,9088.0048828125,0,1,0,0,0,24,0,0,0,1,0,4794.516310798177,35714.71274120175,24489.236976790176,0.0020436726778087708,0.003955489155564609,995.0244478156856,3069.7590481984157
737,21,5447.07373046875,2794.225152,1176.484375,56.023067474365234,66.03951263427734,404.5771179199219,8.869000157574192e-05,0.0,5535.89599609375,0,1,0,0,0,35,0,0,0,1,0,2685.9420996428,23247.859617242488,18622.36009157136,0.006297242118996729,0.0001134721200343608,303.64507757790625,2692.2640422186355
738,17,4554.05712890625,2756.859392,1186.544921875,69.79676055908203,150.60784912109375,1099.2071533203125,0.00018907748744823039,0.0,14044.9326171875,0,1,0,0,0,26,0,0,0,1,0,7248.3149169050375,45897.534025120316,34426.049561051805,0.004274308797469054,0.00025756316258662704,1209.845544565843,898.4348651384109
739,17,4425.76708984375,2527.117824,929.212890625,54.65958023071289,58.61627197265625,549.1109008789062,0.00013175600906834006,0.0,5827.60400390625,0,1,0,0,0,31,0,0,0,1,0,2377.0103470860736,20910.22128470066,20853.8054858702,0.00029500221884026095,0.00017451943735279085,30.134696158743736,2026.9338171919471
740,20,5195.33740234375,2891.428352,833.4072265625,41.67036056518555,60.57381057739258,613.531005859375,9.558874444337562e-05,0.0,8093.443359375,0,1,0,0,0,33,0,0,0,1,0,4359.122132054036,27208.48336860892,25962.57480038938,0.00042335600115923043,0.0003205013418648081,,
741,19,4945.2421875,3033.709568,192.5615234375,10.134817123413086,51.9006462097168,440.43829345703125,6.612178549403325e-05,0.0,5587.458984375,0,1,0,0,0,33,0,0,0,1,0,3059.1474875871872,18218.798676033566,16932.741213429697,0.00020300836597188232,0.0017721772074427433,303.7760455476223,2495.978616089932
742,18,4677.85546875,2830.057984,404.4521484375,22.46956443786621,84.73631286621094,773.581298828125,0.00012437012628652155,0.0,9397.412109375,0,1,0,0,0,37,0,0,0,1,0,4595.829887309923,24947.894136389863,24640.01164783772,0.005573113530734038,0.003438694438320962,1056.7884227172563,3549.144436367334
743,19,4933.09228515625,2849.4336,221.4111328125,11.653217315673828,124.47911834716797,897.3153686523438,0.0001350640959572047,0.0,11855.263671875,0,1,0,0,0,36,0,0,0,1,0,6155.417450437925,36378.788493649554,35691.197749059254,0.0012021074082209492,0.0014968970512657942,,
744,18,4686.84521484375,2907.124224,390.2177734375,21.67876625061035,83.97700500488281,781.8001708984375,0.00010986762936227024,0.0,9721.9619140625,0,1,0,0,0,37,0,0,0,1,0,4391.0877869612095,31562.45653669809,21806.323187632803,0.0014048676130469385,0.0018198502462914226,,
745,17,4428.64208984375,2690.404864,1117.091796875,65.7112808227539,126.49253845214844,1038.7230224609375,0.0001716200349619612,0.0,13196.07421875,0,1,0,0,0,31,0,0,0,1,0,6537.212900732968,36916.45819005272,35819.56226318989,1.4138031902831416e-05,0.002331365877884333,995.049892566323,1454.6948560862263
746,21,5458.861328125,2975.558656,1172.9765625,55.85602951049805,41.75403594970703,404.5729064941406,6.267546268645674e-05,0.0,5468.40087890625,0,1,0,0,0,36,0,0,0,1,0,2675.4518525831886,24228.20460769358,17887.18584162854,0.001606556492942307,0.00035609607856732645,730.0790370902015,1463.703523583713
747,19,4944.4814453125,3201.380864,263.912109375,13.890110969543457,44.308799743652344,428.7886962890625,7.531299343099818e-05,0.0,5374.24609375,0,1,0,0,0,37,0,0,0,1,0,2732.1724513164168,17659.028585778873,15467.916730975257,0.0037273694037313863,0.0029203763348238793,936.6425633336776,1488.1086814689447
748,16,4166.9892578125,2699.939328,1884.8466796875,117.80291748046875,109.59649658203125,838.5582885742188,0.00013239050167612731,0.0,7970.5380859375,0,1,0,0,0,23,0,0,0,1,0,4554.268010270073,30392.167191199118,23351.880480980264,7.094416125991154e-05,0.0017341519922212528,661.099792425649,1120.972977408695
749,22,5725.27392578125,3184.382464,1686.9921875,76.68146514892578,31.660512924194336,310.6175231933594,4.9855672841658816e-05,0.0,4585.69921875,0,1,0,0,0,43,0,0,0,1,0,2520.1558073426368,15703.512267650447,13641.713523250413,0.0047606859888607855,0.00033594359342284906,202.20028732910941,2633.0312234914863
750,20,5334.01904296875,3512.487936,770.4609375,38.523048400878906,54.87971878051758,450.9079895019531,9.24656487768516e-05,0.0,5993.5361328125,0,1,0,0,0,38,0,0,0,1,0,3469.071467849428,22987.6535331958,22770.205408336657,0.0036874758391887974,0.0002910527428094528,,
751,13,3404.83056640625,2428.012032,4481.3232421875,344.7171936035156,169.43309020996094,2199.42529296875,0.0004013869329355657,0.0,16799.703125,0,1,0,0,0,20,0,0,0,1,0,7659.202263157811,84939.16263669479,40936.68350733706,0.004462551687754217,0.005732706120305971,200.75195582996184,1750.205008362237
752,19,4834.7666015625,2514.180096,244.3984375,12.863076210021973,53.14374542236328,370.6409606933594,8.326052920892835e-05,0.0,4770.11962890625,0,1,0,0,0,39,0,0,0,1,0,2176.830517439377,14454.719008194157,13608.963519283312,0.00016510079958151347,0.004911109981790389,73.47548808199508,2367.800869196364
753,19,4859.2734375,3043.4944,245.1083984375,12.900442123413086,61.192630767822266,587.6528930664062,8.591203368268907e-05,0.0,7447.291015625,0,1,0,0,0,32,0,0,0,1,0,3646.1885402600183,23406.04999987325,20166.522686843633,0.004597165113771357,0.0006154062293305881,18.342628300463275,2193.0770765129005
754,21,5450.3310546875,3252.015616,1180.93359375,56.23493576049805,40.76126480102539,244.68243408203125,4.261958383722231e-05,0.0,3366.072998046875,0,1,0,0,0,36,0,0,0,1,0,1720.458963630743,15932.193526083218,10205.534651241625,0.004977765218055347,0.007980046204326657,608.7563228071726,1610.3348397939703
755,19,4943.7783203125,3287.528448,248.2353515625,13.065018653869629,158.1084747314453,711.7940063476562,0.0001263527519768104,0.0,8650.318359375,0,1,0,0,0,35,0,0,0,1,0,4383.630494359804,27778.384468531687,17771.879717633787,0.006083137608805481,0.0019499174848397888,983.3116163982479,1290.256371645413
756,18,4662.31640625,3001.536,409.701171875,22.76117706298828,109.54839324951172,665.6151123046875,0.00014996282698120922,0.0,7907.95703125,0,1,0,0,0,26,0,0,0,1,0,4330.207243405218,25962.930668886733,24046.931005581326,0.004852143443193988,0.0012453242135409062,965.7622966357951,953.1635850645009
757,23,5959.31201171875,3332.626432,1963.205078125,85.35674285888672,35.18562698364258,247.35702514648438,4.732815796160139e-05,0.0,3590.6259765625,0,1,0,0,0,43,0,0,0,1,0,1750.2716563412007,22139.95198434074,6978.8584701250475,0.000417553674369818,0.0025429655392669726,732.1069710175184,3087.4135907500654
758,19,4943.44921875,3370.448384,290.9365234375,15.312448501586914,106.85104370117188,645.9359741210938,0.00016280205454677343,0.0,7535.66455078125,0,1,0,0,0,31,0,0,0,1,0,3849.0201463876456,36978.36395495479,22957.34368606336,0.025012573477953416,0.00654525419368758,1025.5332227219928,3261.9078949440345
759,19,4940.03857421875,3097.537024,248.072265625,13.056435585021973,62.10709762573242,497.92120361328125,6.0424910770962015e-05,0.0,6571.5693359375,0,1,0,0,0,38,0,0,0,1,0,2867.4928957210273,17275.926866304868,15718.329244437167,0.001622613208070972,0.0014172967353881828,1022.6907050034149,1403.311064707895
760,19,4934.04638671875,3079.855616,248.43359375,13.07545280456543,67.86514282226562,556.9932861328125,0.00011398073547752574,0.0,6818.1943359375,0,1,0,0,0,33,0,0,0,1,0,3727.1336968843157,28712.531181644248,22327.986704972973,0.0014418522191304711,0.010862266547958643,793.1644698338523,1475.5198551389867
761,18,4679.9599609375,2837.613568,362.7666015625,20.15369987487793,67.63557434082031,707.9143676757812,0.00010845593351405114,0.0,8376.318359375,0,1,0,0,0,34,0,0,0,1,0,3654.7333722229923,20250.147090213348,19818.58150279939,0.0017166845662657387,0.0005112453250506743,,
762,16,4154.39794921875,2476.103168,1717.697265625,107.3560791015625,81.45011901855469,1015.2908325195312,0.00015102766337804496,0.0,11338.453125,0,1,0,0,0,26,0,0,0,1,0,5475.95352224385,32108.409882605567,23390.360372665036,0.0008465166522533055,0.003280900590396138,,
763,23,5953.15380859375,3277.388288,1954.212890625,84.96578216552734,45.96601104736328,457.0472717285156,7.434160215780139e-05,0.0,6654.84765625,0,1,0,0,0,42,0,0,0,1,0,3662.328169686177,32057.872844755748,31262.768012633896,0.0002638564294727419,0.00048515488038745024,878.4048367336009,3282.2407745948485
764,16,4187.92822265625,2991.33696,1893.0791015625,118.31744384765625,120.2679443359375,985.9252319335938,0.00020057687652297318,0.0,10295.00390625,0,1,0,0,0,29,0,0,0,1,0,5352.2806478470375,38915.406362192116,32817.41355779106,0.00012497762324992917,0.002516170875052546,353.16512773428167,2718.88885801915
765,20,5189.1259765625,2630.72512,668.0341796875,33.401710510253906,32.92848587036133,435.77825927734375,7.348674989771098e-05,0.0,5876.06689453125,0,1,0,0,0,39,0,0,0,1,0,2729.7155641768736,16158.901827802292,15761.250225745034,0.0013036239812954393,0.0004488451314087413,220.13950474382818,2664.8601342292573
766,25,6497.7802734375,3495.425536,2614.54345703125,104.58173370361328,33.13750457763672,202.20445251464844,3.894536348525435e-05,0.0,3404.140380859375,0,1,0,0,0,48,0,0,0,1,0,1763.9303200893733,12258.76058717838,5601.512102684249,0.00040085341006823073,0.008597370087887198,855.3562025782127,1912.06539204029
767,19,4951.462890625,3408.827904,267.076171875,14.056640625,67.3635482788086,514.4855346679688,0.00012960030289832503,0.0,6040.8203125,0,1,0,0,0,27,0,0,0,1,0,3323.048080027034,23089.06176326647,13649.85429626635,0.0005816895266998155,0.0008032676369591069,1091.9901928772006,3024.1573518162277
768,23,5979.080078125,3520.467456,1967.193359375,85.5301513671875,21.59906768798828,207.2596893310547,3.929656304535456e-05,0.0,3025.928955078125,0,1,0,0,0,42,0,0,0,1,0,1523.818154344246,18375.550610872102,12040.638519008628,0.0011460716898491156,0.010477290070565443,93.22532475945081,2289.550440114259
769,19,4944.267578125,3180.0192,252.376953125,13.282998085021973,73.5642318725586,652.508056640625,0.00015009837807156146,0.0,8602.4560546875,0,1,0,0,0,37,0,0,0,1,0,4753.704141898276,30788.117747428405,25534.365735183932,0.0015274714695408531,0.0006254295977392715,226.0546880772447,2219.3546732363284
770,19,4940.818359375,2867.392,234.5654296875,12.345548629760742,91.42996978759766,632.8215942382812,0.0001222853607032448,0.0,7602.84228515625,0,1,0,0,0,34,0,0,0,1,0,4413.62582435949,26788.763043912342,25964.253043721576,0.001986074416828355,0.0022152380515013705,,
771,18,4676.96337890625,2913.5104,362.9921875,20.16623306274414,89.361328125,844.7391357421875,0.00014094790094532073,0.0,9889.111328125,0,1,0,0,0,39,0,0,0,1,0,4818.3242202060765,36610.500941697166,27975.66801788546,0.0001970442769552716,0.0003239120353216961,,2073.1052783737264
772,21,5453.3037109375,3168.737792,1184.8193359375,56.41996765136719,34.81763458251953,320.9963073730469,4.816277578356676e-05,0.0,4180.15185546875,0,1,0,0,0,37,0,0,0,1,0,1840.7625988039638,14144.465114330513,8682.183468550244,0.016756221812327485,0.0040584697957710344,1941.724740137648,361.83982152927285
773,16,4155.2236328125,2537.2928,1727.4716796875,107.96697998046875,151.32412719726562,1036.6937255859375,0.0002028175804298371,0.0,12859.771484375,0,1,0,0,0,30,0,0,0,1,0,5948.67990777541,47239.1560429738,35561.21568574898,0.0001897553648845668,0.00012424268631998359,1209.9215753292474,1641.8683094423077
774,20,5214.3359375,2634.155008,823.5595703125,41.177978515625,74.41278076171875,555.1748046875,9.676519403001294e-05,0.0,7832.66796875,1,0,1,0,0,32,0,0,0,1,0,4153.117072158561,19555.827633290835,17263.885195750485,0.006345936452080064,0.0001913401795637041,652.1212450501143,1530.3497388682408
775,21,5465.25927734375,3400.191488,1315.4775390625,62.641788482666016,62.157840728759766,389.5007629394531,7.988196011865512e-05,0.0,5578.7548828125,0,1,0,0,0,44,0,0,0,1,0,2912.363982132108,17996.116723813535,14594.886690362377,0.0004302995635687471,0.003267732292841982,,
776,21,5458.94921875,3584.956928,1298.0439453125,61.81161880493164,72.43133544921875,471.14678955078125,8.67749986355193e-05,0.0,5963.9951171875,0,1,0,0,0,32,0,0,0,1,0,3119.480382995611,15708.389588682505,14042.429173617345,0.0010638411325753806,0.0018178315604081216,,
777,20,5186.91845703125,3358.06464,799.8447265625,39.99223709106445,86.17723083496094,615.2173461914062,0.0001047041077981703,0.0,8271.48828125,0,1,0,0,0,33,0,0,0,1,0,4988.299048523071,28985.40893577995,25002.432713944916,0.0009626763569113017,0.004604291073518417,2156.368692412074,96.13593724493234
778,20,5181.06787109375,3203.45344,796.5126953125,39.82563400268555,90.87891387939453,592.5170288085938,0.0001114654223783873,0.0,7323.47607421875,0,1,0,0,0,32,0,0,0,1,0,4152.490865822496,26711.412948949714,19837.288952024304,0.01372962232876726,0.004894642473047613,980.0961248253811,3058.23439715328
779,18,4658.25439453125,3000.029696,336.609375,18.70052146911621,69.75770568847656,425.5741271972656,0.00010694249795051292,0.0,4874.84375,0,1,0,0,0,32,0,0,0,1,0,2631.5190040400134,23223.90861613085,18001.184992572067,2.3132644410416014e-05,0.0007082604297176274,1614.7281895196288,659.2794012626364
780,18,4560.19677734375,2818.306048,369.9599609375,20.55333137512207,76.65937042236328,775.1370849609375,0.00012167049862910062,0.0,8768.435546875,0,1,0,0,0,34,0,0,0,1,0,4888.213611075552,34652.19227800101,23545.692668781554,0.0005563358709797135,0.006035595196343439,,
781,19,4829.01123046875,2845.677056,259.8720703125,13.677477836608887,70.72347259521484,601.07080078125,0.00010127145651495084,0.0,6932.2197265625,0,1,0,0,0,35,0,0,0,1,0,3873.07759688063,29837.433818633515,23158.94608781268,0.006207492412112896,0.00027685976109945165,763.9095612873602,3147.3827714581003
782,19,4860.9609375,2916.855808,183.638671875,9.665193557739258,33.276519775390625,285.977783203125,4.7434241423616186e-05,0.0,4087.909912109375,0,1,0,0,0,37,0,0,0,1,0,2035.7932268679044,19339.167267546953,13050.14417213715,0.012247377266859712,0.003382350976848178,267.76220775438105,2169.24613231875
783,21,5389.5380859375,3331.006464,1181.0478515625,56.24037551879883,44.22566604614258,310.5924377441406,5.242221232037991e-05,0.0,4230.19482421875,0,1,0,0,0,38,0,0,0,1,0,2132.0014563606596,19844.94495981969,11280.340901106614,0.0008099255209049958,0.003905255664843635,1293.7783066233756,3557.020832863365
784,19,4876.50634765625,3319.159808,246.6806640625,12.983193397521973,49.83586120605469,362.00030517578125,7.424575596814975e-05,0.0,4690.5068359375,0,1,0,0,0,37,0,0,0,1,0,2651.8141868902267,19344.562624765134,12869.32657225808,0.0005219382322926291,0.0055193608966976615,158.47343788324315,2266.9896853949426
785,17,4366.28857421875,2802.564096,1016.3408203125,59.78475570678711,84.92298126220703,834.2528686523438,0.00019555303151719272,0.0,9166.806640625,0,1,0,0,0,28,0,0,0,1,0,4536.695593740763,28525.883128094287,24176.034566439546,0.004710785461659761,0.0022190210081950747,40.35408848368934,2277.5759793651423
786,18,4628.0361328125,2752.231936,331.01953125,18.38997459411621,71.99744415283203,404.3213806152344,7.514390017604455e-05,0.0,4880.1376953125,0,1,0,0,0,31,0,0,0,1,0,2256.594247049953,16702.31155233502,13867.097697789097,0.01745403292524164,0.003772714285416201,160.28045102292435,1898.002940797683
787,23,5886.4443359375,3594.460672,1957.158203125,85.09383392333984,29.925926208496094,285.70989990234375,6.509629020001739e-05,0.0,4206.9384765625,0,1,0,0,0,46,0,0,0,1,0,2040.5265138609768,18359.47647615777,12531.178112251833,0.00019655638475763945,0.001295146364408195,243.81895789679766,2189.8499450429517
788,16,4115.55908203125,3192.351232,1880.1162109375,117.50726318359375,127.24189758300781,874.8770751953125,0.00015027324843686074,0.0,9038.4189453125,0,1,0,0,0,28,0,0,0,1,0,4789.101477093825,34971.89855004424,33452.3545256247,0.0003599711713474438,0.0003182774696928875,,
789,16,4102.158203125,2386.633728,1845.783203125,115.3614501953125,93.56401824951172,804.0902709960938,0.0001360504684271291,0.0,9359.69140625,0,1,0,0,0,29,0,0,0,1,0,5326.194502113644,66345.55009232792,36182.09015839172,0.0017993953141316604,0.00033550869348952274,411.7072034118721,2137.063851373143
790,19,4880.55126953125,2777.414144,249.5078125,13.131990432739258,76.63980102539062,475.1213684082031,0.00011002639075741172,0.0,5549.19921875,0,1,0,0,0,35,0,0,0,1,0,2711.6465491323506,22098.86615065005,17447.920349116786,0.0017241435297006558,0.0036657753327002246,,
791,19,4881.91845703125,3106.5984,261.8173828125,13.779862403869629,56.64641571044922,426.9881286621094,6.935900455573574e-05,0.0,5200.65625,0,1,0,0,0,31,0,0,0,1,0,2371.550591720034,19007.540016770265,15981.962032513758,0.011459762652668293,0.005901806574885787,1441.0562358409052,3481.684438353686
792,22,5623.263671875,3410.366976,1668.779296875,75.85360717773438,46.068546295166016,274.2453918457031,5.436815263237804e-05,0.0,4120.16015625,1,0,1,0,0,40,0,0,0,1,0,2147.725777587533,13322.033941417378,11159.262421485317,0.0033968485652944233,0.01157274744709292,,
793,20,5177.3369140625,3454.92736,693.759765625,34.68798828125,27.409685134887695,280.89251708984375,4.783963231602684e-05,0.0,3676.64697265625,0,1,0,0,0,33,0,0,0,1,0,1763.342159925045,16168.123967528709,9523.01273180056,0.003418392790985542,0.000890512977389353,,
794,20,5185.9453125,3193.337856,839.263671875,41.96318435668945,84.03398895263672,543.0541381835938,0.00010081467917189002,0.0,6879.2119140625,0,1,0,0,0,36,0,0,0,1,0,3450.5264411919775,20154.984267957596,16543.218021598357,0.00039061014017793827,0.007577535180112404,1765.177007217113,1745.0312558793976
795,20,5190.83203125,3236.114944,768.8564453125,38.44282150268555,45.94694900512695,414.6759948730469,6.906557246111333e-05,0.0,5739.15087890625,0,1,0,0,0,38,0,0,0,1,0,3165.170707307993,20935.67899185185,19123.95566643301,0.0026891056245329677,0.005472313797904478,,
796,21,5478.05908203125,3413.807616,1287.263671875,61.29827117919922,42.61288833618164,306.4637145996094,7.346881466219202e-05,0.0,4413.083984375,0,1,0,0,0,37,0,0,0,1,0,2327.6729387418213,13609.592498269683,11200.889444835202,2.023562868943684e-05,0.0004964322059416507,363.66459151367553,2459.6993174288086
797,22,5737.09326171875,3665.73056,1396.6005859375,63.48184585571289,31.076595306396484,287.0477600097656,4.45049226982519e-05,0.0,4485.2763671875,0,1,0,0,0,44,0,0,0,1,0,2388.8625165586777,30426.4542416575,14890.758650720121,0.0005370055169144419,0.0034684730805586705,80.26866538468857,2352.593382992948
798,23,5999.7158203125,3863.763968,1740.2666015625,75.66376495361328,28.911746978759766,310.16790771484375,4.7873934818198904e-05,0.0,4695.5341796875,0,1,0,0,0,48,0,0,0,1,0,2322.20921155045,26584.594889077933,22475.419528379727,0.0015452479468310507,0.0022266329904593305,,2732.0567406336336
799,18,4693.3486328125,3270.24128,372.8251953125,20.71251106262207,103.60100555419922,716.83740234375,0.00016605257405899465,0.0,7785.46142578125,0,1,0,0,0,33,0,0,0,1,0,3845.6131635229235,20489.29938819019,20063.509155085125,0.002416631108544058,0.008039445810279797,292.65402525948593,2702.473124475183
800,16,4187.6708984375,2525.429248,1898.388671875,118.6492919921875,125.21533203125,915.6387939453125,0.00019205387798137963,0.0,9390.544921875,0,1,0,0,0,23,0,0,0,1,0,4738.414607380408,35693.867016139644,34575.08115102569,0.005533134190036995,0.00013513498874103552,1340.108511272711,3274.062260036526
801,17,4445.30078125,2497.444352,1119.546875,65.85569763183594,117.99383544921875,959.46728515625,0.00015829251788090914,0.0,10439.7568359375,0,1,0,0,0,25,0,0,0,1,0,5096.071287636902,32185.670130603045,18350.099930639914,0.0007769779533500915,0.003063207301732398,,
802,23,5997.76416015625,3434.074112,2157.892578125,93.82141876220703,62.858428955078125,398.5093994140625,0.00011615026596700773,0.0,5934.046875,0,1,0,0,0,47,0,0,0,1,0,3424.259085427159,25807.464208453384,18418.625761230833,0.0018763286035539013,0.002028910061464252,,
803,18,4713.37744140625,3395.355136,379.40234375,21.07790756225586,115.77562713623047,602.0845947265625,0.0001348448422504589,0.0,6756.60400390625,0,1,0,0,0,28,0,0,0,1,0,3703.4531948313706,28487.92414290528,19819.60855007428,0.01109641245870327,0.021430101836181943,,
804,22,5731.0146484375,3183.535616,1666.9658203125,75.77117919921875,67.96609497070312,443.4568176269531,7.021980854915455e-05,0.0,6179.5029296875,0,1,0,0,0,40,0,0,0,1,0,3433.4696616212077,22106.191865428766,18097.82873594866,0.002095909528010524,0.0010916118658075916,2199.289677688676,197.69189410692252
805,17,4455.33837890625,2970.354176,1144.05859375,67.29756164550781,150.27659606933594,1048.904052734375,0.00017838232452049851,0.0,11489.916015625,0,1,0,0,0,28,0,0,0,1,0,5928.923767750396,46520.41349222568,26539.265484104893,0.0028933535589553278,0.005675851065400642,,
806,17,4426.337890625,2611.897344,987.775390625,58.104434967041016,98.7393569946289,902.18310546875,0.00014864138211123645,0.0,9406.4970703125,0,1,0,0,0,24,0,0,0,1,0,5188.917233425659,26808.4530126731,21253.854858972678,0.0004339364181475125,0.0029000033439725015,,
807,17,4435.638671875,2458.191872,968.275390625,56.957374572753906,93.98477935791016,882.160400390625,0.000149678104207851,0.0,9102.6591796875,1,0,1,0,0,27,0,0,0,1,0,4624.339117782624,30146.722255838526,27013.250282081608,7.677772535472083e-05,0.0010746558387611863,1099.4319357899276,1550.307420769717
808,14,3677.324951171875,2041.079808,3692.556640625,263.7540588378906,120.51961517333984,1436.168701171875,0.00021278912026900798,0.0,14945.337890625,0,1,0,0,0,22,0,0,0,1,0,6752.912053175233,51238.95810022649,45038.62614291159,0.0001407889537317,0.003419534879358914,406.20563132359575,1651.015097765382
809,20,5219.6767578125,2493.326848,831.9873046875,41.599365234375,58.46026611328125,551.9943237304688,8.205093035940081e-05,0.0,6860.17724609375,0,1,0,0,0,41,0,0,0,1,0,3751.5187663907236,24211.93825706916,18051.783549229014,0.00047330975934709377,0.0005334655748382572,711.2364812830314,1782.4628679619755
810,18,4716.978515625,2730.044928,356.1240234375,19.78466796875,62.62602615356445,721.4568481445312,8.094321674434468e-05,0.0,9393.658203125,0,1,0,0,0,33,0,0,0,1,0,3936.6777295499583,23051.814052379475,21198.647451294943,0.00042475459517585246,0.0003943813059205728,324.891819064203,2738.0172248915715
811,15,3948.27978515625,2183.067648,2399.341796875,159.9561309814453,105.94264221191406,882.8856201171875,0.00019287297618575394,0.0,8336.1123046875,0,1,0,0,0,27,0,0,0,1,0,3567.0872193138707,27318.8012331123,24469.969132306207,0.0003881364371812338,0.004393335870209906,1017.6671917288122,3316.0679044855465
812,19,4985.9765625,2526.528,240.87109375,12.6774263381958,66.06680297851562,482.7052917480469,9.30855967453681e-05,0.0,5892.39404296875,0,1,0,0,0,35,0,0,0,1,0,3045.731004058327,23676.230061009814,18892.76477784947,0.0001688416788474742,0.004500933618992384,599.6806837112586,2947.171072619675
813,23,6016.55908203125,3549.737984,2167.7705078125,94.25089263916016,60.76639175415039,387.0787658691406,7.936291513033211e-05,0.0,5640.2666015625,0,1,0,0,0,42,0,0,0,1,0,2990.1067785120244,26365.662206897265,14676.969850026879,0.005435527423416728,0.0015274196477842077,375.4296299740554,2770.0594235910276
814,18,4716.962890625,3284.777984,353.890625,19.66059112548828,62.707889556884766,507.1514892578125,9.538284211885184e-05,0.0,6145.162109375,0,1,0,0,0,29,0,0,0,1,0,3162.789652437645,24713.82511232662,21976.11682155587,0.0019384269861805192,9.794103991470765e-05,270.50748532330044,1903.8749693859054
815,16,4204.82421875,2430.4256,1672.5869140625,104.53668212890625,115.15353393554688,1241.3216552734375,0.00021929459762759507,0.0,12000.9208984375,0,1,0,0,0,29,0,0,0,1,0,6456.359499445907,41942.714948648245,29894.643866309256,7.46884821837962e-05,0.00012418456195165128,,
816,18,4706.45068359375,2500.459008,357.6689453125,19.87049674987793,44.89160919189453,379.7808532714844,8.921282278606668e-05,0.0,4518.31103515625,0,1,0,0,0,34,0,0,0,1,0,2155.437568922996,12527.7507808403,10378.95459592066,0.002492235230015849,0.005114476152617273,,
817,16,4170.09521484375,2523.122688,2111.53125,131.970703125,121.08100891113281,1399.0240478515625,0.0002349897549720481,0.0,14500.1396484375,0,1,0,0,0,23,0,0,0,1,0,7206.752618184533,48243.883793251414,35808.57680356003,0.00023135420842310822,0.0007402672692006437,,
818,17,4432.85595703125,2542.528,1045.6640625,61.50965118408203,70.96096801757812,632.007568359375,0.00011586620530579239,0.0,6901.78076171875,0,1,0,0,0,29,0,0,0,1,0,3292.4625275817066,24342.276816546902,18647.005360098534,0.003178667692134249,0.007400250758926516,,
819,17,4449.04150390625,2335.60064,872.2880859375,51.311065673828125,63.2127685546875,974.84130859375,0.00018080360314343125,0.0,10699.1943359375,0,1,0,0,0,29,0,0,0,1,0,4198.552936434887,17832.727532172197,4425.263349540345,0.0009735649588419847,0.00041927461582804207,864.7951002059823,2100.91258141754
820,21,5488.5869140625,2941.049344,1292.9599609375,61.569522857666016,89.01374053955078,442.34136962890625,9.83654972515069e-05,0.0,6181.4384765625,0,1,0,0,0,44,0,0,0,1,0,3121.065744623711,17963.774886143732,15103.341613048422,0.0015557559754930672,0.0034418957106121945,,
821,18,4596.08544921875,3131.344384,332.4326171875,18.46847915649414,68.95555877685547,550.710205078125,8.475483627989888e-05,0.0,6863.40478515625,0,1,0,0,0,37,0,0,0,1,0,3145.3828350028793,28503.596215214613,17431.738405571596,0.0047213224614040435,0.002348264736683092,,
822,15,3832.953857421875,2432.339968,2908.3466796875,193.88978576660156,195.94482421875,1458.8399658203125,0.00025202310644090176,0.0,15479.8017578125,0,1,0,0,0,21,0,0,0,1,0,7638.251493664579,37169.73480336593,35111.57826093368,0.006699737149170305,0.00014919771253544406,206.58991625769067,1991.5939300287273
823,17,4407.25244140625,2337.073152,1058.6884765625,62.27579116821289,107.48851776123047,779.26708984375,0.0001391785917803645,0.0,8813.458984375,0,1,0,0,0,29,0,0,0,1,0,4754.060132163481,39764.51144238288,30285.13241195953,0.00396676378962945,0.001061679597516187,,
824,21,5455.7353515625,2936.81408,1182.2890625,56.29948043823242,37.13582992553711,359.40869140625,6.38935380266048e-05,0.0,4729.86328125,0,1,0,0,0,41,0,0,0,1,0,2074.1221547271825,12893.934549262072,10625.634577398545,0.0022654180397013585,0.0023669172099839084,119.4429379799526,2523.895722822713
825,21,5466.31201171875,3394.790912,1047.3828125,49.87537384033203,35.98798751831055,378.4529113769531,6.696995842503384e-05,0.0,5016.9345703125,0,1,0,0,0,40,0,0,0,1,0,2238.132702705424,41697.02533651564,11338.065230271968,0.0005673760910174866,0.025559385764372625,4.770608291814369,2369.8121572345176
826,16,4190.908203125,2839.391232,1880.7998046875,117.54998779296875,99.02949523925781,932.0791015625,0.0001785260537872091,0.0,9528.2685546875,0,1,0,0,0,30,0,0,0,1,0,4520.537226803723,26142.34977224028,21926.257131551607,0.0003913730606757357,0.0017721305186849667,,
827,19,4957.212890625,2675.878912,254.0751953125,13.3723783493042,59.15067672729492,399.91741943359375,9.507856157142669e-05,0.0,4751.68115234375,0,1,0,0,0,31,0,0,0,1,0,2478.1772650094003,18634.663332385837,18314.557243662628,0.0017816857724123197,0.0003643098462498759,816.026019278507,1274.5040804730804
828,17,4446.759765625,2575.034368,1112.1689453125,65.42169952392578,110.88670349121094,1168.5914306640625,0.00019056149176321924,0.0,13684.30078125,0,1,0,0,0,28,0,0,0,1,0,7107.428348478358,44027.120524237915,43087.18469983335,0.0006667536362052473,0.004482528027687451,,
829,19,4957.095703125,2577.736704,225.7177734375,11.8798828125,89.73970031738281,900.5029907226562,0.00012656468607019633,0.0,11056.4345703125,0,1,0,0,0,31,0,0,0,1,0,5117.8396399425565,49240.61670308355,27333.32598146009,0.0008454096017834964,0.0056862932390929835,525.7908622145096,2790.2981520981502
830,21,5475.28759765625,3177.071104,1165.130859375,55.482421875,38.29091262817383,406.6217346191406,5.802042505820282e-05,0.0,6152.37158203125,1,0,1,0,0,41,0,0,0,1,0,3079.2874813154795,30036.740246611753,21863.36108616906,0.005550311936191776,0.0012121120276923046,346.4562611992401,2074.2495084580655
831,22,5722.60888671875,3559.59808,1653.8232421875,75.17378234863281,38.223934173583984,351.41754150390625,4.7873370931483805e-05,0.0,5413.8037109375,0,1,0,0,0,46,0,0,0,1,0,2706.273719672038,18985.91545575382,12226.404551544341,0.0007821846802920675,0.0034723437467535367,,
832,14,3663.880615234375,2518.418432,3429.083984375,244.93458557128906,196.7584228515625,1456.336181640625,0.0002997497213073075,0.0,14073.5654296875,0,1,0,0,0,26,0,0,0,1,0,5213.343505314776,36923.45240402792,34559.21293846332,0.00028111411124000577,0.0006028162233821452,218.3794763002079,2336.298073088434
833,20,5222.3583984375,2606.212096,700.18359375,35.00918197631836,43.09769058227539,313.7169494628906,5.2501727623166516e-05,0.0,3844.501220703125,0,1,0,0,0,34,0,0,0,1,0,1796.9878115286874,12390.879094298569,6352.239298885535,0.002905267844540954,0.004512721986900047,,
834,20,5214.81787109375,3154.668032,829.8408203125,41.492042541503906,62.25149154663086,578.1098022460938,8.26655377750285e-05,0.0,7889.697265625,1,0,1,0,0,43,0,0,0,1,0,4351.759651561292,28243.6222960849,27208.71860053038,0.006662715873252623,0.0007501492670579368,,
835,16,4142.3955078125,2647.285248,1868.126953125,116.7579345703125,103.46987915039062,1018.7716064453125,0.00015940320736262947,0.0,11126.7724609375,0,1,0,0,0,23,0,0,0,1,0,5629.403525190712,30813.454474274877,22798.74045720074,0.0003114333929332136,0.0033271834049577315,482.4999872608423,2234.785887897873
836,21,5445.62451171875,2824.04352,1289.7470703125,61.416526794433594,49.49374008178711,325.65264892578125,5.247557783150114e-05,0.0,4579.97705078125,0,1,0,0,0,41,0,0,0,1,0,2368.4157913585136,10979.912572901098,9545.86682581751,0.0023017512433325185,0.0011402110132370177,692.4834069401518,2455.901236380395
837,12,3137.009033203125,2282.88256,6687.3740234375,557.2811889648438,487.3975830078125,4054.7119140625,0.00048647241783328354,0.0,36322.49609375,0,1,0,0,0,17,0,0,0,1,0,9165.690998322321,59746.49320581044,51975.39884130836,0.00015976090300375348,0.013980778118024423,49.94463167866843,1627.0930437358452
838,19,4932.37255859375,2418.94912,257.9970703125,13.5787935256958,61.03023147583008,433.7663879394531,0.00010279799607815221,0.0,5520.08837890625,0,1,0,0,0,39,0,0,0,1,0,2323.2801658519766,19907.28182023519,18645.40964837861,0.00011136518352455882,0.002109847534732187,,
839,21,5448.3701171875,3333.826048,1177.3134765625,56.06254577636719,34.363468170166016,267.21600341796875,4.569653538055718e-05,0.0,3826.891357421875,0,1,0,0,0,39,0,0,0,1,0,1915.3419470062468,11212.11773289126,8994.98703842457,0.005892495418464483,0.0003857554236478024,849.09478708288,2385.4106422907394
840,25,6598.0732421875,3910.477824,2356.28466796875,94.25138092041016,22.65614128112793,219.16128540039062,3.871264198096469e-05,0.0,3678.916259765625,0,1,0,0,0,51,0,0,0,1,0,1793.5470427499267,32340.738132317474,5922.441664310631,0.0002743280302832706,0.0032259671951343563,,
841,18,4662.4267578125,3429.974016,322.8125,17.93402862548828,76.33350372314453,521.4877319335938,8.711632835911587e-05,0.0,5904.15185546875,0,1,0,0,0,31,0,0,0,1,0,2750.48671638728,21041.935226654798,16894.66662576858,0.007241641554180944,0.0007969290275823687,1168.981389081606,851.2760716670507
842,18,4665.65087890625,2766.84544,341.71484375,18.98415756225586,64.80477905273438,446.56036376953125,8.661740139359608e-05,0.0,5380.65283203125,0,1,0,0,0,29,0,0,0,1,0,2594.9965377311487,20984.00349127307,13989.89086669323,0.004098999704094164,0.003368126502249748,209.9180321730678,2218.939551669264
843,14,3642.68359375,2278.672896,4177.462890625,298.3902282714844,272.91461181640625,1793.41552734375,0.0005271772970445454,0.0,15841.7919921875,0,1,0,0,0,18,0,0,0,1,0,6756.862965381031,38547.58345681165,37611.92532572459,0.005838145289253638,0.006827350357853621,,
844,25,6496.1953125,3387.726336,2363.56298828125,94.54251861572266,24.736173629760742,220.40489196777344,4.7540343075525016e-05,0.0,3593.826416015625,0,1,0,0,0,46,0,0,0,1,0,1757.5438689375417,20939.833021844894,14254.459589866525,0.0006577027547061617,0.0019965585325392096,,
845,20,5176.1337890625,3660.012032,818.060546875,40.90302658081055,86.56344604492188,548.6526489257812,8.413000614382327e-05,0.0,7646.95654296875,0,1,0,0,0,41,0,0,0,1,0,4224.623065433093,23014.718835907464,21088.16595711245,0.00010255309081588782,3.6083428840734746e-05,297.5773804104724,2776.7079163249964
846,20,5188.63671875,2966.475264,754.189453125,37.70947265625,51.03327941894531,418.5362548828125,7.790022937115282e-05,0.0,5387.08203125,0,1,0,0,0,36,0,0,0,1,0,2426.2032934400922,21871.90411066368,14027.287419083043,0.004603192195928207,0.0006794838150147725,1209.9457535763534,1544.201571159951
847,18,4668.16796875,2764.704256,367.6171875,20.42317771911621,113.12704467773438,637.0086669921875,0.00015008385526016355,0.0,7062.0234375,0,1,0,0,0,29,0,0,0,1,0,3203.5414116696124,36318.589849568634,23383.294788335676,0.0028138714015008837,0.0002685720963391536,1492.989148836808,3452.7852810910695
848,19,4936.61767578125,2905.55392,267.2861328125,14.0676908493042,68.57052612304688,635.3323974609375,0.00011733068822650239,0.0,7849.92919921875,0,1,0,0,0,33,0,0,0,1,0,4661.388633227029,29152.243103834684,20216.664670703638,2.7859712469213704e-05,0.0018557540523869362,,
849,17,4415.7470703125,2606.690304,1182.501953125,69.5589370727539,243.2255401611328,1629.975341796875,0.00027246325043961406,0.0,16978.564453125,0,1,0,0,0,29,0,0,0,1,0,10731.37944980042,107273.98203644041,72825.21807263576,0.00031367588532461854,0.008087460963571599,519.6404339302399,2347.3184456857543
850,21,5397.76123046875,2903.313408,1388.2783203125,66.10848999023438,66.68551635742188,564.6813354492188,8.338643965544179e-05,0.0,7040.345703125,0,1,0,0,0,35,0,0,0,1,0,3857.7897653716304,24599.248804741706,18762.50794395851,0.0017483868495578418,0.0017786037998894274,981.0724401091909,1135.758804145359
851,20,5072.4326171875,3209.044992,841.7490234375,42.08745193481445,134.71315002441406,1602.8192138671875,0.0002041913103312254,0.0,20348.12890625,0,1,0,0,0,27,0,0,0,1,0,6710.330567902096,24226.953191027253,23687.879177650862,0.0002149205120761527,0.0035748520990376356,669.5096747214143,2558.241399808654
852,16,4105.2998046875,2667.782144,1871.0830078125,116.94268798828125,135.90733337402344,927.3890991210938,0.00015082649770192802,0.0,10184.1328125,0,1,0,0,0,29,0,0,0,1,0,4472.426639197084,36308.983200911825,25068.815273109063,0.01205020475939289,0.008192708053309112,,
853,18,4669.37451171875,2573.54496,378.3818359375,21.02121353149414,86.80335235595703,841.5023193359375,0.00015602704661432654,0.0,11244.9169921875,0,1,0,0,0,31,0,0,0,1,0,6084.054767010686,49953.23098643129,30033.201657201305,0.0023973548563972213,0.00013196019215190938,1233.771575449794,3552.586336080151
854,20,5178.44091796875,2990.269952,756.818359375,37.840919494628906,61.15031433105469,503.7679138183594,9.1544323367998e-05,0.0,6911.9462890625,0,1,0,0,0,33,0,0,0,1,0,3979.8131904216057,31095.953652916367,23691.747313670356,0.006133542340253425,0.0019196261844874815,,
855,19,4927.4248046875,3076.850688,230.888671875,12.1520357131958,69.91349029541016,566.7893676757812,8.445101411780342e-05,0.0,6990.38671875,0,1,0,0,0,33,0,0,0,1,0,3619.4870422861763,32900.73457767607,23391.106710950808,0.0006085090034277478,0.002281133046116891,,
856,21,5473.60546875,3328.016896,1189.072265625,56.62248992919922,53.701229095458984,367.7126159667969,6.897921412019059e-05,0.0,4874.78125,0,1,0,0,0,38,0,0,0,1,0,2784.4702330047007,23986.23548970188,20995.38997703025,0.003260457969189834,0.0001826373865394318,832.7623840252154,3156.9900245684576
857,20,5215.29150390625,3326.150656,759.216796875,37.96084213256836,68.21588134765625,550.83154296875,0.0001037137844832614,0.0,7287.83740234375,0,1,0,0,0,37,0,0,0,1,0,4079.7490703816898,25765.106545750892,25588.906677922274,0.007317382450700127,0.0010477521939595835,,
858,23,5972.775390625,3534.863872,1930.6572265625,83.94161987304688,43.49168014526367,362.3207702636719,6.670675065834075e-05,0.0,5148.587890625,0,1,0,0,0,43,0,0,0,1,0,3211.9509856728873,47641.22799434041,18727.938841244904,0.009331270541905926,0.0009625694627541925,714.0944238952243,3154.65496860989
859,15,3905.199462890625,2831.216128,2473.349609375,164.88998413085938,136.99407958984375,1367.6807861328125,0.0002186158235417679,0.0,13484.03125,0,1,0,0,0,24,0,0,0,1,0,5790.315955450136,31006.75734118626,29643.22047751942,0.0004949885601825237,0.000562952343960546,2019.608528970776,307.89214192214035
860,18,4689.80126953125,2454.077952,334.9267578125,18.60704231262207,61.79270553588867,567.405029296875,0.00010335551633033901,0.0,7071.787109375,0,1,0,0,0,33,0,0,0,1,0,3361.280145199959,23240.340568676806,21899.670627312636,0.006035926208233955,0.00811939435249831,2328.756115885789,69.44593614422831
861,20,5203.126953125,3077.087744,777.9482421875,38.89741134643555,61.46147155761719,378.0691833496094,5.941321433056146e-05,0.0,4850.6181640625,0,1,0,0,0,35,0,0,0,1,0,2681.4551804435055,18950.42363206399,16407.882173956685,0.0010715703579628026,0.006391107320346371,713.6991851168668,2885.69086802437
862,19,4948.98876953125,3145.094144,249.904296875,13.152857780456543,75.71406555175781,482.7457580566406,7.97147658886388e-05,0.0,6218.427734375,0,1,0,0,0,37,0,0,0,1,0,3200.206815789928,18524.162200315546,17363.46963722022,0.001651573771146584,0.003245986509297874,680.3978009051903,1668.6786865127542
863,23,5981.9677734375,3382.932992,1974.2978515625,85.83903503417969,29.29633331298828,242.07492065429688,4.2398754885653034e-05,0.0,4040.777587890625,0,1,0,0,0,48,0,0,0,1,0,1882.9418585949395,16985.32557788579,11985.664975642272,0.0005695390621503968,2.0105364746718368e-05,896.0980613372076,3422.7725365614237
864,16,4191.02294921875,2713.808896,1876.7578125,117.29736328125,125.66374206542969,963.4627075195312,0.00020309998944867402,0.0,11386.556640625,0,1,0,0,0,32,0,0,0,1,0,5338.8336621992075,32760.803974383318,28966.995230416094,0.0006226908365946637,0.001761923550080001,293.81116792805005,2788.930309899846
865,17,4433.50244140625,2300.677632,958.0458984375,56.35564041137695,71.22979736328125,655.9942626953125,9.57071824814193e-05,0.0,7104.06787109375,0,1,0,0,0,26,0,0,0,1,0,3462.281324872284,33193.639049842546,31886.144204492564,0.00198342912323295,0.003718499033615085,949.454985256869,2057.847193602049
866,12,3147.164306640625,1951.179776,5342.7900390625,445.2325134277344,191.43153381347656,1670.0316162109375,0.0002395188348600641,0.0,14783.9169921875,0,1,0,0,0,15,0,0,0,1,0,6930.058055670504,47085.35240569162,46282.540423751445,0.0015168702240972338,0.0018091167685808582,1461.1649255254954,2966.2999142582867
867,23,5983.072265625,2795.665408,1967.9521484375,85.56314086914062,28.16383934020996,273.94671630859375,5.0702557928161696e-05,0.0,3978.0576171875,0,1,0,0,0,45,0,0,0,1,0,2118.6131136238932,26876.870344737297,9487.473373566823,0.0004927788668882341,0.00012454932062402196,1895.9328253457932,516.6637468452002
868,18,4700.54833984375,3042.67264,388.033203125,21.55739974975586,117.35330963134766,816.0519409179688,0.00014789565466344357,0.0,9521.810546875,0,1,0,0,0,29,0,0,0,1,0,5277.484130796081,37185.99566607692,33820.59683855428,0.00028021145037402176,4.405404945258956e-05,582.7553259166148,2760.025154779922
869,20,5189.11572265625,2992.597504,777.2373046875,38.86186599731445,72.6204833984375,451.5364990234375,9.35368807404302e-05,0.0,5828.71630859375,1,0,1,0,0,38,0,0,0,1,0,3110.1710709534264,23550.570349493177,18335.285818434648,0.00957826561613915,0.0004455252022786786,1080.2888677411147,3406.6369711733087
870,16,4178.4658203125,2825.559552,1945.453125,121.5908203125,92.92835998535156,911.8611450195312,0.00016838913143146783,0.0,10109.861328125,0,1,0,0,0,24,0,0,0,1,0,4154.3948756798845,24852.92567491388,20273.22933411854,0.0020388565425278025,0.0006009412656950153,,
871,17,4429.0625,2374.725632,887.59765625,52.21162796020508,104.16266632080078,783.9772338867188,0.00012274800974410027,0.0,9335.166015625,0,1,0,0,0,28,0,0,0,1,0,4190.074310815382,30871.765373164846,19357.365287749868,0.0010514532241202301,0.003800855206249537,745.1807381020312,2767.701877641846
872,17,4430.08544921875,2505.229824,1068.138671875,62.831687927246094,68.92898559570312,628.1284790039062,7.592485781060532e-05,0.0,7564.5419921875,0,1,0,0,0,34,0,0,0,1,0,3426.634414280995,28636.0956502933,23272.941504983126,0.0020182898315742742,0.0044744752429144476,625.4164489285185,2783.2193889232994
873,11,2895.06396484375,1961.163264,6263.017578125,569.365234375,176.46188354492188,2487.434814453125,0.00041239100391976535,0.0,22249.439453125,0,1,0,0,0,18,0,0,0,1,0,7297.33490166473,38631.60366736069,37340.09784396373,0.0027356525112282037,0.009884973390931362,64.39601908906798,2071.0827590177537
874,20,5189.9921875,2404.829696,756.3505859375,37.81753158569336,57.131553649902344,532.3235473632812,9.457509440835565e-05,0.0,7030.0751953125,0,1,0,0,0,38,0,0,0,1,0,4134.844355503373,32062.179560414777,26500.105061477603,7.4485859221026796e-06,0.0028133455572038196,558.6555285238242,1810.0051674168349
875,23,5958.94775390625,3562.19136,2167.685546875,94.24720001220703,41.825782775878906,249.34747314453125,5.4787175031378865e-05,0.0,3709.480224609375,0,1,0,0,0,39,0,0,0,1,0,1862.837099165193,13793.34142181403,12521.776279150597,0.0032399247033073515,0.00401606452060993,,
876,19,4928.275390625,3349.223936,213.904296875,11.2581205368042,75.9633560180664,515.3622436523438,8.754219743423164e-05,0.0,6680.33984375,0,1,0,0,0,38,0,0,0,1,0,3271.28198066695,25314.028247764832,22847.29945502638,0.002941753154324489,0.0026816279657062726,,
877,18,4663.7080078125,2738.33216,366.9833984375,20.38796615600586,71.49573516845703,796.1815795898438,0.00011271551920799538,0.0,9392.4140625,0,1,0,0,0,33,0,0,0,1,0,5441.524237990103,39200.99424505762,37697.180212383166,0.0011518098470400633,0.0013000858868473172,381.7426853368006,2773.2633313660504
878,19,4924.24072265625,2627.965952,223.4033203125,11.75806999206543,64.84392547607422,568.1024780273438,0.0001367172517348081,0.0,7046.900390625,0,1,0,0,0,35,0,0,0,1,0,3160.739033682524,14047.728570357516,13907.769980810384,0.00020890982602012748,4.6434403680517544e-05,2004.888146147242,402.7233680260132
879,16,4170.2001953125,2510.350848,1873.955078125,117.1221923828125,97.82041931152344,770.0358276367188,0.00011525872105266899,0.0,8411.16796875,0,1,0,0,0,30,0,0,0,1,0,3446.5757683981597,32576.80384744205,24374.300790470057,0.000900135857466209,0.014507348703434814,,
880,17,4440.212890625,2505.92256,1151.9306640625,67.76062774658203,101.32279205322266,703.6324462890625,0.0002434502966934815,0.0,7565.2080078125,0,1,0,0,0,27,0,0,0,1,0,3807.7463695781835,26621.874043255993,26000.612529118673,0.016348301872057748,0.015138216490179893,,
881,18,4583.447265625,2619.900416,330.8984375,18.38324737548828,56.548892974853516,721.3173828125,0.0001218994366354309,0.0,8893.47265625,0,1,0,0,0,37,0,0,0,1,0,5221.149652064957,51497.541490797696,28890.90506834308,0.0004825795068580524,0.00020503260340286062,2626.0370380977038,348.5162528008458
882,20,5104.705078125,3023.671296,823.2734375,41.163673400878906,73.08885192871094,617.53271484375,8.975602395366877e-05,0.0,8270.8671875,0,1,0,0,0,33,0,0,0,1,0,4695.781105504363,25807.338825977484,23869.56165335381,0.003650236700180755,0.0015762416830210832,453.14102311077977,1839.9564096553595
883,17,4449.8447265625,2873.887744,1137.876953125,66.9339370727539,153.13592529296875,936.82373046875,0.00016233509813901037,0.0,10272.748046875,0,1,0,0,0,28,0,0,0,1,0,5350.438986213234,36664.403890420064,30107.832319013865,0.002254393795391038,0.0016938327466910277,818.6089818951045,1373.4069123730933
884,21,5465.6552734375,2901.005312,1288.0537109375,61.33589172363281,68.83450317382812,469.4764404296875,0.00010672095959307626,0.0,6145.44482421875,0,1,0,0,0,42,0,0,0,1,0,3185.48610458874,20773.30404819129,17998.73956154322,0.0008537815581199787,0.003169689808621915,685.000363575628,3158.981376086954
885,17,4442.19482421875,2791.283712,1008.583984375,59.328468322753906,83.94634246826172,842.3854370117188,0.00013044069055467844,0.0,9099.966796875,0,1,0,0,0,29,0,0,0,1,0,4117.1117972017855,22868.927314286524,20048.589882809327,0.0021037460158042642,0.011913489550598538,1031.1379453540003,1773.2121118023601
886,19,4944.306640625,2629.76,269.2138671875,14.169151306152344,83.03499603271484,830.6261596679688,0.00013333484821487218,0.0,9909.2255859375,0,1,0,0,0,33,0,0,0,1,0,6268.449008855674,88104.10506005076,36510.09153615936,0.0017583567462303579,0.0005641271254735077,1567.4746071728302,666.1717178609695
887,21,5456.91064453125,3182.238208,1400.6640625,66.69828796386719,103.32786560058594,526.5682983398438,9.189661068376154e-05,0.0,6994.68310546875,0,1,0,0,0,37,0,0,0,1,0,4176.040957442489,22468.612586772917,20173.098482142563,3.7802849825671614e-06,0.003086557228409073,990.9891053712768,1365.2698945904217
888,19,4957.314453125,3185.734656,236.333984375,12.438631057739258,88.3834228515625,453.8244323730469,9.548538946546614e-05,0.0,5987.560546875,0,1,0,0,0,39,0,0,0,1,0,2939.491483581261,21158.88873457939,16914.363653150594,0.00045568674708244133,0.00014979536201023026,681.40707600328,3184.7692481504087
889,21,5456.34716796875,3143.168512,1277.4765625,60.832218170166016,68.13732147216797,404.9478759765625,7.322501187445596e-05,0.0,5948.255859375,0,1,0,0,0,38,0,0,0,1,0,2949.8272309355248,21013.0446422261,14126.45298783947,1.700016125419368e-05,0.0007194805495622375,,
890,18,4678.9111328125,2927.443968,421.90625,23.43923568725586,155.85533142089844,1028.2266845703125,0.00021882516739424318,0.0,11615.7265625,0,1,0,0,0,30,0,0,0,1,0,5745.58293556519,50184.68316622597,30744.490672610405,0.012268771161130086,0.0010255039090163488,43.263128756721926,2058.4943591076176
891,21,5472.22509765625,3103.81056,1181.908203125,56.28134536743164,32.966522216796875,295.44085693359375,4.751764572574757e-05,0.0,3816.05517578125,0,1,0,0,0,40,0,0,0,1,0,2043.716777186511,15472.23288252764,10590.368664986621,0.0019790648419451247,5.3985764220117194e-05,687.0417137602399,3066.7453884811653
892,17,4409.37451171875,2856.62208,1005.978515625,59.17520523071289,88.86709594726562,944.256591796875,0.00014721481420565397,0.0,9707.2763671875,1,0,1,0,0,30,0,0,0,1,0,4548.815126707075,27205.864281702667,17060.106029383438,0.0012744180798768996,0.0013520786406029384,,
893,21,5450.7421875,3021.66016,1292.0966796875,61.52841567993164,50.03757858276367,345.90252685546875,5.890832107979804e-05,0.0,4750.83642578125,0,1,0,0,0,39,0,0,0,1,0,2521.767329712092,16130.558192268865,12902.384796157063,0.004484174054935373,0.001366844569531617,470.4255215221658,2396.3549323150155
894,20,5190.18896484375,3204.539392,828.3046875,41.41523361206055,74.64990997314453,590.9905395507812,0.00010076687613036484,0.0,7603.39990234375,0,1,0,0,0,40,0,0,0,1,0,3073.8378105894694,21545.05397065578,17357.085737994094,0.0009487094017906483,0.0009856073598610154,,
895,21,5443.64453125,3175.194624,1178.4287109375,56.11565399169922,40.699005126953125,390.1654968261719,5.380835136747919e-05,0.0,5437.41357421875,0,1,0,0,0,41,0,0,0,1,0,2863.6119685223684,25317.63578624797,13347.623365549156,0.002503328703543875,0.0022359927546475103,469.97642760186136,2912.054519473322
896,15,3917.82470703125,2684.770816,2864.4189453125,190.96127319335938,227.82838439941406,1547.7646484375,0.00026632469962351024,0.0,19100.59375,1,0,1,0,0,19,0,0,0,1,0,9099.776423847125,106093.12192144914,50002.17915691818,0.0003327330895734272,3.781696376264215e-05,1099.1608911585815,1679.2257496299956
897,19,4953.6572265625,2681.14688,254.7568359375,13.408254623413086,64.40599060058594,475.2025451660156,8.855652413330972e-05,0.0,5902.90576171875,0,1,0,0,0,37,0,0,0,1,0,2908.0188029532005,17569.567734925113,16852.26143768203,0.0004336967793225621,9.397895770681813e-05,2101.546647741256,281.8999823181565
898,25,6473.08056640625,3855.568896,2610.22119140625,104.40884399414062,35.43465042114258,266.9624328613281,5.437322397483513e-05,0.0,4306.9453125,0,1,0,0,0,49,0,0,0,1,0,2137.57133606722,18449.748490523983,15758.257573009732,0.0014571568446623741,0.0024890821395516308,729.2467689124196,3198.1393110484028
899,17,4421.87353515625,3381.938688,1032.103515625,60.711971282958984,71.3211669921875,717.9849853515625,0.00010093199671246111,0.0,7710.41015625,0,1,0,0,0,28,0,0,0,1,0,3194.63752034057,22028.3224413216,17838.200337948216,0.013443949184301543,0.0003035538865966865,1386.9951709779848,3518.3760354352266
900,20,5189.6015625,2906.456576,829.5947265625,41.479736328125,92.1771469116211,579.543212890625,0.00010189447493758053,0.0,7624.2607421875,0,1,0,0,0,36,0,0,0,1,0,4290.2689418514765,23233.11885443053,18419.51721204172,0.00037041269077623534,0.0007522668321315318,,
901,21,5433.34033203125,3340.818432,1276.70703125,60.79557418823242,45.63239669799805,243.49688720703125,5.182796667213552e-05,0.0,3473.530029296875,0,1,0,0,0,40,0,0,0,1,0,1780.7137844004167,14539.325481950342,10094.768380659887,0.007581164399608743,0.002732946455303753,1958.6495099210815,476.3656224354577
902,23,5956.00146484375,3760.238592,2190.154296875,95.2240982055664,179.58352661132812,920.9031982421875,0.0001489005662733689,0.0,15095.8798828125,0,1,0,0,0,42,0,0,0,1,0,4191.701806844609,23988.4405858836,14833.151715872278,0.0012707842832186261,0.0006953513501999379,,
903,18,4673.62646484375,3367.743488,375.19921875,20.84440040588379,74.99483489990234,639.0933227539062,0.00012193732254672796,0.0,7812.06787109375,0,1,0,0,0,32,0,0,0,1,0,4307.1951232248275,25471.466134417078,22075.379680284528,0.0070652050293796695,0.013603425496606938,,
904,19,4935.04833984375,2819.019776,226.5390625,11.92310905456543,73.15228271484375,624.1556396484375,9.23531551961787e-05,0.0,8716.685546875,0,1,0,0,0,37,0,0,0,1,0,4338.1884823089185,41234.76121838197,25866.502795237946,0.000849224592578017,0.0021292214063829765,604.995261510247,3098.35943203058
905,17,4438.767578125,2649.656832,1041.9912109375,61.293601989746094,99.3180160522461,572.7383422851562,9.418388799531385e-05,0.0,6024.55126953125,0,1,0,0,0,34,0,0,0,1,0,2570.5380113353494,20408.317201656515,13079.18056863554,0.0028104240437763217,0.004001169236384591,,
906,25,6525.9560546875,3400.659456,2610.3251953125,104.41300201416016,28.86949348449707,180.62753295898438,3.097961962339468e-05,0.0,3169.81201171875,0,1,0,0,0,51,0,0,0,1,0,1658.523586377397,15454.985104975098,12188.432025835778,0.0002921094091775725,0.00022412186992128505,473.7653325111837,2229.22215644484
907,18,4695.59326171875,3320.890368,337.8828125,18.77126693725586,56.577423095703125,439.38433837890625,7.860852201702073e-05,0.0,5250.70703125,0,1,0,0,0,29,0,0,0,1,0,2404.828087715408,16073.738154044448,11478.46788584146,0.005239271355829307,0.002956279560133876,1036.8338101847994,3119.798804255148
908,17,4437.01611328125,2712.24832,930.3076171875,54.723976135253906,61.20677947998047,511.2843933105469,9.095455607166514e-05,0.0,5937.4345703125,0,1,0,0,0,27,0,0,0,1,0,3394.20111700208,18727.800581212556,15360.67097381442,0.00819912406452511,0.011517385164720256,246.25284005935464,1799.5184631523143
909,18,4700.56494140625,2658.482688,324.7216796875,18.04009437561035,137.02999877929688,914.1939086914062,0.00017076553194783628,0.0,9876.2568359375,0,1,0,0,0,29,0,0,0,1,0,3493.2196568797885,61318.843010549295,14698.00917151,0.00039191594394816925,0.005865203979095401,,
910,18,4631.44482421875,2692.576768,379.8212890625,21.10118293762207,82.35257720947266,747.5543823242188,0.0001019700794131495,0.0,9268.6396484375,0,1,0,0,0,32,0,0,0,1,0,5490.986459674365,42505.27260601361,34533.331593701536,0.00011148591045809231,0.009281646581179935,,
911,21,5394.6845703125,3074.678784,1298.08203125,61.81343078613281,51.366294860839844,344.67694091796875,6.606275564990938e-05,0.0,4802.4365234375,0,1,0,0,0,40,0,0,0,1,0,2519.823545366936,13311.954970484643,12040.539671708691,0.002495101044330929,9.053032490463631e-07,717.8610553219551,1703.2690931687835
912,25,6437.64892578125,3667.999744,2621.56884765625,104.86275482177734,23.01887321472168,207.89076232910156,3.766407098737545e-05,0.0,3510.027099609375,0,1,0,0,0,47,0,0,0,1,0,1730.6099567835395,11885.08245187146,8340.625900192,0.0012459444533178517,0.0008284266318309159,489.3296575190152,1960.3556506625723
913,25,6416.41064453125,4199.86432,2374.271484375,94.97085571289062,26.171504974365234,262.27764892578125,4.5850225433241576e-05,0.0,4626.1640625,0,1,0,0,0,42,0,0,0,1,0,2383.3220809744857,31942.18313398234,19450.458707769467,0.0012654656418914223,0.004071063612521714,,
914,16,4079.119873046875,3173.691904,1640.5791015625,102.53619384765625,77.24353790283203,1022.002197265625,0.00010278441914124414,0.0,11746.328125,0,1,0,0,0,26,0,0,0,1,0,6477.527943670562,79753.30817976731,27186.050069461086,0.0004981816613551029,0.000145149689206054,214.72965888896942,2467.844416563355
915,23,5832.2041015625,3132.219904,2143.8388671875,93.21038818359375,33.146018981933594,287.81915283203125,5.064758443040773e-05,0.0,4348.76513671875,0,1,0,0,0,47,0,0,0,1,0,2155.863473047202,18470.37677786946,15763.267209252197,4.967321373780878e-05,0.0012169103524860177,552.7660143623327,2802.0901991212936
916,13,3333.34033203125,2685.258752,5201.6357421875,400.1258544921875,219.27452087402344,1849.21142578125,0.0002637449069879949,0.0,19400.017578125,0,1,0,0,0,18,0,0,0,1,0,7424.600708156002,71022.54089467581,40981.68447416759,1.7366389947606753e-05,0.00033877714766711417,692.6176978191204,928.7472269691189
917,20,5103.2578125,2603.421184,767.9453125,38.39726638793945,61.28350830078125,499.0959167480469,8.270850230474025e-05,0.0,6949.666015625,0,1,0,0,0,37,0,0,0,1,0,4391.5780634094435,49142.46888098205,36206.16778443836,0.0007090812412380472,0.0012407785844552356,538.866729254258,2739.6077618691115
918,17,4389.76171875,2766.498816,1060.5830078125,62.387237548828125,82.14032745361328,774.6950073242188,0.00011836948397103697,0.0,9795.26953125,0,1,0,0,0,29,0,0,0,1,0,5437.245810195097,39404.656325762655,33608.06525873109,0.0002825811914784204,1.4151379040533776e-05,,
919,19,4879.67724609375,2773.727744,255.123046875,13.427529335021973,58.988914489746094,527.7465209960938,0.0001309128274442628,0.0,6341.7275390625,0,1,0,0,0,32,0,0,0,1,0,3838.367124051082,27122.631658963117,24446.61059809285,0.0021947513325229692,0.004054599806879465,1353.95524654621,783.6031070724773
920,21,5378.07421875,3290.31424,1170.3828125,55.73251724243164,34.752899169921875,292.6996154785156,5.105324453325011e-05,0.0,3953.656494140625,0,1,0,0,0,38,0,0,0,1,0,1951.164586744806,16204.499034928751,12722.747276561278,0.0026314652113749726,0.00145755486799019,1037.0321447038195,1293.9250307094521
921,12,3100.46240234375,2411.881984,5838.5546875,486.5462341308594,230.85166931152344,2279.883544921875,0.00041087321005761623,0.0,22846.15625,0,1,0,0,0,14,0,0,0,1,0,10274.356066116818,39476.76904129446,33470.11785976933,2.5233891318309463e-05,0.004259242130702577,1037.2866594853945,2494.198700359755
922,20,5134.853515625,2472.902656,764.296875,38.21484375,74.20059204101562,602.3090209960938,0.00010443601058796048,0.0,7553.26416015625,0,1,0,0,0,36,0,0,0,1,0,3202.635649272526,43971.701629673604,32986.53425972739,0.0014872219766640833,0.002012694763171431,1187.2325043427368,3451.9049252341497
923,13,3407.4345703125,2363.96544,4052.4111328125,311.72393798828125,86.65032958984375,1033.6781005859375,0.00016454998694825917,0.0,11221.2890625,0,1,0,0,0,14,0,0,0,1,0,5086.324206434162,38428.57797214381,31292.17406132101,0.0043028926922987765,8.74889190581366e-05,778.3622312496808,1331.416077398658
924,16,4181.59423828125,2099.687424,2056.880859375,128.5550537109375,114.87258911132812,1020.0934448242188,0.00019196125504095107,0.0,10538.42578125,0,1,0,0,0,25,0,0,0,1,0,4802.5350832109625,39233.93673599425,14439.303119602688,0.002669508276398471,0.016756643896283646,,
925,18,4718.384765625,2621.359616,395.890625,21.99392318725586,75.40505981445312,627.25244140625,9.613141446607187e-05,0.0,7731.923828125,0,1,0,0,0,38,0,0,0,1,0,4306.4107686376765,31623.6185465994,29322.307746336774,0.001872228546331331,0.005899581275352367,,
926,19,4975.8203125,2966.237184,257.5166015625,13.553505897521973,60.00128936767578,452.55419921875,8.814327884465456e-05,0.0,5354.32421875,0,1,0,0,0,34,0,0,0,1,0,3080.91526404049,22287.01179820586,16427.2493846289,0.0012598754878942395,0.0013132326708080828,359.9936708757855,1866.487574826755
927,23,5989.1142578125,3510.460416,1947.3798828125,84.66869354248047,37.964019775390625,276.4021911621094,5.6278448028024286e-05,0.0,4203.810546875,0,1,0,0,0,45,0,0,0,1,0,2147.154840209901,16540.01725620709,14057.026401735628,0.005070905256610119,0.0018850684528172387,891.432021887079,1813.3411854004598
928,26,6765.1591796875,4364.987904,2766.271484375,106.39505767822266,25.90650749206543,232.74293518066406,4.88962177769281e-05,0.0,3690.035400390625,0,1,0,0,0,47,0,0,0,1,0,2007.7028459845747,29254.16843380293,10414.996827289293,0.0005846601295733528,0.003387443724138404,746.2352631654121,3198.078590590919
929,16,4157.9833984375,3456.4992,1834.09375,114.630859375,205.64968872070312,956.2967529296875,0.00034466697252355516,0.0,9653.95703125,0,1,0,0,0,26,0,0,0,1,0,5276.57656348865,32703.492324280214,30276.235462980363,0.0009026887149409558,0.003014758066858407,,
930,19,4941.2568359375,2753.721856,291.1181640625,15.322009086608887,69.3453369140625,585.6795654296875,8.18850239738822e-05,0.0,7257.50537109375,0,1,0,0,0,30,0,0,0,1,0,3554.499925869947,28957.222389883253,18625.270590918677,0.0034373547562250584,0.0016209332447377784,,
931,17,4449.1083984375,2785.203712,1012.7255859375,59.57209396362305,70.36781311035156,745.4500122070312,0.00010396134166512638,0.0,9386.912109375,0,1,0,0,0,37,0,0,0,1,0,3468.2142176167717,25662.070287941042,19742.42320699624,0.0020721622697863797,0.004913708616149932,,
932,19,4961.7294921875,2566.39744,204.5546875,10.766036033630371,95.71223449707031,678.5997924804688,0.00011259968596277758,0.0,8842.2822265625,0,1,0,0,0,32,0,0,0,1,0,5145.501340384994,34497.87637788109,28180.19959351344,3.713446875311388e-05,0.0038433873742167377,904.5557521529995,1433.189298268721
933,21,5482.39599609375,3076.30336,1321.251953125,62.9167594909668,87.01593780517578,513.3572998046875,0.00010725804895628244,0.0,7474.255859375,0,1,0,0,0,46,0,0,0,1,0,3771.565412445586,23935.96091426066,23527.204706666653,0.008143477747636602,0.003479999931247653,,2110.898020430669
934,19,4970.181640625,3258.698752,237.1044921875,12.4791841506958,53.93013381958008,386.8564147949219,8.302705828100443e-05,0.0,5235.66943359375,0,1,0,0,0,33,0,0,0,1,0,3027.328151170664,21282.789287985906,19609.566782561236,3.788146871592374e-05,0.0072084872082346235,679.1220733049423,1561.354461630147
935,20,5206.22021484375,3198.844928,814.861328125,40.74306869506836,81.61203002929688,570.0723266601562,0.0001060658396454528,0.0,7201.6494140625,0,1,0,0,0,30,0,0,0,1,0,3937.6042593033326,24145.084575277026,20369.652723974625,0.006409678485362641,0.006874300678016421,552.4063873572973,2525.668186079179
936,16,4187.09912109375,2805.98272,1479.3486328125,92.45928955078125,49.55546188354492,634.106689453125,9.924292680807412e-05,0.0,6198.08349609375,0,1,0,0,0,28,0,0,0,1,0,2834.0085724767164,19911.65807713285,18029.78956957665,0.00042023086143958693,0.0002548158935193664,109.98200839552828,2504.164496520079
937,16,4183.06494140625,2388.103168,2062.8017578125,128.92510986328125,146.0561981201172,1214.4429931640625,0.00024133175611495972,0.0,13152.271484375,0,1,0,0,0,27,0,0,0,1,0,6701.187661458034,49591.60330899861,43613.58056856576,0.004124349538721386,0.027234087344760932,,
938,22,5757.671875,3084.146176,1516.7890625,68.94496154785156,54.27110290527344,309.6762390136719,6.422642036341131e-05,0.0,4382.70751953125,0,1,0,0,0,36,0,0,0,1,0,2015.9412746800872,8390.157425460633,8310.204224340248,0.0034609875193818,0.0221363608299786,750.3374468060576,1333.845999468295
939,16,4174.1279296875,2913.942528,2063.3076171875,128.95672607421875,172.08297729492188,1208.5343017578125,0.0002213971019955352,0.0,12443.8505859375,0,1,0,0,0,28,0,0,0,1,0,5701.854756103432,38014.461515841234,27969.015730298273,0.0008433856552157101,0.00806234626505676,,
940,22,5736.38427734375,2932.352512,1379.10205078125,62.686458587646484,36.17349624633789,348.4406433105469,5.7662771723698825e-05,0.0,5169.49072265625,0,1,0,0,0,43,0,0,0,1,0,2525.8478880087487,13322.950834505184,12797.841871854904,0.0008169228796267303,0.0022053148891364137,440.9207595925218,2013.8907053353396
941,19,4975.52880859375,3227.670528,230.591796875,12.1364107131958,56.0674934387207,451.01617431640625,8.058726962190121e-05,0.0,5365.3876953125,0,1,0,0,0,31,0,0,0,1,0,2784.754902039878,14377.041909956213,13812.04679823521,0.003384966207359605,0.004856279655278059,,
942,16,4176.60302734375,2659.589632,2068.6640625,129.29150390625,137.1810302734375,1202.6402587890625,0.00021981676400173455,0.0,11804.7412109375,0,1,0,0,0,22,0,0,0,1,0,5378.39761732198,32806.66138533254,23921.11577622329,0.01289822949488622,0.022013619585684957,,
943,17,4414.38427734375,2265.675776,945.076171875,55.592716217041016,56.73916244506836,735.6854248046875,0.00013150734594091773,0.0,8290.65234375,0,1,0,0,0,26,0,0,0,1,0,3733.1282061407733,27533.022846262942,11376.05097075904,6.682696595734002e-05,3.8275936677469036e-05,801.7311123798689,2488.9274693651178
944,17,4427.337890625,2441.2416,1056.1513671875,62.12655258178711,69.56559753417969,437.2579650878906,0.00012981868349015713,0.0,4742.85546875,0,1,0,0,0,28,0,0,0,1,0,1995.0645167779016,12708.96473550187,10636.019046236976,0.015897411733080742,0.0037545857368180037,,
945,17,4435.84765625,2417.625088,1065.939453125,62.70232009887695,137.51815795898438,627.0648803710938,0.00012578905443660915,0.0,7827.8310546875,0,1,0,0,0,31,0,0,0,1,0,4314.509283736791,30099.47555876411,26093.463882926233,8.407236815749682e-05,7.024965243869474e-05,275.7330888413421,1969.0611274323646
946,22,5722.52099609375,3053.83936,1238.083984375,56.276546478271484,23.068052291870117,225.54177856445312,3.8227386539801955e-05,0.0,3199.2626953125,0,1,0,0,0,45,0,0,0,1,0,1688.2638855897226,27874.266727545346,5466.655467761726,0.0021262528134192576,0.00262510902440434,1036.5117220409152,1911.9536958391477
947,16,4167.138671875,2914.9824,1718.080078125,107.3800048828125,58.21580505371094,699.0523071289062,0.00010079630010295659,0.0,7794.6728515625,0,1,0,0,0,24,0,0,0,1,0,3414.3256005677686,28166.728122574063,16544.644659731293,0.005731576082395214,0.006124309493582711,122.23521121979002,1965.4738492351375
948,19,4958.3271484375,2536.686592,250.90234375,13.2053861618042,50.035457611083984,450.49822998046875,5.888818486710079e-05,0.0,5996.36572265625,0,1,0,0,0,39,0,0,0,1,0,2917.1181544650526,20237.972971532745,19336.212146490165,2.794394456717697e-06,0.0021163950312454993,1917.0218088744516,1065.9369386020967
949,20,5221.771484375,3071.299072,760.365234375,38.01826095581055,58.29389572143555,408.7738342285156,7.304447353817523e-05,0.0,5485.109375,0,1,0,0,0,37,0,0,0,1,0,2810.3730958467477,14417.714938111834,13703.221006460088,0.0023584139217198152,0.0011912107743643902,,
950,17,4445.2841796875,2898.744832,1143.3173828125,67.25396728515625,90.02912139892578,1005.7227783203125,0.00013303960440680385,0.0,11980.5400390625,0,1,0,0,0,24,0,0,0,1,0,6104.770493499649,29324.36247654624,27785.50200579937,0.004164520053291321,0.0033241755512479904,,
951,17,4452.01416015625,2577.84832,1152.525390625,67.79560852050781,140.23204040527344,1258.330078125,0.00020797726756427437,0.0,14534.3193359375,0,1,0,0,0,31,0,0,0,1,0,8826.00177200726,115901.88260767583,30631.561875228075,0.001557094607921805,0.010677468712503024,,
952,16,4133.9111328125,2474.04544,1891.9814453125,118.24884033203125,84.78755950927734,796.583251953125,0.0001320454612141475,0.0,9968.85546875,0,1,0,0,0,27,0,0,0,1,0,5182.365866066074,35648.71896068867,33352.17509552312,0.0008316595295630204,9.395743204856921e-05,382.54560060620724,1911.3951927818387
953,15,3860.79248046875,2241.320448,2822.7431640625,188.18289184570312,133.26113891601562,1436.481689453125,0.0002448044833727181,0.0,15100.005859375,0,1,0,0,0,26,0,0,0,1,0,7254.929064697588,59090.13492143532,47832.00290425779,0.008488443627880662,0.01195170152751307,,
954,19,4937.19189453125,2679.797248,242.974609375,12.788137435913086,93.66558837890625,601.8409423828125,0.00010174675844609737,0.0,7368.0810546875,0,1,0,0,0,38,0,0,0,1,0,3725.3096761434176,20945.096494423888,19152.03983191401,0.0031179231876097956,7.634350355685722e-05,,
955,23,5995.07861328125,3687.804928,1766.37353515625,76.7988510131836,32.34101867675781,279.2777099609375,5.235616481513716e-05,0.0,3664.253173828125,0,1,0,0,0,43,0,0,0,1,0,1867.6627037765122,23729.64259589967,20488.64775498213,0.00013326152039234984,0.005080808919249006,,
956,16,4189.2861328125,3163.09504,1724.3662109375,107.77288818359375,54.6406364440918,730.7146606445312,0.0001223534345626831,0.0,7535.86669921875,1,0,1,0,0,28,0,0,0,1,0,2506.308427441413,21428.74481369978,16174.760308594841,0.0022615937001552906,0.003069282646708582,249.8974271565221,2211.164748562491
957,19,4936.65185546875,2810.96192,271.6494140625,14.297337532043457,55.93548583984375,314.42333984375,8.908742893254384e-05,0.0,3482.77783203125,0,1,0,0,0,34,0,0,0,1,0,1766.225370174944,11267.786744048322,10845.816431146366,0.0003011511618794399,0.008077571549953505,,
958,15,3934.354248046875,2543.821824,2882.455078125,192.16368103027344,148.15530395507812,1882.6614990234375,0.000371763453586027,0.0,17329.04296875,0,1,0,0,0,24,0,0,0,1,0,8484.264377169971,45546.58550217981,33112.495134675184,0.008217977495692058,0.001140088033768881,829.1333053036169,2953.557285065402
959,17,4445.00341796875,2379.921408,1047.1376953125,61.596336364746094,85.30660247802734,648.288818359375,0.0001530591689515859,0.0,7384.9404296875,0,1,0,0,0,24,0,0,0,1,0,3535.1364314524444,23478.25228488038,18118.882908526783,7.555581159098684e-05,0.00042177306869744906,,
960,20,5212.55322265625,2801.790464,755.7548828125,37.78774642944336,40.56965255737305,391.5362854003906,6.633115117438138e-05,0.0,5628.44677734375,0,1,0,0,0,42,0,0,0,1,0,2577.4771809119907,19292.915370076094,13425.274194770656,0.0010276265811313724,0.0005401283762509704,,
961,19,4963.69189453125,3044.926976,257.4521484375,13.5501127243042,76.57768249511719,614.85205078125,0.0001313592365477234,0.0,7281.22412109375,0,1,0,0,0,31,0,0,0,1,0,3690.325315895023,25103.835924999807,21592.28105059114,0.0022113018140836535,0.0004802062069252794,,
962,19,4954.42626953125,3117.742592,245.5517578125,12.923776626586914,110.58710479736328,695.1187133789062,0.00014142044528853148,0.0,8546.6982421875,0,1,0,0,0,33,0,0,0,1,0,4673.644966259488,30567.894116395397,23405.927257751984,0.0022054413435112774,0.009347758327775887,,
963,21,5473.96044921875,3305.156608,1171.4931640625,55.7853889465332,48.878177642822266,424.9125671386719,6.707651482429355e-05,0.0,6217.80908203125,0,1,0,0,0,40,0,0,0,1,0,2965.251208901882,28147.128449807846,22198.241563486758,0.00042642261444265396,0.0015874405340378303,765.1346205916952,3153.9480763582424
964,21,5461.259765625,3374.305792,1271.4990234375,60.54757308959961,63.930397033691406,416.62835693359375,7.882161298766732e-05,0.0,5777.10009765625,0,1,0,0,0,37,0,0,0,1,0,3062.535492334149,17799.391305775942,15687.18842361505,7.675356861275295e-05,0.00020100496973210653,397.0683238342863,2707.392929185773
965,19,4949.64306640625,3010.148864,245.3212890625,12.911646842956543,70.74774169921875,485.0736999511719,8.273699495475739e-05,0.0,6687.27099609375,0,1,0,0,0,34,0,0,0,1,0,3298.625906995242,27419.290918748426,16507.05091755996,0.0006297515012913535,0.00021990735503248007,487.04857817807374,1913.200529278979
966,16,4189.77001953125,2491.876864,1878.8271484375,117.42669677734375,98.40725708007812,1082.87255859375,0.00015390953922178596,0.0,11919.8310546875,0,1,0,0,0,26,0,0,0,1,0,5831.723899867114,35541.63703935154,30703.126233178577,0.001910386951414116,0.0014875145378717598,,
967,18,4697.30615234375,2611.259392,290.7177734375,16.15098762512207,46.77229690551758,417.8829650878906,7.254513911902905e-05,0.0,4692.8994140625,0,1,0,0,0,29,0,0,0,1,0,2182.1488657404566,8207.706831931764,5761.244354876829,0.009004962732926823,0.0019333469747216132,,
968,21,5467.78369140625,3147.513856,1175.3857421875,55.97074890136719,52.8232421875,309.0276184082031,6.570442201336846e-05,0.0,4033.8173828125,0,1,0,0,0,40,0,0,0,1,0,1956.80787538795,16892.08446076011,12077.684150120866,0.00013201438504348295,0.0006840693737190373,436.55009740629066,2185.8935864163823
969,16,4183.322265625,2803.477504,1943.494140625,121.4683837890625,116.20674896240234,1058.7161865234375,0.00021706311963498592,0.0,10840.97265625,0,1,0,0,0,26,0,0,0,1,0,5086.3327208773535,39999.09673946226,24762.534569383202,0.006241556615196639,0.0068099256801501355,1202.9912181891702,778.6406785788738
970,15,3929.1748046875,2286.943744,2848.76953125,189.91798400878906,93.72904968261719,1053.73779296875,0.00019789024372585118,0.0,9644.314453125,1,0,1,0,0,21,0,0,0,1,0,4558.268615872828,25069.463930536327,23338.90842432665,0.013204291022759856,0.01224198408930174,,
971,21,5448.17529296875,2958.151168,1316.619140625,62.69615173339844,55.74888610839844,438.9944152832031,7.492543227272108e-05,0.0,6005.9287109375,0,1,0,0,0,41,0,0,0,1,0,3096.8808461699173,19317.987846843094,14565.166223368271,0.006907189119578772,0.000113328654906375,,
972,21,5456.66015625,3500.127744,1300.8759765625,61.946475982666016,69.18585968017578,504.97784423828125,0.00011130872735520825,0.0,6766.93017578125,0,1,0,0,0,39,0,0,0,1,0,3568.398517314971,20842.75372170135,15701.885206720457,0.00015612533168197357,0.005865657874898719,,
973,18,4684.50537109375,3043.767808,375.8017578125,20.87787628173828,79.42958068847656,885.2466430664062,0.00013149977894499898,0.0,11636.7822265625,0,1,0,0,0,33,0,0,0,1,0,5935.382162996119,30100.813802253073,26751.928386476204,0.00027356576312404304,0.002068077206148669,795.0842470721882,3235.7579811444684
974,21,5453.17626953125,3151.07584,1311.091796875,62.432945251464844,43.618675231933594,360.4301452636719,5.949378100922331e-05,0.0,5200.8720703125,0,1,0,0,0,40,0,0,0,1,0,2831.726880592822,15121.014579954082,14687.216618923043,0.001765110848087708,0.0016645793953254436,565.4286771350435,3006.3087417216207
975,23,5969.4248046875,3783.076864,1747.85107421875,75.99352264404297,28.690776824951172,231.0345001220703,5.5618922488065436e-05,0.0,3588.110595703125,0,1,0,0,0,45,0,0,0,1,0,1664.4397452782712,23974.854127665734,14756.515961971303,0.00030784674046641786,0.00919850026364575,,
976,25,6482.25439453125,4131.275264,2358.216796875,94.32866668701172,30.059030532836914,241.77716064453125,5.112016879138537e-05,0.0,3734.281005859375,0,1,0,0,0,49,0,0,0,1,0,1691.7034027460184,25534.900794826794,8009.521990557692,0.00046040082773241063,0.0023365012074699036,1213.4295133628152,1900.6242217954216
977,17,4421.3095703125,3305.376256,1125.2578125,66.19163513183594,157.66465759277344,916.1502075195312,0.00017838402709458023,0.0,9963.2099609375,0,1,0,0,0,27,0,0,0,1,0,4163.160973136517,19988.49996209455,17388.406125102738,0.003716730418965449,0.02913870074505814,1129.1634146657616,905.7767919916141
978,19,4948.3994140625,2786.456576,244.2314453125,12.854287147521973,79.8798828125,467.7189025878906,9.856832184595987e-05,0.0,6055.33447265625,0,1,0,0,0,34,0,0,0,1,0,3090.2010118676685,19245.483562603113,16275.063971621723,0.003699273875374942,0.008162556397626895,,
979,11,2893.905029296875,2118.761984,6131.7734375,557.4339599609375,150.39683532714844,2297.344482421875,0.0003756658989004791,0.0,18890.66015625,0,1,0,0,0,20,0,0,0,1,0,9995.604333795445,74172.96085622835,66541.79095525213,0.00036513688398364524,0.00016014859815642254,584.659389742731,3405.472880356159
980,20,5177.70703125,2499.128832,763.5849609375,38.17924880981445,35.9224853515625,353.2431945800781,6.56307238386944e-05,0.0,4629.029296875,0,1,0,0,0,36,0,0,0,1,0,2447.6567521370457,20333.237020052562,12566.408198304418,0.0005853500603077363,0.0027360358662882056,502.5505730275904,2907.0240485573845
981,20,5209.41259765625,3218.976256,749.509765625,37.47549057006836,34.733856201171875,432.8087158203125,8.573319792049006e-05,0.0,5188.47998046875,0,1,0,0,0,33,0,0,0,1,0,2553.7171689606657,13445.94748276234,12655.653631781603,0.0003667164117043785,0.0005708011880458316,810.9522369227376,2381.306958215556
982,23,5933.49365234375,3716.693504,1773.51171875,77.10920715332031,30.02495574951172,204.8592071533203,4.187522063148208e-05,0.0,2892.178466796875,0,1,0,0,0,39,0,0,0,1,0,1314.2684663399602,5721.763476453165,3247.9052580258644,0.0002911988404965479,0.00192774224126787,1252.436851615101,816.4409875789431
983,22,5589.92041015625,3906.525184,1649.6435546875,74.98380279541016,68.82938385009766,456.3946533203125,6.96377464919351e-05,0.0,6587.81591796875,0,1,0,0,0,37,0,0,0,1,0,3462.7013863175403,21173.65841212318,16883.86156899054,0.0029663201645397617,0.0017451341148120095,1687.524901217758,625.1459374647227
984,19,4916.21484375,3305.307648,251.46875,13.235197067260742,62.4161491394043,593.7423095703125,9.439855784876272e-05,0.0,7359.78271484375,0,1,0,0,0,35,0,0,0,1,0,3124.169871353341,16695.654273458935,15080.494246077536,0.000323215484519232,0.010173199488263684,503.22251585020103,1791.5903137943396
985,18,4807.46533203125,2841.055744,369.9853515625,20.55474281311035,97.4173355102539,716.6372680664062,0.00014768015535082668,0.0,7958.35205078125,0,1,0,0,0,35,0,0,0,1,0,4095.0745813565186,24735.59073705942,18437.053741659907,0.001414919474133261,0.002461128208640799,,
986,18,4668.7060546875,2745.396224,382.86328125,21.27018165588379,80.04933166503906,921.3975219726562,0.00013297911209519953,0.0,9869.978515625,0,1,0,0,0,32,0,0,0,1,0,5839.212544100202,82896.2077234221,33019.04857309617,0.000272045802650632,0.0035227809071354463,,
987,18,4686.5478515625,2748.459008,338.1669921875,18.78705596923828,57.26105880737305,656.2537841796875,0.00010089055285789073,0.0,7588.6298828125,0,1,0,0,0,33,0,0,0,1,0,3765.1521612625334,30080.23801618714,22061.95168597307,0.0030780624810175378,0.002822794144935534,,
988,19,4943.68505859375,2784.218112,265.72265625,13.985403060913086,57.074745178222656,415.0636291503906,7.580028614029288e-05,0.0,5238.4462890625,0,1,0,0,0,29,0,0,0,1,0,2829.6004164899728,18564.921268099846,17808.337464021413,0.02499019607401106,0.0015966875219233442,1166.8868983321258,2256.891468617693
989,16,4172.5673828125,2423.784448,1847.662109375,115.4788818359375,140.32852172851562,1116.8897705078125,0.00017614163516554981,0.0,13558.3154296875,0,1,0,0,0,24,0,0,0,1,0,6906.362965753334,61601.45308205499,48321.68998635911,0.0005779681707645101,0.00017942815316962122,624.9060960253641,2682.885115081016
990,19,5149.47265625,2690.665472,225.7802734375,11.883172035217285,46.169429779052734,296.21875,6.693740579066798e-05,0.0,3919.0283203125,0,1,0,0,0,34,0,0,0,1,0,2134.1426810719177,18861.540138164448,10253.846994881651,0.001354562543843009,0.015245451507385904,475.34751959260666,2646.5556224245333
991,21,5468.63623046875,3337.238016,1293.5380859375,61.59705352783203,77.54776763916016,437.7240905761719,8.124660234898329e-05,0.0,5769.28466796875,0,1,0,0,0,39,0,0,0,1,0,3032.1158954448438,25006.108156670867,20952.52302885295,0.001610538724167429,0.0013005105688900093,,
992,23,5994.7021484375,3763.352576,1961.970703125,85.3030776977539,32.86051940917969,222.8233642578125,4.3920525058638304e-05,0.0,3501.66455078125,0,1,0,0,0,50,0,0,0,1,0,1871.7611628772665,15125.766287880595,13659.999240804224,0.0029977464174748975,2.1732403409049222e-05,,2019.7031769664281
993,17,4444.544921875,3087.326208,1138.3115234375,66.95950317382812,102.9365463256836,1508.969970703125,0.00019816227722913027,0.0,15886.9560546875,0,1,0,0,0,24,0,0,0,1,0,11386.200161274943,43663.57259169166,32962.93478002883,0.004252384557756603,0.000972744426450789,,
994,19,4937.7109375,2694.532096,250.259765625,13.1715669631958,63.914825439453125,618.9425048828125,8.852733299136162e-05,0.0,7721.4990234375,0,1,0,0,0,38,0,0,0,1,0,4412.585773565115,38088.442799177035,21380.14463653262,0.001372013031570897,0.0007109776523051385,973.4034317906194,3462.395931361049
995,19,4926.44091796875,2973.682688,238.1357421875,12.53346061706543,45.38913345336914,445.0291442871094,7.040578202577308e-05,0.0,5533.20166015625,0,1,0,0,0,37,0,0,0,1,0,2372.650448559895,12490.436639712761,12439.739240343371,0.009106780622192723,0.0002677968766969657,,
996,20,5198.3310546875,3175.940608,820.923828125,41.04619216918945,89.24580383300781,514.921875,9.807454625843093e-05,0.0,6649.05615234375,0,1,0,0,0,33,0,0,0,1,0,3544.700311311247,25843.995233906833,19141.347053329097,0.0012706631066466273,0.003738377276109539,389.5339354267426,1887.7103373053392
997,14,3665.40234375,2520.235008,3714.5439453125,265.3245849609375,106.8777084350586,1589.83203125,0.00023197273549158126,0.0,17875.32421875,0,1,0,0,0,16,0,0,0,1,0,8316.4304922901,58798.122529067725,58083.36242652332,0.000694892768672014,0.0011329988197172139,1148.3342247838827,2542.510116913345
998,21,5442.7138671875,2785.87648,1399.0458984375,66.62123107910156,70.6220932006836,548.4163818359375,7.836121221771464e-05,0.0,7270.0283203125,0,1,0,0,0,36,0,0,0,1,0,4188.166730000211,20338.184584246126,19090.860352011005,0.00534435325422819,0.08759225737082256,1066.4088210389718,3354.1710315201203
999,17,4422.75,2754.36544,826.650390625,48.626495361328125,61.16422653198242,851.350830078125,0.00013212778139859438,0.0,10286.333984375,0,1,0,0,0,31,0,0,0,1,0,5208.286508212854,22633.4749131893,14740.123758603226,0.001993707633658387,0.00038809261955526086,121.18442595993065,2300.2968808667006
