model,dataset_index,sample_index,number_of_atoms,force_mae_eV_per_angstrom,hessian_mae_eV_per_angstrom2
Energy-force-only EquiformerV2 AD,35070,0,14,0.0122619112953543,2.135237693786621
Energy-force-only EquiformerV2 AD,2284,1,13,0.0214469339698553,1.9570457935333248
Energy-force-only EquiformerV2 AD,13332,2,13,0.0090327737852931,2.754317045211792
Energy-force-only EquiformerV2 AD,14281,3,11,0.0235351640731096,3.3895251750946045
Energy-force-only EquiformerV2 AD,46110,4,15,0.0172682255506515,1.8443082571029663
Energy-force-only EquiformerV2 AD,33249,5,17,0.0084249442443251,1.802103996276856
Energy-force-only EquiformerV2 AD,35938,6,14,0.003388077719137,2.083019256591797
Energy-force-only EquiformerV2 AD,47043,7,15,0.0055308905430138,2.114204168319702
Energy-force-only EquiformerV2 AD,25642,8,14,0.0094741377979516,1.7278177738189695
Energy-force-only EquiformerV2 AD,35177,9,10,0.0098410556092858,3.871335744857788
Energy-force-only EquiformerV2 AD,50102,10,19,0.00485719460994,1.4597773551940918
Energy-force-only EquiformerV2 AD,2674,11,14,0.012963461689651,2.277855396270752
Energy-force-only EquiformerV2 AD,34598,12,17,0.0190766006708145,1.2639710903167725
Energy-force-only EquiformerV2 AD,12843,13,19,0.0098092034459114,1.2902156114578247
Energy-force-only EquiformerV2 AD,1375,14,14,0.0034501766785979,1.9285262823104856
Energy-force-only EquiformerV2 AD,42274,15,11,0.0210809502750635,2.660212278366089
Energy-force-only EquiformerV2 AD,11899,16,14,0.0163371618837118,2.2293477058410645
Energy-force-only EquiformerV2 AD,24768,17,12,0.0346526019275188,3.318730115890503
Energy-force-only EquiformerV2 AD,25701,18,11,0.0115796569734811,3.849663496017456
Energy-force-only EquiformerV2 AD,17250,19,15,0.0065955794416368,2.065737247467041
Energy-force-only EquiformerV2 AD,26833,20,10,0.0215734057128429,2.2327752113342285
Energy-force-only EquiformerV2 AD,12656,21,14,0.0102346446365118,2.4569694995880127
Energy-force-only EquiformerV2 AD,4221,22,21,0.0232970621436834,1.0762420892715454
Energy-force-only EquiformerV2 AD,16177,23,12,0.0081792222335934,2.936208963394165
Energy-force-only EquiformerV2 AD,25283,24,15,0.0075208507478237,2.0174553394317627
Energy-force-only EquiformerV2 AD,39339,25,14,0.0112488670274615,1.8758171796798704
Energy-force-only EquiformerV2 AD,9739,26,10,0.0111240269616246,4.19660234451294
Energy-force-only EquiformerV2 AD,41691,27,18,0.0044628712348639,1.466962456703186
Energy-force-only EquiformerV2 AD,42843,28,14,0.0066904490813612,1.827115535736084
Energy-force-only EquiformerV2 AD,17903,29,15,0.0105657875537872,2.289386749267578
Energy-force-only EquiformerV2 AD,48588,30,12,0.0177047979086637,2.373688220977783
Energy-force-only EquiformerV2 AD,30815,31,12,0.0230748355388641,1.421341896057129
Energy-force-only EquiformerV2 AD,29115,32,18,0.0132531458511948,1.6461312770843506
Energy-force-only EquiformerV2 AD,40,33,11,0.0070497319102287,3.847154855728149
Energy-force-only EquiformerV2 AD,32597,34,15,0.0069741951301693,1.7403675317764282
Energy-force-only EquiformerV2 AD,16626,35,9,0.0233584959059953,2.912075519561768
Energy-force-only EquiformerV2 AD,37271,36,12,0.0160791520029306,1.872747778892517
Energy-force-only EquiformerV2 AD,29570,37,17,0.0051418561488389,1.7227883338928225
Energy-force-only EquiformerV2 AD,26756,38,16,0.0122804623097181,1.540510654449463
Energy-force-only EquiformerV2 AD,27834,39,14,0.0078458916395902,2.5377705097198486
Energy-force-only EquiformerV2 AD,522,40,16,0.008852151222527,1.777270793914795
Energy-force-only EquiformerV2 AD,45251,41,14,0.0140674822032451,2.0424516201019287
Energy-force-only EquiformerV2 AD,13633,42,12,0.0058529893867671,2.177044153213501
Energy-force-only EquiformerV2 AD,17617,43,12,0.042656946927309,2.986346244812012
Energy-force-only EquiformerV2 AD,42551,44,13,0.0057397694326937,2.830881834030152
Energy-force-only EquiformerV2 AD,17297,45,14,0.0080107171088457,1.7289233207702637
Energy-force-only EquiformerV2 AD,44139,46,14,0.0055574588477611,2.304331064224243
Energy-force-only EquiformerV2 AD,9584,47,17,0.0125133199617266,1.193659782409668
Energy-force-only EquiformerV2 AD,10389,48,15,0.0117049841210246,0.9028589129447936
Energy-force-only EquiformerV2 AD,11231,49,15,0.0062794806435704,1.8724117279052728
Energy-force-only EquiformerV2 AD,40666,50,15,0.0151807600632309,2.03987455368042
Energy-force-only EquiformerV2 AD,32583,51,11,0.0330796502530574,3.0432794094085693
Energy-force-only EquiformerV2 AD,20294,52,15,0.0312492828816175,1.6344982385635376
Energy-force-only EquiformerV2 AD,30061,53,16,0.0053377598524093,1.7347066402435305
Energy-force-only EquiformerV2 AD,16990,54,14,0.0067087947390973,1.6737542152404783
Energy-force-only EquiformerV2 AD,42360,55,16,0.05239924415946,2.269286870956421
Energy-force-only EquiformerV2 AD,24047,56,14,0.0073537919670343,2.131917953491211
Energy-force-only EquiformerV2 AD,16190,57,11,0.0070774592459201,3.651979923248291
Energy-force-only EquiformerV2 AD,15628,58,15,0.0250875484198331,1.029886245727539
Energy-force-only EquiformerV2 AD,26057,59,11,0.0328073650598526,2.6108145713806152
Energy-force-only EquiformerV2 AD,1838,60,19,0.0523462928831577,0.6367645859718323
Energy-force-only EquiformerV2 AD,48003,61,15,0.0451540760695934,0.9061659574508668
Energy-force-only EquiformerV2 AD,17598,62,13,0.0376405417919158,3.406609058380127
Energy-force-only EquiformerV2 AD,21961,63,16,0.0056094727478921,2.202582836151123
Energy-force-only EquiformerV2 AD,2974,64,12,0.0142518552020192,3.465895414352417
Energy-force-only EquiformerV2 AD,49367,65,11,0.0325143411755561,3.204464197158813
Energy-force-only EquiformerV2 AD,40887,66,11,0.018626295030117,2.7886276245117188
Energy-force-only EquiformerV2 AD,1995,67,9,0.0132541600614786,3.9251413345336914
Energy-force-only EquiformerV2 AD,25175,68,15,0.0186772421002388,2.5900673866271973
Energy-force-only EquiformerV2 AD,28105,69,10,0.0225927270948886,3.408446788787842
Energy-force-only EquiformerV2 AD,12579,70,16,0.0404322259128093,1.2010952234268188
Energy-force-only EquiformerV2 AD,50014,71,12,0.0113272182643413,2.6494300365448
Energy-force-only EquiformerV2 AD,13360,72,19,0.018640711903572,1.283636212348938
Energy-force-only EquiformerV2 AD,33776,73,17,0.0039601661264896,1.4884995222091677
Energy-force-only EquiformerV2 AD,36882,74,11,0.0213004909455776,2.2658071517944336
Energy-force-only EquiformerV2 AD,10607,75,12,0.0102825248613953,2.76941180229187
Energy-force-only EquiformerV2 AD,2111,76,14,0.0118197379633784,2.725250005722046
Energy-force-only EquiformerV2 AD,6687,77,11,0.0082441894337534,3.021963119506836
Energy-force-only EquiformerV2 AD,16328,78,15,0.0086498744785785,1.4560562372207642
Energy-force-only EquiformerV2 AD,22215,79,14,0.0044605517759919,2.1368937492370605
Energy-force-only EquiformerV2 AD,11994,80,12,0.0227621551603078,2.716359853744507
Energy-force-only EquiformerV2 AD,37342,81,16,0.0040093916468322,1.621395707130432
Energy-force-only EquiformerV2 AD,43966,82,10,0.0216360259801149,3.419518232345581
Energy-force-only EquiformerV2 AD,46769,83,16,0.0090916929766535,1.669996976852417
Energy-force-only EquiformerV2 AD,36826,84,19,0.0102476188912987,0.8688839673995972
Energy-force-only EquiformerV2 AD,11804,85,19,0.0072674532420933,0.9821162223815918
Energy-force-only EquiformerV2 AD,28681,86,10,0.0112070683389902,4.201541423797607
Energy-force-only EquiformerV2 AD,43485,87,16,0.0096276793628931,2.1175689697265625
Energy-force-only EquiformerV2 AD,47511,88,15,0.0082406010478734,2.0680506229400635
Energy-force-only EquiformerV2 AD,5267,89,9,0.0719138905405998,3.705390214920044
Energy-force-only EquiformerV2 AD,39361,90,14,0.0057813874445855,2.1284267902374268
Energy-force-only EquiformerV2 AD,19372,91,13,0.022783800959587,3.039231538772583
Energy-force-only EquiformerV2 AD,1949,92,16,0.0119508057832717,0.766593873500824
Energy-force-only EquiformerV2 AD,9702,93,17,0.0077482336200773,1.735116481781006
Energy-force-only EquiformerV2 AD,15485,94,11,0.0174039062112569,2.940303325653076
Energy-force-only EquiformerV2 AD,21838,95,17,0.0269028581678867,1.2951383590698242
Energy-force-only EquiformerV2 AD,43645,96,16,0.0175661612302064,1.9925185441970823
Energy-force-only EquiformerV2 AD,13327,97,14,0.0309136118739843,2.463209629058838
Energy-force-only EquiformerV2 AD,22789,98,15,0.0040020607411861,2.1028530597686768
Energy-force-only EquiformerV2 AD,15413,99,11,0.0217364486306905,1.866559982299805
Energy-force-only EquiformerV2 AD,28010,100,15,0.0185250286012887,1.901518940925598
Energy-force-only EquiformerV2 AD,15698,101,12,0.0196397677063941,1.4451439380645752
Energy-force-only EquiformerV2 AD,38361,102,13,0.0735489949584007,2.350178003311157
Energy-force-only EquiformerV2 AD,20249,103,15,0.0089904023334383,2.4011824131011963
Energy-force-only EquiformerV2 AD,18821,104,8,0.0187374968081712,4.518362522125244
Energy-force-only EquiformerV2 AD,39354,105,15,0.03729934617877,1.9872009754180908
Energy-force-only EquiformerV2 AD,3025,106,14,0.0174188483506441,2.4246826171875
Energy-force-only EquiformerV2 AD,7123,107,15,0.0093216588720679,1.8738449811935425
Energy-force-only EquiformerV2 AD,9049,108,14,0.0206020455807447,2.395066738128662
Energy-force-only EquiformerV2 AD,7802,109,15,0.0648108422756195,2.820251226425171
Energy-force-only EquiformerV2 AD,36977,110,12,0.0041382545605301,2.8246634006500244
Energy-force-only EquiformerV2 AD,18993,111,12,0.0080540813505649,3.0295839309692383
Energy-force-only EquiformerV2 AD,39091,112,14,0.0075608119368553,2.4598491191864014
Energy-force-only EquiformerV2 AD,35420,113,10,0.0193075351417064,3.382057905197144
Energy-force-only EquiformerV2 AD,27944,114,14,0.0191487669944763,1.3591046333312988
Energy-force-only EquiformerV2 AD,20270,115,12,0.0188808105885982,2.007201910018921
Energy-force-only EquiformerV2 AD,12324,116,8,0.0123190088197588,3.71394944190979
Energy-force-only EquiformerV2 AD,39286,117,14,0.0151899429038167,2.433832883834839
Energy-force-only EquiformerV2 AD,35559,118,12,0.0311971642076969,2.213201999664306
Energy-force-only EquiformerV2 AD,2087,119,14,0.0300801713019609,2.0343732833862305
Energy-force-only EquiformerV2 AD,29519,120,17,0.012031246908009,1.1011059284210205
Energy-force-only EquiformerV2 AD,14840,121,16,0.0433759056031703,0.9018999934196472
Energy-force-only EquiformerV2 AD,46667,122,11,0.1173094287514686,3.298323154449463
Energy-force-only EquiformerV2 AD,10469,123,13,0.0069170296192169,2.315413475036621
Energy-force-only EquiformerV2 AD,23184,124,13,0.0112591199576854,2.274886131286621
Energy-force-only EquiformerV2 AD,2251,125,10,0.0183312110602855,2.843045949935913
Energy-force-only EquiformerV2 AD,2493,126,10,0.0280015803873538,3.019624948501587
Energy-force-only EquiformerV2 AD,31105,127,16,0.0029144715517759,1.6770708560943604
Energy-force-only EquiformerV2 AD,20311,128,13,0.0079719657078385,2.219645023345948
Energy-force-only EquiformerV2 AD,35660,129,18,0.0099825570359826,1.0800851583480835
Energy-force-only EquiformerV2 AD,46637,130,11,0.0109160933643579,2.899674654006958
Energy-force-only EquiformerV2 AD,41937,131,13,0.0059257973916828,2.670900583267212
Energy-force-only EquiformerV2 AD,17348,132,13,0.0514489151537418,3.000446319580078
Energy-force-only EquiformerV2 AD,44741,133,10,0.0045425705611705,4.037253856658936
Energy-force-only EquiformerV2 AD,20410,134,12,0.0116317374631762,2.295682907104492
Energy-force-only EquiformerV2 AD,42370,135,16,0.007387357763946,1.3022096157073977
Energy-force-only EquiformerV2 AD,22400,136,17,0.0079877767711877,1.4599634408950806
Energy-force-only EquiformerV2 AD,21917,137,16,0.0413971170783042,1.876671314239502
Energy-force-only EquiformerV2 AD,31296,138,18,0.0033113448880612,1.835845112800598
Energy-force-only EquiformerV2 AD,11515,139,17,0.0263723935931921,1.507786750793457
Energy-force-only EquiformerV2 AD,14723,140,10,0.0556851513683795,3.627799034118652
Energy-force-only EquiformerV2 AD,38694,141,13,0.0122723262757062,2.1136364936828613
Energy-force-only EquiformerV2 AD,10731,142,21,0.0078313164412975,0.7624088525772095
Energy-force-only EquiformerV2 AD,44701,143,14,0.0434355475008487,2.829277753829956
Energy-force-only EquiformerV2 AD,40579,144,12,0.0201008860021829,2.988398790359497
Energy-force-only EquiformerV2 AD,39319,145,13,0.0157034955918788,2.3155112266540527
Energy-force-only EquiformerV2 AD,10382,146,14,0.0133085567504167,2.1162023544311523
Energy-force-only EquiformerV2 AD,30800,147,12,0.0063789854757487,2.600769281387329
Energy-force-only EquiformerV2 AD,50052,148,15,0.0088042607530951,2.454751968383789
Energy-force-only EquiformerV2 AD,5686,149,13,0.0109989950433373,1.9070584774017327
Energy-force-only EquiformerV2 AD,48550,150,16,0.0299658775329589,1.8028013706207275
Energy-force-only EquiformerV2 AD,33962,151,10,0.1585567891597747,4.182048320770264
Energy-force-only EquiformerV2 AD,10924,152,19,0.0065926113165915,0.9447145462036132
Energy-force-only EquiformerV2 AD,1129,153,13,0.023248529061675,1.5560455322265625
Energy-force-only EquiformerV2 AD,41116,154,19,0.008546782657504,1.2472636699676514
Energy-force-only EquiformerV2 AD,4589,155,16,0.0103173498064279,1.818504810333252
Energy-force-only EquiformerV2 AD,1410,156,13,0.01623997092247,2.276477813720703
Energy-force-only EquiformerV2 AD,3607,157,17,0.0156076867133378,1.2976514101028442
Energy-force-only EquiformerV2 AD,18810,158,11,0.0268457438796758,1.826643943786621
Energy-force-only EquiformerV2 AD,12622,159,12,0.0400635115802288,2.3099477291107178
Energy-force-only EquiformerV2 AD,24050,160,19,0.0034589432179927,1.3705579042434692
Energy-force-only EquiformerV2 AD,39502,161,11,0.0317299515008926,2.890333652496338
Energy-force-only EquiformerV2 AD,21985,162,11,0.0142423138022422,3.582718849182129
Energy-force-only EquiformerV2 AD,38182,163,12,0.0144277019426226,2.6776485443115234
Energy-force-only EquiformerV2 AD,27797,164,17,0.0240666754543781,1.779818415641785
Energy-force-only EquiformerV2 AD,43778,165,16,0.0076300725340843,1.657866597175598
Energy-force-only EquiformerV2 AD,29497,166,14,0.0139371929690241,2.550992965698242
Energy-force-only EquiformerV2 AD,26366,167,14,0.0049387956969439,2.348905563354492
Energy-force-only EquiformerV2 AD,42414,168,12,0.036482211202383,2.50265908241272
Energy-force-only EquiformerV2 AD,37769,169,13,0.0087412511929869,2.324516534805298
Energy-force-only EquiformerV2 AD,25791,170,17,0.0090735349804162,1.63047456741333
Energy-force-only EquiformerV2 AD,29429,171,11,0.0123208137229084,3.0277836322784424
Energy-force-only EquiformerV2 AD,27678,172,11,0.0175307188183069,3.3387603759765625
Energy-force-only EquiformerV2 AD,24975,173,16,0.0084436573088169,1.829907774925232
Energy-force-only EquiformerV2 AD,31191,174,15,0.0142195038497447,2.4282772541046143
Energy-force-only EquiformerV2 AD,42950,175,14,0.0116538973525166,2.2118306159973145
Energy-force-only EquiformerV2 AD,12290,176,13,0.0168179329484701,1.7064632177352903
Energy-force-only EquiformerV2 AD,39798,177,13,0.0109659293666481,2.532190322875977
Energy-force-only EquiformerV2 AD,38512,178,16,0.0227229353040456,1.5298765897750854
Energy-force-only EquiformerV2 AD,22016,179,16,0.0042789462022483,1.4482979774475098
Energy-force-only EquiformerV2 AD,21896,180,16,0.0053304526954889,1.6663256883621216
Energy-force-only EquiformerV2 AD,5892,181,17,0.0250099785625934,0.8225058913230896
Energy-force-only EquiformerV2 AD,34711,182,13,0.012446355074644,2.020341396331787
Energy-force-only EquiformerV2 AD,35764,183,14,0.0173465218394994,1.24774169921875
Energy-force-only EquiformerV2 AD,27724,184,16,0.0112399123609066,1.6725908517837524
Energy-force-only EquiformerV2 AD,31310,185,16,0.0184913240373134,1.832651138305664
Energy-force-only EquiformerV2 AD,5165,186,12,0.0141626549884676,1.8603436946868896
Energy-force-only EquiformerV2 AD,2441,187,12,0.020704124122858,2.9073526859283447
Energy-force-only EquiformerV2 AD,48282,188,17,0.0226400587707757,1.84160590171814
Energy-force-only EquiformerV2 AD,34553,189,14,0.0170907247811555,1.9230940341949463
Energy-force-only EquiformerV2 AD,3806,190,14,0.0139106716960668,1.859521508216858
Energy-force-only EquiformerV2 AD,22661,191,12,0.0260430015623569,2.958477735519409
Energy-force-only EquiformerV2 AD,21336,192,13,0.0180437956005334,2.404327869415283
Energy-force-only EquiformerV2 AD,44803,193,12,0.0082096653059124,2.984792947769165
Energy-force-only EquiformerV2 AD,9796,194,9,0.0118716936558485,4.718120574951172
Energy-force-only EquiformerV2 AD,20121,195,16,0.047441404312849,0.7370045185089111
Energy-force-only EquiformerV2 AD,28069,196,12,0.005536182783544,2.693532466888428
Energy-force-only EquiformerV2 AD,31496,197,10,0.0152350114658474,4.49188232421875
Energy-force-only EquiformerV2 AD,30100,198,17,0.005070305429399,1.6424988508224487
Energy-force-only EquiformerV2 AD,44223,199,10,0.0096864867955446,3.583590745925904
Energy-force-only EquiformerV2 AD,21266,200,19,0.0052109314128756,1.407222032546997
Energy-force-only EquiformerV2 AD,28136,201,17,0.0211808644235134,1.259143948554993
Energy-force-only EquiformerV2 AD,10788,202,14,0.0039560771547257,2.0826101303100586
Energy-force-only EquiformerV2 AD,6574,203,17,0.032998077571392,1.1902761459350586
Energy-force-only EquiformerV2 AD,35823,204,14,0.0129576157778501,1.6008442640304563
Energy-force-only EquiformerV2 AD,22791,205,19,0.0049616517499089,1.4122964143753052
Energy-force-only EquiformerV2 AD,24571,206,11,0.0033302064985036,1.655033826828003
Energy-force-only EquiformerV2 AD,41122,207,12,0.0164819154888391,2.3541407585144043
Energy-force-only EquiformerV2 AD,9277,208,15,0.0359090641140937,2.655662298202514
Energy-force-only EquiformerV2 AD,19815,209,17,0.0103273913264274,1.6772336959838867
Energy-force-only EquiformerV2 AD,46254,210,13,0.0080983154475688,2.9914441108703613
Energy-force-only EquiformerV2 AD,49804,211,14,0.0406318791210651,2.6687233448028564
Energy-force-only EquiformerV2 AD,30888,212,19,0.0110420659184455,0.883172869682312
Energy-force-only EquiformerV2 AD,4021,213,14,0.0262105390429496,2.18112587928772
Energy-force-only EquiformerV2 AD,39058,214,14,0.0106044709682464,1.808991551399231
Energy-force-only EquiformerV2 AD,6401,215,16,0.0225659664720296,1.7617533206939695
Energy-force-only EquiformerV2 AD,41975,216,16,0.0098589342087507,1.3193384408950806
Energy-force-only EquiformerV2 AD,23628,217,14,0.0232069883495569,1.478570580482483
Energy-force-only EquiformerV2 AD,38645,218,14,0.0052980748005211,1.877203345298767
Energy-force-only EquiformerV2 AD,3434,219,12,0.012345727533102,2.623765468597412
Energy-force-only EquiformerV2 AD,34070,220,13,0.0163333751261234,1.805032014846801
Energy-force-only EquiformerV2 AD,4818,221,15,0.0131822293624281,2.2769782543182373
Energy-force-only EquiformerV2 AD,32655,222,8,0.0255536399781703,4.507241249084473
Energy-force-only EquiformerV2 AD,40231,223,9,0.0097438851371407,3.8167507648468018
Energy-force-only EquiformerV2 AD,14377,224,13,0.0111940344795584,2.3718929290771484
Energy-force-only EquiformerV2 AD,38901,225,18,0.005629657767713,1.2255479097366333
Energy-force-only EquiformerV2 AD,25188,226,18,0.0107333660125732,1.3221259117126465
Energy-force-only EquiformerV2 AD,9803,227,14,0.0163236372172832,2.353521585464477
Energy-force-only EquiformerV2 AD,41132,228,12,0.0342953950166702,3.314157009124756
Energy-force-only EquiformerV2 AD,39752,229,11,0.0058702579699456,3.864177942276001
Energy-force-only EquiformerV2 AD,40269,230,11,0.0116195138543844,2.264411687850952
Energy-force-only EquiformerV2 AD,3049,231,16,0.006361061707139,1.8170286417007449
Energy-force-only EquiformerV2 AD,7139,232,14,0.0195657946169376,2.1195383071899414
Energy-force-only EquiformerV2 AD,18665,233,17,0.0164860486984252,1.4815305471420288
Energy-force-only EquiformerV2 AD,4403,234,14,0.0343574024736881,2.3371293544769287
Energy-force-only EquiformerV2 AD,20507,235,16,0.0122524406760931,1.1581082344055176
Energy-force-only EquiformerV2 AD,6553,236,13,0.0203943718224763,2.002025842666626
Energy-force-only EquiformerV2 AD,7533,237,13,0.034871656447649,2.6813504695892334
Energy-force-only EquiformerV2 AD,18484,238,15,0.017365301027894,1.852504014968872
Energy-force-only EquiformerV2 AD,47667,239,15,0.0518493354320526,1.361858606338501
Energy-force-only EquiformerV2 AD,37201,240,15,0.0122410953044891,2.014878749847412
Energy-force-only EquiformerV2 AD,15721,241,12,0.0244773402810096,2.483494520187378
Energy-force-only EquiformerV2 AD,46771,242,14,0.0063219158910214,2.7898757457733154
Energy-force-only EquiformerV2 AD,12377,243,19,0.0033404051791876,1.401376724243164
Energy-force-only EquiformerV2 AD,19546,244,16,0.0064930850639939,1.3313134908676147
Energy-force-only EquiformerV2 AD,41943,245,14,0.0123161375522613,2.2598319053649902
Energy-force-only EquiformerV2 AD,33736,246,10,0.0067220432683825,4.5855255126953125
Energy-force-only EquiformerV2 AD,8651,247,14,0.0110386088490486,1.9284698963165283
Energy-force-only EquiformerV2 AD,42912,248,10,0.0782581865787506,4.152617931365967
Energy-force-only EquiformerV2 AD,44452,249,12,0.0122036002576351,2.8185067176818848
Energy-force-only EquiformerV2 AD,27605,250,17,0.0697973370552063,0.9814633131027222
Energy-force-only EquiformerV2 AD,9159,251,9,0.1226898059248924,3.647692918777466
Energy-force-only EquiformerV2 AD,36079,252,14,0.0277294944971799,2.449014186859131
Energy-force-only EquiformerV2 AD,32724,253,15,0.0081251561641693,2.287959575653076
Energy-force-only EquiformerV2 AD,46888,254,6,0.0367040634155273,7.331318378448486
Energy-force-only EquiformerV2 AD,35418,255,14,0.0060780574567615,2.008310079574585
Energy-force-only EquiformerV2 AD,12510,256,14,0.0059254136867821,2.181845426559448
Energy-force-only EquiformerV2 AD,36077,257,14,0.0121133672073483,1.7355026006698608
Energy-force-only EquiformerV2 AD,31905,258,9,0.006515719462186,4.076852321624756
Energy-force-only EquiformerV2 AD,18866,259,14,0.0112138707190752,1.7437331676483154
Energy-force-only EquiformerV2 AD,19316,260,12,0.0323013514280319,1.4397801160812378
Energy-force-only EquiformerV2 AD,29376,261,14,0.0408947430551052,1.579903244972229
Energy-force-only EquiformerV2 AD,20088,262,15,0.1354586780071258,2.721134185791016
Energy-force-only EquiformerV2 AD,29899,263,19,0.0059827137738466,1.4785561561584473
Energy-force-only EquiformerV2 AD,14866,264,16,0.0563438534736633,1.8046406507492063
Energy-force-only EquiformerV2 AD,21643,265,12,0.0205665510147809,1.8904560804367063
Energy-force-only EquiformerV2 AD,25707,266,12,0.0146814621984958,1.9117133617401123
Energy-force-only EquiformerV2 AD,50184,267,15,0.0280760433524847,1.0276265144348145
Energy-force-only EquiformerV2 AD,45146,268,13,0.0036461043637245,2.457322120666504
Energy-force-only EquiformerV2 AD,37482,269,14,0.0330506898462772,1.8650494813919067
Energy-force-only EquiformerV2 AD,41729,270,13,0.0299802478402853,1.988239288330078
Energy-force-only EquiformerV2 AD,40260,271,15,0.0122376130893826,1.5930873155593872
Energy-force-only EquiformerV2 AD,37291,272,10,0.0247885193675756,2.5829520225524902
Energy-force-only EquiformerV2 AD,15291,273,14,0.032809030264616,1.828599214553833
Energy-force-only EquiformerV2 AD,10146,274,19,0.0169049873948097,1.045071721076965
Energy-force-only EquiformerV2 AD,47868,275,14,0.0276156589388847,1.7322577238082886
Energy-force-only EquiformerV2 AD,35428,276,12,0.0197417512536048,2.564119577407837
Energy-force-only EquiformerV2 AD,35617,277,11,0.0169178545475006,3.708058834075928
Energy-force-only EquiformerV2 AD,4344,278,12,0.0123453168198466,2.587512493133545
Energy-force-only EquiformerV2 AD,23317,279,15,0.006446014624089,2.1119942665100098
Energy-force-only EquiformerV2 AD,22383,280,16,0.0100660007447004,1.7615233659744265
Energy-force-only EquiformerV2 AD,18790,281,14,0.0114843565970659,2.1811323165893555
Energy-force-only EquiformerV2 AD,27521,282,14,0.0214048605412244,1.6138207912445068
Energy-force-only EquiformerV2 AD,22325,283,12,0.0160625334829092,3.1328516006469727
Energy-force-only EquiformerV2 AD,11933,284,12,0.0150521993637084,3.396462917327881
Energy-force-only EquiformerV2 AD,5754,285,13,0.035795260220766,1.5866011381149292
Energy-force-only EquiformerV2 AD,318,286,16,0.0090961325913667,1.835957407951355
Energy-force-only EquiformerV2 AD,21743,287,12,0.0434002242982387,2.0200388431549072
Energy-force-only EquiformerV2 AD,26792,288,14,0.013239299878478,2.2872753143310547
Energy-force-only EquiformerV2 AD,19044,289,14,0.0132189057767391,1.8855159282684328
Energy-force-only EquiformerV2 AD,42848,290,14,0.0074195591732859,1.828662872314453
Energy-force-only EquiformerV2 AD,32284,291,15,0.0225272718816995,1.799183011054993
Energy-force-only EquiformerV2 AD,21628,292,16,0.0174503494054079,1.91726815700531
Energy-force-only EquiformerV2 AD,9798,293,12,0.0337312892079353,3.538587808609009
Energy-force-only EquiformerV2 AD,50297,294,13,0.0222931895405054,2.613670825958252
Energy-force-only EquiformerV2 AD,17574,295,14,0.0203542690724134,2.2209465503692627
Energy-force-only EquiformerV2 AD,2917,296,13,0.0250749178230762,2.6404378414154053
Energy-force-only EquiformerV2 AD,16151,297,17,0.0037790613714605,1.5601516962051392
Energy-force-only EquiformerV2 AD,50646,298,11,0.0096254590898752,2.897135972976685
Energy-force-only EquiformerV2 AD,40081,299,18,0.0090742129832506,0.9032240509986876
Energy-force-only EquiformerV2 AD,37180,300,15,0.1250398904085159,1.4308487176895142
Energy-force-only EquiformerV2 AD,48701,301,13,0.0067912838421761,2.799745798110962
Energy-force-only EquiformerV2 AD,27290,302,13,0.0240661837160587,2.4785854816436768
Energy-force-only EquiformerV2 AD,13294,303,16,0.007590745575726,1.599648118019104
Energy-force-only EquiformerV2 AD,20005,304,16,0.0037570670247077,1.6539546251296997
Energy-force-only EquiformerV2 AD,27301,305,12,0.0572899915277957,2.7077109813690186
Energy-force-only EquiformerV2 AD,5253,306,14,0.0299884937703609,2.8699047565460205
Energy-force-only EquiformerV2 AD,28813,307,12,0.033559039235115,2.0709145069122314
Energy-force-only EquiformerV2 AD,37139,308,12,0.0082463910803198,2.886960506439209
Energy-force-only EquiformerV2 AD,18392,309,12,0.0630284175276756,1.576581597328186
Energy-force-only EquiformerV2 AD,34349,310,17,0.0199742186814546,1.6063179969787598
Energy-force-only EquiformerV2 AD,13482,311,10,0.0424868278205394,3.8878040313720703
Energy-force-only EquiformerV2 AD,8411,312,16,0.0088574886322021,1.5499931573867798
Energy-force-only EquiformerV2 AD,13671,313,15,0.0059994105249643,1.71368145942688
Energy-force-only EquiformerV2 AD,21572,314,11,0.027148762717843,3.34135103225708
Energy-force-only EquiformerV2 AD,32950,315,14,0.0140258045867085,2.233952045440674
Energy-force-only EquiformerV2 AD,30742,316,12,0.0946209579706192,3.497004747390747
Energy-force-only EquiformerV2 AD,21557,317,11,0.0613414831459522,3.0286507606506348
Energy-force-only EquiformerV2 AD,5272,318,18,0.0116607919335365,1.5197054147720337
Energy-force-only EquiformerV2 AD,16500,319,16,0.005125181749463,1.6832053661346436
Energy-force-only EquiformerV2 AD,34519,320,13,0.0237485915422439,2.4297983646392822
Energy-force-only EquiformerV2 AD,16609,321,16,0.0284793954342603,1.5544965267181396
Energy-force-only EquiformerV2 AD,24107,322,13,0.0251409988850355,2.4358432292938232
Energy-force-only EquiformerV2 AD,12848,323,17,0.005612741690129,1.4326050281524658
Energy-force-only EquiformerV2 AD,33025,324,16,0.0288665499538183,1.6207858324050903
Energy-force-only EquiformerV2 AD,41052,325,16,0.0124786300584673,1.6275720596313477
Energy-force-only EquiformerV2 AD,40156,326,17,0.0124620273709297,1.3858391046524048
Energy-force-only EquiformerV2 AD,12028,327,14,0.0281428806483745,2.089620351791382
Energy-force-only EquiformerV2 AD,31111,328,10,0.0465679541230201,3.683490037918091
Energy-force-only EquiformerV2 AD,9350,329,14,0.0250214450061321,1.9257566928863523
Energy-force-only EquiformerV2 AD,42432,330,11,0.0313260182738304,2.276328086853028
Energy-force-only EquiformerV2 AD,3156,331,14,0.0199894644320011,1.5848361253738403
Energy-force-only EquiformerV2 AD,25431,332,14,0.0028571544680744,1.9644067287445068
Energy-force-only EquiformerV2 AD,16147,333,10,0.0405165441334247,3.31337833404541
Energy-force-only EquiformerV2 AD,2619,334,10,0.0741719454526901,3.1175363063812256
Energy-force-only EquiformerV2 AD,27595,335,11,0.0183072630316019,2.5557572841644287
Energy-force-only EquiformerV2 AD,17000,336,14,0.0643854513764381,2.281092643737793
Energy-force-only EquiformerV2 AD,16371,337,11,0.0155759509652853,2.1664788722991943
Energy-force-only EquiformerV2 AD,40725,338,15,0.0193912349641323,1.6410688161849976
Energy-force-only EquiformerV2 AD,35087,339,14,0.0108691956847906,2.951620101928711
Energy-force-only EquiformerV2 AD,26150,340,19,0.0034332396462559,1.411142349243164
Energy-force-only EquiformerV2 AD,7250,341,17,0.1068055257201194,1.1807206869125366
Energy-force-only EquiformerV2 AD,36700,342,14,0.0072266850620508,2.4901695251464844
Energy-force-only EquiformerV2 AD,13355,343,12,0.0045403991825878,2.5111289024353027
Energy-force-only EquiformerV2 AD,47258,344,16,0.0110525218769907,1.6911228895187378
Energy-force-only EquiformerV2 AD,25735,345,17,0.0097757428884506,1.887725710868836
Energy-force-only EquiformerV2 AD,49326,346,10,0.0653019323945045,2.812387228012085
Energy-force-only EquiformerV2 AD,20823,347,14,0.0127174416556954,2.542315721511841
Energy-force-only EquiformerV2 AD,28411,348,12,0.0467309840023517,1.1677289009094238
Energy-force-only EquiformerV2 AD,26391,349,15,0.0244672521948814,2.249469518661499
Energy-force-only EquiformerV2 AD,21935,350,9,0.1471628248691558,1.4995341300964355
Energy-force-only EquiformerV2 AD,26506,351,12,0.0501723028719425,2.934061050415039
Energy-force-only EquiformerV2 AD,39504,352,12,0.0208219122141599,2.995305299758911
Energy-force-only EquiformerV2 AD,4047,353,18,0.1103230938315391,0.9687380194664
Energy-force-only EquiformerV2 AD,46503,354,17,0.0338035263121128,1.4098889827728271
Energy-force-only EquiformerV2 AD,38422,355,11,0.0243865307420492,2.586395025253296
Energy-force-only EquiformerV2 AD,38245,356,21,0.0063652428798377,0.9072170853614808
Energy-force-only EquiformerV2 AD,32300,357,14,0.010690351948142,1.79582941532135
Energy-force-only EquiformerV2 AD,12580,358,15,0.0288106687366962,1.103758692741394
Energy-force-only EquiformerV2 AD,38058,359,14,0.0069227418862283,1.8449779748916624
Energy-force-only EquiformerV2 AD,25443,360,14,0.0141320489346981,2.333033323287964
Energy-force-only EquiformerV2 AD,17919,361,12,0.0157331973314285,2.100300073623657
Energy-force-only EquiformerV2 AD,12214,362,16,0.0076912427321076,1.7307389974594116
Energy-force-only EquiformerV2 AD,50577,363,17,0.0188811365514993,1.13638436794281
Energy-force-only EquiformerV2 AD,15218,364,16,0.0079237986356019,1.391341209411621
Energy-force-only EquiformerV2 AD,35135,365,18,0.0093221617862582,1.6911808252334597
Energy-force-only EquiformerV2 AD,11981,366,11,0.0314595289528369,3.29640531539917
Energy-force-only EquiformerV2 AD,32254,367,14,0.0064778206869959,2.2965309619903564
Energy-force-only EquiformerV2 AD,3970,368,13,0.0195228289812803,2.1598875522613525
Energy-force-only EquiformerV2 AD,27898,369,19,0.0038689083885401,1.3448843955993652
Energy-force-only EquiformerV2 AD,40919,370,14,0.0204280596226453,1.7187925577163696
Energy-force-only EquiformerV2 AD,34499,371,16,0.0094459056854248,1.7416393756866455
Energy-force-only EquiformerV2 AD,19165,372,12,0.0151486964896321,1.595349907875061
Energy-force-only EquiformerV2 AD,15104,373,12,0.0210778098553419,3.12093472480774
Energy-force-only EquiformerV2 AD,13620,374,14,0.0162485223263502,2.2918825149536133
Energy-force-only EquiformerV2 AD,14580,375,12,0.0196761488914489,1.971047282218933
Energy-force-only EquiformerV2 AD,37675,376,10,0.1125163286924362,4.4106879234313965
Energy-force-only EquiformerV2 AD,37162,377,11,0.0439334139227867,1.3405470848083496
Energy-force-only EquiformerV2 AD,6349,378,9,0.0712366178631782,2.7293174266815186
Energy-force-only EquiformerV2 AD,550,379,15,0.0095398453995585,2.210510730743408
Energy-force-only EquiformerV2 AD,47435,380,13,0.0131696844473481,2.23288893699646
Energy-force-only EquiformerV2 AD,1138,381,14,0.0320095010101795,1.975682020187378
Energy-force-only EquiformerV2 AD,32545,382,14,0.021534539759159,1.842557668685913
Energy-force-only EquiformerV2 AD,46685,383,14,0.0240776948630809,1.916661620140076
Energy-force-only EquiformerV2 AD,12068,384,14,0.0179228000342845,1.6972936391830444
Energy-force-only EquiformerV2 AD,10872,385,16,0.0104233734309673,1.7953202724456787
Energy-force-only EquiformerV2 AD,19298,386,12,0.0365918464958667,1.952959656715393
Energy-force-only EquiformerV2 AD,466,387,16,0.0075389775447547,1.5088258981704712
Energy-force-only EquiformerV2 AD,12548,388,16,0.0074718310497701,1.7294739484786987
Energy-force-only EquiformerV2 AD,42935,389,15,0.0198726449161767,1.975114107131958
Energy-force-only EquiformerV2 AD,48468,390,12,0.0458819195628166,2.7971980571746826
Energy-force-only EquiformerV2 AD,6501,391,13,0.0111998515203595,1.8841817378997805
Energy-force-only EquiformerV2 AD,22679,392,13,0.0412296615540981,2.026458501815796
Energy-force-only EquiformerV2 AD,25569,393,11,0.0172501392662525,2.2398521900177
Energy-force-only EquiformerV2 AD,41746,394,15,0.0051934379152953,1.8842172622680664
Energy-force-only EquiformerV2 AD,1767,395,14,0.0508717708289623,1.570529818534851
Energy-force-only EquiformerV2 AD,23283,396,17,0.0043002651073038,1.8304126262664795
Energy-force-only EquiformerV2 AD,5337,397,12,0.0094069307669997,2.307957410812378
Energy-force-only EquiformerV2 AD,26849,398,10,0.1069728434085846,2.9258153438568115
Energy-force-only EquiformerV2 AD,8149,399,15,0.0046592056751251,2.2415995597839355
Energy-force-only EquiformerV2 AD,34503,400,13,0.0255351439118385,1.5467408895492554
Energy-force-only EquiformerV2 AD,14040,401,10,0.0342440530657768,3.978456497192383
Energy-force-only EquiformerV2 AD,12292,402,10,0.0182428378611803,3.397001504898072
Energy-force-only EquiformerV2 AD,38968,403,19,0.0045126252807676,1.394668698310852
Energy-force-only EquiformerV2 AD,35147,404,15,0.0175922531634569,1.7922229766845703
Energy-force-only EquiformerV2 AD,5545,405,15,0.0036765618715435,2.0958638191223145
Energy-force-only EquiformerV2 AD,48111,406,19,0.0305919088423252,1.7943329811096191
Energy-force-only EquiformerV2 AD,38491,407,16,0.0156399738043546,1.3968613147735596
Energy-force-only EquiformerV2 AD,27911,408,15,0.0110584953799843,2.18147873878479
Energy-force-only EquiformerV2 AD,19736,409,11,0.0357274748384952,4.147528171539307
Energy-force-only EquiformerV2 AD,11614,410,15,0.0081950547173619,2.208635330200196
Energy-force-only EquiformerV2 AD,14898,411,11,0.0094376495108008,2.878228187561035
Energy-force-only EquiformerV2 AD,34457,412,15,0.0235102344304323,1.2714439630508425
Energy-force-only EquiformerV2 AD,34359,413,5,0.015988728031516,8.709450721740723
Energy-force-only EquiformerV2 AD,20344,414,14,0.0108957616612315,2.348073482513428
Energy-force-only EquiformerV2 AD,29950,415,17,0.0119085172191262,1.4034065008163452
Energy-force-only EquiformerV2 AD,5304,416,19,0.0036953659728169,1.5001205205917358
Energy-force-only EquiformerV2 AD,6016,417,18,0.0049035446718335,1.3930317163467407
Energy-force-only EquiformerV2 AD,31265,418,17,0.0126306386664509,1.770309567451477
Energy-force-only EquiformerV2 AD,24383,419,12,0.0809019580483436,1.5675374269485474
Energy-force-only EquiformerV2 AD,26765,420,14,0.0457285493612289,0.8752800226211548
Energy-force-only EquiformerV2 AD,49041,421,12,0.0140912318602204,1.782736897468567
Energy-force-only EquiformerV2 AD,47105,422,17,0.0160050168633461,2.362788677215576
Energy-force-only EquiformerV2 AD,36496,423,16,0.0078974943608045,2.167128801345825
Energy-force-only EquiformerV2 AD,27575,424,12,0.0045040566474199,3.0672075748443604
Energy-force-only EquiformerV2 AD,17978,425,14,0.010525370016694,2.053272247314453
Energy-force-only EquiformerV2 AD,44306,426,16,0.0050264196470379,1.855544686317444
Energy-force-only EquiformerV2 AD,249,427,14,0.0119354855269193,2.1685681343078613
Energy-force-only EquiformerV2 AD,48172,428,15,0.0074413712136447,2.1705565452575684
Energy-force-only EquiformerV2 AD,44835,429,11,0.0083369687199592,2.1051504611968994
Energy-force-only EquiformerV2 AD,9718,430,17,0.0043926546350121,1.935810089111328
Energy-force-only EquiformerV2 AD,29987,431,13,0.0071503557264804,2.2882866859436035
Energy-force-only EquiformerV2 AD,9632,432,16,0.0131923239678144,1.4333322048187256
Energy-force-only EquiformerV2 AD,26527,433,21,0.0063797179609537,1.1028693914413452
Energy-force-only EquiformerV2 AD,30203,434,14,0.0158653780817985,1.4922938346862793
Energy-force-only EquiformerV2 AD,1266,435,14,0.0252914298325777,2.3644886016845703
Energy-force-only EquiformerV2 AD,19291,436,12,0.0087071657180786,2.642499685287476
Energy-force-only EquiformerV2 AD,31827,437,19,0.0090250829234719,1.3719111680984497
Energy-force-only EquiformerV2 AD,9036,438,14,0.0206316486001014,2.009458065032959
Energy-force-only EquiformerV2 AD,34667,439,13,0.0096313515678048,2.6688618659973145
Energy-force-only EquiformerV2 AD,38172,440,14,0.0109865628182888,1.1781717538833618
Energy-force-only EquiformerV2 AD,32730,441,14,0.0208275206387043,2.289506435394287
Energy-force-only EquiformerV2 AD,49636,442,15,0.012053420767188,1.8527671098709104
Energy-force-only EquiformerV2 AD,3569,443,13,0.0084289805963635,2.8734679222106934
Energy-force-only EquiformerV2 AD,37703,444,14,0.0085860099643468,1.7787554264068604
Energy-force-only EquiformerV2 AD,39639,445,13,0.0132560795173048,2.2964909076690674
Energy-force-only EquiformerV2 AD,5666,446,16,0.0189712047576904,1.7062734365463257
Energy-force-only EquiformerV2 AD,49331,447,17,0.005650358274579,1.6424661874771118
Energy-force-only EquiformerV2 AD,35962,448,15,0.0210690908133983,1.4462528228759766
Energy-force-only EquiformerV2 AD,44507,449,15,0.0043908767402172,1.960742235183716
Energy-force-only EquiformerV2 AD,404,450,15,0.0180102586746215,2.07967495918274
Energy-force-only EquiformerV2 AD,18766,451,11,0.055146537721157,2.0237624645233154
Energy-force-only EquiformerV2 AD,40377,452,15,0.0167788062244653,1.905754923820496
Energy-force-only EquiformerV2 AD,40955,453,14,0.033839214593172,1.7824283838272097
Energy-force-only EquiformerV2 AD,25372,454,14,0.0159786082804203,1.6331167221069336
Energy-force-only EquiformerV2 AD,3241,455,12,0.0121234701946377,2.89186954498291
Energy-force-only EquiformerV2 AD,9261,456,15,0.0112242791801691,2.266300678253174
Energy-force-only EquiformerV2 AD,25159,457,19,0.0037739742547273,1.3562090396881104
Energy-force-only EquiformerV2 AD,3814,458,17,0.0054230126552283,1.724808692932129
Energy-force-only EquiformerV2 AD,3888,459,14,0.0041703386232256,1.927958369255066
Energy-force-only EquiformerV2 AD,21853,460,11,0.0061937235295772,2.842601776123047
Energy-force-only EquiformerV2 AD,46291,461,15,0.0151740396395325,1.9766196012496948
Energy-force-only EquiformerV2 AD,42411,462,14,0.0317761749029159,2.314426898956299
Energy-force-only EquiformerV2 AD,45573,463,14,0.046666856855154,1.0993422269821167
Energy-force-only EquiformerV2 AD,45007,464,13,0.0150441648438572,2.3832554817199707
Energy-force-only EquiformerV2 AD,44190,465,15,0.0229033641517162,1.695375680923462
Energy-force-only EquiformerV2 AD,26015,466,14,0.0172075368463993,1.918863773345948
Energy-force-only EquiformerV2 AD,46416,467,17,0.0040975213050842,1.597600340843201
Energy-force-only EquiformerV2 AD,3816,468,9,0.0089284339919686,4.06488561630249
Energy-force-only EquiformerV2 AD,29297,469,14,0.0128009533509612,2.3673579692840576
Energy-force-only EquiformerV2 AD,21412,470,13,0.1062639355659484,3.1311240196228027
Energy-force-only EquiformerV2 AD,44092,471,13,0.0107000842690467,2.4242706298828125
Energy-force-only EquiformerV2 AD,2906,472,12,0.0145641546696424,2.612581491470337
Energy-force-only EquiformerV2 AD,45392,473,16,0.0162470918148756,2.1580920219421387
Energy-force-only EquiformerV2 AD,19722,474,14,0.0121585559099912,1.925586223602295
Energy-force-only EquiformerV2 AD,32796,475,14,0.0229908395558595,2.096911907196045
Energy-force-only EquiformerV2 AD,28172,476,18,0.0278690755367279,1.720185399055481
Energy-force-only EquiformerV2 AD,12770,477,19,0.0032399175688624,1.2437978982925415
Energy-force-only EquiformerV2 AD,7340,478,10,0.0209225062280893,3.59208607673645
Energy-force-only EquiformerV2 AD,5998,479,9,0.0314949192106723,4.6550068855285645
Energy-force-only EquiformerV2 AD,46555,480,13,0.0080026322975754,1.825028419494629
Energy-force-only EquiformerV2 AD,49210,481,15,0.0192380435764789,1.505746364593506
Energy-force-only EquiformerV2 AD,43118,482,17,0.0058631976135075,1.506431221961975
Energy-force-only EquiformerV2 AD,46391,483,13,0.0572288706898689,4.169005393981934
Energy-force-only EquiformerV2 AD,24472,484,13,0.0424137562513351,2.276034116744995
Energy-force-only EquiformerV2 AD,27760,485,16,0.0127591677010059,2.372004747390747
Energy-force-only EquiformerV2 AD,17916,486,10,0.0319796241819858,3.205570936203003
Energy-force-only EquiformerV2 AD,11233,487,16,0.008385389111936,2.217728614807129
Energy-force-only EquiformerV2 AD,16920,488,16,0.0286269336938858,0.7112906575202942
Energy-force-only EquiformerV2 AD,4572,489,11,0.0187910813838243,3.810125827789306
Energy-force-only EquiformerV2 AD,18295,490,13,0.0125755043700337,2.63053035736084
Energy-force-only EquiformerV2 AD,3411,491,15,0.01189093478024,2.2251322269439697
Energy-force-only EquiformerV2 AD,31308,492,13,0.0146961668506264,2.297199010848999
Energy-force-only EquiformerV2 AD,7929,493,14,0.0146221462637186,2.030679702758789
Energy-force-only EquiformerV2 AD,41380,494,12,0.0288610663264989,1.9328324794769287
Energy-force-only EquiformerV2 AD,40451,495,13,0.0062881717458367,2.818772077560425
Energy-force-only EquiformerV2 AD,10458,496,12,0.0203899852931499,2.3413448333740234
Energy-force-only EquiformerV2 AD,23325,497,11,0.0378206260502338,1.3445183038711548
Energy-force-only EquiformerV2 AD,20136,498,15,0.024755198508501,1.483151078224182
Energy-force-only EquiformerV2 AD,42899,499,14,0.0056487428955733,2.275207042694092
Energy-force-only EquiformerV2 AD,7602,500,17,0.0134151363745331,1.7785362005233765
Energy-force-only EquiformerV2 AD,13777,501,19,0.0276320315897464,1.58691668510437
Energy-force-only EquiformerV2 AD,46598,502,12,0.00623131217435,1.9234027862548828
Energy-force-only EquiformerV2 AD,2934,503,13,0.0304558798670768,2.253744125366211
Energy-force-only EquiformerV2 AD,14566,504,14,0.0075771468691527,1.8355854749679563
Energy-force-only EquiformerV2 AD,26091,505,11,0.0238266084343194,2.5104780197143555
Energy-force-only EquiformerV2 AD,30649,506,13,0.0061490428633987,2.6275765895843506
Energy-force-only EquiformerV2 AD,7871,507,12,0.018477814272046,2.518784046173096
Energy-force-only EquiformerV2 AD,7099,508,14,0.0086676981300115,1.801564335823059
Energy-force-only EquiformerV2 AD,25414,509,12,0.0060333819128572,2.420254230499268
Energy-force-only EquiformerV2 AD,25060,510,11,0.0606958828866481,3.01409912109375
Energy-force-only EquiformerV2 AD,283,511,14,0.0647022426128387,2.1358933448791504
Energy-force-only EquiformerV2 AD,33166,512,16,0.0130233457311987,1.680429458618164
Energy-force-only EquiformerV2 AD,23102,513,13,0.0144411539658904,2.1136903762817383
Energy-force-only EquiformerV2 AD,25043,514,14,0.0328984595835208,1.873057246208191
Energy-force-only EquiformerV2 AD,31304,515,19,0.009609617292881,0.8332250118255615
Energy-force-only EquiformerV2 AD,38059,516,12,0.015353643335402,2.3635241985321045
Energy-force-only EquiformerV2 AD,20563,517,14,0.0998852849006652,2.6398000717163086
Energy-force-only EquiformerV2 AD,16879,518,10,0.0320014916360378,2.692967176437378
Energy-force-only EquiformerV2 AD,4826,519,19,0.005016163457185,1.2056066989898682
Energy-force-only EquiformerV2 AD,30343,520,12,0.016204509884119,2.6931796073913574
Energy-force-only EquiformerV2 AD,38519,521,10,0.0418065339326858,4.882153511047363
Energy-force-only EquiformerV2 AD,40439,522,14,0.0073311459273099,2.243518352508545
Energy-force-only EquiformerV2 AD,606,523,16,0.0098975766450166,1.9219716787338257
Energy-force-only EquiformerV2 AD,30861,524,21,0.008600702509284,0.6539373993873596
Energy-force-only EquiformerV2 AD,4713,525,14,0.0181715991348028,1.6814262866973877
Energy-force-only EquiformerV2 AD,40492,526,15,0.01587531901896,2.1243064403533936
Energy-force-only EquiformerV2 AD,23943,527,11,0.0300493072718381,3.0844342708587646
Energy-force-only EquiformerV2 AD,23297,528,14,0.017422828823328,2.0218605995178223
Energy-force-only EquiformerV2 AD,22619,529,19,0.1668352037668228,2.308300018310547
Energy-force-only EquiformerV2 AD,22030,530,15,0.0044921888038516,2.154008626937866
Energy-force-only EquiformerV2 AD,33932,531,15,0.0167683381587266,1.434975028038025
Energy-force-only EquiformerV2 AD,46028,532,14,0.0199506748467683,1.789297103881836
Energy-force-only EquiformerV2 AD,7476,533,14,0.0053893020376563,1.89866840839386
Energy-force-only EquiformerV2 AD,5678,534,10,0.043342750519514,2.762939691543579
Energy-force-only EquiformerV2 AD,49412,535,12,0.0107394205406308,2.566438674926758
Energy-force-only EquiformerV2 AD,50751,536,14,0.0075640007853507,1.6991482973098757
Energy-force-only EquiformerV2 AD,4776,537,12,0.0072225951589643,2.3208086490631104
Energy-force-only EquiformerV2 AD,48036,538,14,0.0163077767938375,1.965999841690064
Energy-force-only EquiformerV2 AD,30817,539,11,0.0214868430048227,2.8425440788269043
Energy-force-only EquiformerV2 AD,22930,540,17,0.0184325762093067,1.5894685983657837
Energy-force-only EquiformerV2 AD,35767,541,16,0.0044340565800666,1.9312082529067995
Energy-force-only EquiformerV2 AD,21732,542,11,0.0272277556359767,2.9897923469543457
Energy-force-only EquiformerV2 AD,16300,543,12,0.0110598793253302,2.151947021484375
Energy-force-only EquiformerV2 AD,37000,544,13,0.0120734153315424,2.760378837585449
Energy-force-only EquiformerV2 AD,19344,545,10,0.0086691305041313,3.87986421585083
Energy-force-only EquiformerV2 AD,50524,546,8,0.0596500001847744,5.362008094787598
Energy-force-only EquiformerV2 AD,25695,547,14,0.0096576996147632,1.898777961730957
Energy-force-only EquiformerV2 AD,24613,548,10,0.0350991711020469,3.502279758453369
Energy-force-only EquiformerV2 AD,38965,549,14,0.0164224114269018,2.125706195831299
Energy-force-only EquiformerV2 AD,5206,550,14,0.0128945969045162,2.272633075714112
Energy-force-only EquiformerV2 AD,25553,551,16,0.0098870834335684,1.342016100883484
Energy-force-only EquiformerV2 AD,45436,552,16,0.0083037009462714,1.6990593671798706
Energy-force-only EquiformerV2 AD,22847,553,10,0.0521661229431629,3.0760672092437744
Energy-force-only EquiformerV2 AD,26768,554,8,0.0660665854811668,3.9053356647491455
Energy-force-only EquiformerV2 AD,38696,555,16,0.0057998723350465,1.9246529340744016
Energy-force-only EquiformerV2 AD,8891,556,15,0.0197558850049972,1.722911357879639
Energy-force-only EquiformerV2 AD,48250,557,16,0.0050890063866972,1.7002943754196167
Energy-force-only EquiformerV2 AD,14927,558,15,0.0131903309375047,1.5017459392547607
Energy-force-only EquiformerV2 AD,13964,559,13,0.0058477409183979,2.626975774765014
Energy-force-only EquiformerV2 AD,4983,560,8,0.0093033304437994,6.193305015563965
Energy-force-only EquiformerV2 AD,10354,561,10,0.1211489662528038,4.182913303375244
Energy-force-only EquiformerV2 AD,37388,562,19,0.0208666622638702,1.3206493854522705
Energy-force-only EquiformerV2 AD,818,563,11,0.0252762511372566,2.309040069580078
Energy-force-only EquiformerV2 AD,34111,564,14,0.0038397174794226,2.5042757987976074
Energy-force-only EquiformerV2 AD,10366,565,10,0.0414348393678665,3.765739917755127
Energy-force-only EquiformerV2 AD,18127,566,17,0.0123811978846788,1.5699560642242432
Energy-force-only EquiformerV2 AD,7009,567,17,0.0084209339693188,1.5823209285736084
Energy-force-only EquiformerV2 AD,10186,568,17,0.0151945240795612,1.686360478401184
Energy-force-only EquiformerV2 AD,43121,569,12,0.0195779632776975,1.355540156364441
Energy-force-only EquiformerV2 AD,30291,570,13,0.0277861878275871,2.030744791030884
Energy-force-only EquiformerV2 AD,1994,571,11,0.0059715723618865,2.757519245147705
Energy-force-only EquiformerV2 AD,9236,572,10,0.0526250787079334,4.069921970367432
Energy-force-only EquiformerV2 AD,9588,573,13,0.0054499311372637,2.6549739837646484
Energy-force-only EquiformerV2 AD,23792,574,14,0.005612377077341,1.8332655429840088
Energy-force-only EquiformerV2 AD,9228,575,16,0.0143558252602815,1.9222145080566408
Energy-force-only EquiformerV2 AD,24708,576,9,0.012405889108777,3.4222662448883057
Energy-force-only EquiformerV2 AD,3707,577,12,0.031010428443551,2.3454434871673584
Energy-force-only EquiformerV2 AD,31629,578,16,0.0078028365969657,1.899897217750549
Energy-force-only EquiformerV2 AD,28030,579,10,0.0128799621015787,3.641842603683472
Energy-force-only EquiformerV2 AD,10185,580,12,0.0073345792479813,2.0684845447540283
Energy-force-only EquiformerV2 AD,48276,581,14,0.0497246980667114,2.3280720710754395
Energy-force-only EquiformerV2 AD,23807,582,16,0.0228443965315818,1.2637217044830322
Energy-force-only EquiformerV2 AD,28482,583,12,0.0301109347492456,2.5107452869415283
Energy-force-only EquiformerV2 AD,16385,584,16,0.0184307172894477,1.7139884233474731
Energy-force-only EquiformerV2 AD,3811,585,11,0.015863137319684,2.9014012813568115
Energy-force-only EquiformerV2 AD,16117,586,15,0.029279351234436,1.9692567586898804
Energy-force-only EquiformerV2 AD,6010,587,14,0.0046589360572397,1.956816792488098
Energy-force-only EquiformerV2 AD,41703,588,15,0.0132900848984718,1.6499687433242798
Energy-force-only EquiformerV2 AD,38397,589,19,0.0026378496550023,1.42531418800354
Energy-force-only EquiformerV2 AD,31504,590,16,0.009199621155858,1.2507339715957642
Energy-force-only EquiformerV2 AD,19855,591,16,0.0135400323197245,1.398866057395935
Energy-force-only EquiformerV2 AD,13612,592,19,0.0060616754926741,1.0435775518417358
Energy-force-only EquiformerV2 AD,43348,593,17,0.0093436324968934,1.5488682985305786
Energy-force-only EquiformerV2 AD,33329,594,19,0.0132570331916213,0.6209145784378052
Energy-force-only EquiformerV2 AD,32383,595,14,0.0192254651337862,2.0149359703063965
Energy-force-only EquiformerV2 AD,41040,596,6,0.0214332714676857,6.273136138916016
Energy-force-only EquiformerV2 AD,35520,597,12,0.0302717331796884,2.39300537109375
Energy-force-only EquiformerV2 AD,20575,598,14,0.0192941762506961,1.806611061096192
Energy-force-only EquiformerV2 AD,28052,599,13,0.0142163196578621,2.549536228179932
Energy-force-only EquiformerV2 AD,44160,600,10,0.0168508812785148,3.06151819229126
Energy-force-only EquiformerV2 AD,18816,601,7,0.0599433593451976,3.688627004623413
Energy-force-only EquiformerV2 AD,9007,602,17,0.0491846203804016,1.6284561157226562
Energy-force-only EquiformerV2 AD,27419,603,14,0.0053261183202266,2.2872259616851807
Energy-force-only EquiformerV2 AD,18442,604,13,0.0048756040632724,2.277670860290528
Energy-force-only EquiformerV2 AD,40216,605,14,0.0359105169773101,0.8604242205619812
Energy-force-only EquiformerV2 AD,21394,606,15,0.021022479981184,1.864418029785156
Energy-force-only EquiformerV2 AD,19362,607,16,0.0090416055172681,2.150201797485352
Energy-force-only EquiformerV2 AD,38983,608,14,0.0192088950425386,2.0222413539886475
Energy-force-only EquiformerV2 AD,20825,609,10,0.0211324095726013,3.178523302078247
Energy-force-only EquiformerV2 AD,29802,610,12,0.0121549479663372,3.107805728912353
Energy-force-only EquiformerV2 AD,14980,611,10,0.0225845240056514,3.5373640060424805
Energy-force-only EquiformerV2 AD,119,612,17,0.0036117685958743,1.4860814809799194
Energy-force-only EquiformerV2 AD,49114,613,14,0.0166776105761528,2.225480794906616
Energy-force-only EquiformerV2 AD,36911,614,15,0.0273412019014358,1.834624528884888
Energy-force-only EquiformerV2 AD,30230,615,11,0.016363613307476,3.585038900375366
Energy-force-only EquiformerV2 AD,46460,616,16,0.0180621519684791,1.8895552158355715
Energy-force-only EquiformerV2 AD,31979,617,10,0.0139228031039237,3.4678311347961426
Energy-force-only EquiformerV2 AD,32362,618,19,0.0051957922987639,1.1688673496246338
Energy-force-only EquiformerV2 AD,16813,619,14,0.0266560856252908,2.7312166690826416
Energy-force-only EquiformerV2 AD,9783,620,14,0.0380362831056118,1.6315758228302002
Energy-force-only EquiformerV2 AD,50418,621,11,0.0382034108042717,3.8027288913726807
Energy-force-only EquiformerV2 AD,28830,622,11,0.0121466778218746,2.684039831161499
Energy-force-only EquiformerV2 AD,47295,623,15,0.0137395877391099,1.6469013690948486
Energy-force-only EquiformerV2 AD,4276,624,13,0.0381370447576046,2.324479818344116
Energy-force-only EquiformerV2 AD,5187,625,11,0.0150608457624912,3.511287212371826
Energy-force-only EquiformerV2 AD,45944,626,13,0.0101098613813519,2.532505750656128
Energy-force-only EquiformerV2 AD,46604,627,10,0.0780867636203765,3.182366371154785
Energy-force-only EquiformerV2 AD,13698,628,16,0.052334751933813,1.549852967262268
Energy-force-only EquiformerV2 AD,20989,629,19,0.0062529756687581,1.4377437829971311
Energy-force-only EquiformerV2 AD,48078,630,17,0.0051501505076885,1.4210660457611084
Energy-force-only EquiformerV2 AD,41616,631,12,0.0137578565627336,2.670548915863037
Energy-force-only EquiformerV2 AD,24412,632,13,0.023779010400176,2.663684844970703
Energy-force-only EquiformerV2 AD,40070,633,12,0.0221045184880495,1.8244365453720093
Energy-force-only EquiformerV2 AD,31237,634,12,0.0112634114921092,1.9616549015045168
Energy-force-only EquiformerV2 AD,1283,635,17,0.0076347985304892,1.602273941040039
Energy-force-only EquiformerV2 AD,9148,636,11,0.0200463440269231,2.960097312927246
Energy-force-only EquiformerV2 AD,5916,637,13,0.0145429102703928,1.5376960039138794
Energy-force-only EquiformerV2 AD,25853,638,19,0.0036500538699328,1.298959493637085
Energy-force-only EquiformerV2 AD,24353,639,19,0.0113684078678488,1.836349368095398
Energy-force-only EquiformerV2 AD,26085,640,16,0.0121658220887184,1.9078505039215088
Energy-force-only EquiformerV2 AD,3057,641,14,0.0127826193347573,1.966257095336914
Energy-force-only EquiformerV2 AD,45,642,13,0.0088245030492544,2.588141202926636
Energy-force-only EquiformerV2 AD,9478,643,14,0.011408663354814,2.3047034740448
Energy-force-only EquiformerV2 AD,29963,644,10,0.0928674712777137,4.399927616119385
Energy-force-only EquiformerV2 AD,24365,645,13,0.0325860418379306,1.068834662437439
Energy-force-only EquiformerV2 AD,15280,646,14,0.017329029738903,0.9833847284317015
Energy-force-only EquiformerV2 AD,43576,647,17,0.0087165692821145,1.498281717300415
Energy-force-only EquiformerV2 AD,2207,648,14,0.0133731691166758,1.7182799577713013
Energy-force-only EquiformerV2 AD,23036,649,14,0.0051479488611221,2.310586452484131
Energy-force-only EquiformerV2 AD,44794,650,14,0.0199111476540565,1.9836503267288208
Energy-force-only EquiformerV2 AD,20326,651,17,0.0171233415603637,1.5190906524658203
Energy-force-only EquiformerV2 AD,25482,652,16,0.005807792302221,1.4643055200576782
Energy-force-only EquiformerV2 AD,30818,653,16,0.0215254630893468,2.1345622539520264
Energy-force-only EquiformerV2 AD,25321,654,14,0.0190643053501844,1.5479445457458496
Energy-force-only EquiformerV2 AD,38262,655,14,0.0217352211475372,1.5602977275848389
Energy-force-only EquiformerV2 AD,18518,656,16,0.0050933412276208,1.4839154481887815
Energy-force-only EquiformerV2 AD,26338,657,15,0.0522899441421031,3.4221725463867188
Energy-force-only EquiformerV2 AD,3763,658,8,0.1316976845264434,2.6997714042663574
Energy-force-only EquiformerV2 AD,50210,659,14,0.0204041581600904,2.135533571243286
Energy-force-only EquiformerV2 AD,36123,660,15,0.0082087665796279,1.736424684524536
Energy-force-only EquiformerV2 AD,47368,661,15,0.0058512333780527,2.248293399810791
Energy-force-only EquiformerV2 AD,20038,662,13,0.0130689162760972,2.4548585414886475
Energy-force-only EquiformerV2 AD,42512,663,12,0.0240128636360168,1.795292854309082
Energy-force-only EquiformerV2 AD,48660,664,16,0.0063464934937655,1.7659622430801392
Energy-force-only EquiformerV2 AD,24779,665,11,0.0122168436646461,2.674243211746216
Energy-force-only EquiformerV2 AD,10441,666,11,0.0330820009112358,3.331923723220825
Energy-force-only EquiformerV2 AD,33989,667,14,0.0206915885210037,1.9512337446212769
Energy-force-only EquiformerV2 AD,37600,668,19,0.049332570284605,0.7519645094871521
Energy-force-only EquiformerV2 AD,41542,669,17,0.0062272762879729,1.4049723148345947
Energy-force-only EquiformerV2 AD,22986,670,12,0.0318381451070308,2.6349129676818848
Energy-force-only EquiformerV2 AD,48991,671,12,0.0279328059405088,2.311841487884521
Energy-force-only EquiformerV2 AD,30153,672,17,0.037870142608881,1.7646905183792114
Energy-force-only EquiformerV2 AD,27674,673,15,0.0078944852575659,1.9670034646987915
Energy-force-only EquiformerV2 AD,47721,674,15,0.0049583450891077,1.9836111068725584
Energy-force-only EquiformerV2 AD,1749,675,13,0.0142424749210476,2.5767555236816406
Energy-force-only EquiformerV2 AD,41983,676,19,0.0055614868178963,1.57294762134552
Energy-force-only EquiformerV2 AD,11737,677,15,0.0111356312409043,1.5725018978118896
Energy-force-only EquiformerV2 AD,4783,678,15,0.0090659819543361,1.5957412719726562
Energy-force-only EquiformerV2 AD,42180,679,15,0.0141211543232202,1.889150023460388
Energy-force-only EquiformerV2 AD,21851,680,11,0.0243911743164062,2.532187938690185
Energy-force-only EquiformerV2 AD,4189,681,14,0.1121594011783599,1.0242791175842283
Energy-force-only EquiformerV2 AD,29130,682,11,0.0193032901734113,2.3913168907165527
Energy-force-only EquiformerV2 AD,42603,683,12,0.0369521044194698,2.0559298992156982
Energy-force-only EquiformerV2 AD,24236,684,16,0.0136770755052566,1.8729618787765503
Energy-force-only EquiformerV2 AD,33238,685,14,0.0495260581374168,2.910839080810547
Energy-force-only EquiformerV2 AD,9639,686,10,0.0138841057196259,2.9787709712982178
Energy-force-only EquiformerV2 AD,21915,687,15,0.0062044123187661,1.7723894119262695
Energy-force-only EquiformerV2 AD,42166,688,12,0.0712798461318016,2.2482106685638428
Energy-force-only EquiformerV2 AD,24377,689,11,0.0817483365535736,1.336362600326538
Energy-force-only EquiformerV2 AD,35047,690,17,0.006937198806554,1.6497622728347778
Energy-force-only EquiformerV2 AD,14422,691,16,0.0087869586423039,1.16361665725708
Energy-force-only EquiformerV2 AD,40152,692,15,0.0095019247382879,1.9990307092666624
Energy-force-only EquiformerV2 AD,47775,693,14,0.0132340937852859,2.305907726287842
Energy-force-only EquiformerV2 AD,48077,694,15,0.0324874408543109,1.3213262557983398
Energy-force-only EquiformerV2 AD,1026,695,15,0.0234666559845209,2.310238838195801
Energy-force-only EquiformerV2 AD,1222,696,15,0.0292011983692646,2.460488557815552
Energy-force-only EquiformerV2 AD,40616,697,11,0.0396434776484966,2.166635751724243
Energy-force-only EquiformerV2 AD,22379,698,15,0.0045444769784808,2.308361053466797
Energy-force-only EquiformerV2 AD,36512,699,11,0.0342635065317153,2.268779754638672
Energy-force-only EquiformerV2 AD,48949,700,14,0.0115636670961976,1.6333426237106323
Energy-force-only EquiformerV2 AD,13632,701,10,0.0238834060728549,4.081029891967773
Energy-force-only EquiformerV2 AD,28996,702,11,0.0226233880966901,2.5289814472198486
Energy-force-only EquiformerV2 AD,44865,703,13,0.0198092013597488,1.6668099164962769
Energy-force-only EquiformerV2 AD,19072,704,16,0.0222280956804752,2.675456523895264
Energy-force-only EquiformerV2 AD,8862,705,12,0.0157002210617065,2.064100980758667
Energy-force-only EquiformerV2 AD,22659,706,5,0.0661350041627883,5.070287704467773
Energy-force-only EquiformerV2 AD,33758,707,14,0.0105366874486207,1.749151587486267
Energy-force-only EquiformerV2 AD,19043,708,14,0.0097358729690313,2.175502061843872
Energy-force-only EquiformerV2 AD,18041,709,14,0.0189466513693332,2.774129867553711
Energy-force-only EquiformerV2 AD,45802,710,17,0.0095460275188088,1.810295343399048
Energy-force-only EquiformerV2 AD,21405,711,18,0.0112512093037366,1.7385108470916748
Energy-force-only EquiformerV2 AD,16140,712,11,0.0301049947738647,3.0668928623199463
Energy-force-only EquiformerV2 AD,8873,713,19,0.0059067974798381,1.5283135175704956
Energy-force-only EquiformerV2 AD,13379,714,13,0.0331972204148769,2.361063003540039
Energy-force-only EquiformerV2 AD,49629,715,17,0.0227685030549764,0.870081901550293
Energy-force-only EquiformerV2 AD,47430,716,14,0.0615975856781005,2.943316698074341
Energy-force-only EquiformerV2 AD,36242,717,12,0.0044492124579846,2.983440399169922
Energy-force-only EquiformerV2 AD,30685,718,9,0.0284113138914108,4.113732814788818
Energy-force-only EquiformerV2 AD,13727,719,14,0.0113221732899546,1.7975059747695925
Energy-force-only EquiformerV2 AD,3493,720,14,0.0593076571822166,1.621561884880066
Energy-force-only EquiformerV2 AD,50405,721,9,0.0145062915980815,3.4631776809692383
Energy-force-only EquiformerV2 AD,27599,722,14,0.0131762912496924,1.909634232521057
Energy-force-only EquiformerV2 AD,23192,723,17,0.0212338212877511,1.449453592300415
Energy-force-only EquiformerV2 AD,19596,724,12,0.0209951065480709,4.082695484161377
Energy-force-only EquiformerV2 AD,23741,725,14,0.010589144192636,2.3628809452056885
Energy-force-only EquiformerV2 AD,39658,726,15,0.0132081191986799,1.3932682275772097
Energy-force-only EquiformerV2 AD,42158,727,16,0.0406276248395442,1.8985015153884888
Energy-force-only EquiformerV2 AD,1932,728,15,0.0089954202994704,2.2038509845733643
Energy-force-only EquiformerV2 AD,22080,729,14,0.0141484253108501,1.4477144479751587
Energy-force-only EquiformerV2 AD,26648,730,14,0.0161362029612064,2.3342630863189697
Energy-force-only EquiformerV2 AD,11568,731,12,0.0463009141385555,2.72448205947876
Energy-force-only EquiformerV2 AD,6076,732,11,0.0130620840936899,2.967105865478516
Energy-force-only EquiformerV2 AD,8482,733,16,0.0074490765109658,1.6720308065414429
Energy-force-only EquiformerV2 AD,16355,734,11,0.0250042360275983,3.6603715419769287
Energy-force-only EquiformerV2 AD,22370,735,13,0.043030459433794,1.369570016860962
Energy-force-only EquiformerV2 AD,4803,736,16,0.0050573330372571,1.9258183240890503
Energy-force-only EquiformerV2 AD,42271,737,12,0.0072906473651528,2.765928268432617
Energy-force-only EquiformerV2 AD,25092,738,15,0.00668157171458,2.366127014160156
Energy-force-only EquiformerV2 AD,22628,739,15,0.0080268625169992,1.8214200735092163
Energy-force-only EquiformerV2 AD,40626,740,12,0.0127889765426516,1.7047322988510132
Energy-force-only EquiformerV2 AD,35261,741,12,0.046412419527769,2.2335996627807617
Energy-force-only EquiformerV2 AD,3563,742,11,0.0324787721037864,3.831295967102051
Energy-force-only EquiformerV2 AD,8807,743,16,0.0132333021610975,1.5467417240142822
Energy-force-only EquiformerV2 AD,20570,744,12,0.0268299076706171,2.050654649734497
Energy-force-only EquiformerV2 AD,33756,745,15,0.028846938163042,1.6236411333084106
Energy-force-only EquiformerV2 AD,4102,746,10,0.013211284764111,2.9596571922302246
Energy-force-only EquiformerV2 AD,41372,747,11,0.021744905039668,3.396803379058838
Energy-force-only EquiformerV2 AD,17772,748,13,0.0063350317068398,2.4073643684387207
Energy-force-only EquiformerV2 AD,17233,749,13,0.01976696588099,2.410137176513672
Energy-force-only EquiformerV2 AD,19933,750,13,0.0035479865036904,2.7465362548828125
Energy-force-only EquiformerV2 AD,43636,751,11,0.0060242442414164,2.679118633270264
Energy-force-only EquiformerV2 AD,48105,752,16,0.0130584528669714,1.8439946174621584
Energy-force-only EquiformerV2 AD,40865,753,11,0.0216781124472618,1.880242228507996
Energy-force-only EquiformerV2 AD,23421,754,13,0.0092138452455401,2.52017593383789
Energy-force-only EquiformerV2 AD,22721,755,17,0.0181550160050392,1.5795542001724243
Energy-force-only EquiformerV2 AD,20413,756,14,0.0098939891904592,2.243028402328491
Energy-force-only EquiformerV2 AD,30441,757,13,0.0182666517794132,1.8452470302581787
Energy-force-only EquiformerV2 AD,29256,758,13,0.0065482878126204,2.5244691371917725
Energy-force-only EquiformerV2 AD,49845,759,14,0.013707653619349,2.151827335357666
Energy-force-only EquiformerV2 AD,13639,760,15,0.0070263976231217,1.7741349935531616
Energy-force-only EquiformerV2 AD,10334,761,11,0.0095386430621147,2.3548150062561035
Energy-force-only EquiformerV2 AD,14528,762,11,0.0258724149316549,2.362802267074585
Energy-force-only EquiformerV2 AD,25371,763,16,0.0213537104427814,1.4017829895019531
Energy-force-only EquiformerV2 AD,24584,764,16,0.0087458174675703,1.7128034830093384
Energy-force-only EquiformerV2 AD,27857,765,13,0.0369208604097366,2.073256492614746
Energy-force-only EquiformerV2 AD,44426,766,11,0.0608709827065467,3.394507884979248
Energy-force-only EquiformerV2 AD,46038,767,13,0.0298497918993234,1.5504562854766846
Energy-force-only EquiformerV2 AD,15355,768,16,0.0098876701667904,1.652801275253296
Energy-force-only EquiformerV2 AD,26780,769,11,0.0160582605749368,3.869483709335327
Energy-force-only EquiformerV2 AD,25294,770,15,0.0156065681949257,1.8765357732772827
Energy-force-only EquiformerV2 AD,19126,771,13,0.0338072590529918,1.1102790832519531
Energy-force-only EquiformerV2 AD,38292,772,17,0.017815226688981,2.297380447387696
Energy-force-only EquiformerV2 AD,34875,773,18,0.0059014954604208,1.5186755657196045
Energy-force-only EquiformerV2 AD,32407,774,16,0.0082681383937597,2.162750720977783
Energy-force-only EquiformerV2 AD,38178,775,17,0.0086946422234177,1.7221245765686035
Energy-force-only EquiformerV2 AD,38124,776,13,0.0177548844367265,1.3409969806671145
Energy-force-only EquiformerV2 AD,9210,777,15,0.0293723810464143,2.3636486530303955
Energy-force-only EquiformerV2 AD,11419,778,15,0.0044443905353546,1.960463047027588
Energy-force-only EquiformerV2 AD,16510,779,16,0.0048944712616503,1.725907564163208
Energy-force-only EquiformerV2 AD,49628,780,18,0.0038593143690377,1.298509955406189
Energy-force-only EquiformerV2 AD,49567,781,13,0.0199210923165082,1.194324970245361
Energy-force-only EquiformerV2 AD,35483,782,14,0.0092861671000719,2.240089178085327
Energy-force-only EquiformerV2 AD,5731,783,14,0.0065722507424652,2.2187466621398926
Energy-force-only EquiformerV2 AD,41285,784,14,0.0231720432639122,1.3974651098251345
Energy-force-only EquiformerV2 AD,47699,785,16,0.0153084564954042,0.9577771425247192
Energy-force-only EquiformerV2 AD,5320,786,16,0.0324214324355125,1.086805820465088
Energy-force-only EquiformerV2 AD,29127,787,13,0.023164827376604,1.0966145992279053
Energy-force-only EquiformerV2 AD,3291,788,17,0.0086364997550845,2.011502742767334
Energy-force-only EquiformerV2 AD,46141,789,16,0.007491975557059,1.377103328704834
Energy-force-only EquiformerV2 AD,10365,790,11,0.0556890331208705,4.761504173278809
Energy-force-only EquiformerV2 AD,44626,791,10,0.0063643925823271,4.618300914764404
Energy-force-only EquiformerV2 AD,25164,792,18,0.0210813377052545,1.228593349456787
Energy-force-only EquiformerV2 AD,22326,793,14,0.0099261021241545,1.8151631355285645
Energy-force-only EquiformerV2 AD,25456,794,16,0.0052160695195198,1.4655358791351318
Energy-force-only EquiformerV2 AD,3180,795,15,0.0043966858647763,1.960293412208557
Energy-force-only EquiformerV2 AD,24488,796,13,0.0177586264908313,2.416548252105713
Energy-force-only EquiformerV2 AD,50364,797,8,0.0938137024641037,4.18139123916626
Energy-force-only EquiformerV2 AD,9052,798,10,0.0196399576961994,3.65533709526062
Energy-force-only EquiformerV2 AD,47256,799,19,0.0043437601998448,1.2900574207305908
Energy-force-only EquiformerV2 AD,25040,800,12,0.0109519781544804,2.826045036315918
Energy-force-only EquiformerV2 AD,40040,801,12,0.1706378757953643,1.6097917556762695
Energy-force-only EquiformerV2 AD,32572,802,15,0.0077050467953085,1.457470178604126
Energy-force-only EquiformerV2 AD,39567,803,13,0.0053907902911305,2.073947191238404
Energy-force-only EquiformerV2 AD,8593,804,17,0.0080309035256505,1.5847803354263306
Energy-force-only EquiformerV2 AD,2653,805,19,0.008559076115489,1.0105496644973757
Energy-force-only EquiformerV2 AD,12953,806,12,0.0054285791702568,3.7338438034057617
Energy-force-only EquiformerV2 AD,10368,807,17,0.0054651126265525,1.736691951751709
Energy-force-only EquiformerV2 AD,14397,808,14,0.0077022430486977,1.7184300422668457
Energy-force-only EquiformerV2 AD,39953,809,13,0.0289171058684587,2.152920961380005
Energy-force-only EquiformerV2 AD,30164,810,11,0.0074110524728894,3.6514523029327393
Energy-force-only EquiformerV2 AD,49431,811,16,0.0132169602438807,1.6381672620773315
Energy-force-only EquiformerV2 AD,40188,812,12,0.0173032619059085,2.5407495498657227
Energy-force-only EquiformerV2 AD,26095,813,13,0.01203980948776,2.368156671524048
Energy-force-only EquiformerV2 AD,20253,814,14,0.0111937904730439,2.928074836730957
Energy-force-only EquiformerV2 AD,18785,815,19,0.0147081753239035,1.317760348320007
Energy-force-only EquiformerV2 AD,10392,816,16,0.0068574263714253,1.7957128286361694
Energy-force-only EquiformerV2 AD,39248,817,14,0.0274903643876314,1.7643089294433594
Energy-force-only EquiformerV2 AD,20347,818,14,0.0068868366070091,2.0133657455444336
Energy-force-only EquiformerV2 AD,45253,819,13,0.0241198986768722,3.178082227706909
Energy-force-only EquiformerV2 AD,34466,820,13,0.0056235650554299,2.1010875701904297
Energy-force-only EquiformerV2 AD,39878,821,11,0.0136601589620113,3.6108224391937256
Energy-force-only EquiformerV2 AD,784,822,17,0.0099005261436104,1.315832018852234
Energy-force-only EquiformerV2 AD,35140,823,8,0.0284494813531637,4.082875728607178
Energy-force-only EquiformerV2 AD,44987,824,16,0.0180999562144279,1.7000776529312134
Energy-force-only EquiformerV2 AD,25316,825,10,0.0164449419826269,3.898237466812134
Energy-force-only EquiformerV2 AD,11484,826,15,0.0111417137086391,1.5515328645706177
Energy-force-only EquiformerV2 AD,10196,827,12,0.0089405970647931,2.218616008758545
Energy-force-only EquiformerV2 AD,2890,828,14,0.0150153553113341,1.7449177503585815
Energy-force-only EquiformerV2 AD,47387,829,17,0.0116466050967574,1.3358396291732788
Energy-force-only EquiformerV2 AD,20558,830,15,0.0078920600935816,1.4425036907196045
Energy-force-only EquiformerV2 AD,14764,831,16,0.0079239327460527,1.692924737930298
Energy-force-only EquiformerV2 AD,29330,832,12,0.0124692991375923,2.217207670211792
Energy-force-only EquiformerV2 AD,45801,833,10,0.0547132045030593,2.311422109603882
Energy-force-only EquiformerV2 AD,22054,834,12,0.0174851492047309,2.24391770362854
Energy-force-only EquiformerV2 AD,9348,835,12,0.0089873569086194,3.0414693355560303
Energy-force-only EquiformerV2 AD,33558,836,13,0.0157867819070816,2.2406210899353027
Energy-force-only EquiformerV2 AD,32295,837,12,0.0715925693511962,2.384913682937622
Energy-force-only EquiformerV2 AD,37089,838,12,0.0157995484769344,1.5734609365463257
Energy-force-only EquiformerV2 AD,19106,839,17,0.0065003628842532,1.8253132104873653
Energy-force-only EquiformerV2 AD,34982,840,14,0.0252134948968887,1.7335476875305176
Energy-force-only EquiformerV2 AD,526,841,12,0.0301760602742433,3.2365996837615967
Energy-force-only EquiformerV2 AD,49314,842,13,0.0235766563564538,2.3797056674957275
Energy-force-only EquiformerV2 AD,17855,843,11,0.0164753198623657,2.8025686740875244
Energy-force-only EquiformerV2 AD,28056,844,16,0.0699030309915542,1.7733491659164429
Energy-force-only EquiformerV2 AD,40880,845,14,0.0086936904117465,1.914297699928284
Energy-force-only EquiformerV2 AD,4807,846,14,0.0218755453824996,2.2399797439575195
Energy-force-only EquiformerV2 AD,712,847,12,0.0172814037650823,2.6069753170013428
Energy-force-only EquiformerV2 AD,33590,848,6,0.0278137400746345,8.588116645812988
Energy-force-only EquiformerV2 AD,20748,849,16,0.0274453572928905,0.6333035230636597
Energy-force-only EquiformerV2 AD,42710,850,13,0.0133217424154281,2.382907629013061
Energy-force-only EquiformerV2 AD,49237,851,18,0.0046866182237863,1.1653831005096436
Energy-force-only EquiformerV2 AD,72,852,14,0.0289435908198356,1.9508787393569944
Energy-force-only EquiformerV2 AD,14337,853,14,0.0072106774896383,2.0974066257476807
Energy-force-only EquiformerV2 AD,23972,854,14,0.0101918596774339,1.3389830589294434
Energy-force-only EquiformerV2 AD,7195,855,15,0.0372648350894451,2.4544694423675537
Energy-force-only EquiformerV2 AD,31146,856,17,0.0056524537503719,1.4642435312271118
Energy-force-only EquiformerV2 AD,12401,857,12,0.0167611371725797,3.339661359786988
Energy-force-only EquiformerV2 AD,40663,858,14,0.0122161684557795,2.520075798034668
Energy-force-only EquiformerV2 AD,27754,859,14,0.0181389488279819,2.2548742294311523
Energy-force-only EquiformerV2 AD,42023,860,11,0.0114392051473259,2.967209815979004
Energy-force-only EquiformerV2 AD,22294,861,15,0.0133030973374843,2.1013951301574707
Energy-force-only EquiformerV2 AD,41951,862,16,0.008538806810975,2.20203709602356
Energy-force-only EquiformerV2 AD,49835,863,9,0.0382939614355564,3.3393921852111816
Energy-force-only EquiformerV2 AD,39711,864,12,0.0386558435857296,2.5363073348999023
Energy-force-only EquiformerV2 AD,37991,865,18,0.0115720136091113,0.6752210259437561
Energy-force-only EquiformerV2 AD,10634,866,14,0.0056559513323009,1.9339549541473389
Energy-force-only EquiformerV2 AD,5662,867,10,0.0175885334610939,3.177757740020752
Energy-force-only EquiformerV2 AD,10314,868,13,0.0170276556164026,1.3522424697875977
Energy-force-only EquiformerV2 AD,15285,869,12,0.0164318662136793,2.5104644298553467
Energy-force-only EquiformerV2 AD,6714,870,13,0.0080321235582232,1.0835446119308472
Energy-force-only EquiformerV2 AD,25793,871,16,0.0079476181417703,1.8186713457107544
Energy-force-only EquiformerV2 AD,40685,872,14,0.0133169805631041,1.646498680114746
Energy-force-only EquiformerV2 AD,45152,873,11,0.0215313173830509,2.966360569000244
Energy-force-only EquiformerV2 AD,32109,874,18,0.1474177539348602,0.7636132836341858
Energy-force-only EquiformerV2 AD,45393,875,18,0.0204941667616367,1.7535865306854248
Energy-force-only EquiformerV2 AD,30693,876,17,0.0170263014733791,1.5647059679031372
Energy-force-only EquiformerV2 AD,29623,877,16,0.0320004820823669,1.54343581199646
Energy-force-only EquiformerV2 AD,28946,878,14,0.0474736765027046,0.9692097902297974
Energy-force-only EquiformerV2 AD,14386,879,11,0.0270707551389932,3.789017677307129
Energy-force-only EquiformerV2 AD,38596,880,12,0.0314449854195117,2.5433335304260254
Energy-force-only EquiformerV2 AD,49574,881,14,0.0162192787975072,2.275538921356201
Energy-force-only EquiformerV2 AD,8612,882,12,0.0110059566795825,2.797290563583374
Energy-force-only EquiformerV2 AD,37542,883,11,0.0911477133631706,3.912460803985596
Energy-force-only EquiformerV2 AD,18699,884,12,0.0446049757301807,2.075833320617676
Energy-force-only EquiformerV2 AD,44932,885,12,0.0240955222398042,1.9236664772033687
Energy-force-only EquiformerV2 AD,35046,886,13,0.0193596892058849,1.8758234977722168
Energy-force-only EquiformerV2 AD,22697,887,11,0.0279795620590448,4.281307220458984
Energy-force-only EquiformerV2 AD,23179,888,14,0.0113312974572181,2.3367276191711426
Energy-force-only EquiformerV2 AD,21746,889,19,0.0275714453309774,1.4086259603500366
Energy-force-only EquiformerV2 AD,48884,890,14,0.016997205093503,1.4162057638168335
Energy-force-only EquiformerV2 AD,33670,891,17,0.0060948063619434,1.3747447729110718
Energy-force-only EquiformerV2 AD,12564,892,10,0.0060388022102415,3.2286503314971924
Energy-force-only EquiformerV2 AD,37365,893,16,0.0125715807080268,1.7670975923538208
Energy-force-only EquiformerV2 AD,24503,894,16,0.0127692725509405,2.1001346111297607
Energy-force-only EquiformerV2 AD,12616,895,14,0.0371450334787368,2.991300106048584
Energy-force-only EquiformerV2 AD,5901,896,14,0.0156576465815305,1.4976426362991333
Energy-force-only EquiformerV2 AD,43484,897,16,0.0091606108471751,1.83629310131073
Energy-force-only EquiformerV2 AD,21480,898,11,0.0196857545524835,1.8173943758010864
Energy-force-only EquiformerV2 AD,22953,899,15,0.023796672001481,1.602991223335266
Energy-force-only EquiformerV2 AD,401,900,10,0.02569430321455,3.8499386310577393
Energy-force-only EquiformerV2 AD,48017,901,13,0.0521277524530887,1.111059308052063
Energy-force-only EquiformerV2 AD,14167,902,8,0.0541309118270874,2.443640947341919
Energy-force-only EquiformerV2 AD,42764,903,11,0.0197906382381916,2.9622838497161865
Energy-force-only EquiformerV2 AD,9618,904,13,0.0184068046510219,2.561875343322754
Energy-force-only EquiformerV2 AD,17845,905,13,0.004184023477137,2.287924289703369
Energy-force-only EquiformerV2 AD,46325,906,12,0.0111239850521087,2.5143868923187256
Energy-force-only EquiformerV2 AD,14185,907,5,0.0157032590359449,7.380194187164307
Energy-force-only EquiformerV2 AD,2546,908,10,0.0204480160027742,3.200678825378418
Energy-force-only EquiformerV2 AD,36241,909,14,0.0224326327443122,1.882896423339844
Energy-force-only EquiformerV2 AD,6168,910,16,0.012258768081665,1.457600712776184
Energy-force-only EquiformerV2 AD,19503,911,15,0.0232926327735185,0.9548959732055664
Energy-force-only EquiformerV2 AD,30812,912,13,0.0354145802557468,2.154660701751709
Energy-force-only EquiformerV2 AD,35552,913,17,0.0050089210271835,1.6579785346984863
Energy-force-only EquiformerV2 AD,5033,914,17,0.0205353945493698,1.283630132675171
Energy-force-only EquiformerV2 AD,613,915,12,0.0110556595027446,2.407265901565552
Energy-force-only EquiformerV2 AD,20341,916,18,0.0045884060673415,1.14655339717865
Energy-force-only EquiformerV2 AD,12598,917,16,0.0064851469360291,1.2507492303848269
Energy-force-only EquiformerV2 AD,26339,918,10,0.4101362824440002,5.590574264526367
Energy-force-only EquiformerV2 AD,27726,919,16,0.0075063202530145,1.6892958879470823
Energy-force-only EquiformerV2 AD,40668,920,9,0.0077898581512272,3.9455080032348633
Energy-force-only EquiformerV2 AD,9105,921,17,0.0079983500763773,1.6964021921157837
Energy-force-only EquiformerV2 AD,44456,922,10,0.0479023084044456,1.7616339921951294
Energy-force-only EquiformerV2 AD,23845,923,11,0.0390993431210517,3.101330280303955
Energy-force-only EquiformerV2 AD,24220,924,14,0.0158244501799345,1.6752948760986328
Energy-force-only EquiformerV2 AD,39170,925,11,0.0129162147641181,3.7742083072662354
Energy-force-only EquiformerV2 AD,16524,926,13,0.0140006868168711,1.531147003173828
Energy-force-only EquiformerV2 AD,29555,927,16,0.0082676243036985,1.379742980003357
Energy-force-only EquiformerV2 AD,4849,928,10,0.0122934253886342,2.930994749069214
Energy-force-only EquiformerV2 AD,22322,929,15,0.045046828687191,1.8289618492126465
Energy-force-only EquiformerV2 AD,31840,930,15,0.008208617568016,2.063547849655152
Energy-force-only EquiformerV2 AD,47004,931,17,0.010719547048211,1.6468377113342283
Energy-force-only EquiformerV2 AD,38492,932,16,0.0179759785532951,1.6816163063049316
Energy-force-only EquiformerV2 AD,1282,933,14,0.0136682027950882,1.58785080909729
Energy-force-only EquiformerV2 AD,32929,934,11,0.008166255429387,3.829150438308716
Energy-force-only EquiformerV2 AD,20998,935,16,0.0117440177127718,1.4241149425506592
Energy-force-only EquiformerV2 AD,8005,936,16,0.0068854130804538,1.8182178735733032
Energy-force-only EquiformerV2 AD,41203,937,13,0.0190279204398393,2.178054094314575
Energy-force-only EquiformerV2 AD,2447,938,12,0.0150014264509081,3.0538926124572754
Energy-force-only EquiformerV2 AD,41901,939,13,0.0132810678333044,2.7255094051361084
Energy-force-only EquiformerV2 AD,4407,940,17,0.0076140365563333,1.5653517246246338
Energy-force-only EquiformerV2 AD,16221,941,13,0.0197718311101198,2.405070304870605
Energy-force-only EquiformerV2 AD,29347,942,11,0.0320833884179592,3.0094056129455566
Energy-force-only EquiformerV2 AD,12056,943,14,0.0099431341513991,1.7582820653915403
Energy-force-only EquiformerV2 AD,42772,944,13,0.0043622869998216,2.4576401710510254
Energy-force-only EquiformerV2 AD,33589,945,15,0.0085748387500643,2.39610242843628
Energy-force-only EquiformerV2 AD,5404,946,15,0.0067330230958759,1.8294321298599243
Energy-force-only EquiformerV2 AD,40595,947,16,0.0256336238235235,2.323793649673462
Energy-force-only EquiformerV2 AD,33937,948,11,0.0311600156128406,3.1048178672790527
Energy-force-only EquiformerV2 AD,21066,949,15,0.0192028749734163,2.9566595554351807
Energy-force-only EquiformerV2 AD,12712,950,17,0.0050756470300257,1.699601650238037
Energy-force-only EquiformerV2 AD,38754,951,9,0.0591392554342746,3.962928056716919
Energy-force-only EquiformerV2 AD,40796,952,17,0.0047121606767177,1.8716843128204343
Energy-force-only EquiformerV2 AD,9347,953,14,0.041643176227808,2.591860055923462
Energy-force-only EquiformerV2 AD,31772,954,15,0.0093724438920617,2.324625253677368
Energy-force-only EquiformerV2 AD,14321,955,14,0.0060858945362269,1.5787715911865234
Energy-force-only EquiformerV2 AD,19951,956,16,0.0233925096690654,1.1909183263778689
Energy-force-only EquiformerV2 AD,23699,957,12,0.0220516640692949,2.873364210128784
Energy-force-only EquiformerV2 AD,23207,958,10,0.0287638548761606,3.2191202640533447
Energy-force-only EquiformerV2 AD,36447,959,15,0.0092601561918854,1.6641459465026855
Energy-force-only EquiformerV2 AD,33568,960,10,0.0088716447353363,2.228449583053589
Energy-force-only EquiformerV2 AD,23016,961,13,0.019125485792756,2.1534078121185303
Energy-force-only EquiformerV2 AD,37621,962,13,0.0078373914584517,2.707404375076294
Energy-force-only EquiformerV2 AD,10316,963,13,0.0065616448409855,1.9194811582565308
Energy-force-only EquiformerV2 AD,36530,964,17,0.0108319194987416,0.897089421749115
Energy-force-only EquiformerV2 AD,39641,965,19,0.0072091924957931,1.705354928970337
Energy-force-only EquiformerV2 AD,35030,966,15,0.0267004240304231,1.2580386400222778
Energy-force-only EquiformerV2 AD,2891,967,11,0.0169712398201227,1.890212059020996
Energy-force-only EquiformerV2 AD,1145,968,14,0.0224292073398828,2.238921880722046
Energy-force-only EquiformerV2 AD,20868,969,8,0.0303260963410139,4.288238525390625
Energy-force-only EquiformerV2 AD,23249,970,15,0.0111116729676723,1.7090266942977903
Energy-force-only EquiformerV2 AD,35996,971,11,0.0092798182740807,0.8069561123847961
Energy-force-only EquiformerV2 AD,42548,972,12,0.0282214283943176,1.075026512145996
Energy-force-only EquiformerV2 AD,6606,973,15,0.0216535795480012,1.877478003501892
Energy-force-only EquiformerV2 AD,24275,974,12,0.0344565063714981,2.7656397819519043
Energy-force-only EquiformerV2 AD,323,975,14,0.0127040790393948,2.488905191421509
Energy-force-only EquiformerV2 AD,42107,976,14,0.0136318355798721,2.2250232696533203
Energy-force-only EquiformerV2 AD,37251,977,15,0.0274349693208932,2.263491630554199
Energy-force-only EquiformerV2 AD,29661,978,19,0.0041720177978277,1.3336726427078247
Energy-force-only EquiformerV2 AD,46492,979,15,0.0127114206552505,2.2071425914764404
Energy-force-only EquiformerV2 AD,19431,980,15,0.0220746509730815,1.87147867679596
Energy-force-only EquiformerV2 AD,24511,981,16,0.0116008017212152,1.5428558588027954
Energy-force-only EquiformerV2 AD,21633,982,19,0.0104727717116475,1.0518052577972412
Energy-force-only EquiformerV2 AD,18902,983,13,0.013656304217875,1.8701791763305664
Energy-force-only EquiformerV2 AD,39115,984,8,0.0148905646055936,4.338688373565674
Energy-force-only EquiformerV2 AD,31498,985,14,0.0211396757513284,1.3470954895019531
Energy-force-only EquiformerV2 AD,26331,986,12,0.0103730577975511,1.994513988494873
Energy-force-only EquiformerV2 AD,11923,987,15,0.0093629881739616,2.3809971809387207
Energy-force-only EquiformerV2 AD,22709,988,15,0.0198992229998111,2.406683921813965
Energy-force-only EquiformerV2 AD,1101,989,12,0.0154179008677601,2.410762548446656
Energy-force-only EquiformerV2 AD,31657,990,16,0.0077678114175796,1.0076223611831665
Energy-force-only EquiformerV2 AD,48944,991,10,0.0247962828725576,4.401426792144775
Energy-force-only EquiformerV2 AD,26945,992,11,0.0382333099842071,3.545950412750244
Energy-force-only EquiformerV2 AD,9596,993,14,0.0119931558147072,2.098583459854126
Energy-force-only EquiformerV2 AD,396,994,17,0.0061895558610558,1.750671625137329
Energy-force-only EquiformerV2 AD,9464,995,13,0.0101127279922366,2.6420693397521973
Energy-force-only EquiformerV2 AD,5988,996,12,0.0304787289351224,2.1345129013061523
Energy-force-only EquiformerV2 AD,4022,997,16,0.0058612111024558,1.8501701354980469
Energy-force-only EquiformerV2 AD,30213,998,16,0.0058997510932385,1.6408337354660034
Energy-force-only EquiformerV2 AD,8987,999,13,0.0053160930983722,2.2544960975646973
Energy-force-only EquiformerV2 AD,17553,1000,16,0.0225811898708343,2.0364291667938232
Energy-force-only EquiformerV2 AD,34055,1001,13,0.0164910145103931,2.6876728534698486
Energy-force-only EquiformerV2 AD,16338,1002,16,0.0079955300316214,1.3359647989273071
Energy-force-only EquiformerV2 AD,9287,1003,13,0.0118833184242248,2.673222780227661
Energy-force-only EquiformerV2 AD,29660,1004,15,0.0527732595801353,2.6553738117218018
Energy-force-only EquiformerV2 AD,25613,1005,15,0.054252091795206,1.0963387489318848
Energy-force-only EquiformerV2 AD,35223,1006,12,0.0719890296459198,2.3869919776916504
Energy-force-only EquiformerV2 AD,46828,1007,15,0.0076715922914445,1.931273102760315
Energy-force-only EquiformerV2 AD,26823,1008,18,0.0064756064675748,0.8748739361763
Energy-force-only EquiformerV2 AD,8312,1009,14,0.0080379098653793,2.0517702102661133
Energy-force-only EquiformerV2 AD,11960,1010,16,0.0519721210002899,2.2191879749298096
Energy-force-only EquiformerV2 AD,43577,1011,19,0.010003462433815,0.9738332629203796
Energy-force-only EquiformerV2 AD,43337,1012,15,0.0317701362073421,2.3338112831115723
Energy-force-only EquiformerV2 AD,38950,1013,21,0.0307549610733985,1.6145039796829224
Energy-force-only EquiformerV2 AD,23890,1014,13,0.0274474285542964,2.040626049041748
Energy-force-only EquiformerV2 AD,17056,1015,15,0.0144064240157604,2.383204221725464
Energy-force-only EquiformerV2 AD,41881,1016,15,0.1058660969138145,1.1375669240951538
Energy-force-only EquiformerV2 AD,15088,1017,14,0.0181711614131927,1.973219871520996
Energy-force-only EquiformerV2 AD,27329,1018,10,0.0358656831085681,3.713234186172485
Energy-force-only EquiformerV2 AD,42255,1019,14,0.0094776777550578,2.4747705459594727
Energy-force-only EquiformerV2 AD,5738,1020,9,0.061621755361557,3.3820576667785645
Energy-force-only EquiformerV2 AD,777,1021,19,0.0059099718928337,1.3314250707626345
Energy-force-only EquiformerV2 AD,8973,1022,15,0.0143001694232225,1.2644619941711426
Energy-force-only EquiformerV2 AD,29567,1023,13,0.0149727007374167,3.060457229614258
Energy-force-only EquiformerV2 AD,13151,1024,10,0.0925600752234458,1.7503868341445925
Energy-force-only EquiformerV2 AD,13056,1025,11,0.0084751034155488,3.152628898620605
Energy-force-only EquiformerV2 AD,6319,1026,11,0.0077517628669738,3.0160605907440186
Energy-force-only EquiformerV2 AD,5490,1027,8,0.0260639414191246,4.363128185272217
Energy-force-only EquiformerV2 AD,30976,1028,15,0.0065687685273587,2.457719326019287
Energy-force-only EquiformerV2 AD,37828,1029,11,0.0133007550612092,3.468979597091675
Energy-force-only EquiformerV2 AD,19110,1030,12,0.0089075490832328,2.862569808959961
Energy-force-only EquiformerV2 AD,9151,1031,13,0.0519401468336582,2.9659998416900635
Energy-force-only EquiformerV2 AD,1336,1032,14,0.0125563982874155,1.817112922668457
Energy-force-only EquiformerV2 AD,49478,1033,17,0.0205871313810348,1.1995010375976562
Energy-force-only EquiformerV2 AD,30356,1034,11,0.0158098917454481,2.1306231021881104
Energy-force-only EquiformerV2 AD,36223,1035,9,0.0061755441129207,4.131157875061035
Energy-force-only EquiformerV2 AD,15259,1036,14,0.010792433284223,1.535632610321045
Energy-force-only EquiformerV2 AD,115,1037,14,0.0054866047576069,2.117496967315674
Energy-force-only EquiformerV2 AD,3044,1038,15,0.0118071297183632,1.9148186445236208
Energy-force-only EquiformerV2 AD,17745,1039,14,0.0123412329703569,0.9903687834739684
Energy-force-only EquiformerV2 AD,15284,1040,16,0.0138985440135002,2.0705952644348145
Energy-force-only EquiformerV2 AD,49812,1041,10,0.0260442029684782,3.31505823135376
Energy-force-only EquiformerV2 AD,18736,1042,16,0.0174408908933401,2.2319254875183105
Energy-force-only EquiformerV2 AD,22375,1043,21,0.0067282207310199,1.041398048400879
Energy-force-only EquiformerV2 AD,31457,1044,19,0.0059567261487245,1.39992094039917
Energy-force-only EquiformerV2 AD,8167,1045,16,0.0549739561975002,2.189145803451538
Energy-force-only EquiformerV2 AD,45548,1046,16,0.0176683291792869,1.77522873878479
Energy-force-only EquiformerV2 AD,1184,1047,11,0.0173499044030904,2.891947031021118
Energy-force-only EquiformerV2 AD,45852,1048,11,0.0085566323250532,2.561272382736206
Energy-force-only EquiformerV2 AD,5255,1049,16,0.005047689191997,1.846981287002564
Energy-force-only EquiformerV2 AD,50599,1050,14,0.0205805394798517,2.307385206222534
Energy-force-only EquiformerV2 AD,855,1051,15,0.0155487908050417,2.33362889289856
Energy-force-only EquiformerV2 AD,29694,1052,13,0.0165743120014667,2.217176675796509
Energy-force-only EquiformerV2 AD,4661,1053,12,0.0273550394922494,1.3451772928237915
Energy-force-only EquiformerV2 AD,28126,1054,14,0.0298827178776264,2.0952401161193848
Energy-force-only EquiformerV2 AD,20484,1055,14,0.0306226648390293,0.988066554069519
Energy-force-only EquiformerV2 AD,12939,1056,17,0.0314423330128192,1.7073646783828735
Energy-force-only EquiformerV2 AD,50251,1057,11,0.0073249074630439,3.127880334854126
Energy-force-only EquiformerV2 AD,19339,1058,14,0.0152877047657966,2.461004734039306
Energy-force-only EquiformerV2 AD,21684,1059,11,0.0063656703568995,3.527766466140747
Energy-force-only EquiformerV2 AD,32388,1060,10,0.0222387686371803,3.367548942565918
Energy-force-only EquiformerV2 AD,4509,1061,10,0.0247709900140762,2.783493995666504
Energy-force-only EquiformerV2 AD,8498,1062,17,0.0070284558460116,1.4052982330322266
Energy-force-only EquiformerV2 AD,12479,1063,11,0.0707816705107688,3.3686764240264893
Energy-force-only EquiformerV2 AD,41021,1064,8,0.0293034873902797,4.205081939697266
Energy-force-only EquiformerV2 AD,30239,1065,12,0.0123753864318132,2.1080141067504883
Energy-force-only EquiformerV2 AD,1206,1066,13,0.0127276489511132,2.8602190017700195
Energy-force-only EquiformerV2 AD,8216,1067,16,0.0051237856969237,1.415277123451233
Energy-force-only EquiformerV2 AD,39696,1068,12,0.007726976647973,2.132378101348877
Energy-force-only EquiformerV2 AD,13712,1069,13,0.0113714579492807,2.1957132816314697
Energy-force-only EquiformerV2 AD,13160,1070,11,0.0161780007183551,3.4555599689483643
Energy-force-only EquiformerV2 AD,19739,1071,12,0.0427034310996532,1.8173006772994995
Energy-force-only EquiformerV2 AD,25329,1072,14,0.0310092382133007,1.981681227684021
Energy-force-only EquiformerV2 AD,23609,1073,15,0.0093753654509782,2.111008644104004
Energy-force-only EquiformerV2 AD,12440,1074,11,0.010705049149692,3.0490262508392334
Energy-force-only EquiformerV2 AD,8506,1075,10,0.0147470599040389,3.574723958969116
Energy-force-only EquiformerV2 AD,43801,1076,14,0.0085698943585157,2.0072567462921143
Energy-force-only EquiformerV2 AD,36996,1077,14,0.0148763470351696,2.379711151123047
Energy-force-only EquiformerV2 AD,44711,1078,12,0.0341577380895614,2.4355669021606445
Energy-force-only EquiformerV2 AD,37603,1079,16,0.0046846475452184,1.5865367650985718
Energy-force-only EquiformerV2 AD,1526,1080,11,0.0278510618954896,2.51318359375
Energy-force-only EquiformerV2 AD,34664,1081,15,0.011026601307094,2.144379138946533
Energy-force-only EquiformerV2 AD,3240,1082,15,0.0099407872185111,1.8675593137741089
Energy-force-only EquiformerV2 AD,11808,1083,15,0.0070547643117606,2.0638952255249023
Energy-force-only EquiformerV2 AD,50617,1084,13,0.0205689333379268,2.272927761077881
Energy-force-only EquiformerV2 AD,48632,1085,12,0.0284437611699104,2.472250461578369
Energy-force-only EquiformerV2 AD,14468,1086,16,0.017240984365344,1.3966184854507446
Energy-force-only EquiformerV2 AD,15939,1087,12,0.0135395526885986,1.6999332904815674
Energy-force-only EquiformerV2 AD,10803,1088,14,0.00844291690737,1.9771758317947388
Energy-force-only EquiformerV2 AD,11634,1089,14,0.007353713735938,2.456793785095215
Energy-force-only EquiformerV2 AD,4097,1090,17,0.0324053466320037,1.0771477222442627
Energy-force-only EquiformerV2 AD,19312,1091,16,0.0077879535965621,1.365124225616455
Energy-force-only EquiformerV2 AD,8387,1092,12,0.0107008256018161,2.357372045516968
Energy-force-only EquiformerV2 AD,10654,1093,15,0.014667997136712,1.9143588542938232
Energy-force-only EquiformerV2 AD,30265,1094,14,0.016045419499278,2.026148796081543
Energy-force-only EquiformerV2 AD,49045,1095,15,0.0093955118209123,1.8932547569274905
Energy-force-only EquiformerV2 AD,25481,1096,14,0.0043151215650141,2.0788345336914062
Energy-force-only EquiformerV2 AD,12304,1097,13,0.0157247241586446,1.928062081336975
Energy-force-only EquiformerV2 AD,20047,1098,14,0.0110887149348855,2.2433061599731445
Energy-force-only EquiformerV2 AD,18345,1099,10,0.0201299134641885,3.5539045333862305
Energy-force-only EquiformerV2 AD,836,1100,15,0.0271928422152996,2.479647636413574
Energy-force-only EquiformerV2 AD,23788,1101,18,0.0168582592159509,1.7171605825424194
Energy-force-only EquiformerV2 AD,26659,1102,12,0.0143031375482678,1.2283269166946411
Energy-force-only EquiformerV2 AD,8547,1103,14,0.0353120788931846,2.009650945663452
Energy-force-only EquiformerV2 AD,13477,1104,14,0.012618763372302,2.002381086349488
Energy-force-only EquiformerV2 AD,32188,1105,15,0.0040423613972961,1.7098355293273926
Energy-force-only EquiformerV2 AD,2106,1106,14,0.013962005265057,1.3354887962341309
Energy-force-only EquiformerV2 AD,19278,1107,10,0.0418037362396717,1.928133130073548
Energy-force-only EquiformerV2 AD,35257,1108,13,0.0116459457203745,2.6500353813171387
Energy-force-only EquiformerV2 AD,3282,1109,10,0.0651311129331588,3.2787230014801025
Energy-force-only EquiformerV2 AD,15334,1110,9,0.0475851260125637,2.792322158813477
Energy-force-only EquiformerV2 AD,45523,1111,8,0.0399732254445552,2.238076448440552
Energy-force-only EquiformerV2 AD,43699,1112,13,0.0085378028452396,2.296934127807617
Energy-force-only EquiformerV2 AD,35073,1113,15,0.012995408847928,1.4743677377700806
Energy-force-only EquiformerV2 AD,42718,1114,14,0.0065184053964912,2.0538270473480225
Energy-force-only EquiformerV2 AD,31249,1115,16,0.0200282782316207,0.9728531241416932
Energy-force-only EquiformerV2 AD,30762,1116,14,0.0045033106580376,2.127652406692505
Energy-force-only EquiformerV2 AD,27389,1117,8,0.020178047940135,3.9688780307769775
Energy-force-only EquiformerV2 AD,40452,1118,15,0.0242973435670137,0.9278927445411682
Energy-force-only EquiformerV2 AD,23828,1119,16,0.0031035733409225,1.5323325395584106
Energy-force-only EquiformerV2 AD,35613,1120,13,0.0259686801582574,2.362684726715088
Energy-force-only EquiformerV2 AD,3669,1121,13,0.0099324295297265,2.4590723514556885
Energy-force-only EquiformerV2 AD,39030,1122,11,0.0685352012515068,2.912766695022583
Energy-force-only EquiformerV2 AD,21570,1123,10,0.0092898178845644,2.350170135498047
Energy-force-only EquiformerV2 AD,10537,1124,11,0.0099779777228832,2.3968279361724854
Energy-force-only EquiformerV2 AD,12094,1125,12,0.0364993996918201,1.837496519088745
Energy-force-only EquiformerV2 AD,24177,1126,12,0.0545502230525016,2.7630622386932373
Energy-force-only EquiformerV2 AD,26556,1127,13,0.0141588514670729,1.7646191120147705
Energy-force-only EquiformerV2 AD,14721,1128,12,0.0138794388622045,2.5069003105163574
Energy-force-only EquiformerV2 AD,40459,1129,15,0.0251575335860252,1.9004566669464111
Energy-force-only EquiformerV2 AD,4273,1130,15,0.0069733480922877,1.9721277952194207
Energy-force-only EquiformerV2 AD,3537,1131,11,0.0062091071158647,2.6611220836639404
Energy-force-only EquiformerV2 AD,36233,1132,15,0.0148796504363417,1.8519697189331048
Energy-force-only EquiformerV2 AD,19242,1133,11,0.010866604745388,2.507884740829468
Energy-force-only EquiformerV2 AD,3060,1134,14,0.0053171231411397,1.983686566352844
Energy-force-only EquiformerV2 AD,39971,1135,15,0.0182353649288415,1.106594800949097
Energy-force-only EquiformerV2 AD,44790,1136,11,0.0116372527554631,3.4631927013397217
Energy-force-only EquiformerV2 AD,42478,1137,15,0.0039711850695312,2.091914653778076
Energy-force-only EquiformerV2 AD,43735,1138,14,0.028051683679223,1.3357036113739014
Energy-force-only EquiformerV2 AD,19811,1139,15,0.0098238885402679,2.196676254272461
Energy-force-only EquiformerV2 AD,241,1140,12,0.0674017518758773,1.268624782562256
Energy-force-only EquiformerV2 AD,19049,1141,14,0.0161379743367433,2.318614959716797
Energy-force-only EquiformerV2 AD,45161,1142,14,0.0065957549959421,1.6995118856430054
Energy-force-only EquiformerV2 AD,20530,1143,13,0.0085440417751669,2.519120693206787
Energy-force-only EquiformerV2 AD,19843,1144,15,0.005946101155132,2.0161256790161133
Energy-force-only EquiformerV2 AD,27703,1145,16,0.0272888951003551,1.818169951438904
Energy-force-only EquiformerV2 AD,29006,1146,14,0.0047160671092569,2.1833505630493164
Energy-force-only EquiformerV2 AD,16833,1147,13,0.0345445238053798,2.4183874130249023
Energy-force-only EquiformerV2 AD,31886,1148,14,0.0345185734331607,1.779913306236267
Energy-force-only EquiformerV2 AD,39827,1149,14,0.0132061624899506,2.03360366821289
Energy-force-only EquiformerV2 AD,23044,1150,16,0.0173692815005779,1.2095524072647097
Energy-force-only EquiformerV2 AD,4976,1151,14,0.0208231434226036,2.3353734016418457
Energy-force-only EquiformerV2 AD,41919,1152,16,0.0051652616821229,1.616238713264465
Energy-force-only EquiformerV2 AD,48568,1153,13,0.0149744432419538,2.487748861312866
Energy-force-only EquiformerV2 AD,42287,1154,15,0.0110374120995402,1.2142865657806396
Energy-force-only EquiformerV2 AD,43000,1155,16,0.0083914902061223,1.9241212606430047
Energy-force-only EquiformerV2 AD,46069,1156,11,0.0642749667167663,2.910200595855713
Energy-force-only EquiformerV2 AD,31262,1157,12,0.0159979220479726,2.167853355407715
Energy-force-only EquiformerV2 AD,11807,1158,12,0.0132521353662014,2.4881703853607178
Energy-force-only EquiformerV2 AD,35897,1159,8,0.0207652896642684,2.6356289386749268
Energy-force-only EquiformerV2 AD,16279,1160,19,0.0622752755880355,1.359699010848999
Energy-force-only EquiformerV2 AD,30361,1161,14,0.007621070370078,2.2504255771636963
Energy-force-only EquiformerV2 AD,1050,1162,14,0.038944698870182,3.2653493881225586
Energy-force-only EquiformerV2 AD,11675,1163,16,0.0058289519511163,1.2713135480880735
Energy-force-only EquiformerV2 AD,7936,1164,10,0.0068476917222142,2.979494333267212
Energy-force-only EquiformerV2 AD,21617,1165,15,0.0078084822744131,1.9520944356918333
Energy-force-only EquiformerV2 AD,30470,1166,12,0.0176852084696292,2.782325029373169
Energy-force-only EquiformerV2 AD,1247,1167,14,0.020339373499155,1.1176050901412964
Energy-force-only EquiformerV2 AD,30326,1168,18,0.0098461601883172,1.2869151830673218
Energy-force-only EquiformerV2 AD,16708,1169,14,0.0089742802083492,1.905813336372376
Energy-force-only EquiformerV2 AD,37491,1170,12,0.0259921848773956,1.18707537651062
Energy-force-only EquiformerV2 AD,11288,1171,12,0.0231387447565794,2.2830629348754883
Energy-force-only EquiformerV2 AD,33038,1172,7,0.0226124934852123,2.837766647338867
Energy-force-only EquiformerV2 AD,14011,1173,14,0.0236842669546604,2.2334673404693604
Energy-force-only EquiformerV2 AD,12894,1174,14,0.0096056163311004,2.358201742172241
Energy-force-only EquiformerV2 AD,17430,1175,14,0.0106777055189013,1.83004629611969
Energy-force-only EquiformerV2 AD,29774,1176,8,0.0117421019822359,6.4078474044799805
Energy-force-only EquiformerV2 AD,41299,1177,19,0.0091044753789901,1.1762957572937012
Energy-force-only EquiformerV2 AD,5720,1178,13,0.0613351725041866,2.0915684700012207
Energy-force-only EquiformerV2 AD,25388,1179,15,0.0330322906374931,1.393660068511963
Energy-force-only EquiformerV2 AD,43025,1180,17,0.0105716325342655,1.9849563837051392
Energy-force-only EquiformerV2 AD,43483,1181,16,0.0171599686145782,1.4706891775131226
Energy-force-only EquiformerV2 AD,20903,1182,8,0.0538261532783508,6.414682388305664
Energy-force-only EquiformerV2 AD,13473,1183,11,0.0094548808410763,3.138410806655884
Energy-force-only EquiformerV2 AD,18383,1184,13,0.0198354981839656,2.1458606719970703
Energy-force-only EquiformerV2 AD,43695,1185,18,0.0161829590797424,1.5848000049591064
Energy-force-only EquiformerV2 AD,5647,1186,13,0.0110355010256171,2.0445384979248047
Energy-force-only EquiformerV2 AD,35150,1187,14,0.0122444508597254,1.2283014059066772
Energy-force-only EquiformerV2 AD,11102,1188,11,0.0321110971271991,1.9162307977676392
Energy-force-only EquiformerV2 AD,7349,1189,13,0.0140390796586871,2.4660744667053223
Energy-force-only EquiformerV2 AD,35536,1190,9,0.0410989224910736,2.1736996173858643
Energy-force-only EquiformerV2 AD,37950,1191,14,0.0099066933616995,1.5540908575057983
Energy-force-only EquiformerV2 AD,34756,1192,17,0.01817611977458,1.9980757236480715
Energy-force-only EquiformerV2 AD,6117,1193,19,0.0116073563694953,1.1771339178085327
Energy-force-only EquiformerV2 AD,26503,1194,12,0.031259398907423,2.2752394676208496
Energy-force-only EquiformerV2 AD,20976,1195,20,0.0492431595921516,1.2873802185058594
Energy-force-only EquiformerV2 AD,31429,1196,14,0.0122024761512875,1.8309568166732788
Energy-force-only EquiformerV2 AD,11476,1197,11,0.012723421677947,2.870900154113769
Energy-force-only EquiformerV2 AD,31950,1198,15,0.0044507887214422,2.124246120452881
Energy-force-only EquiformerV2 AD,4203,1199,14,0.0183634031563997,2.6484858989715576
Energy-force-only EquiformerV2 AD,24704,1200,13,0.0221593249589204,1.880497932434082
Energy-force-only EquiformerV2 AD,28045,1201,12,0.0122950030490756,3.076484441757202
Energy-force-only EquiformerV2 AD,16487,1202,17,0.0168001875281333,1.3232436180114746
Energy-force-only EquiformerV2 AD,11648,1203,15,0.0139953168109059,2.233644485473633
Energy-force-only EquiformerV2 AD,18872,1204,12,0.0124406879767775,2.184013843536377
Energy-force-only EquiformerV2 AD,44401,1205,18,0.0034403158351778,1.3316972255706787
Energy-force-only EquiformerV2 AD,4040,1206,13,0.0601652637124061,1.010886311531067
Energy-force-only EquiformerV2 AD,50030,1207,15,0.0096235461533069,1.725720763206482
Energy-force-only EquiformerV2 AD,27744,1208,16,0.0242490097880363,1.809030532836914
Energy-force-only EquiformerV2 AD,11729,1209,16,0.0139262359589338,1.816467523574829
Energy-force-only EquiformerV2 AD,24098,1210,18,0.0163738504052162,1.3184494972229004
Energy-force-only EquiformerV2 AD,28433,1211,15,0.0137064643204212,1.9437881708145144
Energy-force-only EquiformerV2 AD,18421,1212,11,0.0138773014768958,3.079923391342163
Energy-force-only EquiformerV2 AD,39441,1213,11,0.0115260267630219,3.144958257675171
Energy-force-only EquiformerV2 AD,41861,1214,18,0.0297503173351287,1.2129415273666382
Energy-force-only EquiformerV2 AD,5057,1215,14,0.0143286008387804,2.378230333328247
Energy-force-only EquiformerV2 AD,18857,1216,8,0.0499522797763347,5.984372615814209
Energy-force-only EquiformerV2 AD,23698,1217,13,0.0119102383032441,2.486781120300293
Energy-force-only EquiformerV2 AD,21304,1218,14,0.0254783667623996,1.4951069355010986
Energy-force-only EquiformerV2 AD,18,1219,14,0.0096831452101469,2.289743185043335
Energy-force-only EquiformerV2 AD,24732,1220,16,0.0118291852995753,2.1474146842956543
Energy-force-only EquiformerV2 AD,47369,1221,19,0.0043986998498439,1.3759502172470093
Energy-force-only EquiformerV2 AD,46948,1222,15,0.0140175931155681,2.29627537727356
Energy-force-only EquiformerV2 AD,38404,1223,10,0.0282834433019161,3.698580741882324
Energy-force-only EquiformerV2 AD,15484,1224,8,0.0366969667375087,5.179980754852295
Energy-force-only EquiformerV2 AD,46183,1225,12,0.0053911535069346,3.129446268081665
Energy-force-only EquiformerV2 AD,7006,1226,19,0.0104592386633157,1.5610570907592771
Energy-force-only EquiformerV2 AD,14432,1227,16,0.0226423256099224,2.1932802200317383
Energy-force-only EquiformerV2 AD,30953,1228,15,0.0146935880184173,1.2539143562316897
Energy-force-only EquiformerV2 AD,46603,1229,15,0.0108789755031466,2.354532241821289
Energy-force-only EquiformerV2 AD,38854,1230,15,0.0047185658477246,1.633358120918274
Energy-force-only EquiformerV2 AD,21933,1231,10,0.0154973799362778,2.2175066471099854
Energy-force-only EquiformerV2 AD,30456,1232,8,0.0222419165074825,4.297864437103272
Energy-force-only EquiformerV2 AD,33921,1233,14,0.0135191045701503,1.8493884801864624
Energy-force-only EquiformerV2 AD,29975,1234,11,0.0089583126828074,3.218832969665528
Energy-force-only EquiformerV2 AD,19104,1235,18,0.0061969105154275,1.1745704412460327
Energy-force-only EquiformerV2 AD,20572,1236,10,0.0354682356119155,4.698922157287598
Energy-force-only EquiformerV2 AD,24585,1237,14,0.0115083632990717,1.9697697162628167
Energy-force-only EquiformerV2 AD,27424,1238,17,0.0175333265215158,0.6499400734901428
Energy-force-only EquiformerV2 AD,18095,1239,16,0.0328771546483039,2.185263156890869
Energy-force-only EquiformerV2 AD,39476,1240,15,0.0637521147727966,1.9021867513656616
Energy-force-only EquiformerV2 AD,45008,1241,10,0.0090406937524676,3.418001890182495
Energy-force-only EquiformerV2 AD,14282,1242,11,0.0093108331784605,3.1722865104675293
Energy-force-only EquiformerV2 AD,29258,1243,13,0.0141359521076083,1.7846362590789795
Energy-force-only EquiformerV2 AD,48410,1244,14,0.0317450426518917,2.582601547241211
Energy-force-only EquiformerV2 AD,16804,1245,13,0.0380603373050689,2.143376350402832
Energy-force-only EquiformerV2 AD,28349,1246,16,0.0104581601917743,1.27506422996521
Energy-force-only EquiformerV2 AD,4169,1247,8,0.0537806563079357,1.0929243564605713
Energy-force-only EquiformerV2 AD,15433,1248,19,0.0052702268585562,1.299386978149414
Energy-force-only EquiformerV2 AD,38752,1249,15,0.0294939279556274,1.3705986738204956
Energy-force-only EquiformerV2 AD,600,1250,21,0.0113233253359794,1.3360637426376345
Energy-force-only EquiformerV2 AD,45951,1251,12,0.0341749750077724,2.5644690990448
Energy-force-only EquiformerV2 AD,16395,1252,12,0.0078440019860863,1.7625713348388672
Energy-force-only EquiformerV2 AD,16568,1253,13,0.0216777585446834,2.509420156478882
Energy-force-only EquiformerV2 AD,7078,1254,12,0.0157424639910459,2.375826597213745
Energy-force-only EquiformerV2 AD,24381,1255,15,0.0069523374550044,1.914709448814392
Energy-force-only EquiformerV2 AD,13345,1256,14,0.0133891459554433,2.230879783630371
Energy-force-only EquiformerV2 AD,20591,1257,10,0.0081207929179072,4.415446758270264
Energy-force-only EquiformerV2 AD,1158,1258,16,0.0140603547915816,1.80629312992096
Energy-force-only EquiformerV2 AD,19059,1259,13,0.0342221446335315,2.892554521560669
Energy-force-only EquiformerV2 AD,19026,1260,16,0.0337995439767837,1.078885197639465
Energy-force-only EquiformerV2 AD,25698,1261,13,0.0082628577947616,1.6839280128479004
Energy-force-only EquiformerV2 AD,49150,1262,16,0.0110302036628127,2.0938913822174072
Energy-force-only EquiformerV2 AD,45772,1263,17,0.0042036636732518,1.51092529296875
Energy-force-only EquiformerV2 AD,5633,1264,11,0.021643603220582,2.2809624671936035
Energy-force-only EquiformerV2 AD,17357,1265,11,0.0127059798687696,2.686748743057251
Energy-force-only EquiformerV2 AD,14230,1266,14,0.0099687501788139,2.282765865325928
Energy-force-only EquiformerV2 AD,44487,1267,14,0.0107705835253,1.037790298461914
Energy-force-only EquiformerV2 AD,37952,1268,9,0.0311319194734096,4.003057479858398
Energy-force-only EquiformerV2 AD,41929,1269,11,0.0230771768838167,3.899935960769653
Energy-force-only EquiformerV2 AD,35379,1270,20,0.0368908159434795,1.118147373199463
Energy-force-only EquiformerV2 AD,50842,1271,18,0.0189768336713314,1.7442853450775146
Energy-force-only EquiformerV2 AD,25490,1272,18,0.0387865528464317,1.3474788665771484
Energy-force-only EquiformerV2 AD,19274,1273,16,0.0090397931635379,1.3002452850341797
Energy-force-only EquiformerV2 AD,37608,1274,17,0.0115827890112996,0.7490631937980652
Energy-force-only EquiformerV2 AD,27004,1275,16,0.0071690557524561,1.4325428009033203
Energy-force-only EquiformerV2 AD,20276,1276,12,0.1783099919557571,1.6023203134536743
Energy-force-only EquiformerV2 AD,49066,1277,15,0.0202815122902393,2.356966018676758
Energy-force-only EquiformerV2 AD,12746,1278,14,0.0196195282042026,1.9706944227218628
Energy-force-only EquiformerV2 AD,25427,1279,12,0.0061540538445115,2.8209831714630127
Energy-force-only EquiformerV2 AD,14613,1280,14,0.0598335117101669,2.025964498519897
Energy-force-only EquiformerV2 AD,19530,1281,13,0.0081708123907446,2.0097086429595947
Energy-force-only EquiformerV2 AD,45342,1282,13,0.0144805088639259,2.154524803161621
Energy-force-only EquiformerV2 AD,6971,1283,13,0.0544092953205108,2.1560654640197754
Energy-force-only EquiformerV2 AD,26122,1284,14,0.0088220927864313,2.011117696762085
Energy-force-only EquiformerV2 AD,39900,1285,12,0.0050338641740381,2.1392571926116943
Energy-force-only EquiformerV2 AD,36555,1286,17,0.0191419906914234,1.6632535457611084
Energy-force-only EquiformerV2 AD,3480,1287,12,0.0078106657601892,2.7774791717529297
Energy-force-only EquiformerV2 AD,34007,1288,8,0.0553375780582428,6.437838077545166
Energy-force-only EquiformerV2 AD,2930,1289,8,0.0103429509326815,4.378282070159912
Energy-force-only EquiformerV2 AD,10906,1290,15,0.0252370312809944,0.7903419137001038
Energy-force-only EquiformerV2 AD,383,1291,13,0.0236074961721897,1.279799222946167
Energy-force-only EquiformerV2 AD,11071,1292,7,0.0147721841931343,6.673779487609863
Energy-force-only EquiformerV2 AD,32511,1293,8,0.024700341746211,4.051605224609375
Energy-force-only EquiformerV2 AD,12337,1294,12,0.0207087006419897,2.3521339893341064
Energy-force-only EquiformerV2 AD,44428,1295,13,0.0527328848838806,2.0104691982269287
Energy-force-only EquiformerV2 AD,35902,1296,19,0.0097987158223986,1.3266834020614624
Energy-force-only EquiformerV2 AD,2248,1297,18,0.0102906106039881,0.8269445896148682
Energy-force-only EquiformerV2 AD,10670,1298,13,0.0090667642652988,2.30121111869812
Energy-force-only EquiformerV2 AD,6926,1299,12,0.0134905967861413,2.526135206222534
Energy-force-only EquiformerV2 AD,7050,1300,14,0.0256906971335411,1.7620205879211426
Energy-force-only EquiformerV2 AD,13733,1301,16,0.0152804320678114,1.9419898986816408
Energy-force-only EquiformerV2 AD,32178,1302,14,0.0132035985589027,2.7743053436279297
Energy-force-only EquiformerV2 AD,49742,1303,11,0.0070296367630362,2.627234935760498
Energy-force-only EquiformerV2 AD,18117,1304,12,0.0389343649148941,3.13033127784729
Energy-force-only EquiformerV2 AD,27742,1305,14,0.0131045011803507,2.108187198638916
Energy-force-only EquiformerV2 AD,48055,1306,15,0.0038747480139136,2.080317735671997
Energy-force-only EquiformerV2 AD,46749,1307,17,0.0036461600102484,1.6723538637161257
Energy-force-only EquiformerV2 AD,30604,1308,15,0.0049051316455006,2.3988969326019287
Energy-force-only EquiformerV2 AD,39861,1309,13,0.0249616354703903,2.383063077926636
Energy-force-only EquiformerV2 AD,9436,1310,14,0.0078285243362188,2.5854287147521973
Energy-force-only EquiformerV2 AD,914,1311,12,0.0498683676123619,2.349011182785034
Energy-force-only EquiformerV2 AD,25152,1312,14,0.0048744622617959,1.7652833461761477
Energy-force-only EquiformerV2 AD,47361,1313,19,0.0054882932454347,1.13079035282135
Energy-force-only EquiformerV2 AD,25359,1314,19,0.0179947204887866,0.97718745470047
Energy-force-only EquiformerV2 AD,2056,1315,14,0.018192533403635,1.888937950134277
Energy-force-only EquiformerV2 AD,32413,1316,10,0.0601011551916599,3.897667169570923
Energy-force-only EquiformerV2 AD,2091,1317,12,0.0156399309635162,2.536374807357788
Energy-force-only EquiformerV2 AD,37515,1318,16,0.0152490325272083,1.6273884773254397
Energy-force-only EquiformerV2 AD,5870,1319,14,0.0216496344655752,2.863566875457764
Energy-force-only EquiformerV2 AD,24951,1320,10,0.0149563821032643,4.492946147918701
Energy-force-only EquiformerV2 AD,1143,1321,17,0.0191784687340259,0.7075498104095459
Energy-force-only EquiformerV2 AD,48778,1322,16,0.0108267553150653,1.2741609811782837
Energy-force-only EquiformerV2 AD,11061,1323,15,0.0125339943915605,1.5213631391525269
Energy-force-only EquiformerV2 AD,3536,1324,17,0.0274500772356987,2.1782419681549072
Energy-force-only EquiformerV2 AD,29531,1325,19,0.0068095070309937,1.0075098276138306
Energy-force-only EquiformerV2 AD,49788,1326,13,0.0112547446042299,2.0430831909179688
Energy-force-only EquiformerV2 AD,26586,1327,12,0.0104113388806581,2.352473020553589
Energy-force-only EquiformerV2 AD,26485,1328,15,0.0058359908871352,1.1186150312423706
Energy-force-only EquiformerV2 AD,27666,1329,13,0.0708692148327827,1.952460527420044
Energy-force-only EquiformerV2 AD,20201,1330,15,0.0197686180472373,0.94697242975235
Energy-force-only EquiformerV2 AD,30924,1331,13,0.005981623660773,2.611241817474365
Energy-force-only EquiformerV2 AD,43218,1332,16,0.0141887944191694,1.641750454902649
Energy-force-only EquiformerV2 AD,21008,1333,11,0.024552958086133,2.4942898750305176
Energy-force-only EquiformerV2 AD,2663,1334,17,0.0052207256667315,1.404463529586792
Energy-force-only EquiformerV2 AD,24991,1335,13,0.0233698524534702,1.070266842842102
Energy-force-only EquiformerV2 AD,13630,1336,11,0.01137769035995,2.0802080631256104
Energy-force-only EquiformerV2 AD,34462,1337,17,0.0059432340785861,1.7848204374313354
Energy-force-only EquiformerV2 AD,43869,1338,16,0.0122678522020578,1.2398344278335571
Energy-force-only EquiformerV2 AD,22621,1339,9,0.0304618272930383,3.507862091064453
Energy-force-only EquiformerV2 AD,45626,1340,16,0.0144042931497097,1.1898553371429443
Energy-force-only EquiformerV2 AD,30768,1341,13,0.0252021364867687,1.4512217044830322
Energy-force-only EquiformerV2 AD,26896,1342,13,0.0163543783128261,2.683192253112793
Energy-force-only EquiformerV2 AD,31000,1343,21,0.0096833445131778,0.7387025356292725
Energy-force-only EquiformerV2 AD,33178,1344,13,0.0079474635422229,2.4631166458129883
Energy-force-only EquiformerV2 AD,18499,1345,17,0.008860595524311,1.104353904724121
Energy-force-only EquiformerV2 AD,7652,1346,5,0.0581977739930152,6.566743850708008
Energy-force-only EquiformerV2 AD,47971,1347,10,0.0132970912382006,3.448423385620117
Energy-force-only EquiformerV2 AD,40227,1348,14,0.0045558684505522,2.526214361190796
Energy-force-only EquiformerV2 AD,19904,1349,15,0.0124321859329938,2.549799680709839
Energy-force-only EquiformerV2 AD,20841,1350,12,0.0094254501163959,2.807790994644165
Energy-force-only EquiformerV2 AD,7565,1351,14,0.0337842591106891,1.127354383468628
Energy-force-only EquiformerV2 AD,43550,1352,15,0.0288861859589815,2.061944007873535
Energy-force-only EquiformerV2 AD,309,1353,15,0.0732617750763893,1.9819307327270508
Energy-force-only EquiformerV2 AD,36893,1354,13,0.0140171544626355,1.7291584014892578
Energy-force-only EquiformerV2 AD,39578,1355,11,0.0205556564033031,2.4008777141571045
Energy-force-only EquiformerV2 AD,23815,1356,17,0.0046421214938163,1.667563557624817
Energy-force-only EquiformerV2 AD,30555,1357,13,0.0133746769279241,2.5314371585845947
Energy-force-only EquiformerV2 AD,36813,1358,17,0.0280076768249273,1.5577338933944702
Energy-force-only EquiformerV2 AD,1601,1359,15,0.0131996581330895,2.381680727005005
Energy-force-only EquiformerV2 AD,42329,1360,16,0.0129661839455366,1.7026039361953735
Energy-force-only EquiformerV2 AD,37694,1361,14,0.0178588442504405,1.302111268043518
Energy-force-only EquiformerV2 AD,1343,1362,9,0.0476741530001163,2.956105947494507
Energy-force-only EquiformerV2 AD,9187,1363,15,0.0157245658338069,1.2021534442901611
Energy-force-only EquiformerV2 AD,21123,1364,13,0.0129679776728153,2.9543802738189697
Energy-force-only EquiformerV2 AD,9192,1365,9,0.0183925777673721,4.789001941680908
Energy-force-only EquiformerV2 AD,49522,1366,14,0.0473251119256019,1.270692229270935
Energy-force-only EquiformerV2 AD,41436,1367,14,0.0213988088071346,1.0414549112319946
Energy-force-only EquiformerV2 AD,16120,1368,16,0.0272632967680692,2.213731050491333
Energy-force-only EquiformerV2 AD,45559,1369,13,0.0124541036784648,2.2775464057922363
Energy-force-only EquiformerV2 AD,3468,1370,12,0.003863206366077,2.6102893352508545
Energy-force-only EquiformerV2 AD,44725,1371,15,0.0256933607161045,1.6281331777572632
Energy-force-only EquiformerV2 AD,11171,1372,15,0.0079876296222209,2.2089169025421143
Energy-force-only EquiformerV2 AD,5977,1373,17,0.0121204759925603,1.2244764566421509
Energy-force-only EquiformerV2 AD,35126,1374,11,0.0467651188373565,1.5442482233047483
Energy-force-only EquiformerV2 AD,46013,1375,14,0.0278144534677267,1.716166615486145
Energy-force-only EquiformerV2 AD,40751,1376,14,0.0069668372161686,2.1001293659210205
Energy-force-only EquiformerV2 AD,42854,1377,14,0.0234305132180452,2.4602620601654053
Energy-force-only EquiformerV2 AD,20295,1378,14,0.0064472472295165,2.267251491546631
Energy-force-only EquiformerV2 AD,20467,1379,14,0.0041843829676508,2.502915859222412
Energy-force-only EquiformerV2 AD,7393,1380,14,0.0053639668039977,2.55998158454895
Energy-force-only EquiformerV2 AD,19637,1381,16,0.0031949672847986,1.675090193748474
Energy-force-only EquiformerV2 AD,11780,1382,21,0.0058328392915427,0.9942024946212769
Energy-force-only EquiformerV2 AD,14750,1383,10,0.0227467492222785,3.643293619155884
Energy-force-only EquiformerV2 AD,23996,1384,15,0.0129891242831945,1.9950841665267944
Energy-force-only EquiformerV2 AD,47266,1385,14,0.0533772222697734,0.9727781414985656
Energy-force-only EquiformerV2 AD,2900,1386,15,0.0648559927940368,1.7617205381393433
Energy-force-only EquiformerV2 AD,31482,1387,17,0.040115337818861,0.9650202989578248
Energy-force-only EquiformerV2 AD,46554,1388,18,0.0212970655411481,1.7679672241210938
Energy-force-only EquiformerV2 AD,5401,1389,14,0.0096220457926392,2.299580812454224
Energy-force-only EquiformerV2 AD,48883,1390,10,0.0463584437966346,1.7721823453903198
Energy-force-only EquiformerV2 AD,13751,1391,12,0.0069836494512856,2.321857690811157
Energy-force-only EquiformerV2 AD,46923,1392,18,0.0233752820640802,1.7402786016464231
Energy-force-only EquiformerV2 AD,21815,1393,13,0.0083459876477718,2.384305715560913
Energy-force-only EquiformerV2 AD,16184,1394,19,0.0041271611116826,1.4583756923675537
Energy-force-only EquiformerV2 AD,22218,1395,14,0.0048110825009644,1.998111367225647
Energy-force-only EquiformerV2 AD,34854,1396,21,0.0112746497616171,1.3300861120224
Energy-force-only EquiformerV2 AD,40093,1397,13,0.020166540518403,1.5025779008865356
Energy-force-only EquiformerV2 AD,35161,1398,17,0.0180738698691129,1.419472336769104
Energy-force-only EquiformerV2 AD,6983,1399,12,0.0147149777039885,2.545027017593384
Energy-force-only EquiformerV2 AD,27814,1400,13,0.0027455538511276,2.437751531600952
Energy-force-only EquiformerV2 AD,44399,1401,15,0.0197081789374351,1.952553153038025
Energy-force-only EquiformerV2 AD,43344,1402,13,0.0290193501859903,2.373421192169189
Energy-force-only EquiformerV2 AD,14165,1403,21,0.0092015853151679,1.0453970432281494
Energy-force-only EquiformerV2 AD,30733,1404,13,0.0265846159309148,2.597721099853516
Energy-force-only EquiformerV2 AD,6812,1405,17,0.0167261976748704,1.2457935810089111
Energy-force-only EquiformerV2 AD,20513,1406,14,0.0070295585319399,2.2836287021636963
Energy-force-only EquiformerV2 AD,17002,1407,17,0.005056261550635,1.5217996835708618
Energy-force-only EquiformerV2 AD,49658,1408,15,0.0172837730497121,2.2063968181610107
Energy-force-only EquiformerV2 AD,48188,1409,13,0.0282215103507041,1.972719550132752
Energy-force-only EquiformerV2 AD,29897,1410,14,0.0390507690608501,2.0445806980133057
Energy-force-only EquiformerV2 AD,14949,1411,11,0.010811785236001,1.5211572647094729
Energy-force-only EquiformerV2 AD,9168,1412,16,0.0037875620182603,1.6010907888412476
Energy-force-only EquiformerV2 AD,8493,1413,9,0.0157536752521991,3.87871527671814
Energy-force-only EquiformerV2 AD,46001,1414,11,0.0171998962759971,2.5821869373321533
Energy-force-only EquiformerV2 AD,1675,1415,13,0.0441310331225395,2.931072473526001
Energy-force-only EquiformerV2 AD,1341,1416,10,0.006658159662038,3.304886102676392
Energy-force-only EquiformerV2 AD,11386,1417,15,0.0181887373328208,1.6087119579315186
Energy-force-only EquiformerV2 AD,25606,1418,12,0.0150742381811141,2.002869367599488
Energy-force-only EquiformerV2 AD,29752,1419,18,0.0039638238959014,1.4602763652801514
Energy-force-only EquiformerV2 AD,8092,1420,13,0.0136712994426488,2.386787176132202
Energy-force-only EquiformerV2 AD,8546,1421,14,0.13078173995018,2.2470486164093018
Energy-force-only EquiformerV2 AD,19342,1422,15,0.0384141020476818,1.908272385597229
Energy-force-only EquiformerV2 AD,43261,1423,11,0.005581890232861,2.5016188621521
Energy-force-only EquiformerV2 AD,25875,1424,13,0.0515616983175277,1.1541048288345337
Energy-force-only EquiformerV2 AD,43349,1425,16,0.0045630051754415,1.671454906463623
Energy-force-only EquiformerV2 AD,26206,1426,10,0.0215734802186489,2.971961975097656
Energy-force-only EquiformerV2 AD,44868,1427,14,0.0165413115173578,2.084122657775879
Energy-force-only EquiformerV2 AD,36713,1428,13,0.0240599960088729,1.631706953048706
Energy-force-only EquiformerV2 AD,45924,1429,17,0.0115430848672986,1.731940507888794
Energy-force-only EquiformerV2 AD,42806,1430,13,0.018881706520915,2.27308988571167
Energy-force-only EquiformerV2 AD,3742,1431,13,0.0110627822577953,2.5593156814575195
Energy-force-only EquiformerV2 AD,37053,1432,14,0.0069093494676053,2.3072257041931152
Energy-force-only EquiformerV2 AD,29558,1433,15,0.0030655001755803,2.169266939163208
Energy-force-only EquiformerV2 AD,2603,1434,12,0.0235610771924257,2.580250263214112
Energy-force-only EquiformerV2 AD,11157,1435,11,0.0466687753796577,1.901003360748291
Energy-force-only EquiformerV2 AD,49897,1436,15,0.0138830849900841,1.644160509109497
Energy-force-only EquiformerV2 AD,32221,1437,17,0.0218989290297031,1.365897297859192
Energy-force-only EquiformerV2 AD,43123,1438,12,0.0121253617107868,2.799445629119873
Energy-force-only EquiformerV2 AD,17388,1439,17,0.0155424559488892,0.863823413848877
Energy-force-only EquiformerV2 AD,11716,1440,15,0.0092117208987474,2.263868570327759
Energy-force-only EquiformerV2 AD,17240,1441,12,0.014001578092575,2.4596312046051025
Energy-force-only EquiformerV2 AD,13621,1442,14,0.0177286975085735,1.8734575510025024
Energy-force-only EquiformerV2 AD,24843,1443,17,0.0033076654653996,1.650061845779419
Energy-force-only EquiformerV2 AD,19310,1444,12,0.0111036645248532,2.9346907138824463
Energy-force-only EquiformerV2 AD,31346,1445,14,0.0088743790984153,1.8368616104125977
Energy-force-only EquiformerV2 AD,31455,1446,19,0.0148887932300567,1.915240168571472
Energy-force-only EquiformerV2 AD,17869,1447,15,0.0260151047259569,1.853637099266052
Energy-force-only EquiformerV2 AD,14501,1448,15,0.036186646670103,0.8716437816619873
Energy-force-only EquiformerV2 AD,45877,1449,19,0.0049905399791896,1.4564779996871948
Energy-force-only EquiformerV2 AD,37115,1450,15,0.0213248990476131,1.700985312461853
Energy-force-only EquiformerV2 AD,29907,1451,19,0.0315715819597244,0.7481439709663391
Energy-force-only EquiformerV2 AD,8851,1452,14,0.0039688618853688,1.9279261827468872
Energy-force-only EquiformerV2 AD,26035,1453,11,0.0201291292905807,2.407191038131714
Energy-force-only EquiformerV2 AD,33694,1454,12,0.0166996177285909,2.8507442474365234
Energy-force-only EquiformerV2 AD,9590,1455,12,0.0256374385207891,2.710078954696656
Energy-force-only EquiformerV2 AD,14997,1456,14,0.013044043444097,2.011343479156494
Energy-force-only EquiformerV2 AD,10424,1457,19,0.0037724392022937,1.4899507761001587
Energy-force-only EquiformerV2 AD,36831,1458,15,0.0099758356809616,2.0470316410064697
Energy-force-only EquiformerV2 AD,2332,1459,10,0.005555935204029,3.904529094696045
Energy-force-only EquiformerV2 AD,17880,1460,15,0.0098787676542997,1.683362364768982
Energy-force-only EquiformerV2 AD,1351,1461,7,0.0440385341644287,3.2654671669006348
Energy-force-only EquiformerV2 AD,6688,1462,13,0.0128606287762522,2.070794105529785
Energy-force-only EquiformerV2 AD,28682,1463,16,0.0230375491082668,2.043909788131714
Energy-force-only EquiformerV2 AD,23118,1464,14,0.0334486253559589,1.4366967678070068
Energy-force-only EquiformerV2 AD,5770,1465,12,0.0256304740905761,3.211880207061768
Energy-force-only EquiformerV2 AD,48867,1466,14,0.0181445479393005,2.1999454498291016
Energy-force-only EquiformerV2 AD,4511,1467,19,0.0064047155901789,1.3280766010284424
Energy-force-only EquiformerV2 AD,42943,1468,9,0.0176050309091806,4.078589916229248
Energy-force-only EquiformerV2 AD,45445,1469,11,0.0252568107098341,2.5415682792663574
Energy-force-only EquiformerV2 AD,16654,1470,11,0.0084875244647264,3.9062657356262207
Energy-force-only EquiformerV2 AD,46752,1471,14,0.0113680902868509,1.8797831535339355
Energy-force-only EquiformerV2 AD,29668,1472,12,0.0195269752293825,2.4147963523864746
Energy-force-only EquiformerV2 AD,9125,1473,21,0.0054126637987792,0.8271435499191284
Energy-force-only EquiformerV2 AD,24553,1474,16,0.0244673527777194,1.8491426706314087
Energy-force-only EquiformerV2 AD,15588,1475,9,0.0311912056058645,3.7503254413604736
Energy-force-only EquiformerV2 AD,16458,1476,13,0.0093353800475597,2.60802698135376
Energy-force-only EquiformerV2 AD,32439,1477,15,0.0127053074538707,2.716909408569336
Energy-force-only EquiformerV2 AD,7489,1478,13,0.0310525707900524,2.0828216075897217
Energy-force-only EquiformerV2 AD,47740,1479,9,0.1064443439245224,2.4865200519561768
Energy-force-only EquiformerV2 AD,48206,1480,14,0.0130427097901701,1.930850386619568
Energy-force-only EquiformerV2 AD,36958,1481,11,0.0120168970897793,3.265845537185669
Energy-force-only EquiformerV2 AD,39219,1482,14,0.0321472063660621,1.861693382263184
Energy-force-only EquiformerV2 AD,5380,1483,9,0.0088291829451918,3.8485283851623535
Energy-force-only EquiformerV2 AD,41970,1484,15,0.0149038741365075,2.2051751613616943
Energy-force-only EquiformerV2 AD,16988,1485,19,0.0399190932512283,1.5883312225341797
Energy-force-only EquiformerV2 AD,3406,1486,11,0.0096566062420606,2.9889070987701416
Energy-force-only EquiformerV2 AD,47520,1487,13,0.0154256336390972,1.785177230834961
Energy-force-only EquiformerV2 AD,10740,1488,10,0.0247455686330795,4.253595352172852
Energy-force-only EquiformerV2 AD,17565,1489,15,0.0039317533373832,1.9042561054229736
Energy-force-only EquiformerV2 AD,16314,1490,9,0.0166954044252634,3.424114465713501
Energy-force-only EquiformerV2 AD,46349,1491,14,0.0181448329240083,2.201012372970581
Energy-force-only EquiformerV2 AD,50122,1492,15,0.0218575131148099,1.8031575679779053
Energy-force-only EquiformerV2 AD,2221,1493,13,0.0462067052721977,1.8793179988861084
Energy-force-only EquiformerV2 AD,41517,1494,12,0.0440397188067436,4.067770004272461
Energy-force-only EquiformerV2 AD,2893,1495,16,0.0146685941144824,2.3175466060638428
Energy-force-only EquiformerV2 AD,8455,1496,15,0.008096219971776,2.255218029022217
Energy-force-only EquiformerV2 AD,24297,1497,10,0.0579855218529701,3.2138586044311523
Energy-force-only EquiformerV2 AD,16404,1498,17,0.0055441949516534,1.513148546218872
Energy-force-only EquiformerV2 AD,19632,1499,17,0.0081261461600661,1.5852320194244385
Energy-force-only EquiformerV2 AD,48910,1500,15,0.0042006275616586,1.9557243585586548
Energy-force-only EquiformerV2 AD,28315,1501,11,0.0509824678301811,3.4376001358032227
Energy-force-only EquiformerV2 AD,28737,1502,11,0.0095324208959937,2.476559400558472
Energy-force-only EquiformerV2 AD,25631,1503,13,0.0038856489118188,1.7284023761749268
Energy-force-only EquiformerV2 AD,49446,1504,13,0.0239668525755405,1.1514631509780884
Energy-force-only EquiformerV2 AD,21797,1505,12,0.044122714549303,3.4199821949005127
Energy-force-only EquiformerV2 AD,10101,1506,15,0.0079927034676074,2.369945526123047
Energy-force-only EquiformerV2 AD,34518,1507,12,0.0188419427722692,2.3792262077331543
Energy-force-only EquiformerV2 AD,20867,1508,18,0.0101669123396277,1.1277135610580444
Energy-force-only EquiformerV2 AD,232,1509,17,0.0033692326396703,1.77129328250885
Energy-force-only EquiformerV2 AD,2298,1510,16,0.0116154700517654,1.7091366052627563
Energy-force-only EquiformerV2 AD,695,1511,17,0.0139425015076994,0.7627214193344116
Energy-force-only EquiformerV2 AD,5712,1512,15,0.016279999166727,1.5782381296157837
Energy-force-only EquiformerV2 AD,35746,1513,11,0.0276337806135416,2.353235483169556
Energy-force-only EquiformerV2 AD,18273,1514,13,0.0140788005664944,2.002848148345948
Energy-force-only EquiformerV2 AD,19627,1515,10,0.0139293447136878,3.8747591972351074
Energy-force-only EquiformerV2 AD,42674,1516,16,0.0583110004663467,1.6289438009262085
Energy-force-only EquiformerV2 AD,1736,1517,10,0.031064448878169,4.104920387268066
Energy-force-only EquiformerV2 AD,30931,1518,12,0.0075624221935868,2.733518600463867
Energy-force-only EquiformerV2 AD,47974,1519,14,0.0157773531973361,1.5735998153686523
Energy-force-only EquiformerV2 AD,18081,1520,12,0.0024578787852078,2.516751527786255
Energy-force-only EquiformerV2 AD,4015,1521,18,0.0075754700228571,0.833610475063324
Energy-force-only EquiformerV2 AD,41218,1522,19,0.0045908465981483,1.2829525470733645
Energy-force-only EquiformerV2 AD,12138,1523,16,0.0296013429760932,1.371267795562744
Energy-force-only EquiformerV2 AD,18752,1524,15,0.0036432601045817,1.9151065349578853
Energy-force-only EquiformerV2 AD,15705,1525,11,0.0261045638471841,3.8998515605926514
Energy-force-only EquiformerV2 AD,11956,1526,13,0.0131119582802057,2.09829044342041
Energy-force-only EquiformerV2 AD,44455,1527,15,0.0090161729604005,2.392031669616699
Energy-force-only EquiformerV2 AD,19541,1528,16,0.0102959256619215,1.209325075149536
Energy-force-only EquiformerV2 AD,16442,1529,5,0.0108150299638509,7.956183910369873
Energy-force-only EquiformerV2 AD,8011,1530,16,0.0143275391310453,1.446274995803833
Energy-force-only EquiformerV2 AD,9292,1531,16,0.0093239676207304,1.6268001794815063
Energy-force-only EquiformerV2 AD,25349,1532,19,0.0123022105544805,1.7681115865707395
Energy-force-only EquiformerV2 AD,30066,1533,16,0.0112847685813903,1.4678415060043335
Energy-force-only EquiformerV2 AD,24502,1534,11,0.0217838995158672,2.854649066925049
Energy-force-only EquiformerV2 AD,5553,1535,14,0.1305800378322601,2.764369010925293
Energy-force-only EquiformerV2 AD,50288,1536,12,0.0079189399257302,2.501819372177124
Energy-force-only EquiformerV2 AD,34570,1537,10,0.0293662715703248,2.459596633911133
Energy-force-only EquiformerV2 AD,22163,1538,11,0.0266354400664567,2.216948747634888
Energy-force-only EquiformerV2 AD,50147,1539,11,0.0147902071475982,1.00961434841156
Energy-force-only EquiformerV2 AD,18602,1540,15,0.0217889789491891,1.972679853439331
Energy-force-only EquiformerV2 AD,28763,1541,14,0.0183743834495544,1.639821171760559
Energy-force-only EquiformerV2 AD,6263,1542,12,0.0072965770959854,2.275317668914795
Energy-force-only EquiformerV2 AD,31135,1543,15,0.0346319563686847,2.5839145183563232
Energy-force-only EquiformerV2 AD,35383,1544,14,0.0275546144694089,1.8536800146102903
Energy-force-only EquiformerV2 AD,15377,1545,14,0.0193165689706802,2.6223981380462646
Energy-force-only EquiformerV2 AD,35097,1546,15,0.0228642951697111,2.1823439598083496
Energy-force-only EquiformerV2 AD,27544,1547,11,0.0182612165808677,2.437766790390014
Energy-force-only EquiformerV2 AD,1074,1548,11,0.0141531052067875,3.003032684326172
Energy-force-only EquiformerV2 AD,45712,1549,19,0.0109221898019313,1.4513012170791626
Energy-force-only EquiformerV2 AD,13758,1550,14,0.0475633144378662,1.9977847337722776
Energy-force-only EquiformerV2 AD,1590,1551,10,0.0078134853392839,4.081687927246094
Energy-force-only EquiformerV2 AD,21098,1552,13,0.0529142767190933,1.9984606504440308
Energy-force-only EquiformerV2 AD,15150,1553,14,0.0109536433592438,0.920177400112152
Energy-force-only EquiformerV2 AD,35841,1554,12,0.0397846512496471,2.3467252254486084
Energy-force-only EquiformerV2 AD,31267,1555,19,0.0041359905153512,1.3055963516235352
Energy-force-only EquiformerV2 AD,8661,1556,18,0.0045747295953333,1.4512016773223877
Energy-force-only EquiformerV2 AD,21278,1557,15,0.0045558488927781,2.366261959075928
Energy-force-only EquiformerV2 AD,2292,1558,14,0.0170904286205768,1.2957481145858765
Energy-force-only EquiformerV2 AD,31350,1559,18,0.0042398832738399,1.4180151224136353
Energy-force-only EquiformerV2 AD,37534,1560,19,0.006746191997081,1.3307474851608276
Energy-force-only EquiformerV2 AD,27315,1561,14,0.0110736368224024,1.893482685089112
Energy-force-only EquiformerV2 AD,45241,1562,17,0.0218608565628528,1.600332498550415
Energy-force-only EquiformerV2 AD,44388,1563,17,0.005167368799448,1.563445806503296
Energy-force-only EquiformerV2 AD,20678,1564,11,0.0124663989990949,3.402016878128052
Energy-force-only EquiformerV2 AD,5800,1565,19,0.0051887957379221,1.250412106513977
Energy-force-only EquiformerV2 AD,8390,1566,17,0.0220860466361045,1.73280668258667
Energy-force-only EquiformerV2 AD,27055,1567,15,0.0112084550783038,1.7397946119308472
Energy-force-only EquiformerV2 AD,17274,1568,13,0.0230748187750577,2.358682870864868
Energy-force-only EquiformerV2 AD,3546,1569,14,0.0049478569999337,2.042212009429932
Energy-force-only EquiformerV2 AD,5329,1570,17,0.0035284135956317,1.706651210784912
Energy-force-only EquiformerV2 AD,37354,1571,7,0.0559819675981998,1.3807308673858645
Energy-force-only EquiformerV2 AD,21233,1572,13,0.0104430261999368,2.1962008476257324
Energy-force-only EquiformerV2 AD,13924,1573,12,0.0171671174466609,2.1266376972198486
Energy-force-only EquiformerV2 AD,3683,1574,10,0.0165894869714975,4.514520168304443
Energy-force-only EquiformerV2 AD,29159,1575,11,0.0158516615629196,2.231817960739136
Energy-force-only EquiformerV2 AD,32698,1576,14,0.0105104781687259,1.953888773918152
Energy-force-only EquiformerV2 AD,48158,1577,13,0.0156042883172631,1.2536962032318115
Energy-force-only EquiformerV2 AD,18457,1578,12,0.0220140554010868,1.8756860494613647
Energy-force-only EquiformerV2 AD,46938,1579,15,0.0114970514550805,1.893444895744324
Energy-force-only EquiformerV2 AD,30407,1580,12,0.047275885939598,2.263463258743286
Energy-force-only EquiformerV2 AD,18625,1581,14,0.0051635545678436,2.3814384937286377
Energy-force-only EquiformerV2 AD,995,1582,17,0.0083140805363655,1.3019179105758667
Energy-force-only EquiformerV2 AD,14409,1583,13,0.009987280704081,1.1384655237197876
Energy-force-only EquiformerV2 AD,16861,1584,11,0.0123084653168916,2.529335021972656
Energy-force-only EquiformerV2 AD,23014,1585,12,0.0272188447415828,2.953046560287476
Energy-force-only EquiformerV2 AD,36534,1586,17,0.0147552918642759,1.509635090827942
Energy-force-only EquiformerV2 AD,15912,1587,10,0.0139502752572298,2.1013574600219727
Energy-force-only EquiformerV2 AD,9002,1588,15,0.0165652725845575,2.568937301635742
Energy-force-only EquiformerV2 AD,27294,1589,10,0.0055939559824764,3.89656400680542
Energy-force-only EquiformerV2 AD,27819,1590,13,0.0164757240563631,1.7884821891784668
Energy-force-only EquiformerV2 AD,32986,1591,15,0.0399735756218433,2.287337064743042
Energy-force-only EquiformerV2 AD,19571,1592,15,0.0030656429007649,2.135929822921753
Energy-force-only EquiformerV2 AD,27473,1593,17,0.0282605215907096,1.578790307044983
Energy-force-only EquiformerV2 AD,42359,1594,21,0.0047291140072047,1.1335251331329346
Energy-force-only EquiformerV2 AD,27407,1595,16,0.0344716608524322,1.505704641342163
Energy-force-only EquiformerV2 AD,31839,1596,10,0.0167820639908313,3.8316359519958496
Energy-force-only EquiformerV2 AD,24714,1597,13,0.0604821741580963,4.160085678100586
Energy-force-only EquiformerV2 AD,19363,1598,13,0.0040514217689633,2.721091985702514
Energy-force-only EquiformerV2 AD,48200,1599,16,0.0203041657805442,1.296725511550903
Energy-force-only EquiformerV2 AD,50739,1600,13,0.0316191427409648,2.856670379638672
Energy-force-only EquiformerV2 AD,9179,1601,10,0.0300417281687259,2.9540762901306152
Energy-force-only EquiformerV2 AD,36219,1602,12,0.0131804104894399,2.080107927322388
Energy-force-only EquiformerV2 AD,38749,1603,12,0.0077656228095293,2.3394041061401367
Energy-force-only EquiformerV2 AD,43439,1604,13,0.0201201103627681,2.464341402053833
Energy-force-only EquiformerV2 AD,43543,1605,13,0.0202251728624105,2.1682064533233643
Energy-force-only EquiformerV2 AD,49475,1606,16,0.006568809505552,1.878036975860596
Energy-force-only EquiformerV2 AD,4515,1607,15,0.0096358014270663,2.341581106185913
Energy-force-only EquiformerV2 AD,44697,1608,10,0.0513146184384822,3.372886896133423
Energy-force-only EquiformerV2 AD,2976,1609,9,0.0628663599491119,2.876800060272217
Energy-force-only EquiformerV2 AD,16446,1610,10,0.0094101531431078,3.0309829711914062
Energy-force-only EquiformerV2 AD,14002,1611,19,0.0111898267641663,1.2392845153808594
Energy-force-only EquiformerV2 AD,942,1612,13,0.0129649881273508,2.1522881984710693
Energy-force-only EquiformerV2 AD,45405,1613,16,0.007094922941178,2.0109803676605225
Energy-force-only EquiformerV2 AD,14829,1614,11,0.0171379577368497,3.35658597946167
Energy-force-only EquiformerV2 AD,26541,1615,15,0.0253902338445186,1.786179780960083
Energy-force-only EquiformerV2 AD,7838,1616,14,0.0070063550956547,1.991628885269165
Energy-force-only EquiformerV2 AD,2600,1617,18,0.0177706386893987,1.0813682079315186
Energy-force-only EquiformerV2 AD,938,1618,17,0.0252819452434778,1.7137327194213867
Energy-force-only EquiformerV2 AD,12120,1619,18,0.0047541623935103,1.014435648918152
Energy-force-only EquiformerV2 AD,44056,1620,16,0.0396805480122566,0.9243402481079102
Energy-force-only EquiformerV2 AD,28232,1621,16,0.0046894466504454,1.927395939826965
Energy-force-only EquiformerV2 AD,40297,1622,9,0.0310618039220571,1.912815809249878
Energy-force-only EquiformerV2 AD,8688,1623,11,0.0213026106357574,2.604910373687744
Energy-force-only EquiformerV2 AD,8597,1624,16,0.0131256058812141,1.7666040658950806
Energy-force-only EquiformerV2 AD,23428,1625,13,0.0061173541471362,2.664609670639038
Energy-force-only EquiformerV2 AD,25802,1626,18,0.0255531910806894,2.207383871078491
Energy-force-only EquiformerV2 AD,4834,1627,15,0.0124270431697368,1.4449501037597656
Energy-force-only EquiformerV2 AD,43866,1628,10,0.0809754952788353,3.2685279846191406
Energy-force-only EquiformerV2 AD,30077,1629,14,0.0352690443396568,1.64096200466156
Energy-force-only EquiformerV2 AD,33426,1630,17,0.0172301139682531,1.0329489707946775
Energy-force-only EquiformerV2 AD,26400,1631,18,0.0093273799866437,0.949735164642334
Energy-force-only EquiformerV2 AD,23443,1632,9,0.0359901711344718,3.7618348598480233
Energy-force-only EquiformerV2 AD,47781,1633,19,0.0727378875017166,3.027493476867676
Energy-force-only EquiformerV2 AD,16166,1634,16,0.0140813533216714,0.6629816889762878
Energy-force-only EquiformerV2 AD,43272,1635,14,0.0192683655768632,2.0506861209869385
Energy-force-only EquiformerV2 AD,36036,1636,17,0.0061717703938484,1.3993910551071167
Energy-force-only EquiformerV2 AD,42841,1637,13,0.00992994569242,2.751824855804444
Energy-force-only EquiformerV2 AD,42888,1638,16,0.0265367701649665,1.762132167816162
Energy-force-only EquiformerV2 AD,25656,1639,11,0.0077409618534147,3.215447187423706
Energy-force-only EquiformerV2 AD,14619,1640,11,0.0217721033841371,0.9288614988327026
Energy-force-only EquiformerV2 AD,39975,1641,15,0.0291736107319593,2.2597804069519043
Energy-force-only EquiformerV2 AD,18422,1642,8,0.0285515338182449,4.382827758789063
Energy-force-only EquiformerV2 AD,23991,1643,13,0.0213486030697822,1.5859804153442385
Energy-force-only EquiformerV2 AD,10084,1644,14,0.0217747930437326,2.3769609928131104
Energy-force-only EquiformerV2 AD,15926,1645,10,0.1188086941838264,4.369706153869629
Energy-force-only EquiformerV2 AD,49898,1646,16,0.0276021417230367,2.4837076663970947
Energy-force-only EquiformerV2 AD,42640,1647,11,0.0355954095721244,4.140275955200195
Energy-force-only EquiformerV2 AD,18648,1648,21,0.0068066637031733,1.3344016075134275
Energy-force-only EquiformerV2 AD,21963,1649,12,0.0275980029255151,3.197873830795288
Energy-force-only EquiformerV2 AD,30474,1650,12,0.0215664841234684,3.063913106918335
Energy-force-only EquiformerV2 AD,15330,1651,16,0.0056810965761542,1.438930869102478
Energy-force-only EquiformerV2 AD,29469,1652,19,0.0186671540141105,1.234846115112305
Energy-force-only EquiformerV2 AD,13192,1653,19,0.0169676411896944,1.0625771284103394
Energy-force-only EquiformerV2 AD,41641,1654,13,0.0375813171267509,2.31297254562378
Energy-force-only EquiformerV2 AD,29777,1655,15,0.0075070899911224,2.4698197841644287
Energy-force-only EquiformerV2 AD,34921,1656,14,0.0130168767645955,1.957737684249878
Energy-force-only EquiformerV2 AD,35649,1657,17,0.0194510444998741,1.7768030166625977
Energy-force-only EquiformerV2 AD,6154,1658,12,0.010798773728311,2.755636215209961
Energy-force-only EquiformerV2 AD,20666,1659,15,0.0046914839185774,1.96102237701416
Energy-force-only EquiformerV2 AD,26246,1660,17,0.0127054536715149,1.730529546737671
Energy-force-only EquiformerV2 AD,20203,1661,12,0.0560504086315631,2.511446475982666
Energy-force-only EquiformerV2 AD,33749,1662,10,0.1354484260082245,2.092416286468506
Energy-force-only EquiformerV2 AD,13267,1663,16,0.0097148362547159,1.0152060985565186
Energy-force-only EquiformerV2 AD,14790,1664,14,0.0114589929580688,1.089778184890747
Energy-force-only EquiformerV2 AD,23772,1665,13,0.0609039850533008,2.063352346420288
Energy-force-only EquiformerV2 AD,40097,1666,9,0.0156887918710708,3.821744203567505
Energy-force-only EquiformerV2 AD,30731,1667,14,0.0042245988734066,2.377927541732788
Energy-force-only EquiformerV2 AD,40378,1668,17,0.0158446561545133,1.6628726720809937
Energy-force-only EquiformerV2 AD,2160,1669,12,0.0134433740749955,2.053399085998535
Energy-force-only EquiformerV2 AD,45293,1670,16,0.0148153156042099,1.716826558113098
Energy-force-only EquiformerV2 AD,8640,1671,15,0.018633933737874,2.083071708679199
Energy-force-only EquiformerV2 AD,47907,1672,21,0.0048839263617992,1.149396896362305
Energy-force-only EquiformerV2 AD,22519,1673,10,0.030031070113182,3.498779296875
Energy-force-only EquiformerV2 AD,44430,1674,13,0.0893078744411468,1.4776482582092283
Energy-force-only EquiformerV2 AD,10310,1675,10,0.0174883306026458,3.982180595397949
Energy-force-only EquiformerV2 AD,5386,1676,19,0.0028865651693195,1.4341546297073364
Energy-force-only EquiformerV2 AD,28079,1677,15,0.0076254699379205,1.970617294311524
Energy-force-only EquiformerV2 AD,19619,1678,13,0.0194941703230142,2.73596739768982
Energy-force-only EquiformerV2 AD,16585,1679,10,0.040917795151472,3.725223064422608
Energy-force-only EquiformerV2 AD,88,1680,13,0.028335241600871,2.594804286956787
Energy-force-only EquiformerV2 AD,10150,1681,9,0.0280625466257333,2.618086576461792
Energy-force-only EquiformerV2 AD,50182,1682,14,0.0077416659332811,2.460913181304932
Energy-force-only EquiformerV2 AD,17523,1683,17,0.0128947449848055,1.289664387702942
Energy-force-only EquiformerV2 AD,25674,1684,15,0.007942353375256,2.3488965034484863
Energy-force-only EquiformerV2 AD,48988,1685,14,0.0062210108153522,1.633577585220337
Energy-force-only EquiformerV2 AD,19171,1686,13,0.0248417891561985,1.283212184906006
Energy-force-only EquiformerV2 AD,50369,1687,10,0.4119361340999603,5.623705863952637
Energy-force-only EquiformerV2 AD,15956,1688,16,0.009410087019205,2.227721691131592
Energy-force-only EquiformerV2 AD,7303,1689,10,0.0091207427904009,3.202200174331665
Energy-force-only EquiformerV2 AD,47623,1690,14,0.1371822655200958,1.1759850978851318
Energy-force-only EquiformerV2 AD,33327,1691,11,0.0262087173759937,2.9112699031829834
Energy-force-only EquiformerV2 AD,49271,1692,16,0.0038975938223302,1.582384467124939
Energy-force-only EquiformerV2 AD,4479,1693,14,0.0087216580286622,2.45830512046814
Energy-force-only EquiformerV2 AD,38376,1694,14,0.0051146568730473,2.261202096939087
Energy-force-only EquiformerV2 AD,30955,1695,15,0.0050374628044664,1.941064715385437
Energy-force-only EquiformerV2 AD,3720,1696,17,0.0230192951858043,1.0065038204193115
Energy-force-only EquiformerV2 AD,38720,1697,11,0.00776371313259,2.280838251113892
Energy-force-only EquiformerV2 AD,45340,1698,16,0.0108869886025786,1.3451703786849976
Energy-force-only EquiformerV2 AD,29220,1699,12,0.0215976368635892,2.6009774208068848
Energy-force-only EquiformerV2 AD,10848,1700,16,0.0047928718850016,1.7425203323364258
Energy-force-only EquiformerV2 AD,28486,1701,15,0.0150118488818407,2.397277593612671
Energy-force-only EquiformerV2 AD,45014,1702,17,0.0086251115426421,1.755911946296692
Energy-force-only EquiformerV2 AD,37664,1703,16,0.0171066895127296,1.3885371685028076
Energy-force-only EquiformerV2 AD,16922,1704,16,0.0039087086915969,1.6290451288223269
Energy-force-only EquiformerV2 AD,26672,1705,14,0.0043200994841754,2.197502374649048
Energy-force-only EquiformerV2 AD,28206,1706,11,0.0274618081748485,1.9183056354522705
Energy-force-only EquiformerV2 AD,12621,1707,14,0.0128087662160396,2.092817783355713
Energy-force-only EquiformerV2 AD,12155,1708,9,0.0712853521108627,2.2321038246154785
Energy-force-only EquiformerV2 AD,44842,1709,12,0.0709324106574058,3.0651211738586426
Energy-force-only EquiformerV2 AD,33730,1710,15,0.0153691107407212,1.552014946937561
Energy-force-only EquiformerV2 AD,19095,1711,15,0.0169086977839469,1.936539888381958
Energy-force-only EquiformerV2 AD,4600,1712,19,0.0038301658350974,1.484479546546936
Energy-force-only EquiformerV2 AD,16697,1713,11,0.0111332600936293,3.3322761058807373
Energy-force-only EquiformerV2 AD,16967,1714,10,0.0290157105773687,2.8510069847106934
Energy-force-only EquiformerV2 AD,19940,1715,19,0.0028778393752872,1.464458703994751
Energy-force-only EquiformerV2 AD,35259,1716,16,0.0311029534786939,1.2244452238082886
Energy-force-only EquiformerV2 AD,31285,1717,16,0.0114929229021072,1.6933023929595947
Energy-force-only EquiformerV2 AD,38439,1718,17,0.0097900433465838,1.7088887691497805
Energy-force-only EquiformerV2 AD,8475,1719,15,0.0125251375138759,2.285036087036133
Energy-force-only EquiformerV2 AD,14641,1720,12,0.0270200334489345,2.6597580909729004
Energy-force-only EquiformerV2 AD,15499,1721,13,0.0045080515556037,1.638503074645996
Energy-force-only EquiformerV2 AD,10214,1722,12,0.0161814894527196,2.419936418533325
Energy-force-only EquiformerV2 AD,34133,1723,12,0.0590725727379322,2.261913061141968
Energy-force-only EquiformerV2 AD,39645,1724,13,0.0087833032011985,1.887962222099304
Energy-force-only EquiformerV2 AD,43198,1725,17,0.0157548617571592,0.8298330307006836
Energy-force-only EquiformerV2 AD,6483,1726,13,0.0812639370560646,1.5094799995422363
Energy-force-only EquiformerV2 AD,4779,1727,11,0.024295937269926,3.0220658779144287
Energy-force-only EquiformerV2 AD,703,1728,19,0.0059859571047127,1.479900598526001
Energy-force-only EquiformerV2 AD,15676,1729,17,0.0195849910378456,0.9501290321350098
Energy-force-only EquiformerV2 AD,48585,1730,14,0.0537190325558185,2.5259346961975098
Energy-force-only EquiformerV2 AD,48851,1731,17,0.0119192535057663,1.6281769275665283
Energy-force-only EquiformerV2 AD,9026,1732,14,0.0275490209460258,2.12534761428833
Energy-force-only EquiformerV2 AD,1681,1733,12,0.0338129550218582,2.5726468563079834
Energy-force-only EquiformerV2 AD,36994,1734,13,0.0308439619839191,2.186025381088257
Energy-force-only EquiformerV2 AD,33676,1735,12,0.0072941798716783,2.4840645790100098
Energy-force-only EquiformerV2 AD,23752,1736,16,0.015225725248456,1.6298468112945557
Energy-force-only EquiformerV2 AD,32686,1737,16,0.0199047327041625,1.4686275720596311
Energy-force-only EquiformerV2 AD,15188,1738,13,0.0148848453536629,2.2657649517059326
Energy-force-only EquiformerV2 AD,34003,1739,15,0.0179749224334955,1.7453340291976929
Energy-force-only EquiformerV2 AD,9259,1740,12,0.0242332611232996,2.0173146724700928
Energy-force-only EquiformerV2 AD,43151,1741,15,0.0178875960409641,1.4929912090301514
Energy-force-only EquiformerV2 AD,7675,1742,15,0.0185686256736516,1.922125577926636
Energy-force-only EquiformerV2 AD,7501,1743,11,0.0172007698565721,1.3190211057662964
Energy-force-only EquiformerV2 AD,8417,1744,16,0.008403630927205,0.7608308792114258
Energy-force-only EquiformerV2 AD,40888,1745,15,0.0104790888726711,2.1383771896362305
Energy-force-only EquiformerV2 AD,2655,1746,14,0.0217152088880538,1.9547123908996584
Energy-force-only EquiformerV2 AD,49171,1747,14,0.0128887528553605,2.3048691749572754
Energy-force-only EquiformerV2 AD,42186,1748,18,0.0186634920537471,1.4273967742919922
Energy-force-only EquiformerV2 AD,33562,1749,13,0.0272937379777431,2.0063161849975586
Energy-force-only EquiformerV2 AD,48009,1750,14,0.0172912999987602,1.4618518352508545
Energy-force-only EquiformerV2 AD,4736,1751,17,0.008381082676351,1.5717968940734863
Energy-force-only EquiformerV2 AD,5261,1752,16,0.0095861498266458,1.2944523096084597
Energy-force-only EquiformerV2 AD,1010,1753,12,0.0044114780612289,2.6345319747924805
Energy-force-only EquiformerV2 AD,20050,1754,16,0.009518320672214,1.0581469535827637
Energy-force-only EquiformerV2 AD,49971,1755,19,0.0135083124041557,1.2752898931503296
Energy-force-only EquiformerV2 AD,39580,1756,10,0.0050480123609304,4.675815105438232
Energy-force-only EquiformerV2 AD,6439,1757,10,0.0155707150697708,3.5312349796295166
Energy-force-only EquiformerV2 AD,16656,1758,13,0.0142343929037451,1.9527995586395264
Energy-force-only EquiformerV2 AD,21558,1759,13,0.0069017624482512,1.933707594871521
Energy-force-only EquiformerV2 AD,31075,1760,18,0.0035860009957104,1.4797309637069702
Energy-force-only EquiformerV2 AD,1458,1761,10,0.0241607967764139,3.2791972160339355
Energy-force-only EquiformerV2 AD,32024,1762,12,0.0367968827486038,3.4325718879699707
Energy-force-only EquiformerV2 AD,43566,1763,17,0.0183478444814682,1.0175063610076904
Energy-force-only EquiformerV2 AD,43968,1764,11,0.0277393776923418,2.6996443271636963
Energy-force-only EquiformerV2 AD,26909,1765,11,0.0199364684522151,2.8581042289733887
Energy-force-only EquiformerV2 AD,44151,1766,10,0.045799646526575,4.109245777130127
Energy-force-only EquiformerV2 AD,15464,1767,18,0.0141687020659446,1.716978669166565
Energy-force-only EquiformerV2 AD,49810,1768,16,0.0279753915965557,2.382570743560791
Energy-force-only EquiformerV2 AD,41353,1769,12,0.0073917605914175,2.470632314682007
Energy-force-only EquiformerV2 AD,14904,1770,16,0.0077074076980352,2.169830083847046
Energy-force-only EquiformerV2 AD,17461,1771,17,0.0357681885361671,2.1606369018554688
Energy-force-only EquiformerV2 AD,41580,1772,11,0.0110046938061714,3.835540294647217
Energy-force-only EquiformerV2 AD,20175,1773,16,0.0098370984196662,1.2957463264465332
Energy-force-only EquiformerV2 AD,26730,1774,10,0.0070552392862737,3.115289688110352
Energy-force-only EquiformerV2 AD,9106,1775,11,0.0209733042865991,2.5764718055725098
Energy-force-only EquiformerV2 AD,11409,1776,12,0.006860117893666,3.627732753753662
Energy-force-only EquiformerV2 AD,21322,1777,17,0.0043769371695816,1.6048259735107422
Energy-force-only EquiformerV2 AD,48575,1778,16,0.0057140267454087,1.9988553524017327
Energy-force-only EquiformerV2 AD,32877,1779,8,0.016467111185193,4.655962467193604
Energy-force-only EquiformerV2 AD,43225,1780,14,0.0114827398210763,2.3568460941314697
Energy-force-only EquiformerV2 AD,41311,1781,13,0.0154129639267921,2.178045749664306
Energy-force-only EquiformerV2 AD,4767,1782,17,0.0134243154898285,1.5120662450790403
Energy-force-only EquiformerV2 AD,22098,1783,13,0.0150103783234953,2.481332302093506
Energy-force-only EquiformerV2 AD,39070,1784,14,0.0143373841419816,1.9474116563797
Energy-force-only EquiformerV2 AD,3785,1785,12,0.0318858698010444,3.42012619972229
Energy-force-only EquiformerV2 AD,47253,1786,14,0.0052005946636199,1.8847291469573968
Energy-force-only EquiformerV2 AD,30739,1787,13,0.0084472512826323,1.88492751121521
Energy-force-only EquiformerV2 AD,22048,1788,12,0.0152369756251573,2.30558705329895
Energy-force-only EquiformerV2 AD,16370,1789,11,0.0101746199652552,3.4489755630493164
Energy-force-only EquiformerV2 AD,30504,1790,15,0.010550464503467,1.9390770196914675
Energy-force-only EquiformerV2 AD,39622,1791,10,0.0361199453473091,2.504268169403076
Energy-force-only EquiformerV2 AD,44042,1792,11,0.0238621328026056,3.08848237991333
Energy-force-only EquiformerV2 AD,49735,1793,17,0.0133943371474742,1.568314790725708
Energy-force-only EquiformerV2 AD,45583,1794,10,0.008683550171554,3.5651345252990723
Energy-force-only EquiformerV2 AD,29969,1795,13,0.007553475908935,2.4134888648986816
Energy-force-only EquiformerV2 AD,27994,1796,16,0.0086059607565402,0.9469538927078248
Energy-force-only EquiformerV2 AD,45025,1797,9,0.0403314009308815,3.3293979167938232
Energy-force-only EquiformerV2 AD,50722,1798,16,0.0212819781154394,2.223130226135254
Energy-force-only EquiformerV2 AD,32059,1799,12,0.0266018360853195,1.9932036399841309
Energy-force-only EquiformerV2 AD,20442,1800,15,0.0263198465108871,1.959432363510132
Energy-force-only EquiformerV2 AD,15428,1801,16,0.0070148585364222,1.6033966541290283
Energy-force-only EquiformerV2 AD,32198,1802,16,0.0110946279019117,1.8367453813552856
Energy-force-only EquiformerV2 AD,35706,1803,14,0.0315929129719734,1.009313464164734
Energy-force-only EquiformerV2 AD,395,1804,15,0.0128395799547433,1.364027500152588
Energy-force-only EquiformerV2 AD,17768,1805,12,0.0099620670080184,2.5816807746887207
Energy-force-only EquiformerV2 AD,20755,1806,16,0.0073552168905735,1.5117729902267456
Energy-force-only EquiformerV2 AD,23584,1807,12,0.0134281059727072,2.3100383281707764
Energy-force-only EquiformerV2 AD,38679,1808,14,0.0200942270457744,2.853731870651245
Energy-force-only EquiformerV2 AD,27396,1809,14,0.0160332508385181,0.8769767880439758
Energy-force-only EquiformerV2 AD,787,1810,15,0.0072950557805597,2.3703575134277344
Energy-force-only EquiformerV2 AD,33887,1811,13,0.0139157008379697,3.1308786869049072
Energy-force-only EquiformerV2 AD,7842,1812,19,0.0084890155121684,0.9500331282615662
Energy-force-only EquiformerV2 AD,11496,1813,15,0.024760952219367,2.212531566619873
Energy-force-only EquiformerV2 AD,39909,1814,6,0.0368580147624015,8.063627243041992
Energy-force-only EquiformerV2 AD,3451,1815,8,0.1152793392539024,3.617849588394165
Energy-force-only EquiformerV2 AD,6633,1816,13,0.0137740559875965,2.078810453414917
Energy-force-only EquiformerV2 AD,41225,1817,14,0.0271309427917003,2.197777032852173
Energy-force-only EquiformerV2 AD,16445,1818,11,0.0103785227984189,2.9937119483947754
Energy-force-only EquiformerV2 AD,40095,1819,11,0.0282673761248588,2.740222930908203
Energy-force-only EquiformerV2 AD,23154,1820,12,0.0174800064414739,3.43456506729126
Energy-force-only EquiformerV2 AD,39497,1821,14,0.0167818181216716,0.8373141884803772
Energy-force-only EquiformerV2 AD,44707,1822,11,0.0087971333414316,3.4578516483306885
Energy-force-only EquiformerV2 AD,34445,1823,12,0.0426351837813854,2.279292821884156
Energy-force-only EquiformerV2 AD,42264,1824,14,0.0213994421064853,1.8285657167434688
Energy-force-only EquiformerV2 AD,11134,1825,14,0.0172829180955886,2.0784733295440674
Energy-force-only EquiformerV2 AD,37767,1826,12,0.0079743862152099,2.6486377716064453
Energy-force-only EquiformerV2 AD,47142,1827,15,0.0137865543365478,1.258901596069336
Energy-force-only EquiformerV2 AD,24481,1828,12,0.0099667776376008,2.2840769290924072
Energy-force-only EquiformerV2 AD,44327,1829,10,0.0125728510320186,3.0318491458892822
Energy-force-only EquiformerV2 AD,31959,1830,15,0.0189455784857273,1.119387984275818
Energy-force-only EquiformerV2 AD,33925,1831,6,0.0165050569921731,8.192190170288086
Energy-force-only EquiformerV2 AD,16995,1832,14,0.0186392702162265,0.8827030658721924
Energy-force-only EquiformerV2 AD,16735,1833,17,0.0243578348308801,1.2514097690582275
Energy-force-only EquiformerV2 AD,13587,1834,13,0.0125145344063639,1.4158881902694702
Energy-force-only EquiformerV2 AD,36823,1835,6,0.0886923670768737,1.669230580329895
Energy-force-only EquiformerV2 AD,48385,1836,13,0.02716775983572,1.562940239906311
Energy-force-only EquiformerV2 AD,48921,1837,16,0.0115563292056322,1.5164361000061035
Energy-force-only EquiformerV2 AD,38691,1838,12,0.0061133196577429,2.1591928005218506
Energy-force-only EquiformerV2 AD,987,1839,15,0.0069378707557916,1.657044768333435
Energy-force-only EquiformerV2 AD,5917,1840,13,0.0275351610034704,2.0786752700805664
Energy-force-only EquiformerV2 AD,33170,1841,10,0.0122970361262559,2.7913081645965576
Energy-force-only EquiformerV2 AD,39445,1842,15,0.0044329026713967,1.9605557918548584
Energy-force-only EquiformerV2 AD,3853,1843,13,0.0161805842071771,2.0446643829345703
Energy-force-only EquiformerV2 AD,33401,1844,11,0.0108846155926585,3.830398321151733
Energy-force-only EquiformerV2 AD,43845,1845,16,0.0098595088347792,1.879913330078125
Energy-force-only EquiformerV2 AD,6261,1846,17,0.0150938415899872,0.8575815558433533
Energy-force-only EquiformerV2 AD,6959,1847,11,0.0365241542458534,2.67755389213562
Energy-force-only EquiformerV2 AD,3040,1848,19,0.0077651580795645,1.2912755012512207
Energy-force-only EquiformerV2 AD,17578,1849,13,0.0058597442694008,2.2357490062713623
Energy-force-only EquiformerV2 AD,37610,1850,13,0.0568022690713405,2.1687216758728027
Energy-force-only EquiformerV2 AD,29199,1851,16,0.0145169962197542,2.181503772735596
Energy-force-only EquiformerV2 AD,4745,1852,19,0.0304392594844102,0.5978131890296936
Energy-force-only EquiformerV2 AD,30211,1853,12,0.0064979013986885,2.907358407974243
Energy-force-only EquiformerV2 AD,12927,1854,12,0.0170714408159255,2.283346652984619
Energy-force-only EquiformerV2 AD,14879,1855,11,0.0157615635544061,2.774111747741699
Energy-force-only EquiformerV2 AD,25560,1856,8,0.0745492279529571,3.4215235710144043
Energy-force-only EquiformerV2 AD,42954,1857,12,0.0123609835281968,3.4625606536865234
Energy-force-only EquiformerV2 AD,47572,1858,17,0.0185996834188699,1.1346378326416016
Energy-force-only EquiformerV2 AD,6719,1859,12,0.0140597093850374,2.140578269958496
Energy-force-only EquiformerV2 AD,45129,1860,16,0.0075550787150859,2.282710552215576
Energy-force-only EquiformerV2 AD,9930,1861,17,0.0055828760378062,1.7179573774337769
Energy-force-only EquiformerV2 AD,27700,1862,12,0.0123875588178634,2.698467493057251
Energy-force-only EquiformerV2 AD,36015,1863,17,0.0079171136021614,1.7489022016525269
Energy-force-only EquiformerV2 AD,23435,1864,14,0.0275736432522535,2.118383884429932
Energy-force-only EquiformerV2 AD,16453,1865,15,0.0181294288486242,2.0774383544921875
Energy-force-only EquiformerV2 AD,36159,1866,13,0.0199760440737009,1.886381149291992
Energy-force-only EquiformerV2 AD,20873,1867,13,0.0106813581660389,2.083783864974976
Energy-force-only EquiformerV2 AD,25096,1868,13,0.0091393208131194,2.1952500343322754
Energy-force-only EquiformerV2 AD,10584,1869,15,0.0045363693498075,1.6986838579177856
Energy-force-only EquiformerV2 AD,4838,1870,17,0.01572135835886,1.769464373588562
Energy-force-only EquiformerV2 AD,36900,1871,12,0.0087294746190309,2.9615933895111084
Energy-force-only EquiformerV2 AD,46346,1872,14,0.0230841916054487,1.9905247688293457
Energy-force-only EquiformerV2 AD,8870,1873,10,0.0413762703537941,3.774188995361328
Energy-force-only EquiformerV2 AD,30017,1874,11,0.017731174826622,3.1751208305358887
Energy-force-only EquiformerV2 AD,26595,1875,14,0.0124261323362588,2.4342315196990967
Energy-force-only EquiformerV2 AD,46384,1876,13,0.0063498159870505,1.6551611423492432
Energy-force-only EquiformerV2 AD,32119,1877,16,0.0104314759373664,1.650779128074646
Energy-force-only EquiformerV2 AD,8585,1878,12,0.0100288437679409,3.124350547790528
Energy-force-only EquiformerV2 AD,4525,1879,15,0.0184568408876657,1.9905058145523071
Energy-force-only EquiformerV2 AD,14497,1880,10,0.0360197834670543,2.9648420810699463
Energy-force-only EquiformerV2 AD,28014,1881,16,0.039414569735527,1.588282346725464
Energy-force-only EquiformerV2 AD,37538,1882,15,0.0102170957252383,1.1779000759124756
Energy-force-only EquiformerV2 AD,14562,1883,13,0.0189069807529449,2.590480089187622
Energy-force-only EquiformerV2 AD,1080,1884,15,0.0252996552735567,1.939644455909729
Energy-force-only EquiformerV2 AD,26554,1885,15,0.0065502342768013,1.8623504638671875
Energy-force-only EquiformerV2 AD,14021,1886,13,0.0532687008380889,2.09067964553833
Energy-force-only EquiformerV2 AD,47252,1887,11,0.0375434719026088,2.029873847961426
Energy-force-only EquiformerV2 AD,30314,1888,15,0.0229357462376356,1.763092279434204
Energy-force-only EquiformerV2 AD,24819,1889,8,0.0203481949865818,5.413278579711914
Energy-force-only EquiformerV2 AD,36963,1890,12,0.0376822836697101,2.60255765914917
Energy-force-only EquiformerV2 AD,38300,1891,16,0.0111120920628309,1.5998916625976562
Energy-force-only EquiformerV2 AD,7688,1892,13,0.0227394513785839,1.7240049839019775
Energy-force-only EquiformerV2 AD,33814,1893,10,0.0102096702903509,3.527712821960449
Energy-force-only EquiformerV2 AD,19992,1894,15,0.0148947741836309,1.3294427394866943
Energy-force-only EquiformerV2 AD,29314,1895,10,0.0401799902319908,3.7775766849517822
Energy-force-only EquiformerV2 AD,47489,1896,9,0.0393785163760185,3.5308823585510254
Energy-force-only EquiformerV2 AD,12814,1897,16,0.0312289949506521,2.2904062271118164
Energy-force-only EquiformerV2 AD,24421,1898,13,0.0238201674073934,1.8492685556411743
Energy-force-only EquiformerV2 AD,42923,1899,11,0.0318421088159084,2.9912221431732178
Energy-force-only EquiformerV2 AD,49143,1900,15,0.0295029673725366,1.9426617622375488
Energy-force-only EquiformerV2 AD,11118,1901,12,0.0076999878510832,2.7635538578033447
Energy-force-only EquiformerV2 AD,8616,1902,17,0.0049960426986217,1.6657403707504272
Energy-force-only EquiformerV2 AD,27123,1903,16,0.0049478216096758,1.93886148929596
Energy-force-only EquiformerV2 AD,29198,1904,17,0.039704892784357,1.3665771484375
Energy-force-only EquiformerV2 AD,14583,1905,11,0.0145717309787869,3.2971854209899902
Energy-force-only EquiformerV2 AD,47856,1906,14,0.0131931332871317,1.4272253513336182
Energy-force-only EquiformerV2 AD,33935,1907,16,0.017276769503951,1.0859668254852295
Energy-force-only EquiformerV2 AD,13885,1908,18,0.0153179410845041,1.727630853652954
Energy-force-only EquiformerV2 AD,6221,1909,11,0.0055218213237822,3.8885202407836914
Energy-force-only EquiformerV2 AD,16809,1910,12,0.0057578366249799,2.554372787475586
Energy-force-only EquiformerV2 AD,38564,1911,14,0.0091183260083198,2.4444572925567627
Energy-force-only EquiformerV2 AD,876,1912,14,0.0211368575692176,1.73024320602417
Energy-force-only EquiformerV2 AD,33034,1913,15,0.01171918772161,0.9018957018852234
Energy-force-only EquiformerV2 AD,29765,1914,15,0.0082928286865353,2.2344295978546143
Energy-force-only EquiformerV2 AD,35302,1915,14,0.0214109551161527,1.8492839336395264
Energy-force-only EquiformerV2 AD,30455,1916,13,0.0216635409742593,1.2601892948150637
Energy-force-only EquiformerV2 AD,18313,1917,12,0.0107586504891514,2.1134791374206543
Energy-force-only EquiformerV2 AD,14480,1918,16,0.0166003033518791,1.543051838874817
Energy-force-only EquiformerV2 AD,17866,1919,15,0.0082069225609302,1.9844070672988887
Energy-force-only EquiformerV2 AD,39874,1920,14,0.0062528173439204,2.65743088722229
Energy-force-only EquiformerV2 AD,1835,1921,15,0.0071606556884944,2.4467668533325195
Energy-force-only EquiformerV2 AD,2741,1922,16,0.009487654082477,2.110743522644043
Energy-force-only EquiformerV2 AD,45542,1923,11,0.0056360499002039,3.098824977874756
Energy-force-only EquiformerV2 AD,31549,1924,13,0.0141868712380528,1.907498836517334
Energy-force-only EquiformerV2 AD,9545,1925,15,0.0058595831505954,2.3997695446014404
Energy-force-only EquiformerV2 AD,45528,1926,14,0.00937229860574,1.9910792112350464
Energy-force-only EquiformerV2 AD,24985,1927,16,0.0303702354431152,1.7681303024291992
Energy-force-only EquiformerV2 AD,9311,1928,12,0.0108196176588535,2.916717529296875
Energy-force-only EquiformerV2 AD,33162,1929,14,0.0251769293099641,3.0312132835388184
Energy-force-only EquiformerV2 AD,20397,1930,16,0.0340746566653251,1.675873041152954
Energy-force-only EquiformerV2 AD,36057,1931,10,0.0099213318899273,3.588458776473999
Energy-force-only EquiformerV2 AD,25804,1932,14,0.0154065238311886,1.178748607635498
Energy-force-only EquiformerV2 AD,9942,1933,19,0.0377966873347759,2.104754447937012
Energy-force-only EquiformerV2 AD,19162,1934,11,0.0603073611855506,3.030193328857422
Energy-force-only EquiformerV2 AD,1326,1935,16,0.0219417326152324,1.112039566040039
Energy-force-only EquiformerV2 AD,7394,1936,12,0.0113892871886491,2.2317004203796387
Energy-force-only EquiformerV2 AD,13721,1937,12,0.0069884965196251,2.814081907272339
Energy-force-only EquiformerV2 AD,9693,1938,21,0.0126968612894415,0.8631178140640259
Energy-force-only EquiformerV2 AD,41255,1939,9,0.0189550723880529,3.1732256412506104
Energy-force-only EquiformerV2 AD,832,1940,13,0.0240639857947826,1.961875915527344
Energy-force-only EquiformerV2 AD,45045,1941,11,0.0220082830637693,2.7215867042541504
Energy-force-only EquiformerV2 AD,47393,1942,15,0.0194252412766218,1.945266842842102
Energy-force-only EquiformerV2 AD,8855,1943,11,0.0220690313726663,2.3534581661224365
Energy-force-only EquiformerV2 AD,2432,1944,19,0.0056416713632643,1.4080373048782349
Energy-force-only EquiformerV2 AD,44005,1945,14,0.0068904929794371,2.242284774780273
Energy-force-only EquiformerV2 AD,18492,1946,14,0.0097269089892506,1.737506628036499
Energy-force-only EquiformerV2 AD,11768,1947,16,0.0091191139072179,1.6402250528335571
Energy-force-only EquiformerV2 AD,6335,1948,14,0.0206001512706279,2.384360790252685
Energy-force-only EquiformerV2 AD,8135,1949,11,0.0177811440080404,2.800239562988281
Energy-force-only EquiformerV2 AD,46379,1950,15,0.0115560479462146,1.121191143989563
Energy-force-only EquiformerV2 AD,49974,1951,14,0.0272582601755857,2.163357973098755
Energy-force-only EquiformerV2 AD,12878,1952,12,0.0029006258118897,2.688173294067383
Energy-force-only EquiformerV2 AD,28274,1953,18,0.0102789402008056,1.2865501642227173
Energy-force-only EquiformerV2 AD,37994,1954,12,0.0081186862662434,2.8720269203186035
Energy-force-only EquiformerV2 AD,7725,1955,16,0.0115160942077636,1.284634351730347
Energy-force-only EquiformerV2 AD,19737,1956,18,0.0821031704545021,1.5125731229782104
Energy-force-only EquiformerV2 AD,15873,1957,10,0.0802625939249992,3.2975375652313232
Energy-force-only EquiformerV2 AD,36186,1958,14,0.0073822541162371,2.7241573333740234
Energy-force-only EquiformerV2 AD,15480,1959,16,0.0106421709060668,1.6313194036483765
Energy-force-only EquiformerV2 AD,40977,1960,12,0.0187061093747615,1.6947829723358154
Energy-force-only EquiformerV2 AD,19604,1961,14,0.0240677427500486,0.953487515449524
Energy-force-only EquiformerV2 AD,22405,1962,13,0.0106502706184983,2.7956976890563965
Energy-force-only EquiformerV2 AD,13303,1963,12,0.0062667289748787,2.3640079498291016
Energy-force-only EquiformerV2 AD,27904,1964,21,0.0138930277898907,0.7937095165252686
Energy-force-only EquiformerV2 AD,1622,1965,16,0.011504067108035,1.3945119380950928
Energy-force-only EquiformerV2 AD,23722,1966,13,0.017330652102828,2.102632999420166
Energy-force-only EquiformerV2 AD,44916,1967,14,0.0076230405829846,1.6755653619766235
Energy-force-only EquiformerV2 AD,22500,1968,10,0.0249591190367937,3.557691097259521
Energy-force-only EquiformerV2 AD,45003,1969,17,0.0157539211213588,2.114117383956909
Energy-force-only EquiformerV2 AD,49262,1970,12,0.0664202570915222,1.9399073123931885
Energy-force-only EquiformerV2 AD,49555,1971,14,0.0079327607527375,2.2898073196411133
Energy-force-only EquiformerV2 AD,9486,1972,17,0.0121901920065283,1.7409989833831787
Energy-force-only EquiformerV2 AD,32711,1973,11,0.0129902800545096,3.829596519470215
Energy-force-only EquiformerV2 AD,4117,1974,14,0.0124663542956113,2.177223920822144
Energy-force-only EquiformerV2 AD,11455,1975,19,0.0076723946258425,0.8943947553634644
Energy-force-only EquiformerV2 AD,5246,1976,17,0.0179926492273807,0.8508573770523071
Energy-force-only EquiformerV2 AD,43976,1977,13,0.0309239998459815,2.987832546234131
Energy-force-only EquiformerV2 AD,9706,1978,13,0.0161399450153112,2.685525417327881
Energy-force-only EquiformerV2 AD,9305,1979,12,0.0768314749002456,1.1766458749771118
Energy-force-only EquiformerV2 AD,38080,1980,17,0.0086037684231996,1.5868957042694092
Energy-force-only EquiformerV2 AD,32661,1981,19,0.0062964651733636,1.3921446800231934
Energy-force-only EquiformerV2 AD,40279,1982,14,0.0065333200618624,2.243957042694092
Energy-force-only EquiformerV2 AD,24835,1983,15,0.0050006597302854,1.642918825149536
Energy-force-only EquiformerV2 AD,27557,1984,17,0.003553087124601,1.6718119382858276
Energy-force-only EquiformerV2 AD,42951,1985,16,0.0254392810165882,1.6182613372802734
Energy-force-only EquiformerV2 AD,26065,1986,15,0.0117496596649289,1.8433672189712524
Energy-force-only EquiformerV2 AD,44120,1987,10,0.0067606302909553,3.96738338470459
Energy-force-only EquiformerV2 AD,25630,1988,11,0.0208203252404928,1.0914376974105835
Energy-force-only EquiformerV2 AD,50033,1989,16,0.0121835274621844,2.060034990310669
Energy-force-only EquiformerV2 AD,20431,1990,10,0.0149438707157969,3.44212293624878
Energy-force-only EquiformerV2 AD,9455,1991,9,0.0266573391854763,3.017564058303833
Energy-force-only EquiformerV2 AD,17698,1992,17,0.0082111377269029,1.3278062343597412
Energy-force-only EquiformerV2 AD,25288,1993,14,0.0074839140288531,2.014591932296753
Energy-force-only EquiformerV2 AD,16892,1994,13,0.0094115622341632,2.0538902282714844
Energy-force-only EquiformerV2 AD,32839,1995,9,0.0285997651517391,3.44838285446167
Energy-force-only EquiformerV2 AD,38789,1996,11,0.045376569032669,2.836344718933105
Energy-force-only EquiformerV2 AD,43475,1997,14,0.0160589981824159,1.889296650886536
Energy-force-only EquiformerV2 AD,37476,1998,5,0.0991930142045021,5.515163421630859
Energy-force-only EquiformerV2 AD,14217,1999,14,0.0095740146934986,1.9240869283676147
Energy-force-only EquiformerV2 AD,10410,2000,14,0.0070080780424177,2.101193904876709
Energy-force-only EquiformerV2 AD,19012,2001,14,0.0060417540371418,2.208579063415528
Energy-force-only EquiformerV2 AD,29863,2002,15,0.0051891691982746,1.9810279607772827
Energy-force-only EquiformerV2 AD,20391,2003,9,0.0206943526864051,4.97712516784668
Energy-force-only EquiformerV2 AD,24379,2004,11,0.0048948032781481,2.327399492263794
Energy-force-only EquiformerV2 AD,4349,2005,14,0.0299703199416399,1.5833059549331665
Energy-force-only EquiformerV2 AD,9761,2006,11,0.027095990255475,3.802600622177124
Energy-force-only EquiformerV2 AD,20021,2007,14,0.0048971744254231,2.0883967876434326
Energy-force-only EquiformerV2 AD,22932,2008,15,0.0148487342521548,2.213331460952759
Energy-force-only EquiformerV2 AD,6877,2009,14,0.0140012176707386,2.373818874359131
Energy-force-only EquiformerV2 AD,13064,2010,17,0.0065971873700618,1.473850131034851
Energy-force-only EquiformerV2 AD,23673,2011,18,0.0056427330709993,1.788042426109314
Energy-force-only EquiformerV2 AD,24401,2012,10,0.0280890446156263,3.517709493637085
Energy-force-only EquiformerV2 AD,10908,2013,14,0.0151876723393797,1.389234185218811
Energy-force-only EquiformerV2 AD,10349,2014,12,0.0052695297636091,2.434260368347168
Energy-force-only EquiformerV2 AD,46052,2015,13,0.0076927347108721,1.714350700378418
Energy-force-only EquiformerV2 AD,6236,2016,14,0.0100156366825103,1.7979234457015991
Energy-force-only EquiformerV2 AD,28976,2017,15,0.0160736795514822,2.0115065574646
Energy-force-only EquiformerV2 AD,9282,2018,17,0.0086397044360637,1.3644386529922483
Energy-force-only EquiformerV2 AD,45402,2019,11,0.0081776492297649,2.490553855895996
Energy-force-only EquiformerV2 AD,23114,2020,12,0.0345398373901844,2.498213052749634
Energy-force-only EquiformerV2 AD,37985,2021,17,0.010319285094738,1.200228929519653
Energy-force-only EquiformerV2 AD,6725,2022,14,0.0212375838309526,0.9033598899841307
Energy-force-only EquiformerV2 AD,5784,2023,13,0.0243903584778308,2.3918497562408447
Energy-force-only EquiformerV2 AD,9724,2024,10,0.0289996434003114,4.937490940093994
Energy-force-only EquiformerV2 AD,30247,2025,14,0.011403139680624,2.681681632995605
Energy-force-only EquiformerV2 AD,1980,2026,16,0.0089007336646318,2.020362138748169
Energy-force-only EquiformerV2 AD,37101,2027,14,0.0098174242302775,1.939247488975525
Energy-force-only EquiformerV2 AD,24661,2028,14,0.0045042862184345,2.021205186843872
Energy-force-only EquiformerV2 AD,8842,2029,13,0.0209830030798912,1.9508273601531985
Energy-force-only EquiformerV2 AD,14342,2030,11,0.0225519333034753,3.616987943649292
Energy-force-only EquiformerV2 AD,16736,2031,9,0.0420296415686607,3.4634459018707275
Energy-force-only EquiformerV2 AD,42182,2032,11,0.1081396639347076,2.8233110904693604
Energy-force-only EquiformerV2 AD,22364,2033,17,0.0050855162553489,1.5611926317214966
Energy-force-only EquiformerV2 AD,28480,2034,14,0.0085554663091897,2.1297085285186768
Energy-force-only EquiformerV2 AD,17248,2035,13,0.0450688153505325,2.333493709564209
Energy-force-only EquiformerV2 AD,21869,2036,16,0.0217226259410381,1.592145323753357
Energy-force-only EquiformerV2 AD,46709,2037,17,0.012699207291007,1.6694704294204712
Energy-force-only EquiformerV2 AD,15393,2038,13,0.0358892865478992,3.038571357727051
Energy-force-only EquiformerV2 AD,1833,2039,14,0.0077619939111173,2.3761425018310547
Energy-force-only EquiformerV2 AD,4972,2040,12,0.0083382474258542,2.5778791904449463
Energy-force-only EquiformerV2 AD,34,2041,15,0.0055927224457263,2.195890188217163
Energy-force-only EquiformerV2 AD,6768,2042,13,0.0090715829282999,2.5259206295013428
Energy-force-only EquiformerV2 AD,31607,2043,15,0.0038397938478738,1.8587079048156736
Energy-force-only EquiformerV2 AD,31883,2044,12,0.0147718321532011,2.590202808380127
Energy-force-only EquiformerV2 AD,19878,2045,15,0.0099602025002241,1.1115670204162598
Energy-force-only EquiformerV2 AD,46789,2046,10,0.054123792797327,3.422605276107788
Energy-force-only EquiformerV2 AD,16639,2047,14,0.0414446741342544,2.226803541183472
Energy-force-only EquiformerV2 AD,13786,2048,17,0.0232722721993923,1.0202995538711548
Energy-force-only EquiformerV2 AD,26475,2049,11,0.0177397318184375,2.377042055130005
Energy-force-only EquiformerV2 AD,26241,2050,17,0.0100438315421342,1.0256441831588743
Energy-force-only EquiformerV2 AD,38602,2051,12,0.0259742978960275,2.8732643127441406
Energy-force-only EquiformerV2 AD,12529,2052,16,0.0084141986444592,1.8064113855361936
Energy-force-only EquiformerV2 AD,11759,2053,9,0.0102220615372061,3.8842523097991934
Energy-force-only EquiformerV2 AD,21542,2054,15,0.0050173155032098,1.9463814496994016
Energy-force-only EquiformerV2 AD,49215,2055,15,0.0050977463833987,1.8896245956420896
Energy-force-only EquiformerV2 AD,24445,2056,10,0.0198054444044828,3.150031089782715
Energy-force-only EquiformerV2 AD,29771,2057,15,0.0113626075908541,2.0289077758789062
Energy-force-only EquiformerV2 AD,8549,2058,15,0.0394056215882301,1.8951996564865112
Energy-force-only EquiformerV2 AD,4024,2059,14,0.0966821387410163,1.137443780899048
Energy-force-only EquiformerV2 AD,10364,2060,15,0.010432737879455,2.015155553817749
Energy-force-only EquiformerV2 AD,13076,2061,14,0.0288514196872711,1.9238978624343872
Energy-force-only EquiformerV2 AD,4272,2062,11,0.0080525940284132,2.4214396476745605
Energy-force-only EquiformerV2 AD,6928,2063,14,0.0210555605590343,1.813304781913757
Energy-force-only EquiformerV2 AD,38702,2064,13,0.0146687030792236,2.6421115398406982
Energy-force-only EquiformerV2 AD,19391,2065,11,0.0448993109166622,2.721668004989624
Energy-force-only EquiformerV2 AD,5661,2066,16,0.0046363431029021,1.87524962425232
Energy-force-only EquiformerV2 AD,2192,2067,9,0.0127659542486071,3.414801836013794
Energy-force-only EquiformerV2 AD,1189,2068,12,0.016264509409666,2.66629409790039
Energy-force-only EquiformerV2 AD,5297,2069,12,0.0219280235469341,2.5976016521453857
Energy-force-only EquiformerV2 AD,10542,2070,13,0.0099711399525403,2.68039345741272
Energy-force-only EquiformerV2 AD,18238,2071,13,0.007497516926378,3.013841152191162
Energy-force-only EquiformerV2 AD,7959,2072,16,0.0100699281319975,2.204652070999145
Energy-force-only EquiformerV2 AD,3917,2073,15,0.0188794899731874,2.2311346530914307
Energy-force-only EquiformerV2 AD,8874,2074,13,0.004086032975465,2.2489192485809326
Energy-force-only EquiformerV2 AD,4555,2075,11,0.0160817857831716,2.5109972953796387
Energy-force-only EquiformerV2 AD,45575,2076,12,0.0043544271029531,2.467803478240967
Energy-force-only EquiformerV2 AD,21041,2077,21,0.0095957061275839,1.2241411209106443
Energy-force-only EquiformerV2 AD,29468,2078,16,0.0071707116439938,1.6242271661758425
Energy-force-only EquiformerV2 AD,7268,2079,14,0.01367281191051,2.269869327545166
Energy-force-only EquiformerV2 AD,29312,2080,12,0.0101216668263077,3.4802498817443848
Energy-force-only EquiformerV2 AD,28629,2081,13,0.0085844825953245,2.137942314147949
Energy-force-only EquiformerV2 AD,5208,2082,17,0.0097020165994763,1.7518107891082764
Energy-force-only EquiformerV2 AD,47113,2083,14,0.0146508272737264,1.86636483669281
Energy-force-only EquiformerV2 AD,47900,2084,13,0.0101810982450842,2.095735549926758
Energy-force-only EquiformerV2 AD,26019,2085,13,0.0105587868019938,1.882873773574829
Energy-force-only EquiformerV2 AD,10265,2086,13,0.004709290806204,1.9762001037597656
Energy-force-only EquiformerV2 AD,12582,2087,11,0.015494430437684,2.9654102325439453
Energy-force-only EquiformerV2 AD,36767,2088,16,0.0039384327828884,1.5048608779907229
Energy-force-only EquiformerV2 AD,201,2089,18,0.0063272886909544,1.5824012756347656
Energy-force-only EquiformerV2 AD,14807,2090,11,0.0259071812033653,2.423274278640747
Energy-force-only EquiformerV2 AD,8279,2091,12,0.0541881807148456,1.1488860845565796
Energy-force-only EquiformerV2 AD,18137,2092,16,0.0044421097263693,1.8295360803604128
Energy-force-only EquiformerV2 AD,17788,2093,12,0.0087327780202031,2.659853935241699
Energy-force-only EquiformerV2 AD,38910,2094,14,0.0202560853213071,2.594271421432495
Energy-force-only EquiformerV2 AD,44703,2095,12,0.0126706231385469,2.340787887573242
Energy-force-only EquiformerV2 AD,26601,2096,16,0.0078302826732397,2.166938066482544
Energy-force-only EquiformerV2 AD,17418,2097,12,0.0113932136446237,2.6456732749938965
Energy-force-only EquiformerV2 AD,3547,2098,16,0.0066856304183602,1.241096019744873
Energy-force-only EquiformerV2 AD,47353,2099,15,0.0099706668406724,1.2097889184951782
Energy-force-only EquiformerV2 AD,19626,2100,19,0.0091914553195238,1.354238986968994
Energy-force-only EquiformerV2 AD,44071,2101,14,0.0160944517701864,2.565025568008423
Energy-force-only EquiformerV2 AD,2658,2102,16,0.036136470735073,0.946282923221588
Energy-force-only EquiformerV2 AD,11446,2103,15,0.0094086052849888,1.617258906364441
Energy-force-only EquiformerV2 AD,32159,2104,11,0.0084299650043249,0.9455572962760924
Energy-force-only EquiformerV2 AD,25513,2105,11,0.0138925518840551,2.9328482151031494
Energy-force-only EquiformerV2 AD,33422,2106,12,0.0156182097271084,3.158944845199585
Energy-force-only EquiformerV2 AD,21370,2107,6,0.0938037633895874,7.451379299163818
Energy-force-only EquiformerV2 AD,8962,2108,14,0.0378844663500785,2.317903518676758
Energy-force-only EquiformerV2 AD,48013,2109,16,0.0100966114550828,1.4042223691940308
Energy-force-only EquiformerV2 AD,27433,2110,12,0.0196168068796396,2.8088035583496094
Energy-force-only EquiformerV2 AD,10148,2111,16,0.008113719522953,2.086300849914551
Energy-force-only EquiformerV2 AD,36569,2112,13,0.0190475154668092,1.7599369287490845
Energy-force-only EquiformerV2 AD,45176,2113,14,0.0066030579619109,2.2497811317443848
Energy-force-only EquiformerV2 AD,22020,2114,8,0.0444970056414604,2.477555274963379
Energy-force-only EquiformerV2 AD,39863,2115,16,0.0063143363222479,1.762511968612671
Energy-force-only EquiformerV2 AD,4000,2116,14,0.0099447490647435,2.288090705871582
Energy-force-only EquiformerV2 AD,31113,2117,12,0.0165571216493845,2.349520206451416
Energy-force-only EquiformerV2 AD,33780,2118,16,0.0113794412463903,1.83123779296875
Energy-force-only EquiformerV2 AD,5118,2119,18,0.0069975811056792,0.9583895802497864
Energy-force-only EquiformerV2 AD,35355,2120,17,0.0241545382887125,1.1094837188720703
Energy-force-only EquiformerV2 AD,21629,2121,19,0.0100857354700565,1.2112520933151243
Energy-force-only EquiformerV2 AD,23662,2122,11,0.021434361115098,3.0099008083343506
Energy-force-only EquiformerV2 AD,39101,2123,10,0.0179140102118253,3.7504823207855225
Energy-force-only EquiformerV2 AD,3157,2124,11,0.0219968426972627,2.7976698875427246
Energy-force-only EquiformerV2 AD,3390,2125,10,0.0272114500403404,3.753406047821045
Energy-force-only EquiformerV2 AD,12866,2126,13,0.0171265881508588,2.9147369861602783
Energy-force-only EquiformerV2 AD,48367,2127,15,0.0194699801504611,2.001887798309326
Energy-force-only EquiformerV2 AD,14694,2128,13,0.0131998509168624,2.411662340164185
Energy-force-only EquiformerV2 AD,2344,2129,11,0.0304208677262067,1.9107619524002075
Energy-force-only EquiformerV2 AD,22554,2130,15,0.0615501962602138,1.78937566280365
Energy-force-only EquiformerV2 AD,28168,2131,15,0.0117115098983049,2.280917167663574
Energy-force-only EquiformerV2 AD,8457,2132,13,0.0299048740416765,2.519465208053589
Energy-force-only EquiformerV2 AD,4916,2133,14,0.0476687401533126,1.397703766822815
Energy-force-only EquiformerV2 AD,49424,2134,7,0.0419630855321884,5.340724945068359
Energy-force-only EquiformerV2 AD,32250,2135,15,0.011256355792284,1.548986315727234
Energy-force-only EquiformerV2 AD,42257,2136,15,0.0098009826615452,1.8279578685760496
Energy-force-only EquiformerV2 AD,32169,2137,16,0.0091481171548366,1.542643666267395
Energy-force-only EquiformerV2 AD,9941,2138,13,0.0229129586368799,2.975421667098999
Energy-force-only EquiformerV2 AD,33160,2139,13,0.026280278339982,1.3253649473190308
Energy-force-only EquiformerV2 AD,671,2140,13,0.016753239557147,1.8520013093948364
Energy-force-only EquiformerV2 AD,23532,2141,13,0.0116351954638957,1.8968546390533447
Energy-force-only EquiformerV2 AD,29901,2142,13,0.0136545347049832,1.2953139543533323
Energy-force-only EquiformerV2 AD,40982,2143,16,0.0087465960532426,1.6396782398223877
Energy-force-only EquiformerV2 AD,16632,2144,13,0.0091890674084424,2.1524817943573
Energy-force-only EquiformerV2 AD,12393,2145,12,0.0120075065642595,2.714109420776367
Energy-force-only EquiformerV2 AD,22034,2146,11,0.0265770982950925,3.36189866065979
Energy-force-only EquiformerV2 AD,45374,2147,16,0.0156400576233863,2.0069611072540283
Energy-force-only EquiformerV2 AD,36785,2148,12,0.0154080959036946,2.417126417160034
Energy-force-only EquiformerV2 AD,48068,2149,12,0.0169358681887388,2.232870578765869
Energy-force-only EquiformerV2 AD,49154,2150,17,0.0127047505229711,1.6522983312606812
Energy-force-only EquiformerV2 AD,30994,2151,5,0.1050512716174125,6.022862434387207
Energy-force-only EquiformerV2 AD,13736,2152,14,0.0103430422022938,2.015335321426392
Energy-force-only EquiformerV2 AD,10206,2153,10,0.0199385769665241,2.5926904678344727
Energy-force-only EquiformerV2 AD,50835,2154,16,0.0105475950986146,1.4737778902053833
Energy-force-only EquiformerV2 AD,46926,2155,10,0.054954707622528,2.5538718700408936
Energy-force-only EquiformerV2 AD,5383,2156,14,0.0141154201701283,1.8915354013442995
Energy-force-only EquiformerV2 AD,5418,2157,8,0.0512925945222377,3.91776967048645
Energy-force-only EquiformerV2 AD,21517,2158,14,0.0301027707755565,2.265710592269897
Energy-force-only EquiformerV2 AD,13549,2159,14,0.0141014866530895,2.390521049499512
Energy-force-only EquiformerV2 AD,21852,2160,8,0.014789211563766,4.42941427230835
Energy-force-only EquiformerV2 AD,1456,2161,13,0.0118943359702825,2.4851725101470947
Energy-force-only EquiformerV2 AD,15868,2162,16,0.0100352689623832,1.839766383171081
Energy-force-only EquiformerV2 AD,2152,2163,15,0.0171218141913414,0.9498932957649232
Energy-force-only EquiformerV2 AD,29353,2164,19,0.0146775459870696,0.5658966898918152
Energy-force-only EquiformerV2 AD,21970,2165,15,0.0089943129569292,1.69306480884552
Energy-force-only EquiformerV2 AD,28793,2166,13,0.0420866720378398,1.8989266157150269
Energy-force-only EquiformerV2 AD,23029,2167,15,0.0396703854203224,1.894327163696289
Energy-force-only EquiformerV2 AD,12617,2168,13,0.013108785264194,2.089641809463501
Energy-force-only EquiformerV2 AD,4081,2169,16,0.0037528364919126,1.585510015487671
Energy-force-only EquiformerV2 AD,14574,2170,15,0.0343182124197483,1.4191898107528689
Energy-force-only EquiformerV2 AD,1808,2171,19,0.0109033370390534,0.9732221961021424
Energy-force-only EquiformerV2 AD,17320,2172,19,0.0233733300119638,2.27614974975586
Energy-force-only EquiformerV2 AD,27416,2173,16,0.0146640371531248,1.9680455923080444
Energy-force-only EquiformerV2 AD,11710,2174,10,0.0646003186702728,2.8436200618743896
Energy-force-only EquiformerV2 AD,40482,2175,14,0.0164302382618188,2.726248264312744
Energy-force-only EquiformerV2 AD,49067,2176,15,0.012029324658215,1.930049419403076
Energy-force-only EquiformerV2 AD,11431,2177,12,0.0422677882015705,4.153836727142334
Energy-force-only EquiformerV2 AD,48202,2178,16,0.0094351340085268,0.7127588987350464
Energy-force-only EquiformerV2 AD,39873,2179,16,0.0073963636532425,1.5365017652511597
Energy-force-only EquiformerV2 AD,13519,2180,17,0.0159521736204624,1.8100972175598145
Energy-force-only EquiformerV2 AD,50786,2181,13,0.009099350310862,2.1452581882476807
Energy-force-only EquiformerV2 AD,31560,2182,13,0.0250163618475198,2.324303388595581
Energy-force-only EquiformerV2 AD,37990,2183,16,0.0060473354533314,1.938226342201233
Energy-force-only EquiformerV2 AD,40776,2184,11,0.0363954007625579,3.4154953956604004
Energy-force-only EquiformerV2 AD,4073,2185,14,0.0250974893569946,1.686980962753296
Energy-force-only EquiformerV2 AD,13450,2186,19,0.0144587457180023,1.1954578161239624
Energy-force-only EquiformerV2 AD,18586,2187,16,0.01418898999691,1.7547636032104492
Energy-force-only EquiformerV2 AD,36677,2188,10,0.0193627998232841,4.1514105796813965
Energy-force-only EquiformerV2 AD,4647,2189,13,0.0416540503501892,2.525473594665528
Energy-force-only EquiformerV2 AD,9021,2190,19,0.0070710941217839,1.1317801475524902
Energy-force-only EquiformerV2 AD,30205,2191,5,0.0120527679100632,10.502713203430176
Energy-force-only EquiformerV2 AD,20745,2192,11,0.0072532133199274,3.098837614059448
Energy-force-only EquiformerV2 AD,38123,2193,12,0.0143494112417101,2.580686330795288
Energy-force-only EquiformerV2 AD,18068,2194,18,0.0043368493206799,1.7997967004776
Energy-force-only EquiformerV2 AD,22380,2195,12,0.0190282128751277,2.5585360527038574
Energy-force-only EquiformerV2 AD,44742,2196,10,0.0149108711630105,3.271117210388184
Energy-force-only EquiformerV2 AD,21884,2197,15,0.0046354266814887,1.8502237796783447
Energy-force-only EquiformerV2 AD,33563,2198,12,0.0077811512164771,2.810385227203369
Energy-force-only EquiformerV2 AD,31674,2199,16,0.0153505001217126,1.9234153032302856
Energy-force-only EquiformerV2 AD,9680,2200,7,0.0678592845797538,3.860480308532715
Energy-force-only EquiformerV2 AD,35116,2201,12,0.0122776702046394,2.1551363468170166
Energy-force-only EquiformerV2 AD,19014,2202,16,0.0258493423461914,1.7736793756484983
Energy-force-only EquiformerV2 AD,15060,2203,17,0.021166268736124,2.0162360668182373
Energy-force-only EquiformerV2 AD,16716,2204,16,0.0131354480981826,2.4309208393096924
Energy-force-only EquiformerV2 AD,46952,2205,13,0.0032236671540886,2.4090163707733154
Energy-force-only EquiformerV2 AD,48392,2206,15,0.0144126415252685,1.935856819152832
Energy-force-only EquiformerV2 AD,13511,2207,15,0.038464032113552,1.3244333267211914
Energy-force-only EquiformerV2 AD,838,2208,12,0.0126045038923621,2.772005081176758
Energy-force-only EquiformerV2 AD,33570,2209,17,0.0216613262891769,1.305569052696228
Energy-force-only EquiformerV2 AD,4300,2210,9,0.0859755128622055,3.554900884628296
Energy-force-only EquiformerV2 AD,12423,2211,8,0.0230111293494701,4.477110385894775
Energy-force-only EquiformerV2 AD,20509,2212,11,0.0062493430450558,2.965885639190674
Energy-force-only EquiformerV2 AD,21520,2213,14,0.0428327098488807,1.7547138929367063
Energy-force-only EquiformerV2 AD,6461,2214,13,0.0144067611545324,1.9739456176757808
Energy-force-only EquiformerV2 AD,8202,2215,13,0.0261589847505092,1.0329666137695312
Energy-force-only EquiformerV2 AD,30333,2216,14,0.006320733577013,1.874382734298706
Energy-force-only EquiformerV2 AD,7174,2217,14,0.0343124233186244,3.129066467285156
Energy-force-only EquiformerV2 AD,6879,2218,12,0.0356609150767326,1.5906091928482056
Energy-force-only EquiformerV2 AD,5976,2219,17,0.0072612217627465,1.5750473737716677
Energy-force-only EquiformerV2 AD,36139,2220,16,0.0041061611846089,1.7141244411468506
Energy-force-only EquiformerV2 AD,607,2221,15,0.10769534856081,2.430187940597534
Energy-force-only EquiformerV2 AD,35973,2222,13,0.0229247193783521,1.250454664230347
Energy-force-only EquiformerV2 AD,30148,2223,11,0.012707196176052,3.11939024925232
Energy-force-only EquiformerV2 AD,25539,2224,13,0.0042404793202877,2.09151554107666
Energy-force-only EquiformerV2 AD,23463,2225,16,0.0106226988136768,1.210355281829834
Energy-force-only EquiformerV2 AD,46376,2226,16,0.0167508069425821,1.594330668449402
Energy-force-only EquiformerV2 AD,6595,2227,11,0.0142964255064725,2.6243598461151123
Energy-force-only EquiformerV2 AD,7908,2228,12,0.0157826021313667,2.002378463745117
Energy-force-only EquiformerV2 AD,12791,2229,13,0.0322165675461292,1.865939140319824
Energy-force-only EquiformerV2 AD,34621,2230,15,0.0110306665301322,2.286524772644043
Energy-force-only EquiformerV2 AD,19683,2231,14,0.0041264849714934,2.013301610946656
Energy-force-only EquiformerV2 AD,4397,2232,15,0.0237046107649803,2.201437473297119
Energy-force-only EquiformerV2 AD,44550,2233,12,0.0160576440393924,1.821598768234253
Energy-force-only EquiformerV2 AD,31858,2234,13,0.0142909809947013,1.9867266416549685
Energy-force-only EquiformerV2 AD,39344,2235,21,0.0077619892545044,1.5015263557434082
Energy-force-only EquiformerV2 AD,13182,2236,11,0.0677057653665542,5.671182632446289
Energy-force-only EquiformerV2 AD,50221,2237,14,0.0203938595950603,1.710833191871643
Energy-force-only EquiformerV2 AD,17537,2238,16,0.0040151420980691,1.673324704170227
Energy-force-only EquiformerV2 AD,22422,2239,10,0.0162344053387641,3.252107858657837
Energy-force-only EquiformerV2 AD,31044,2240,18,0.0056817289441823,1.253218173980713
Energy-force-only EquiformerV2 AD,26168,2241,12,0.1202330216765403,3.981370687484741
Energy-force-only EquiformerV2 AD,6668,2242,13,0.0072023095563054,2.460928678512573
Energy-force-only EquiformerV2 AD,4262,2243,16,0.0255829375237226,1.5456483364105225
Energy-force-only EquiformerV2 AD,26775,2244,12,0.0091570913791656,3.019167423248291
Energy-force-only EquiformerV2 AD,25272,2245,17,0.0107740145176649,1.8899885416030884
Energy-force-only EquiformerV2 AD,49194,2246,10,0.0105917509645223,2.444708824157715
Energy-force-only EquiformerV2 AD,17736,2247,14,0.009311132133007,1.201216220855713
Energy-force-only EquiformerV2 AD,50743,2248,16,0.0166071094572544,1.6047697067260742
Energy-force-only EquiformerV2 AD,30721,2249,14,0.0115403467789292,1.9477849006652832
Energy-force-only EquiformerV2 AD,20544,2250,15,0.0100938128307461,1.386624813079834
Energy-force-only EquiformerV2 AD,46239,2251,13,0.0132173458114266,2.3966715335845947
Energy-force-only EquiformerV2 AD,32262,2252,16,0.0111743360757827,2.06142520904541
Energy-force-only EquiformerV2 AD,11862,2253,16,0.0107024442404508,1.7554692029953003
Energy-force-only EquiformerV2 AD,50691,2254,12,0.0923618078231811,2.5033183097839355
Energy-force-only EquiformerV2 AD,32318,2255,13,0.0176171548664569,2.001455307006836
Energy-force-only EquiformerV2 AD,4190,2256,16,0.0077041527256369,1.3971439599990845
Energy-force-only EquiformerV2 AD,14315,2257,13,0.0046516144648194,2.1721460819244385
Energy-force-only EquiformerV2 AD,4517,2258,12,0.0102909626439213,3.295106887817383
Energy-force-only EquiformerV2 AD,46312,2259,15,0.0214110352098941,1.476019263267517
Energy-force-only EquiformerV2 AD,24024,2260,12,0.0140589494258165,2.6015915870666504
Energy-force-only EquiformerV2 AD,36252,2261,11,0.0103257112205028,3.867608070373535
Energy-force-only EquiformerV2 AD,34619,2262,12,0.0087600350379943,1.7622488737106323
Energy-force-only EquiformerV2 AD,27714,2263,15,0.0115512125194072,2.179381847381592
Energy-force-only EquiformerV2 AD,17385,2264,12,0.0188405625522136,2.9826700687408447
Energy-force-only EquiformerV2 AD,1365,2265,16,0.0416144728660583,2.269712209701538
Energy-force-only EquiformerV2 AD,14015,2266,14,0.0131352571770548,1.815094232559204
Energy-force-only EquiformerV2 AD,39228,2267,16,0.0286584161221981,1.4761515855789185
Energy-force-only EquiformerV2 AD,2984,2268,13,0.0112930489704012,1.5366400480270386
Energy-force-only EquiformerV2 AD,16169,2269,14,0.0282672308385372,1.602550983428955
Energy-force-only EquiformerV2 AD,30200,2270,15,0.0047899950295686,1.5417371988296509
Energy-force-only EquiformerV2 AD,10058,2271,15,0.0426557175815105,1.9117368459701536
Energy-force-only EquiformerV2 AD,39420,2272,19,0.0117589263245463,1.382149577140808
Energy-force-only EquiformerV2 AD,38221,2273,12,0.0140701448544859,2.5336713790893555
Energy-force-only EquiformerV2 AD,2943,2274,16,0.0119539648294448,1.549120306968689
Energy-force-only EquiformerV2 AD,31148,2275,15,0.0208220686763525,2.589754104614258
Energy-force-only EquiformerV2 AD,14491,2276,13,0.0450733304023742,2.8397693634033203
Energy-force-only EquiformerV2 AD,1620,2277,14,0.0095266420394182,2.3069517612457275
Energy-force-only EquiformerV2 AD,50164,2278,13,0.0234304666519165,2.87583875656128
Energy-force-only EquiformerV2 AD,41564,2279,21,0.0051666102372109,1.1441903114318848
Energy-force-only EquiformerV2 AD,13289,2280,9,0.0070940931327641,3.542633533477783
Energy-force-only EquiformerV2 AD,7179,2281,9,0.0565197691321373,3.792813301086426
Energy-force-only EquiformerV2 AD,15775,2282,14,0.0090712271630764,2.698016881942749
Energy-force-only EquiformerV2 AD,19538,2283,18,0.0060207811184227,1.7060221433639526
Energy-force-only EquiformerV2 AD,13389,2284,16,0.0205952506512403,1.477086901664734
Energy-force-only EquiformerV2 AD,21236,2285,14,0.0473151057958602,2.830937385559082
Energy-force-only EquiformerV2 AD,8806,2286,11,0.0164779908955097,3.017886161804199
Energy-force-only EquiformerV2 AD,11377,2287,16,0.011360727250576,0.7043447494506836
Energy-force-only EquiformerV2 AD,35800,2288,12,0.0302420258522033,3.1251702308654785
Energy-force-only EquiformerV2 AD,27871,2289,12,0.0127532016485929,2.266353130340576
Energy-force-only EquiformerV2 AD,23901,2290,15,0.0289886109530925,2.568510293960572
Energy-force-only EquiformerV2 AD,19452,2291,14,0.0047961291857063,1.9598267078399656
Energy-force-only EquiformerV2 AD,14334,2292,15,0.0200449656695127,2.087092876434326
Energy-force-only EquiformerV2 AD,7748,2293,9,0.0169306192547082,4.012364387512207
Energy-force-only EquiformerV2 AD,42439,2294,12,0.0324111059308052,2.350466251373291
Energy-force-only EquiformerV2 AD,30883,2295,16,0.0235702898353338,2.016768455505371
Energy-force-only EquiformerV2 AD,34548,2296,14,0.0073211938142776,2.344249963760376
Energy-force-only EquiformerV2 AD,49590,2297,14,0.0146669009700417,1.5068930387496948
Energy-force-only EquiformerV2 AD,19422,2298,11,0.0559976696968078,2.276820421218872
Energy-force-only EquiformerV2 AD,13403,2299,13,0.0309421103447675,2.367421865463257
Energy-force-only EquiformerV2 AD,48548,2300,12,0.0392210930585861,2.1875228881835938
Energy-force-only EquiformerV2 AD,16761,2301,18,0.0144934449344873,1.3564125299453735
Energy-force-only EquiformerV2 AD,23740,2302,12,0.0075111454352736,2.489121913909912
Energy-force-only EquiformerV2 AD,30792,2303,6,0.0158887896686792,10.114245414733888
Energy-force-only EquiformerV2 AD,21856,2304,14,0.1293234229087829,1.1577398777008057
Energy-force-only EquiformerV2 AD,47319,2305,10,0.0134439636021852,2.5558974742889404
Energy-force-only EquiformerV2 AD,22229,2306,12,0.0169385466724634,1.2965404987335205
Energy-force-only EquiformerV2 AD,7257,2307,11,0.0165984574705362,3.046846389770508
Energy-force-only EquiformerV2 AD,8778,2308,15,0.0498052611947059,1.3255305290222168
Energy-force-only EquiformerV2 AD,12246,2309,14,0.0055454182438552,2.086229085922241
Energy-force-only EquiformerV2 AD,45919,2310,13,0.0066400123760104,2.0035762786865234
Energy-force-only EquiformerV2 AD,17573,2311,15,0.0380538813769817,2.098304986953736
Energy-force-only EquiformerV2 AD,10878,2312,16,0.0274069085717201,0.7039967775344849
Energy-force-only EquiformerV2 AD,22197,2313,14,0.0053191157057881,1.950505614280701
Energy-force-only EquiformerV2 AD,11656,2314,12,0.0208602920174598,2.274005651473999
Energy-force-only EquiformerV2 AD,21232,2315,15,0.0163678340613842,1.6518000364303589
Energy-force-only EquiformerV2 AD,24229,2316,11,0.021274285390973,3.037061929702759
Energy-force-only EquiformerV2 AD,13986,2317,11,0.0171952601522207,3.883645534515381
Energy-force-only EquiformerV2 AD,33144,2318,10,0.0055557093583047,4.091557502746582
Energy-force-only EquiformerV2 AD,811,2319,19,0.0099636502563953,0.8554962873458862
Energy-force-only EquiformerV2 AD,45022,2320,17,0.0861232578754425,1.1523523330688477
Energy-force-only EquiformerV2 AD,22701,2321,10,0.1715544462203979,3.0100326538085938
Energy-force-only EquiformerV2 AD,3717,2322,14,0.0320562347769737,2.222358703613281
Energy-force-only EquiformerV2 AD,41879,2323,13,0.0133042000234127,2.486241817474365
Energy-force-only EquiformerV2 AD,29566,2324,13,0.0372592769563198,2.917123317718506
Energy-force-only EquiformerV2 AD,12391,2325,14,0.0178909823298454,2.05110502243042
Energy-force-only EquiformerV2 AD,36765,2326,19,0.0583340115845203,1.258964776992798
Energy-force-only EquiformerV2 AD,40219,2327,14,0.0206309594213962,2.352980613708496
Energy-force-only EquiformerV2 AD,29658,2328,17,0.0129850637167692,1.642591118812561
Energy-force-only EquiformerV2 AD,10177,2329,18,0.0177950393408536,1.208562254905701
Energy-force-only EquiformerV2 AD,2623,2330,12,0.0091053275391459,2.1949727535247803
Energy-force-only EquiformerV2 AD,4548,2331,14,0.0066651012748479,2.3272743225097656
Energy-force-only EquiformerV2 AD,15337,2332,13,0.0199298691004514,2.388821840286255
Energy-force-only EquiformerV2 AD,24982,2333,16,0.0085992394015192,2.1238272190093994
Energy-force-only EquiformerV2 AD,5374,2334,16,0.0039461655542254,1.6548570394515991
Energy-force-only EquiformerV2 AD,10130,2335,16,0.0144422044977545,1.4281911849975586
Energy-force-only EquiformerV2 AD,22426,2336,16,0.0226652380079031,1.5400629043579102
Energy-force-only EquiformerV2 AD,31966,2337,14,0.0149261271581053,1.800097107887268
Energy-force-only EquiformerV2 AD,41771,2338,14,0.0237777885049581,2.003319501876831
Energy-force-only EquiformerV2 AD,33225,2339,14,0.0088928751647472,2.69533634185791
Energy-force-only EquiformerV2 AD,6769,2340,16,0.0306212455034255,2.6140336990356445
Energy-force-only EquiformerV2 AD,44656,2341,17,0.0044062873348593,1.8275959491729736
Energy-force-only EquiformerV2 AD,20114,2342,12,0.0150464344769716,2.195625305175781
Energy-force-only EquiformerV2 AD,29767,2343,10,0.036100436002016,3.0690884590148926
Energy-force-only EquiformerV2 AD,45792,2344,16,0.0410869941115379,2.3306193351745605
Energy-force-only EquiformerV2 AD,45178,2345,17,0.015252904035151,2.104241371154785
Energy-force-only EquiformerV2 AD,8264,2346,13,0.011430924758315,2.0796444416046143
Energy-force-only EquiformerV2 AD,36668,2347,16,0.0050787259824573,2.2175424098968506
Energy-force-only EquiformerV2 AD,34231,2348,16,0.0088892066851258,1.1124883890151978
Energy-force-only EquiformerV2 AD,26559,2349,16,0.0143468677997589,1.9475950002670288
Energy-force-only EquiformerV2 AD,44837,2350,11,0.005313211120665,2.1961565017700195
Energy-force-only EquiformerV2 AD,24738,2351,19,0.0035242270678281,1.2471529245376587
Energy-force-only EquiformerV2 AD,21886,2352,14,0.0146082416176795,1.952792048454285
Energy-force-only EquiformerV2 AD,3301,2353,15,0.0084506925195455,2.277927160263061
Energy-force-only EquiformerV2 AD,37945,2354,12,0.0057091237977147,2.592121362686157
Energy-force-only EquiformerV2 AD,22612,2355,12,0.0160377249121665,3.8711366653442383
Energy-force-only EquiformerV2 AD,16257,2356,6,0.1090216413140297,4.181753635406494
Energy-force-only EquiformerV2 AD,18011,2357,13,0.041540004312992,2.422045946121216
Energy-force-only EquiformerV2 AD,14851,2358,15,0.0352692566812038,1.9434142112731927
Energy-force-only EquiformerV2 AD,20202,2359,14,0.011108468286693,2.664862155914306
Energy-force-only EquiformerV2 AD,45423,2360,14,0.0038494791369885,1.9565271139144893
Energy-force-only EquiformerV2 AD,46421,2361,15,0.0098740020766854,1.9139246940612795
Energy-force-only EquiformerV2 AD,6300,2362,16,0.0171931460499763,1.0796276330947876
Energy-force-only EquiformerV2 AD,49058,2363,12,0.013045584782958,2.907472610473633
Energy-force-only EquiformerV2 AD,31127,2364,15,0.0090010678395628,1.2668219804763794
Energy-force-only EquiformerV2 AD,24425,2365,16,0.0082872128114104,1.6608169078826904
Energy-force-only EquiformerV2 AD,10231,2366,14,0.0203961506485939,1.7637627124786377
Energy-force-only EquiformerV2 AD,14059,2367,13,0.0226989462971687,2.496619701385498
Energy-force-only EquiformerV2 AD,19268,2368,8,0.0737690478563308,3.7879605293273926
Energy-force-only EquiformerV2 AD,33275,2369,14,0.0046615595929324,1.97496235370636
Energy-force-only EquiformerV2 AD,38635,2370,17,0.007322309538722,1.824811220169068
Energy-force-only EquiformerV2 AD,26027,2371,12,0.0071877995505928,2.974334478378296
Energy-force-only EquiformerV2 AD,32187,2372,19,0.0054602031596004,1.2644294500350952
Energy-force-only EquiformerV2 AD,32376,2373,11,0.0250164382159709,2.6624321937561035
Energy-force-only EquiformerV2 AD,7141,2374,13,0.0408558063209056,1.445020079612732
Energy-force-only EquiformerV2 AD,31020,2375,10,0.0241621918976306,3.551384210586548
Energy-force-only EquiformerV2 AD,37982,2376,8,0.0872493833303451,3.021835327148437
Energy-force-only EquiformerV2 AD,39699,2377,19,0.0061010532081127,1.631119966506958
Energy-force-only EquiformerV2 AD,46034,2378,14,0.0163835901767015,1.67235267162323
Energy-force-only EquiformerV2 AD,32050,2379,15,0.0251389294862747,1.2673656940460205
Energy-force-only EquiformerV2 AD,37857,2380,14,0.0134919686242938,1.9770309925079343
Energy-force-only EquiformerV2 AD,13417,2381,12,0.0124138016253709,2.3032822608947754
Energy-force-only EquiformerV2 AD,8573,2382,12,0.0699661150574684,1.6547465324401855
Energy-force-only EquiformerV2 AD,30125,2383,16,0.0069650132209062,2.089374542236328
Energy-force-only EquiformerV2 AD,17500,2384,14,0.0200849771499633,2.512662649154663
Energy-force-only EquiformerV2 AD,28823,2385,12,0.0180395673960447,2.5059621334075928
Energy-force-only EquiformerV2 AD,25137,2386,15,0.0061477329581975,2.509694099426269
Energy-force-only EquiformerV2 AD,27150,2387,13,0.0332034789025783,2.2114133834838867
Energy-force-only EquiformerV2 AD,22302,2388,15,0.0049616326577961,2.1548359394073486
Energy-force-only EquiformerV2 AD,29482,2389,15,0.0219306033104658,1.83843207359314
Energy-force-only EquiformerV2 AD,7593,2390,19,0.0174996349960565,1.3106255531311035
Energy-force-only EquiformerV2 AD,34348,2391,13,0.0241658743470907,1.5276747941970823
Energy-force-only EquiformerV2 AD,977,2392,12,0.013692557811737,2.4741644859313965
Energy-force-only EquiformerV2 AD,4732,2393,11,0.0165543649345636,1.991473197937012
Energy-force-only EquiformerV2 AD,27510,2394,11,0.0144000798463821,3.059483766555786
Energy-force-only EquiformerV2 AD,44409,2395,14,0.0117433723062276,2.292689323425293
Energy-force-only EquiformerV2 AD,23743,2396,11,0.0063486136496067,2.5879573822021484
Energy-force-only EquiformerV2 AD,16216,2397,15,0.0852130502462387,2.0716805458068848
Energy-force-only EquiformerV2 AD,39256,2398,11,0.0349854491651058,1.566560983657837
Energy-force-only EquiformerV2 AD,7005,2399,10,0.0413155183196067,2.4667086601257324
Energy-force-only EquiformerV2 AD,21700,2400,11,0.0084181111305952,3.6186041831970215
Energy-force-only EquiformerV2 AD,9651,2401,15,0.0111544290557503,2.198495388031006
Energy-force-only EquiformerV2 AD,47290,2402,12,0.0347094647586345,3.8311033248901367
Energy-force-only EquiformerV2 AD,34837,2403,12,0.0205851141363382,2.108271598815918
Energy-force-only EquiformerV2 AD,31478,2404,19,0.0307936239987611,1.2067307233810425
Energy-force-only EquiformerV2 AD,28438,2405,13,0.014114529825747,2.1910088062286377
Energy-force-only EquiformerV2 AD,17735,2406,11,0.0162021238356828,1.921128392219544
Energy-force-only EquiformerV2 AD,47363,2407,13,0.0296992640942335,2.179500102996826
Energy-force-only EquiformerV2 AD,25474,2408,18,0.0114029478281736,1.5370360612869265
Energy-force-only EquiformerV2 AD,36801,2409,14,0.0088312439620494,2.266688585281372
Energy-force-only EquiformerV2 AD,11506,2410,19,0.0183831229805946,1.863458514213562
Energy-force-only EquiformerV2 AD,7485,2411,14,0.0070373304188251,2.233146905899048
Energy-force-only EquiformerV2 AD,45125,2412,15,0.0545845367014408,1.1507264375686646
Energy-force-only EquiformerV2 AD,16782,2413,16,0.0058930492959916,1.6091482639312744
Energy-force-only EquiformerV2 AD,24055,2414,12,0.0142654050141572,2.159712314605713
Energy-force-only EquiformerV2 AD,30381,2415,16,0.0088616181164979,2.025665760040283
Energy-force-only EquiformerV2 AD,17721,2416,17,0.0203563589602708,1.4692574739456177
Energy-force-only EquiformerV2 AD,28300,2417,15,0.0202651023864746,1.2449456453323364
Energy-force-only EquiformerV2 AD,17798,2418,19,0.004870215896517,1.2937225103378296
Energy-force-only EquiformerV2 AD,16613,2419,8,0.0224060378968715,4.308070659637451
Energy-force-only EquiformerV2 AD,9988,2420,18,0.0079268142580986,1.1629494428634644
Energy-force-only EquiformerV2 AD,14591,2421,14,0.0555141493678092,2.1928515434265137
Energy-force-only EquiformerV2 AD,23300,2422,12,0.0244867950677871,2.794917345046997
Energy-force-only EquiformerV2 AD,43143,2423,16,0.0136353708803653,2.029736518859864
Energy-force-only EquiformerV2 AD,41914,2424,19,0.0026857191696763,1.4295830726623535
Energy-force-only EquiformerV2 AD,13840,2425,15,0.008566103875637,2.4728751182556152
Energy-force-only EquiformerV2 AD,20768,2426,15,0.00652238400653,1.742224097251892
Energy-force-only EquiformerV2 AD,33606,2427,19,0.0107516320422291,1.2667701244354248
Energy-force-only EquiformerV2 AD,17944,2428,15,0.0470412150025367,1.7445756196975708
Energy-force-only EquiformerV2 AD,14220,2429,13,0.0090689603239297,2.4810054302215576
Energy-force-only EquiformerV2 AD,12499,2430,17,0.026859438046813,1.7114611864089966
Energy-force-only EquiformerV2 AD,4954,2431,15,0.0106842732056975,1.5494295358657837
Energy-force-only EquiformerV2 AD,31409,2432,15,0.0082634799182415,2.2141501903533936
Energy-force-only EquiformerV2 AD,47598,2433,9,0.0361138023436069,3.7650086879730233
Energy-force-only EquiformerV2 AD,19347,2434,16,0.0095401359722018,1.3932983875274658
Energy-force-only EquiformerV2 AD,47788,2435,13,0.0069912071339786,2.229374408721924
Energy-force-only EquiformerV2 AD,5745,2436,16,0.0049616219475865,1.8630672693252563
Energy-force-only EquiformerV2 AD,44147,2437,14,0.0054969363845884,2.1970462799072266
Energy-force-only EquiformerV2 AD,39698,2438,13,0.0177163649350404,2.8148610591888428
Energy-force-only EquiformerV2 AD,17427,2439,13,0.0045696254819631,2.356771469116211
Energy-force-only EquiformerV2 AD,36444,2440,15,0.0053278566338121,1.922840476036072
Energy-force-only EquiformerV2 AD,19577,2441,16,0.0183299072086811,1.8418354988098145
Energy-force-only EquiformerV2 AD,10749,2442,12,0.0260047111660242,3.845093488693237
Energy-force-only EquiformerV2 AD,35289,2443,12,0.0108199063688516,2.0211493968963623
Energy-force-only EquiformerV2 AD,48679,2444,12,0.0159312691539526,3.2131426334381104
Energy-force-only EquiformerV2 AD,27158,2445,14,0.0918400213122367,1.3899850845336914
Energy-force-only EquiformerV2 AD,50230,2446,11,0.0077610341832041,3.830297708511353
Energy-force-only EquiformerV2 AD,16622,2447,11,0.0065086451359093,3.006129264831543
Energy-force-only EquiformerV2 AD,14931,2448,18,0.0039066234603524,1.2373932600021362
Energy-force-only EquiformerV2 AD,8834,2449,21,0.0034895229618996,1.1360894441604614
Energy-force-only EquiformerV2 AD,10922,2450,11,0.0179281085729599,2.594383001327514
Energy-force-only EquiformerV2 AD,48756,2451,12,0.025376733392477,2.812611818313598
Energy-force-only EquiformerV2 AD,48865,2452,15,0.0063220560550689,1.888948678970337
Energy-force-only EquiformerV2 AD,28029,2453,11,0.0244258176535367,2.8933494091033936
Energy-force-only EquiformerV2 AD,31970,2454,13,0.0218767542392015,2.094040632247925
Energy-force-only EquiformerV2 AD,5785,2455,15,0.016546506434679,1.709750056266785
Energy-force-only EquiformerV2 AD,43122,2456,14,0.0229406300932168,2.156066417694092
Energy-force-only EquiformerV2 AD,38424,2457,12,0.039365779608488,2.944345712661743
Energy-force-only EquiformerV2 AD,21694,2458,15,0.0066988794133067,2.024214029312134
Energy-force-only EquiformerV2 AD,12701,2459,15,0.0122920526191592,1.4820022583007812
Energy-force-only EquiformerV2 AD,36375,2460,12,0.0171827375888824,1.031815528869629
Energy-force-only EquiformerV2 AD,8565,2461,15,0.0065236808732151,2.144505262374878
Energy-force-only EquiformerV2 AD,28198,2462,14,0.023678658530116,2.353895902633667
Energy-force-only EquiformerV2 AD,42022,2463,6,0.0148910172283649,2.4201037883758545
Energy-force-only EquiformerV2 AD,27380,2464,11,0.0638220533728599,2.809849977493286
Energy-force-only EquiformerV2 AD,21162,2465,17,0.0220978073775768,0.7851464152336121
Energy-force-only EquiformerV2 AD,405,2466,17,0.0043174223974347,1.9373821020126345
Energy-force-only EquiformerV2 AD,49411,2467,10,0.012839937582612,3.09070086479187
Energy-force-only EquiformerV2 AD,48316,2468,16,0.0220550000667572,1.375138759613037
Energy-force-only EquiformerV2 AD,513,2469,17,0.0495573095977306,1.45867919921875
Energy-force-only EquiformerV2 AD,501,2470,10,0.0227491874247789,2.178126096725464
Energy-force-only EquiformerV2 AD,39591,2471,16,0.0103406542912125,1.4967961311340332
Energy-force-only EquiformerV2 AD,35374,2472,15,0.0236850474029779,0.9412963390350342
Energy-force-only EquiformerV2 AD,21936,2473,12,0.0067605972290039,1.8580857515335083
Energy-force-only EquiformerV2 AD,12885,2474,12,0.0178003702312707,2.5511748790740967
Energy-force-only EquiformerV2 AD,42521,2475,6,0.0697182789444923,7.339238166809082
Energy-force-only EquiformerV2 AD,19523,2476,12,0.030073070898652,2.8249552249908447
Energy-force-only EquiformerV2 AD,48356,2477,17,0.0208039376884698,1.0442124605178833
Energy-force-only EquiformerV2 AD,47023,2478,10,0.0171843413263559,3.770237445831299
Energy-force-only EquiformerV2 AD,18194,2479,14,0.0112544298171997,1.936736822128296
Energy-force-only EquiformerV2 AD,8360,2480,12,0.0101989405229687,2.635213613510132
Energy-force-only EquiformerV2 AD,4141,2481,13,0.0356043167412281,1.0601681470870972
Energy-force-only EquiformerV2 AD,30166,2482,16,0.0209669359028339,1.855269312858581
Energy-force-only EquiformerV2 AD,24508,2483,13,0.0169117674231529,2.469322919845581
Energy-force-only EquiformerV2 AD,22474,2484,12,0.0031769059132784,2.806038856506348
Energy-force-only EquiformerV2 AD,24261,2485,14,0.0107949906960129,2.241707801818848
Energy-force-only EquiformerV2 AD,18079,2486,19,0.012463042512536,1.6164377927780151
Energy-force-only EquiformerV2 AD,49128,2487,12,0.0240204632282257,2.892557144165039
Energy-force-only EquiformerV2 AD,48551,2488,10,0.0101821962743997,2.382784366607666
Energy-force-only EquiformerV2 AD,27689,2489,14,0.0049743675626814,2.0562498569488525
Energy-force-only EquiformerV2 AD,3726,2490,13,0.0486264675855636,3.3259780406951904
Energy-force-only EquiformerV2 AD,39552,2491,16,0.0118306344375014,1.136126160621643
Energy-force-only EquiformerV2 AD,7355,2492,15,0.0115475906059145,1.5094753503799438
Energy-force-only EquiformerV2 AD,1576,2493,11,0.0153295239433646,1.090158224105835
Energy-force-only EquiformerV2 AD,18212,2494,17,0.0119671486318111,1.552383303642273
Energy-force-only EquiformerV2 AD,39438,2495,14,0.0461569987237453,3.203665256500244
Energy-force-only EquiformerV2 AD,50787,2496,12,0.0063800383359193,2.5990920066833496
Energy-force-only EquiformerV2 AD,7088,2497,15,0.0226653292775154,1.4183179140090942
Energy-force-only EquiformerV2 AD,4856,2498,17,0.0420552007853984,1.6282840967178345
Energy-force-only EquiformerV2 AD,10074,2499,9,0.0103601766750216,4.201380252838135
Energy-force-only EquiformerV2 AD,40953,2500,18,0.0046095261350274,1.480632185935974
Energy-force-only EquiformerV2 AD,21729,2501,17,0.025627652183175,1.660191535949707
Energy-force-only EquiformerV2 AD,6176,2502,12,0.0094859516248106,2.539591073989868
Energy-force-only EquiformerV2 AD,24051,2503,14,0.0035340338945388,2.097836971282959
Energy-force-only EquiformerV2 AD,37853,2504,18,0.0152194453403353,1.9651575088500977
Energy-force-only EquiformerV2 AD,48964,2505,17,0.0055968109518289,1.618377447128296
Energy-force-only EquiformerV2 AD,7812,2506,12,0.0168930925428867,1.119199275970459
Energy-force-only EquiformerV2 AD,2654,2507,12,0.0062251440249383,2.422651529312134
Energy-force-only EquiformerV2 AD,47223,2508,18,0.024606630206108,1.768364429473877
Energy-force-only EquiformerV2 AD,50203,2509,19,0.0486844778060913,0.6902823448181152
Energy-force-only EquiformerV2 AD,5083,2510,12,0.0153630543500185,2.7547712326049805
Energy-force-only EquiformerV2 AD,34886,2511,13,0.0111169768497347,2.022394180297852
Energy-force-only EquiformerV2 AD,21745,2512,15,0.0043114158324897,1.908891558647156
Energy-force-only EquiformerV2 AD,40146,2513,10,0.0062857712619006,4.593329429626465
Energy-force-only EquiformerV2 AD,40654,2514,15,0.0124036250635981,1.291004300117493
Energy-force-only EquiformerV2 AD,24602,2515,14,0.0157219395041465,1.8378984928131104
Energy-force-only EquiformerV2 AD,18242,2516,19,0.1515568494796753,2.4428975582122803
Energy-force-only EquiformerV2 AD,27368,2517,15,0.0059698121622204,1.3356715440750122
Energy-force-only EquiformerV2 AD,33295,2518,15,0.0211981944739818,2.299379825592041
Energy-force-only EquiformerV2 AD,11464,2519,10,0.0123325875028967,2.7916860580444336
Energy-force-only EquiformerV2 AD,38528,2520,16,0.0059454175643622,1.4409090280532837
Energy-force-only EquiformerV2 AD,45584,2521,12,0.0257987845689058,3.1393985748291016
Energy-force-only EquiformerV2 AD,42849,2522,14,0.0212754216045141,1.851994514465332
Energy-force-only EquiformerV2 AD,38070,2523,12,0.0085431830957531,3.271193265914917
Energy-force-only EquiformerV2 AD,41446,2524,9,0.0095471069216728,4.283225059509277
Energy-force-only EquiformerV2 AD,40420,2525,10,0.0112034110352396,4.51267671585083
Energy-force-only EquiformerV2 AD,18634,2526,17,0.0073873004876077,1.4421260356903076
Energy-force-only EquiformerV2 AD,23679,2527,11,0.0058292495086789,3.8759078979492174
Energy-force-only EquiformerV2 AD,50247,2528,14,0.0132269961759448,2.05467176437378
Energy-force-only EquiformerV2 AD,28825,2529,12,0.014314123429358,1.87643039226532
Energy-force-only EquiformerV2 AD,17379,2530,10,0.0289083961397409,3.069275617599488
Energy-force-only EquiformerV2 AD,39821,2531,16,0.0035476635675877,1.5490134954452517
Energy-force-only EquiformerV2 AD,47235,2532,19,0.0093752648681402,1.4388083219528198
Energy-force-only EquiformerV2 AD,47730,2533,16,0.0051051233895123,1.638047218322754
Energy-force-only EquiformerV2 AD,33035,2534,18,0.0054981592111289,1.4699618816375732
Energy-force-only EquiformerV2 AD,41813,2535,14,0.0115762082859873,2.265601634979248
Energy-force-only EquiformerV2 AD,32606,2536,11,0.0373952388763427,2.9720733165740967
Energy-force-only EquiformerV2 AD,46412,2537,13,0.0439717769622802,1.886848211288452
Energy-force-only EquiformerV2 AD,12593,2538,14,0.0079178800806403,2.582610845565796
Energy-force-only EquiformerV2 AD,1718,2539,10,0.025730101391673,3.2413010597229004
Energy-force-only EquiformerV2 AD,29624,2540,18,0.006555694155395,1.7808032035827637
Energy-force-only EquiformerV2 AD,212,2541,15,0.0124141061678528,0.7660267353057861
Energy-force-only EquiformerV2 AD,14816,2542,15,0.0089960396289825,1.9255878925323489
Energy-force-only EquiformerV2 AD,19580,2543,15,0.0072355004958808,1.986794710159301
Energy-force-only EquiformerV2 AD,25213,2544,10,0.0204039402306079,3.9670119285583496
Energy-force-only EquiformerV2 AD,20604,2545,17,0.0107189724221825,1.560202717781067
Energy-force-only EquiformerV2 AD,10235,2546,12,0.0131095182150602,2.4528379440307617
Energy-force-only EquiformerV2 AD,22780,2547,12,0.0059876046143472,3.075361490249634
Energy-force-only EquiformerV2 AD,27793,2548,11,0.0081577356904745,2.9162304401397705
Energy-force-only EquiformerV2 AD,21223,2549,13,0.0425419062376022,2.936282157897949
Energy-force-only EquiformerV2 AD,42939,2550,14,0.1217913851141929,2.701147079467773
Energy-force-only EquiformerV2 AD,34826,2551,11,0.0090934028849005,3.5111067295074463
Energy-force-only EquiformerV2 AD,44400,2552,13,0.0219086799770593,1.95767343044281
Energy-force-only EquiformerV2 AD,16226,2553,16,0.0143899545073509,1.8409603834152224
Energy-force-only EquiformerV2 AD,45470,2554,11,0.2221879661083221,1.5766013860702517
Energy-force-only EquiformerV2 AD,48175,2555,13,0.010470250621438,2.6777265071868896
Energy-force-only EquiformerV2 AD,14171,2556,19,0.0089226458221673,0.7278066277503967
Energy-force-only EquiformerV2 AD,38284,2557,11,0.0386262908577919,2.788278818130493
Energy-force-only EquiformerV2 AD,19611,2558,15,0.0115860654041171,2.3630690574646
Energy-force-only EquiformerV2 AD,39519,2559,12,0.0318677350878715,2.53792142868042
Energy-force-only EquiformerV2 AD,17213,2560,14,0.0286788325756788,1.835778832435608
Energy-force-only EquiformerV2 AD,23919,2561,16,0.0332950502634048,1.158566117286682
Energy-force-only EquiformerV2 AD,21029,2562,13,0.0140225952491164,2.457646131515503
Energy-force-only EquiformerV2 AD,43207,2563,12,0.0448335073888301,2.861581563949585
Energy-force-only EquiformerV2 AD,7261,2564,8,0.0176263265311718,4.09395694732666
Energy-force-only EquiformerV2 AD,35076,2565,14,0.0084867142140865,2.470319986343384
Energy-force-only EquiformerV2 AD,14455,2566,16,0.0070246187970042,1.5977083444595337
Energy-force-only EquiformerV2 AD,15723,2567,18,0.0050955610349774,1.5536078214645386
Energy-force-only EquiformerV2 AD,15091,2568,14,0.0141492374241352,2.036843776702881
Energy-force-only EquiformerV2 AD,40523,2569,16,0.0045003518462181,1.825880646705628
Energy-force-only EquiformerV2 AD,1744,2570,13,0.0097250072285532,2.201101541519165
Energy-force-only EquiformerV2 AD,43135,2571,19,0.0064229546114802,1.5105255842208862
Energy-force-only EquiformerV2 AD,44060,2572,16,0.0131878061220049,1.4721112251281738
Energy-force-only EquiformerV2 AD,23025,2573,14,0.0253782626241445,1.6903228759765625
Energy-force-only EquiformerV2 AD,6326,2574,14,0.0100012505427002,2.2232935428619385
Energy-force-only EquiformerV2 AD,31331,2575,15,0.0071940482594072,2.0602502822875977
Energy-force-only EquiformerV2 AD,25144,2576,13,0.0114357518032193,2.752373218536377
Energy-force-only EquiformerV2 AD,10197,2577,16,0.0113251311704516,1.704187035560608
Energy-force-only EquiformerV2 AD,18789,2578,12,0.0082573862746357,2.335172414779663
Energy-force-only EquiformerV2 AD,38357,2579,14,0.0266730226576328,2.0698082447052
Energy-force-only EquiformerV2 AD,42337,2580,13,0.0096489368006587,2.010847330093384
Energy-force-only EquiformerV2 AD,26426,2581,16,0.0087020033970475,1.3346550464630127
Energy-force-only EquiformerV2 AD,38155,2582,13,0.03348283842206,1.6851797103881836
Energy-force-only EquiformerV2 AD,12603,2583,11,0.0057806549593806,2.301342248916626
Energy-force-only EquiformerV2 AD,7626,2584,19,0.0049464325420558,1.4039942026138306
Energy-force-only EquiformerV2 AD,7926,2585,11,0.0061499150469899,3.8695027828216553
Energy-force-only EquiformerV2 AD,24675,2586,14,0.0227187983691692,2.244973659515381
Energy-force-only EquiformerV2 AD,32277,2587,16,0.0196774378418922,1.7362838983535769
Energy-force-only EquiformerV2 AD,14989,2588,12,0.0077876085415482,2.584641456604004
Energy-force-only EquiformerV2 AD,44099,2589,8,0.0525269918143749,2.490540266036988
Energy-force-only EquiformerV2 AD,44587,2590,17,0.0176830887794494,1.1820063591003418
Energy-force-only EquiformerV2 AD,1450,2591,10,0.0085220914334058,2.8211352825164795
Energy-force-only EquiformerV2 AD,42242,2592,14,0.0143437441438436,2.365562915802002
Energy-force-only EquiformerV2 AD,4297,2593,14,0.0084424847736954,2.6507887840271
Energy-force-only EquiformerV2 AD,7034,2594,16,0.0073628416284918,1.77008056640625
Energy-force-only EquiformerV2 AD,43555,2595,11,0.0091633545234799,3.369502782821656
Energy-force-only EquiformerV2 AD,7518,2596,11,0.011990918777883,3.85905385017395
Energy-force-only EquiformerV2 AD,7971,2597,12,0.0258662886917591,2.2303271293640137
Energy-force-only EquiformerV2 AD,5280,2598,11,0.0293633546680212,4.086761951446533
Energy-force-only EquiformerV2 AD,16484,2599,13,0.0049605090171098,2.7573347091674805
Energy-force-only EquiformerV2 AD,50161,2600,21,0.0105616506189107,1.2877970933914185
Energy-force-only EquiformerV2 AD,33692,2601,17,0.0076983608305454,1.5730292797088623
Energy-force-only EquiformerV2 AD,32867,2602,14,0.0105010485276579,1.6832281351089478
Energy-force-only EquiformerV2 AD,12946,2603,15,0.0081857237964868,2.2722649574279785
Energy-force-only EquiformerV2 AD,11074,2604,15,0.0148412734270095,2.412693977355957
Energy-force-only EquiformerV2 AD,30856,2605,15,0.0172326974570751,1.3292250633239746
Energy-force-only EquiformerV2 AD,22275,2606,14,0.0271412618458271,1.229353666305542
Energy-force-only EquiformerV2 AD,2855,2607,12,0.0289815608412027,2.4137885570526123
Energy-force-only EquiformerV2 AD,14477,2608,12,0.0257259774953126,2.150230407714844
Energy-force-only EquiformerV2 AD,38884,2609,14,0.0147798173129558,1.3722255229949951
Energy-force-only EquiformerV2 AD,46853,2610,13,0.0375378392636776,2.838428497314453
Energy-force-only EquiformerV2 AD,50669,2611,13,0.0115642491728067,2.63974928855896
Energy-force-only EquiformerV2 AD,6213,2612,14,0.0052024172618985,2.001957654953003
Energy-force-only EquiformerV2 AD,18907,2613,16,0.0045483633875846,1.673981547355652
Energy-force-only EquiformerV2 AD,17665,2614,17,0.0090920543298125,1.562025785446167
Energy-force-only EquiformerV2 AD,33196,2615,15,0.0101443193852901,2.360021114349365
Energy-force-only EquiformerV2 AD,45889,2616,15,0.0044694487005472,1.9889981746673584
Energy-force-only EquiformerV2 AD,5229,2617,15,0.0164715927094221,2.1707851886749268
Energy-force-only EquiformerV2 AD,33702,2618,13,0.0094914762303233,2.225616455078125
Energy-force-only EquiformerV2 AD,3412,2619,14,0.0062356796115636,2.5817313194274902
Energy-force-only EquiformerV2 AD,15010,2620,9,0.0045633451081812,4.116425037384033
Energy-force-only EquiformerV2 AD,38734,2621,12,0.015737660229206,3.1125471591949463
Energy-force-only EquiformerV2 AD,13941,2622,10,0.0191714745014905,2.804044008255005
Energy-force-only EquiformerV2 AD,48640,2623,15,0.0411286912858486,1.738643765449524
Energy-force-only EquiformerV2 AD,1163,2624,18,0.0186782106757164,1.4283063411712646
Energy-force-only EquiformerV2 AD,23152,2625,12,0.0213912464678287,3.218791484832764
Energy-force-only EquiformerV2 AD,47637,2626,19,0.0050674476660788,1.2794456481933594
Energy-force-only EquiformerV2 AD,26876,2627,15,0.0332239083945751,2.031471967697144
Energy-force-only EquiformerV2 AD,24021,2628,14,0.0064789000898599,2.3415513038635254
Energy-force-only EquiformerV2 AD,34697,2629,10,0.0188381951302289,2.8250603675842285
Energy-force-only EquiformerV2 AD,39164,2630,14,0.0039506205357611,2.1212916374206543
Energy-force-only EquiformerV2 AD,27007,2631,16,0.0047118160873651,1.6998697519302368
Energy-force-only EquiformerV2 AD,31320,2632,9,0.0168758071959018,4.717623233795166
Energy-force-only EquiformerV2 AD,12334,2633,12,0.0086275590583682,2.7970337867736816
Energy-force-only EquiformerV2 AD,20739,2634,12,0.0059267482720315,2.787958860397339
Energy-force-only EquiformerV2 AD,39621,2635,17,0.0064089451916515,1.6611769199371338
Energy-force-only EquiformerV2 AD,32150,2636,14,0.0033404473215341,2.1991729736328125
Energy-force-only EquiformerV2 AD,1794,2637,15,0.007483618799597,2.0277116298675537
Energy-force-only EquiformerV2 AD,9205,2638,10,0.0382000096142292,4.029693603515625
Energy-force-only EquiformerV2 AD,46939,2639,13,0.0165999326854944,2.008359670639038
Energy-force-only EquiformerV2 AD,43686,2640,13,0.0142605733126401,2.575247287750244
Energy-force-only EquiformerV2 AD,16682,2641,15,0.0067404443398118,1.9625368118286133
Energy-force-only EquiformerV2 AD,50392,2642,10,0.0647125318646431,2.742302656173706
Energy-force-only EquiformerV2 AD,18057,2643,14,0.0445071645081043,1.8387662172317505
Energy-force-only EquiformerV2 AD,12144,2644,16,0.0193766001611948,2.73098087310791
Energy-force-only EquiformerV2 AD,11771,2645,10,0.0274869333952665,3.86318039894104
Energy-force-only EquiformerV2 AD,19835,2646,15,0.0256553553044796,2.411536693572998
Energy-force-only EquiformerV2 AD,33926,2647,13,0.0218740757554769,1.803611159324646
Energy-force-only EquiformerV2 AD,43266,2648,17,0.0176714938133955,1.2785649299621582
Energy-force-only EquiformerV2 AD,2815,2649,18,0.0598958022892475,0.8259584307670593
Energy-force-only EquiformerV2 AD,30575,2650,10,0.0781387612223625,1.4004647731781006
Energy-force-only EquiformerV2 AD,15213,2651,13,0.0088214967399835,2.4940006732940674
Energy-force-only EquiformerV2 AD,1890,2652,12,0.009521160274744,2.8395349979400635
Energy-force-only EquiformerV2 AD,7038,2653,15,0.0068990555591881,1.8780789375305176
Energy-force-only EquiformerV2 AD,23344,2654,11,0.0105570703744888,3.535390853881836
Energy-force-only EquiformerV2 AD,33281,2655,14,0.0048729111440479,1.8965610265731807
Energy-force-only EquiformerV2 AD,13550,2656,10,0.0327062979340553,1.7540031671524048
Energy-force-only EquiformerV2 AD,32447,2657,14,0.0107413828372955,1.9661272764205933
Energy-force-only EquiformerV2 AD,37650,2658,12,0.0084180133417248,2.10728406906128
Energy-force-only EquiformerV2 AD,35092,2659,17,0.0110547197982668,1.7079778909683228
Energy-force-only EquiformerV2 AD,18413,2660,13,0.0050292676314711,2.048208713531494
Energy-force-only EquiformerV2 AD,28357,2661,14,0.0159152913838624,2.2861204147338867
Energy-force-only EquiformerV2 AD,2755,2662,16,0.0098288729786872,2.157383441925049
Energy-force-only EquiformerV2 AD,21804,2663,19,0.006689625326544,1.4651095867156982
Energy-force-only EquiformerV2 AD,22617,2664,10,0.0157497599720954,3.6031136512756334
Energy-force-only EquiformerV2 AD,28389,2665,14,0.0064722341485321,1.910762906074524
Energy-force-only EquiformerV2 AD,6127,2666,12,0.0167972575873136,2.25038480758667
Energy-force-only EquiformerV2 AD,42761,2667,12,0.0052843829616904,3.20686936378479
Energy-force-only EquiformerV2 AD,20308,2668,12,0.0153400171548128,2.509342193603516
Energy-force-only EquiformerV2 AD,18624,2669,19,0.0319002866744995,1.116674304008484
Energy-force-only EquiformerV2 AD,49878,2670,15,0.0086837084963917,2.0316903591156006
Energy-force-only EquiformerV2 AD,34934,2671,14,0.0059250267222523,2.083500385284424
Energy-force-only EquiformerV2 AD,296,2672,15,0.0144578469917178,2.026685953140259
Energy-force-only EquiformerV2 AD,8722,2673,15,0.0081516057252883,1.7422395944595337
Energy-force-only EquiformerV2 AD,50224,2674,15,0.0166215468198061,2.014604330062866
Energy-force-only EquiformerV2 AD,13965,2675,17,0.008469546213746,1.696998119354248
Energy-force-only EquiformerV2 AD,35080,2676,14,0.0064256964251399,2.122096061706543
Energy-force-only EquiformerV2 AD,49837,2677,8,0.0230770856142044,4.327596187591553
Energy-force-only EquiformerV2 AD,16518,2678,13,0.0089482422918081,2.20580792427063
Energy-force-only EquiformerV2 AD,25496,2679,16,0.0119908396154642,2.195273160934448
Energy-force-only EquiformerV2 AD,29840,2680,10,0.0542025119066238,2.806753873825073
Energy-force-only EquiformerV2 AD,45910,2681,15,0.0329701863229274,2.5183334350585938
Energy-force-only EquiformerV2 AD,29847,2682,16,0.019716877490282,2.2693874835968018
Energy-force-only EquiformerV2 AD,1255,2683,11,0.0122742215171456,3.462538957595825
Energy-force-only EquiformerV2 AD,31417,2684,15,0.0064629237167537,1.7351585626602173
Energy-force-only EquiformerV2 AD,19814,2685,15,0.0219837483018636,1.858430027961731
Energy-force-only EquiformerV2 AD,27460,2686,19,0.0065515073947608,1.3280845880508425
Energy-force-only EquiformerV2 AD,23623,2687,11,0.0831135585904121,2.775362253189087
Energy-force-only EquiformerV2 AD,49468,2688,18,0.0133706554770469,1.261193871498108
Energy-force-only EquiformerV2 AD,3617,2689,13,0.0172266755253076,2.7332029342651367
Energy-force-only EquiformerV2 AD,38345,2690,13,0.0116039151325821,1.809722065925598
Energy-force-only EquiformerV2 AD,123,2691,15,0.0146933598443865,1.551518201828003
Energy-force-only EquiformerV2 AD,4039,2692,17,0.0075259152799844,1.539772629737854
Energy-force-only EquiformerV2 AD,35951,2693,13,0.0211795195937156,2.230617046356201
Energy-force-only EquiformerV2 AD,29633,2694,12,0.0628134831786155,1.9232336282730105
Energy-force-only EquiformerV2 AD,11866,2695,11,0.0116870319470763,3.844559669494629
Energy-force-only EquiformerV2 AD,38327,2696,14,0.0211929231882095,1.7320340871810913
Energy-force-only EquiformerV2 AD,42982,2697,17,0.0087814172729849,1.7156890630722046
Energy-force-only EquiformerV2 AD,3981,2698,14,0.0154650611802935,1.474744439125061
Energy-force-only EquiformerV2 AD,16953,2699,12,0.0293685533106327,1.976742386817932
Energy-force-only EquiformerV2 AD,32508,2700,16,0.0217923782765865,1.661828637123108
Energy-force-only EquiformerV2 AD,49021,2701,11,0.0159258414059877,2.5474421977996826
Energy-force-only EquiformerV2 AD,15777,2702,17,0.0042361905798316,1.7237824201583862
Energy-force-only EquiformerV2 AD,24775,2703,13,0.0109700905159115,2.124253988265991
Energy-force-only EquiformerV2 AD,27107,2704,12,0.0174123328179121,3.546302318572998
Energy-force-only EquiformerV2 AD,30432,2705,16,0.0108386762440204,0.901729702949524
Energy-force-only EquiformerV2 AD,46942,2706,15,0.0067740348167717,1.3979500532150269
Energy-force-only EquiformerV2 AD,20819,2707,12,0.0162284132093191,2.435197591781616
Energy-force-only EquiformerV2 AD,20379,2708,15,0.0341543741524219,2.177696704864502
Energy-force-only EquiformerV2 AD,37504,2709,14,0.0426616445183754,0.9200425744056702
Energy-force-only EquiformerV2 AD,3645,2710,15,0.0175216253846883,1.8372420072555544
Energy-force-only EquiformerV2 AD,32306,2711,7,0.0185129716992378,3.5609209537506104
Energy-force-only EquiformerV2 AD,22633,2712,15,0.1102415099740028,2.016508102416992
Energy-force-only EquiformerV2 AD,21767,2713,17,0.0172532759606838,1.0580792427062988
Energy-force-only EquiformerV2 AD,3997,2714,14,0.0192127842456102,1.5847619771957395
Energy-force-only EquiformerV2 AD,10093,2715,9,0.0076000029221177,4.296911239624023
Energy-force-only EquiformerV2 AD,14917,2716,14,0.0116764428094029,2.295438766479492
Energy-force-only EquiformerV2 AD,18283,2717,14,0.0095678064972162,1.8691277503967283
Energy-force-only EquiformerV2 AD,43278,2718,12,0.029806600883603,2.389219045639038
Energy-force-only EquiformerV2 AD,46132,2719,14,0.2658289670944214,1.8596479892730715
Energy-force-only EquiformerV2 AD,28637,2720,14,0.0208248179405927,2.225574254989624
Energy-force-only EquiformerV2 AD,10027,2721,12,0.0325260162353515,2.056572198867798
Energy-force-only EquiformerV2 AD,48211,2722,14,0.0094277132302522,2.721915006637573
Energy-force-only EquiformerV2 AD,36330,2723,14,0.0098676001653075,1.6028211116790771
Energy-force-only EquiformerV2 AD,7464,2724,11,0.0649570301175117,2.8593015670776367
Energy-force-only EquiformerV2 AD,9831,2725,10,0.0262561663985252,3.693273782730103
Energy-force-only EquiformerV2 AD,25301,2726,12,0.0139909153804183,2.248088121414185
Energy-force-only EquiformerV2 AD,1244,2727,17,0.0046311705373227,1.5394943952560425
Energy-force-only EquiformerV2 AD,36266,2728,17,0.0091726751998066,1.3507565259933472
Energy-force-only EquiformerV2 AD,45652,2729,15,0.0404955931007862,0.940345287322998
Energy-force-only EquiformerV2 AD,30796,2730,13,0.0125031564384698,2.5184972286224365
Energy-force-only EquiformerV2 AD,14508,2731,10,0.0600005537271499,3.507545232772827
Energy-force-only EquiformerV2 AD,42627,2732,9,0.0612585507333278,4.371532440185547
Energy-force-only EquiformerV2 AD,44486,2733,14,0.0319610834121704,2.651312351226806
Energy-force-only EquiformerV2 AD,44957,2734,15,0.0169189777225255,1.7575750350952148
Energy-force-only EquiformerV2 AD,7269,2735,10,0.0099132964387536,3.2815253734588623
Energy-force-only EquiformerV2 AD,35386,2736,11,0.0148712713271379,2.6349575519561768
Energy-force-only EquiformerV2 AD,45138,2737,12,0.0295781139284372,2.0910754203796387
Energy-force-only EquiformerV2 AD,11501,2738,16,0.0046125929802656,2.2131755352020264
Energy-force-only EquiformerV2 AD,8079,2739,13,0.0174293145537376,2.199947118759156
Energy-force-only EquiformerV2 AD,4873,2740,16,0.0051554976962506,1.9223401546478271
Energy-force-only EquiformerV2 AD,42071,2741,18,0.0150724640116095,0.7449203729629517
Energy-force-only EquiformerV2 AD,12626,2742,15,0.0027518195565789,2.2458174228668213
Energy-force-only EquiformerV2 AD,41328,2743,17,0.014364443719387,1.2024130821228027
Energy-force-only EquiformerV2 AD,9780,2744,12,0.0204133801162242,1.5985796451568604
Energy-force-only EquiformerV2 AD,10663,2745,15,0.0063891895115375,2.4652223587036133
Energy-force-only EquiformerV2 AD,28154,2746,13,0.0134754152968525,1.3899383544921875
Energy-force-only EquiformerV2 AD,3109,2747,16,0.0208431910723447,1.2982052564620972
Energy-force-only EquiformerV2 AD,36761,2748,12,0.0189439170062541,2.7556686401367188
Energy-force-only EquiformerV2 AD,1649,2749,19,0.0030910696368664,1.445741057395935
Energy-force-only EquiformerV2 AD,7579,2750,11,0.0067153014242649,2.2036280632019043
Energy-force-only EquiformerV2 AD,30041,2751,10,0.010610875673592,3.361459732055664
Energy-force-only EquiformerV2 AD,3506,2752,17,0.0585607141256332,3.4021425247192383
Energy-force-only EquiformerV2 AD,5163,2753,11,0.0136312339454889,3.856355667114258
Energy-force-only EquiformerV2 AD,44437,2754,12,0.022486550733447,1.8096895217895508
Energy-force-only EquiformerV2 AD,13132,2755,14,0.0206259172409772,2.0632002353668213
Energy-force-only EquiformerV2 AD,42940,2756,19,0.0068393973633646,1.2817505598068235
Energy-force-only EquiformerV2 AD,6559,2757,12,0.0055789533071219,3.310635805130005
Energy-force-only EquiformerV2 AD,24625,2758,13,0.020301790907979,0.9457130432128906
Energy-force-only EquiformerV2 AD,40641,2759,17,0.0082439919933676,1.6554328203201294
Energy-force-only EquiformerV2 AD,17525,2760,16,0.00846344884485,1.702038049697876
Energy-force-only EquiformerV2 AD,16027,2761,17,0.0513146221637725,1.825814843177796
Energy-force-only EquiformerV2 AD,36682,2762,19,0.0060867466963827,0.981998324394226
Energy-force-only EquiformerV2 AD,25928,2763,18,0.0093618454411625,1.2931495904922483
Energy-force-only EquiformerV2 AD,13236,2764,13,0.0043801963329315,2.6716630458831787
Energy-force-only EquiformerV2 AD,19959,2765,12,0.0148331047967076,2.4590837955474854
Energy-force-only EquiformerV2 AD,2046,2766,12,0.0455728992819786,2.746147632598877
Energy-force-only EquiformerV2 AD,19753,2767,15,0.0118034509941935,2.556250810623169
Energy-force-only EquiformerV2 AD,46348,2768,7,0.0172209553420543,5.354997158050537
Energy-force-only EquiformerV2 AD,39603,2769,8,0.0943930000066757,3.8345117568969727
Energy-force-only EquiformerV2 AD,37624,2770,12,0.0056455004960298,2.688886404037476
Energy-force-only EquiformerV2 AD,18153,2771,11,0.0150019684806466,2.920449733734131
Energy-force-only EquiformerV2 AD,28979,2772,12,0.0275000222027301,1.222437858581543
Energy-force-only EquiformerV2 AD,45812,2773,14,0.008542257361114,2.3657517433166504
Energy-force-only EquiformerV2 AD,18367,2774,14,0.0216740109026432,1.5953216552734375
Energy-force-only EquiformerV2 AD,30085,2775,11,0.0524586774408817,3.5419960021972656
Energy-force-only EquiformerV2 AD,19912,2776,14,0.0446768067777156,2.1831510066986084
Energy-force-only EquiformerV2 AD,18686,2777,11,0.1288190931081771,3.229399442672729
Energy-force-only EquiformerV2 AD,33856,2778,12,0.0078706545755267,3.3978421688079834
Energy-force-only EquiformerV2 AD,45136,2779,16,0.0192962568253278,1.4948266744613647
Energy-force-only EquiformerV2 AD,17830,2780,16,0.0045651197433471,1.8757261037826536
Energy-force-only EquiformerV2 AD,19871,2781,11,0.0058876331895589,2.863281011581421
Energy-force-only EquiformerV2 AD,45742,2782,14,0.024919444695115,1.8095451593399048
Energy-force-only EquiformerV2 AD,25467,2783,14,0.0116412537172436,2.0747323036193848
Energy-force-only EquiformerV2 AD,37237,2784,13,0.0205475725233554,2.261462688446045
Energy-force-only EquiformerV2 AD,9087,2785,13,0.0186367854475975,1.63939106464386
Energy-force-only EquiformerV2 AD,2586,2786,15,0.0092983832582831,2.3799407482147217
Energy-force-only EquiformerV2 AD,17651,2787,11,0.0075490530580282,2.685084581375122
Energy-force-only EquiformerV2 AD,21733,2788,15,0.0258243437856435,2.0177996158599854
Energy-force-only EquiformerV2 AD,26171,2789,9,0.0681477114558219,5.199733257293701
Energy-force-only EquiformerV2 AD,45281,2790,12,0.0059206583537161,2.052963256835937
Energy-force-only EquiformerV2 AD,36048,2791,10,0.0354864597320556,2.6102306842803955
Energy-force-only EquiformerV2 AD,23924,2792,11,0.0186091307550668,2.333167314529419
Energy-force-only EquiformerV2 AD,49692,2793,10,0.1221707016229629,4.00631856918335
Energy-force-only EquiformerV2 AD,22911,2794,12,0.0689493343234062,1.8782981634140008
Energy-force-only EquiformerV2 AD,20029,2795,17,0.0055580958724021,1.4644514322280884
Energy-force-only EquiformerV2 AD,4342,2796,10,0.0085528744384646,3.182592391967773
Energy-force-only EquiformerV2 AD,39954,2797,15,0.0056306086480617,1.6549055576324463
Energy-force-only EquiformerV2 AD,669,2798,16,0.0734398663043975,1.7738085985183716
Energy-force-only EquiformerV2 AD,33553,2799,14,0.1025791615247726,2.687613010406494
Energy-force-only EquiformerV2 AD,49343,2800,15,0.0109543660655617,1.872979760169983
Energy-force-only EquiformerV2 AD,24042,2801,14,0.0062299016863107,2.191807746887207
Energy-force-only EquiformerV2 AD,12491,2802,16,0.0080900946632027,1.4047304391860962
Energy-force-only EquiformerV2 AD,25051,2803,11,0.0507572069764137,3.325279951095581
Energy-force-only EquiformerV2 AD,30268,2804,13,0.0047966334968805,2.033488750457764
Energy-force-only EquiformerV2 AD,33993,2805,14,0.0141278747469186,0.990102469921112
Energy-force-only EquiformerV2 AD,3450,2806,16,0.0124320015311241,1.4179948568344116
Energy-force-only EquiformerV2 AD,15186,2807,16,0.034973956644535,2.6101553440093994
Energy-force-only EquiformerV2 AD,36896,2808,15,0.0034610908478498,1.9244078397750848
Energy-force-only EquiformerV2 AD,5471,2809,13,0.0103311287239193,1.9499716758728027
Energy-force-only EquiformerV2 AD,11952,2810,14,0.0140975061804056,2.62106990814209
Energy-force-only EquiformerV2 AD,19834,2811,16,0.0593830943107605,2.378208637237549
Energy-force-only EquiformerV2 AD,39788,2812,15,0.01166832447052,2.1502718925476074
Energy-force-only EquiformerV2 AD,7512,2813,17,0.0246338341385126,1.3265289068222046
Energy-force-only EquiformerV2 AD,8419,2814,15,0.014823512174189,1.502456784248352
Energy-force-only EquiformerV2 AD,15994,2815,19,0.0176873002201318,1.652121901512146
Energy-force-only EquiformerV2 AD,6979,2816,12,0.0233581326901912,2.458357095718384
Energy-force-only EquiformerV2 AD,78,2817,10,0.010480185970664,2.407074213027954
Energy-force-only EquiformerV2 AD,28694,2818,12,0.0512911081314086,1.721111536026001
Energy-force-only EquiformerV2 AD,29061,2819,16,0.0298060700297355,1.8903604745864868
Energy-force-only EquiformerV2 AD,10263,2820,16,0.0054796021431684,1.5846006870269775
Energy-force-only EquiformerV2 AD,42189,2821,13,0.005072521045804,2.20670223236084
Energy-force-only EquiformerV2 AD,41756,2822,12,0.0146296070888638,2.6119954586029053
Energy-force-only EquiformerV2 AD,37973,2823,17,0.0277536921203136,1.0720981359481812
Energy-force-only EquiformerV2 AD,38049,2824,13,0.0101914843544363,2.180239677429199
Energy-force-only EquiformerV2 AD,44130,2825,16,0.0078571392223238,1.6892982721328735
Energy-force-only EquiformerV2 AD,9095,2826,11,0.0069330031983554,2.5394067764282227
Energy-force-only EquiformerV2 AD,19436,2827,13,0.007460250519216,2.021369218826294
Energy-force-only EquiformerV2 AD,22410,2828,15,0.040566585958004,1.3858271837234497
Energy-force-only EquiformerV2 AD,40403,2829,12,0.0161847379058599,3.19240140914917
Energy-force-only EquiformerV2 AD,32731,2830,14,0.0176491234451532,2.445278644561768
Energy-force-only EquiformerV2 AD,26968,2831,17,0.005462524946779,1.6419144868850708
Energy-force-only EquiformerV2 AD,27832,2832,14,0.0087295984849333,3.0317516326904297
Energy-force-only EquiformerV2 AD,20858,2833,15,0.0040030367672443,1.8416693210601809
Energy-force-only EquiformerV2 AD,47706,2834,15,0.0072665978223085,1.716619849205017
Energy-force-only EquiformerV2 AD,10111,2835,15,0.0079233292490243,2.208479404449463
Energy-force-only EquiformerV2 AD,19233,2836,16,0.0090035945177078,1.3589515686035156
Energy-force-only EquiformerV2 AD,37025,2837,13,0.0160037409514188,1.899460196495056
Energy-force-only EquiformerV2 AD,16208,2838,9,0.0930428132414817,3.72188138961792
Energy-force-only EquiformerV2 AD,50583,2839,16,0.0074942125938832,1.6899352073669434
Energy-force-only EquiformerV2 AD,41828,2840,16,0.0236734934151172,1.109628677368164
Energy-force-only EquiformerV2 AD,19688,2841,14,0.0084124077111482,2.734653949737549
Energy-force-only EquiformerV2 AD,36986,2842,13,0.0295108687132596,2.397632837295532
Energy-force-only EquiformerV2 AD,20083,2843,17,0.0091527923941612,1.490315079689026
Energy-force-only EquiformerV2 AD,44905,2844,13,0.0083422344177961,2.584368705749512
Energy-force-only EquiformerV2 AD,6709,2845,18,0.0039289211854338,1.4585468769073486
Energy-force-only EquiformerV2 AD,6587,2846,13,0.0049657709896564,2.07311487197876
Energy-force-only EquiformerV2 AD,7271,2847,12,0.0184913240373134,1.9742255210876465
Energy-force-only EquiformerV2 AD,28120,2848,15,0.0097856801003217,1.7803040742874146
Energy-force-only EquiformerV2 AD,47826,2849,12,0.0841559842228889,1.6700670719146729
Energy-force-only EquiformerV2 AD,10297,2850,12,0.0159684028476476,2.8398048877716064
Energy-force-only EquiformerV2 AD,17585,2851,10,0.0044820765033364,4.039846420288086
Energy-force-only EquiformerV2 AD,7454,2852,14,0.0165442358702421,1.564844846725464
Energy-force-only EquiformerV2 AD,22477,2853,13,0.067476712167263,1.8368031978607176
Energy-force-only EquiformerV2 AD,23175,2854,16,0.0091281523928046,1.6906887292861938
Energy-force-only EquiformerV2 AD,44572,2855,10,0.0194902345538139,3.015354871749878
Energy-force-only EquiformerV2 AD,40485,2856,9,0.0138301150873303,4.07099723815918
Energy-force-only EquiformerV2 AD,46083,2857,14,0.0049148704856634,1.873725652694702
Energy-force-only EquiformerV2 AD,35102,2858,17,0.0059826890937983,1.4890663623809814
Energy-force-only EquiformerV2 AD,40750,2859,12,0.1663758754730224,4.07213306427002
Energy-force-only EquiformerV2 AD,2938,2860,19,0.0075229262001812,1.470606565475464
Energy-force-only EquiformerV2 AD,35959,2861,12,0.0168181862682104,2.837041139602661
Energy-force-only EquiformerV2 AD,5676,2862,19,0.0049408534541726,1.352481722831726
Energy-force-only EquiformerV2 AD,7683,2863,9,0.0314415581524372,3.5061795711517334
Energy-force-only EquiformerV2 AD,26125,2864,15,0.0096960309892892,2.309673547744751
Energy-force-only EquiformerV2 AD,28524,2865,14,0.0131848799064755,2.1380839347839355
Energy-force-only EquiformerV2 AD,20371,2866,13,0.0037345478776842,2.4216301441192627
Energy-force-only EquiformerV2 AD,17569,2867,11,0.0095066037029027,3.010673761367798
Energy-force-only EquiformerV2 AD,4503,2868,16,0.005592924542725,1.360021710395813
Energy-force-only EquiformerV2 AD,3996,2869,11,0.016095420345664,1.8674908876419067
Energy-force-only EquiformerV2 AD,24243,2870,14,0.0063670082017779,2.0808260440826416
Energy-force-only EquiformerV2 AD,40775,2871,10,0.0208091661334037,2.955951452255249
Energy-force-only EquiformerV2 AD,11840,2872,18,0.0105982134118676,0.8685075044631958
Energy-force-only EquiformerV2 AD,37299,2873,13,0.06043491512537,3.090054035186768
Energy-force-only EquiformerV2 AD,1063,2874,14,0.0285564493387937,1.4485228061676023
Energy-force-only EquiformerV2 AD,50713,2875,16,0.0121836736798286,2.2602343559265137
Energy-force-only EquiformerV2 AD,31173,2876,14,0.0180156882852315,1.222353219985962
Energy-force-only EquiformerV2 AD,41327,2877,14,0.0156161077320575,1.6994484663009644
Energy-force-only EquiformerV2 AD,23372,2878,11,0.0281096212565898,3.5206782817840576
Energy-force-only EquiformerV2 AD,2641,2879,18,0.0080803325399756,1.588716983795166
Energy-force-only EquiformerV2 AD,22045,2880,13,0.0757477879524231,2.33329176902771
Energy-force-only EquiformerV2 AD,12095,2881,16,0.0189173500984907,1.6842914819717407
Energy-force-only EquiformerV2 AD,38866,2882,15,0.0241508278995752,1.793330430984497
Energy-force-only EquiformerV2 AD,35971,2883,16,0.0064947879873216,2.035024642944336
Energy-force-only EquiformerV2 AD,32307,2884,16,0.0086567793041467,1.7900314331054688
Energy-force-only EquiformerV2 AD,14890,2885,15,0.0070132547989487,1.451343059539795
Energy-force-only EquiformerV2 AD,44669,2886,12,0.0341998413205146,3.216527223587036
Energy-force-only EquiformerV2 AD,3249,2887,15,0.0116566978394985,1.6598507165908811
Energy-force-only EquiformerV2 AD,18496,2888,9,0.031028639525175,3.208935499191284
Energy-force-only EquiformerV2 AD,36594,2889,9,0.009522090665996,3.675885677337648
Energy-force-only EquiformerV2 AD,17291,2890,8,0.0059747486375272,4.70554256439209
Energy-force-only EquiformerV2 AD,42759,2891,12,0.0089322393760085,1.968857765197754
Energy-force-only EquiformerV2 AD,10461,2892,16,0.008117688819766,1.7808219194412231
Energy-force-only EquiformerV2 AD,20011,2893,18,0.0391757301986217,1.4519596099853516
Energy-force-only EquiformerV2 AD,26194,2894,13,0.1636427044868469,2.433903694152832
Energy-force-only EquiformerV2 AD,30870,2895,16,0.0093321073800325,1.8631463050842283
Energy-force-only EquiformerV2 AD,18017,2896,15,0.0071724681183695,1.92580246925354
Energy-force-only EquiformerV2 AD,28243,2897,13,0.0312702432274818,1.44305682182312
Energy-force-only EquiformerV2 AD,43859,2898,14,0.0117335310205817,2.054715394973755
Energy-force-only EquiformerV2 AD,7815,2899,13,0.0100937681272625,1.966416835784912
Energy-force-only EquiformerV2 AD,22389,2900,16,0.0297501292079687,1.131961464881897
Energy-force-only EquiformerV2 AD,46173,2901,16,0.0101230526342988,1.918031454086304
Energy-force-only EquiformerV2 AD,46882,2902,12,0.0231940317898988,2.4266774654388428
Energy-force-only EquiformerV2 AD,9047,2903,10,0.0212102923542261,1.8012752532958984
Energy-force-only EquiformerV2 AD,32075,2904,14,0.0221945848315954,1.8791097402572632
Energy-force-only EquiformerV2 AD,18757,2905,11,0.0119866132736206,2.1920204162597656
Energy-force-only EquiformerV2 AD,18715,2906,19,0.0056439535692334,1.2699123620986938
Energy-force-only EquiformerV2 AD,18387,2907,14,0.0130394343286752,2.1821980476379395
Energy-force-only EquiformerV2 AD,32551,2908,11,0.0253721475601196,3.3442068099975586
Energy-force-only EquiformerV2 AD,32589,2909,12,0.0261844303458929,2.500840425491333
Energy-force-only EquiformerV2 AD,30417,2910,12,0.127265378832817,2.205045461654663
Energy-force-only EquiformerV2 AD,29703,2911,20,0.0337487943470478,1.114350199699402
Energy-force-only EquiformerV2 AD,19121,2912,7,0.0111490003764629,6.337920665740967
Energy-force-only EquiformerV2 AD,14068,2913,11,0.0142339020967483,3.2328991889953613
Energy-force-only EquiformerV2 AD,41232,2914,14,0.0306386221200227,1.8825576305389404
Energy-force-only EquiformerV2 AD,14542,2915,12,0.0245183669030666,2.931226968765259
Energy-force-only EquiformerV2 AD,16174,2916,15,0.0047260830178856,1.973050832748413
Energy-force-only EquiformerV2 AD,18879,2917,12,0.0201994124799966,1.6594988107681274
Energy-force-only EquiformerV2 AD,7931,2918,14,0.0225037988275289,2.0067906379699707
Energy-force-only EquiformerV2 AD,6384,2919,13,0.0056719677522778,2.6267518997192383
Energy-force-only EquiformerV2 AD,16308,2920,13,0.0133855249732732,2.079216957092285
Energy-force-only EquiformerV2 AD,26443,2921,12,0.0488864779472351,3.071306705474853
Energy-force-only EquiformerV2 AD,11794,2922,15,0.0086383838206529,1.977780818939209
Energy-force-only EquiformerV2 AD,41313,2923,13,0.0182183813303709,2.0745694637298584
Energy-force-only EquiformerV2 AD,36757,2924,13,0.0088338488712906,2.3385448455810547
Energy-force-only EquiformerV2 AD,30036,2925,13,0.0080022253096103,2.484303474426269
Energy-force-only EquiformerV2 AD,37983,2926,15,0.0064464677125215,2.2990520000457764
Energy-force-only EquiformerV2 AD,26255,2927,15,0.0292345527559518,2.6709673404693604
Energy-force-only EquiformerV2 AD,41081,2928,11,0.0222847927361726,2.987757682800293
Energy-force-only EquiformerV2 AD,21482,2929,13,0.0355191715061664,1.962742686271668
Energy-force-only EquiformerV2 AD,35661,2930,13,0.0309692937880754,3.701686382293701
Energy-force-only EquiformerV2 AD,42454,2931,15,0.0101610990241169,2.103285551071167
Energy-force-only EquiformerV2 AD,34524,2932,13,0.0202911719679832,2.42432713508606
Energy-force-only EquiformerV2 AD,33380,2933,12,0.0184051133692264,2.586963891983032
Energy-force-only EquiformerV2 AD,46224,2934,16,0.0092683490365743,1.2728112936019895
Energy-force-only EquiformerV2 AD,8232,2935,10,0.0192161090672016,4.273891448974609
Energy-force-only EquiformerV2 AD,18315,2936,12,0.0246063359081745,2.4796335697174072
Energy-force-only EquiformerV2 AD,40965,2937,15,0.0167712736874818,1.361540913581848
Energy-force-only EquiformerV2 AD,4546,2938,10,0.0488226898014545,1.516077160835266
Energy-force-only EquiformerV2 AD,13503,2939,13,0.0918701216578483,1.4085828065872192
Energy-force-only EquiformerV2 AD,23592,2940,16,0.0195778682827949,1.7401888370513916
Energy-force-only EquiformerV2 AD,24790,2941,17,0.0201413407921791,1.7454545497894287
Energy-force-only EquiformerV2 AD,1774,2942,12,0.0035787995439022,2.7974531650543213
Energy-force-only EquiformerV2 AD,9742,2943,12,0.0087780524045228,2.8754079341888428
Energy-force-only EquiformerV2 AD,19731,2944,15,0.0085499435663223,2.418031930923462
Energy-force-only EquiformerV2 AD,28415,2945,14,0.0179384723305702,1.970647573471069
Energy-force-only EquiformerV2 AD,44690,2946,15,0.0107502276077866,1.7568944692611694
Energy-force-only EquiformerV2 AD,20025,2947,9,0.026598934084177,3.29709267616272
Energy-force-only EquiformerV2 AD,49465,2948,17,0.0122107472270727,1.5362406969070437
Energy-force-only EquiformerV2 AD,30001,2949,15,0.0473201125860214,2.514214515686035
Energy-force-only EquiformerV2 AD,24601,2950,12,0.0237879045307636,2.277683973312378
Energy-force-only EquiformerV2 AD,31299,2951,21,0.0049726888537406,1.340638279914856
Energy-force-only EquiformerV2 AD,43105,2952,15,0.0034848377108573,2.142942190170288
Energy-force-only EquiformerV2 AD,17099,2953,15,0.0390433073043823,1.415756106376648
Energy-force-only EquiformerV2 AD,40707,2954,14,0.0331876389682292,1.012855887413025
Energy-force-only EquiformerV2 AD,24233,2955,19,0.0146715138107538,1.3142976760864258
Energy-force-only EquiformerV2 AD,8532,2956,12,0.0117873987182974,2.5885040760040283
Energy-force-only EquiformerV2 AD,10932,2957,14,0.0054717315360903,1.5776160955429075
Energy-force-only EquiformerV2 AD,8792,2958,17,0.0063225207850337,1.4886412620544434
Energy-force-only EquiformerV2 AD,33125,2959,20,0.0107379201799631,1.1898417472839355
Energy-force-only EquiformerV2 AD,43350,2960,12,0.0127430437132716,3.0740833282470703
Energy-force-only EquiformerV2 AD,37425,2961,17,0.0499539785087108,1.6364628076553345
Energy-force-only EquiformerV2 AD,33213,2962,14,0.0150030329823493,1.4583922624588013
Energy-force-only EquiformerV2 AD,23651,2963,12,0.0423927791416645,2.993781328201294
Energy-force-only EquiformerV2 AD,10873,2964,19,0.0125188343226909,1.1578787565231323
Energy-force-only EquiformerV2 AD,50507,2965,12,0.1315508484840393,1.795573115348816
Energy-force-only EquiformerV2 AD,31190,2966,14,0.0108848391100764,2.121166467666626
Energy-force-only EquiformerV2 AD,28945,2967,10,0.0325146466493606,3.7305052280426025
Energy-force-only EquiformerV2 AD,35118,2968,15,0.023812374100089,1.5636574029922483
Energy-force-only EquiformerV2 AD,20046,2969,17,0.0071649360470473,1.6078506708145142
Energy-force-only EquiformerV2 AD,37645,2970,16,0.0377219878137111,2.159266710281372
Energy-force-only EquiformerV2 AD,30941,2971,11,0.0493867546319961,2.3804032802581787
Energy-force-only EquiformerV2 AD,37218,2972,8,0.2017390727996826,2.885287284851074
Energy-force-only EquiformerV2 AD,27810,2973,14,0.0178204458206892,2.4178895950317383
Energy-force-only EquiformerV2 AD,19630,2974,11,0.0674835890531539,2.8994216918945312
Energy-force-only EquiformerV2 AD,28461,2975,21,0.0079389372840523,0.9939858317375184
Energy-force-only EquiformerV2 AD,25239,2976,17,0.0163109749555587,0.902823269367218
Energy-force-only EquiformerV2 AD,16952,2977,15,0.007459252141416,2.3377184867858887
Energy-force-only EquiformerV2 AD,42258,2978,11,0.0160813089460134,2.45157527923584
Energy-force-only EquiformerV2 AD,10184,2979,13,0.0311468262225389,3.0544118881225586
Energy-force-only EquiformerV2 AD,26092,2980,17,0.0764247477054596,2.2637083530426025
Energy-force-only EquiformerV2 AD,50682,2981,14,0.0045115947723388,2.1789047718048096
Energy-force-only EquiformerV2 AD,17394,2982,13,0.0077357552945613,1.9776126146316528
Energy-force-only EquiformerV2 AD,25452,2983,12,0.05261892080307,3.3296332359313965
Energy-force-only EquiformerV2 AD,13911,2984,15,0.0074697323143482,1.8518019914627075
Energy-force-only EquiformerV2 AD,15074,2985,16,0.0177829675376415,1.4550093412399292
Energy-force-only EquiformerV2 AD,45747,2986,9,0.0303182695060968,3.501042127609253
Energy-force-only EquiformerV2 AD,19911,2987,11,0.0612346790730953,3.522965669631958
Energy-force-only EquiformerV2 AD,9710,2988,12,0.0122730480507016,2.775752782821656
Energy-force-only EquiformerV2 AD,42065,2989,15,0.0128938574343919,2.5011684894561768
Energy-force-only EquiformerV2 AD,7157,2990,19,0.0075940624810755,1.363009333610535
Energy-force-only EquiformerV2 AD,19687,2991,15,0.0129417954012751,1.813737273216248
Energy-force-only EquiformerV2 AD,398,2992,14,0.024832833558321,1.1474405527114868
Energy-force-only EquiformerV2 AD,29278,2993,8,0.0090468507260084,4.73763370513916
Energy-force-only EquiformerV2 AD,39051,2994,13,0.0157747231423854,1.9079210758209229
Energy-force-only EquiformerV2 AD,22147,2995,14,0.0141806779429316,2.200037717819214
Energy-force-only EquiformerV2 AD,32166,2996,14,0.0092234099283814,2.145462989807129
Energy-force-only EquiformerV2 AD,479,2997,19,0.0147442836314439,0.7710315585136414
Energy-force-only EquiformerV2 AD,23475,2998,11,0.1558567434549331,1.9294220209121704
Energy-force-only EquiformerV2 AD,35146,2999,17,0.0135271064937114,1.285383224487305
Energy-force-only EquiformerV2 AD,7567,3000,14,0.0237665902823209,2.058655261993408
Energy-force-only EquiformerV2 AD,3262,3001,14,0.0058234953321516,2.041046619415283
Energy-force-only EquiformerV2 AD,6315,3002,15,0.0109799858182668,1.5829293727874756
Energy-force-only EquiformerV2 AD,21050,3003,14,0.0148888686671853,2.3176889419555664
Energy-force-only EquiformerV2 AD,7152,3004,14,0.00725376047194,2.9282987117767334
Energy-force-only EquiformerV2 AD,33116,3005,13,0.0088258814066648,2.429215431213379
Energy-force-only EquiformerV2 AD,38481,3006,8,0.071602314710617,3.424735307693481
Energy-force-only EquiformerV2 AD,1512,3007,11,0.0078050214797258,3.612234115600586
Energy-force-only EquiformerV2 AD,48903,3008,17,0.0078906156122684,1.299534797668457
Energy-force-only EquiformerV2 AD,29354,3009,12,0.0178927741944789,2.2646429538726807
Energy-force-only EquiformerV2 AD,46089,3010,16,0.0258482545614242,1.607770562171936
Energy-force-only EquiformerV2 AD,3756,3011,14,0.0250999014824628,1.6721540689468384
Energy-force-only EquiformerV2 AD,16320,3012,13,0.0059545538388192,2.6402645111083984
Energy-force-only EquiformerV2 AD,38202,3013,16,0.012802317738533,1.4690133333206177
Energy-force-only EquiformerV2 AD,34047,3014,18,0.0092353532090783,1.6122243404388428
Energy-force-only EquiformerV2 AD,26300,3015,8,0.0683429688215255,1.5084701776504517
Energy-force-only EquiformerV2 AD,4990,3016,14,0.0093958880752325,2.008802652359009
Energy-force-only EquiformerV2 AD,43793,3017,15,0.0220710411667823,2.1109437942504883
Energy-force-only EquiformerV2 AD,31495,3018,12,0.0285239126533269,2.3703315258026123
Energy-force-only EquiformerV2 AD,33701,3019,17,0.0145790819078683,1.2447028160095217
Energy-force-only EquiformerV2 AD,24273,3020,17,0.0328133292496204,0.9084179997444152
Energy-force-only EquiformerV2 AD,34238,3021,16,0.0278040952980518,3.0342018604278564
Energy-force-only EquiformerV2 AD,38253,3022,15,0.0674153715372085,2.8985540866851807
Energy-force-only EquiformerV2 AD,35590,3023,15,0.0157330520451068,1.8773027658462524
Energy-force-only EquiformerV2 AD,33658,3024,17,0.0110834641382098,1.1907049417495728
Energy-force-only EquiformerV2 AD,40102,3025,12,0.0033200555481016,2.393136978149414
Energy-force-only EquiformerV2 AD,33292,3026,13,0.0090362029150128,2.227058172225952
Energy-force-only EquiformerV2 AD,9723,3027,13,0.0230224225670099,2.07731032371521
Energy-force-only EquiformerV2 AD,18722,3028,9,0.0191330462694168,3.157970666885376
Energy-force-only EquiformerV2 AD,5501,3029,14,0.0339568108320236,0.9432191252708436
Energy-force-only EquiformerV2 AD,19618,3030,17,0.0173510387539863,0.996951460838318
Energy-force-only EquiformerV2 AD,24424,3031,18,0.0044680028222501,1.5912213325500488
Energy-force-only EquiformerV2 AD,44222,3032,14,0.0099943540990352,1.855823278427124
Energy-force-only EquiformerV2 AD,15620,3033,17,0.0099285151809453,1.441122055053711
Energy-force-only EquiformerV2 AD,38739,3034,11,0.0133769493550062,3.36928653717041
Energy-force-only EquiformerV2 AD,41191,3035,19,0.0077011752873659,1.3697612285614014
Energy-force-only EquiformerV2 AD,47156,3036,19,0.009443667717278,1.327099084854126
Energy-force-only EquiformerV2 AD,24065,3037,15,0.0286611188203096,2.79071307182312
Energy-force-only EquiformerV2 AD,15572,3038,11,0.0072964071296155,3.216349840164185
Energy-force-only EquiformerV2 AD,13306,3039,11,0.0155132198706269,2.960315227508545
Energy-force-only EquiformerV2 AD,38662,3040,14,0.0397864058613777,2.047985792160034
Energy-force-only EquiformerV2 AD,39001,3041,10,0.0287592764943838,4.060592651367188
Energy-force-only EquiformerV2 AD,14906,3042,9,0.0257807038724422,3.4090805053710938
Energy-force-only EquiformerV2 AD,7288,3043,16,0.0047611156478524,1.6233361959457395
Energy-force-only EquiformerV2 AD,17801,3044,14,0.0078044421970844,2.01826286315918
Energy-force-only EquiformerV2 AD,50376,3045,11,0.0131972162052989,2.9373810291290283
Energy-force-only EquiformerV2 AD,19009,3046,12,0.0193170011043548,2.857992649078369
Energy-force-only EquiformerV2 AD,17898,3047,19,0.0130529999732971,1.3673263788223269
Energy-force-only EquiformerV2 AD,33012,3048,12,0.0405682995915412,3.019165515899658
Energy-force-only EquiformerV2 AD,33232,3049,13,0.0066887722350656,2.2366161346435547
Energy-force-only EquiformerV2 AD,3459,3050,11,0.0050917170010507,3.794356107711792
Energy-force-only EquiformerV2 AD,29296,3051,12,0.0743316188454628,2.5901217460632324
Energy-force-only EquiformerV2 AD,47647,3052,10,0.0066650919616222,3.88739275932312
Energy-force-only EquiformerV2 AD,21799,3053,10,0.0322101339697837,4.155618190765381
Energy-force-only EquiformerV2 AD,34760,3054,19,0.0058661280199885,1.6335678100585938
Energy-force-only EquiformerV2 AD,50105,3055,11,0.0098142633214592,2.732759714126587
Energy-force-only EquiformerV2 AD,17486,3056,16,0.0107888132333755,1.5639675855636597
Energy-force-only EquiformerV2 AD,8770,3057,10,0.0147897703573107,3.461590528488159
Energy-force-only EquiformerV2 AD,21318,3058,15,0.0388357602059841,1.7634012699127195
Energy-force-only EquiformerV2 AD,41236,3059,10,0.0144484546035528,4.540972709655762
Energy-force-only EquiformerV2 AD,768,3060,12,0.0146163003519177,2.6683695316314697
Energy-force-only EquiformerV2 AD,5398,3061,12,0.0086637800559401,2.5429728031158447
Energy-force-only EquiformerV2 AD,46161,3062,11,0.0319895446300506,2.386556386947632
Energy-force-only EquiformerV2 AD,16333,3063,16,0.0091452524065971,1.2501472234725952
Energy-force-only EquiformerV2 AD,9293,3064,13,0.0265337117016315,1.7594350576400757
Energy-force-only EquiformerV2 AD,23350,3065,15,0.0162209998816251,1.2777478694915771
Energy-force-only EquiformerV2 AD,18772,3066,16,0.012247109785676,2.058133363723755
Energy-force-only EquiformerV2 AD,42092,3067,13,0.0085623078048229,2.801564693450928
Energy-force-only EquiformerV2 AD,14559,3068,13,0.0109440283849835,2.3492910861968994
Energy-force-only EquiformerV2 AD,15241,3069,11,0.0087565286085009,2.978429079055786
Energy-force-only EquiformerV2 AD,40144,3070,11,0.0237523727118968,2.3031609058380127
Energy-force-only EquiformerV2 AD,48720,3071,11,0.0069745313376188,3.0142784118652344
Energy-force-only EquiformerV2 AD,18818,3072,16,0.006509596016258,1.6066542863845823
Energy-force-only EquiformerV2 AD,33189,3073,18,0.0071279602125287,1.7955405712127686
Energy-force-only EquiformerV2 AD,42724,3074,10,0.0512675568461418,3.1806788444519043
Energy-force-only EquiformerV2 AD,7407,3075,12,0.0046820160932838,2.516200304031372
Energy-force-only EquiformerV2 AD,35445,3076,15,0.0123415207490324,1.5611326694488523
Energy-force-only EquiformerV2 AD,16211,3077,19,0.0056005641818046,1.5816746950149536
Energy-force-only EquiformerV2 AD,4356,3078,11,0.0284331757575273,1.3069957494735718
Energy-force-only EquiformerV2 AD,34476,3079,13,0.0175911672413349,2.488196849822998
Energy-force-only EquiformerV2 AD,44234,3080,17,0.0088582262396812,1.2699203491210938
Energy-force-only EquiformerV2 AD,10527,3081,16,0.01682542078197,1.773373246192932
Energy-force-only EquiformerV2 AD,43149,3082,14,0.0464379340410232,3.30181097984314
Energy-force-only EquiformerV2 AD,9479,3083,12,0.0119070811197161,2.8058671951293945
Energy-force-only EquiformerV2 AD,18597,3084,16,0.0267200917005538,2.281853199005127
Energy-force-only EquiformerV2 AD,31562,3085,13,0.0064838728867471,2.179354429244995
Energy-force-only EquiformerV2 AD,11497,3086,14,0.067672848701477,2.156311511993408
Energy-force-only EquiformerV2 AD,48254,3087,12,0.0322398878633976,2.3614919185638428
Energy-force-only EquiformerV2 AD,457,3088,16,0.0065142717212438,1.953306794166565
Energy-force-only EquiformerV2 AD,48600,3089,17,0.0136013478040695,0.8667545914649963
Energy-force-only EquiformerV2 AD,42123,3090,17,0.0158217586576938,1.373030662536621
Energy-force-only EquiformerV2 AD,22100,3091,17,0.0058884271420538,1.6272878646850586
Energy-force-only EquiformerV2 AD,28978,3092,14,0.0057917139492928,1.7881457805633545
Energy-force-only EquiformerV2 AD,1166,3093,10,0.0233337823301553,3.910606861114502
Energy-force-only EquiformerV2 AD,12836,3094,21,0.0089996354654431,1.4913359880447388
Energy-force-only EquiformerV2 AD,39574,3095,13,0.0252795964479446,1.569204330444336
Energy-force-only EquiformerV2 AD,50319,3096,16,0.011410504579544,1.7017827033996582
Energy-force-only EquiformerV2 AD,49736,3097,14,0.0056120953522622,1.9536617994308472
Energy-force-only EquiformerV2 AD,41871,3098,14,0.0151624968275427,1.7153998613357544
Energy-force-only EquiformerV2 AD,26579,3099,17,0.0497687198221683,1.2733471393585205
Energy-force-only EquiformerV2 AD,31382,3100,13,0.0456259101629257,2.235470771789551
Energy-force-only EquiformerV2 AD,24977,3101,15,0.0117883654311299,1.0997084379196167
Energy-force-only EquiformerV2 AD,13672,3102,13,0.0351483896374702,2.658257246017456
Energy-force-only EquiformerV2 AD,33997,3103,16,0.0122219948098063,1.182565212249756
Energy-force-only EquiformerV2 AD,49949,3104,16,0.0086036156862974,2.018150329589844
Energy-force-only EquiformerV2 AD,8694,3105,13,0.0891467258334159,1.9632405042648315
Energy-force-only EquiformerV2 AD,35313,3106,15,0.0081890448927879,2.1091270446777344
Energy-force-only EquiformerV2 AD,28333,3107,15,0.0068598948419094,2.058274507522583
Energy-force-only EquiformerV2 AD,7796,3108,12,0.0619316175580024,4.800992965698242
Energy-force-only EquiformerV2 AD,16511,3109,10,0.0270660370588302,2.881645679473877
Energy-force-only EquiformerV2 AD,11764,3110,9,0.0211989060044288,2.9844741821289062
Energy-force-only EquiformerV2 AD,48417,3111,15,0.027730643749237,1.6569679975509644
Energy-force-only EquiformerV2 AD,32049,3112,14,0.0222098417580127,2.179197072982788
Energy-force-only EquiformerV2 AD,31638,3113,13,0.046850848942995,1.0686781406402588
Energy-force-only EquiformerV2 AD,15183,3114,14,0.016141589730978,2.0844595432281494
Energy-force-only EquiformerV2 AD,35027,3115,15,0.0319925732910633,2.113284111022949
Energy-force-only EquiformerV2 AD,1745,3116,16,0.0134711926802992,1.7451640367507937
Energy-force-only EquiformerV2 AD,22999,3117,17,0.0041932170279324,1.8848868608474727
Energy-force-only EquiformerV2 AD,5611,3118,15,0.0149362729862332,1.985079050064087
Energy-force-only EquiformerV2 AD,226,3119,12,0.0358859933912754,2.8003413677215576
Energy-force-only EquiformerV2 AD,26839,3120,10,0.0699132084846496,2.9103245735168457
Energy-force-only EquiformerV2 AD,9681,3121,15,0.0207288637757301,1.1990437507629397
Energy-force-only EquiformerV2 AD,16847,3122,12,0.0423013381659984,4.153568267822266
Energy-force-only EquiformerV2 AD,25261,3123,15,0.0390763059258461,1.83548367023468
Energy-force-only EquiformerV2 AD,4680,3124,14,0.0143907908350229,1.910926342010498
Energy-force-only EquiformerV2 AD,6643,3125,12,0.0343793481588363,2.0262417793273926
Energy-force-only EquiformerV2 AD,29043,3126,16,0.0047244280576705,1.8677804470062256
Energy-force-only EquiformerV2 AD,47692,3127,14,0.0332927219569683,1.504447102546692
Energy-force-only EquiformerV2 AD,21210,3128,15,0.0056953849270939,1.9396151304244995
Energy-force-only EquiformerV2 AD,36292,3129,21,0.0064936247654259,0.9090055227279664
Energy-force-only EquiformerV2 AD,37689,3130,10,0.0118846362456679,3.498229742050171
Energy-force-only EquiformerV2 AD,24106,3131,16,0.0041520902886986,1.665967583656311
Energy-force-only EquiformerV2 AD,46309,3132,13,0.0065050241537392,2.043437957763672
Energy-force-only EquiformerV2 AD,2747,3133,13,0.0338063016533851,2.1377339363098145
Energy-force-only EquiformerV2 AD,18175,3134,13,0.0042071207426488,2.094279527664185
Energy-force-only EquiformerV2 AD,34108,3135,12,0.0391705296933651,2.248255014419556
Energy-force-only EquiformerV2 AD,34127,3136,11,0.0085311783477664,2.91013503074646
Energy-force-only EquiformerV2 AD,29539,3137,13,0.0611332766711711,1.2937309741973877
Energy-force-only EquiformerV2 AD,32098,3138,10,0.0359297357499599,1.495176911354065
Energy-force-only EquiformerV2 AD,27809,3139,18,0.0078955991193652,1.203311562538147
Energy-force-only EquiformerV2 AD,28261,3140,12,0.0055304071865975,3.126502275466919
Energy-force-only EquiformerV2 AD,50142,3141,16,0.0120873432606458,2.013113021850586
Energy-force-only EquiformerV2 AD,30522,3142,8,0.0063635199330747,5.082647800445557
Energy-force-only EquiformerV2 AD,25099,3143,17,0.0055246204137802,1.6865284442901611
Energy-force-only EquiformerV2 AD,4454,3144,9,0.0069180466234683,4.529035568237305
Energy-force-only EquiformerV2 AD,44058,3145,15,0.0142181292176246,2.0969393253326416
Energy-force-only EquiformerV2 AD,30743,3146,15,0.0039620553143322,1.7160539627075195
Energy-force-only EquiformerV2 AD,25013,3147,10,0.0061237574554979,3.6527061462402335
Energy-force-only EquiformerV2 AD,10674,3148,13,0.0128139248117804,1.784101486206055
Energy-force-only EquiformerV2 AD,20450,3149,12,0.0133940419182181,2.524768829345703
Energy-force-only EquiformerV2 AD,19460,3150,15,0.0098131755366921,2.510031223297119
Energy-force-only EquiformerV2 AD,43939,3151,16,0.009975703433156,2.140789270401001
Energy-force-only EquiformerV2 AD,41535,3152,11,0.0081333117559552,3.1531660556793213
Energy-force-only EquiformerV2 AD,33943,3153,15,0.0416318997740745,1.4608556032180786
Energy-force-only EquiformerV2 AD,4720,3154,11,0.0064185699447989,3.512709379196167
Energy-force-only EquiformerV2 AD,23797,3155,14,0.0077512571588158,1.918623328208924
Energy-force-only EquiformerV2 AD,15431,3156,18,0.0073078987188637,1.2260782718658447
Energy-force-only EquiformerV2 AD,18389,3157,14,0.1244410350918769,1.9462342262268064
Energy-force-only EquiformerV2 AD,39723,3158,12,0.042767483741045,2.187586784362793
Energy-force-only EquiformerV2 AD,43805,3159,10,0.0175286903977394,4.8239593505859375
Energy-force-only EquiformerV2 AD,41909,3160,13,0.0518584251403808,2.488597869873047
Energy-force-only EquiformerV2 AD,21627,3161,16,0.0187355764210224,1.1439615488052368
Energy-force-only EquiformerV2 AD,48403,3162,15,0.0047650197520852,1.822662234306336
Energy-force-only EquiformerV2 AD,9669,3163,12,0.111933022737503,1.6805280447006226
Energy-force-only EquiformerV2 AD,43288,3164,14,0.0362792089581489,2.025653123855591
Energy-force-only EquiformerV2 AD,33894,3165,17,0.0219935216009616,1.4041264057159424
Energy-force-only EquiformerV2 AD,10103,3166,12,0.0258485190570354,1.6575767993927002
Energy-force-only EquiformerV2 AD,36576,3167,19,0.0272488910704851,1.6276477575302124
Energy-force-only EquiformerV2 AD,13129,3168,12,0.0151909822598099,1.794542908668518
Energy-force-only EquiformerV2 AD,46508,3169,14,0.0045803906396031,2.1469056606292725
Energy-force-only EquiformerV2 AD,46294,3170,19,0.0160858388990163,1.7579165697097778
Energy-force-only EquiformerV2 AD,17140,3171,15,0.0506882146000862,1.5452677011489868
Energy-force-only EquiformerV2 AD,24280,3172,15,0.0294513367116451,1.6450061798095703
Energy-force-only EquiformerV2 AD,32032,3173,9,0.0180101357400417,3.5659453868865967
Energy-force-only EquiformerV2 AD,16288,3174,14,0.0230574365705251,2.288813591003418
Energy-force-only EquiformerV2 AD,36992,3175,14,0.0257734693586826,1.457128405570984
Energy-force-only EquiformerV2 AD,27417,3176,17,0.0083481930196285,1.35212242603302
Energy-force-only EquiformerV2 AD,20192,3177,11,0.0522657595574855,1.1112850904464722
Energy-force-only EquiformerV2 AD,26202,3178,14,0.0170755069702863,1.896273732185364
Energy-force-only EquiformerV2 AD,17487,3179,18,0.0107205705717206,1.1922719478607178
Energy-force-only EquiformerV2 AD,46204,3180,14,0.0439741984009742,2.895705461502075
Energy-force-only EquiformerV2 AD,34456,3181,12,0.0112810265272855,2.7878119945526123
Energy-force-only EquiformerV2 AD,7102,3182,11,0.0212051831185817,2.593777894973755
Energy-force-only EquiformerV2 AD,17545,3183,11,0.0418430976569652,2.7416131496429443
Energy-force-only EquiformerV2 AD,26259,3184,12,0.0153247732669115,3.658267498016357
Energy-force-only EquiformerV2 AD,42210,3185,10,0.078326441347599,2.374698638916016
Energy-force-only EquiformerV2 AD,23368,3186,12,0.0328255333006382,2.0674386024475098
Energy-force-only EquiformerV2 AD,33315,3187,15,0.0081943748518824,1.686192512512207
Energy-force-only EquiformerV2 AD,31053,3188,14,0.0139291575178503,2.1366915702819824
Energy-force-only EquiformerV2 AD,4267,3189,14,0.0110765695571899,2.592903852462769
Energy-force-only EquiformerV2 AD,48351,3190,15,0.0792287662625312,1.0538692474365234
Energy-force-only EquiformerV2 AD,50640,3191,15,0.0140166813507676,2.1764626502990723
Energy-force-only EquiformerV2 AD,33350,3192,13,0.0145347453653812,1.988560676574707
Energy-force-only EquiformerV2 AD,24560,3193,13,0.0313249230384826,3.986262798309326
Energy-force-only EquiformerV2 AD,28091,3194,17,0.0116533730179071,1.4206585884094238
Energy-force-only EquiformerV2 AD,5305,3195,14,0.0318397171795368,3.170064926147461
Energy-force-only EquiformerV2 AD,12355,3196,19,0.0053034094162285,1.4390264749526978
Energy-force-only EquiformerV2 AD,1204,3197,8,0.0332736372947692,4.206645488739014
Energy-force-only EquiformerV2 AD,17912,3198,18,0.0048434869386255,1.4716097116470337
Energy-force-only EquiformerV2 AD,587,3199,14,0.0180345177650451,1.203321933746338
Energy-force-only EquiformerV2 AD,16450,3200,12,0.0233319234102964,2.8181228637695312
Energy-force-only EquiformerV2 AD,35431,3201,10,0.0147457271814346,3.250327587127685
Energy-force-only EquiformerV2 AD,13897,3202,18,0.0173949263989925,2.000953435897827
Energy-force-only EquiformerV2 AD,7993,3203,19,0.0037897217553108,1.4827024936676023
Energy-force-only EquiformerV2 AD,9294,3204,12,0.0086143435910344,2.6712725162506104
Energy-force-only EquiformerV2 AD,13816,3205,12,0.0409434251487255,3.012242794036865
Energy-force-only EquiformerV2 AD,46528,3206,14,0.0443756319582462,2.4626266956329346
Energy-force-only EquiformerV2 AD,49163,3207,13,0.0405518524348735,1.5023359060287476
Energy-force-only EquiformerV2 AD,22607,3208,13,0.02158685028553,1.502652883529663
Energy-force-only EquiformerV2 AD,26898,3209,13,0.0188059266656637,2.159186124801636
Energy-force-only EquiformerV2 AD,29192,3210,11,0.0216042436659336,3.0101306438446045
Energy-force-only EquiformerV2 AD,19671,3211,10,0.0065917149186134,3.5700602531433105
Energy-force-only EquiformerV2 AD,32269,3212,13,0.0075485231354832,2.6746270656585693
Energy-force-only EquiformerV2 AD,12403,3213,15,0.0230441968888044,2.0511391162872314
Energy-force-only EquiformerV2 AD,3512,3214,16,0.0063274009153246,1.910335779190064
Energy-force-only EquiformerV2 AD,8704,3215,15,0.005022210534662,2.4013912677764893
Energy-force-only EquiformerV2 AD,28870,3216,16,0.0084484927356243,1.8154975175857544
Energy-force-only EquiformerV2 AD,45733,3217,17,0.0101971067488193,1.6769351959228516
Energy-force-only EquiformerV2 AD,45794,3218,17,0.0206556096673011,1.6917909383773804
Energy-force-only EquiformerV2 AD,46070,3219,14,0.0213864147663116,2.5440495014190674
Energy-force-only EquiformerV2 AD,44849,3220,16,0.0215681605041027,1.460267186164856
Energy-force-only EquiformerV2 AD,42875,3221,17,0.0136559130623936,2.173628330230713
Energy-force-only EquiformerV2 AD,41209,3222,15,0.0089567173272371,1.6011475324630735
Energy-force-only EquiformerV2 AD,27848,3223,18,0.012670231051743,1.0007652044296265
Energy-force-only EquiformerV2 AD,41341,3224,11,0.009410192258656,3.215164422988892
Energy-force-only EquiformerV2 AD,27083,3225,13,0.0083320783451199,2.5623109340667725
Energy-force-only EquiformerV2 AD,36748,3226,8,0.1204461455345153,2.9290530681610107
Energy-force-only EquiformerV2 AD,42461,3227,10,0.0259611960500478,1.906195878982544
Energy-force-only EquiformerV2 AD,41374,3228,13,0.0129739185795187,2.773364305496216
Energy-force-only EquiformerV2 AD,35585,3229,13,0.0303382202982902,1.972756147384644
Energy-force-only EquiformerV2 AD,18351,3230,13,0.0289576537907123,1.6847351789474487
Energy-force-only EquiformerV2 AD,15987,3231,8,0.0167356319725513,4.024128437042236
Energy-force-only EquiformerV2 AD,50350,3232,10,0.0688320770859718,4.063902378082275
Energy-force-only EquiformerV2 AD,12322,3233,12,0.0531344823539257,2.6726789474487305
Energy-force-only EquiformerV2 AD,25849,3234,13,0.0059955501928925,2.223141431808472
Energy-force-only EquiformerV2 AD,23122,3235,16,0.008259660564363,2.164571046829224
Energy-force-only EquiformerV2 AD,30196,3236,7,0.0119944242760539,6.229867458343506
Energy-force-only EquiformerV2 AD,22304,3237,15,0.0350770913064479,1.525645136833191
Energy-force-only EquiformerV2 AD,30963,3238,16,0.004991359077394,1.543529748916626
Energy-force-only EquiformerV2 AD,18647,3239,16,0.0117938024923205,1.6940590143203735
Energy-force-only EquiformerV2 AD,1323,3240,8,0.0497880391776561,4.057814121246338
Energy-force-only EquiformerV2 AD,13676,3241,12,0.0635075569152832,2.209364652633667
Energy-force-only EquiformerV2 AD,24173,3242,15,0.0066926791332662,2.3078155517578125
Energy-force-only EquiformerV2 AD,22041,3243,11,0.0080409422516822,2.683818817138672
Energy-force-only EquiformerV2 AD,16087,3244,16,0.0429513230919837,2.390826463699341
Energy-force-only EquiformerV2 AD,35903,3245,15,0.0159639697521924,1.2249774932861328
Energy-force-only EquiformerV2 AD,29317,3246,10,0.0183264464139938,3.1376101970672607
Energy-force-only EquiformerV2 AD,48859,3247,13,0.0880123749375343,0.990045964717865
Energy-force-only EquiformerV2 AD,50116,3248,13,0.0084741283208131,2.5149083137512207
Energy-force-only EquiformerV2 AD,37575,3249,13,0.0108875632286071,2.5353434085845947
Energy-force-only EquiformerV2 AD,16098,3250,10,0.0148691283538937,4.003536224365234
Energy-force-only EquiformerV2 AD,19442,3251,14,0.0524646118283271,0.7885946035385132
Energy-force-only EquiformerV2 AD,21156,3252,15,0.0236653257161378,1.4201289415359497
Energy-force-only EquiformerV2 AD,12892,3253,16,0.0370479151606559,2.230388164520264
Energy-force-only EquiformerV2 AD,2570,3254,18,0.0094428760930895,1.4028408527374268
Energy-force-only EquiformerV2 AD,45753,3255,15,0.0083020264282822,2.1943929195404053
Energy-force-only EquiformerV2 AD,20161,3256,14,0.0137250395491719,2.12583589553833
Energy-force-only EquiformerV2 AD,42727,3257,19,0.169138565659523,2.298856258392334
Energy-force-only EquiformerV2 AD,8384,3258,16,0.0044022067449986,1.300866961479187
Energy-force-only EquiformerV2 AD,17682,3259,13,0.0511774271726608,1.04673171043396
Energy-force-only EquiformerV2 AD,44459,3260,15,0.015133025124669,2.245798110961914
Energy-force-only EquiformerV2 AD,33047,3261,19,0.0228268969804048,1.1455976963043213
Energy-force-only EquiformerV2 AD,21512,3262,12,0.0178377665579319,1.97523033618927
Energy-force-only EquiformerV2 AD,47882,3263,12,0.0278376340866088,2.286048173904419
Energy-force-only EquiformerV2 AD,25755,3264,9,0.0535223372280597,3.1565909385681152
Energy-force-only EquiformerV2 AD,23880,3265,14,0.02057502605021,2.3704593181610107
Energy-force-only EquiformerV2 AD,48969,3266,11,0.0259806085377931,2.069909811019897
Energy-force-only EquiformerV2 AD,47000,3267,17,0.0041484730318188,1.881527304649353
Energy-force-only EquiformerV2 AD,42907,3268,12,0.0107676349580287,1.6640663146972656
Energy-force-only EquiformerV2 AD,33679,3269,21,0.0059608649462461,1.0883392095565796
Energy-force-only EquiformerV2 AD,23304,3270,11,0.0086627043783664,3.224405765533448
Energy-force-only EquiformerV2 AD,20211,3271,13,0.0292587410658597,2.1647958755493164
Energy-force-only EquiformerV2 AD,33895,3272,16,0.0315084680914878,1.5340447425842283
Energy-force-only EquiformerV2 AD,43915,3273,16,0.022768247872591,0.8959829807281494
Energy-force-only EquiformerV2 AD,14303,3274,8,0.0082346815615892,5.770959854125977
Energy-force-only EquiformerV2 AD,11056,3275,13,0.0357315428555011,2.474159479141236
Energy-force-only EquiformerV2 AD,23824,3276,14,0.0124513832852244,1.3371498584747314
Energy-force-only EquiformerV2 AD,13570,3277,17,0.0206326600164175,1.0399783849716189
Energy-force-only EquiformerV2 AD,25203,3278,13,0.0572900362312793,2.1465542316436768
Energy-force-only EquiformerV2 AD,8180,3279,16,0.0031635498162359,1.8171463012695312
Energy-force-only EquiformerV2 AD,23551,3280,14,0.0169360265135765,2.16922664642334
Energy-force-only EquiformerV2 AD,19755,3281,10,0.0107871061190962,3.1113357543945312
Energy-force-only EquiformerV2 AD,36952,3282,16,0.018110366538167,2.199063777923584
Energy-force-only EquiformerV2 AD,35564,3283,14,0.0128572303801774,2.151640653610229
Energy-force-only EquiformerV2 AD,40576,3284,15,0.0243102554231882,1.7662585973739624
Energy-force-only EquiformerV2 AD,15792,3285,13,0.0485358610749244,1.5577433109283447
Energy-force-only EquiformerV2 AD,7091,3286,17,0.0058265086263418,1.6752824783325195
Energy-force-only EquiformerV2 AD,24710,3287,11,0.0730321556329727,3.7041988372802734
Energy-force-only EquiformerV2 AD,11557,3288,18,0.0069577926769852,1.5701996088027954
Energy-force-only EquiformerV2 AD,50299,3289,12,0.0154091669246554,2.889454364776612
Energy-force-only EquiformerV2 AD,16468,3290,16,0.0190297849476337,1.0992414951324463
Energy-force-only EquiformerV2 AD,8040,3291,17,0.009963191114366,1.9444725513458248
Energy-force-only EquiformerV2 AD,16188,3292,16,0.0072203036397695,1.5329502820968628
Energy-force-only EquiformerV2 AD,29569,3293,12,0.0124382898211479,2.7613141536712646
Energy-force-only EquiformerV2 AD,41049,3294,12,0.0072252517566084,2.9986801147460938
Energy-force-only EquiformerV2 AD,17001,3295,13,0.0843617841601371,3.7527363300323486
Energy-force-only EquiformerV2 AD,45185,3296,10,0.0181571897119283,5.077327728271484
Energy-force-only EquiformerV2 AD,7522,3297,15,0.0234648901969194,2.3798530101776123
Energy-force-only EquiformerV2 AD,48583,3298,14,0.0320070013403892,1.1084758043289185
Energy-force-only EquiformerV2 AD,48059,3299,15,0.0142145715653896,1.932735562324524
Energy-force-only EquiformerV2 AD,32257,3300,8,0.0743376910686492,2.4403645992279053
Energy-force-only EquiformerV2 AD,15020,3301,12,0.0057182074524462,2.498744249343872
Energy-force-only EquiformerV2 AD,39542,3302,12,0.031241089105606,3.168130874633789
Energy-force-only EquiformerV2 AD,3345,3303,12,0.0084562078118324,2.500433921813965
Energy-force-only EquiformerV2 AD,37393,3304,12,0.0089275734499096,2.768723964691162
Energy-force-only EquiformerV2 AD,50265,3305,14,0.0092119388282299,2.505990505218506
Energy-force-only EquiformerV2 AD,33481,3306,10,0.0234096888452768,3.598895311355591
Energy-force-only EquiformerV2 AD,11412,3307,11,0.0094177294522523,3.972713947296143
Energy-force-only EquiformerV2 AD,36000,3308,16,0.0143520710989832,1.5226306915283203
Energy-force-only EquiformerV2 AD,26265,3309,11,0.0141731714829802,2.827826738357544
Energy-force-only EquiformerV2 AD,1988,3310,10,0.0214781109243631,3.122091770172119
Energy-force-only EquiformerV2 AD,25351,3311,12,0.0057064890861511,2.4456377029418945
Energy-force-only EquiformerV2 AD,17004,3312,15,0.0148063171654939,1.0544525384902954
Energy-force-only EquiformerV2 AD,21944,3313,14,0.018492117524147,2.7978932857513428
Energy-force-only EquiformerV2 AD,11980,3314,10,0.016595808789134,3.9869136810302734
Energy-force-only EquiformerV2 AD,9916,3315,18,0.0106793530285358,1.017062067985535
Energy-force-only EquiformerV2 AD,6487,3316,12,0.0160958506166934,2.551393508911133
Energy-force-only EquiformerV2 AD,28430,3317,12,0.0240666847676038,2.8516366481781006
Energy-force-only EquiformerV2 AD,7832,3318,8,0.0137390997260808,4.583179950714111
Energy-force-only EquiformerV2 AD,10602,3319,16,0.0215705372393131,1.155167818069458
Energy-force-only EquiformerV2 AD,28643,3320,14,0.0082562202587723,2.1034088134765625
Energy-force-only EquiformerV2 AD,12855,3321,9,0.0293993894010782,4.226404190063477
Energy-force-only EquiformerV2 AD,19284,3322,11,0.0165032222867012,3.5443036556243896
Energy-force-only EquiformerV2 AD,18276,3323,12,0.0200112368911504,1.860055446624756
Energy-force-only EquiformerV2 AD,39838,3324,17,0.0058135469444096,1.703132152557373
Energy-force-only EquiformerV2 AD,47596,3325,14,0.0228861067444086,3.0540332794189453
Energy-force-only EquiformerV2 AD,31700,3326,14,0.0240884143859148,2.1322124004364014
Energy-force-only EquiformerV2 AD,41930,3327,12,0.0330539569258689,1.099616527557373
Energy-force-only EquiformerV2 AD,7161,3328,13,0.0193209964781999,1.8012962341308594
Energy-force-only EquiformerV2 AD,40285,3329,13,0.044190589338541,1.7671146392822266
Energy-force-only EquiformerV2 AD,25688,3330,13,0.0083068087697029,2.270025968551636
Energy-force-only EquiformerV2 AD,29698,3331,13,0.0058119492605328,2.3513286113739014
Energy-force-only EquiformerV2 AD,42989,3332,17,0.0048609403893351,1.51752769947052
Energy-force-only EquiformerV2 AD,48223,3333,14,0.0223310701549053,1.7932250499725342
Energy-force-only EquiformerV2 AD,5578,3334,14,0.0531777329742908,0.8269432187080383
Energy-force-only EquiformerV2 AD,15053,3335,12,0.008843190036714,2.728628635406494
Energy-force-only EquiformerV2 AD,9041,3336,10,0.0118380049243569,3.4126737117767334
Energy-force-only EquiformerV2 AD,33197,3337,18,0.0072397547774016,1.010786771774292
Energy-force-only EquiformerV2 AD,39675,3338,12,0.0681827068328857,1.6224098205566406
Energy-force-only EquiformerV2 AD,26914,3339,12,0.0274581220000982,4.41376543045044
Energy-force-only EquiformerV2 AD,12766,3340,11,0.0096960086375474,2.9428839683532715
Energy-force-only EquiformerV2 AD,48240,3341,11,0.0536997467279434,2.7153804302215576
Energy-force-only EquiformerV2 AD,23075,3342,13,0.0098466649651527,1.9182322025299072
Energy-force-only EquiformerV2 AD,1972,3343,12,0.0454211123287677,3.7244391441345215
Energy-force-only EquiformerV2 AD,3445,3344,11,0.0422915294766426,3.058284282684326
Energy-force-only EquiformerV2 AD,32750,3345,11,0.0280739068984985,3.114899158477783
Energy-force-only EquiformerV2 AD,9833,3346,16,0.0083054788410663,1.958143711090088
Energy-force-only EquiformerV2 AD,13750,3347,14,0.0392556525766849,2.035020112991333
Energy-force-only EquiformerV2 AD,44003,3348,9,0.0838883817195892,3.55832314491272
Energy-force-only EquiformerV2 AD,29556,3349,12,0.0778678506612777,2.86701774597168
Energy-force-only EquiformerV2 AD,35593,3350,7,0.0376650914549827,3.785646915435791
Energy-force-only EquiformerV2 AD,14215,3351,15,0.0186289586126804,2.229825973510742
Energy-force-only EquiformerV2 AD,50060,3352,21,0.0093283671885728,1.3706440925598145
Energy-force-only EquiformerV2 AD,32983,3353,16,0.0136148408055305,1.7183388471603394
Energy-force-only EquiformerV2 AD,17012,3354,13,0.0068324161693453,1.8822484016418457
Energy-force-only EquiformerV2 AD,29351,3355,11,0.0144417583942413,1.923449277877808
Energy-force-only EquiformerV2 AD,8797,3356,14,0.017621336504817,2.0002689361572266
Energy-force-only EquiformerV2 AD,34636,3357,19,0.010577704757452,0.8700057864189148
Energy-force-only EquiformerV2 AD,15535,3358,12,0.0058984067291021,2.4865386486053467
Energy-force-only EquiformerV2 AD,35908,3359,16,0.0304688364267349,3.065753221511841
Energy-force-only EquiformerV2 AD,3733,3360,11,0.0584945566952228,1.880764126777649
Energy-force-only EquiformerV2 AD,25902,3361,10,0.0115888956934213,3.1309709548950195
Energy-force-only EquiformerV2 AD,25733,3362,17,0.0274781994521617,1.4930226802825928
Energy-force-only EquiformerV2 AD,19921,3363,12,0.0214106272906065,2.091852188110352
Energy-force-only EquiformerV2 AD,19595,3364,12,0.0129208406433463,2.700257539749145
Energy-force-only EquiformerV2 AD,2442,3365,14,0.0280293654650449,2.021162509918213
Energy-force-only EquiformerV2 AD,24860,3366,10,0.0459368266165256,3.537212610244751
Energy-force-only EquiformerV2 AD,35357,3367,13,0.0144582893699407,2.501214504241944
Energy-force-only EquiformerV2 AD,11,3368,16,0.011173328384757,1.043793797492981
Energy-force-only EquiformerV2 AD,14163,3369,9,0.0132214669138193,2.167498826980591
Energy-force-only EquiformerV2 AD,20027,3370,10,0.0091757709160447,3.5874929428100586
Energy-force-only EquiformerV2 AD,27356,3371,11,0.0284999925643205,3.5103135108947754
Energy-force-only EquiformerV2 AD,15391,3372,16,0.0401071533560752,2.017496347427368
Energy-force-only EquiformerV2 AD,40232,3373,12,0.0139919053763151,2.3360207080841064
Energy-force-only EquiformerV2 AD,10435,3374,14,0.0354870744049549,2.923198699951172
Energy-force-only EquiformerV2 AD,29733,3375,12,0.0494291186332702,3.174884557723999
Energy-force-only EquiformerV2 AD,30229,3376,8,0.0113317370414733,3.723092794418335
Energy-force-only EquiformerV2 AD,32321,3377,17,0.0056672859936952,1.3782124519348145
Energy-force-only EquiformerV2 AD,46857,3378,21,0.0117901442572474,1.174651026725769
Energy-force-only EquiformerV2 AD,42949,3379,14,0.0112914554774761,1.9901134967803955
Energy-force-only EquiformerV2 AD,49104,3380,9,0.0711213499307632,3.614421844482422
Energy-force-only EquiformerV2 AD,36189,3381,12,0.011600986123085,2.880476713180542
Energy-force-only EquiformerV2 AD,31380,3382,14,0.0178611539304256,2.2934367656707764
Energy-force-only EquiformerV2 AD,7790,3383,12,0.0083912806585431,2.3197274208068848
Energy-force-only EquiformerV2 AD,33612,3384,13,0.0479336827993392,2.7477259635925293
Energy-force-only EquiformerV2 AD,23033,3385,10,0.0174451433122158,2.3845021724700928
Energy-force-only EquiformerV2 AD,46230,3386,13,0.0035818945616483,2.158493757247925
Energy-force-only EquiformerV2 AD,17657,3387,15,0.0249684024602174,1.8472533226013184
Energy-force-only EquiformerV2 AD,22800,3388,11,0.0606177896261215,3.4590234756469727
Energy-force-only EquiformerV2 AD,12714,3389,16,0.0110116880387067,1.836737275123596
Energy-force-only EquiformerV2 AD,10041,3390,14,0.0074882367625832,2.559459686279297
Energy-force-only EquiformerV2 AD,47247,3391,14,0.0245776008814573,1.696344971656799
Energy-force-only EquiformerV2 AD,16801,3392,16,0.029751218855381,0.8756259679794312
Energy-force-only EquiformerV2 AD,35929,3393,14,0.0247468557208776,1.6963175535202026
Energy-force-only EquiformerV2 AD,34902,3394,16,0.0184126999229192,1.6879854202270508
Energy-force-only EquiformerV2 AD,49856,3395,18,0.0237977113574743,1.2584104537963867
Energy-force-only EquiformerV2 AD,34663,3396,11,0.052500482648611,2.678354501724243
Energy-force-only EquiformerV2 AD,30759,3397,16,0.0107607021927833,1.7317256927490234
Energy-force-only EquiformerV2 AD,13515,3398,13,0.0027974559925496,2.438389301300049
Energy-force-only EquiformerV2 AD,5685,3399,13,0.0306277759373188,2.5863254070281982
Energy-force-only EquiformerV2 AD,6771,3400,17,0.0134792048484086,0.8902129530906677
Energy-force-only EquiformerV2 AD,37155,3401,16,0.0151094896718859,1.48025381565094
Energy-force-only EquiformerV2 AD,23589,3402,17,0.0406421273946762,1.398217797279358
Energy-force-only EquiformerV2 AD,42076,3403,17,0.0056520192883908,1.682700514793396
Energy-force-only EquiformerV2 AD,12280,3404,11,0.0104726217687129,3.0261425971984863
Energy-force-only EquiformerV2 AD,48697,3405,16,0.0136449094861745,1.0546457767486572
Energy-force-only EquiformerV2 AD,19789,3406,16,0.0121958423405885,1.3980857133865356
Energy-force-only EquiformerV2 AD,48848,3407,16,0.0155948586761951,0.8547323346138
Energy-force-only EquiformerV2 AD,23561,3408,14,0.0204563830047845,1.4337764978408811
Energy-force-only EquiformerV2 AD,46489,3409,10,0.0320749282836914,3.390326738357544
Energy-force-only EquiformerV2 AD,28695,3410,8,0.1154457926750183,2.7257168292999268
Energy-force-only EquiformerV2 AD,5472,3411,13,0.041958387941122,2.71201753616333
Energy-force-only EquiformerV2 AD,42249,3412,11,0.0764444395899772,1.6106566190719604
Energy-force-only EquiformerV2 AD,8610,3413,10,0.0521521754562854,3.9071784019470215
Energy-force-only EquiformerV2 AD,7280,3414,11,0.0158987082540988,3.2587239742279053
Energy-force-only EquiformerV2 AD,38140,3415,12,0.0327963978052139,2.481009721755981
Energy-force-only EquiformerV2 AD,23205,3416,19,0.0073785972781479,1.3993388414382937
Energy-force-only EquiformerV2 AD,47848,3417,13,0.0260994154959917,2.8144822120666504
Energy-force-only EquiformerV2 AD,10703,3418,11,0.006562415510416,2.389567613601685
Energy-force-only EquiformerV2 AD,20132,3419,15,0.0164486411958932,1.7432875633239746
Energy-force-only EquiformerV2 AD,11566,3420,19,0.0070869158953428,1.4180727005004885
Energy-force-only EquiformerV2 AD,35123,3421,18,0.0048148813657462,1.1904772520065308
Energy-force-only EquiformerV2 AD,21432,3422,10,0.0156269818544387,3.172656536102295
Energy-force-only EquiformerV2 AD,50486,3423,14,0.0278274230659008,1.9850119352340696
Energy-force-only EquiformerV2 AD,43614,3424,14,0.0245919488370418,1.3681178092956543
Energy-force-only EquiformerV2 AD,1192,3425,11,0.012036919593811,3.3078060150146484
Energy-force-only EquiformerV2 AD,13765,3426,9,0.0168237071484327,3.4682435989379883
Energy-force-only EquiformerV2 AD,27695,3427,17,0.011248362250626,1.7418701648712158
Energy-force-only EquiformerV2 AD,27525,3428,11,0.0184907838702201,2.44815444946289
Energy-force-only EquiformerV2 AD,2130,3429,15,0.0086732041090726,2.0710155963897705
Energy-force-only EquiformerV2 AD,19446,3430,13,0.0332785584032535,1.524977684020996
Energy-force-only EquiformerV2 AD,4527,3431,13,0.0058772107586264,2.5508131980896
Energy-force-only EquiformerV2 AD,14652,3432,16,0.0084966337308287,0.9490804672241212
Energy-force-only EquiformerV2 AD,20703,3433,16,0.0070942360907793,1.5997827053070068
Energy-force-only EquiformerV2 AD,33785,3434,12,0.0204148534685373,2.997097969055176
Energy-force-only EquiformerV2 AD,29983,3435,14,0.0093300426378846,1.9128941297531128
Energy-force-only EquiformerV2 AD,13508,3436,21,0.0171264298260211,0.609250545501709
Energy-force-only EquiformerV2 AD,30846,3437,15,0.0199416931718587,1.4524139165878296
Energy-force-only EquiformerV2 AD,675,3438,19,0.1592908203601837,2.306739091873169
Energy-force-only EquiformerV2 AD,26889,3439,14,0.010724869556725,2.584012269973755
Energy-force-only EquiformerV2 AD,17074,3440,15,0.0062209893949329,2.1506271362304688
Energy-force-only EquiformerV2 AD,44386,3441,15,0.0167480930685997,1.8464446067810056
Energy-force-only EquiformerV2 AD,20574,3442,13,0.008189121261239,1.7474806308746338
Energy-force-only EquiformerV2 AD,25839,3443,15,0.0471975170075893,1.941693902015686
Energy-force-only EquiformerV2 AD,8305,3444,8,0.004711989313364,4.813668251037598
Energy-force-only EquiformerV2 AD,29945,3445,14,0.0176930353045463,1.6399706602096558
Energy-force-only EquiformerV2 AD,15824,3446,16,0.0064892647787928,2.020780563354492
Energy-force-only EquiformerV2 AD,33377,3447,16,0.0060118939727544,1.6651722192764282
Energy-force-only EquiformerV2 AD,41855,3448,16,0.0053544212132692,1.4808106422424316
Energy-force-only EquiformerV2 AD,46162,3449,15,0.0264772996306419,2.309990406036377
Energy-force-only EquiformerV2 AD,5563,3450,15,0.0219630748033523,1.7758570909500122
Energy-force-only EquiformerV2 AD,33233,3451,14,0.0190999191254377,1.962338924407959
Energy-force-only EquiformerV2 AD,8351,3452,7,0.0761504545807838,4.067263126373291
Energy-force-only EquiformerV2 AD,47016,3453,16,0.0075431568548083,1.6319501399993896
Energy-force-only EquiformerV2 AD,45144,3454,14,0.0059030428528785,1.7254475355148315
Energy-force-only EquiformerV2 AD,1183,3455,17,0.0119746951386332,1.5380451679229736
Energy-force-only EquiformerV2 AD,24228,3456,17,0.0183400064706802,1.3945482969284058
Energy-force-only EquiformerV2 AD,6139,3457,11,0.0075721479952335,3.463300466537476
Energy-force-only EquiformerV2 AD,12692,3458,17,0.0234863068908453,1.6096036434173584
Energy-force-only EquiformerV2 AD,27545,3459,14,0.0065543241798877,1.8925487995147705
Energy-force-only EquiformerV2 AD,20303,3460,14,0.0164441671222448,2.291032552719116
Energy-force-only EquiformerV2 AD,30318,3461,15,0.0202203895896673,2.2930169105529785
Energy-force-only EquiformerV2 AD,21427,3462,14,0.0136423455551266,1.9511277675628664
Energy-force-only EquiformerV2 AD,35919,3463,16,0.0123723056167364,1.7285655736923218
Energy-force-only EquiformerV2 AD,49815,3464,19,0.0059748897328972,1.6281185150146484
Energy-force-only EquiformerV2 AD,38083,3465,13,0.0189152862876653,2.2572240829467773
Energy-force-only EquiformerV2 AD,42398,3466,13,0.0335662476718425,1.015735745429993
Energy-force-only EquiformerV2 AD,7373,3467,9,0.0399762317538261,3.7345290184021
Energy-force-only EquiformerV2 AD,42042,3468,11,0.0337038338184356,4.016561031341553
Energy-force-only EquiformerV2 AD,20947,3469,15,0.0177272967994213,1.844599723815918
Energy-force-only EquiformerV2 AD,17465,3470,12,0.0540125258266925,3.0276939868927
Energy-force-only EquiformerV2 AD,10401,3471,9,0.0739258304238319,5.388004302978516
Energy-force-only EquiformerV2 AD,31049,3472,13,0.0337565243244171,1.6885621547698977
Energy-force-only EquiformerV2 AD,42606,3473,11,0.0085203237831592,3.854973316192627
Energy-force-only EquiformerV2 AD,9794,3474,21,0.0068376986309885,1.098740816116333
Energy-force-only EquiformerV2 AD,38991,3475,14,0.0266141835600137,2.4047951698303223
Energy-force-only EquiformerV2 AD,31890,3476,17,0.0072155105881392,1.618988871574402
Energy-force-only EquiformerV2 AD,38472,3477,12,0.0143391704186797,2.928061485290528
Energy-force-only EquiformerV2 AD,36567,3478,15,0.0127135068178176,2.218130350112915
Energy-force-only EquiformerV2 AD,37743,3479,15,0.0177213549613952,1.8716670274734497
Energy-force-only EquiformerV2 AD,2006,3480,12,0.0334185697138309,2.6636781692504883
Energy-force-only EquiformerV2 AD,25447,3481,21,0.0056052361615002,1.140041470527649
Energy-force-only EquiformerV2 AD,48834,3482,15,0.005481110420078,2.1897809505462646
Energy-force-only EquiformerV2 AD,28281,3483,14,0.0147280571982264,2.7499711513519287
Energy-force-only EquiformerV2 AD,25073,3484,11,0.0059795477427542,3.036003589630127
Energy-force-only EquiformerV2 AD,33169,3485,17,0.0046465685591101,1.5725749731063845
Energy-force-only EquiformerV2 AD,24427,3486,12,0.03641052916646,2.5499744415283203
Energy-force-only EquiformerV2 AD,31365,3487,12,0.0120663568377494,2.635240316390991
Energy-force-only EquiformerV2 AD,13789,3488,17,0.0075620976276695,1.6254539489746094
Energy-force-only EquiformerV2 AD,5,3489,15,0.0102053470909595,2.23848295211792
Energy-force-only EquiformerV2 AD,27314,3490,8,0.0154388835653662,5.738485336303711
Energy-force-only EquiformerV2 AD,36946,3491,18,0.0050822561606764,1.5377521514892578
Energy-force-only EquiformerV2 AD,3222,3492,13,0.0145943593233823,2.2230589389801025
Energy-force-only EquiformerV2 AD,27081,3493,11,0.01533845346421,2.7554969787597656
Energy-force-only EquiformerV2 AD,42624,3494,11,0.0048046032898128,2.3276941776275635
Energy-force-only EquiformerV2 AD,47154,3495,18,0.0058202687650918,0.8571293354034424
Energy-force-only EquiformerV2 AD,21241,3496,13,0.0082468343898653,2.2566514015197754
Energy-force-only EquiformerV2 AD,49243,3497,19,0.0064183641225099,1.129527926445007
Energy-force-only EquiformerV2 AD,43017,3498,12,0.0098683573305606,2.374089002609253
Energy-force-only EquiformerV2 AD,23914,3499,14,0.012358333915472,3.010646343231201
Energy-force-only EquiformerV2 AD,23666,3500,11,0.1112939491868019,4.222306251525879
Energy-force-only EquiformerV2 AD,8952,3501,12,0.0144735742360353,3.436850547790528
Energy-force-only EquiformerV2 AD,30628,3502,17,0.017096322029829,1.0445541143417358
Energy-force-only EquiformerV2 AD,16122,3503,14,0.0033265687525272,1.9245237112045288
Energy-force-only EquiformerV2 AD,35168,3504,11,0.0255552902817726,2.577662229537964
Energy-force-only EquiformerV2 AD,30928,3505,19,0.0160386245697736,1.182701826095581
Energy-force-only EquiformerV2 AD,11083,3506,11,0.0093738045543432,1.8662121295928955
Energy-force-only EquiformerV2 AD,20590,3507,13,0.0138720944523811,2.5127837657928467
Energy-force-only EquiformerV2 AD,30600,3508,12,0.0126347513869404,2.5767788887023926
Energy-force-only EquiformerV2 AD,19308,3509,11,0.0104703092947602,3.382908344268799
Energy-force-only EquiformerV2 AD,24721,3510,11,0.0182531680911779,1.5386576652526855
Energy-force-only EquiformerV2 AD,2144,3511,15,0.0131078483536839,1.6750448942184448
Energy-force-only EquiformerV2 AD,14592,3512,10,0.0415868870913982,4.9407243728637695
Energy-force-only EquiformerV2 AD,35460,3513,16,0.0081854118034243,1.2437597513198853
Energy-force-only EquiformerV2 AD,21569,3514,16,0.009278698824346,1.28351628780365
Energy-force-only EquiformerV2 AD,14563,3515,14,0.0158514957875013,2.250649929046631
Energy-force-only EquiformerV2 AD,24670,3516,15,0.0112842191010713,1.7803406715393066
Energy-force-only EquiformerV2 AD,14251,3517,14,0.0089391162618994,2.7595293521881104
Energy-force-only EquiformerV2 AD,44281,3518,11,0.0268492735922336,4.501628398895264
Energy-force-only EquiformerV2 AD,38090,3519,14,0.0031343244481831,2.321705341339112
Energy-force-only EquiformerV2 AD,39538,3520,15,0.0042006578296422,1.803661584854126
Energy-force-only EquiformerV2 AD,42291,3521,16,0.032506488263607,1.6703307628631592
Energy-force-only EquiformerV2 AD,15441,3522,11,0.019046489149332,2.7434298992156982
Energy-force-only EquiformerV2 AD,29426,3523,16,0.0047452053986489,1.5500140190124512
Energy-force-only EquiformerV2 AD,22378,3524,13,0.0294748116284608,1.1761761903762815
Energy-force-only EquiformerV2 AD,39050,3525,13,0.0055562225170433,2.6187963485717773
Energy-force-only EquiformerV2 AD,38775,3526,15,0.0175941754132509,1.4748358726501465
Energy-force-only EquiformerV2 AD,47607,3527,14,0.006256918888539,2.423936367034912
Energy-force-only EquiformerV2 AD,13691,3528,11,0.0363047868013381,2.709850788116455
Energy-force-only EquiformerV2 AD,31906,3529,15,0.0109389256685972,1.486329197883606
Energy-force-only EquiformerV2 AD,37821,3530,15,0.0348447188735008,2.181206226348877
Energy-force-only EquiformerV2 AD,21508,3531,12,0.0554585047066211,1.969570994377136
Energy-force-only EquiformerV2 AD,4727,3532,14,0.0295393224805593,1.687556505203247
Energy-force-only EquiformerV2 AD,18761,3533,18,0.01321701426059,1.6531991958618164
Energy-force-only EquiformerV2 AD,31473,3534,12,0.0187277141958475,2.2423040866851807
Energy-force-only EquiformerV2 AD,25291,3535,12,0.0307101402431726,2.5461859703063965
Energy-force-only EquiformerV2 AD,45916,3536,15,0.0183215755969285,2.252690315246582
Energy-force-only EquiformerV2 AD,50144,3537,17,0.0203837770968675,1.805086255073548
Energy-force-only EquiformerV2 AD,49161,3538,10,0.0212111007422208,3.478159189224243
Energy-force-only EquiformerV2 AD,31301,3539,15,0.004983511287719,1.946677565574646
Energy-force-only EquiformerV2 AD,26017,3540,12,0.0208702720701694,2.83486008644104
Energy-force-only EquiformerV2 AD,10442,3541,17,0.0762793719768524,1.703561305999756
Energy-force-only EquiformerV2 AD,31958,3542,13,0.0138584831729531,2.5207087993621826
Energy-force-only EquiformerV2 AD,37235,3543,15,0.006965881679207,1.6565057039260864
Energy-force-only EquiformerV2 AD,36216,3544,15,0.0128346364945173,2.1011605262756348
Energy-force-only EquiformerV2 AD,12059,3545,14,0.0153072057291865,2.10233211517334
Energy-force-only EquiformerV2 AD,33286,3546,18,0.0215695779770612,1.52860426902771
Energy-force-only EquiformerV2 AD,5470,3547,18,0.0139441564679145,1.0160512924194336
Energy-force-only EquiformerV2 AD,50284,3548,11,0.1016587540507316,2.5608229637146
Energy-force-only EquiformerV2 AD,19773,3549,19,0.0144622223451733,1.0823931694030762
Energy-force-only EquiformerV2 AD,989,3550,13,0.0031376003753393,2.580564022064209
Energy-force-only EquiformerV2 AD,16623,3551,21,0.0051020141690969,1.0758590698242188
Energy-force-only EquiformerV2 AD,6044,3552,13,0.0388701483607292,2.0358705520629883
Energy-force-only EquiformerV2 AD,40112,3553,14,0.0112620322033762,1.548815131187439
Energy-force-only EquiformerV2 AD,48215,3554,14,0.0096770795062184,1.220420002937317
Energy-force-only EquiformerV2 AD,25814,3555,12,0.0213581528514623,2.8487844467163086
Energy-force-only EquiformerV2 AD,34128,3556,8,0.0227267798036336,4.765914440155029
Energy-force-only EquiformerV2 AD,2907,3557,13,0.0112855751067399,2.756146192550659
Energy-force-only EquiformerV2 AD,3935,3558,13,0.021913044154644,2.4160401821136475
Energy-force-only EquiformerV2 AD,15690,3559,16,0.0137022575363516,1.1191201210021973
Energy-force-only EquiformerV2 AD,22329,3560,12,0.0123435193672776,2.0154855251312256
Energy-force-only EquiformerV2 AD,34218,3561,14,0.0103315273299813,2.215387344360352
Energy-force-only EquiformerV2 AD,31363,3562,14,0.05535838752985,2.442403793334961
Energy-force-only EquiformerV2 AD,45218,3563,10,0.0476498864591121,1.1622097492218018
Energy-force-only EquiformerV2 AD,9296,3564,14,0.0211958587169647,1.7391799688339231
Energy-force-only EquiformerV2 AD,27365,3565,14,0.0270928498357534,1.513923406600952
Energy-force-only EquiformerV2 AD,28756,3566,11,0.0176578219980001,1.3924789428710938
Energy-force-only EquiformerV2 AD,16379,3567,11,0.0193762928247451,3.29174280166626
Energy-force-only EquiformerV2 AD,27413,3568,12,0.0105542661622166,2.3206584453582764
Energy-force-only EquiformerV2 AD,6980,3569,10,0.0099534373730421,3.60748553276062
Energy-force-only EquiformerV2 AD,41502,3570,12,0.0137167647480964,2.7299065589904785
Energy-force-only EquiformerV2 AD,43953,3571,18,0.0060570272617042,1.4511446952819824
Energy-force-only EquiformerV2 AD,30195,3572,10,0.0215530358254909,2.9039952754974365
Energy-force-only EquiformerV2 AD,3561,3573,17,0.0084786396473646,1.3150510787963867
Energy-force-only EquiformerV2 AD,13088,3574,16,0.015815895050764,0.9917471408843994
Energy-force-only EquiformerV2 AD,6059,3575,12,0.0094587700441479,2.855271816253662
Energy-force-only EquiformerV2 AD,16915,3576,15,0.0058661317452788,2.271397590637207
Energy-force-only EquiformerV2 AD,5689,3577,13,0.0318220518529415,2.383991241455078
Energy-force-only EquiformerV2 AD,36877,3578,17,0.0063721626065671,1.2900843620300293
Energy-force-only EquiformerV2 AD,4938,3579,13,0.0191220808774232,2.36382269859314
Energy-force-only EquiformerV2 AD,9998,3580,13,0.0111293857917189,1.4784889221191406
Energy-force-only EquiformerV2 AD,39749,3581,9,0.0231660269200801,5.508530139923096
Energy-force-only EquiformerV2 AD,41833,3582,13,0.0105587840080261,2.159029960632324
Energy-force-only EquiformerV2 AD,8614,3583,11,0.0210025757551193,2.21126389503479
Energy-force-only EquiformerV2 AD,2831,3584,8,0.0659388825297355,3.2856109142303467
Energy-force-only EquiformerV2 AD,18184,3585,15,0.0561565794050693,1.9654103517532349
Energy-force-only EquiformerV2 AD,22836,3586,13,0.0441231317818164,1.769142508506775
Energy-force-only EquiformerV2 AD,9223,3587,8,0.0553669929504394,6.440433025360107
Energy-force-only EquiformerV2 AD,28872,3588,11,0.0770775824785232,3.091115713119507
Energy-force-only EquiformerV2 AD,40163,3589,13,0.0713164806365966,2.859736680984497
Energy-force-only EquiformerV2 AD,43202,3590,12,0.0363451391458511,3.312403678894043
Energy-force-only EquiformerV2 AD,4632,3591,15,0.0139788566157221,1.5536503791809082
Energy-force-only EquiformerV2 AD,1417,3592,11,0.0099679110571742,2.946587085723877
Energy-force-only EquiformerV2 AD,15753,3593,9,0.0205022376030683,3.8399498462677
Energy-force-only EquiformerV2 AD,21446,3594,11,0.0406833440065383,2.481718301773072
Energy-force-only EquiformerV2 AD,14539,3595,14,0.0039503872394561,1.8812156915664675
Energy-force-only EquiformerV2 AD,23635,3596,13,0.0571853891015052,1.609618067741394
Energy-force-only EquiformerV2 AD,21945,3597,12,0.0116694187745451,3.2856979370117188
Energy-force-only EquiformerV2 AD,38525,3598,13,0.0236618481576442,1.6978272199630735
Energy-force-only EquiformerV2 AD,36210,3599,17,0.0123826693743467,1.857035517692566
Energy-force-only EquiformerV2 AD,43792,3600,13,0.0115495435893535,2.18072247505188
Energy-force-only EquiformerV2 AD,7664,3601,12,0.0219881944358348,2.57823133468628
Energy-force-only EquiformerV2 AD,49036,3602,16,0.0078641828149557,1.9350240230560305
Energy-force-only EquiformerV2 AD,34084,3603,17,0.0091914813965559,1.626703858375549
Energy-force-only EquiformerV2 AD,47021,3604,17,0.0057884370908141,1.7125401496887207
Energy-force-only EquiformerV2 AD,12611,3605,16,0.0193142294883728,1.5229796171188354
Energy-force-only EquiformerV2 AD,30493,3606,11,0.0091107469052076,2.7209360599517822
Energy-force-only EquiformerV2 AD,49940,3607,9,0.0860296562314033,4.538144111633301
Energy-force-only EquiformerV2 AD,4430,3608,14,0.0393028520047664,0.9146834015846252
Energy-force-only EquiformerV2 AD,3944,3609,16,0.0138398921117186,1.6231878995895386
Energy-force-only EquiformerV2 AD,46684,3610,15,0.0272444151341915,2.0019214153289795
Energy-force-only EquiformerV2 AD,10551,3611,10,0.0203997418284416,3.210930585861206
Energy-force-only EquiformerV2 AD,36258,3612,12,0.0485036261379718,3.114727735519409
Energy-force-only EquiformerV2 AD,3838,3613,11,0.0121835488826036,2.8574464321136475
Energy-force-only EquiformerV2 AD,12107,3614,12,0.0657587870955467,2.4497578144073486
Energy-force-only EquiformerV2 AD,50293,3615,14,0.0163835771381855,3.089106321334839
Energy-force-only EquiformerV2 AD,36590,3616,14,0.011840246617794,1.011036038398743
Energy-force-only EquiformerV2 AD,24546,3617,12,0.0176709126681089,3.069296360015869
Energy-force-only EquiformerV2 AD,31454,3618,12,0.0152154006063938,2.714933156967163
Energy-force-only EquiformerV2 AD,44910,3619,13,0.0383868217468261,2.130293130874634
Energy-force-only EquiformerV2 AD,39337,3620,10,0.0094738891348242,3.297351360321045
Energy-force-only EquiformerV2 AD,38195,3621,11,0.0080842738971114,2.889144897460937
Energy-force-only EquiformerV2 AD,38575,3622,17,0.014377356506884,1.8855972290039065
Energy-force-only EquiformerV2 AD,38961,3623,17,0.0315704718232154,0.994670569896698
Energy-force-only EquiformerV2 AD,36843,3624,13,0.0338580198585987,1.0833035707473757
Energy-force-only EquiformerV2 AD,22015,3625,13,0.0120757594704627,2.2957634925842285
Energy-force-only EquiformerV2 AD,11261,3626,16,0.0131971705704927,0.876002848148346
Energy-force-only EquiformerV2 AD,8046,3627,12,0.0058114053681492,2.451945781707764
Energy-force-only EquiformerV2 AD,35883,3628,19,0.0030254267621785,1.3395012617111206
Energy-force-only EquiformerV2 AD,23676,3629,16,0.0056233778595924,1.437024474143982
Energy-force-only EquiformerV2 AD,21409,3630,13,0.0355250649154186,2.2496886253356934
Energy-force-only EquiformerV2 AD,4630,3631,14,0.0169087741523981,1.145378828048706
Energy-force-only EquiformerV2 AD,12370,3632,14,0.0182754732668399,1.3142826557159424
Energy-force-only EquiformerV2 AD,35741,3633,12,0.0281577445566654,2.294677972793579
Energy-force-only EquiformerV2 AD,36121,3634,10,0.0088592749089002,3.4308741092681885
Energy-force-only EquiformerV2 AD,31202,3635,14,0.0099187167361378,2.451718807220459
Energy-force-only EquiformerV2 AD,35380,3636,13,0.0143980337306857,1.4371461868286133
Energy-force-only EquiformerV2 AD,12434,3637,17,0.0076346606947481,1.4576424360275269
Energy-force-only EquiformerV2 AD,714,3638,14,0.0344692580401897,1.3730372190475464
Energy-force-only EquiformerV2 AD,3592,3639,14,0.0079085826873779,2.0095245838165283
Energy-force-only EquiformerV2 AD,48065,3640,11,0.0064635039307177,3.1119792461395264
Energy-force-only EquiformerV2 AD,41823,3641,16,0.0143902096897363,1.4654884338378906
Energy-force-only EquiformerV2 AD,8256,3642,21,0.0046155760064721,0.939419448375702
Energy-force-only EquiformerV2 AD,44950,3643,12,0.0125207882374525,2.4978790283203125
Energy-force-only EquiformerV2 AD,10649,3644,11,0.0757279470562934,2.93996810913086
Energy-force-only EquiformerV2 AD,9644,3645,16,0.0612713024020195,1.4634530544281006
Energy-force-only EquiformerV2 AD,43391,3646,14,0.0625762864947319,1.6881561279296875
Energy-force-only EquiformerV2 AD,13121,3647,15,0.0136799998581409,0.909238576889038
Energy-force-only EquiformerV2 AD,7324,3648,12,0.009986862540245,2.758915662765503
Energy-force-only EquiformerV2 AD,38301,3649,10,0.0236447174102067,3.5262837409973145
Energy-force-only EquiformerV2 AD,4345,3650,11,0.005416614934802,2.6207218170166016
Energy-force-only EquiformerV2 AD,19196,3651,14,0.020827455446124,2.7034804821014404
Energy-force-only EquiformerV2 AD,3729,3652,9,0.0142892822623252,3.2939586639404297
Energy-force-only EquiformerV2 AD,15821,3653,12,0.0104104215279221,2.814597845077514
Energy-force-only EquiformerV2 AD,21547,3654,13,0.009594733826816,2.2327942848205566
Energy-force-only EquiformerV2 AD,44074,3655,15,0.0096732592210173,2.0873818397521973
Energy-force-only EquiformerV2 AD,28968,3656,12,0.0245658233761787,2.2722508907318115
Energy-force-only EquiformerV2 AD,40314,3657,16,0.0301949642598629,1.3040963411331177
Energy-force-only EquiformerV2 AD,16267,3658,14,0.0115368841215968,2.0763213634490967
Energy-force-only EquiformerV2 AD,49358,3659,19,0.0047064013779163,1.323003172874451
Energy-force-only EquiformerV2 AD,37011,3660,11,0.021334471181035,2.879589080810547
Energy-force-only EquiformerV2 AD,14403,3661,15,0.0084316944703459,2.348977565765381
Energy-force-only EquiformerV2 AD,10813,3662,12,0.0047708936035633,2.4850640296936035
Energy-force-only EquiformerV2 AD,42545,3663,15,0.0077359550632536,2.234896421432495
Energy-force-only EquiformerV2 AD,6324,3664,14,0.0233745016157627,1.2471466064453125
Energy-force-only EquiformerV2 AD,40527,3665,13,0.0061252675950527,2.2306325435638428
Energy-force-only EquiformerV2 AD,37364,3666,12,0.0388560220599174,2.7603890895843506
Energy-force-only EquiformerV2 AD,24224,3667,12,0.0538450889289379,2.1349198818206787
Energy-force-only EquiformerV2 AD,33267,3668,6,0.090759240090847,7.840534210205078
Energy-force-only EquiformerV2 AD,11444,3669,12,0.0179111529141664,2.413485050201416
Energy-force-only EquiformerV2 AD,15035,3670,10,0.0148973772302269,3.2441296577453613
Energy-force-only EquiformerV2 AD,26479,3671,10,0.01855637319386,1.8709229230880733
Energy-force-only EquiformerV2 AD,3686,3672,19,0.0051588276401162,1.2565078735351562
Energy-force-only EquiformerV2 AD,11832,3673,15,0.0062185386195778,1.373799443244934
Energy-force-only EquiformerV2 AD,15560,3674,8,0.0100614074617624,6.362081050872803
Energy-force-only EquiformerV2 AD,32194,3675,16,0.0111068403348326,1.7186201810836792
Energy-force-only EquiformerV2 AD,19203,3676,13,0.0300629511475563,2.325727939605713
Energy-force-only EquiformerV2 AD,28563,3677,16,0.0434601530432701,1.812643885612488
Energy-force-only EquiformerV2 AD,34206,3678,17,0.0040085278451442,1.5860086679458618
Energy-force-only EquiformerV2 AD,4235,3679,11,0.0042299116030335,3.9146149158477774
Energy-force-only EquiformerV2 AD,13764,3680,13,0.088023617863655,2.613953828811645
Energy-force-only EquiformerV2 AD,19720,3681,11,0.009211678057909,3.232198476791382
Energy-force-only EquiformerV2 AD,29396,3682,12,0.0065234969370067,3.101603746414185
Energy-force-only EquiformerV2 AD,5959,3683,13,0.0080143017694354,2.66365933418274
Energy-force-only EquiformerV2 AD,32039,3684,15,0.0181336924433708,1.9520905017852783
Energy-force-only EquiformerV2 AD,14786,3685,11,0.0190091095864772,1.4668164253234863
Energy-force-only EquiformerV2 AD,10974,3686,13,0.0413242131471633,1.826329588890076
Energy-force-only EquiformerV2 AD,3692,3687,10,0.1352941989898681,2.5620601177215576
Energy-force-only EquiformerV2 AD,18961,3688,15,0.0084426812827587,1.837651252746582
Energy-force-only EquiformerV2 AD,1126,3689,16,0.0090369200333952,1.1448112726211548
Energy-force-only EquiformerV2 AD,13873,3690,19,0.0086351223289966,1.333025574684143
Energy-force-only EquiformerV2 AD,28082,3691,16,0.0065410635434091,1.4723471403121948
Energy-force-only EquiformerV2 AD,16944,3692,12,0.0830460786819458,2.224546432495117
Energy-force-only EquiformerV2 AD,49790,3693,16,0.0169079452753067,1.7396490573883057
Energy-force-only EquiformerV2 AD,45955,3694,14,0.0055301855318248,2.304461479187012
Energy-force-only EquiformerV2 AD,38215,3695,15,0.0096799423918128,2.064972400665283
Energy-force-only EquiformerV2 AD,41637,3696,11,0.0180155839771032,2.585411548614502
Energy-force-only EquiformerV2 AD,17503,3697,16,0.004647341556847,1.6792808771133425
Energy-force-only EquiformerV2 AD,46537,3698,12,0.0087491022422909,2.790680408477783
Energy-force-only EquiformerV2 AD,15949,3699,10,0.0044660870917141,4.038249969482422
Energy-force-only EquiformerV2 AD,4222,3700,14,0.0163886584341526,2.109278678894043
Energy-force-only EquiformerV2 AD,49090,3701,15,0.0096683492884039,2.547133445739746
Energy-force-only EquiformerV2 AD,27145,3702,15,0.0168561413884162,1.6146217584609983
Energy-force-only EquiformerV2 AD,26146,3703,14,0.032884132117033,1.532681941986084
Energy-force-only EquiformerV2 AD,12462,3704,19,0.0106087354943156,1.149200677871704
Energy-force-only EquiformerV2 AD,34255,3705,16,0.0174252316355705,1.7680162191390991
Energy-force-only EquiformerV2 AD,48312,3706,14,0.0308780875056982,1.8806504011154173
Energy-force-only EquiformerV2 AD,322,3707,15,0.0247508697211742,2.200524091720581
Energy-force-only EquiformerV2 AD,18692,3708,18,0.0057239020243287,1.3551732301712036
Energy-force-only EquiformerV2 AD,3627,3709,14,0.0120338713750243,1.5070161819458008
Energy-force-only EquiformerV2 AD,42783,3710,15,0.0096126766875386,2.170186996459961
Energy-force-only EquiformerV2 AD,31022,3711,7,0.0682572424411773,3.870521306991577
Energy-force-only EquiformerV2 AD,13980,3712,19,0.0170848052948713,1.0657774209976196
Energy-force-only EquiformerV2 AD,9683,3713,9,0.0201531518250703,4.46616268157959
Energy-force-only EquiformerV2 AD,1405,3714,17,0.0083710346370935,1.797690987586975
Energy-force-only EquiformerV2 AD,25005,3715,10,0.0345291085541248,4.136486053466797
Energy-force-only EquiformerV2 AD,39995,3716,12,0.0172878038138151,1.9362049102783203
Energy-force-only EquiformerV2 AD,14725,3717,14,0.0171569213271141,1.4658468961715698
Energy-force-only EquiformerV2 AD,10823,3718,15,0.0108875632286071,1.9138535261154173
Energy-force-only EquiformerV2 AD,5393,3719,15,0.0446038469672203,0.9789170026779176
Energy-force-only EquiformerV2 AD,43126,3720,15,0.0058407727628946,1.9729275703430176
Energy-force-only EquiformerV2 AD,7035,3721,15,0.0530350767076015,2.685551166534424
Energy-force-only EquiformerV2 AD,19033,3722,13,0.0586928091943264,1.4598617553710938
Energy-force-only EquiformerV2 AD,5997,3723,10,0.0121638420969247,2.857846975326538
Energy-force-only EquiformerV2 AD,29846,3724,16,0.0146819120272994,1.232262134552002
Energy-force-only EquiformerV2 AD,47665,3725,14,0.1152411997318267,2.2722654342651367
Energy-force-only EquiformerV2 AD,2990,3726,10,0.0300085358321666,4.028448104858398
Energy-force-only EquiformerV2 AD,6823,3727,15,0.0140452999621629,2.4161829948425293
Energy-force-only EquiformerV2 AD,43014,3728,15,0.0123036205768585,1.806920289993286
Energy-force-only EquiformerV2 AD,5361,3729,12,0.0457652993500232,2.125800609588623
Energy-force-only EquiformerV2 AD,22181,3730,13,0.0139596406370401,1.0785717964172363
Energy-force-only EquiformerV2 AD,32947,3731,15,0.0169960800558328,2.2444117069244385
Energy-force-only EquiformerV2 AD,47800,3732,15,0.0152110457420349,1.8281211853027344
Energy-force-only EquiformerV2 AD,38653,3733,16,0.0074812583625316,1.6517086029052734
Energy-force-only EquiformerV2 AD,50241,3734,13,0.0145005388185381,2.7721779346466064
Energy-force-only EquiformerV2 AD,18787,3735,15,0.0044587217271327,1.9779592752456665
Energy-force-only EquiformerV2 AD,7436,3736,11,0.0673437863588333,2.89593243598938
Energy-force-only EquiformerV2 AD,43834,3737,16,0.0167325139045715,0.635982096195221
Energy-force-only EquiformerV2 AD,3186,3738,16,0.0179019793868064,0.9865546822547911
Energy-force-only EquiformerV2 AD,34710,3739,13,0.0046653728932142,2.047224521636963
Energy-force-only EquiformerV2 AD,8118,3740,16,0.0057203592732548,1.9017094373703003
Energy-force-only EquiformerV2 AD,503,3741,13,0.0433414168655872,2.788746833801269
Energy-force-only EquiformerV2 AD,46356,3742,15,0.0088975429534912,1.4953848123550415
Energy-force-only EquiformerV2 AD,44623,3743,12,0.0103964125737547,2.4962258338928223
Energy-force-only EquiformerV2 AD,42830,3744,18,0.0038920321967452,1.452226638793945
Energy-force-only EquiformerV2 AD,12435,3745,15,0.0160307046025991,1.8747406005859373
Energy-force-only EquiformerV2 AD,722,3746,12,0.0285205245018005,1.9880808591842647
Energy-force-only EquiformerV2 AD,20623,3747,14,0.035252645611763,2.0930399894714355
Energy-force-only EquiformerV2 AD,3505,3748,10,0.0173136331140995,3.889474630355835
Energy-force-only EquiformerV2 AD,38192,3749,11,0.0306826513260602,3.171765089035034
Energy-force-only EquiformerV2 AD,49406,3750,14,0.0429605469107627,1.6379520893096924
Energy-force-only EquiformerV2 AD,43892,3751,14,0.0173389296978712,1.891407012939453
Energy-force-only EquiformerV2 AD,47408,3752,11,0.0394179038703441,3.120185375213623
Energy-force-only EquiformerV2 AD,26421,3753,15,0.0100773060694336,1.8185614347457888
Energy-force-only EquiformerV2 AD,20741,3754,10,0.0602193474769592,2.533366441726685
Energy-force-only EquiformerV2 AD,967,3755,13,0.0201627388596534,1.6438812017440796
Energy-force-only EquiformerV2 AD,43418,3756,12,0.0083062322810292,2.864772081375122
Energy-force-only EquiformerV2 AD,18112,3757,19,0.0134872822090983,1.3555766344070437
Energy-force-only EquiformerV2 AD,36484,3758,17,0.0100509822368621,1.2180044651031494
Energy-force-only EquiformerV2 AD,39128,3759,10,0.0147927543148398,3.2600317001342773
Energy-force-only EquiformerV2 AD,32152,3760,13,0.0142405964434146,1.608476161956787
Energy-force-only EquiformerV2 AD,32854,3761,16,0.0377192422747612,1.6197896003723145
Energy-force-only EquiformerV2 AD,15418,3762,14,0.0172196738421916,3.017338514328003
Energy-force-only EquiformerV2 AD,1841,3763,17,0.004651864990592,1.554725170135498
Energy-force-only EquiformerV2 AD,48626,3764,16,0.0132976453751325,1.3839688301086426
Energy-force-only EquiformerV2 AD,23105,3765,11,0.0625669509172439,3.6049110889434814
Energy-force-only EquiformerV2 AD,40807,3766,14,0.0439680367708206,2.967426300048828
Energy-force-only EquiformerV2 AD,43427,3767,15,0.003650473896414,1.7048615217208862
Energy-force-only EquiformerV2 AD,8310,3768,16,0.0120582710951566,1.878635048866272
Energy-force-only EquiformerV2 AD,15783,3769,14,0.009539402090013,2.1890523433685303
Energy-force-only EquiformerV2 AD,44805,3770,16,0.022165035828948,1.0173813104629517
Energy-force-only EquiformerV2 AD,8464,3771,13,0.0258152484893798,1.6351699829101562
Energy-force-only EquiformerV2 AD,24491,3772,10,0.0700571313500404,5.194172382354736
Energy-force-only EquiformerV2 AD,45239,3773,14,0.0078808963298797,2.358582258224488
Energy-force-only EquiformerV2 AD,3724,3774,16,0.0062840403988957,1.7629832029342651
Energy-force-only EquiformerV2 AD,49959,3775,15,0.0070461388677358,1.972126722335816
Energy-force-only EquiformerV2 AD,42408,3776,14,0.0063412976451218,2.0058984756469727
Energy-force-only EquiformerV2 AD,18941,3777,15,0.0065578920766711,1.894599437713623
Energy-force-only EquiformerV2 AD,39678,3778,17,0.0056913285516202,1.4694706201553345
Energy-force-only EquiformerV2 AD,15798,3779,13,0.0360840559005737,2.515303373336792
Energy-force-only EquiformerV2 AD,41275,3780,13,0.0178279764950275,1.9210083484649656
Energy-force-only EquiformerV2 AD,14187,3781,13,0.0186143275350332,1.5334138870239258
Energy-force-only EquiformerV2 AD,9999,3782,12,0.05072957649827,3.57143235206604
Energy-force-only EquiformerV2 AD,23827,3783,12,0.0271275695413351,2.534742832183838
Energy-force-only EquiformerV2 AD,8277,3784,15,0.0095177553594112,1.6045173406600952
Energy-force-only EquiformerV2 AD,4992,3785,17,0.0122343134135007,1.4267884492874146
Energy-force-only EquiformerV2 AD,16088,3786,15,0.0199731681495904,1.0672390460968018
Energy-force-only EquiformerV2 AD,49833,3787,11,0.0178590044379234,3.3996524810791016
Energy-force-only EquiformerV2 AD,30293,3788,14,0.0156786236912012,2.29089903831482
Energy-force-only EquiformerV2 AD,11695,3789,11,0.0158312730491161,2.868437528610229
Energy-force-only EquiformerV2 AD,43789,3790,9,0.017127402126789,4.322459697723389
Energy-force-only EquiformerV2 AD,26229,3791,15,0.0125842848792672,2.3598923683166504
Energy-force-only EquiformerV2 AD,48338,3792,17,0.0050337999127805,1.5704162120819092
Energy-force-only EquiformerV2 AD,13256,3793,16,0.0032419427298009,1.634967803955078
Energy-force-only EquiformerV2 AD,44734,3794,14,0.0245494674891233,1.413686990737915
Energy-force-only EquiformerV2 AD,48634,3795,15,0.018191710114479,1.9967639446258545
Energy-force-only EquiformerV2 AD,37676,3796,12,0.0243800804018974,2.226480960845948
Energy-force-only EquiformerV2 AD,43725,3797,18,0.0143850008025765,1.6845508813858032
Energy-force-only EquiformerV2 AD,34390,3798,17,0.0313488282263278,2.004359483718872
Energy-force-only EquiformerV2 AD,10963,3799,19,0.0041563091799616,1.4053674936294556
Energy-force-only EquiformerV2 AD,9199,3800,12,0.0849589481949806,3.933004856109619
Energy-force-only EquiformerV2 AD,7535,3801,12,0.0075679975561797,2.686606407165528
Energy-force-only EquiformerV2 AD,25781,3802,13,0.0037329089827835,2.315526962280273
Energy-force-only EquiformerV2 AD,50768,3803,14,0.0335496962070465,2.70379638671875
Energy-force-only EquiformerV2 AD,47989,3804,14,0.1093852445483207,0.946481227874756
Energy-force-only EquiformerV2 AD,12588,3805,12,0.0131783122196793,2.5525689125061035
Energy-force-only EquiformerV2 AD,3661,3806,13,0.0094111440703272,2.4081919193267822
Energy-force-only EquiformerV2 AD,21994,3807,17,0.0084448000416159,1.2753076553344729
Energy-force-only EquiformerV2 AD,36648,3808,12,0.0154412984848022,2.2322206497192383
Energy-force-only EquiformerV2 AD,19993,3809,14,0.0248411558568477,1.1273576021194458
Energy-force-only EquiformerV2 AD,39557,3810,17,0.0041358973830938,1.516343355178833
Energy-force-only EquiformerV2 AD,9396,3811,16,0.0149143328890204,1.3846298456192017
Energy-force-only EquiformerV2 AD,21341,3812,16,0.004027247428894,1.692263126373291
Energy-force-only EquiformerV2 AD,45332,3813,15,0.0703388825058937,1.25031316280365
Energy-force-only EquiformerV2 AD,42280,3814,15,0.0330040790140628,1.4446172714233398
Energy-force-only EquiformerV2 AD,31045,3815,16,0.0058171339333057,1.711379051208496
Energy-force-only EquiformerV2 AD,3750,3816,14,0.009862701408565,2.0524044036865234
Energy-force-only EquiformerV2 AD,27937,3817,15,0.0082492791116237,1.7842028141021729
Energy-force-only EquiformerV2 AD,13568,3818,16,0.0187723916023969,0.6784043908119202
Energy-force-only EquiformerV2 AD,16549,3819,14,0.0140100410208106,0.998859405517578
Energy-force-only EquiformerV2 AD,30050,3820,14,0.0268725808709859,2.0120861530303955
Energy-force-only EquiformerV2 AD,41743,3821,14,0.0411102697253227,1.7190229892730713
Energy-force-only EquiformerV2 AD,44597,3822,12,0.0585185289382934,1.9158204793930047
Energy-force-only EquiformerV2 AD,2692,3823,14,0.01719874702394,2.435133457183838
Energy-force-only EquiformerV2 AD,31060,3824,17,0.0160938818007707,1.795253038406372
Energy-force-only EquiformerV2 AD,6186,3825,17,0.0085443295538425,1.2944523096084597
Energy-force-only EquiformerV2 AD,7613,3826,19,0.0389967188239097,1.245409369468689
Energy-force-only EquiformerV2 AD,41190,3827,13,0.011462970636785,2.1803550720214844
Energy-force-only EquiformerV2 AD,9128,3828,12,0.0063106948509812,3.157830238342285
Energy-force-only EquiformerV2 AD,23621,3829,12,0.0116349225863814,3.3030388355255127
Energy-force-only EquiformerV2 AD,43393,3830,16,0.0044702291488647,1.881604552268982
Energy-force-only EquiformerV2 AD,50506,3831,10,0.0321081206202507,3.388291120529175
Energy-force-only EquiformerV2 AD,47211,3832,11,0.0128237893804907,3.856650114059448
Energy-force-only EquiformerV2 AD,23522,3833,19,0.0110542317852377,1.8008280992507937
Energy-force-only EquiformerV2 AD,14032,3834,13,0.0186757650226354,2.886238574981689
Energy-force-only EquiformerV2 AD,11364,3835,16,0.0160543248057365,1.5440882444381714
Energy-force-only EquiformerV2 AD,23712,3836,16,0.0144804753363132,1.9506298303604128
Energy-force-only EquiformerV2 AD,1202,3837,11,0.0199382379651069,3.6815786361694336
Energy-force-only EquiformerV2 AD,27964,3838,15,0.0132784871384501,1.3960946798324585
Energy-force-only EquiformerV2 AD,40021,3839,14,0.0202395040541887,1.8304086923599243
Energy-force-only EquiformerV2 AD,39787,3840,19,0.0036006327718496,1.226895451545715
Energy-force-only EquiformerV2 AD,6366,3841,15,0.0231068450957536,2.541088342666626
Energy-force-only EquiformerV2 AD,7610,3842,14,0.0106377322226762,2.100859880447388
Energy-force-only EquiformerV2 AD,29804,3843,15,0.0160136632621288,2.040832042694092
Energy-force-only EquiformerV2 AD,26785,3844,13,0.0062080426141619,2.62068510055542
Energy-force-only EquiformerV2 AD,35220,3845,11,0.016764597967267,2.668959140777588
Energy-force-only EquiformerV2 AD,10671,3846,16,0.0029229568317532,1.7033480405807495
Energy-force-only EquiformerV2 AD,23936,3847,18,0.0051296846941113,1.28826642036438
Energy-force-only EquiformerV2 AD,38748,3848,17,0.018051266670227,1.471043825149536
Energy-force-only EquiformerV2 AD,16419,3849,14,0.0996090099215507,2.0331356525421143
Energy-force-only EquiformerV2 AD,40601,3850,17,0.0063345809467136,1.5086885690689087
Energy-force-only EquiformerV2 AD,6088,3851,13,0.0344664007425308,2.263303756713867
Energy-force-only EquiformerV2 AD,23426,3852,13,0.0616456307470798,1.2966761589050293
Energy-force-only EquiformerV2 AD,22726,3853,10,0.0259684510529041,2.9702162742614746
Energy-force-only EquiformerV2 AD,39283,3854,12,0.0047244965098798,2.4120304584503174
Energy-force-only EquiformerV2 AD,46270,3855,21,0.0122573701664805,0.7717791795730591
Energy-force-only EquiformerV2 AD,11517,3856,14,0.0047871032729744,2.286829948425293
Energy-force-only EquiformerV2 AD,35279,3857,17,0.0087480871006846,1.6427018642425537
Energy-force-only EquiformerV2 AD,14937,3858,12,0.0119043737649917,2.043078660964966
Energy-force-only EquiformerV2 AD,20176,3859,13,0.0091590853407979,2.3676671981811523
Energy-force-only EquiformerV2 AD,17555,3860,14,0.0091401021927595,2.1547839641571045
Energy-force-only EquiformerV2 AD,30286,3861,15,0.0139063410460948,1.531160593032837
Energy-force-only EquiformerV2 AD,1843,3862,14,0.0099219344556331,1.6228102445602417
Energy-force-only EquiformerV2 AD,29932,3863,5,0.1271241605281829,17.322980880737305
Energy-force-only EquiformerV2 AD,13755,3864,12,0.0408562906086444,2.7045302391052246
Energy-force-only EquiformerV2 AD,27519,3865,13,0.0545382983982563,1.1386489868164062
Energy-force-only EquiformerV2 AD,46477,3866,12,0.0056978892534971,2.796515226364136
Energy-force-only EquiformerV2 AD,1523,3867,14,0.0964062139391899,3.313910961151123
Energy-force-only EquiformerV2 AD,39869,3868,13,0.0268389750272035,1.234739065170288
Energy-force-only EquiformerV2 AD,43978,3869,17,0.0132819563150405,0.83741295337677
Energy-force-only EquiformerV2 AD,24947,3870,12,0.0256104674190282,2.59896183013916
Energy-force-only EquiformerV2 AD,2079,3871,12,0.0180876795202493,2.257005453109741
Energy-force-only EquiformerV2 AD,28858,3872,12,0.0136558208614587,1.8357787132263184
Energy-force-only EquiformerV2 AD,48332,3873,14,0.0356006361544132,0.9999091029167176
Energy-force-only EquiformerV2 AD,6415,3874,15,0.0195302218198776,1.8529638051986688
Energy-force-only EquiformerV2 AD,22295,3875,11,0.0098701538518071,2.81731390953064
Energy-force-only EquiformerV2 AD,39716,3876,11,0.0070027210749685,3.7417171001434326
Energy-force-only EquiformerV2 AD,43167,3877,12,0.0484936386346817,2.3391335010528564
Energy-force-only EquiformerV2 AD,44239,3878,16,0.0073555982671678,1.5590908527374268
Energy-force-only EquiformerV2 AD,7799,3879,14,0.006502381991595,2.2157657146453857
Energy-force-only EquiformerV2 AD,32949,3880,14,0.0171353351324796,2.1410489082336426
Energy-force-only EquiformerV2 AD,38486,3881,16,0.0297556184232234,0.6828567981719971
Energy-force-only EquiformerV2 AD,12102,3882,15,0.0158081818372011,1.9060437679290767
Energy-force-only EquiformerV2 AD,48826,3883,14,0.0195819698274135,2.5459604263305664
Energy-force-only EquiformerV2 AD,40169,3884,8,0.0045673847198486,4.926095008850098
Energy-force-only EquiformerV2 AD,47738,3885,18,0.0069580073468387,1.3644132614135742
Energy-force-only EquiformerV2 AD,19889,3886,10,0.0155217479914426,3.376344919204712
Energy-force-only EquiformerV2 AD,22686,3887,18,0.005191592965275,1.5745010375976562
Energy-force-only EquiformerV2 AD,49182,3888,12,0.0178786162286996,2.024400472640991
Energy-force-only EquiformerV2 AD,31438,3889,14,0.0151879098266363,1.8997658491134644
Energy-force-only EquiformerV2 AD,29075,3890,19,0.0320153199136257,1.2957998514175415
Energy-force-only EquiformerV2 AD,26548,3891,9,0.0272275358438491,2.9052305221557617
Energy-force-only EquiformerV2 AD,28011,3892,18,0.0099183870479464,1.1236464977264404
Energy-force-only EquiformerV2 AD,26524,3893,12,0.0105561250820755,2.4235944747924805
Energy-force-only EquiformerV2 AD,46073,3894,15,0.0061614159494638,1.6906319856643677
Energy-force-only EquiformerV2 AD,14029,3895,13,0.0114274760708212,2.5479161739349365
Energy-force-only EquiformerV2 AD,14286,3896,11,0.0143158547580242,2.9072258472442627
Energy-force-only EquiformerV2 AD,6689,3897,10,0.0461221486330032,4.414140701293945
Energy-force-only EquiformerV2 AD,18074,3898,17,0.0369302965700626,1.649652123451233
Energy-force-only EquiformerV2 AD,25361,3899,15,0.0100391115993261,2.0059192180633545
Energy-force-only EquiformerV2 AD,11789,3900,11,0.0125622255727648,3.1127307415008545
Energy-force-only EquiformerV2 AD,32249,3901,5,0.0215217173099517,8.926904678344727
Energy-force-only EquiformerV2 AD,47713,3902,16,0.0166715029627084,1.2278194427490234
Energy-force-only EquiformerV2 AD,24317,3903,19,0.0063922447152435,1.5954082012176514
Energy-force-only EquiformerV2 AD,7198,3904,16,0.0097792986780405,1.811007618904113
Energy-force-only EquiformerV2 AD,46429,3905,8,0.0553997457027435,6.439208030700684
Energy-force-only EquiformerV2 AD,21454,3906,10,0.0341225638985633,3.658957958221436
Energy-force-only EquiformerV2 AD,33727,3907,19,0.0236996840685606,1.1775192022323608
Energy-force-only EquiformerV2 AD,35526,3908,15,0.0204330943524837,1.6740496158599854
Energy-force-only EquiformerV2 AD,19481,3909,15,0.0073050837963819,1.77676522731781
Energy-force-only EquiformerV2 AD,47843,3910,15,0.0686056464910507,2.4132232666015625
Energy-force-only EquiformerV2 AD,45930,3911,13,0.0260688867419958,1.4984729290008545
Energy-force-only EquiformerV2 AD,11108,3912,9,0.075851522386074,2.947998285293579
Energy-force-only EquiformerV2 AD,18589,3913,13,0.0117937661707401,2.144986867904663
Energy-force-only EquiformerV2 AD,5162,3914,18,0.0099839586764574,1.2886213064193726
Energy-force-only EquiformerV2 AD,14099,3915,13,0.0301752742379903,2.9918103218078613
Energy-force-only EquiformerV2 AD,29007,3916,14,0.0059360633604228,2.2863590717315674
Energy-force-only EquiformerV2 AD,20307,3917,12,0.0132738053798675,2.4102048873901367
Energy-force-only EquiformerV2 AD,44051,3918,15,0.0061237066984176,1.7798235416412354
Energy-force-only EquiformerV2 AD,11070,3919,12,0.009743177331984,2.578815221786499
Energy-force-only EquiformerV2 AD,20150,3920,19,0.0686183720827102,1.5909364223480225
Energy-force-only EquiformerV2 AD,50613,3921,14,0.007528041023761,2.328923225402832
Energy-force-only EquiformerV2 AD,18551,3922,10,0.045006439089775,4.019776344299316
Energy-force-only EquiformerV2 AD,45638,3923,17,0.0084160789847373,1.4062219858169556
Energy-force-only EquiformerV2 AD,46105,3924,12,0.0203342735767364,2.0134456157684326
Energy-force-only EquiformerV2 AD,28032,3925,16,0.0099624190479516,1.6991230249404907
Energy-force-only EquiformerV2 AD,43040,3926,19,0.0030772995669394,1.2999789714813232
Energy-force-only EquiformerV2 AD,16748,3927,16,0.0137031450867652,1.560558557510376
Energy-force-only EquiformerV2 AD,30176,3928,16,0.0105502661317586,1.790715575218201
Energy-force-only EquiformerV2 AD,8045,3929,13,0.0106602162122726,2.8719985485076904
Energy-force-only EquiformerV2 AD,11781,3930,14,0.0063523794524371,1.852627396583557
Energy-force-only EquiformerV2 AD,12364,3931,13,0.0194576121866703,2.51426649093628
Energy-force-only EquiformerV2 AD,26644,3932,19,0.0126220807433128,1.0090714693069458
Energy-force-only EquiformerV2 AD,17875,3933,16,0.0177083201706409,1.9162436723709104
Energy-force-only EquiformerV2 AD,23156,3934,15,0.0518254935741424,1.4475667476654053
Energy-force-only EquiformerV2 AD,4872,3935,12,0.0105647193267941,2.84373426437378
Energy-force-only EquiformerV2 AD,20769,3936,14,0.0188142377883195,2.2485275268554688
Energy-force-only EquiformerV2 AD,46201,3937,12,0.0171355661004781,2.3207178115844727
Energy-force-only EquiformerV2 AD,37346,3938,16,0.0317698679864406,1.5035077333450315
Energy-force-only EquiformerV2 AD,1280,3939,14,0.0059479936026036,1.7968624830245972
Energy-force-only EquiformerV2 AD,14412,3940,13,0.0283466279506683,2.4439938068389893
Energy-force-only EquiformerV2 AD,2788,3941,11,0.0126432217657566,2.1664040088653564
Energy-force-only EquiformerV2 AD,12333,3942,13,0.0033629215322434,1.970738649368286
Energy-force-only EquiformerV2 AD,47370,3943,14,0.0109766451641917,2.251694440841675
Energy-force-only EquiformerV2 AD,5832,3944,12,0.0121276769787073,2.7486817836761475
Energy-force-only EquiformerV2 AD,5554,3945,19,0.0215184781700372,1.1526695489883425
Energy-force-only EquiformerV2 AD,12782,3946,13,0.0169733241200447,1.835150957107544
Energy-force-only EquiformerV2 AD,8356,3947,15,0.0198227167129516,1.5458420515060425
Energy-force-only EquiformerV2 AD,39736,3948,12,0.0147252781316638,2.111135959625244
Energy-force-only EquiformerV2 AD,15545,3949,12,0.0139418048784136,2.6088573932647705
Energy-force-only EquiformerV2 AD,37992,3950,17,0.0126387039199471,1.729184865951538
Energy-force-only EquiformerV2 AD,29776,3951,16,0.0032269274815917,1.6477303504943848
Energy-force-only EquiformerV2 AD,36925,3952,12,0.0308107528835535,1.4910038709640503
Energy-force-only EquiformerV2 AD,21344,3953,10,0.007357180584222,4.400991439819336
Energy-force-only EquiformerV2 AD,9969,3954,16,0.0210124310106039,2.058551073074341
Energy-force-only EquiformerV2 AD,16737,3955,6,0.0359838791191577,8.09317398071289
Energy-force-only EquiformerV2 AD,1559,3956,13,0.0306219197809696,3.16044020652771
Energy-force-only EquiformerV2 AD,17383,3957,14,0.0032992321066558,2.0981040000915527
Energy-force-only EquiformerV2 AD,45242,3958,11,0.0124147590249776,2.5074636936187744
Energy-force-only EquiformerV2 AD,36473,3959,16,0.0095394682139158,1.5654778480529783
Energy-force-only EquiformerV2 AD,25020,3960,15,0.0248016901314258,2.752970933914185
Energy-force-only EquiformerV2 AD,48935,3961,6,0.0576920099556446,7.789917945861816
Energy-force-only EquiformerV2 AD,50388,3962,15,0.0143207041546702,2.1316237449646
Energy-force-only EquiformerV2 AD,37843,3963,13,0.0176428295671939,1.2568058967590332
Energy-force-only EquiformerV2 AD,19877,3964,15,0.0061918208375573,2.442631244659424
Energy-force-only EquiformerV2 AD,30962,3965,14,0.0094446055591106,2.30453896522522
Energy-force-only EquiformerV2 AD,34836,3966,14,0.0184310618788003,2.531836032867432
Energy-force-only EquiformerV2 AD,46892,3967,14,0.013531656935811,2.738555908203125
Energy-force-only EquiformerV2 AD,2948,3968,11,0.0100311459973454,3.047335863113404
Energy-force-only EquiformerV2 AD,33149,3969,13,0.0149891758337616,2.49332594871521
Energy-force-only EquiformerV2 AD,563,3970,12,0.0132829658687114,3.179716110229492
Energy-force-only EquiformerV2 AD,4865,3971,12,0.0417986176908016,1.8808025121688845
Energy-force-only EquiformerV2 AD,23322,3972,14,0.0293875485658645,1.1727215051651
Energy-force-only EquiformerV2 AD,4096,3973,15,0.0063582714647054,1.9589484930038448
Energy-force-only EquiformerV2 AD,31465,3974,13,0.0101458756253123,2.239479780197144
Energy-force-only EquiformerV2 AD,23851,3975,21,0.0137021988630294,0.7947170734405518
Energy-force-only EquiformerV2 AD,43656,3976,14,0.0172471720725297,2.39567494392395
Energy-force-only EquiformerV2 AD,49935,3977,11,0.0166913829743862,3.5338997840881348
Energy-force-only EquiformerV2 AD,355,3978,10,0.0421470515429973,3.4893739223480225
Energy-force-only EquiformerV2 AD,13098,3979,12,0.0035520493984222,3.0347740650177
Energy-force-only EquiformerV2 AD,19201,3980,15,0.0155735770240426,1.861295819282532
Energy-force-only EquiformerV2 AD,36902,3981,11,0.0265312492847442,2.4783935546875
Energy-force-only EquiformerV2 AD,11211,3982,17,0.0100823640823364,1.348397135734558
Energy-force-only EquiformerV2 AD,27650,3983,11,0.0140876611694693,2.7245123386383057
Energy-force-only EquiformerV2 AD,21267,3984,11,0.0117759760469198,2.7396769523620605
Energy-force-only EquiformerV2 AD,9903,3985,14,0.00503771007061,2.008218765258789
Energy-force-only EquiformerV2 AD,25009,3986,19,0.011844084598124,1.002334475517273
Energy-force-only EquiformerV2 AD,40342,3987,11,0.0250893905758857,2.94472599029541
Energy-force-only EquiformerV2 AD,22122,3988,16,0.011595306918025,1.8803554773330688
Energy-force-only EquiformerV2 AD,18788,3989,14,0.0458194725215435,1.414963960647583
Energy-force-only EquiformerV2 AD,10175,3990,9,0.0217846818268299,3.8685011863708496
Energy-force-only EquiformerV2 AD,2516,3991,14,0.0064074015244841,1.831380844116211
Energy-force-only EquiformerV2 AD,40071,3992,14,0.0046480689197778,2.171331882476806
Energy-force-only EquiformerV2 AD,34825,3993,13,0.0586126148700714,3.402886390686035
Energy-force-only EquiformerV2 AD,37589,3994,11,0.0204336680471897,2.462275981903076
Energy-force-only EquiformerV2 AD,14577,3995,13,0.0061655701138079,2.5235207080841064
Energy-force-only EquiformerV2 AD,37127,3996,18,0.0249076690524816,1.729689121246338
Energy-force-only EquiformerV2 AD,27134,3997,10,0.0450276136398315,4.025315284729004
Energy-force-only EquiformerV2 AD,35417,3998,10,0.0084053808823227,4.488088130950928
Energy-force-only EquiformerV2 AD,928,3999,16,0.0069289258681237,2.0180370807647705
Energy-force-only EquiformerV2 AD,46435,4000,14,0.0104661649093031,2.726741313934326
Energy-force-only EquiformerV2 AD,20711,4001,8,0.0156931169331073,4.390323162078857
Energy-force-only EquiformerV2 AD,32770,4002,13,0.0427492260932922,2.605543375015259
Energy-force-only EquiformerV2 AD,31066,4003,12,0.012062419205904,3.2527823448181152
Energy-force-only EquiformerV2 AD,27471,4004,12,0.0263463724404573,1.4767522811889648
Energy-force-only EquiformerV2 AD,35362,4005,15,0.0088555756956338,1.8188512325286863
Energy-force-only EquiformerV2 AD,49649,4006,19,0.0594203434884548,2.2964956760406494
Energy-force-only EquiformerV2 AD,2778,4007,15,0.0193034093827009,1.813313603401184
Energy-force-only EquiformerV2 AD,23023,4008,15,0.0081313615664839,1.9542932510375977
Energy-force-only EquiformerV2 AD,16093,4009,14,0.0292445365339517,1.9087514877319336
Energy-force-only EquiformerV2 AD,28125,4010,15,0.0047969720326364,1.7370312213897705
Energy-force-only EquiformerV2 AD,3402,4011,12,0.0313897877931594,2.436880111694336
Energy-force-only EquiformerV2 AD,36069,4012,14,0.0107566053047776,1.8040279150009155
Energy-force-only EquiformerV2 AD,21626,4013,13,0.0112950736656785,1.899795651435852
Energy-force-only EquiformerV2 AD,15408,4014,21,0.0080810720100998,1.2334043979644775
Energy-force-only EquiformerV2 AD,33572,4015,10,0.0952656343579292,4.146116256713867
Energy-force-only EquiformerV2 AD,15671,4016,10,0.118628554046154,4.11622953414917
Energy-force-only EquiformerV2 AD,19084,4017,15,0.0112025393173098,1.1318022012710571
Energy-force-only EquiformerV2 AD,47614,4018,17,0.0128027722239494,0.8127930164337158
Energy-force-only EquiformerV2 AD,33454,4019,17,0.0060531748458743,1.5849919319152832
Energy-force-only EquiformerV2 AD,14963,4020,15,0.0123705584555864,2.3821499347686768
Energy-force-only EquiformerV2 AD,22432,4021,16,0.0040511852130293,1.6171146631240845
Energy-force-only EquiformerV2 AD,11447,4022,12,0.0070682913064956,2.5774590969085693
Energy-force-only EquiformerV2 AD,6274,4023,17,0.0057723233476281,1.5551356077194214
Energy-force-only EquiformerV2 AD,40249,4024,15,0.0055723879486322,2.010044574737549
Energy-force-only EquiformerV2 AD,38205,4025,14,0.0095874043181538,2.109558582305908
Energy-force-only EquiformerV2 AD,5222,4026,19,0.0143553493544459,0.907406747341156
Energy-force-only EquiformerV2 AD,1161,4027,17,0.0048282612115144,1.6267375946044922
Energy-force-only EquiformerV2 AD,5919,4028,15,0.0132699543610215,1.924288392066956
Energy-force-only EquiformerV2 AD,30178,4029,13,0.0158249121159315,2.2326457500457764
Energy-force-only EquiformerV2 AD,329,4030,16,0.0335589498281478,1.1652036905288696
Energy-force-only EquiformerV2 AD,45142,4031,17,0.0137247387319803,1.433751940727234
Energy-force-only EquiformerV2 AD,27446,4032,16,0.0392255596816539,2.33201003074646
Energy-force-only EquiformerV2 AD,30467,4033,16,0.043176244944334,1.8589458465576167
Energy-force-only EquiformerV2 AD,31628,4034,17,0.0065195732749998,1.2740541696548462
Energy-force-only EquiformerV2 AD,70,4035,14,0.0074361087754368,2.1939504146575928
Energy-force-only EquiformerV2 AD,25189,4036,17,0.0302134733647108,1.247318983078003
Energy-force-only EquiformerV2 AD,42540,4037,6,0.0382121205329895,9.459344863891602
Energy-force-only EquiformerV2 AD,5577,4038,19,0.0028090556152164,1.460071682929993
Energy-force-only EquiformerV2 AD,29418,4039,12,0.0120922541245818,2.9699206352233887
Energy-force-only EquiformerV2 AD,44023,4040,14,0.0056452308781445,1.829867959022522
Energy-force-only EquiformerV2 AD,7981,4041,10,0.0782657787203788,1.4016796350479126
Energy-force-only EquiformerV2 AD,4444,4042,12,0.0157316625118255,2.210078239440918
Energy-force-only EquiformerV2 AD,19488,4043,12,0.0124179851263761,2.461082220077514
Energy-force-only EquiformerV2 AD,1516,4044,11,0.0047415308654308,2.4572582244873047
Energy-force-only EquiformerV2 AD,31405,4045,16,0.0142975505441427,1.6983091831207275
Energy-force-only EquiformerV2 AD,6703,4046,11,0.0120978495106101,3.5532188415527344
Energy-force-only EquiformerV2 AD,35596,4047,15,0.0165864769369363,1.358582615852356
Energy-force-only EquiformerV2 AD,9791,4048,15,0.0081896409392356,1.9158470630645752
Energy-force-only EquiformerV2 AD,20794,4049,11,0.013034994713962,1.94598925113678
Energy-force-only EquiformerV2 AD,26133,4050,19,0.0224158354103565,1.245889663696289
Energy-force-only EquiformerV2 AD,43703,4051,12,0.0180011726915836,2.44456434249878
Energy-force-only EquiformerV2 AD,48844,4052,12,0.0858890637755394,1.3100239038467407
Energy-force-only EquiformerV2 AD,34405,4053,15,0.0056340438313782,2.180237054824829
Energy-force-only EquiformerV2 AD,33709,4054,15,0.0315722860395908,1.4484418630599976
Energy-force-only EquiformerV2 AD,16378,4055,14,0.0229201652109622,2.343566417694092
Energy-force-only EquiformerV2 AD,28473,4056,15,0.0318521670997142,1.811289668083191
Energy-force-only EquiformerV2 AD,29676,4057,12,0.0183026101440191,3.034897565841675
Energy-force-only EquiformerV2 AD,22898,4058,9,0.0104017723351717,4.435073375701904
Energy-force-only EquiformerV2 AD,46759,4059,10,0.017795130610466,3.397075653076172
Energy-force-only EquiformerV2 AD,13109,4060,15,0.0114470832049846,1.852296233177185
Energy-force-only EquiformerV2 AD,26641,4061,15,0.0107270181179046,2.068835735321045
Energy-force-only EquiformerV2 AD,46447,4062,14,0.0115203885361552,1.2585396766662598
Energy-force-only EquiformerV2 AD,49084,4063,7,0.0463733673095703,5.683945178985596
Energy-force-only EquiformerV2 AD,31610,4064,15,0.0113234771415591,2.009368658065796
Energy-force-only EquiformerV2 AD,44641,4065,14,0.0225634351372718,1.733027100563049
Energy-force-only EquiformerV2 AD,32552,4066,12,0.0080376965925097,2.4627296924591064
Energy-force-only EquiformerV2 AD,1613,4067,15,0.0045824130065739,1.8435455560684204
Energy-force-only EquiformerV2 AD,46579,4068,14,0.0037452280521392,2.022280216217041
Energy-force-only EquiformerV2 AD,24616,4069,10,0.0105104446411132,3.49568247795105
Energy-force-only EquiformerV2 AD,4544,4070,16,0.0110983308404684,1.7658172845840454
Energy-force-only EquiformerV2 AD,29178,4071,16,0.0267713889479637,2.126253604888916
Energy-force-only EquiformerV2 AD,11500,4072,12,0.0122280251234769,2.895446538925171
Energy-force-only EquiformerV2 AD,26628,4073,12,0.0128745585680007,2.6282613277435303
Energy-force-only EquiformerV2 AD,1140,4074,16,0.0203126408159732,1.296189546585083
Energy-force-only EquiformerV2 AD,48791,4075,9,0.0474483296275138,4.109466075897217
Energy-force-only EquiformerV2 AD,1991,4076,16,0.0409848056733608,2.0751965045928955
Energy-force-only EquiformerV2 AD,12366,4077,15,0.0132360076531767,1.918948650360108
Energy-force-only EquiformerV2 AD,34919,4078,11,0.0194900576025247,2.7742815017700195
Energy-force-only EquiformerV2 AD,14388,4079,14,0.0132271340116858,1.669306755065918
Energy-force-only EquiformerV2 AD,28242,4080,16,0.0047599971294403,1.782928228378296
Energy-force-only EquiformerV2 AD,35969,4081,17,0.0184408593922853,1.2272621393203735
Energy-force-only EquiformerV2 AD,43556,4082,12,0.0343022421002388,2.7126502990722656
Energy-force-only EquiformerV2 AD,197,4083,17,0.0222064983099699,1.6690638065338137
Energy-force-only EquiformerV2 AD,10676,4084,15,0.0123049616813659,1.7700525522232056
Energy-force-only EquiformerV2 AD,2883,4085,12,0.0130141079425811,2.840462684631348
Energy-force-only EquiformerV2 AD,9822,4086,18,0.0064308121800422,1.4291287660598757
Energy-force-only EquiformerV2 AD,13462,4087,14,0.0168807134032249,1.8393356800079343
Energy-force-only EquiformerV2 AD,37613,4088,13,0.0621118173003196,1.8825451135635376
Energy-force-only EquiformerV2 AD,44565,4089,12,0.0046766959130764,2.2561848163604736
Energy-force-only EquiformerV2 AD,1095,4090,15,0.0040860953740775,2.1350553035736084
Energy-force-only EquiformerV2 AD,4308,4091,12,0.0329540558159351,2.1037280559539795
Energy-force-only EquiformerV2 AD,27044,4092,14,0.008452596142888,1.8073128461837769
Energy-force-only EquiformerV2 AD,3245,4093,15,0.0205347258597612,1.6178293228149414
Energy-force-only EquiformerV2 AD,26941,4094,12,0.0080932909622788,2.343002796173096
Energy-force-only EquiformerV2 AD,23348,4095,17,0.0076468805782496,1.3054261207580566
Energy-force-only EquiformerV2 AD,28084,4096,14,0.0099071031436324,1.8622307777404783
Energy-force-only EquiformerV2 AD,19925,4097,12,0.0311803482472896,3.0223581790924072
Energy-force-only EquiformerV2 AD,42815,4098,13,0.0272390842437744,2.034286975860596
Energy-force-only EquiformerV2 AD,30678,4099,15,0.0063200672157108,2.0548579692840576
Energy-force-only EquiformerV2 AD,47249,4100,15,0.0098561672493815,1.725211501121521
Energy-force-only EquiformerV2 AD,45552,4101,12,0.0323710404336452,2.749234437942505
Energy-force-only EquiformerV2 AD,10336,4102,10,0.0368394441902637,2.620596408843994
Energy-force-only EquiformerV2 AD,17262,4103,14,0.0098389917984604,1.6211285591125488
Energy-force-only EquiformerV2 AD,9928,4104,17,0.0045008454471826,1.5922361612319946
Energy-force-only EquiformerV2 AD,10802,4105,15,0.011219554580748,1.6664119958877563
Energy-force-only EquiformerV2 AD,27547,4106,13,0.0271364916115999,1.91728675365448
Energy-force-only EquiformerV2 AD,29940,4107,15,0.0373728387057781,2.9943273067474365
Energy-force-only EquiformerV2 AD,1443,4108,19,0.0107834283262491,0.6775704622268677
Energy-force-only EquiformerV2 AD,41911,4109,16,0.0294047724455595,1.4317541122436523
Energy-force-only EquiformerV2 AD,39911,4110,12,0.0141619378700852,2.367371082305908
Energy-force-only EquiformerV2 AD,23818,4111,12,0.0309165976941585,2.785675048828125
Energy-force-only EquiformerV2 AD,45917,4112,16,0.0286696925759315,1.7207831144332886
Energy-force-only EquiformerV2 AD,39683,4113,15,0.0314842425286769,1.901814579963684
Energy-force-only EquiformerV2 AD,26799,4114,17,0.0123575273901224,1.5051788091659546
Energy-force-only EquiformerV2 AD,29663,4115,17,0.0073244292289018,1.434980869293213
Energy-force-only EquiformerV2 AD,37448,4116,10,0.0640590041875839,4.714158058166504
Energy-force-only EquiformerV2 AD,17930,4117,15,0.0184472855180501,2.0537240505218506
Energy-force-only EquiformerV2 AD,8161,4118,13,0.0039476156234741,2.632324457168579
Energy-force-only EquiformerV2 AD,43444,4119,14,0.0059651592746376,1.7936054468154907
Energy-force-only EquiformerV2 AD,16895,4120,12,0.0098621500656008,2.914727210998535
Energy-force-only EquiformerV2 AD,26568,4121,13,0.0072046471759676,2.3137729167938232
Energy-force-only EquiformerV2 AD,19377,4122,13,0.0321221835911273,1.708100199699402
Energy-force-only EquiformerV2 AD,6158,4123,17,0.04560012742877,1.418006420135498
Energy-force-only EquiformerV2 AD,34263,4124,17,0.0048238644376397,1.434422731399536
Energy-force-only EquiformerV2 AD,18860,4125,9,0.013332744129002,3.690194606781006
Energy-force-only EquiformerV2 AD,37117,4126,17,0.0135292885825037,1.3468414545059204
Energy-force-only EquiformerV2 AD,48443,4127,16,0.0087530948221683,1.0184046030044556
Energy-force-only EquiformerV2 AD,40319,4128,16,0.0140426065772771,2.145327568054199
Energy-force-only EquiformerV2 AD,15702,4129,15,0.0087766870856285,2.3217241764068604
Energy-force-only EquiformerV2 AD,41522,4130,8,0.021502723917365,4.229397296905518
Energy-force-only EquiformerV2 AD,30452,4131,13,0.0248915459960699,3.1693921089172363
Energy-force-only EquiformerV2 AD,3126,4132,13,0.0150659149512648,2.0290589332580566
Energy-force-only EquiformerV2 AD,38933,4133,13,0.0304861217737197,2.094432592391968
Energy-force-only EquiformerV2 AD,8340,4134,12,0.0093561178073287,3.203683376312256
Energy-force-only EquiformerV2 AD,16913,4135,15,0.0300794392824172,2.179727554321289
Energy-force-only EquiformerV2 AD,19879,4136,18,0.0259218234568834,1.2194169759750366
Energy-force-only EquiformerV2 AD,40051,4137,14,0.016518609598279,2.2994613647460938
Energy-force-only EquiformerV2 AD,39358,4138,12,0.0419571809470653,4.265064716339111
Energy-force-only EquiformerV2 AD,21246,4139,16,0.0060831755399703,1.3607367277145386
Energy-force-only EquiformerV2 AD,49033,4140,14,0.0467693321406841,1.981489300727844
Energy-force-only EquiformerV2 AD,18918,4141,14,0.0161979608237743,2.24497652053833
Energy-force-only EquiformerV2 AD,28413,4142,12,0.0089725106954574,2.5564680099487305
Energy-force-only EquiformerV2 AD,23603,4143,14,0.0130015611648559,1.6629407405853271
Energy-force-only EquiformerV2 AD,41135,4144,15,0.0076146139763295,1.9569456577301023
Energy-force-only EquiformerV2 AD,37903,4145,14,0.0312855318188667,1.2882477045059204
Energy-force-only EquiformerV2 AD,45894,4146,11,0.052260834723711,2.195763111114502
Energy-force-only EquiformerV2 AD,30396,4147,10,0.0422448851168155,1.3523231744766235
Energy-force-only EquiformerV2 AD,26369,4148,12,0.0189077723771333,2.174807071685791
Energy-force-only EquiformerV2 AD,34769,4149,12,0.0550435744225978,3.473695755004883
Energy-force-only EquiformerV2 AD,41289,4150,12,0.0428442955017089,2.3999557495117188
Energy-force-only EquiformerV2 AD,7523,4151,16,0.0062566231936216,1.3441780805587769
Energy-force-only EquiformerV2 AD,36286,4152,15,0.0054769744165241,1.9545981884002688
Energy-force-only EquiformerV2 AD,24323,4153,11,0.0073374900966882,3.541813373565674
Energy-force-only EquiformerV2 AD,7160,4154,16,0.0115061085671186,1.971774220466613
Energy-force-only EquiformerV2 AD,37751,4155,15,0.0081602204591035,2.3689839839935303
Energy-force-only EquiformerV2 AD,9461,4156,11,0.0106044001877307,3.05243182182312
Energy-force-only EquiformerV2 AD,18559,4157,15,0.0164884272962808,1.6290401220321655
Energy-force-only EquiformerV2 AD,39411,4158,15,0.0067715952172875,1.654045581817627
Energy-force-only EquiformerV2 AD,32094,4159,13,0.007587315980345,2.383904457092285
Energy-force-only EquiformerV2 AD,2801,4160,16,0.0176691394299268,1.8206418752670288
Energy-force-only EquiformerV2 AD,41810,4161,17,0.0041655367240309,1.5107039213180542
Energy-force-only EquiformerV2 AD,10452,4162,9,0.0125283021479845,5.101434230804443
Energy-force-only EquiformerV2 AD,253,4163,16,0.0289275236427783,2.2284884452819824
Energy-force-only EquiformerV2 AD,38473,4164,17,0.0206212177872657,1.7318121194839478
Energy-force-only EquiformerV2 AD,36331,4165,10,0.0308734402060508,3.722545146942138
Energy-force-only EquiformerV2 AD,40411,4166,19,0.0077835144475102,1.643322467803955
Energy-force-only EquiformerV2 AD,40435,4167,16,0.0244965832680463,2.2496559619903564
Energy-force-only EquiformerV2 AD,28116,4168,15,0.0149692315608263,2.21937894821167
Energy-force-only EquiformerV2 AD,16764,4169,17,0.0443816967308521,1.4145402908325195
Energy-force-only EquiformerV2 AD,50013,4170,14,0.0208079013973474,1.8106507062911987
Energy-force-only EquiformerV2 AD,34404,4171,14,0.009089826606214,2.481572151184082
Energy-force-only EquiformerV2 AD,11825,4172,13,0.0084466366097331,2.5175907611846924
Energy-force-only EquiformerV2 AD,34486,4173,15,0.0587098337709903,1.3897091150283811
Energy-force-only EquiformerV2 AD,25109,4174,14,0.020603971555829,2.246632099151612
Energy-force-only EquiformerV2 AD,647,4175,19,0.0290079824626445,1.7661752700805664
Energy-force-only EquiformerV2 AD,9496,4176,14,0.0134483091533184,2.629267692565918
Energy-force-only EquiformerV2 AD,38743,4177,9,0.059190459549427,2.9587693214416504
Energy-force-only EquiformerV2 AD,25691,4178,12,0.0609620735049247,1.927779197692871
Energy-force-only EquiformerV2 AD,9344,4179,13,0.0241644512861967,2.097766399383545
Energy-force-only EquiformerV2 AD,28750,4180,11,0.0134515920653939,3.484034538269043
Energy-force-only EquiformerV2 AD,16838,4181,16,0.0124012930318713,1.090068221092224
Energy-force-only EquiformerV2 AD,27492,4182,15,0.0176059305667877,1.5570756196975708
Energy-force-only EquiformerV2 AD,1009,4183,9,0.0386175848543643,3.179555654525757
Energy-force-only EquiformerV2 AD,19519,4184,11,0.0092138033360242,3.587226152420044
Energy-force-only EquiformerV2 AD,46395,4185,13,0.0199096873402595,1.9323670864105225
Energy-force-only EquiformerV2 AD,32009,4186,11,0.00854058470577,3.3217427730560303
Energy-force-only EquiformerV2 AD,23186,4187,15,0.0096800541505217,2.516803503036499
Energy-force-only EquiformerV2 AD,40947,4188,12,0.0112078320235013,1.469322681427002
Energy-force-only EquiformerV2 AD,24090,4189,15,0.0108494274318218,2.4545557498931885
Energy-force-only EquiformerV2 AD,12533,4190,13,0.0091456649824976,2.297195672988892
Energy-force-only EquiformerV2 AD,17148,4191,13,0.0105313342064619,2.32301926612854
Energy-force-only EquiformerV2 AD,28703,4192,16,0.0108225848525762,0.7313022613525391
Energy-force-only EquiformerV2 AD,44247,4193,12,0.0153498286381363,2.5222675800323486
Energy-force-only EquiformerV2 AD,35334,4194,11,0.0372652411460876,1.9055119752883911
Energy-force-only EquiformerV2 AD,48061,4195,14,0.0555023476481437,2.5813305377960205
Energy-force-only EquiformerV2 AD,1210,4196,11,0.0211269799619913,2.003040313720703
Energy-force-only EquiformerV2 AD,369,4197,11,0.0077119246125221,3.184476375579834
Energy-force-only EquiformerV2 AD,17922,4198,14,0.0039711487479507,1.955572247505188
Energy-force-only EquiformerV2 AD,1196,4199,14,0.0071756998077034,2.497945070266724
Energy-force-only EquiformerV2 AD,16019,4200,16,0.0074765025638043,1.2484711408615112
Energy-force-only EquiformerV2 AD,23875,4201,16,0.0031855287961661,1.5472058057785034
Energy-force-only EquiformerV2 AD,16459,4202,13,0.0817188769578933,2.047848701477051
Energy-force-only EquiformerV2 AD,8318,4203,15,0.0108143985271453,2.1091349124908447
Energy-force-only EquiformerV2 AD,36197,4204,15,0.0122746909037232,1.6994454860687256
Energy-force-only EquiformerV2 AD,31259,4205,11,0.017144076526165,2.628265619277954
Energy-force-only EquiformerV2 AD,25293,4206,17,0.0120773902162909,1.530895709991455
Energy-force-only EquiformerV2 AD,34341,4207,13,0.025077411904931,1.273466944694519
Energy-force-only EquiformerV2 AD,42791,4208,13,0.011862046085298,2.2730300426483154
Energy-force-only EquiformerV2 AD,20361,4209,21,0.0089587904512882,1.1065125465393066
Energy-force-only EquiformerV2 AD,31558,4210,12,0.0224239695817232,2.896219491958618
Energy-force-only EquiformerV2 AD,40133,4211,12,0.0399063453078269,2.4658219814300537
Energy-force-only EquiformerV2 AD,11310,4212,10,0.0345835834741592,3.388535499572754
Energy-force-only EquiformerV2 AD,29452,4213,16,0.0125554483383893,2.082549333572388
Energy-force-only EquiformerV2 AD,26772,4214,16,0.0133795430883765,1.716948628425598
Energy-force-only EquiformerV2 AD,16294,4215,21,0.0062899277545511,1.1385191679000854
Energy-force-only EquiformerV2 AD,6177,4216,19,0.0168975740671157,1.3171663284301758
Energy-force-only EquiformerV2 AD,37760,4217,14,0.0113724702969193,2.766737461090088
Energy-force-only EquiformerV2 AD,21047,4218,15,0.0220580548048019,1.5601717233657837
Energy-force-only EquiformerV2 AD,11628,4219,15,0.0054163197055459,2.1752965450286865
Energy-force-only EquiformerV2 AD,15324,4220,10,0.3818596303462982,2.810054302215576
Energy-force-only EquiformerV2 AD,44370,4221,12,0.0519661754369735,2.6145360469818115
Energy-force-only EquiformerV2 AD,19490,4222,11,0.0202617421746253,2.8662269115448
Energy-force-only EquiformerV2 AD,26142,4223,16,0.019961841404438,1.6243644952774048
Energy-force-only EquiformerV2 AD,9263,4224,15,0.0280867125838994,1.6230515241622925
Energy-force-only EquiformerV2 AD,38066,4225,10,0.0155704449862241,3.1885416507720947
Energy-force-only EquiformerV2 AD,15822,4226,14,0.018974807113409,1.2476028203964231
Energy-force-only EquiformerV2 AD,47727,4227,16,0.0036904651205986,1.7174290418624878
Energy-force-only EquiformerV2 AD,17015,4228,14,0.0035121242981404,1.936033606529236
Energy-force-only EquiformerV2 AD,10799,4229,14,0.0083894040435552,1.7782915830612185
Energy-force-only EquiformerV2 AD,38556,4230,15,0.0051793693564832,2.236880302429199
Energy-force-only EquiformerV2 AD,6632,4231,9,0.0454338118433952,3.597977638244629
Energy-force-only EquiformerV2 AD,36827,4232,11,0.0775627642869949,3.690143823623657
Energy-force-only EquiformerV2 AD,19184,4233,12,0.0097883511334657,2.691468477249145
Energy-force-only EquiformerV2 AD,41933,4234,17,0.0091456519439816,1.358388900756836
Energy-force-only EquiformerV2 AD,2518,4235,14,0.0123036792501807,1.495558738708496
Energy-force-only EquiformerV2 AD,43,4236,10,0.0323584154248237,2.524957656860352
Energy-force-only EquiformerV2 AD,21218,4237,10,0.0900452509522438,3.560299634933472
Energy-force-only EquiformerV2 AD,47001,4238,13,0.0045234733261168,2.636254072189331
Energy-force-only EquiformerV2 AD,36498,4239,12,0.0278301537036895,2.2682504653930664
Energy-force-only EquiformerV2 AD,9495,4240,11,0.0274857264012098,3.0756144523620605
Energy-force-only EquiformerV2 AD,8897,4241,11,0.0118983061984181,2.9656684398651123
Energy-force-only EquiformerV2 AD,15093,4242,10,0.0964627787470817,3.33849835395813
Energy-force-only EquiformerV2 AD,50764,4243,11,0.0146288480609655,2.805866003036499
Energy-force-only EquiformerV2 AD,43811,4244,14,0.0096078282222151,1.9266493320465088
Energy-force-only EquiformerV2 AD,49681,4245,14,0.0185092724859714,1.038737416267395
Energy-force-only EquiformerV2 AD,18014,4246,16,0.0258153714239597,2.0643773078918457
Energy-force-only EquiformerV2 AD,41795,4247,14,0.0184597577899694,2.316447496414185
Energy-force-only EquiformerV2 AD,49338,4248,12,0.0079984860494732,2.2876458168029785
Energy-force-only EquiformerV2 AD,29262,4249,13,0.010424212552607,1.9084198474884035
Energy-force-only EquiformerV2 AD,46000,4250,11,0.0753930956125259,4.188961505889893
Energy-force-only EquiformerV2 AD,50201,4251,10,0.0348183363676071,2.2683708667755127
Energy-force-only EquiformerV2 AD,31656,4252,12,0.0253752414137125,2.605808973312378
Energy-force-only EquiformerV2 AD,512,4253,14,0.005882837343961,2.1479828357696533
Energy-force-only EquiformerV2 AD,41253,4254,15,0.0057196910493075,1.961686849594116
Energy-force-only EquiformerV2 AD,8039,4255,17,0.0213191378861665,1.5945146083831787
Energy-force-only EquiformerV2 AD,17769,4256,10,0.0132228061556816,3.6437695026397705
Energy-force-only EquiformerV2 AD,27346,4257,13,0.0191044621169567,2.7011752128601074
Energy-force-only EquiformerV2 AD,11064,4258,15,0.0101228551939129,1.854523777961731
Energy-force-only EquiformerV2 AD,12024,4259,12,0.0145844239741563,2.9519784450531006
Energy-force-only EquiformerV2 AD,34562,4260,16,0.0069600148126482,1.8737560510635376
Energy-force-only EquiformerV2 AD,6134,4261,17,0.0160886235535144,1.6593793630599976
Energy-force-only EquiformerV2 AD,24868,4262,16,0.0402213633060455,2.265139102935791
Energy-force-only EquiformerV2 AD,28460,4263,13,0.0257877632975578,1.8113481998443604
Energy-force-only EquiformerV2 AD,49680,4264,10,0.0508339814841747,3.695596218109131
Energy-force-only EquiformerV2 AD,12485,4265,12,0.0670688822865486,2.40615463256836
Energy-force-only EquiformerV2 AD,1735,4266,16,0.0037822034209966,1.953826069831848
Energy-force-only EquiformerV2 AD,38411,4267,18,0.0044251163490116,1.812041521072388
Energy-force-only EquiformerV2 AD,32164,4268,16,0.0074299052357673,1.3666632175445557
Energy-force-only EquiformerV2 AD,7122,4269,17,0.0061034015379846,1.5846471786499023
Energy-force-only EquiformerV2 AD,47809,4270,10,0.0328808017075061,3.778665781021118
Energy-force-only EquiformerV2 AD,24805,4271,12,0.0304715372622013,2.7522308826446533
Energy-force-only EquiformerV2 AD,6217,4272,16,0.0063920333050191,1.8630491495132449
Energy-force-only EquiformerV2 AD,24085,4273,12,0.022395746782422,3.648070573806762
Energy-force-only EquiformerV2 AD,5840,4274,14,0.0204061325639486,2.2543561458587646
Energy-force-only EquiformerV2 AD,7105,4275,15,0.007003647275269,1.885713577270508
Energy-force-only EquiformerV2 AD,4584,4276,13,0.0683759078383445,3.808077812194824
Energy-force-only EquiformerV2 AD,26227,4277,13,0.010182000696659,2.720866203308105
Energy-force-only EquiformerV2 AD,8076,4278,10,0.0105046313256025,3.0886125564575195
Energy-force-only EquiformerV2 AD,5120,4279,12,0.0194823518395423,2.3181135654449463
Energy-force-only EquiformerV2 AD,38203,4280,10,0.0849855840206146,5.652252197265625
Energy-force-only EquiformerV2 AD,24313,4281,12,0.0194472279399633,2.250761747360229
Energy-force-only EquiformerV2 AD,43541,4282,8,0.0110862981528043,4.366457462310791
Energy-force-only EquiformerV2 AD,44601,4283,15,0.0046265432611107,2.241814613342285
Energy-force-only EquiformerV2 AD,1500,4284,13,0.0096974801272153,2.6926028728485107
Energy-force-only EquiformerV2 AD,43341,4285,17,0.0469450950622558,1.3840125799179075
Energy-force-only EquiformerV2 AD,38837,4286,12,0.0368176512420177,2.0654091835021973
Energy-force-only EquiformerV2 AD,43041,4287,16,0.0097941607236862,1.8381619453430176
Energy-force-only EquiformerV2 AD,5334,4288,12,0.1071471348404884,1.7481225728988647
Energy-force-only EquiformerV2 AD,39459,4289,13,0.0407983586192131,1.77748703956604
Energy-force-only EquiformerV2 AD,21580,4290,15,0.0346626490354537,1.044234275817871
Energy-force-only EquiformerV2 AD,37220,4291,14,0.0128804165869951,1.790022611618042
Energy-force-only EquiformerV2 AD,31951,4292,15,0.0060341083444654,1.5955102443695068
Energy-force-only EquiformerV2 AD,23357,4293,14,0.0174704026430845,1.764981985092163
Energy-force-only EquiformerV2 AD,27554,4294,15,0.0338192395865917,2.6475577354431152
Energy-force-only EquiformerV2 AD,36609,4295,11,0.012667435221374,3.523190498352051
Energy-force-only EquiformerV2 AD,41769,4296,9,0.0495961084961891,4.36252498626709
Energy-force-only EquiformerV2 AD,50803,4297,12,0.0042233830317854,3.0693392753601074
Energy-force-only EquiformerV2 AD,29674,4298,12,0.0105029018595814,3.198405742645264
Energy-force-only EquiformerV2 AD,8276,4299,14,0.0085862781852483,1.938020944595337
Energy-force-only EquiformerV2 AD,12903,4300,16,0.0052884309552609,1.636013150215149
Energy-force-only EquiformerV2 AD,46192,4301,14,0.0097848679870367,1.8769038915634155
Energy-force-only EquiformerV2 AD,1057,4302,12,0.0231760516762733,2.182692527770996
Energy-force-only EquiformerV2 AD,29882,4303,13,0.0111610293388366,2.0813803672790527
Energy-force-only EquiformerV2 AD,30932,4304,14,0.0138377211987972,1.9451981782913208
Energy-force-only EquiformerV2 AD,15695,4305,7,0.0137860095128417,6.269423007965088
Energy-force-only EquiformerV2 AD,8535,4306,14,0.0211311485618352,2.2374086380004883
Energy-force-only EquiformerV2 AD,47127,4307,14,0.0129990866407752,2.29107928276062
Energy-force-only EquiformerV2 AD,12625,4308,12,0.0272437743842601,3.666043996810913
Energy-force-only EquiformerV2 AD,30076,4309,15,0.0089602991938591,2.403092622756958
Energy-force-only EquiformerV2 AD,39560,4310,14,0.0221349094063043,2.267723798751831
Energy-force-only EquiformerV2 AD,36897,4311,19,0.0052193608134984,1.3452693223953247
Energy-force-only EquiformerV2 AD,14027,4312,11,0.0729212835431099,1.5278801918029783
Energy-force-only EquiformerV2 AD,39277,4313,12,0.0151902372017502,3.0521481037139893
Energy-force-only EquiformerV2 AD,43802,4314,15,0.0087168952450156,1.824339509010315
Energy-force-only EquiformerV2 AD,3318,4315,12,0.0112702958285808,2.746933460235596
Energy-force-only EquiformerV2 AD,3085,4316,14,0.0104873767122626,2.433907985687256
Energy-force-only EquiformerV2 AD,3565,4317,14,0.0263996291905641,1.8909118175506592
Energy-force-only EquiformerV2 AD,32675,4318,12,0.0370448157191276,2.968050241470337
Energy-force-only EquiformerV2 AD,5224,4319,16,0.0461836904287338,1.572003960609436
Energy-force-only EquiformerV2 AD,11224,4320,10,0.0180615112185478,3.39041519165039
Energy-force-only EquiformerV2 AD,28792,4321,10,0.0258092693984508,2.1821765899658203
Energy-force-only EquiformerV2 AD,45081,4322,15,0.0288169384002685,2.006035566329956
Energy-force-only EquiformerV2 AD,29405,4323,13,0.0233112294226884,2.300522327423096
Energy-force-only EquiformerV2 AD,8033,4324,12,0.0376908667385578,2.258335590362549
Energy-force-only EquiformerV2 AD,42844,4325,15,0.0048957709223032,1.767112374305725
Energy-force-only EquiformerV2 AD,10606,4326,12,0.0242300480604171,2.184468984603882
Energy-force-only EquiformerV2 AD,49854,4327,13,0.013727068901062,1.2214012145996094
Energy-force-only EquiformerV2 AD,23542,4328,14,0.0101284673437476,1.3411173820495603
Energy-force-only EquiformerV2 AD,30960,4329,10,0.0146316112950444,3.261962413787842
Energy-force-only EquiformerV2 AD,84,4330,19,0.0035466947592794,1.4869674444198608
Energy-force-only EquiformerV2 AD,41754,4331,17,0.0281543303281068,1.5973596572875977
Energy-force-only EquiformerV2 AD,20894,4332,9,0.0290607679635286,3.8266327381134033
Energy-force-only EquiformerV2 AD,18710,4333,8,0.0744939967989921,4.434278964996338
Energy-force-only EquiformerV2 AD,47175,4334,16,0.0113074705004692,1.8953548669815063
Energy-force-only EquiformerV2 AD,35112,4335,9,0.0426157414913177,2.029284715652466
Energy-force-only EquiformerV2 AD,19311,4336,10,0.0202355999499559,5.110985279083252
Energy-force-only EquiformerV2 AD,48414,4337,15,0.0058239847421646,2.037639141082764
Energy-force-only EquiformerV2 AD,19299,4338,9,0.0138046788051724,3.4144349098205566
Energy-force-only EquiformerV2 AD,22233,4339,19,0.0129764545708894,1.0472397804260254
Energy-force-only EquiformerV2 AD,8163,4340,17,0.0276544392108917,1.319243311882019
Energy-force-only EquiformerV2 AD,29772,4341,14,0.0296338461339473,2.155576229095459
Energy-force-only EquiformerV2 AD,9937,4342,17,0.0063209244981408,1.5328339338302612
Energy-force-only EquiformerV2 AD,49525,4343,15,0.0452079847455024,1.6550456285476685
Energy-force-only EquiformerV2 AD,46398,4344,13,0.0357356965541839,2.47696304321289
Energy-force-only EquiformerV2 AD,25783,4345,13,0.0376240275800228,2.58816909790039
Energy-force-only EquiformerV2 AD,26460,4346,10,0.0336657613515853,3.0695595741271973
Energy-force-only EquiformerV2 AD,50462,4347,14,0.0226947702467441,2.432074069976806
Energy-force-only EquiformerV2 AD,14551,4348,15,0.0253713428974151,2.334266424179077
Energy-force-only EquiformerV2 AD,6489,4349,16,0.0044213156215846,1.5164670944213867
Energy-force-only EquiformerV2 AD,13051,4350,17,0.0036488235928118,1.672376275062561
Energy-force-only EquiformerV2 AD,15872,4351,16,0.0076832501217722,2.173081398010254
Energy-force-only EquiformerV2 AD,38930,4352,12,0.0192848779261112,2.944735050201416
Energy-force-only EquiformerV2 AD,35984,4353,14,0.0162864066660404,1.6346518993377686
Energy-force-only EquiformerV2 AD,27072,4354,15,0.0104720704257488,2.3667471408843994
Energy-force-only EquiformerV2 AD,32607,4355,9,0.0322978161275386,3.0502400398254395
Energy-force-only EquiformerV2 AD,36415,4356,10,0.0211086478084325,3.239772319793701
Energy-force-only EquiformerV2 AD,7708,4357,12,0.0113196540623903,2.7921948432922363
Energy-force-only EquiformerV2 AD,30384,4358,13,0.0252778865396976,2.2550272941589355
Energy-force-only EquiformerV2 AD,42296,4359,16,0.0112486882135272,1.8058751821517944
Energy-force-only EquiformerV2 AD,2112,4360,13,0.0236784294247627,3.115370512008667
Energy-force-only EquiformerV2 AD,24385,4361,15,0.0746447294950485,2.0385522842407227
Energy-force-only EquiformerV2 AD,26696,4362,13,0.0576699338853359,1.7227821350097656
Energy-force-only EquiformerV2 AD,8133,4363,10,0.0741396993398666,3.037748098373413
Energy-force-only EquiformerV2 AD,43854,4364,14,0.0142646403983235,2.070740222930908
Energy-force-only EquiformerV2 AD,32317,4365,13,0.0208776369690895,2.1130688190460205
Energy-force-only EquiformerV2 AD,16640,4366,15,0.022105686366558,2.584139108657837
Energy-force-only EquiformerV2 AD,43068,4367,16,0.0100337928161025,1.402212381362915
Energy-force-only EquiformerV2 AD,25821,4368,12,0.0096957897767424,2.384076833724976
Energy-force-only EquiformerV2 AD,34461,4369,17,0.0411777310073375,0.9596826434135436
Energy-force-only EquiformerV2 AD,46427,4370,12,0.0226761009544134,2.646580934524536
Energy-force-only EquiformerV2 AD,10256,4371,11,0.0107447309419512,2.638813018798828
Energy-force-only EquiformerV2 AD,13111,4372,16,0.0640134364366531,2.5910332202911377
Energy-force-only EquiformerV2 AD,30317,4373,10,0.0458805039525032,4.897258758544922
Energy-force-only EquiformerV2 AD,12106,4374,14,0.0067804087884724,1.999086141586304
Energy-force-only EquiformerV2 AD,41247,4375,12,0.0081379069015383,3.738664150238037
Energy-force-only EquiformerV2 AD,3608,4376,19,0.0046473694965243,1.4233133792877195
Energy-force-only EquiformerV2 AD,7954,4377,14,0.0065389960072934,2.9807074069976807
Energy-force-only EquiformerV2 AD,13618,4378,19,0.0084916800260543,0.8124169707298279
Energy-force-only EquiformerV2 AD,26461,4379,15,0.0319591984152793,0.8723812699317932
Energy-force-only EquiformerV2 AD,50541,4380,14,0.0124995624646544,2.47868275642395
Energy-force-only EquiformerV2 AD,5771,4381,10,0.0872239768505096,2.860661029815674
Energy-force-only EquiformerV2 AD,27560,4382,14,0.014573361724615,1.8311313390731807
Energy-force-only EquiformerV2 AD,33841,4383,17,0.0147988405078649,1.427628517150879
Energy-force-only EquiformerV2 AD,25454,4384,18,0.0094209490343928,1.6243077516555786
Energy-force-only EquiformerV2 AD,23760,4385,12,0.0191057417541742,1.71826434135437
Energy-force-only EquiformerV2 AD,43146,4386,10,0.0501584559679031,1.4276838302612305
Energy-force-only EquiformerV2 AD,32710,4387,17,0.0056992666795849,1.6679260730743408
Energy-force-only EquiformerV2 AD,15526,4388,12,0.0055159828625619,2.5376665592193604
Energy-force-only EquiformerV2 AD,48728,4389,14,0.009193024598062,2.2357101440429688
Energy-force-only EquiformerV2 AD,10159,4390,19,0.0332909561693668,1.2944082021713257
Energy-force-only EquiformerV2 AD,14084,4391,13,0.0209674462676048,2.1373631954193115
Energy-force-only EquiformerV2 AD,45181,4392,13,0.0124376285821199,1.931754350662232
Energy-force-only EquiformerV2 AD,5194,4393,14,0.0228501968085765,1.4094656705856323
Energy-force-only EquiformerV2 AD,17363,4394,13,0.0123003311455249,2.176469326019287
Energy-force-only EquiformerV2 AD,15785,4395,12,0.0075010084547102,2.784373044967652
Energy-force-only EquiformerV2 AD,33571,4396,14,0.0188877433538436,2.3257274627685547
Energy-force-only EquiformerV2 AD,35860,4397,13,0.0073666418902575,2.0983591079711914
Energy-force-only EquiformerV2 AD,27808,4398,15,0.0075980951078236,2.053633689880371
Energy-force-only EquiformerV2 AD,40732,4399,15,0.0049029346555471,2.1512258052825928
Energy-force-only EquiformerV2 AD,1425,4400,11,0.0154140414670109,1.9817582368850708
Energy-force-only EquiformerV2 AD,980,4401,17,0.0056802229955792,1.7196698188781738
Energy-force-only EquiformerV2 AD,26089,4402,16,0.0384496673941612,2.535796403884888
Energy-force-only EquiformerV2 AD,26164,4403,15,0.0057271653786301,1.8271008729934688
Energy-force-only EquiformerV2 AD,7343,4404,14,0.0102857695892453,2.607867956161499
Energy-force-only EquiformerV2 AD,39717,4405,8,0.0145389046519994,4.424907684326172
Energy-force-only EquiformerV2 AD,40954,4406,16,0.0157057978212833,2.140428304672241
Energy-force-only EquiformerV2 AD,24943,4407,14,0.016451196745038,1.760783076286316
Energy-force-only EquiformerV2 AD,20771,4408,16,0.0195696763694286,1.9164246320724487
Energy-force-only EquiformerV2 AD,4132,4409,16,0.0058529516682028,2.2789194583892822
Energy-force-only EquiformerV2 AD,3397,4410,17,0.0082769999280571,1.328600287437439
Energy-force-only EquiformerV2 AD,38881,4411,10,0.0271738283336162,2.3323850631713867
Energy-force-only EquiformerV2 AD,27506,4412,10,0.0487823002040386,3.610588788986206
Energy-force-only EquiformerV2 AD,39935,4413,14,0.0082668410614132,2.184577226638794
Energy-force-only EquiformerV2 AD,11837,4414,14,0.0274332091212272,1.9161802530288696
Energy-force-only EquiformerV2 AD,28162,4415,14,0.0195672679692506,1.7155784368515017
Energy-force-only EquiformerV2 AD,30450,4416,14,0.0126528171822428,2.4203810691833496
Energy-force-only EquiformerV2 AD,34737,4417,17,0.006399976555258,1.918471097946167
Energy-force-only EquiformerV2 AD,16986,4418,14,0.0193908903747797,0.8803116679191589
Energy-force-only EquiformerV2 AD,321,4419,14,0.033460758626461,2.08273983001709
Energy-force-only EquiformerV2 AD,32853,4420,9,0.0235771611332893,3.601609945297241
Energy-force-only EquiformerV2 AD,19402,4421,16,0.0093004442751407,1.1169286966323853
Energy-force-only EquiformerV2 AD,6346,4422,16,0.0202917084097862,1.2963578701019287
Energy-force-only EquiformerV2 AD,2472,4423,18,0.0049482397735118,1.0967909097671509
Energy-force-only EquiformerV2 AD,6259,4424,13,0.0132608907297253,1.015049695968628
Energy-force-only EquiformerV2 AD,49306,4425,15,0.1202317774295806,2.9416661262512207
Energy-force-only EquiformerV2 AD,49460,4426,13,0.0329923406243324,2.1995558738708496
Energy-force-only EquiformerV2 AD,6131,4427,12,0.0144880311563611,2.307532548904419
Energy-force-only EquiformerV2 AD,20746,4428,13,0.0166309010237455,2.303497791290283
Energy-force-only EquiformerV2 AD,33540,4429,11,0.0196474008262157,2.303302526473999
Energy-force-only EquiformerV2 AD,25624,4430,15,0.015958147123456,2.3312134742736816
Energy-force-only EquiformerV2 AD,46815,4431,9,0.0774210914969444,2.9633774757385254
Energy-force-only EquiformerV2 AD,13574,4432,14,0.0175708532333374,2.331672191619873
Energy-force-only EquiformerV2 AD,46127,4433,16,0.0199019964784383,0.7633846998214722
Energy-force-only EquiformerV2 AD,9051,4434,15,0.006895241793245,2.1157026290893555
Energy-force-only EquiformerV2 AD,48799,4435,11,0.0110542960464954,3.2253334522247314
Energy-force-only EquiformerV2 AD,33066,4436,10,0.0390324518084526,2.7253122329711914
Energy-force-only EquiformerV2 AD,45800,4437,19,0.0100807454437017,1.0127758979797363
Energy-force-only EquiformerV2 AD,29425,4438,11,0.0493395552039146,4.263718605041504
Energy-force-only EquiformerV2 AD,40881,4439,9,0.0153362844139337,3.777230501174927
Energy-force-only EquiformerV2 AD,20181,4440,14,0.0090180719271302,2.3319315910339355
Energy-force-only EquiformerV2 AD,43362,4441,8,0.0107806399464607,4.373865604400635
Energy-force-only EquiformerV2 AD,5848,4442,11,0.050423789769411,1.3906364440917969
Energy-force-only EquiformerV2 AD,40201,4443,18,0.0120286094024777,1.398789882659912
Energy-force-only EquiformerV2 AD,32835,4444,10,0.0113932127133011,3.0120842456817627
Energy-force-only EquiformerV2 AD,7907,4445,12,0.0097590535879135,2.321789503097534
Energy-force-only EquiformerV2 AD,32937,4446,8,0.0370369926095008,3.795964241027832
Energy-force-only EquiformerV2 AD,34862,4447,14,0.005554508883506,2.339072704315185
Energy-force-only EquiformerV2 AD,16783,4448,10,0.029793094843626,3.7405264377594
Energy-force-only EquiformerV2 AD,14910,4449,11,0.0282782185822725,3.239851951599121
Energy-force-only EquiformerV2 AD,33521,4450,16,0.0178134497255086,1.710785746574402
Energy-force-only EquiformerV2 AD,15890,4451,11,0.0266316849738359,2.301233291625977
Energy-force-only EquiformerV2 AD,9620,4452,13,0.0106349634006619,2.42574405670166
Energy-force-only EquiformerV2 AD,4715,4453,14,0.0196416657418012,1.8061814308166504
Energy-force-only EquiformerV2 AD,17068,4454,11,0.0085001159459352,2.8339784145355225
Energy-force-only EquiformerV2 AD,34990,4455,13,0.0305778738111257,1.728048324584961
Energy-force-only EquiformerV2 AD,33354,4456,14,0.0102695254608988,2.1497089862823486
Energy-force-only EquiformerV2 AD,44362,4457,13,0.0302892532199621,1.0940513610839844
Energy-force-only EquiformerV2 AD,8016,4458,12,0.0048333946615457,2.461310625076294
Energy-force-only EquiformerV2 AD,19608,4459,15,0.051432441920042,1.7913391590118408
Energy-force-only EquiformerV2 AD,33609,4460,9,0.0145210335031151,4.423431873321533
Energy-force-only EquiformerV2 AD,1231,4461,12,0.0049672834575176,2.2090611457824707
Energy-force-only EquiformerV2 AD,5413,4462,19,0.0072112586349248,1.1077561378479004
Energy-force-only EquiformerV2 AD,5029,4463,15,0.0557064600288867,1.2322516441345217
Energy-force-only EquiformerV2 AD,30735,4464,15,0.007200333289802,2.240818977355957
Energy-force-only EquiformerV2 AD,28421,4465,15,0.0065250545740127,1.89439857006073
Energy-force-only EquiformerV2 AD,19885,4466,15,0.0423100441694259,1.6362379789352417
Energy-force-only EquiformerV2 AD,3254,4467,13,0.0036779260262846,2.4632821083068848
Energy-force-only EquiformerV2 AD,33644,4468,16,0.0102484710514545,2.0060875415802
Energy-force-only EquiformerV2 AD,21049,4469,12,0.0305460058152675,2.386158227920532
Energy-force-only EquiformerV2 AD,37781,4470,9,0.0232799891382455,3.502558708190918
Energy-force-only EquiformerV2 AD,34857,4471,17,0.0428812876343727,1.4901288747787476
Energy-force-only EquiformerV2 AD,46928,4472,10,0.0093116983771324,3.1155331134796143
Energy-force-only EquiformerV2 AD,33489,4473,10,0.0093567483127117,2.907431125640869
Energy-force-only EquiformerV2 AD,50494,4474,14,0.0150243220850825,1.20490300655365
Energy-force-only EquiformerV2 AD,8681,4475,14,0.0250803586095571,1.5163630247116089
Energy-force-only EquiformerV2 AD,38898,4476,12,0.0480889901518821,4.065129280090332
Energy-force-only EquiformerV2 AD,39659,4477,18,0.0046779960393905,1.5260043144226074
Energy-force-only EquiformerV2 AD,16750,4478,16,0.0035976432263851,1.5020347833633425
Energy-force-only EquiformerV2 AD,15735,4479,11,0.0152248619124293,3.444300651550293
Energy-force-only EquiformerV2 AD,23624,4480,13,0.0078176651149988,2.5407819747924805
Energy-force-only EquiformerV2 AD,35804,4481,11,0.0546465814113616,3.960025548934937
Energy-force-only EquiformerV2 AD,43777,4482,14,0.0087464740499854,2.0264458656311035
Energy-force-only EquiformerV2 AD,16318,4483,15,0.0130877420306205,1.835978031158448
Energy-force-only EquiformerV2 AD,770,4484,17,0.0047963438555598,1.4889219999313354
Energy-force-only EquiformerV2 AD,22455,4485,13,0.0048247436061501,2.0563347339630127
Energy-force-only EquiformerV2 AD,9519,4486,12,0.0289686229079961,3.060632705688477
Energy-force-only EquiformerV2 AD,32445,4487,10,0.0108981020748615,3.665274858474731
Energy-force-only EquiformerV2 AD,41189,4488,12,0.0364520289003849,1.934111833572388
Energy-force-only EquiformerV2 AD,4516,4489,11,0.0043093697167932,2.6039748191833496
Energy-force-only EquiformerV2 AD,49524,4490,13,0.0148962587118148,2.8008744716644287
Energy-force-only EquiformerV2 AD,17754,4491,15,0.0240535214543342,2.591855764389038
Energy-force-only EquiformerV2 AD,3071,4492,13,0.022701745852828,1.6154091358184814
Energy-force-only EquiformerV2 AD,15839,4493,10,0.0703647658228874,2.674166202545166
Energy-force-only EquiformerV2 AD,15261,4494,13,0.0180506277829408,1.742525935173035
Energy-force-only EquiformerV2 AD,20904,4495,17,0.0114609589800238,1.2743438482284546
Energy-force-only EquiformerV2 AD,5498,4496,15,0.0189604815095663,1.956697940826416
Energy-force-only EquiformerV2 AD,31385,4497,10,0.0149756260216236,4.079916477203369
Energy-force-only EquiformerV2 AD,6692,4498,15,0.0082972254604101,2.0926051139831543
Energy-force-only EquiformerV2 AD,5502,4499,17,0.0144653702154755,1.431296706199646
Energy-force-only EquiformerV2 AD,18368,4500,17,0.0141736967489123,1.791507124900818
Energy-force-only EquiformerV2 AD,7507,4501,16,0.0060306154191493,1.750554442405701
Energy-force-only EquiformerV2 AD,6002,4502,11,0.0094989314675331,3.1315724849700928
Energy-force-only EquiformerV2 AD,35082,4503,12,0.0075207785703241,2.3567819595336914
Energy-force-only EquiformerV2 AD,2806,4504,16,0.0176786165684461,2.0923168659210205
Energy-force-only EquiformerV2 AD,2664,4505,16,0.0074816001579165,1.3768726587295532
Energy-force-only EquiformerV2 AD,40170,4506,13,0.0399255640804767,1.4859617948532104
Energy-force-only EquiformerV2 AD,2136,4507,14,0.0150403045117855,1.0229833126068115
Energy-force-only EquiformerV2 AD,10867,4508,6,0.0104150492697954,6.745304107666016
Energy-force-only EquiformerV2 AD,4755,4509,13,0.0149919930845499,2.605825901031494
Energy-force-only EquiformerV2 AD,46062,4510,10,0.0486875139176845,4.011486053466797
Energy-force-only EquiformerV2 AD,32500,4511,13,0.0220179222524166,2.135903835296631
Energy-force-only EquiformerV2 AD,895,4512,19,0.0385284759104251,1.7627522945404053
Energy-force-only EquiformerV2 AD,42063,4513,14,0.015760226175189,2.5723624229431152
Energy-force-only EquiformerV2 AD,16516,4514,15,0.0132229989394545,2.108105659484864
Energy-force-only EquiformerV2 AD,7853,4515,13,0.0058459611609578,1.8477013111114504
Energy-force-only EquiformerV2 AD,24103,4516,15,0.0056696846149861,1.8681684732437127
Energy-force-only EquiformerV2 AD,34694,4517,16,0.009445235133171,1.7662211656570437
Energy-force-only EquiformerV2 AD,12761,4518,15,0.0265988241881132,2.430000066757202
Energy-force-only EquiformerV2 AD,21893,4519,13,0.012682931497693,2.665098190307617
Energy-force-only EquiformerV2 AD,933,4520,11,0.013569307513535,3.7994863986968994
Energy-force-only EquiformerV2 AD,46381,4521,18,0.0040052966214716,1.4608529806137085
Energy-force-only EquiformerV2 AD,1553,4522,19,0.0072493031620979,1.3360286951065063
Energy-force-only EquiformerV2 AD,6876,4523,12,0.0365545414388179,2.409783363342285
Energy-force-only EquiformerV2 AD,12325,4524,17,0.0234610363841056,1.7000311613082886
Energy-force-only EquiformerV2 AD,27843,4525,13,0.006563875824213,2.0652592182159424
Energy-force-only EquiformerV2 AD,35276,4526,14,0.0365455709397792,1.2440717220306396
Energy-force-only EquiformerV2 AD,5954,4527,11,0.0234845057129859,2.680328607559204
Energy-force-only EquiformerV2 AD,28855,4528,10,0.0090807946398854,3.300264358520508
Energy-force-only EquiformerV2 AD,37642,4529,16,0.0101421680301427,1.865298867225647
Energy-force-only EquiformerV2 AD,43012,4530,13,0.01950304210186,2.9869225025177
Energy-force-only EquiformerV2 AD,11925,4531,11,0.0643898919224739,0.956681191921234
Energy-force-only EquiformerV2 AD,46111,4532,12,0.1305617243051529,2.7872684001922607
Energy-force-only EquiformerV2 AD,781,4533,11,0.0151628982275724,2.534210681915283
Energy-force-only EquiformerV2 AD,1322,4534,19,0.029509749263525,2.0598790645599365
Energy-force-only EquiformerV2 AD,39633,4535,14,0.0299515891820192,1.421856164932251
Energy-force-only EquiformerV2 AD,25031,4536,13,0.0173334591090679,1.678877830505371
Energy-force-only EquiformerV2 AD,25081,4537,16,0.0032331319525837,1.6538530588150024
Energy-force-only EquiformerV2 AD,36476,4538,15,0.0173840429633855,1.6790974140167236
Energy-force-only EquiformerV2 AD,7999,4539,14,0.0103487474843859,2.0363779067993164
Energy-force-only EquiformerV2 AD,25911,4540,12,0.0266716498881578,1.939017653465271
Energy-force-only EquiformerV2 AD,25306,4541,12,0.0120700439438223,2.2009730339050293
Energy-force-only EquiformerV2 AD,14681,4542,15,0.0046609477140009,1.957755327224732
Energy-force-only EquiformerV2 AD,24518,4543,14,0.0131688648834824,2.226918935775757
Energy-force-only EquiformerV2 AD,45536,4544,16,0.0042488565668463,1.5658332109451294
Energy-force-only EquiformerV2 AD,1935,4545,14,0.0046691265888512,1.7234363555908203
Energy-force-only EquiformerV2 AD,25933,4546,11,0.0655854418873786,2.9688518047332764
Energy-force-only EquiformerV2 AD,22526,4547,12,0.0154998702928423,2.360832929611206
Energy-force-only EquiformerV2 AD,30453,4548,15,0.0133442003279924,2.166200399398804
Energy-force-only EquiformerV2 AD,27286,4549,13,0.0051136459223926,1.7846561670303345
Energy-force-only EquiformerV2 AD,48073,4550,14,0.0430830642580986,2.0374085903167725
Energy-force-only EquiformerV2 AD,23191,4551,12,0.0240700338035821,2.4773213863372803
Energy-force-only EquiformerV2 AD,31014,4552,12,0.0320321545004844,3.304553747177124
Energy-force-only EquiformerV2 AD,31451,4553,17,0.0605588965117931,2.3770124912261963
Energy-force-only EquiformerV2 AD,2250,4554,14,0.0060097216628491,2.3060741424560547
Energy-force-only EquiformerV2 AD,32423,4555,8,0.0287248697131872,5.195711135864258
Energy-force-only EquiformerV2 AD,13586,4556,13,0.0068690213374793,2.38622522354126
Energy-force-only EquiformerV2 AD,45908,4557,13,0.0046137603931128,2.271064281463623
Energy-force-only EquiformerV2 AD,47917,4558,15,0.0112771270796656,1.1548750400543213
Energy-force-only EquiformerV2 AD,48029,4559,19,0.0069166277535259,1.3635276556015017
Energy-force-only EquiformerV2 AD,28000,4560,19,0.0040837340056896,1.4573450088500977
Energy-force-only EquiformerV2 AD,3826,4561,11,0.02552380412817,2.752964735031128
Energy-force-only EquiformerV2 AD,48500,4562,13,0.0350486561655998,1.1456252336502075
Energy-force-only EquiformerV2 AD,21205,4563,12,0.0313356593251228,1.241352915763855
Energy-force-only EquiformerV2 AD,16343,4564,13,0.0080467220395803,2.6233670711517334
Energy-force-only EquiformerV2 AD,25647,4565,17,0.0084490217268466,1.9729297161102293
Energy-force-only EquiformerV2 AD,30823,4566,17,0.0139352167025208,1.380823016166687
Energy-force-only EquiformerV2 AD,47720,4567,17,0.0279707312583923,1.972257733345032
Energy-force-only EquiformerV2 AD,46867,4568,13,0.0175985023379325,1.717012643814087
Energy-force-only EquiformerV2 AD,15648,4569,13,0.0170132052153348,1.654745101928711
Energy-force-only EquiformerV2 AD,41373,4570,13,0.0197915397584438,2.6572232246398926
Energy-force-only EquiformerV2 AD,14269,4571,15,0.040685549378395,1.886209845542908
Energy-force-only EquiformerV2 AD,35548,4572,13,0.0097171189263463,2.367349624633789
Energy-force-only EquiformerV2 AD,1588,4573,11,0.0132125690579414,2.9577436447143555
Energy-force-only EquiformerV2 AD,49026,4574,15,0.0083562973886728,1.9325408935546875
Energy-force-only EquiformerV2 AD,6859,4575,11,0.0121097452938556,2.0926733016967773
Energy-force-only EquiformerV2 AD,47224,4576,16,0.0067635923624038,2.215018510818481
Energy-force-only EquiformerV2 AD,28911,4577,19,0.005295886658132,1.536508321762085
Energy-force-only EquiformerV2 AD,11569,4578,10,0.0188403986394405,2.602919340133667
Energy-force-only EquiformerV2 AD,14552,4579,15,0.0164660513401031,1.8049166202545168
Energy-force-only EquiformerV2 AD,23670,4580,12,0.0057548345066607,2.5221009254455566
Energy-force-only EquiformerV2 AD,8074,4581,8,0.0099726188927888,4.3934831619262695
Energy-force-only EquiformerV2 AD,34614,4582,10,0.0236437022686004,3.951770067214966
Energy-force-only EquiformerV2 AD,47237,4583,15,0.0369305498898029,1.2777241468429563
Energy-force-only EquiformerV2 AD,1542,4584,15,0.031853761523962,1.364802360534668
Energy-force-only EquiformerV2 AD,38440,4585,12,0.0219758618623018,1.9705663919448853
Energy-force-only EquiformerV2 AD,40930,4586,13,0.0138085717335343,1.8990912437438965
Energy-force-only EquiformerV2 AD,13938,4587,15,0.0071213324554264,1.958601713180542
Energy-force-only EquiformerV2 AD,14977,4588,8,0.0152213042601943,3.7514708042144775
Energy-force-only EquiformerV2 AD,6731,4589,17,0.0092678712680935,1.5461134910583496
Energy-force-only EquiformerV2 AD,34777,4590,14,0.006748657207936,2.1382312774658203
Energy-force-only EquiformerV2 AD,13179,4591,14,0.0169068295508623,1.2303725481033323
Energy-force-only EquiformerV2 AD,39781,4592,19,0.0065311840735375,1.1959538459777832
Energy-force-only EquiformerV2 AD,2534,4593,14,0.0049783955328166,2.413517475128174
Energy-force-only EquiformerV2 AD,3828,4594,16,0.0167098194360733,1.808230996131897
Energy-force-only EquiformerV2 AD,6594,4595,18,0.0081338416785001,1.0648342370986938
Energy-force-only EquiformerV2 AD,2053,4596,16,0.0269523635506629,1.533545732498169
Energy-force-only EquiformerV2 AD,25848,4597,16,0.0051442990079522,1.8037537336349487
Energy-force-only EquiformerV2 AD,38395,4598,10,0.0159945096820592,2.4709060192108154
Energy-force-only EquiformerV2 AD,4774,4599,15,0.0095198769122362,0.905644953250885
Energy-force-only EquiformerV2 AD,9848,4600,12,0.0450375862419605,2.2467074394226074
Energy-force-only EquiformerV2 AD,35679,4601,14,0.0614906512200832,3.000525951385498
Energy-force-only EquiformerV2 AD,4882,4602,12,0.0297677591443061,3.234327554702759
Energy-force-only EquiformerV2 AD,36115,4603,14,0.0085852872580289,2.2089526653289795
Energy-force-only EquiformerV2 AD,39417,4604,10,0.0344351828098297,2.5546681880950928
Energy-force-only EquiformerV2 AD,49502,4605,15,0.0083179585635662,2.386486291885376
Energy-force-only EquiformerV2 AD,35394,4606,15,0.0034574556630104,2.1116199493408203
Energy-force-only EquiformerV2 AD,1104,4607,14,0.0188101138919591,2.24229097366333
Energy-force-only EquiformerV2 AD,38109,4608,14,0.0133542791008949,1.5079452991485596
Energy-force-only EquiformerV2 AD,8441,4609,13,0.025333359837532,2.2244155406951904
Energy-force-only EquiformerV2 AD,15056,4610,12,0.0095279831439256,3.016835451126098
Energy-force-only EquiformerV2 AD,22622,4611,12,0.0210206136107444,2.9448671340942383
Energy-force-only EquiformerV2 AD,3706,4612,12,0.0296986233443021,3.270093441009521
Energy-force-only EquiformerV2 AD,27673,4613,13,0.0377354025840759,2.0219180583953857
Energy-force-only EquiformerV2 AD,11662,4614,14,0.0224518477916717,1.414596438407898
Energy-force-only EquiformerV2 AD,31847,4615,11,0.0387012250721454,2.496364116668701
Energy-force-only EquiformerV2 AD,29471,4616,18,0.0218390170484781,1.4685016870498655
Energy-force-only EquiformerV2 AD,9184,4617,13,0.0126312207430601,1.875347375869751
Energy-force-only EquiformerV2 AD,27766,4618,14,0.0259929336607456,1.938093900680542
Energy-force-only EquiformerV2 AD,46078,4619,15,0.0051522115245461,2.425126552581787
Energy-force-only EquiformerV2 AD,45586,4620,13,0.0118267247453331,2.9892020225524902
Energy-force-only EquiformerV2 AD,32242,4621,12,0.021574679762125,3.026216506958008
Energy-force-only EquiformerV2 AD,10056,4622,19,0.0557332783937454,1.3374583721160889
Energy-force-only EquiformerV2 AD,43585,4623,12,0.0080423457548022,2.6377105712890625
Energy-force-only EquiformerV2 AD,3682,4624,15,0.0091326935216784,1.8382518291473389
Energy-force-only EquiformerV2 AD,23020,4625,16,0.0086060054600238,1.819912791252136
Energy-force-only EquiformerV2 AD,3473,4626,12,0.0241460856050252,3.026489734649658
Energy-force-only EquiformerV2 AD,16760,4627,17,0.0054843034595251,1.5708160400390625
Energy-force-only EquiformerV2 AD,47462,4628,16,0.0088614001870155,1.6462332010269165
Energy-force-only EquiformerV2 AD,1061,4629,12,0.054481778293848,2.981287002563477
Energy-force-only EquiformerV2 AD,11002,4630,13,0.0972773879766464,2.149763345718384
Energy-force-only EquiformerV2 AD,29182,4631,17,0.0060463594272732,1.5563546419143677
Energy-force-only EquiformerV2 AD,36561,4632,9,0.0549899376928806,3.442319869995117
Energy-force-only EquiformerV2 AD,26455,4633,18,0.0096010314300656,1.0524613857269287
Energy-force-only EquiformerV2 AD,36632,4634,17,0.0118814604356884,1.0976561307907104
Energy-force-only EquiformerV2 AD,18101,4635,16,0.0480181351304054,1.6427154541015625
Energy-force-only EquiformerV2 AD,19591,4636,16,0.0282646156847476,2.0292391777038574
Energy-force-only EquiformerV2 AD,47919,4637,17,0.0048956763930618,1.735082745552063
Energy-force-only EquiformerV2 AD,26467,4638,14,0.0306747984141111,1.9284368753433228
Energy-force-only EquiformerV2 AD,50417,4639,13,0.0131185576319694,2.204549551010132
Energy-force-only EquiformerV2 AD,25127,4640,14,0.0396221838891506,2.705540418624878
Energy-force-only EquiformerV2 AD,48002,4641,18,0.012546258047223,0.6491996645927429
Energy-force-only EquiformerV2 AD,47558,4642,10,0.0481868162751197,3.251708745956421
Energy-force-only EquiformerV2 AD,26319,4643,15,0.0228769779205322,1.921658277511597
Energy-force-only EquiformerV2 AD,37047,4644,12,0.0718803852796554,3.0697624683380127
Energy-force-only EquiformerV2 AD,6845,4645,19,0.0152285201475024,1.1305862665176392
Energy-force-only EquiformerV2 AD,49679,4646,13,0.0151770785450935,2.721919059753418
Energy-force-only EquiformerV2 AD,49693,4647,11,0.0119685586541891,3.923926830291748
Energy-force-only EquiformerV2 AD,5756,4648,16,0.0054936553351581,1.81174635887146
Energy-force-only EquiformerV2 AD,39665,4649,14,0.0343352109193801,1.1004869937896729
Energy-force-only EquiformerV2 AD,23476,4650,9,0.0258276779204607,3.620105743408203
Energy-force-only EquiformerV2 AD,41862,4651,17,0.0076751266606152,1.6887173652648926
Energy-force-only EquiformerV2 AD,34261,4652,14,0.0171985514461994,2.265857219696045
Energy-force-only EquiformerV2 AD,12230,4653,14,0.0035706951748579,2.0984158515930176
Energy-force-only EquiformerV2 AD,1575,4654,14,0.0215740967541933,1.1403682231903076
Energy-force-only EquiformerV2 AD,335,4655,16,0.0034094625152647,1.5448803901672363
Energy-force-only EquiformerV2 AD,14290,4656,13,0.0071448637172579,2.3975744247436523
Energy-force-only EquiformerV2 AD,34141,4657,18,0.0070537352003157,1.4210801124572754
Energy-force-only EquiformerV2 AD,15018,4658,15,0.00913692638278,2.1973042488098145
Energy-force-only EquiformerV2 AD,2405,4659,11,0.0164286401122808,1.4998316764831543
Energy-force-only EquiformerV2 AD,35328,4660,16,0.0047581964172422,1.6849762201309204
Energy-force-only EquiformerV2 AD,37649,4661,15,0.0133725767955183,1.5210763216018677
Energy-force-only EquiformerV2 AD,43954,4662,14,0.0091391960158944,2.6483821868896484
Energy-force-only EquiformerV2 AD,8379,4663,10,0.0269802268594503,3.8606207370758057
Energy-force-only EquiformerV2 AD,48474,4664,19,0.0128815425559878,1.5341657400131226
Energy-force-only EquiformerV2 AD,33940,4665,14,0.0343445762991905,2.301028251647949
Energy-force-only EquiformerV2 AD,4997,4666,17,0.011049211025238,0.9242058396339417
Energy-force-only EquiformerV2 AD,22121,4667,16,0.003903292119503,1.73484468460083
Energy-force-only EquiformerV2 AD,1423,4668,11,0.0173381436616182,2.8848838806152344
Energy-force-only EquiformerV2 AD,11130,4669,13,0.0274614766240119,2.798403739929199
Energy-force-only EquiformerV2 AD,29801,4670,17,0.0124837821349501,0.7815985083580017
Energy-force-only EquiformerV2 AD,3114,4671,17,0.049521580338478,1.4561712741851809
Energy-force-only EquiformerV2 AD,32058,4672,11,0.0245380271226167,2.792482376098633
Energy-force-only EquiformerV2 AD,8123,4673,11,0.0497398376464843,4.604750633239746
Energy-force-only EquiformerV2 AD,13077,4674,14,0.0114480629563331,1.878661870956421
Energy-force-only EquiformerV2 AD,50143,4675,11,0.0429635718464851,1.5190483331680298
Energy-force-only EquiformerV2 AD,43750,4676,18,0.0073480382561683,1.10353684425354
Energy-force-only EquiformerV2 AD,25607,4677,13,0.0372153893113136,2.0922207832336426
Energy-force-only EquiformerV2 AD,5729,4678,17,0.0114333871752023,1.9979019165039065
Energy-force-only EquiformerV2 AD,32044,4679,12,0.0165908969938755,2.427443265914917
Energy-force-only EquiformerV2 AD,26351,4680,17,0.027199488133192,1.1842767000198364
Energy-force-only EquiformerV2 AD,11402,4681,13,0.0172792598605155,1.666526436805725
Energy-force-only EquiformerV2 AD,34094,4682,13,0.0208249483257532,1.552004098892212
Energy-force-only EquiformerV2 AD,39739,4683,11,0.0290662199258804,3.5558390617370605
Energy-force-only EquiformerV2 AD,21637,4684,15,0.0116879809647798,1.9504276514053345
Energy-force-only EquiformerV2 AD,37378,4685,16,0.0117028942331671,1.9067391157150269
Energy-force-only EquiformerV2 AD,14034,4686,16,0.0052443831227719,1.7959238290786743
Energy-force-only EquiformerV2 AD,30657,4687,18,0.0104638040065765,1.7485127449035645
Energy-force-only EquiformerV2 AD,35534,4688,12,0.0258866511285305,3.181711912155152
Energy-force-only EquiformerV2 AD,33543,4689,15,0.0089578758925199,1.9086809158325195
Energy-force-only EquiformerV2 AD,31242,4690,11,0.0112111829221248,3.07902455329895
Energy-force-only EquiformerV2 AD,17514,4691,16,0.0065886070951819,2.216622829437256
Energy-force-only EquiformerV2 AD,48084,4692,15,0.0053416928276419,2.392372131347656
Energy-force-only EquiformerV2 AD,42526,4693,9,0.066273920238018,4.885708808898926
Energy-force-only EquiformerV2 AD,14891,4694,15,0.0090527655556797,2.3184924125671387
Energy-force-only EquiformerV2 AD,27030,4695,14,0.0249408204108476,1.706647515296936
Energy-force-only EquiformerV2 AD,35222,4696,16,0.0325422845780849,1.8096052408218384
Energy-force-only EquiformerV2 AD,12010,4697,16,0.0115553205832839,0.94976407289505
Energy-force-only EquiformerV2 AD,48263,4698,19,0.0642741993069648,1.366766333580017
Energy-force-only EquiformerV2 AD,13014,4699,11,0.0180913470685482,2.683432579040528
Energy-force-only EquiformerV2 AD,14765,4700,11,0.025137385353446,2.7503433227539062
Energy-force-only EquiformerV2 AD,8077,4701,16,0.0062608225271105,1.7615206241607666
Energy-force-only EquiformerV2 AD,10871,4702,17,0.0090159652754664,1.618417501449585
Energy-force-only EquiformerV2 AD,16934,4703,16,0.0088323503732681,1.712067484855652
Energy-force-only EquiformerV2 AD,38796,4704,14,0.011848940514028,2.674724817276001
Energy-force-only EquiformerV2 AD,2260,4705,14,0.0424550138413906,0.8478676676750183
Energy-force-only EquiformerV2 AD,15797,4706,12,0.0134633630514144,2.8392322063446045
Energy-force-only EquiformerV2 AD,34704,4707,17,0.0183631535619497,0.9484698176383972
Energy-force-only EquiformerV2 AD,17311,4708,10,0.0093356482684612,2.787298679351806
Energy-force-only EquiformerV2 AD,31257,4709,18,0.0161598473787307,1.5793945789337158
Energy-force-only EquiformerV2 AD,37286,4710,13,0.0136405602097511,2.158869981765747
Energy-force-only EquiformerV2 AD,9934,4711,14,0.0066615515388548,1.7356795072555542
Energy-force-only EquiformerV2 AD,47629,4712,9,0.0189996920526027,3.154111623764038
Energy-force-only EquiformerV2 AD,12933,4713,17,0.0384845472872257,2.4723219871521
Energy-force-only EquiformerV2 AD,18651,4714,14,0.0113174458965659,3.0129339694976807
Energy-force-only EquiformerV2 AD,49626,4715,13,0.0138042895123362,2.228609561920166
Energy-force-only EquiformerV2 AD,31755,4716,15,0.0155333997681736,1.4775114059448242
Energy-force-only EquiformerV2 AD,18036,4717,11,0.0179342534393072,2.029606342315674
Energy-force-only EquiformerV2 AD,47513,4718,8,0.0365049354732036,4.196600437164307
Energy-force-only EquiformerV2 AD,11644,4719,16,0.0107884779572486,1.4625312089920044
Energy-force-only EquiformerV2 AD,9064,4720,17,0.0127945952117443,1.6998029947280884
Energy-force-only EquiformerV2 AD,20824,4721,16,0.0082811936736106,1.880137085914612
Energy-force-only EquiformerV2 AD,33479,4722,14,0.0144934765994548,2.38525128364563
Energy-force-only EquiformerV2 AD,41427,4723,11,0.043872095644474,3.2052276134490967
Energy-force-only EquiformerV2 AD,47902,4724,16,0.0135122016072273,2.1486377716064453
Energy-force-only EquiformerV2 AD,39783,4725,13,0.0095077492296695,2.7796294689178467
Energy-force-only EquiformerV2 AD,14152,4726,14,0.0057745925150811,2.228611469268799
Energy-force-only EquiformerV2 AD,33742,4727,17,0.0387920513749122,1.4733097553253174
Energy-force-only EquiformerV2 AD,47668,4728,11,0.0188782587647438,1.9064997434616089
Energy-force-only EquiformerV2 AD,33030,4729,11,0.0420715734362602,3.2252559661865234
Energy-force-only EquiformerV2 AD,40289,4730,10,0.014588015154004,4.178939342498779
Energy-force-only EquiformerV2 AD,50334,4731,11,0.050714898854494,1.2031837701797483
Energy-force-only EquiformerV2 AD,40784,4732,13,0.0101531986147165,2.091221570968628
Energy-force-only EquiformerV2 AD,29432,4733,13,0.0714162215590477,1.7809672355651855
Energy-force-only EquiformerV2 AD,21716,4734,17,0.0458811223506927,2.1939265727996826
Energy-force-only EquiformerV2 AD,40785,4735,21,0.0074779302813112,0.6977564096450806
Energy-force-only EquiformerV2 AD,8982,4736,15,0.0049757384695112,1.821881890296936
Energy-force-only EquiformerV2 AD,29158,4737,15,0.00896851811558,1.7620928287506104
Energy-force-only EquiformerV2 AD,30966,4738,11,0.0122083965688943,2.441700935363769
Energy-force-only EquiformerV2 AD,4175,4739,13,0.0077712428756058,2.670407772064209
Energy-force-only EquiformerV2 AD,20396,4740,14,0.007874690927565,2.2494285106658936
Energy-force-only EquiformerV2 AD,30647,4741,13,0.0152305057272315,1.9770656824111936
Energy-force-only EquiformerV2 AD,24485,4742,15,0.0256081297993659,1.3505260944366455
Energy-force-only EquiformerV2 AD,12036,4743,8,0.0230833496898412,4.277545928955078
Energy-force-only EquiformerV2 AD,5081,4744,12,0.0163720920681953,2.4552509784698486
Energy-force-only EquiformerV2 AD,33959,4745,12,0.006485644262284,2.8469808101654053
Energy-force-only EquiformerV2 AD,43179,4746,13,0.0093348724767565,2.429052352905273
Energy-force-only EquiformerV2 AD,2070,4747,15,0.0073131443932652,1.8654690980911253
Energy-force-only EquiformerV2 AD,16894,4748,13,0.01201334875077,2.6476993560791016
Energy-force-only EquiformerV2 AD,44168,4749,18,0.0121201258152723,1.2590450048446655
Energy-force-only EquiformerV2 AD,31946,4750,12,0.0131779899820685,3.207047462463379
Energy-force-only EquiformerV2 AD,32690,4751,17,0.0078008193522691,1.26635479927063
Energy-force-only EquiformerV2 AD,7248,4752,13,0.0126569336280226,1.6625525951385498
Energy-force-only EquiformerV2 AD,7175,4753,17,0.0124268606305122,1.534960389137268
Energy-force-only EquiformerV2 AD,41239,4754,8,0.0070393490605056,5.652960777282715
Energy-force-only EquiformerV2 AD,44249,4755,16,0.0046322662383317,1.593596577644348
Energy-force-only EquiformerV2 AD,9023,4756,11,0.0292160771787166,1.3814328908920288
Energy-force-only EquiformerV2 AD,29543,4757,12,0.0383852384984493,2.509708881378174
Energy-force-only EquiformerV2 AD,39455,4758,13,0.0080564022064208,2.427040100097656
Energy-force-only EquiformerV2 AD,43601,4759,16,0.0185117535293102,1.661193609237671
Energy-force-only EquiformerV2 AD,35514,4760,19,0.0063840993680059,1.3172078132629397
Energy-force-only EquiformerV2 AD,41918,4761,8,0.0261060576885938,3.191533088684082
Energy-force-only EquiformerV2 AD,10951,4762,13,0.0108978552743792,2.300271987915039
Energy-force-only EquiformerV2 AD,21600,4763,15,0.041643138974905,1.275277018547058
Energy-force-only EquiformerV2 AD,32234,4764,11,0.0220245067030191,3.1448733806610107
Energy-force-only EquiformerV2 AD,13119,4765,12,0.048053678125143,2.5553295612335205
Energy-force-only EquiformerV2 AD,26804,4766,14,0.0128690144047141,1.852651000022888
Energy-force-only EquiformerV2 AD,4635,4767,11,0.0226996932178735,3.976757049560547
Energy-force-only EquiformerV2 AD,10355,4768,16,0.0040449211373925,1.911277413368225
Energy-force-only EquiformerV2 AD,31397,4769,15,0.0117203081026673,2.219356775283813
Energy-force-only EquiformerV2 AD,47307,4770,16,0.0487124435603618,0.8978212475776672
Energy-force-only EquiformerV2 AD,28831,4771,17,0.0165391359478235,1.376752853393555
Energy-force-only EquiformerV2 AD,40933,4772,11,0.0195806790143251,2.33290696144104
Energy-force-only EquiformerV2 AD,10097,4773,17,0.0204214919358491,1.4703441858291626
Energy-force-only EquiformerV2 AD,20166,4774,13,0.0253074783831834,1.793608784675598
Energy-force-only EquiformerV2 AD,21744,4775,9,0.1361292898654937,3.3071651458740234
Energy-force-only EquiformerV2 AD,27795,4776,14,0.0153324007987976,1.100801706314087
Energy-force-only EquiformerV2 AD,311,4777,10,0.0335489995777606,3.777586936950684
Energy-force-only EquiformerV2 AD,184,4778,15,0.0080835130065679,1.9835797548294067
Energy-force-only EquiformerV2 AD,16081,4779,15,0.0210617873817682,2.5846168994903564
Energy-force-only EquiformerV2 AD,50162,4780,14,0.008198844268918,1.579971432685852
Energy-force-only EquiformerV2 AD,39931,4781,14,0.0138945216313004,1.4846181869506836
Energy-force-only EquiformerV2 AD,31313,4782,18,0.0239567514508962,1.0703595876693726
Energy-force-only EquiformerV2 AD,7046,4783,19,0.0086824307218194,1.4346113204956057
Energy-force-only EquiformerV2 AD,35496,4784,12,0.010027271695435,3.433924674987793
Energy-force-only EquiformerV2 AD,42533,4785,11,0.0131463920697569,2.986912250518799
Energy-force-only EquiformerV2 AD,8747,4786,15,0.0065608662553131,2.322056293487549
Energy-force-only EquiformerV2 AD,38768,4787,15,0.0079409321770071,1.9065563678741453
Energy-force-only EquiformerV2 AD,18107,4788,13,0.0091719515621662,2.7549595832824707
Energy-force-only EquiformerV2 AD,23738,4789,16,0.0163488276302814,1.889107584953308
Energy-force-only EquiformerV2 AD,19318,4790,17,0.0221434254199266,1.5302523374557495
Energy-force-only EquiformerV2 AD,22580,4791,14,0.0120377428829669,2.14258360862732
Energy-force-only EquiformerV2 AD,25303,4792,8,0.011267970316112,2.606764316558838
Energy-force-only EquiformerV2 AD,36723,4793,12,0.0307715330272912,1.085216999053955
Energy-force-only EquiformerV2 AD,2983,4794,10,0.0446253232657909,2.6062610149383545
Energy-force-only EquiformerV2 AD,35154,4795,16,0.0061555691063404,1.4186723232269287
Energy-force-only EquiformerV2 AD,43511,4796,16,0.0123762190341949,1.253231644630432
Energy-force-only EquiformerV2 AD,18972,4797,15,0.0243467949330806,2.498054027557373
Energy-force-only EquiformerV2 AD,24727,4798,15,0.0101306093856692,2.0884997844696045
Energy-force-only EquiformerV2 AD,1858,4799,17,0.0237800199538469,1.662757396697998
Energy-force-only EquiformerV2 AD,24630,4800,16,0.0101575851440429,1.826743483543396
Energy-force-only EquiformerV2 AD,3061,4801,15,0.0167558286339044,1.932807683944702
Energy-force-only EquiformerV2 AD,30086,4802,12,0.0565486103296279,2.927964687347412
Energy-force-only EquiformerV2 AD,13341,4803,12,0.0146604478359222,2.069495677947998
Energy-force-only EquiformerV2 AD,21001,4804,16,0.0613632872700691,1.4318939447402954
Energy-force-only EquiformerV2 AD,966,4805,15,0.014607879333198,2.4772298336029053
Energy-force-only EquiformerV2 AD,6490,4806,15,0.0167013313621282,1.5992330312728882
Energy-force-only EquiformerV2 AD,47321,4807,17,0.0055759120732545,1.5507293939590454
Energy-force-only EquiformerV2 AD,29597,4808,11,0.0109349694103002,3.0201780796051025
Energy-force-only EquiformerV2 AD,18964,4809,12,0.0140438349917531,2.3983097076416016
Energy-force-only EquiformerV2 AD,11216,4810,16,0.0257052555680274,2.0274336338043213
Energy-force-only EquiformerV2 AD,17811,4811,17,0.0406377762556076,1.108901023864746
Energy-force-only EquiformerV2 AD,378,4812,15,0.0323657132685184,2.3388237953186035
Energy-force-only EquiformerV2 AD,42485,4813,15,0.0128766102716326,2.275127410888672
Energy-force-only EquiformerV2 AD,10279,4814,13,0.0238801576197147,1.555153489112854
Energy-force-only EquiformerV2 AD,27194,4815,11,0.0129541493952274,3.490983963012696
Energy-force-only EquiformerV2 AD,35511,4816,16,0.0133202150464057,1.900795221328736
Energy-force-only EquiformerV2 AD,42272,4817,12,0.0150588052347302,2.517494440078736
Energy-force-only EquiformerV2 AD,35440,4818,16,0.0057963356375694,1.2239519357681274
Energy-force-only EquiformerV2 AD,32035,4819,14,0.0096619138494133,2.225459575653076
Energy-force-only EquiformerV2 AD,44655,4820,13,0.0051790452562272,2.641733407974243
Energy-force-only EquiformerV2 AD,22199,4821,14,0.0129396095871925,2.025107383728028
Energy-force-only EquiformerV2 AD,50650,4822,15,0.0099972421303391,1.9815497398376465
Energy-force-only EquiformerV2 AD,26497,4823,15,0.0129017950966954,2.7143988609313965
Energy-force-only EquiformerV2 AD,3012,4824,16,0.0118856308981776,1.6994743347167969
Energy-force-only EquiformerV2 AD,38802,4825,16,0.0090871378779411,2.3940789699554443
Energy-force-only EquiformerV2 AD,7869,4826,19,0.0108877727761864,0.6021064519882202
Energy-force-only EquiformerV2 AD,44821,4827,13,0.0972116887569427,7.681971073150635
Energy-force-only EquiformerV2 AD,21206,4828,16,0.0057422649115324,1.670676589012146
Energy-force-only EquiformerV2 AD,45774,4829,15,0.0175026580691337,1.489341139793396
Energy-force-only EquiformerV2 AD,42338,4830,13,0.0085274092853069,2.705816507339477
Energy-force-only EquiformerV2 AD,45585,4831,15,0.0131130535155534,2.189860582351685
Energy-force-only EquiformerV2 AD,31743,4832,14,0.0208820085972547,1.457225322723389
Energy-force-only EquiformerV2 AD,28611,4833,14,0.0059423455968499,2.12780237197876
Energy-force-only EquiformerV2 AD,15052,4834,9,0.1418873816728592,5.029688835144043
Energy-force-only EquiformerV2 AD,31727,4835,12,0.0410471931099891,2.127971887588501
Energy-force-only EquiformerV2 AD,41825,4836,17,0.0264492239803075,1.344807505607605
Energy-force-only EquiformerV2 AD,30011,4837,18,0.0087493164464831,1.288715362548828
Energy-force-only EquiformerV2 AD,11975,4838,11,0.0053471163846552,3.9314684867858887
Energy-force-only EquiformerV2 AD,29209,4839,12,0.0122060300782322,2.7887983322143555
Energy-force-only EquiformerV2 AD,6945,4840,14,0.0163981113582849,1.829376459121704
Energy-force-only EquiformerV2 AD,43353,4841,17,0.0234666410833597,2.185349702835083
Energy-force-only EquiformerV2 AD,16979,4842,15,0.0085765598341822,1.833397626876831
Energy-force-only EquiformerV2 AD,8229,4843,10,0.0983877852559089,2.419569730758667
Energy-force-only EquiformerV2 AD,41606,4844,15,0.0044712419621646,1.977358341217041
Energy-force-only EquiformerV2 AD,18428,4845,15,0.0151712410151958,1.7973295450210571
Energy-force-only EquiformerV2 AD,33798,4846,13,0.0085440343245863,3.035574436187744
Energy-force-only EquiformerV2 AD,8454,4847,14,0.0415239073336124,2.682668924331665
Energy-force-only EquiformerV2 AD,41741,4848,11,0.0202563218772411,3.300130844116211
Energy-force-only EquiformerV2 AD,38517,4849,14,0.0110530368983745,2.3450582027435303
Energy-force-only EquiformerV2 AD,36962,4850,12,0.0125541752204298,1.5969218015670776
Energy-force-only EquiformerV2 AD,37297,4851,15,0.015208488330245,1.132087469100952
Energy-force-only EquiformerV2 AD,1081,4852,16,0.017746714875102,2.456997394561768
Energy-force-only EquiformerV2 AD,19079,4853,10,0.0221280548721551,4.970307350158691
Energy-force-only EquiformerV2 AD,25679,4854,14,0.004303356166929,2.0192630290985107
Energy-force-only EquiformerV2 AD,20971,4855,14,0.0144278975203633,1.6083056926727295
Energy-force-only EquiformerV2 AD,21492,4856,13,0.0567963682115078,2.1681833267211914
Energy-force-only EquiformerV2 AD,48436,4857,11,0.0381144769489765,1.889002799987793
Energy-force-only EquiformerV2 AD,27220,4858,10,0.02113020978868,4.209514617919922
Energy-force-only EquiformerV2 AD,15063,4859,14,0.0142621072009205,2.3811564445495605
Energy-force-only EquiformerV2 AD,35807,4860,14,0.0119922291487455,2.443101167678833
Energy-force-only EquiformerV2 AD,9001,4861,10,0.0072439238429069,3.9068756103515625
Energy-force-only EquiformerV2 AD,47869,4862,15,0.0152751542627811,2.5933072566986084
Energy-force-only EquiformerV2 AD,34817,4863,10,0.0186130367219448,2.672362804412842
Energy-force-only EquiformerV2 AD,11552,4864,15,0.0218733269721269,2.0600106716156006
Energy-force-only EquiformerV2 AD,7336,4865,10,0.0979989245533943,4.415444374084473
Energy-force-only EquiformerV2 AD,49462,4866,14,0.0255698282271623,2.403115510940552
Energy-force-only EquiformerV2 AD,41090,4867,16,0.0154993254691362,1.6520448923110962
Energy-force-only EquiformerV2 AD,49218,4868,15,0.0153062436729669,2.2700815200805664
Energy-force-only EquiformerV2 AD,48466,4869,16,0.0090225217863917,1.81712007522583
Energy-force-only EquiformerV2 AD,6925,4870,14,0.0171436592936515,2.34138560295105
Energy-force-only EquiformerV2 AD,19077,4871,13,0.0050306781195104,2.706077814102173
Energy-force-only EquiformerV2 AD,38324,4872,13,0.0327790938317775,1.8607456684112549
Energy-force-only EquiformerV2 AD,16822,4873,15,0.0096819307655096,1.9793137311935425
Energy-force-only EquiformerV2 AD,18405,4874,16,0.0054139955900609,1.481139063835144
Energy-force-only EquiformerV2 AD,11583,4875,14,0.0215158369392156,1.4274152517318726
Energy-force-only EquiformerV2 AD,3152,4876,12,0.0144702764227986,2.165781021118164
Energy-force-only EquiformerV2 AD,20986,4877,11,0.0118568893522024,3.0107758045196533
Energy-force-only EquiformerV2 AD,50454,4878,14,0.0082563990727067,2.156333923339844
Energy-force-only EquiformerV2 AD,47995,4879,17,0.0070057082921266,1.392906904220581
Energy-force-only EquiformerV2 AD,795,4880,7,0.0355753973126411,3.547384262084961
Energy-force-only EquiformerV2 AD,17797,4881,11,0.0306318178772926,3.1824169158935547
Energy-force-only EquiformerV2 AD,12891,4882,12,0.0293823610991239,2.6219255924224854
Energy-force-only EquiformerV2 AD,40061,4883,17,0.0093272915109992,1.5083751678466797
Energy-force-only EquiformerV2 AD,42225,4884,14,0.0119806872680783,1.678294658660889
Energy-force-only EquiformerV2 AD,6235,4885,13,0.0182075183838605,2.1988673210144043
Energy-force-only EquiformerV2 AD,8344,4886,15,0.0191803723573684,1.9983181953430176
Energy-force-only EquiformerV2 AD,34130,4887,10,0.033795092254877,3.808511734008789
Energy-force-only EquiformerV2 AD,742,4888,11,0.037795927375555,3.743126392364502
Energy-force-only EquiformerV2 AD,3214,4889,13,0.0222957301884889,1.811334729194641
Energy-force-only EquiformerV2 AD,40067,4890,11,0.0198090691119432,2.3189620971679688
Energy-force-only EquiformerV2 AD,38175,4891,11,0.0127960573881864,3.0765364170074463
Energy-force-only EquiformerV2 AD,9275,4892,16,0.0105679733678698,1.983389496803284
Energy-force-only EquiformerV2 AD,22887,4893,15,0.0122900148853659,1.6919522285461426
Energy-force-only EquiformerV2 AD,31470,4894,12,0.0217546373605728,1.5271815061569214
Energy-force-only EquiformerV2 AD,32808,4895,12,0.0265298746526241,1.5005866289138794
Energy-force-only EquiformerV2 AD,31552,4896,10,0.0475152991712093,4.110341548919678
Energy-force-only EquiformerV2 AD,20455,4897,13,0.0195529796183109,2.800231695175171
Energy-force-only EquiformerV2 AD,30353,4898,9,0.0126448348164558,4.428882598876953
Energy-force-only EquiformerV2 AD,32023,4899,11,0.0301914624869823,2.434506893157959
Energy-force-only EquiformerV2 AD,26631,4900,12,0.0084371753036975,2.328058242797852
Energy-force-only EquiformerV2 AD,22445,4901,12,0.016866872087121,2.6463189125061035
Energy-force-only EquiformerV2 AD,14079,4902,15,0.0133498711511492,2.632622003555298
Energy-force-only EquiformerV2 AD,6821,4903,8,0.07227573543787,3.755597352981568
Energy-force-only EquiformerV2 AD,1337,4904,16,0.0208218935877084,0.9296563267707824
Energy-force-only EquiformerV2 AD,27025,4905,17,0.0042238584719598,1.480151891708374
Energy-force-only EquiformerV2 AD,33460,4906,15,0.0283708255738019,2.011294364929199
Energy-force-only EquiformerV2 AD,33378,4907,15,0.010644125752151,1.937677264213562
Energy-force-only EquiformerV2 AD,9751,4908,16,0.0507364273071289,1.6632148027420044
Energy-force-only EquiformerV2 AD,33064,4909,14,0.0447784960269928,1.6714025735855105
Energy-force-only EquiformerV2 AD,1686,4910,10,0.0310228522866964,3.420085906982422
Energy-force-only EquiformerV2 AD,18045,4911,16,0.0104518849402666,1.979472279548645
Energy-force-only EquiformerV2 AD,15718,4912,12,0.1648298949003219,3.159752368927002
Energy-force-only EquiformerV2 AD,10964,4913,16,0.0057047167792916,2.0129659175872803
Energy-force-only EquiformerV2 AD,45962,4914,14,0.0582433901727199,2.15822982788086
Energy-force-only EquiformerV2 AD,29971,4915,14,0.0157893728464841,2.298011302947998
Energy-force-only EquiformerV2 AD,22886,4916,8,0.0295976363122463,4.02977991104126
Energy-force-only EquiformerV2 AD,49474,4917,11,0.0291492231190204,2.3466928005218506
Energy-force-only EquiformerV2 AD,8196,4918,13,0.0126516232267022,2.1080925464630127
Energy-force-only EquiformerV2 AD,4953,4919,19,0.0032394144218415,1.3252407312393188
Energy-force-only EquiformerV2 AD,3043,4920,12,0.0232975203543901,2.611602544784546
Energy-force-only EquiformerV2 AD,37028,4921,18,0.0200678650289773,1.3356726169586182
Energy-force-only EquiformerV2 AD,32027,4922,17,0.0111280195415019,1.813145399093628
Energy-force-only EquiformerV2 AD,33220,4923,11,0.0485835000872612,3.49468994140625
Energy-force-only EquiformerV2 AD,9763,4924,11,0.0125350300222635,3.159141540527344
Energy-force-only EquiformerV2 AD,23037,4925,13,0.0113817704841494,1.4902064800262451
Energy-force-only EquiformerV2 AD,7144,4926,14,0.016470156610012,2.7968943119049072
Energy-force-only EquiformerV2 AD,31180,4927,10,0.0396719723939895,5.657465934753418
Energy-force-only EquiformerV2 AD,22105,4928,16,0.01364616304636,0.89101243019104
Energy-force-only EquiformerV2 AD,23263,4929,16,0.0126979006454348,1.450675129890442
Energy-force-only EquiformerV2 AD,27296,4930,12,0.0427035354077816,2.1378366947174072
Energy-force-only EquiformerV2 AD,48125,4931,17,0.0130261573940515,1.2853453159332275
Energy-force-only EquiformerV2 AD,17464,4932,15,0.0077355876564979,1.6691441535949707
Energy-force-only EquiformerV2 AD,46039,4933,16,0.0113528873771429,1.983698368072509
Energy-force-only EquiformerV2 AD,28527,4934,11,0.0066797384060919,3.7595276832580566
Energy-force-only EquiformerV2 AD,10875,4935,14,0.015334733761847,1.4690290689468384
Energy-force-only EquiformerV2 AD,12688,4936,9,0.0675188824534416,7.480080127716064
Energy-force-only EquiformerV2 AD,48777,4937,15,0.0074856933206319,1.8255432844161987
Energy-force-only EquiformerV2 AD,23411,4938,13,0.005396076478064,1.6746596097946167
Energy-force-only EquiformerV2 AD,25881,4939,13,0.0179389007389545,1.3854507207870483
Energy-force-only EquiformerV2 AD,3896,4940,12,0.017537573352456,2.7776412963867188
Energy-force-only EquiformerV2 AD,31324,4941,13,0.0093240877613425,2.6431612968444824
Energy-force-only EquiformerV2 AD,25121,4942,19,0.0058570341207087,1.275343894958496
Energy-force-only EquiformerV2 AD,28137,4943,12,0.0279602073132991,1.987361192703247
Energy-force-only EquiformerV2 AD,38656,4944,17,0.0434688404202461,0.7781566381454468
Energy-force-only EquiformerV2 AD,18504,4945,14,0.0064462935552001,2.482796430587769
Energy-force-only EquiformerV2 AD,29174,4946,16,0.0296172611415386,1.0087143182754517
Energy-force-only EquiformerV2 AD,18100,4947,14,0.0079513462260365,1.8492724895477293
Energy-force-only EquiformerV2 AD,30128,4948,13,0.0121758943423628,2.2515223026275635
Energy-force-only EquiformerV2 AD,24155,4949,13,0.0833242833614349,2.8699536323547363
Energy-force-only EquiformerV2 AD,34039,4950,19,0.0037234027404338,1.5777596235275269
Energy-force-only EquiformerV2 AD,653,4951,15,0.0190557669848203,2.475465774536133
Energy-force-only EquiformerV2 AD,31008,4952,14,0.0149880535900592,2.240184545516968
Energy-force-only EquiformerV2 AD,28167,4953,15,0.005263231229037,2.4345617294311523
Energy-force-only EquiformerV2 AD,47010,4954,11,0.0234341546893119,2.847907304763794
Energy-force-only EquiformerV2 AD,35884,4955,17,0.0070037869736552,1.6210744380950928
Energy-force-only EquiformerV2 AD,42679,4956,17,0.10686556994915,1.3273791074752808
Energy-force-only EquiformerV2 AD,27517,4957,14,0.0136866262182593,1.160430908203125
Energy-force-only EquiformerV2 AD,40306,4958,11,0.0103573622182011,2.9488439559936523
Energy-force-only EquiformerV2 AD,37070,4959,12,0.070819966495037,2.6622464656829834
Energy-force-only EquiformerV2 AD,13959,4960,19,0.0128970295190811,0.7797113656997681
Energy-force-only EquiformerV2 AD,6895,4961,11,0.0333361625671386,2.1225268840789795
Energy-force-only EquiformerV2 AD,30489,4962,14,0.0147507898509502,2.6010847091674805
Energy-force-only EquiformerV2 AD,48715,4963,11,0.0814470872282981,3.26985764503479
Energy-force-only EquiformerV2 AD,35743,4964,13,0.0178040359169244,1.6485068798065186
Energy-force-only EquiformerV2 AD,47491,4965,19,0.0113850254565477,0.954090416431427
Energy-force-only EquiformerV2 AD,44112,4966,14,0.0045132706873118,1.9373821020126345
Energy-force-only EquiformerV2 AD,9750,4967,19,0.0111026531085371,1.1505917310714722
Energy-force-only EquiformerV2 AD,16746,4968,15,0.020456675440073,1.0809640884399414
Energy-force-only EquiformerV2 AD,32441,4969,15,0.0052588917315006,1.12761390209198
Energy-force-only EquiformerV2 AD,16159,4970,14,0.0060880361124873,1.940790057182312
Energy-force-only EquiformerV2 AD,18740,4971,14,0.0064025861211121,1.76879620552063
Energy-force-only EquiformerV2 AD,11495,4972,15,0.0393756590783596,1.631690502166748
Energy-force-only EquiformerV2 AD,1015,4973,11,0.011787642724812,3.2159194946289062
Energy-force-only EquiformerV2 AD,48637,4974,12,0.07876668125391,3.471387386322021
Energy-force-only EquiformerV2 AD,15070,4975,15,0.0041502648964524,2.1436076164245605
Energy-force-only EquiformerV2 AD,22394,4976,15,0.0538145825266838,1.499772548675537
Energy-force-only EquiformerV2 AD,4357,4977,18,0.0232912264764308,2.126338005065918
Energy-force-only EquiformerV2 AD,28231,4978,16,0.003665717318654,1.5553451776504517
Energy-force-only EquiformerV2 AD,14404,4979,12,0.0161602012813091,1.4742918014526367
Energy-force-only EquiformerV2 AD,23625,4980,14,0.0123045444488525,1.2250735759735107
Energy-force-only EquiformerV2 AD,38228,4981,19,0.0088938847184181,1.38484525680542
Energy-force-only EquiformerV2 AD,41772,4982,10,0.0181187912821769,3.26859188079834
Energy-force-only EquiformerV2 AD,50354,4983,14,0.012455222196877,2.4117398262023926
Energy-force-only EquiformerV2 AD,21611,4984,11,0.0153587935492396,3.1964707374572754
Energy-force-only EquiformerV2 AD,14958,4985,14,0.0165382362902164,1.185259461402893
Energy-force-only EquiformerV2 AD,1467,4986,10,0.0398444160819053,3.27030873298645
Energy-force-only EquiformerV2 AD,7318,4987,17,0.0186905525624752,1.6987190246582031
Energy-force-only EquiformerV2 AD,10086,4988,12,0.1133541241288185,2.617295742034912
Energy-force-only EquiformerV2 AD,26080,4989,17,0.0253420863300561,1.612897872924805
Energy-force-only EquiformerV2 AD,15482,4990,12,0.0140053629875183,2.8956220149993896
Energy-force-only EquiformerV2 AD,50581,4991,16,0.0087391715496778,1.261660099029541
Energy-force-only EquiformerV2 AD,44341,4992,16,0.0125299915671348,1.3689333200454712
Energy-force-only EquiformerV2 AD,28328,4993,14,0.0037197626661509,1.993909239768982
Energy-force-only EquiformerV2 AD,20816,4994,15,0.0051924083381891,1.858933448791504
Energy-force-only EquiformerV2 AD,500,4995,15,0.0102175194770097,2.074693441390991
Energy-force-only EquiformerV2 AD,9249,4996,17,0.0295016206800937,1.6218656301498413
Energy-force-only EquiformerV2 AD,20635,4997,13,0.0056573529727756,1.8093407154083248
Energy-force-only EquiformerV2 AD,2453,4998,14,0.0102343261241912,1.761427879333496
Energy-force-only EquiformerV2 AD,3795,4999,15,0.0191493202000856,2.1976089477539062
Energy-force-only EquiformerV2 AD,23918,5000,11,0.0245840046554803,2.4982292652130127
Energy-force-only EquiformerV2 AD,28278,5001,13,0.0091748861595988,2.706892967224121
Energy-force-only EquiformerV2 AD,10270,5002,15,0.0126420659944415,2.52217173576355
Energy-force-only EquiformerV2 AD,27879,5003,15,0.0114492019638419,2.412607192993164
Energy-force-only EquiformerV2 AD,34831,5004,12,0.0202878657728433,3.085470676422119
Energy-force-only EquiformerV2 AD,43241,5005,12,0.0386601611971855,3.0141329765319824
Energy-force-only EquiformerV2 AD,28178,5006,15,0.0080679329112172,2.081876516342163
Energy-force-only EquiformerV2 AD,46851,5007,15,0.079849787056446,2.455310106277466
Energy-force-only EquiformerV2 AD,7219,5008,11,0.0099322833120822,4.537314414978027
Energy-force-only EquiformerV2 AD,35792,5009,8,0.0163243506103754,6.401778221130371
Energy-force-only EquiformerV2 AD,42734,5010,14,0.0094035007059574,1.92412543296814
Energy-force-only EquiformerV2 AD,6125,5011,14,0.0214242376387119,2.786268472671509
Energy-force-only EquiformerV2 AD,37951,5012,15,0.0101656727492809,1.5170360803604126
Energy-force-only EquiformerV2 AD,44841,5013,13,0.0272028632462024,2.4025888442993164
Energy-force-only EquiformerV2 AD,5460,5014,17,0.0110511034727096,1.4888238906860352
Energy-force-only EquiformerV2 AD,33302,5015,13,0.0387051030993461,3.321870803833008
Energy-force-only EquiformerV2 AD,19396,5016,17,0.022610530257225,1.351823091506958
Energy-force-only EquiformerV2 AD,37814,5017,17,0.0066546648740768,1.4409393072128296
Energy-force-only EquiformerV2 AD,24587,5018,14,0.0064414199441671,1.6206376552581787
Energy-force-only EquiformerV2 AD,48097,5019,16,0.0050616501830518,1.5746999979019165
Energy-force-only EquiformerV2 AD,50478,5020,12,0.0187074579298496,1.8474897146224976
Energy-force-only EquiformerV2 AD,3900,5021,10,0.0103467721492052,4.162613391876221
Energy-force-only EquiformerV2 AD,29107,5022,15,0.0107235964387655,2.3036038875579834
Energy-force-only EquiformerV2 AD,16929,5023,13,0.0092580318450927,2.139734029769897
Energy-force-only EquiformerV2 AD,26870,5024,13,0.0052471850067377,2.1118874549865723
Energy-force-only EquiformerV2 AD,13635,5025,17,0.0090068308636546,1.55296528339386
Energy-force-only EquiformerV2 AD,42008,5026,15,0.0207765456289052,1.4051790237426758
Energy-force-only EquiformerV2 AD,16024,5027,15,0.0110994828864932,2.193144083023072
Energy-force-only EquiformerV2 AD,13353,5028,10,0.0384406484663486,4.263377189636231
Energy-force-only EquiformerV2 AD,49886,5029,12,0.0369383282959461,2.927771806716919
Energy-force-only EquiformerV2 AD,25392,5030,14,0.0157221313565969,1.927608013153076
Energy-force-only EquiformerV2 AD,17282,5031,15,0.0093899462372064,2.17383074760437
Energy-force-only EquiformerV2 AD,12919,5032,14,0.0087642343714833,1.8302762508392327
Energy-force-only EquiformerV2 AD,28354,5033,8,0.06748828291893,4.713632583618164
Energy-force-only EquiformerV2 AD,50277,5034,15,0.0065611973404884,2.065969467163086
Energy-force-only EquiformerV2 AD,26043,5035,18,0.0040760892443358,1.319905400276184
Energy-force-only EquiformerV2 AD,48904,5036,11,0.0071915085427463,2.9766592979431152
Energy-force-only EquiformerV2 AD,22706,5037,14,0.0092599038034677,1.4469109773635864
Energy-force-only EquiformerV2 AD,9984,5038,16,0.0192516073584556,1.4812824726104736
Energy-force-only EquiformerV2 AD,40873,5039,12,0.0123083032667636,2.074721097946167
Energy-force-only EquiformerV2 AD,34841,5040,14,0.0066658835858106,2.133249044418335
Energy-force-only EquiformerV2 AD,15536,5041,13,0.0828344300389289,2.9853594303131104
Energy-force-only EquiformerV2 AD,911,5042,19,0.0040262937545776,1.2787030935287476
Energy-force-only EquiformerV2 AD,29214,5043,10,0.0098225567489862,3.049863815307617
Energy-force-only EquiformerV2 AD,18513,5044,14,0.0152356652542948,2.287351608276367
Energy-force-only EquiformerV2 AD,29654,5045,17,0.0161776430904865,1.6743576526641846
Energy-force-only EquiformerV2 AD,31765,5046,15,0.0126351928338408,2.1226601600646973
Energy-force-only EquiformerV2 AD,44840,5047,12,0.0488068126142025,2.1135172843933105
Energy-force-only EquiformerV2 AD,48909,5048,16,0.0176727678626775,1.522226333618164
Energy-force-only EquiformerV2 AD,14738,5049,19,0.0054782908409833,1.3368571996688845
Energy-force-only EquiformerV2 AD,1115,5050,14,0.0245878044515848,2.298201560974121
Energy-force-only EquiformerV2 AD,3843,5051,12,0.0175137482583522,2.0411524772644043
Energy-force-only EquiformerV2 AD,34483,5052,14,0.0277411378920078,1.668185472488403
Energy-force-only EquiformerV2 AD,50339,5053,13,0.0721802935004234,3.115082025527954
Energy-force-only EquiformerV2 AD,42032,5054,12,0.0126909492537379,3.076707363128662
Energy-force-only EquiformerV2 AD,2403,5055,17,0.0078305825591087,1.724229335784912
Energy-force-only EquiformerV2 AD,22730,5056,13,0.0233197007328271,2.316658735275269
Energy-force-only EquiformerV2 AD,22951,5057,12,0.0094860326498746,2.630046844482422
Energy-force-only EquiformerV2 AD,43412,5058,13,0.0132013410329818,1.4451148509979248
Energy-force-only EquiformerV2 AD,29342,5059,16,0.0174763184040784,1.7270525693893433
Energy-force-only EquiformerV2 AD,12651,5060,17,0.0175484288483858,2.138573408126831
Energy-force-only EquiformerV2 AD,22499,5061,17,0.0304002463817596,1.1850818395614624
Energy-force-only EquiformerV2 AD,147,5062,17,0.0098885698243975,1.549893140792847
Energy-force-only EquiformerV2 AD,40401,5063,8,0.0203950852155685,2.473650455474853
Energy-force-only EquiformerV2 AD,26542,5064,16,0.010404709726572,1.844532489776612
Energy-force-only EquiformerV2 AD,4108,5065,10,0.0326130129396915,4.579970836639404
Energy-force-only EquiformerV2 AD,8866,5066,14,0.0066434768959879,2.0650527477264404
Energy-force-only EquiformerV2 AD,25006,5067,10,0.0249939803034067,2.5020155906677246
Energy-force-only EquiformerV2 AD,12252,5068,11,0.0428301654756069,2.65472412109375
Energy-force-only EquiformerV2 AD,36596,5069,14,0.0214087832719087,2.5818088054656982
Energy-force-only EquiformerV2 AD,35180,5070,18,0.0125761972740292,1.733512282371521
Energy-force-only EquiformerV2 AD,41665,5071,9,0.0142063191160559,2.857096672058105
Energy-force-only EquiformerV2 AD,41508,5072,12,0.0116559155285358,2.867347717285156
Energy-force-only EquiformerV2 AD,25936,5073,14,0.0096296714618802,2.39773178100586
Energy-force-only EquiformerV2 AD,41310,5074,13,0.0104644102975726,1.9091017246246336
Energy-force-only EquiformerV2 AD,36212,5075,14,0.0253522172570228,1.6836836338043213
Energy-force-only EquiformerV2 AD,18435,5076,16,0.0076819956302642,1.896627426147461
Energy-force-only EquiformerV2 AD,30400,5077,12,0.0558445528149604,2.1215736865997314
Energy-force-only EquiformerV2 AD,28698,5078,16,0.0079083275049924,1.3115652799606323
Energy-force-only EquiformerV2 AD,24066,5079,14,0.0145898312330245,1.663211226463318
Energy-force-only EquiformerV2 AD,16807,5080,12,0.0454857535660266,1.3675333261489868
Energy-force-only EquiformerV2 AD,40812,5081,10,0.0098058301955461,2.145670413970948
Energy-force-only EquiformerV2 AD,22874,5082,17,0.0078391293063759,1.5829285383224487
Energy-force-only EquiformerV2 AD,49307,5083,15,0.0057999696582555,2.144960403442383
Energy-force-only EquiformerV2 AD,49023,5084,13,0.0036728971172124,2.4211089611053467
Energy-force-only EquiformerV2 AD,34280,5085,9,0.0516188330948352,3.596410751342773
Energy-force-only EquiformerV2 AD,28435,5086,17,0.0334059745073318,1.3128423690795898
Energy-force-only EquiformerV2 AD,44594,5087,13,0.0213730912655591,1.9853882789611816
Energy-force-only EquiformerV2 AD,6779,5088,12,0.0533227548003196,3.026065826416016
Energy-force-only EquiformerV2 AD,7786,5089,15,0.0091889631003141,2.1915760040283203
Energy-force-only EquiformerV2 AD,6974,5090,12,0.0070083127357065,2.9182074069976807
Energy-force-only EquiformerV2 AD,3673,5091,8,0.0114304404705762,5.7411789894104
Energy-force-only EquiformerV2 AD,195,5092,13,0.02846066839993,2.336153745651245
Energy-force-only EquiformerV2 AD,49118,5093,13,0.0191353559494018,2.19739294052124
Energy-force-only EquiformerV2 AD,39843,5094,8,0.0810943320393562,6.322543621063232
Energy-force-only EquiformerV2 AD,26972,5095,11,0.0115826530382037,2.542224168777466
Energy-force-only EquiformerV2 AD,25621,5096,17,0.0149713363498449,1.506096601486206
Energy-force-only EquiformerV2 AD,7059,5097,15,0.0664759129285812,2.687040328979492
Energy-force-only EquiformerV2 AD,27253,5098,14,0.0094966674223542,2.118375778198242
Energy-force-only EquiformerV2 AD,6430,5099,12,0.0281918216496706,1.4920978546142578
Energy-force-only EquiformerV2 AD,16126,5100,19,0.0030648880638182,1.2833070755004885
Energy-force-only EquiformerV2 AD,38603,5101,15,0.0056738588027656,1.9765207767486568
Energy-force-only EquiformerV2 AD,15164,5102,13,0.0165063086897134,2.886061429977417
Energy-force-only EquiformerV2 AD,36145,5103,12,0.0121093057096004,3.3004298210144043
Energy-force-only EquiformerV2 AD,48827,5104,16,0.0234928950667381,1.6723169088363647
Energy-force-only EquiformerV2 AD,8154,5105,15,0.0077532334253191,2.34533953666687
Energy-force-only EquiformerV2 AD,23816,5106,10,0.0088780522346496,3.813553810119629
Energy-force-only EquiformerV2 AD,20071,5107,10,0.00443622097373,4.03598690032959
Energy-force-only EquiformerV2 AD,8829,5108,12,0.0128905214369297,3.261199712753296
Energy-force-only EquiformerV2 AD,494,5109,10,0.0126504488289356,3.43901801109314
Energy-force-only EquiformerV2 AD,36850,5110,13,0.0120222344994544,1.4205615520477295
Energy-force-only EquiformerV2 AD,41158,5111,16,0.0211068578064441,1.0264737606048584
Energy-force-only EquiformerV2 AD,19418,5112,17,0.0034013893455266,1.6447666883468628
Energy-force-only EquiformerV2 AD,1760,5113,11,0.0057585001923143,3.790494203567505
Energy-force-only EquiformerV2 AD,16347,5114,18,0.0149227892979979,1.638158082962036
Energy-force-only EquiformerV2 AD,19645,5115,15,0.0090211331844329,1.7447781562805176
Energy-force-only EquiformerV2 AD,14787,5116,12,0.0075335884466767,3.1313791275024414
Energy-force-only EquiformerV2 AD,16540,5117,16,0.0088272560387849,1.9706323146820068
Energy-force-only EquiformerV2 AD,42000,5118,14,0.0136218247935175,2.3212687969207764
Energy-force-only EquiformerV2 AD,22664,5119,13,0.0425954163074493,2.170704841613769
Energy-force-only EquiformerV2 AD,41281,5120,13,0.0155370663851499,0.9641181230545044
Energy-force-only EquiformerV2 AD,1728,5121,14,0.0165422968566417,1.5994514226913452
Energy-force-only EquiformerV2 AD,17455,5122,18,0.0038870330899953,1.4523409605026243
Energy-force-only EquiformerV2 AD,8321,5123,17,0.0134103493764996,1.931880474090576
Energy-force-only EquiformerV2 AD,17263,5124,13,0.0149752274155616,2.794203758239746
Energy-force-only EquiformerV2 AD,12238,5125,18,0.0193847995251417,1.5883185863494873
Energy-force-only EquiformerV2 AD,39239,5126,21,0.0082298647612333,1.202239990234375
Energy-force-only EquiformerV2 AD,32104,5127,16,0.0093743614852428,1.5135765075683594
Energy-force-only EquiformerV2 AD,4398,5128,14,0.0096440967172384,2.685283899307251
Energy-force-only EquiformerV2 AD,4355,5129,12,0.0128312101587653,2.445687294006348
Energy-force-only EquiformerV2 AD,24650,5130,9,0.0405241996049881,3.1113035678863525
Energy-force-only EquiformerV2 AD,8958,5131,14,0.0384811274707317,2.835455179214477
Energy-force-only EquiformerV2 AD,2325,5132,12,0.0135886017233133,2.733996868133545
Energy-force-only EquiformerV2 AD,24018,5133,10,0.0182699337601661,4.438418388366699
Energy-force-only EquiformerV2 AD,682,5134,10,0.0191867966204881,4.490921974182129
Energy-force-only EquiformerV2 AD,6389,5135,13,0.0295028630644083,1.785536289215088
Energy-force-only EquiformerV2 AD,28947,5136,12,0.0369409993290901,3.035881996154785
Energy-force-only EquiformerV2 AD,45277,5137,15,0.054124716669321,2.236121654510498
Energy-force-only EquiformerV2 AD,7033,5138,13,0.0138407461345195,2.8876161575317383
Energy-force-only EquiformerV2 AD,34384,5139,17,0.0113585237413644,1.3618495464324951
Energy-force-only EquiformerV2 AD,48113,5140,14,0.0183448139578104,2.677384614944458
Energy-force-only EquiformerV2 AD,18904,5141,17,0.0122090531513094,1.370346188545227
Energy-force-only EquiformerV2 AD,14180,5142,14,0.0203212220221757,1.4785058498382568
Energy-force-only EquiformerV2 AD,8990,5143,13,0.0308191161602735,2.128589391708374
Energy-force-only EquiformerV2 AD,38876,5144,11,0.0240991879254579,2.6198463439941406
Energy-force-only EquiformerV2 AD,40607,5145,10,0.0032001219224184,2.382192373275757
Energy-force-only EquiformerV2 AD,2107,5146,19,0.0052543710917234,1.4637072086334229
Energy-force-only EquiformerV2 AD,29834,5147,14,0.0187023319303989,1.306499481201172
Energy-force-only EquiformerV2 AD,4346,5148,13,0.030158657580614,2.7897651195526123
Energy-force-only EquiformerV2 AD,41916,5149,14,0.0299389287829399,1.6211161613464355
Energy-force-only EquiformerV2 AD,50006,5150,13,0.0642342343926429,2.7374825477600098
Energy-force-only EquiformerV2 AD,46914,5151,12,0.0180860962718725,3.5462427139282227
Energy-force-only EquiformerV2 AD,27820,5152,15,0.0108334822580218,2.0263521671295166
Energy-force-only EquiformerV2 AD,46841,5153,16,0.0232276245951652,1.5546733140945437
Energy-force-only EquiformerV2 AD,40268,5154,21,0.0043224566616117,1.0401592254638672
Energy-force-only EquiformerV2 AD,3141,5155,14,0.0060507906600832,2.3106114864349365
Energy-force-only EquiformerV2 AD,43384,5156,14,0.0094107650220394,1.914279818534851
Energy-force-only EquiformerV2 AD,49013,5157,12,0.0070036044344305,2.7399890422821045
Energy-force-only EquiformerV2 AD,36816,5158,21,0.0105888620018959,1.0876857042312622
Energy-force-only EquiformerV2 AD,8518,5159,13,0.0292993355542421,1.710182547569275
Energy-force-only EquiformerV2 AD,21165,5160,13,0.0340549685060977,2.268493175506592
Energy-force-only EquiformerV2 AD,22291,5161,15,0.0248064901679754,2.2841291427612305
Energy-force-only EquiformerV2 AD,35742,5162,15,0.0087675917893648,1.6610476970672607
Energy-force-only EquiformerV2 AD,24246,5163,12,0.0058965771459043,2.8047049045562744
Energy-force-only EquiformerV2 AD,24594,5164,8,0.0504934638738632,3.276934862136841
Energy-force-only EquiformerV2 AD,23749,5165,14,0.0086126448586583,2.163535594940185
Energy-force-only EquiformerV2 AD,6449,5166,12,0.0189270433038473,1.3903216123580933
Energy-force-only EquiformerV2 AD,14956,5167,10,0.0143198147416114,3.168813705444336
Energy-force-only EquiformerV2 AD,30093,5168,15,0.0065222661942243,2.281535148620605
Energy-force-only EquiformerV2 AD,46017,5169,16,0.0597267374396324,1.8284378051757808
Energy-force-only EquiformerV2 AD,38243,5170,16,0.0286251008510589,1.4847455024719238
Energy-force-only EquiformerV2 AD,28026,5171,14,0.1005647554993629,1.0962724685668943
Energy-force-only EquiformerV2 AD,39583,5172,13,0.0176344290375709,2.524348258972168
Energy-force-only EquiformerV2 AD,48528,5173,13,0.007809474132955,2.4185407161712646
Energy-force-only EquiformerV2 AD,38179,5174,13,0.0083767566829919,2.686610460281372
Energy-force-only EquiformerV2 AD,12474,5175,19,0.0060957577079534,1.4066684246063232
Energy-force-only EquiformerV2 AD,9825,5176,19,0.0094241956248879,1.1011466979980469
Energy-force-only EquiformerV2 AD,16655,5177,19,0.0027311348821967,1.4565061330795288
Energy-force-only EquiformerV2 AD,27837,5178,14,0.0261745918542146,1.7818357944488523
Energy-force-only EquiformerV2 AD,7474,5179,12,0.0208006408065557,2.781413078308105
Energy-force-only EquiformerV2 AD,3358,5180,14,0.008009135723114,2.1285181045532227
Energy-force-only EquiformerV2 AD,41974,5181,17,0.0087525015696883,1.8852967023849487
Energy-force-only EquiformerV2 AD,814,5182,9,0.0196753125637769,3.181080102920532
Energy-force-only EquiformerV2 AD,13582,5183,11,0.0749656930565834,1.704740285873413
Energy-force-only EquiformerV2 AD,28573,5184,16,0.0061772493645548,1.869889616966248
Energy-force-only EquiformerV2 AD,24960,5185,17,0.0119986943900585,1.2695437669754028
Energy-force-only EquiformerV2 AD,26290,5186,18,0.012741208076477,0.903628408908844
Energy-force-only EquiformerV2 AD,8786,5187,7,0.1597970724105835,3.3042688369750977
Energy-force-only EquiformerV2 AD,36112,5188,16,0.0124881621450185,2.1126866340637207
Energy-force-only EquiformerV2 AD,34389,5189,19,0.0071181487292051,1.077520489692688
Energy-force-only EquiformerV2 AD,43134,5190,12,0.0130098890513181,3.5513033866882324
Energy-force-only EquiformerV2 AD,13376,5191,12,0.0112377228215336,2.642284631729126
Energy-force-only EquiformerV2 AD,21441,5192,19,0.0110156694427132,1.4948053359985352
Energy-force-only EquiformerV2 AD,8425,5193,14,0.0050187967717647,1.974593162536621
Energy-force-only EquiformerV2 AD,25658,5194,15,0.0061866734176874,2.070878267288208
Energy-force-only EquiformerV2 AD,25053,5195,9,0.0150659857317805,3.9873900413513184
Energy-force-only EquiformerV2 AD,6057,5196,15,0.0192554406821727,1.5556551218032837
Energy-force-only EquiformerV2 AD,25129,5197,9,0.011542547494173,3.676990509033203
Energy-force-only EquiformerV2 AD,19199,5198,12,0.0063501955009996,2.177211046218872
Energy-force-only EquiformerV2 AD,3020,5199,12,0.0114733111113309,3.2870988845825195
Energy-force-only EquiformerV2 AD,29981,5200,19,0.0195963513106107,1.161620020866394
Energy-force-only EquiformerV2 AD,22636,5201,18,0.0044095190241932,1.4662209749221802
Energy-force-only EquiformerV2 AD,37612,5202,13,0.0458953529596328,1.0278282165527344
Energy-force-only EquiformerV2 AD,26402,5203,14,0.0220462549477815,2.169386625289917
Energy-force-only EquiformerV2 AD,28359,5204,16,0.0144036188721656,0.9876478910446168
Energy-force-only EquiformerV2 AD,14510,5205,13,0.0638286545872688,0.9809918999671936
Energy-force-only EquiformerV2 AD,47210,5206,14,0.0038807161618024,2.144944190979004
Energy-force-only EquiformerV2 AD,41462,5207,9,0.0178350713104009,3.1726582050323486
Energy-force-only EquiformerV2 AD,36102,5208,12,0.00614849710837,2.1639223098754883
Energy-force-only EquiformerV2 AD,31500,5209,14,0.0138650685548782,1.3517967462539673
Energy-force-only EquiformerV2 AD,18943,5210,13,0.0136833665892481,1.9884289503097528
Energy-force-only EquiformerV2 AD,20886,5211,15,0.0206244196742773,2.4598190784454346
Energy-force-only EquiformerV2 AD,41141,5212,14,0.0035296736750751,2.0079588890075684
Energy-force-only EquiformerV2 AD,3038,5213,13,0.0270629115402698,2.751458168029785
Energy-force-only EquiformerV2 AD,38225,5214,10,0.0120875583961606,3.531624794006348
Energy-force-only EquiformerV2 AD,34329,5215,14,0.0701664313673973,1.806607007980347
Energy-force-only EquiformerV2 AD,39569,5216,19,0.0179447829723358,1.3245277404785156
Energy-force-only EquiformerV2 AD,36093,5217,8,0.0273789893835783,3.389598608016968
Energy-force-only EquiformerV2 AD,16070,5218,13,0.0165967475622892,1.785976529121399
Energy-force-only EquiformerV2 AD,29584,5219,12,0.0196549240499734,2.905773878097534
Energy-force-only EquiformerV2 AD,47485,5220,12,0.0133276265114545,2.776515007019043
Energy-force-only EquiformerV2 AD,30436,5221,12,0.0107242297381162,2.238468170166016
Energy-force-only EquiformerV2 AD,33364,5222,15,0.0041308095678687,2.1328604221343994
Energy-force-only EquiformerV2 AD,7120,5223,6,0.0434398986399173,8.098811149597168
Energy-force-only EquiformerV2 AD,33704,5224,14,0.0111365457996726,2.0101218223571777
Energy-force-only EquiformerV2 AD,5048,5225,15,0.0125029571354389,1.5632635354995728
Energy-force-only EquiformerV2 AD,34730,5226,14,0.0113202109932899,2.4597654342651367
Energy-force-only EquiformerV2 AD,45871,5227,14,0.0240603294223546,1.3701471090316772
Energy-force-only EquiformerV2 AD,21928,5228,14,0.0129618365317583,1.8607745170593264
Energy-force-only EquiformerV2 AD,26937,5229,14,0.0245519317686557,1.758392333984375
Energy-force-only EquiformerV2 AD,8972,5230,8,0.0159801039844751,6.145675182342529
Energy-force-only EquiformerV2 AD,4338,5231,13,0.0408284366130828,1.7677221298217771
Energy-force-only EquiformerV2 AD,39088,5232,12,0.0120290918275713,2.543823003768921
Energy-force-only EquiformerV2 AD,45037,5233,11,0.0377029441297054,2.4104061126708984
Energy-force-only EquiformerV2 AD,2163,5234,12,0.0676597133278846,3.0612001419067383
Energy-force-only EquiformerV2 AD,13319,5235,15,0.004789771977812,1.6111056804656982
Energy-force-only EquiformerV2 AD,20022,5236,13,0.007192422170192,2.4241178035736084
Energy-force-only EquiformerV2 AD,41235,5237,13,0.0074240113608539,2.084455966949463
Energy-force-only EquiformerV2 AD,36835,5238,7,0.0322766788303852,6.657954216003418
Energy-force-only EquiformerV2 AD,32019,5239,19,0.0063391546718776,1.5273679494857788
Energy-force-only EquiformerV2 AD,21575,5240,14,0.0063542467541992,2.1176743507385254
Energy-force-only EquiformerV2 AD,32871,5241,14,0.0181460678577423,2.12939453125
Energy-force-only EquiformerV2 AD,44522,5242,12,0.0086950818076729,2.877126693725586
Energy-force-only EquiformerV2 AD,37086,5243,14,0.0147083420306444,2.2358784675598145
Energy-force-only EquiformerV2 AD,20872,5244,11,0.0566488876938819,3.265439748764038
Energy-force-only EquiformerV2 AD,22327,5245,15,0.0230221040546894,1.7669583559036257
Energy-force-only EquiformerV2 AD,22312,5246,15,0.0132496152073144,2.1037118434906006
Energy-force-only EquiformerV2 AD,37696,5247,11,0.0315934345126152,3.615112066268921
Energy-force-only EquiformerV2 AD,46499,5248,14,0.0106828743591904,1.8490549325942995
Energy-force-only EquiformerV2 AD,40571,5249,8,0.0202067047357559,3.984366178512573
Energy-force-only EquiformerV2 AD,25805,5250,13,0.034657210111618,1.2966405153274536
Energy-force-only EquiformerV2 AD,40542,5251,13,0.0227568298578262,2.252217054367065
Energy-force-only EquiformerV2 AD,26528,5252,16,0.0100336335599422,1.1192760467529297
Energy-force-only EquiformerV2 AD,9239,5253,16,0.0047020241618156,2.214656352996826
Energy-force-only EquiformerV2 AD,8989,5254,18,0.0037200588267296,1.2333115339279177
Energy-force-only EquiformerV2 AD,20365,5255,12,0.006646258290857,2.271058797836304
Energy-force-only EquiformerV2 AD,29893,5256,13,0.0344320200383663,2.312896251678467
Energy-force-only EquiformerV2 AD,22529,5257,14,0.0367071740329265,1.8442795276641848
Energy-force-only EquiformerV2 AD,4498,5258,14,0.0121796047315001,2.266852378845215
Energy-force-only EquiformerV2 AD,35327,5259,14,0.0115300957113504,1.9005930423736568
Energy-force-only EquiformerV2 AD,37510,5260,14,0.01453423127532,2.2812728881835938
Energy-force-only EquiformerV2 AD,34928,5261,12,0.0078359209001064,2.090559482574463
Energy-force-only EquiformerV2 AD,50213,5262,14,0.0061055598780512,1.860571265220642
Energy-force-only EquiformerV2 AD,14430,5263,14,0.0063189822249114,1.9567523002624512
Energy-force-only EquiformerV2 AD,11989,5264,14,0.0356504991650581,2.3498942852020264
Energy-force-only EquiformerV2 AD,8184,5265,16,0.028517086058855,1.6993132829666138
Energy-force-only EquiformerV2 AD,30240,5266,15,0.0194540172815322,1.592013955116272
Energy-force-only EquiformerV2 AD,32554,5267,19,0.0106324888765811,1.979296326637268
Energy-force-only EquiformerV2 AD,35408,5268,16,0.0126124899834394,2.0345044136047363
Energy-force-only EquiformerV2 AD,40818,5269,13,0.016288336366415,2.0998926162719727
Energy-force-only EquiformerV2 AD,16060,5270,12,0.0329970642924308,3.281014919281006
Energy-force-only EquiformerV2 AD,24703,5271,11,0.004028582945466,2.2618799209594727
Energy-force-only EquiformerV2 AD,44964,5272,15,0.0172081682831048,1.4153404235839844
Energy-force-only EquiformerV2 AD,1133,5273,10,0.084421619772911,2.420729160308838
Energy-force-only EquiformerV2 AD,38311,5274,14,0.0063731088303029,2.0110013484954834
Energy-force-only EquiformerV2 AD,10478,5275,14,0.0109848929569125,2.2404751777648926
Energy-force-only EquiformerV2 AD,12204,5276,15,0.0344970859587192,0.9097575545310974
Energy-force-only EquiformerV2 AD,19791,5277,17,0.0069377184845507,1.692029356956482
Energy-force-only EquiformerV2 AD,13220,5278,17,0.005895004607737,1.514915943145752
Energy-force-only EquiformerV2 AD,1536,5279,9,0.0328496359288692,3.906874895095825
Energy-force-only EquiformerV2 AD,9209,5280,14,0.0136277507990598,2.383448839187622
Energy-force-only EquiformerV2 AD,9883,5281,15,0.0066971583291888,1.81496012210846
Energy-force-only EquiformerV2 AD,22398,5282,17,0.0118076894432306,1.5776954889297483
Energy-force-only EquiformerV2 AD,44895,5283,10,0.0366593897342681,3.104268789291382
Energy-force-only EquiformerV2 AD,50086,5284,14,0.0064271944575011,2.5473439693450928
Energy-force-only EquiformerV2 AD,45519,5285,12,0.0222333092242479,2.061275243759156
Energy-force-only EquiformerV2 AD,49997,5286,10,0.0095545602962374,4.267767906188965
Energy-force-only EquiformerV2 AD,26257,5287,12,0.0140336127951741,2.077462673187256
Energy-force-only EquiformerV2 AD,47289,5288,14,0.0204959828406572,1.8958377838134768
Energy-force-only EquiformerV2 AD,23550,5289,12,0.0118147162720561,3.15001916885376
Energy-force-only EquiformerV2 AD,34170,5290,17,0.0124418642371892,1.5508131980895996
Energy-force-only EquiformerV2 AD,40689,5291,17,0.0149134518578648,1.840989589691162
Energy-force-only EquiformerV2 AD,46635,5292,16,0.005249623209238,1.4696699380874634
Energy-force-only EquiformerV2 AD,35691,5293,16,0.0295586101710796,1.1577256917953491
Energy-force-only EquiformerV2 AD,26199,5294,11,0.0250912681221961,1.978677034378052
Energy-force-only EquiformerV2 AD,8697,5295,14,0.0063165924511849,1.8245413303375244
Energy-force-only EquiformerV2 AD,22184,5296,11,0.0296582765877246,2.692206621170044
Energy-force-only EquiformerV2 AD,30669,5297,12,0.0101500749588012,2.436530590057373
Energy-force-only EquiformerV2 AD,44784,5298,15,0.0071315257810056,2.40356707572937
Energy-force-only EquiformerV2 AD,21721,5299,12,0.0414473302662372,3.0179152488708496
Energy-force-only EquiformerV2 AD,24053,5300,10,0.0446851775050163,3.623032331466675
Energy-force-only EquiformerV2 AD,44129,5301,10,0.0282500945031642,3.4055325984954834
Energy-force-only EquiformerV2 AD,4006,5302,10,0.0164484251290559,3.534141778945923
Energy-force-only EquiformerV2 AD,16469,5303,16,0.0036182273179292,1.614911437034607
Energy-force-only EquiformerV2 AD,42575,5304,14,0.0344242975115776,2.5458033084869385
Energy-force-only EquiformerV2 AD,39124,5305,18,0.00922008510679,1.6107946634292605
Energy-force-only EquiformerV2 AD,47299,5306,11,0.0194963626563549,2.821062088012696
Energy-force-only EquiformerV2 AD,16106,5307,14,0.0345234610140323,0.843108594417572
Energy-force-only EquiformerV2 AD,13380,5308,19,0.0049676084890961,1.3860259056091309
Energy-force-only EquiformerV2 AD,10899,5309,21,0.0105574177578091,1.327489972114563
Energy-force-only EquiformerV2 AD,29499,5310,15,0.0083681112155318,2.4405438899993896
Energy-force-only EquiformerV2 AD,39713,5311,12,0.0166624318808317,1.5358260869979858
Energy-force-only EquiformerV2 AD,6776,5312,19,0.0188573077321052,0.8003154993057251
Energy-force-only EquiformerV2 AD,25074,5313,15,0.031090497970581,1.090806245803833
Energy-force-only EquiformerV2 AD,33226,5314,18,0.0050970991142094,1.6852236986160278
Energy-force-only EquiformerV2 AD,22164,5315,10,0.0132085988298058,3.278548240661621
Energy-force-only EquiformerV2 AD,43907,5316,8,0.0138059388846158,5.292288303375244
Energy-force-only EquiformerV2 AD,49923,5317,14,0.0094269150868058,1.1989928483963013
Energy-force-only EquiformerV2 AD,22116,5318,14,0.004780224058777,2.612485647201538
Energy-force-only EquiformerV2 AD,10308,5319,12,0.0081743141636252,2.990351676940918
Energy-force-only EquiformerV2 AD,27342,5320,17,0.011137836612761,1.503929615020752
Energy-force-only EquiformerV2 AD,18134,5321,17,0.009340445511043,1.1814348697662354
Energy-force-only EquiformerV2 AD,11805,5322,11,0.0132054686546325,2.5096144676208496
Energy-force-only EquiformerV2 AD,32872,5323,10,0.0204187147319316,2.94469952583313
Energy-force-only EquiformerV2 AD,44860,5324,13,0.0305979996919631,1.9405632019042969
Energy-force-only EquiformerV2 AD,35673,5325,11,0.0092409839853644,2.6911401748657227
Energy-force-only EquiformerV2 AD,41634,5326,6,0.026431793347001,9.494213104248049
Energy-force-only EquiformerV2 AD,1236,5327,13,0.0253464225679636,2.029850959777832
Energy-force-only EquiformerV2 AD,29260,5328,13,0.0132569996640086,2.588214874267578
Energy-force-only EquiformerV2 AD,19400,5329,12,0.0100129703059792,2.566962242126465
Energy-force-only EquiformerV2 AD,280,5330,10,0.0648115053772926,2.8388633728027344
Energy-force-only EquiformerV2 AD,17225,5331,13,0.0143711809068918,1.9834614992141724
Energy-force-only EquiformerV2 AD,6547,5332,14,0.007963502779603,2.231276273727417
Energy-force-only EquiformerV2 AD,4985,5333,14,0.0136310271918773,1.7256453037261963
Energy-force-only EquiformerV2 AD,48326,5334,12,0.0571670867502689,1.9078524112701416
Energy-force-only EquiformerV2 AD,22653,5335,18,0.0106052588671445,1.2021832466125488
Energy-force-only EquiformerV2 AD,31101,5336,17,0.0149805704131722,1.7263325452804563
Energy-force-only EquiformerV2 AD,25438,5337,16,0.0305484272539615,1.5875226259231567
Energy-force-only EquiformerV2 AD,1602,5338,15,0.0108357733115553,2.272144556045532
Energy-force-only EquiformerV2 AD,22350,5339,11,0.0478540211915969,3.621526956558228
Energy-force-only EquiformerV2 AD,520,5340,16,0.0042536361142992,1.714759111404419
Energy-force-only EquiformerV2 AD,48966,5341,12,0.031979639083147,3.283851861953736
Energy-force-only EquiformerV2 AD,37074,5342,16,0.0058945892378687,1.766885757446289
Energy-force-only EquiformerV2 AD,14360,5343,16,0.009002337232232,1.018811583518982
Energy-force-only EquiformerV2 AD,9075,5344,17,0.0237560775130987,1.700888752937317
Energy-force-only EquiformerV2 AD,20278,5345,15,0.0251109227538108,1.9217182397842407
Energy-force-only EquiformerV2 AD,38549,5346,16,0.005700628273189,1.6930097341537476
Energy-force-only EquiformerV2 AD,41121,5347,15,0.011503018438816,1.5639525651931765
Energy-force-only EquiformerV2 AD,11327,5348,16,0.0225753895938396,2.326787233352661
Energy-force-only EquiformerV2 AD,35889,5349,10,0.014391123317182,3.552829027175904
Energy-force-only EquiformerV2 AD,31491,5350,14,0.0112541383132338,1.7443857192993164
Energy-force-only EquiformerV2 AD,17221,5351,12,0.0144762629643082,2.613466262817383
Energy-force-only EquiformerV2 AD,15406,5352,21,0.0057667391374707,1.157951593399048
Energy-force-only EquiformerV2 AD,17010,5353,16,0.014622276648879,1.7333064079284668
Energy-force-only EquiformerV2 AD,41226,5354,14,0.0095569426193833,3.049849510192871
Energy-force-only EquiformerV2 AD,50517,5355,12,0.0160486344248056,2.252601623535156
Energy-force-only EquiformerV2 AD,48993,5356,16,0.0089178057387471,1.9288411140441888
Energy-force-only EquiformerV2 AD,21057,5357,14,0.0092802718281745,1.43947172164917
Energy-force-only EquiformerV2 AD,37777,5358,16,0.0112749254330992,1.1503673791885376
Energy-force-only EquiformerV2 AD,23922,5359,16,0.0502028092741966,1.4277362823486328
Energy-force-only EquiformerV2 AD,17451,5360,10,0.0066942269913852,2.104576349258423
Energy-force-only EquiformerV2 AD,25389,5361,18,0.0040187593549489,1.4621739387512207
Energy-force-only EquiformerV2 AD,17734,5362,19,0.003638356924057,1.5006753206253052
Energy-force-only EquiformerV2 AD,5781,5363,13,0.0039792959578335,2.237255573272705
Energy-force-only EquiformerV2 AD,32233,5364,13,0.0123142525553703,1.5509909391403198
Energy-force-only EquiformerV2 AD,33412,5365,12,0.0176776051521301,1.7887238264083862
Energy-force-only EquiformerV2 AD,44004,5366,9,0.0190497078001499,2.4970974922180176
Energy-force-only EquiformerV2 AD,38133,5367,15,0.0144699839875102,1.8275470733642576
Energy-force-only EquiformerV2 AD,28095,5368,15,0.0084825381636619,2.0668845176696777
Energy-force-only EquiformerV2 AD,26449,5369,17,0.0068742535077035,1.4447609186172483
Energy-force-only EquiformerV2 AD,26861,5370,15,0.0070979595184326,2.145772695541382
Energy-force-only EquiformerV2 AD,45554,5371,15,0.0176090225577354,2.4530184268951416
Energy-force-only EquiformerV2 AD,49439,5372,14,0.0094274086877703,2.309343338012696
Energy-force-only EquiformerV2 AD,20289,5373,14,0.0092113362625241,1.7731653451919556
Energy-force-only EquiformerV2 AD,28773,5374,16,0.0552022382616996,1.722953200340271
Energy-force-only EquiformerV2 AD,9065,5375,16,0.0040034046396613,1.4866654872894287
Energy-force-only EquiformerV2 AD,34440,5376,16,0.0100267995148897,1.6487871408462524
Energy-force-only EquiformerV2 AD,50534,5377,11,0.0152500616386532,2.992757797241211
Energy-force-only EquiformerV2 AD,24618,5378,15,0.0051380866207182,2.376040458679199
Energy-force-only EquiformerV2 AD,15699,5379,18,0.017794607207179,1.0731017589569092
Energy-force-only EquiformerV2 AD,27484,5380,16,0.015099735930562,1.100312113761902
Energy-force-only EquiformerV2 AD,32309,5381,16,0.0253749303519725,1.1962674856185913
Energy-force-only EquiformerV2 AD,20987,5382,11,0.0230978298932313,2.326078414916992
Energy-force-only EquiformerV2 AD,22216,5383,13,0.024884732440114,1.5633127689361572
Energy-force-only EquiformerV2 AD,31851,5384,14,0.054796639829874,3.300822257995605
Energy-force-only EquiformerV2 AD,26201,5385,19,0.0157578866928815,0.83552086353302
Energy-force-only EquiformerV2 AD,36516,5386,13,0.0039748810231685,1.734500288963318
Energy-force-only EquiformerV2 AD,39816,5387,17,0.0119761992245912,1.4698601961135864
Energy-force-only EquiformerV2 AD,25247,5388,14,0.0172800160944461,1.945093274116516
Energy-force-only EquiformerV2 AD,9190,5389,8,0.0352253951132297,4.214742660522461
Energy-force-only EquiformerV2 AD,31551,5390,15,0.0175285767763853,2.0386977195739746
Energy-force-only EquiformerV2 AD,37722,5391,15,0.0263572484254837,2.0253381729125977
Energy-force-only EquiformerV2 AD,8405,5392,12,0.0314402729272842,4.675838470458984
Energy-force-only EquiformerV2 AD,34960,5393,15,0.0288983508944511,2.516954183578491
Energy-force-only EquiformerV2 AD,38969,5394,11,0.0157328341156244,2.5558841228485107
Energy-force-only EquiformerV2 AD,14635,5395,14,0.005732319317758,1.9936614036560056
Energy-force-only EquiformerV2 AD,24559,5396,15,0.0193943306803703,2.2296104431152344
Energy-force-only EquiformerV2 AD,37260,5397,12,0.0412298515439033,2.341405153274536
Energy-force-only EquiformerV2 AD,261,5398,14,0.0687028840184211,3.564226150512696
Energy-force-only EquiformerV2 AD,33198,5399,12,0.0081897592172026,2.6705689430236816
Energy-force-only EquiformerV2 AD,19887,5400,18,0.0111001171171665,1.3533252477645874
Energy-force-only EquiformerV2 AD,15562,5401,14,0.0061436891555786,2.091226816177368
Energy-force-only EquiformerV2 AD,19235,5402,10,0.0207122638821601,3.664261817932129
Energy-force-only EquiformerV2 AD,37105,5403,12,0.0187950488179922,2.7739572525024414
Energy-force-only EquiformerV2 AD,48438,5404,13,0.0089613310992717,2.031398296356201
Energy-force-only EquiformerV2 AD,28929,5405,16,0.0135030541568994,1.309370517730713
Energy-force-only EquiformerV2 AD,48852,5406,12,0.0074630728922784,3.5217278003692627
Energy-force-only EquiformerV2 AD,21092,5407,14,0.0108981821686029,1.9069961309432983
Energy-force-only EquiformerV2 AD,23518,5408,9,0.0147411292418837,3.026841163635254
Energy-force-only EquiformerV2 AD,18600,5409,11,0.1952839493751526,1.914708375930786
Energy-force-only EquiformerV2 AD,6995,5410,15,0.0143468528985977,1.8362562656402588
Energy-force-only EquiformerV2 AD,22040,5411,16,0.0062774261459708,1.897545337677002
Energy-force-only EquiformerV2 AD,47709,5412,15,0.0722104981541633,1.59524405002594
Energy-force-only EquiformerV2 AD,1107,5413,14,0.0111013315618038,1.895506501197815
Energy-force-only EquiformerV2 AD,18547,5414,15,0.0168294087052345,1.9111756086349487
Energy-force-only EquiformerV2 AD,48212,5415,18,0.0221417229622602,2.0540778636932373
Energy-force-only EquiformerV2 AD,27211,5416,10,0.0106084113940596,3.6793134212493896
Energy-force-only EquiformerV2 AD,44406,5417,15,0.0161923710256814,1.669352650642395
Energy-force-only EquiformerV2 AD,47912,5418,13,0.0160114336758852,2.1976208686828613
Energy-force-only EquiformerV2 AD,41430,5419,15,0.0101626822724938,1.7582358121871948
Energy-force-only EquiformerV2 AD,39212,5420,14,0.0151048619300127,1.9327021837234497
Energy-force-only EquiformerV2 AD,31929,5421,13,0.0303445179015398,1.509460687637329
Energy-force-only EquiformerV2 AD,41095,5422,8,0.016990577802062,3.953482866287232
Energy-force-only EquiformerV2 AD,31626,5423,13,0.0244407597929239,2.7198355197906494
Energy-force-only EquiformerV2 AD,19891,5424,16,0.0048300521448254,1.8940072059631348
Energy-force-only EquiformerV2 AD,21345,5425,14,0.0055459197610616,1.68108069896698
Energy-force-only EquiformerV2 AD,34597,5426,14,0.094124436378479,1.941733479499817
Energy-force-only EquiformerV2 AD,43922,5427,12,0.0160786863416433,2.5654587745666504
Energy-force-only EquiformerV2 AD,5955,5428,17,0.0074896817095577,1.2681078910827637
Energy-force-only EquiformerV2 AD,23321,5429,16,0.0086699165403842,1.724948525428772
Energy-force-only EquiformerV2 AD,15738,5430,13,0.0099686067551374,2.186110258102417
Energy-force-only EquiformerV2 AD,23547,5431,15,0.0079110190272331,2.1263363361358643
Energy-force-only EquiformerV2 AD,34891,5432,11,0.0097479177638888,4.54454231262207
Energy-force-only EquiformerV2 AD,46810,5433,16,0.0348262973129749,1.971556544303894
Energy-force-only EquiformerV2 AD,15878,5434,14,0.0094988280907273,2.113646984100342
Energy-force-only EquiformerV2 AD,28707,5435,13,0.0296433288604021,3.4733026027679443
Energy-force-only EquiformerV2 AD,4658,5436,16,0.0427782461047172,0.7366241812705994
Energy-force-only EquiformerV2 AD,47148,5437,19,0.0032885028049349,1.2866010665893557
Energy-force-only EquiformerV2 AD,44244,5438,15,0.027188180014491,0.90951269865036
Energy-force-only EquiformerV2 AD,30828,5439,18,0.0374425165355205,1.0512962341308594
Energy-force-only EquiformerV2 AD,44642,5440,15,0.0181073360145092,2.1995885372161865
Energy-force-only EquiformerV2 AD,38612,5441,15,0.014638153836131,1.559390902519226
Energy-force-only EquiformerV2 AD,28216,5442,10,0.0226873811334371,3.983695268630981
Energy-force-only EquiformerV2 AD,46372,5443,10,0.0322696529328823,3.960130214691162
Energy-force-only EquiformerV2 AD,40388,5444,14,0.0119956936687231,1.8657708168029783
Energy-force-only EquiformerV2 AD,35819,5445,17,0.0060347579419612,1.648419976234436
Energy-force-only EquiformerV2 AD,32311,5446,11,0.0370566546916961,1.6992722749710083
Energy-force-only EquiformerV2 AD,2585,5447,14,0.0122975194826722,2.165006637573242
Energy-force-only EquiformerV2 AD,38801,5448,10,0.0277443416416645,3.3418214321136475
Energy-force-only EquiformerV2 AD,15583,5449,14,0.0139156905934214,2.454659938812256
Energy-force-only EquiformerV2 AD,26533,5450,11,0.0288306064903736,2.6440837383270264
Energy-force-only EquiformerV2 AD,10306,5451,15,0.0279782637953758,2.137895345687866
Energy-force-only EquiformerV2 AD,6030,5452,17,0.0175189301371574,1.157984495162964
Energy-force-only EquiformerV2 AD,11075,5453,13,0.0045539154671132,2.3116915225982666
Energy-force-only EquiformerV2 AD,26414,5454,15,0.0124070923775434,2.2894647121429443
Energy-force-only EquiformerV2 AD,10911,5455,15,0.0097232479602098,2.3833906650543213
Energy-force-only EquiformerV2 AD,31005,5456,11,0.0113026285544037,2.982201337814331
Energy-force-only EquiformerV2 AD,25575,5457,12,0.0144997620955109,2.4147729873657227
Energy-force-only EquiformerV2 AD,3638,5458,15,0.0051327971741557,1.9266271591186523
Energy-force-only EquiformerV2 AD,44136,5459,12,0.0479301698505878,2.3760576248168945
Energy-force-only EquiformerV2 AD,4691,5460,13,0.0148234004154801,2.6298391819000244
Energy-force-only EquiformerV2 AD,26507,5461,19,0.0038716353010386,1.337844967842102
Energy-force-only EquiformerV2 AD,28918,5462,11,0.0318261384963989,3.030689001083374
Energy-force-only EquiformerV2 AD,43841,5463,18,0.0086339516565203,1.1296918392181396
Energy-force-only EquiformerV2 AD,35369,5464,10,0.0497505664825439,2.311652421951294
Energy-force-only EquiformerV2 AD,8604,5465,16,0.0205460898578166,1.301850438117981
Energy-force-only EquiformerV2 AD,166,5466,17,0.0135052418336272,1.5853410959243774
Energy-force-only EquiformerV2 AD,6310,5467,16,0.0199279151856899,1.690593957901001
Energy-force-only EquiformerV2 AD,29732,5468,19,0.0164838153868913,1.0920825004577637
Energy-force-only EquiformerV2 AD,30720,5469,11,0.0177261475473642,2.5613253116607666
Energy-force-only EquiformerV2 AD,37064,5470,14,0.0109054557979106,2.9358832836151123
Energy-force-only EquiformerV2 AD,5309,5471,13,0.0107593154534697,1.0512809753417969
Energy-force-only EquiformerV2 AD,361,5472,18,0.0095314783975481,1.3812856674194336
Energy-force-only EquiformerV2 AD,39549,5473,15,0.0069880071096122,1.7434054613113403
Energy-force-only EquiformerV2 AD,33373,5474,11,0.0073581375181674,3.147606611251831
Energy-force-only EquiformerV2 AD,41720,5475,13,0.0054012420587241,1.9129458665847776
Energy-force-only EquiformerV2 AD,43058,5476,13,0.0091063901782035,2.6504838466644287
Energy-force-only EquiformerV2 AD,31270,5477,10,0.0192664302885532,4.813320636749268
Energy-force-only EquiformerV2 AD,42195,5478,14,0.0260532069951295,1.88861346244812
Energy-force-only EquiformerV2 AD,2428,5479,14,0.0203977096825838,1.4116384983062744
Energy-force-only EquiformerV2 AD,45292,5480,14,0.0661901235580444,2.074469566345215
Energy-force-only EquiformerV2 AD,33340,5481,12,0.020989054813981,1.244585633277893
Energy-force-only EquiformerV2 AD,30942,5482,15,0.0066492808982729,1.887492060661316
Energy-force-only EquiformerV2 AD,23091,5483,15,0.013805323280394,1.0564669370651243
Energy-force-only EquiformerV2 AD,4644,5484,15,0.0248666033148765,1.9290037155151367
Energy-force-only EquiformerV2 AD,33724,5485,10,0.0594332478940486,3.351797342300415
Energy-force-only EquiformerV2 AD,36671,5486,10,0.0155080202966928,2.616498708724976
Energy-force-only EquiformerV2 AD,31984,5487,15,0.0528620928525924,0.8296543955802917
Energy-force-only EquiformerV2 AD,14437,5488,14,0.00761608639732,1.6916346549987793
Energy-force-only EquiformerV2 AD,27667,5489,10,0.0154210263863205,1.5201172828674316
Energy-force-only EquiformerV2 AD,14847,5490,15,0.0060446900315582,1.875507354736328
Energy-force-only EquiformerV2 AD,36793,5491,19,0.0094183413311839,1.4028465747833252
Energy-force-only EquiformerV2 AD,30576,5492,12,0.0237970948219299,3.1158664226531982
Energy-force-only EquiformerV2 AD,8272,5493,15,0.0184341240674257,1.5476441383361816
Energy-force-only EquiformerV2 AD,24204,5494,14,0.0121718421578407,2.284054040908813
Energy-force-only EquiformerV2 AD,32524,5495,17,0.0268972720950841,1.144370675086975
Energy-force-only EquiformerV2 AD,31508,5496,13,0.0206141453236341,1.7080711126327517
Energy-force-only EquiformerV2 AD,8359,5497,12,0.0071225143037736,2.886066675186157
Energy-force-only EquiformerV2 AD,39181,5498,16,0.0225671231746673,1.5811322927474976
Energy-force-only EquiformerV2 AD,49601,5499,16,0.027977792546153,1.5454293489456177
Energy-force-only EquiformerV2 AD,47018,5500,17,0.0462215095758438,1.066662311553955
Energy-force-only EquiformerV2 AD,9758,5501,14,0.0112951677292585,1.956493139266968
Energy-force-only EquiformerV2 AD,14329,5502,15,0.014552479609847,2.036175489425659
Energy-force-only EquiformerV2 AD,32890,5503,16,0.0347045846283435,1.7080258131027222
Energy-force-only EquiformerV2 AD,3898,5504,11,0.0597515255212783,3.530983686447144
Energy-force-only EquiformerV2 AD,11111,5505,13,0.029077835381031,4.898231506347656
Energy-force-only EquiformerV2 AD,42138,5506,12,0.025389801710844,2.8028223514556885
Energy-force-only EquiformerV2 AD,41355,5507,14,0.0271352753043174,2.3238227367401123
Energy-force-only EquiformerV2 AD,17423,5508,14,0.014764666557312,1.610292911529541
Energy-force-only EquiformerV2 AD,9113,5509,15,0.0201656967401504,2.5257656574249268
Energy-force-only EquiformerV2 AD,30513,5510,14,0.010368219576776,1.9715261459350584
Energy-force-only EquiformerV2 AD,33494,5511,11,0.0285113733261823,1.7379997968673706
Energy-force-only EquiformerV2 AD,46467,5512,14,0.0035782712511718,2.008647918701172
Energy-force-only EquiformerV2 AD,42211,5513,14,0.0102538838982582,0.98696631193161
Energy-force-only EquiformerV2 AD,45730,5514,14,0.1264757364988327,1.0698548555374146
Energy-force-only EquiformerV2 AD,35001,5515,14,0.0174832828342914,1.935559749603272
Energy-force-only EquiformerV2 AD,40532,5516,13,0.0123917330056428,2.4394891262054443
Energy-force-only EquiformerV2 AD,7247,5517,12,0.0370883084833622,2.290015697479248
Energy-force-only EquiformerV2 AD,4694,5518,14,0.0255723427981138,1.3929492235183716
Energy-force-only EquiformerV2 AD,9963,5519,16,0.0359955392777919,1.6028237342834473
Energy-force-only EquiformerV2 AD,34872,5520,15,0.0303497314453125,1.9815653562545776
Energy-force-only EquiformerV2 AD,5421,5521,13,0.0046232137829065,2.7208967208862305
Energy-force-only EquiformerV2 AD,10640,5522,19,0.0067934477701783,1.18511962890625
Energy-force-only EquiformerV2 AD,12805,5523,14,0.0370863862335681,2.3015029430389404
Energy-force-only EquiformerV2 AD,20551,5524,11,0.0219334214925766,2.877267837524414
Energy-force-only EquiformerV2 AD,19794,5525,17,0.0100074866786599,1.4197996854782104
Energy-force-only EquiformerV2 AD,41470,5526,14,0.0247008744627237,1.714760184288025
Energy-force-only EquiformerV2 AD,5239,5527,15,0.0048783179372549,2.008514642715454
Energy-force-only EquiformerV2 AD,20213,5528,16,0.0196964107453823,2.1882567405700684
Energy-force-only EquiformerV2 AD,35987,5529,12,0.0213546399027109,3.1298575401306152
Energy-force-only EquiformerV2 AD,16629,5530,13,0.0221039336174726,2.109231472015381
Energy-force-only EquiformerV2 AD,5751,5531,15,0.0223470609635114,2.044325351715088
Energy-force-only EquiformerV2 AD,33078,5532,15,0.0238252989947795,2.121113538742065
Energy-force-only EquiformerV2 AD,28748,5533,13,0.0104997130110859,2.117051839828491
Energy-force-only EquiformerV2 AD,16334,5534,17,0.0098336087539792,1.431979775428772
Energy-force-only EquiformerV2 AD,7176,5535,14,0.0206534173339605,1.522294282913208
Energy-force-only EquiformerV2 AD,35668,5536,12,0.0223330128937959,3.353264808654785
Energy-force-only EquiformerV2 AD,9807,5537,15,0.0185790751129388,2.402923345565796
Energy-force-only EquiformerV2 AD,22968,5538,14,0.0049468562938272,1.854130744934082
Energy-force-only EquiformerV2 AD,11860,5539,19,0.0104922680184245,1.10504949092865
Energy-force-only EquiformerV2 AD,38464,5540,16,0.0180327203124761,1.644459843635559
Energy-force-only EquiformerV2 AD,26531,5541,15,0.027489623054862,1.8095203638076784
Energy-force-only EquiformerV2 AD,49433,5542,14,0.0140120787546038,1.6466560363769531
Energy-force-only EquiformerV2 AD,44563,5543,16,0.0100601790472865,0.9111092686653136
Energy-force-only EquiformerV2 AD,38233,5544,15,0.0140420151874423,1.9658540487289429
Energy-force-only EquiformerV2 AD,25525,5545,18,0.0067542335018515,1.3042083978652954
Energy-force-only EquiformerV2 AD,28397,5546,15,0.0163129474967718,1.5303930044174194
Energy-force-only EquiformerV2 AD,9772,5547,9,0.0570433624088764,5.060858249664307
Energy-force-only EquiformerV2 AD,26005,5548,15,0.0094701778143644,1.787778615951538
Energy-force-only EquiformerV2 AD,13619,5549,15,0.0171578172594308,1.8848202228546145
Energy-force-only EquiformerV2 AD,25068,5550,10,0.0129188345745205,2.9418420791625977
Energy-force-only EquiformerV2 AD,12058,5551,10,0.0204093158245086,3.1739726066589355
Energy-force-only EquiformerV2 AD,49077,5552,12,0.0159880090504884,2.741194725036621
Energy-force-only EquiformerV2 AD,50610,5553,19,0.0099247097969055,1.799850344657898
Energy-force-only EquiformerV2 AD,27219,5554,12,0.0169897433370351,2.9400081634521484
Energy-force-only EquiformerV2 AD,3320,5555,11,0.0464674718677997,2.963799476623535
Energy-force-only EquiformerV2 AD,3477,5556,13,0.0165813528001308,3.054410219192505
Energy-force-only EquiformerV2 AD,10405,5557,14,0.0073734354227781,1.8856163024902344
Energy-force-only EquiformerV2 AD,21319,5558,14,0.0055977562442421,1.8434972763061523
Energy-force-only EquiformerV2 AD,14601,5559,18,0.0049454108811914,1.5408278703689575
Energy-force-only EquiformerV2 AD,3259,5560,11,0.0749898999929428,3.619104385375977
Energy-force-only EquiformerV2 AD,11676,5561,15,0.0239676479250192,1.3781644105911257
Energy-force-only EquiformerV2 AD,32916,5562,15,0.0128250708803534,1.6202280521392822
Energy-force-only EquiformerV2 AD,30729,5563,19,0.0077192359603941,1.2482774257659912
Energy-force-only EquiformerV2 AD,31051,5564,17,0.0257161147892475,1.92755937576294
Energy-force-only EquiformerV2 AD,31250,5565,14,0.0108589343726634,2.0739283561706543
Energy-force-only EquiformerV2 AD,37936,5566,14,0.0057450612075626,2.386640787124634
Energy-force-only EquiformerV2 AD,13991,5567,14,0.0081596244126558,2.221750497817993
Energy-force-only EquiformerV2 AD,35366,5568,14,0.052778597921133,2.2611069679260254
Energy-force-only EquiformerV2 AD,16584,5569,15,0.0141727002337574,1.5799002647399902
Energy-force-only EquiformerV2 AD,24767,5570,14,0.0153631558641791,1.7328091859817505
Energy-force-only EquiformerV2 AD,47470,5571,12,0.0136592928320169,2.815871000289917
Energy-force-only EquiformerV2 AD,48569,5572,9,0.0474025681614875,3.691697597503662
Energy-force-only EquiformerV2 AD,65,5573,15,0.0911594554781913,1.8586593866348269
Energy-force-only EquiformerV2 AD,15619,5574,12,0.0417695119976997,2.298140287399292
Energy-force-only EquiformerV2 AD,4002,5575,17,0.0175200197845697,1.7487833499908447
Energy-force-only EquiformerV2 AD,3235,5576,16,0.0059714131057262,1.8430633544921875
Energy-force-only EquiformerV2 AD,6009,5577,16,0.0073569808155298,1.845237135887146
Energy-force-only EquiformerV2 AD,2613,5578,12,0.0082792555913329,2.4166505336761475
Energy-force-only EquiformerV2 AD,16855,5579,15,0.0286855231970548,1.866454720497132
Energy-force-only EquiformerV2 AD,18043,5580,12,0.0209142807871103,1.855018854141236
Energy-force-only EquiformerV2 AD,17046,5581,18,0.0045809722505509,1.5609666109085083
Energy-force-only EquiformerV2 AD,48369,5582,19,0.0057415743358433,1.266969084739685
Energy-force-only EquiformerV2 AD,29903,5583,17,0.0051477383822202,1.7905619144439695
Energy-force-only EquiformerV2 AD,38368,5584,14,0.0208387859165668,1.8115296363830569
Energy-force-only EquiformerV2 AD,37609,5585,8,0.0372258238494396,3.274619579315185
Energy-force-only EquiformerV2 AD,24512,5586,12,0.0181480888277292,1.733221411705017
Energy-force-only EquiformerV2 AD,1889,5587,12,0.005117108579725,2.515101432800293
Energy-force-only EquiformerV2 AD,31788,5588,16,0.0165043715387582,1.205438256263733
Energy-force-only EquiformerV2 AD,19397,5589,14,0.0093171158805489,2.1705892086029053
Energy-force-only EquiformerV2 AD,4330,5590,14,0.0043225828558206,2.2380504608154297
Energy-force-only EquiformerV2 AD,16512,5591,13,0.0085267219692468,2.5196101665496826
Energy-force-only EquiformerV2 AD,20654,5592,15,0.0300348289310932,2.5207791328430176
Energy-force-only EquiformerV2 AD,32005,5593,14,0.0068697915412485,1.8309619426727293
Energy-force-only EquiformerV2 AD,32083,5594,10,0.0102675911039114,4.167660236358643
Energy-force-only EquiformerV2 AD,39384,5595,13,0.014320945367217,2.1959736347198486
Energy-force-only EquiformerV2 AD,50357,5596,17,0.016035808250308,1.863007545471192
Energy-force-only EquiformerV2 AD,48932,5597,10,0.0162626504898071,3.664222717285156
Energy-force-only EquiformerV2 AD,47643,5598,13,0.0155005659908056,2.86395001411438
Energy-force-only EquiformerV2 AD,31403,5599,12,0.0124090583994984,2.710399627685547
Energy-force-only EquiformerV2 AD,17138,5600,14,0.0096464706584811,1.9512571096420288
Energy-force-only EquiformerV2 AD,5205,5601,11,0.0205569881945848,3.417249917984009
Energy-force-only EquiformerV2 AD,38506,5602,15,0.0040132221765816,2.0953893661499023
Energy-force-only EquiformerV2 AD,47422,5603,17,0.0120807401835918,1.55874764919281
Energy-force-only EquiformerV2 AD,30981,5604,13,0.0280514750629663,1.350724458694458
Energy-force-only EquiformerV2 AD,19190,5605,10,0.0380073487758636,3.400123119354248
Energy-force-only EquiformerV2 AD,41496,5606,16,0.0027002501301467,1.6958509683609009
Energy-force-only EquiformerV2 AD,19415,5607,12,0.0085973935201764,2.3095858097076416
Energy-force-only EquiformerV2 AD,23332,5608,17,0.0112536959350109,1.6862977743148804
Energy-force-only EquiformerV2 AD,4757,5609,15,0.0291918739676475,1.953534722328186
Energy-force-only EquiformerV2 AD,22053,5610,10,0.0315102711319923,3.611719131469727
Energy-force-only EquiformerV2 AD,35469,5611,15,0.024815009906888,2.620524644851685
Energy-force-only EquiformerV2 AD,4958,5612,17,0.009198154322803,1.1806336641311646
Energy-force-only EquiformerV2 AD,16198,5613,13,0.0243190918117761,2.1990747451782227
Energy-force-only EquiformerV2 AD,8170,5614,13,0.0137636447325348,1.7581862211227417
Energy-force-only EquiformerV2 AD,19967,5615,12,0.0403111167252063,3.020315647125244
Energy-force-only EquiformerV2 AD,35523,5616,14,0.03480039909482,1.0771230459213257
Energy-force-only EquiformerV2 AD,12342,5617,13,0.0640795677900314,2.723942279815674
Energy-force-only EquiformerV2 AD,32503,5618,15,0.0067923162132501,2.1907734870910645
Energy-force-only EquiformerV2 AD,4828,5619,11,0.0180114321410655,3.720784187316896
Energy-force-only EquiformerV2 AD,3637,5620,15,0.0508534759283065,1.962043523788452
Energy-force-only EquiformerV2 AD,29855,5621,11,0.0402743965387344,3.4857048988342285
Energy-force-only EquiformerV2 AD,29946,5622,16,0.0336502641439437,1.941709995269776
Energy-force-only EquiformerV2 AD,45308,5623,9,0.015467663295567,4.319104671478272
Energy-force-only EquiformerV2 AD,19002,5624,11,0.0067193056456744,3.0249502658843994
Energy-force-only EquiformerV2 AD,1803,5625,16,0.026843262836337,1.5110819339752195
Energy-force-only EquiformerV2 AD,41946,5626,15,0.004076502751559,2.095357179641724
Energy-force-only EquiformerV2 AD,14028,5627,14,0.0276246238499879,1.1581062078475952
Energy-force-only EquiformerV2 AD,14547,5628,17,0.0054925098083913,1.8098342418670648
Energy-force-only EquiformerV2 AD,18370,5629,15,0.021741434931755,2.043259620666504
Energy-force-only EquiformerV2 AD,4821,5630,14,0.0750498175621032,2.0685789585113525
Energy-force-only EquiformerV2 AD,32768,5631,12,0.0115955919027328,2.3522191047668457
Energy-force-only EquiformerV2 AD,13881,5632,12,0.0338085480034351,2.765303373336792
Energy-force-only EquiformerV2 AD,8926,5633,16,0.0259773321449756,1.6877299547195437
Energy-force-only EquiformerV2 AD,41816,5634,11,0.044296134263277,2.103593587875366
Energy-force-only EquiformerV2 AD,42666,5635,11,0.0324883610010147,2.533316135406494
Energy-force-only EquiformerV2 AD,37085,5636,12,0.039240077137947,2.225064277648926
Energy-force-only EquiformerV2 AD,15885,5637,21,0.021660391241312,2.005704164505005
Energy-force-only EquiformerV2 AD,47466,5638,12,0.0075851250439882,2.387014150619507
Energy-force-only EquiformerV2 AD,38725,5639,14,0.090003527700901,2.0267333984375
Energy-force-only EquiformerV2 AD,26887,5640,11,0.0111276162788271,3.906473159790039
Energy-force-only EquiformerV2 AD,24215,5641,14,0.0115798143669962,2.105586051940918
Energy-force-only EquiformerV2 AD,15859,5642,14,0.0233359858393669,1.871249079704285
Energy-force-only EquiformerV2 AD,9126,5643,12,0.0091611249372363,2.074064016342163
Energy-force-only EquiformerV2 AD,11350,5644,14,0.0124002583324909,1.033913016319275
Energy-force-only EquiformerV2 AD,27001,5645,15,0.0136598031967878,1.6819897890090942
Energy-force-only EquiformerV2 AD,46049,5646,15,0.0217548161745071,2.032715320587158
Energy-force-only EquiformerV2 AD,47303,5647,10,0.0247915256768465,3.1934826374053955
Energy-force-only EquiformerV2 AD,16427,5648,11,0.0302036125212907,2.636584043502808
Energy-force-only EquiformerV2 AD,7829,5649,12,0.0199749842286109,2.796302795410156
Energy-force-only EquiformerV2 AD,43827,5650,14,0.0894981920719146,2.730933427810669
Energy-force-only EquiformerV2 AD,29744,5651,14,0.0191417280584573,1.2543245553970337
Energy-force-only EquiformerV2 AD,37043,5652,14,0.0136027848348021,2.518655776977539
Energy-force-only EquiformerV2 AD,40006,5653,17,0.0104085281491279,1.5065768957138062
Energy-force-only EquiformerV2 AD,49908,5654,12,0.0160528514534235,3.1821088790893555
Energy-force-only EquiformerV2 AD,19456,5655,13,0.0242054183036088,1.7543872594833374
Energy-force-only EquiformerV2 AD,36564,5656,14,0.006055265199393,2.422750234603882
Energy-force-only EquiformerV2 AD,36714,5657,15,0.0206538867205381,1.0361193418502808
Energy-force-only EquiformerV2 AD,33258,5658,13,0.0116978855803608,2.410773754119873
Energy-force-only EquiformerV2 AD,48236,5659,16,0.00671082502231,1.7336843013763428
Energy-force-only EquiformerV2 AD,7262,5660,15,0.0194988194853067,2.197427034378052
Energy-force-only EquiformerV2 AD,14522,5661,16,0.0370413325726985,1.425501823425293
Energy-force-only EquiformerV2 AD,27550,5662,14,0.0174001604318618,1.6674175262451172
Energy-force-only EquiformerV2 AD,9801,5663,16,0.0124941673129796,1.7636393308639526
Energy-force-only EquiformerV2 AD,17837,5664,9,0.0162991732358932,3.553255558013916
Energy-force-only EquiformerV2 AD,28070,5665,17,0.0065395361743867,1.70660662651062
Energy-force-only EquiformerV2 AD,33620,5666,11,0.0187512710690498,1.2690333127975464
Energy-force-only EquiformerV2 AD,1966,5667,15,0.0065592918545007,1.9870907068252563
Energy-force-only EquiformerV2 AD,9107,5668,12,0.0181353818625211,3.2452762126922607
Energy-force-only EquiformerV2 AD,26342,5669,11,0.0235961340367794,2.08717679977417
Energy-force-only EquiformerV2 AD,24394,5670,16,0.0171078499406576,1.633995532989502
Energy-force-only EquiformerV2 AD,11443,5671,17,0.0149769727140665,1.822944402694702
Energy-force-only EquiformerV2 AD,50146,5672,16,0.0145631898194551,1.3321588039398191
Energy-force-only EquiformerV2 AD,46619,5673,15,0.004022232722491,1.7172486782073977
Energy-force-only EquiformerV2 AD,22349,5674,17,0.0213315337896347,1.4703279733657837
Energy-force-only EquiformerV2 AD,43283,5675,16,0.0206722896546125,1.2324634790420532
Energy-force-only EquiformerV2 AD,17848,5676,13,0.0230727177113294,1.9838275909423828
Energy-force-only EquiformerV2 AD,47409,5677,11,0.0073119243606925,3.097754955291748
Energy-force-only EquiformerV2 AD,20614,5678,13,0.0209904536604881,2.3467369079589844
Energy-force-only EquiformerV2 AD,29890,5679,8,0.0373291783034801,4.009359359741211
Energy-force-only EquiformerV2 AD,35127,5680,11,0.0325508192181587,2.4408626556396484
Energy-force-only EquiformerV2 AD,31219,5681,14,0.026567593216896,2.051694631576538
Energy-force-only EquiformerV2 AD,33672,5682,11,0.0630627125501632,2.6772947311401367
Energy-force-only EquiformerV2 AD,2018,5683,16,0.0050423387438058,2.219571113586426
Energy-force-only EquiformerV2 AD,26654,5684,11,0.0044216061942279,3.8990328311920166
Energy-force-only EquiformerV2 AD,50414,5685,12,0.1084832921624183,3.4681429862976074
Energy-force-only EquiformerV2 AD,4436,5686,17,0.0210786629468202,1.3294236660003662
Energy-force-only EquiformerV2 AD,24869,5687,12,0.0161579456180334,2.5526561737060547
Energy-force-only EquiformerV2 AD,25186,5688,12,0.064708687365055,2.862298011779785
Energy-force-only EquiformerV2 AD,7695,5689,12,0.0145230526104569,2.207549571990967
Energy-force-only EquiformerV2 AD,5274,5690,16,0.0061053885146975,1.3700435161590576
Energy-force-only EquiformerV2 AD,32555,5691,16,0.0079560708254575,1.524628520011902
Energy-force-only EquiformerV2 AD,31469,5692,19,0.1249668896198272,0.970106303691864
Energy-force-only EquiformerV2 AD,32718,5693,15,0.0363533310592174,2.026817321777344
Energy-force-only EquiformerV2 AD,47033,5694,14,0.006622202694416,2.383672952651977
Energy-force-only EquiformerV2 AD,1532,5695,11,0.0175966992974281,3.9263174533844
Energy-force-only EquiformerV2 AD,43523,5696,12,0.0228300262242555,2.855608463287353
Energy-force-only EquiformerV2 AD,15248,5697,14,0.0185164436697959,1.7772541046142578
Energy-force-only EquiformerV2 AD,22978,5698,13,0.0104055246338248,2.0411746501922607
Energy-force-only EquiformerV2 AD,22681,5699,13,0.0052260840311646,2.4898781776428223
Energy-force-only EquiformerV2 AD,23839,5700,16,0.0097033018246293,2.1585965156555176
Energy-force-only EquiformerV2 AD,32567,5701,16,0.0032774552237242,1.645559787750244
Energy-force-only EquiformerV2 AD,23335,5702,12,0.0196473356336355,2.394105195999145
Energy-force-only EquiformerV2 AD,42680,5703,12,0.0320990420877933,2.633345365524292
Energy-force-only EquiformerV2 AD,34077,5704,13,0.0127135543152689,2.529991149902344
Energy-force-only EquiformerV2 AD,15642,5705,13,0.0144727900624275,2.389504909515381
Energy-force-only EquiformerV2 AD,15198,5706,14,0.0179712641984224,2.2811245918273926
Energy-force-only EquiformerV2 AD,25667,5707,15,0.0314503796398639,0.9696617126464844
Energy-force-only EquiformerV2 AD,4448,5708,16,0.0058661717921495,1.3933769464492798
Energy-force-only EquiformerV2 AD,36285,5709,14,0.0156332552433013,1.7039639949798584
Energy-force-only EquiformerV2 AD,11661,5710,14,0.0079910522326827,2.320014476776123
Energy-force-only EquiformerV2 AD,49587,5711,13,0.0076793958432972,1.847872018814087
Energy-force-only EquiformerV2 AD,21934,5712,19,0.0034661239478737,1.353992581367493
Energy-force-only EquiformerV2 AD,35484,5713,12,0.0320312790572643,2.3772952556610107
Energy-force-only EquiformerV2 AD,47114,5714,16,0.0063660880550742,1.8510479927062988
Energy-force-only EquiformerV2 AD,8042,5715,16,0.0346198193728923,1.3176785707473757
Energy-force-only EquiformerV2 AD,6573,5716,11,0.0211551934480667,1.976073265075684
Energy-force-only EquiformerV2 AD,45078,5717,11,0.0673408433794975,2.8960232734680176
Energy-force-only EquiformerV2 AD,11208,5718,14,0.016407461836934,1.0359231233596802
Energy-force-only EquiformerV2 AD,27193,5719,16,0.0172732472419738,2.077519178390503
Energy-force-only EquiformerV2 AD,26025,5720,16,0.0075784707441926,1.5171115398406982
Energy-force-only EquiformerV2 AD,49685,5721,16,0.0104788523167371,1.5597854852676392
Energy-force-only EquiformerV2 AD,47480,5722,13,0.0189261566847562,1.587445616722107
Energy-force-only EquiformerV2 AD,41701,5723,17,0.0049401312135159,1.7752015590667725
Energy-force-only EquiformerV2 AD,9912,5724,20,0.0177170373499393,1.656003713607788
Energy-force-only EquiformerV2 AD,49991,5725,14,0.020218376070261,2.828681468963623
Energy-force-only EquiformerV2 AD,6128,5726,14,0.0216353312134742,2.417935609817505
Energy-force-only EquiformerV2 AD,19045,5727,13,0.025525202974677,1.9090535640716555
Energy-force-only EquiformerV2 AD,47962,5728,13,0.0180526617914438,2.087119579315185
Energy-force-only EquiformerV2 AD,39428,5729,12,0.0537557378411293,2.124260187149048
Energy-force-only EquiformerV2 AD,47658,5730,12,0.0325243733823299,2.2398271560668945
Energy-force-only EquiformerV2 AD,13019,5731,12,0.0080011459067463,3.2483034133911133
Energy-force-only EquiformerV2 AD,13774,5732,15,0.0172478444874286,2.1684932708740234
Energy-force-only EquiformerV2 AD,19838,5733,16,0.0039587765932083,1.4131873846054075
Energy-force-only EquiformerV2 AD,43197,5734,13,0.0222706161439418,2.235342741012573
Energy-force-only EquiformerV2 AD,32391,5735,11,0.0178599469363689,2.4223735332489014
Energy-force-only EquiformerV2 AD,47238,5736,10,0.0116305500268936,3.348846673965454
Energy-force-only EquiformerV2 AD,33518,5737,12,0.0117747485637664,2.098130226135254
Energy-force-only EquiformerV2 AD,17235,5738,8,0.0045459903776645,4.743490219116211
Energy-force-only EquiformerV2 AD,8230,5739,18,0.0053361114114522,1.1484485864639282
Energy-force-only EquiformerV2 AD,47162,5740,13,0.0081505011767148,2.0375568866729736
Energy-force-only EquiformerV2 AD,50767,5741,16,0.0055195018649101,1.884867548942566
Energy-force-only EquiformerV2 AD,7334,5742,14,0.0404187887907028,1.870566487312317
Energy-force-only EquiformerV2 AD,16346,5743,16,0.0126305101439356,1.7719457149505615
Energy-force-only EquiformerV2 AD,14135,5744,11,0.0756300613284111,3.5476322174072266
Energy-force-only EquiformerV2 AD,22376,5745,12,0.047241423279047,2.888610601425171
Energy-force-only EquiformerV2 AD,36450,5746,11,0.0107880709692835,2.944052219390869
Energy-force-only EquiformerV2 AD,16531,5747,12,0.0164089202880859,3.3763556480407715
Energy-force-only EquiformerV2 AD,4640,5748,16,0.0221520774066448,1.3014564514160156
Energy-force-only EquiformerV2 AD,6603,5749,10,0.0603118874132633,3.199170112609864
Energy-force-only EquiformerV2 AD,27535,5750,21,0.0071053630672395,1.2915754318237305
Energy-force-only EquiformerV2 AD,39511,5751,15,0.0202144477516412,2.260158061981201
Energy-force-only EquiformerV2 AD,13262,5752,14,0.0226641986519098,2.793506383895874
Energy-force-only EquiformerV2 AD,40610,5753,12,0.0050770724192261,3.051084280014038
Energy-force-only EquiformerV2 AD,25501,5754,13,0.0298504531383514,2.439362049102783
Energy-force-only EquiformerV2 AD,50292,5755,18,0.0125906188040971,0.7073037624359131
Energy-force-only EquiformerV2 AD,30904,5756,14,0.004801114089787,2.118563652038574
Energy-force-only EquiformerV2 AD,34052,5757,17,0.0270717777311801,1.334477782249451
Energy-force-only EquiformerV2 AD,33484,5758,11,0.0149159412831068,2.9320545196533203
Energy-force-only EquiformerV2 AD,50438,5759,15,0.0228314809501171,1.3018542528152466
Energy-force-only EquiformerV2 AD,42074,5760,21,0.0060670939274132,0.749174177646637
Energy-force-only EquiformerV2 AD,22674,5761,15,0.034447718411684,1.6599781513214111
Energy-force-only EquiformerV2 AD,42964,5762,14,0.010296456515789,2.014857769012451
Energy-force-only EquiformerV2 AD,5316,5763,14,0.0090542323887348,2.016820192337036
Energy-force-only EquiformerV2 AD,6279,5764,15,0.1212995797395706,1.5913727283477783
Energy-force-only EquiformerV2 AD,45057,5765,15,0.0191969033330678,2.182401180267334
Energy-force-only EquiformerV2 AD,44524,5766,14,0.0158377066254615,2.156895637512207
Energy-force-only EquiformerV2 AD,47274,5767,15,0.0070506329648196,2.0679376125335693
Energy-force-only EquiformerV2 AD,16415,5768,13,0.0139086954295635,1.4270799160003662
Energy-force-only EquiformerV2 AD,4967,5769,15,0.0230928752571344,1.4192558526992798
Energy-force-only EquiformerV2 AD,30848,5770,10,0.0748990923166275,3.435642719268799
Energy-force-only EquiformerV2 AD,26927,5771,14,0.0052400692366063,1.955061674118042
Energy-force-only EquiformerV2 AD,9504,5772,15,0.022079786285758,1.3533217906951904
Energy-force-only EquiformerV2 AD,13720,5773,10,0.0070420843549072,3.1220126152038574
Energy-force-only EquiformerV2 AD,11182,5774,17,0.0166911631822586,2.275435209274292
Energy-force-only EquiformerV2 AD,20483,5775,10,0.0268105920404195,2.382469415664673
Energy-force-only EquiformerV2 AD,27991,5776,14,0.0131403496488928,1.7973395586013794
Energy-force-only EquiformerV2 AD,27177,5777,16,0.0126468744128942,1.7806777954101562
Energy-force-only EquiformerV2 AD,28447,5778,14,0.0054017859511077,2.568739175796509
Energy-force-only EquiformerV2 AD,28341,5779,14,0.0099821733310818,1.5672152042388916
Energy-force-only EquiformerV2 AD,29168,5780,8,0.0212603025138378,4.262285709381104
Energy-force-only EquiformerV2 AD,36154,5781,10,0.0051021664403378,4.668756484985352
Energy-force-only EquiformerV2 AD,23811,5782,9,0.0317171923816204,3.4295408725738525
Energy-force-only EquiformerV2 AD,5368,5783,16,0.0046803429722785,2.2141997814178467
Energy-force-only EquiformerV2 AD,43071,5784,18,0.0257352292537689,1.9420865774154663
Energy-force-only EquiformerV2 AD,34517,5785,13,0.0219956301152706,2.017043352127075
Energy-force-only EquiformerV2 AD,44801,5786,16,0.0089871641248464,2.193704128265381
Energy-force-only EquiformerV2 AD,2356,5787,12,0.0091631459072232,2.575668811798096
Energy-force-only EquiformerV2 AD,42462,5788,14,0.0066903722472488,1.9945247173309328
Energy-force-only EquiformerV2 AD,22466,5789,12,0.0333320572972297,1.739445447921753
Energy-force-only EquiformerV2 AD,21160,5790,11,0.0340744853019714,4.065062999725342
Energy-force-only EquiformerV2 AD,26081,5791,17,0.0095077510923147,2.035954475402832
Energy-force-only EquiformerV2 AD,41850,5792,15,0.0100464113056659,1.3707658052444458
Energy-force-only EquiformerV2 AD,718,5793,10,0.090974636375904,2.87319564819336
Energy-force-only EquiformerV2 AD,19141,5794,11,0.005206630565226,3.2574713230133057
Energy-force-only EquiformerV2 AD,21803,5795,19,0.007215448655188,1.448264241218567
Energy-force-only EquiformerV2 AD,2450,5796,11,0.0100211566314101,3.2294418811798096
Energy-force-only EquiformerV2 AD,21183,5797,14,0.0051025715656578,2.528837919235229
Energy-force-only EquiformerV2 AD,17622,5798,16,0.0128085985779762,2.064027786254883
Energy-force-only EquiformerV2 AD,40778,5799,11,0.0426044501364231,2.489717721939087
Energy-force-only EquiformerV2 AD,13093,5800,14,0.0097901877015829,2.2547507286071777
Energy-force-only EquiformerV2 AD,20106,5801,16,0.0218104775995016,2.160097122192383
Energy-force-only EquiformerV2 AD,28155,5802,11,0.0443691611289978,3.285328388214112
Energy-force-only EquiformerV2 AD,46552,5803,18,0.0506387464702129,1.238477110862732
Energy-force-only EquiformerV2 AD,1488,5804,19,0.0134709049016237,1.1774795055389404
Energy-force-only EquiformerV2 AD,12185,5805,12,0.0112748509272933,2.6500725746154785
Energy-force-only EquiformerV2 AD,7888,5806,13,0.0336971394717693,2.4735615253448486
Energy-force-only EquiformerV2 AD,43890,5807,10,0.0200227461755275,2.902067184448242
Energy-force-only EquiformerV2 AD,26077,5808,9,0.0399125590920448,2.757150411605835
Energy-force-only EquiformerV2 AD,32082,5809,15,0.018087588250637,1.6882476806640625
Energy-force-only EquiformerV2 AD,31698,5810,12,0.0191564224660396,4.0716233253479
Energy-force-only EquiformerV2 AD,27180,5811,16,0.0077716382220387,1.6789041757583618
Energy-force-only EquiformerV2 AD,14845,5812,15,0.00814491789788,2.0426714420318604
Energy-force-only EquiformerV2 AD,237,5813,10,0.0260497387498617,3.266306161880493
Energy-force-only EquiformerV2 AD,44706,5814,14,0.0662147551774978,1.2624754905700684
Energy-force-only EquiformerV2 AD,40192,5815,21,0.0058529078960418,1.1532808542251587
Energy-force-only EquiformerV2 AD,41953,5816,12,0.0524501875042915,1.6325430870056152
Energy-force-only EquiformerV2 AD,28679,5817,18,0.0102577321231365,1.3550636768341064
Energy-force-only EquiformerV2 AD,35190,5818,17,0.0204998794943094,1.5511438846588137
Energy-force-only EquiformerV2 AD,2193,5819,12,0.0187256541103124,2.4480788707733154
Energy-force-only EquiformerV2 AD,10302,5820,17,0.0160563718527555,1.693262815475464
Energy-force-only EquiformerV2 AD,24364,5821,15,0.0353689007461071,2.33877944946289
Energy-force-only EquiformerV2 AD,32776,5822,15,0.00610733916983,2.324301719665528
Energy-force-only EquiformerV2 AD,19705,5823,17,0.0282722134143114,1.1163880825042725
Energy-force-only EquiformerV2 AD,26270,5824,16,0.0185876749455928,1.6716482639312744
Energy-force-only EquiformerV2 AD,22977,5825,13,0.0104672089219093,2.48215126991272
Energy-force-only EquiformerV2 AD,25289,5826,15,0.0205810945481061,1.8755035400390625
Energy-force-only EquiformerV2 AD,25854,5827,16,0.008185539394617,1.762536644935608
Energy-force-only EquiformerV2 AD,41601,5828,14,0.03043476305902,1.760662078857422
Energy-force-only EquiformerV2 AD,17414,5829,14,0.0176918059587478,2.7020628452301025
Energy-force-only EquiformerV2 AD,6148,5830,15,0.0229005292057991,1.8854079246521
Energy-force-only EquiformerV2 AD,50092,5831,16,0.0441512241959571,1.914510726928711
Energy-force-only EquiformerV2 AD,26814,5832,17,0.0031435596756637,1.6330045461654663
Energy-force-only EquiformerV2 AD,29702,5833,12,0.0175438337028026,1.998417377471924
Energy-force-only EquiformerV2 AD,45490,5834,14,0.0153352888301014,1.825842261314392
Energy-force-only EquiformerV2 AD,45206,5835,12,0.0126543082296848,1.4692705869674685
Energy-force-only EquiformerV2 AD,11778,5836,14,0.0632263720035553,2.9894323348999023
Energy-force-only EquiformerV2 AD,23878,5837,15,0.016679024323821,1.2058680057525637
Energy-force-only EquiformerV2 AD,50711,5838,8,0.0362520813941955,5.174294471740723
Energy-force-only EquiformerV2 AD,49233,5839,19,0.0047387196682393,1.5533634424209597
Energy-force-only EquiformerV2 AD,33629,5840,14,0.0125351352617144,0.9659818410873412
Energy-force-only EquiformerV2 AD,19747,5841,18,0.0419475696980953,1.394452691078186
Energy-force-only EquiformerV2 AD,15154,5842,15,0.0245042592287063,2.4541194438934326
Energy-force-only EquiformerV2 AD,47874,5843,5,0.0238276030868291,8.662886619567871
Energy-force-only EquiformerV2 AD,26958,5844,13,0.0144834276288747,2.3749024868011475
Energy-force-only EquiformerV2 AD,36578,5845,11,0.013873828575015,2.539309501647949
Energy-force-only EquiformerV2 AD,36575,5846,12,0.0141164530068635,2.80828070640564
Energy-force-only EquiformerV2 AD,18718,5847,12,0.0137406736612319,2.271453857421875
Energy-force-only EquiformerV2 AD,11993,5848,16,0.0136035857722163,1.6971091032028198
Energy-force-only EquiformerV2 AD,39132,5849,11,0.0045217582955956,3.5313217639923096
Energy-force-only EquiformerV2 AD,6068,5850,14,0.1164244264364242,1.5070152282714844
Energy-force-only EquiformerV2 AD,7186,5851,14,0.0305194519460201,1.9736751317977903
Energy-force-only EquiformerV2 AD,29201,5852,13,0.029893584549427,1.759202480316162
Energy-force-only EquiformerV2 AD,12430,5853,13,0.0077024172060191,2.249014616012573
Energy-force-only EquiformerV2 AD,1684,5854,16,0.0079679815098643,1.4471145868301392
Energy-force-only EquiformerV2 AD,23001,5855,13,0.0091135017573833,2.5048625469207764
Energy-force-only EquiformerV2 AD,26547,5856,17,0.0067867147736251,1.5886718034744265
Energy-force-only EquiformerV2 AD,16253,5857,12,0.0127364844083786,2.3866405487060547
Energy-force-only EquiformerV2 AD,36936,5858,16,0.0233803205192089,1.5933347940444946
Energy-force-only EquiformerV2 AD,37960,5859,11,0.0584882758557796,2.838102340698242
Energy-force-only EquiformerV2 AD,38328,5860,12,0.0094870319589972,2.7263357639312744
Energy-force-only EquiformerV2 AD,46991,5861,10,0.0295945014804601,2.9616847038269043
Energy-force-only EquiformerV2 AD,46522,5862,14,0.0100184511393308,1.8839133977890008
Energy-force-only EquiformerV2 AD,41237,5863,13,0.019415883347392,2.465487480163574
Energy-force-only EquiformerV2 AD,25862,5864,14,0.0082605024799704,2.598905324935913
Energy-force-only EquiformerV2 AD,50839,5865,11,0.013188250362873,3.869675874710083
Energy-force-only EquiformerV2 AD,16372,5866,15,0.0069033047184348,1.3748314380645752
Energy-force-only EquiformerV2 AD,10419,5867,17,0.0093023730441927,1.804802417755127
Energy-force-only EquiformerV2 AD,21301,5868,15,0.0249566081911325,1.4879049062728882
Energy-force-only EquiformerV2 AD,8098,5869,15,0.0139266271144151,2.2973413467407227
Energy-force-only EquiformerV2 AD,1319,5870,10,0.0154937077313661,3.0246024131774902
Energy-force-only EquiformerV2 AD,35089,5871,11,0.0242218226194381,2.084841728210449
Energy-force-only EquiformerV2 AD,41038,5872,13,0.0206178817898035,1.4093880653381348
Energy-force-only EquiformerV2 AD,13627,5873,15,0.020816147327423,2.407339572906494
Energy-force-only EquiformerV2 AD,5511,5874,15,0.0132801532745361,2.519483089447021
Energy-force-only EquiformerV2 AD,24814,5875,12,0.00961550232023,2.2470924854278564
Energy-force-only EquiformerV2 AD,17630,5876,9,0.0141716133803129,2.92529559135437
Energy-force-only EquiformerV2 AD,10380,5877,21,0.0058649703860282,1.0967466831207275
Energy-force-only EquiformerV2 AD,6023,5878,12,0.2378839701414108,2.374232769012451
Energy-force-only EquiformerV2 AD,6901,5879,10,0.0173428338021039,3.885608911514282
Energy-force-only EquiformerV2 AD,50324,5880,16,0.0056069465354084,1.9026639461517327
Energy-force-only EquiformerV2 AD,22980,5881,12,0.0634594038128852,2.207217216491699
Energy-force-only EquiformerV2 AD,8687,5882,15,0.0491405390202999,1.5459738969802856
Energy-force-only EquiformerV2 AD,32184,5883,10,0.0110056484118103,3.3503942489624023
Energy-force-only EquiformerV2 AD,49167,5884,21,0.0098785068839788,0.8931095004081726
Energy-force-only EquiformerV2 AD,909,5885,14,0.0094514917582273,2.292179822921753
Energy-force-only EquiformerV2 AD,50826,5886,15,0.0306256171315908,1.509108543395996
Energy-force-only EquiformerV2 AD,48592,5887,16,0.0209978967905044,1.6599749326705933
Energy-force-only EquiformerV2 AD,14328,5888,15,0.0201395917683839,2.0401737689971924
Energy-force-only EquiformerV2 AD,39363,5889,14,0.0098653919994831,1.7469078302383425
Energy-force-only EquiformerV2 AD,5022,5890,17,0.0164511762559413,1.4446595907211304
Energy-force-only EquiformerV2 AD,44538,5891,15,0.0186778921633958,2.6056861877441406
Energy-force-only EquiformerV2 AD,30596,5892,14,0.0050827725790441,2.286486387252808
Energy-force-only EquiformerV2 AD,32993,5893,18,0.0174596756696701,2.01213002204895
Energy-force-only EquiformerV2 AD,25406,5894,14,0.0480932407081127,2.945931911468506
Energy-force-only EquiformerV2 AD,27106,5895,13,0.0096206152811646,2.773478746414185
Energy-force-only EquiformerV2 AD,1592,5896,17,0.0329341180622577,2.0854454040527344
Energy-force-only EquiformerV2 AD,42737,5897,14,0.0057050478644669,2.173668146133423
Energy-force-only EquiformerV2 AD,41658,5898,21,0.0065530533902347,0.8474045991897583
Energy-force-only EquiformerV2 AD,44673,5899,18,0.0141334412619471,1.9812873601913448
Energy-force-only EquiformerV2 AD,36867,5900,12,0.0054504722356796,2.88389539718628
Energy-force-only EquiformerV2 AD,14299,5901,13,0.0209801476448774,1.5405828952789309
Energy-force-only EquiformerV2 AD,11937,5902,15,0.0324897989630699,2.46486234664917
Energy-force-only EquiformerV2 AD,85,5903,15,0.0159144215285778,2.3793060779571533
Energy-force-only EquiformerV2 AD,6611,5904,14,0.0211224667727947,1.9580808877944944
Energy-force-only EquiformerV2 AD,34643,5905,14,0.0327826477587223,2.271426200866699
Energy-force-only EquiformerV2 AD,37580,5906,10,0.0215503331273794,3.0122439861297607
Energy-force-only EquiformerV2 AD,18154,5907,11,0.0173217672854661,2.4355664253234863
Energy-force-only EquiformerV2 AD,21044,5908,14,0.0057935831137001,2.4326977729797363
Energy-force-only EquiformerV2 AD,45978,5909,14,0.0490370504558086,1.786255955696106
Energy-force-only EquiformerV2 AD,12444,5910,14,0.0136870900169014,2.087096691131592
Energy-force-only EquiformerV2 AD,1368,5911,16,0.0121731441468,1.7240768671035769
Energy-force-only EquiformerV2 AD,49018,5912,8,0.0198753383010625,3.80747652053833
Energy-force-only EquiformerV2 AD,43109,5913,13,0.0458393543958663,2.856197595596313
Energy-force-only EquiformerV2 AD,11153,5914,14,0.0125858504325151,1.4095641374588013
Energy-force-only EquiformerV2 AD,18085,5915,13,0.0202456507831811,1.951026201248169
Energy-force-only EquiformerV2 AD,20844,5916,8,0.090322308242321,2.614995002746582
Energy-force-only EquiformerV2 AD,49859,5917,16,0.0194858871400356,1.6971497535705566
Energy-force-only EquiformerV2 AD,38624,5918,11,0.0168098602443933,4.116755962371826
Energy-force-only EquiformerV2 AD,21610,5919,14,0.02909891679883,1.8502565622329712
Energy-force-only EquiformerV2 AD,6564,5920,16,0.0118961967527866,1.0748988389968872
Energy-force-only EquiformerV2 AD,29921,5921,10,0.0094040753319859,3.27860951423645
Energy-force-only EquiformerV2 AD,48644,5922,14,0.0179523807018995,2.042074680328369
Energy-force-only EquiformerV2 AD,45126,5923,13,0.0170728638768196,2.2022864818573
Energy-force-only EquiformerV2 AD,48873,5924,20,0.0066553177312016,1.0958088636398315
Energy-force-only EquiformerV2 AD,28502,5925,15,0.0277469381690025,2.020820140838623
Energy-force-only EquiformerV2 AD,33073,5926,13,0.0094824275001883,2.049123764038086
Energy-force-only EquiformerV2 AD,30716,5927,12,0.003715610364452,2.5452444553375244
Energy-force-only EquiformerV2 AD,5155,5928,14,0.0109679996967315,1.5424615144729614
Energy-force-only EquiformerV2 AD,4971,5929,14,0.0318136326968669,1.2606971263885498
Energy-force-only EquiformerV2 AD,23860,5930,14,0.0119659900665283,1.7247968912124634
Energy-force-only EquiformerV2 AD,6850,5931,12,0.0382885001599788,2.5019633769989014
Energy-force-only EquiformerV2 AD,49399,5932,13,0.014764217659831,1.974275708198548
Energy-force-only EquiformerV2 AD,47914,5933,8,0.0339894890785217,4.941622734069824
Energy-force-only EquiformerV2 AD,42974,5934,19,0.0129026072099804,0.999253749847412
Energy-force-only EquiformerV2 AD,1897,5935,5,0.0519900657236576,3.5088860988616943
Energy-force-only EquiformerV2 AD,7650,5936,19,0.0056073907762765,1.371984362602234
Energy-force-only EquiformerV2 AD,39304,5937,14,0.0061598578467965,1.8202290534973145
Energy-force-only EquiformerV2 AD,47564,5938,15,0.0126010337844491,1.5966728925704956
Energy-force-only EquiformerV2 AD,46812,5939,13,0.1579940617084503,3.8992395401000977
Energy-force-only EquiformerV2 AD,35966,5940,11,0.0246093217283487,2.2698206901550293
Energy-force-only EquiformerV2 AD,11133,5941,14,0.0171141717582941,1.8852955102920528
Energy-force-only EquiformerV2 AD,35592,5942,15,0.0480099841952323,1.734343647956848
Energy-force-only EquiformerV2 AD,21413,5943,17,0.0116084022447466,1.9728180170059204
Energy-force-only EquiformerV2 AD,29027,5944,10,0.1410144120454788,3.008317708969116
Energy-force-only EquiformerV2 AD,28610,5945,10,0.0328440256416797,4.440554618835449
Energy-force-only EquiformerV2 AD,19831,5946,14,0.0177527163177728,3.1676182746887207
Energy-force-only EquiformerV2 AD,11609,5947,17,0.015343502163887,1.3902428150177002
Energy-force-only EquiformerV2 AD,17261,5948,14,0.0360181108117103,1.014327883720398
Energy-force-only EquiformerV2 AD,32429,5949,12,0.0160715673118829,2.479888200759888
Energy-force-only EquiformerV2 AD,16292,5950,11,0.0235474370419979,1.3030222654342651
Energy-force-only EquiformerV2 AD,17846,5951,14,0.0129881612956523,2.426658391952514
Energy-force-only EquiformerV2 AD,36103,5952,12,0.011362082324922,2.187844753265381
Energy-force-only EquiformerV2 AD,23247,5953,14,0.0113032041117548,2.208225965499878
Energy-force-only EquiformerV2 AD,25921,5954,10,0.0112136984243988,3.859795570373535
Energy-force-only EquiformerV2 AD,5453,5955,12,0.0261534620076417,3.655156373977661
Energy-force-only EquiformerV2 AD,19573,5956,13,0.0152497570961713,2.0201919078826904
Energy-force-only EquiformerV2 AD,46777,5957,16,0.0053142746910452,1.9078619480133057
Energy-force-only EquiformerV2 AD,12259,5958,16,0.0251767896115779,2.0208914279937744
Energy-force-only EquiformerV2 AD,42233,5959,10,0.0077773230150341,2.742324113845825
Energy-force-only EquiformerV2 AD,50040,5960,13,0.0089082643389701,2.7506442070007324
Energy-force-only EquiformerV2 AD,4328,5961,8,0.185713529586792,3.725330352783203
Energy-force-only EquiformerV2 AD,37267,5962,10,0.0183687228709459,3.4671823978424072
Energy-force-only EquiformerV2 AD,35054,5963,15,0.00651775021106,2.033864021301269
Energy-force-only EquiformerV2 AD,23510,5964,13,0.0413979366421699,1.1552469730377195
Energy-force-only EquiformerV2 AD,34459,5965,15,0.0062338267453014,2.317411422729492
Energy-force-only EquiformerV2 AD,40130,5966,16,0.0136526282876729,1.7461076974868774
Energy-force-only EquiformerV2 AD,4393,5967,12,0.0070072771050035,2.786548137664795
Energy-force-only EquiformerV2 AD,26140,5968,14,0.0356467217206954,2.1301140785217285
Energy-force-only EquiformerV2 AD,38385,5969,15,0.0149328708648681,1.841835260391236
Energy-force-only EquiformerV2 AD,32906,5970,11,0.053104892373085,1.861174702644348
Energy-force-only EquiformerV2 AD,41143,5971,15,0.016836941242218,1.962810039520264
Energy-force-only EquiformerV2 AD,29406,5972,11,0.0064650168642401,3.743685007095337
Energy-force-only EquiformerV2 AD,10985,5973,10,0.0118577480316162,3.1858127117156982
Energy-force-only EquiformerV2 AD,13020,5974,10,0.0327975936233997,3.765209436416626
Energy-force-only EquiformerV2 AD,3560,5975,15,0.0107073839753866,1.7750234603881836
Energy-force-only EquiformerV2 AD,35230,5976,16,0.0208153240382671,1.6860302686691284
Energy-force-only EquiformerV2 AD,30569,5977,16,0.0044794827699661,1.2611610889434814
Energy-force-only EquiformerV2 AD,29177,5978,13,0.0186409652233123,2.1189093589782715
Energy-force-only EquiformerV2 AD,5483,5979,13,0.0210382137447595,1.9163665771484373
Energy-force-only EquiformerV2 AD,36712,5980,8,0.0089300647377967,6.215018272399902
Energy-force-only EquiformerV2 AD,35166,5981,12,0.0313776992261409,2.621767520904541
Energy-force-only EquiformerV2 AD,14201,5982,18,0.0108519727364182,1.2525757551193235
Energy-force-only EquiformerV2 AD,708,5983,9,0.0774538367986679,3.092654228210449
Energy-force-only EquiformerV2 AD,8150,5984,15,0.0170303359627723,1.9344109296798704
Energy-force-only EquiformerV2 AD,39179,5985,16,0.0106511246412992,1.5815786123275757
Energy-force-only EquiformerV2 AD,22541,5986,13,0.0887362882494926,1.9017643928527832
Energy-force-only EquiformerV2 AD,36934,5987,12,0.0362016595900058,2.4588305950164795
Energy-force-only EquiformerV2 AD,38710,5988,15,0.0245772842317819,1.892409920692444
Energy-force-only EquiformerV2 AD,45605,5989,16,0.0167909078299999,1.1865582466125488
Energy-force-only EquiformerV2 AD,44789,5990,15,0.0081857433542609,2.053862810134888
Energy-force-only EquiformerV2 AD,422,5991,16,0.0076184123754501,2.001368999481201
Energy-force-only EquiformerV2 AD,18155,5992,14,0.0116387996822595,1.7082312107086182
Energy-force-only EquiformerV2 AD,35235,5993,15,0.0192818250507116,2.8504064083099365
Energy-force-only EquiformerV2 AD,5559,5994,13,0.0080111222341656,2.515495777130127
Energy-force-only EquiformerV2 AD,49015,5995,15,0.0072643500752747,2.0602126121521
Energy-force-only EquiformerV2 AD,44034,5996,12,0.0119121652096509,2.000880479812622
Energy-force-only EquiformerV2 AD,39625,5997,16,0.0076716705225408,1.5249661207199097
Energy-force-only EquiformerV2 AD,32997,5998,8,0.0326559729874134,3.7627360820770255
Energy-force-only EquiformerV2 AD,33070,5999,15,0.014846509322524,1.0278255939483645
Energy-force-only EquiformerV2 AD,4887,6000,16,0.0094711808487772,1.0576257705688477
Energy-force-only EquiformerV2 AD,9843,6001,17,0.0119718741625547,1.5696537494659424
Energy-force-only EquiformerV2 AD,12898,6002,17,0.0272200535982847,2.05158805847168
Energy-force-only EquiformerV2 AD,12612,6003,14,0.0306700356304645,1.854583978652954
Energy-force-only EquiformerV2 AD,45834,6004,17,0.0100169321522116,1.6896603107452393
Energy-force-only EquiformerV2 AD,7890,6005,11,0.0074809198267757,2.6517229080200195
Energy-force-only EquiformerV2 AD,41331,6006,17,0.008495770394802,1.3573827743530271
Energy-force-only EquiformerV2 AD,39957,6007,16,0.0057386234402656,1.2973918914794922
Energy-force-only EquiformerV2 AD,13398,6008,11,0.0109914820641279,2.8637731075286865
Energy-force-only EquiformerV2 AD,45748,6009,13,0.0419332012534141,1.3677512407302856
Energy-force-only EquiformerV2 AD,39037,6010,13,0.0085036261007189,2.091222286224365
Energy-force-only EquiformerV2 AD,42720,6011,15,0.0131498724222183,2.2105655670166016
Energy-force-only EquiformerV2 AD,23374,6012,10,0.0065806154161691,2.969255208969116
Energy-force-only EquiformerV2 AD,49618,6013,12,0.0192021820694208,2.528082609176636
Energy-force-only EquiformerV2 AD,36839,6014,17,0.0692759230732917,2.2883989810943604
Energy-force-only EquiformerV2 AD,23605,6015,15,0.0155561566352844,1.531666874885559
Energy-force-only EquiformerV2 AD,41779,6016,15,0.0353018008172512,2.969324111938477
Energy-force-only EquiformerV2 AD,34963,6017,13,0.0267172958701849,2.056850910186768
Energy-force-only EquiformerV2 AD,33185,6018,16,0.0134448334574699,2.1008548736572266
Energy-force-only EquiformerV2 AD,26486,6019,11,0.0192189887166023,1.4271191358566284
Energy-force-only EquiformerV2 AD,41892,6020,19,0.0071918494068086,1.3681697845458984
Energy-force-only EquiformerV2 AD,43320,6021,16,0.0053888126276433,1.5294691324234009
Energy-force-only EquiformerV2 AD,4883,6022,19,0.0387402512133121,1.8671574592590328
Energy-force-only EquiformerV2 AD,9146,6023,13,0.0092688798904418,2.383091926574707
Energy-force-only EquiformerV2 AD,27950,6024,13,0.0173213016241788,1.836545467376709
Energy-force-only EquiformerV2 AD,21909,6025,15,0.0172033067792654,1.624509572982788
Energy-force-only EquiformerV2 AD,27236,6026,14,0.0113728139549493,2.016945600509644
Energy-force-only EquiformerV2 AD,22108,6027,13,0.0050813718698918,1.8662700653076167
Energy-force-only EquiformerV2 AD,47308,6028,10,0.0143041210249066,3.52404522895813
Energy-force-only EquiformerV2 AD,38825,6029,14,0.0095662046223878,1.537904143333435
Energy-force-only EquiformerV2 AD,19484,6030,12,0.028683079406619,3.5031986236572266
Energy-force-only EquiformerV2 AD,43312,6031,17,0.0087968939915299,1.837891221046448
Energy-force-only EquiformerV2 AD,46600,6032,14,0.008410220965743,1.74687922000885
Energy-force-only EquiformerV2 AD,30287,6033,10,0.0591947771608829,4.746153354644775
Energy-force-only EquiformerV2 AD,1486,6034,10,0.0177039355039596,3.4976305961608887
Energy-force-only EquiformerV2 AD,49274,6035,15,0.0076817516237497,2.4980828762054443
Energy-force-only EquiformerV2 AD,4759,6036,14,0.0701993629336357,2.162071228027344
Energy-force-only EquiformerV2 AD,39764,6037,15,0.0104499896988272,2.402651786804199
Energy-force-only EquiformerV2 AD,43776,6038,19,0.0047972868196666,1.3579859733581543
Energy-force-only EquiformerV2 AD,47228,6039,13,0.0089973378926515,2.354321956634521
Energy-force-only EquiformerV2 AD,12753,6040,14,0.0045436020009219,2.1426289081573486
Energy-force-only EquiformerV2 AD,42374,6041,14,0.0118318144232034,1.5709186792373655
Energy-force-only EquiformerV2 AD,25067,6042,14,0.0212618242949247,2.832852840423584
Energy-force-only EquiformerV2 AD,18595,6043,14,0.0102635016664862,2.151703357696533
Energy-force-only EquiformerV2 AD,22702,6044,17,0.0177241396158933,1.8326224088668823
Energy-force-only EquiformerV2 AD,13615,6045,12,0.0465541779994964,1.1398905515670776
Energy-force-only EquiformerV2 AD,47716,6046,11,0.0133814672008156,2.836344957351685
Energy-force-only EquiformerV2 AD,39196,6047,11,0.0309798941016197,2.58350133895874
Energy-force-only EquiformerV2 AD,21285,6048,10,0.015977494418621,2.616218090057373
Energy-force-only EquiformerV2 AD,50463,6049,19,0.0118486676365137,1.0196201801300049
Energy-force-only EquiformerV2 AD,30232,6050,17,0.0064402427524328,1.8843361139297483
Energy-force-only EquiformerV2 AD,23643,6051,14,0.013084078207612,1.8440284729003904
Energy-force-only EquiformerV2 AD,18279,6052,15,0.0136474855244159,1.6686220169067385
Energy-force-only EquiformerV2 AD,42580,6053,18,0.01099359896034,1.8394399881362915
Energy-force-only EquiformerV2 AD,5110,6054,12,0.0205804798752069,2.773627758026123
Energy-force-only EquiformerV2 AD,3075,6055,14,0.0889424160122871,1.4356573820114136
Energy-force-only EquiformerV2 AD,42929,6056,14,0.0259577240794897,2.3053696155548096
Energy-force-only EquiformerV2 AD,34838,6057,19,0.0919273123145103,3.024730920791626
Energy-force-only EquiformerV2 AD,38130,6058,16,0.0178202893584966,1.572094202041626
Energy-force-only EquiformerV2 AD,47963,6059,11,0.0319493040442466,2.9452714920043945
Energy-force-only EquiformerV2 AD,12921,6060,11,0.0081355441361665,3.585007429122925
Energy-force-only EquiformerV2 AD,21625,6061,10,0.0861249715089798,5.011520862579346
Energy-force-only EquiformerV2 AD,37698,6062,9,0.0076369950547814,4.2995781898498535
Energy-force-only EquiformerV2 AD,28919,6063,10,0.0627775937318801,3.471177816390991
Energy-force-only EquiformerV2 AD,33221,6064,14,0.0174493249505758,1.4383420944213867
Energy-force-only EquiformerV2 AD,34043,6065,10,0.0152820218354463,2.732847213745117
Energy-force-only EquiformerV2 AD,22843,6066,19,0.0052289934828877,1.2144105434417725
Energy-force-only EquiformerV2 AD,31204,6067,16,0.0180915184319019,1.2989946603775024
Energy-force-only EquiformerV2 AD,49496,6068,12,0.0323542840778827,2.3531758785247803
Energy-force-only EquiformerV2 AD,25747,6069,13,0.0071067162789404,2.1934993267059326
Energy-force-only EquiformerV2 AD,7947,6070,10,0.013800392858684,3.687522172927856
Energy-force-only EquiformerV2 AD,7207,6071,12,0.0434874892234802,1.959394812583924
Energy-force-only EquiformerV2 AD,27221,6072,19,0.006055926438421,1.3886899948120115
Energy-force-only EquiformerV2 AD,46252,6073,12,0.0122130382806062,2.0000522136688232
Energy-force-only EquiformerV2 AD,39278,6074,17,0.0080274567008018,1.709354043006897
Energy-force-only EquiformerV2 AD,24469,6075,12,0.0176069252192974,2.848475694656372
Energy-force-only EquiformerV2 AD,9749,6076,17,0.0049024750478565,1.668049454689026
Energy-force-only EquiformerV2 AD,5667,6077,11,0.0518375411629676,2.898172378540039
Energy-force-only EquiformerV2 AD,29892,6078,11,0.0115717491135001,3.626153230667114
Energy-force-only EquiformerV2 AD,7588,6079,12,0.0155047345906496,2.442065715789795
Energy-force-only EquiformerV2 AD,27860,6080,10,0.0126367360353469,3.291844129562378
Energy-force-only EquiformerV2 AD,23808,6081,14,0.0078166015446186,2.0016684532165527
Energy-force-only EquiformerV2 AD,31693,6082,8,0.0659847632050514,3.343590259552002
Energy-force-only EquiformerV2 AD,40531,6083,14,0.0219280663877725,2.357557773590088
Energy-force-only EquiformerV2 AD,2979,6084,16,0.0318978130817413,2.2564477920532227
Energy-force-only EquiformerV2 AD,25634,6085,17,0.0203851126134395,1.185416340827942
Energy-force-only EquiformerV2 AD,26621,6086,18,0.0189176704734563,1.7473375797271729
Energy-force-only EquiformerV2 AD,24109,6087,16,0.0101914536207914,1.849093079566956
Energy-force-only EquiformerV2 AD,25604,6088,15,0.0046602939255535,2.0710103511810303
Energy-force-only EquiformerV2 AD,44277,6089,16,0.016376918181777,1.4038724899291992
Energy-force-only EquiformerV2 AD,47367,6090,12,0.0044695502147078,2.625286340713501
Energy-force-only EquiformerV2 AD,24414,6091,14,0.0148814944550395,2.3417978286743164
Energy-force-only EquiformerV2 AD,23124,6092,16,0.0096530700102448,0.9555880427360536
Energy-force-only EquiformerV2 AD,12306,6093,13,0.0167127046734094,1.9225800037384035
Energy-force-only EquiformerV2 AD,5327,6094,11,0.0108089102432131,2.691082000732422
Energy-force-only EquiformerV2 AD,38791,6095,14,0.0200893431901931,2.563660860061645
Energy-force-only EquiformerV2 AD,20343,6096,12,0.0106610404327511,2.3460965156555176
Energy-force-only EquiformerV2 AD,42817,6097,11,0.0331023335456848,2.200918436050415
Energy-force-only EquiformerV2 AD,36976,6098,11,0.065941572189331,2.853672504425049
Energy-force-only EquiformerV2 AD,44447,6099,12,0.0132120596244931,3.160418510437012
Energy-force-only EquiformerV2 AD,44853,6100,15,0.006923490203917,2.182730197906494
Energy-force-only EquiformerV2 AD,2222,6101,15,0.004390399903059,1.7036586999893188
Energy-force-only EquiformerV2 AD,48750,6102,19,0.0136669157072901,1.2848836183547974
Energy-force-only EquiformerV2 AD,37437,6103,14,0.0106368875131011,1.7649338245391846
Energy-force-only EquiformerV2 AD,42079,6104,10,0.0178315602242946,3.687455177307129
Energy-force-only EquiformerV2 AD,31761,6105,13,0.0151433749124407,3.087606430053711
Energy-force-only EquiformerV2 AD,9979,6106,17,0.0104879857972264,1.7959970235824585
Energy-force-only EquiformerV2 AD,43990,6107,12,0.0316308997571468,2.439809083938598
Energy-force-only EquiformerV2 AD,12901,6108,19,0.0070251272991299,1.1065083742141724
Energy-force-only EquiformerV2 AD,8307,6109,11,0.0231544747948646,2.230801820755005
Energy-force-only EquiformerV2 AD,27631,6110,12,0.00727195199579,2.9443283081054688
Energy-force-only EquiformerV2 AD,21868,6111,8,0.0259246807545423,4.232114315032959
Energy-force-only EquiformerV2 AD,30882,6112,8,0.021935261785984,3.642023801803589
Energy-force-only EquiformerV2 AD,2958,6113,15,0.0066865240223705,1.821932077407837
Energy-force-only EquiformerV2 AD,30978,6114,16,0.0151261892169713,0.7165046334266663
Energy-force-only EquiformerV2 AD,24095,6115,11,0.0198195520788431,3.0973339080810547
Energy-force-only EquiformerV2 AD,4749,6116,14,0.0101773645728826,2.4943673610687256
Energy-force-only EquiformerV2 AD,26317,6117,15,0.0075207049958407,1.641010284423828
Energy-force-only EquiformerV2 AD,36201,6118,10,0.0484646409749984,2.556178331375122
Energy-force-only EquiformerV2 AD,13424,6119,12,0.0101744877174496,2.507847547531128
Energy-force-only EquiformerV2 AD,34878,6120,10,0.0282343830913305,2.840063095092773
Energy-force-only EquiformerV2 AD,50011,6121,16,0.010912999510765,1.3017336130142212
Energy-force-only EquiformerV2 AD,43613,6122,13,0.0079844770953059,2.782078981399536
Energy-force-only EquiformerV2 AD,42151,6123,12,0.0632199421525001,2.9213101863861084
Energy-force-only EquiformerV2 AD,2847,6124,14,0.0114284390583634,2.311922073364258
Energy-force-only EquiformerV2 AD,7733,6125,15,0.003047804813832,1.9151891469955444
Energy-force-only EquiformerV2 AD,38485,6126,8,0.0517118424177169,4.021575927734375
Energy-force-only EquiformerV2 AD,30344,6127,13,0.0167229007929563,1.5689281225204468
Energy-force-only EquiformerV2 AD,42910,6128,10,0.0428384542465209,2.5882344245910645
Energy-force-only EquiformerV2 AD,14503,6129,14,0.0150259220972657,1.6191458702087402
Energy-force-only EquiformerV2 AD,10013,6130,12,0.0187404714524745,1.235901117324829
Energy-force-only EquiformerV2 AD,42599,6131,14,0.025463331490755,1.909750699996948
Energy-force-only EquiformerV2 AD,28893,6132,9,0.0193790737539529,3.169179677963257
Energy-force-only EquiformerV2 AD,39216,6133,15,0.0031547029502689,1.5814281702041626
Energy-force-only EquiformerV2 AD,9156,6134,15,0.0155815323814749,1.8852144479751587
Energy-force-only EquiformerV2 AD,3351,6135,15,0.0085851270705461,2.120398759841919
Energy-force-only EquiformerV2 AD,31342,6136,13,0.0088351648300886,1.7715483903884888
Energy-force-only EquiformerV2 AD,23233,6137,14,0.1235373690724372,2.0003416538238525
Energy-force-only EquiformerV2 AD,41055,6138,10,0.0337903052568435,2.5078792572021484
Energy-force-only EquiformerV2 AD,8000,6139,16,0.0075283935293555,1.324128270149231
Energy-force-only EquiformerV2 AD,48444,6140,14,0.0218836590647697,1.932024598121643
Energy-force-only EquiformerV2 AD,36853,6141,15,0.0073463548906147,1.9028286933898928
Energy-force-only EquiformerV2 AD,4934,6142,12,0.0086914421990513,2.0827956199646
Energy-force-only EquiformerV2 AD,23859,6143,16,0.0109526691958308,1.449759602546692
Energy-force-only EquiformerV2 AD,27660,6144,15,0.0288800820708274,1.7948322296142578
Energy-force-only EquiformerV2 AD,7849,6145,11,0.0148290870711207,3.465108633041382
Energy-force-only EquiformerV2 AD,17483,6146,18,0.00454783719033,1.826025366783142
Energy-force-only EquiformerV2 AD,49877,6147,10,0.0116437179967761,3.4199132919311523
Energy-force-only EquiformerV2 AD,35927,6148,13,0.0174647849053144,1.6571778059005735
Energy-force-only EquiformerV2 AD,49455,6149,15,0.0085570095106959,2.047516345977783
Energy-force-only EquiformerV2 AD,21668,6150,15,0.0089029101654887,1.9538494348526
Energy-force-only EquiformerV2 AD,12029,6151,12,0.0394730642437934,2.484774112701416
Energy-force-only EquiformerV2 AD,29008,6152,6,0.032235562801361,6.797575950622559
Energy-force-only EquiformerV2 AD,27237,6153,16,0.0071106776595115,2.076964855194092
Energy-force-only EquiformerV2 AD,13311,6154,11,0.0313468910753726,2.7148900032043457
Energy-force-only EquiformerV2 AD,33227,6155,13,0.0150968879461288,2.217057704925537
Energy-force-only EquiformerV2 AD,32533,6156,12,0.0139221586287021,3.293842077255249
Energy-force-only EquiformerV2 AD,28366,6157,10,0.0111577017232775,2.9003052711486816
Energy-force-only EquiformerV2 AD,39328,6158,8,0.0196445435285568,4.148428440093994
Energy-force-only EquiformerV2 AD,50505,6159,7,0.0255674943327903,4.930871963500977
Energy-force-only EquiformerV2 AD,41773,6160,12,0.0192837882786989,2.277006864547729
Energy-force-only EquiformerV2 AD,48721,6161,12,0.055862221866846,1.6557997465133667
Energy-force-only EquiformerV2 AD,6345,6162,14,0.0155530404299497,2.3839778900146484
Energy-force-only EquiformerV2 AD,20501,6163,11,0.0069771758280694,2.637695550918579
Energy-force-only EquiformerV2 AD,29662,6164,16,0.0108694061636924,2.3380751609802246
Energy-force-only EquiformerV2 AD,44812,6165,12,0.0199477467685937,1.5120681524276731
Energy-force-only EquiformerV2 AD,31437,6166,16,0.0116428872570395,1.9184273481369016
Energy-force-only EquiformerV2 AD,18455,6167,14,0.0195758305490016,1.666473150253296
Energy-force-only EquiformerV2 AD,36681,6168,14,0.0071349088102579,2.3155312538146973
Energy-force-only EquiformerV2 AD,43230,6169,15,0.0078823147341609,2.1972665786743164
Energy-force-only EquiformerV2 AD,761,6170,14,0.0287827663123607,2.265598773956299
Energy-force-only EquiformerV2 AD,11793,6171,15,0.0272521823644638,1.2662287950515747
Energy-force-only EquiformerV2 AD,30391,6172,17,0.0034132648725062,1.6388757228851318
Energy-force-only EquiformerV2 AD,39047,6173,11,0.0128905270248651,3.701833248138428
Energy-force-only EquiformerV2 AD,15134,6174,12,0.0217477474361658,1.8266699314117432
Energy-force-only EquiformerV2 AD,11082,6175,14,0.0148754436522722,2.574596881866455
Energy-force-only EquiformerV2 AD,13099,6176,15,0.0106525039300322,2.045551300048828
Energy-force-only EquiformerV2 AD,6910,6177,15,0.0096582630649209,1.986899852752685
Energy-force-only EquiformerV2 AD,32568,6178,16,0.0050352429971098,1.918152928352356
Energy-force-only EquiformerV2 AD,30014,6179,12,0.026166783645749,2.389093399047852
Energy-force-only EquiformerV2 AD,16207,6180,17,0.0107884295284748,1.518555760383606
Energy-force-only EquiformerV2 AD,29999,6181,10,0.0233018901199102,4.287619113922119
Energy-force-only EquiformerV2 AD,40386,6182,13,0.0101835364475846,2.496607542037964
Energy-force-only EquiformerV2 AD,29249,6183,15,0.0119520034641027,1.764007568359375
Energy-force-only EquiformerV2 AD,22303,6184,15,0.0149819031357765,1.8547632694244385
Energy-force-only EquiformerV2 AD,44971,6185,12,0.0534379892051219,2.4107232093811035
Energy-force-only EquiformerV2 AD,33928,6186,15,0.0239945892244577,2.63323187828064
Energy-force-only EquiformerV2 AD,7747,6187,10,0.0294818375259637,3.7334353923797607
Energy-force-only EquiformerV2 AD,34661,6188,16,0.0104654710739851,1.6527485847473145
Energy-force-only EquiformerV2 AD,10729,6189,16,0.0098895980045199,1.253360390663147
Energy-force-only EquiformerV2 AD,25995,6190,14,0.0069697038270533,2.5556771755218506
Energy-force-only EquiformerV2 AD,47129,6191,15,0.0117030758410692,2.2285451889038086
Energy-force-only EquiformerV2 AD,47403,6192,14,0.0212376806885004,2.512827157974243
Energy-force-only EquiformerV2 AD,34679,6193,10,0.0073972884565591,3.02628755569458
Energy-force-only EquiformerV2 AD,19080,6194,14,0.0265097115188837,2.438068151473999
Energy-force-only EquiformerV2 AD,29112,6195,14,0.0316491872072219,2.0083799362182617
Energy-force-only EquiformerV2 AD,21669,6196,19,0.0213288720697164,1.2769235372543335
Energy-force-only EquiformerV2 AD,29857,6197,16,0.0231704413890838,1.9140924215316768
Energy-force-only EquiformerV2 AD,45463,6198,15,0.0248688757419586,1.804474115371704
Energy-force-only EquiformerV2 AD,31274,6199,10,0.025266133248806,3.573233127593994
Energy-force-only EquiformerV2 AD,4216,6200,12,0.0506884045898914,3.2328145503997803
Energy-force-only EquiformerV2 AD,36565,6201,10,0.0655052214860916,2.691955804824829
Energy-force-only EquiformerV2 AD,1014,6202,14,0.0065314266830682,2.224943161010742
Energy-force-only EquiformerV2 AD,39073,6203,13,0.0095274355262517,2.735785961151123
Energy-force-only EquiformerV2 AD,44570,6204,16,0.0116907497867941,1.71046245098114
Energy-force-only EquiformerV2 AD,14645,6205,12,0.0313735678791999,1.905739903450012
Energy-force-only EquiformerV2 AD,4839,6206,10,0.0332888960838317,4.278650760650635
Energy-force-only EquiformerV2 AD,5176,6207,13,0.0100460434332489,0.9591943025588988
Energy-force-only EquiformerV2 AD,40290,6208,11,0.0150216976180672,3.84287166595459
Energy-force-only EquiformerV2 AD,26383,6209,14,0.0219054762274026,2.382142782211304
Energy-force-only EquiformerV2 AD,8436,6210,17,0.023711098358035,1.0984828472137451
Energy-force-only EquiformerV2 AD,46355,6211,15,0.0127118630334734,2.0289320945739746
Energy-force-only EquiformerV2 AD,44980,6212,17,0.0094327721744775,1.991721510887146
Energy-force-only EquiformerV2 AD,1936,6213,14,0.0177821796387434,1.535090088844299
Energy-force-only EquiformerV2 AD,20805,6214,9,0.0514722727239131,3.476437330245972
Energy-force-only EquiformerV2 AD,25520,6215,12,0.0260927602648735,1.3283253908157349
Energy-force-only EquiformerV2 AD,34655,6216,18,0.0107497042044997,1.2959407567977903
Energy-force-only EquiformerV2 AD,43775,6217,15,0.024965826421976,2.488836765289306
Energy-force-only EquiformerV2 AD,24296,6218,14,0.0173583868891,1.8682258129119875
Energy-force-only EquiformerV2 AD,28347,6219,14,0.005870915018022,2.182864189147949
Energy-force-only EquiformerV2 AD,3680,6220,15,0.0181010905653238,1.900686383247376
Energy-force-only EquiformerV2 AD,31773,6221,9,0.0766768902540206,4.179549694061279
Energy-force-only EquiformerV2 AD,13637,6222,12,0.011021158657968,1.285260796546936
Energy-force-only EquiformerV2 AD,1293,6223,19,0.059806864708662,1.3483445644378662
Energy-force-only EquiformerV2 AD,17491,6224,15,0.0076644262298941,1.822342872619629
Energy-force-only EquiformerV2 AD,12960,6225,14,0.032492097467184,2.9312455654144287
Energy-force-only EquiformerV2 AD,25111,6226,16,0.0115913655608892,1.7324514389038086
Energy-force-only EquiformerV2 AD,26230,6227,11,0.0110070398077368,3.835313320159912
Energy-force-only EquiformerV2 AD,41684,6228,15,0.1025420725345611,1.9767000675201416
Energy-force-only EquiformerV2 AD,17815,6229,16,0.0093426946550607,1.90468978881836
Energy-force-only EquiformerV2 AD,32982,6230,10,0.4089411497116089,5.684152603149414
Energy-force-only EquiformerV2 AD,22778,6231,11,0.0075699212029576,2.972522497177124
Energy-force-only EquiformerV2 AD,37179,6232,15,0.0093740234151482,1.691739201545715
Energy-force-only EquiformerV2 AD,32869,6233,11,0.0177744850516319,2.9358699321746826
Energy-force-only EquiformerV2 AD,5359,6234,12,0.0239357613027095,3.17149305343628
Energy-force-only EquiformerV2 AD,35650,6235,15,0.006270779762417,2.4673497676849365
Energy-force-only EquiformerV2 AD,18458,6236,11,0.0090586366131901,2.709930896759033
Energy-force-only EquiformerV2 AD,5621,6237,16,0.0085749048739671,2.2077078819274902
Energy-force-only EquiformerV2 AD,622,6238,14,0.0210416801273822,2.0988848209381104
Energy-force-only EquiformerV2 AD,34594,6239,17,0.0193677637726068,1.1511629819869995
Energy-force-only EquiformerV2 AD,16660,6240,10,0.0199904348701238,4.323450088500977
Energy-force-only EquiformerV2 AD,1543,6241,15,0.012094940058887,1.7841159105300903
Energy-force-only EquiformerV2 AD,44869,6242,19,0.0104100946336984,0.9959571361541748
Energy-force-only EquiformerV2 AD,18685,6243,13,0.0080787232145667,2.1879026889801025
Energy-force-only EquiformerV2 AD,18035,6244,10,0.0116413896903395,3.4285788536071777
Energy-force-only EquiformerV2 AD,40276,6245,14,0.0486121177673339,1.038827896118164
Energy-force-only EquiformerV2 AD,5762,6246,17,0.0094764502719044,1.4175050258636477
Energy-force-only EquiformerV2 AD,11996,6247,12,0.0136070623993873,1.8560158014297483
Energy-force-only EquiformerV2 AD,22026,6248,16,0.0111176799982786,2.0342841148376465
Energy-force-only EquiformerV2 AD,4712,6249,17,0.0061061955057084,1.690886616706848
Energy-force-only EquiformerV2 AD,48781,6250,12,0.0091635780408978,2.7300076484680176
Energy-force-only EquiformerV2 AD,14198,6251,13,0.0125401820987463,1.962538242340088
Energy-force-only EquiformerV2 AD,49718,6252,13,0.0212118774652481,2.075934171676636
Energy-force-only EquiformerV2 AD,48230,6253,11,0.0043641133233904,3.0104236602783203
Energy-force-only EquiformerV2 AD,23887,6254,14,0.0242882296442985,2.128376245498657
Energy-force-only EquiformerV2 AD,34525,6255,11,0.0214048158377408,3.3281118869781494
Energy-force-only EquiformerV2 AD,2127,6256,16,0.0186395682394504,1.564057230949402
Energy-force-only EquiformerV2 AD,29175,6257,14,0.024845004081726,1.0905367136001587
Energy-force-only EquiformerV2 AD,45437,6258,11,0.014463978819549,2.53714370727539
Energy-force-only EquiformerV2 AD,27762,6259,15,0.0123289348557591,2.0177271366119385
Energy-force-only EquiformerV2 AD,41553,6260,14,0.0199191197752952,1.878900408744812
Energy-force-only EquiformerV2 AD,3122,6261,14,0.0089114271104335,1.535038948059082
Energy-force-only EquiformerV2 AD,5796,6262,15,0.0067567848600447,2.407315254211426
Energy-force-only EquiformerV2 AD,17794,6263,14,0.0096211563795804,2.960543870925904
Energy-force-only EquiformerV2 AD,3413,6264,12,0.032557625323534,4.460350513458252
Energy-force-only EquiformerV2 AD,7162,6265,16,0.01898137293756,1.1759512424468994
Energy-force-only EquiformerV2 AD,22652,6266,8,0.0096502173691988,4.389145851135254
Energy-force-only EquiformerV2 AD,40662,6267,15,0.0289734322577714,1.2447863817214966
Energy-force-only EquiformerV2 AD,27913,6268,14,0.0313263908028602,2.817211866378784
Energy-force-only EquiformerV2 AD,33462,6269,11,0.0128768505528569,3.729856491088867
Energy-force-only EquiformerV2 AD,38867,6270,15,0.0092541556805372,1.7187789678573608
Energy-force-only EquiformerV2 AD,31130,6271,19,0.021181171759963,1.5520845651626587
Energy-force-only EquiformerV2 AD,15936,6272,12,0.0189169887453317,1.9139111042022705
Energy-force-only EquiformerV2 AD,10637,6273,15,0.005234355572611,2.0898377895355225
Energy-force-only EquiformerV2 AD,9207,6274,13,0.0149664487689733,1.310094118118286
Energy-force-only EquiformerV2 AD,28220,6275,11,0.0092656873166561,2.981108903884888
Energy-force-only EquiformerV2 AD,26217,6276,12,0.0128747476264834,3.078318357467652
Energy-force-only EquiformerV2 AD,39359,6277,16,0.0052503962069749,1.623446702957153
Energy-force-only EquiformerV2 AD,32330,6278,10,0.0528062768280506,4.635737895965576
Energy-force-only EquiformerV2 AD,4679,6279,10,0.0136695737019181,3.170565605163574
Energy-force-only EquiformerV2 AD,48185,6280,16,0.0049331514164805,1.403339385986328
Energy-force-only EquiformerV2 AD,45942,6281,14,0.0180958546698093,1.8004584312438965
Energy-force-only EquiformerV2 AD,14064,6282,16,0.0133642023429274,1.3022297620773315
Energy-force-only EquiformerV2 AD,8867,6283,12,0.011369451880455,2.066263198852539
Energy-force-only EquiformerV2 AD,41297,6284,12,0.0099354302510619,2.856593608856201
Energy-force-only EquiformerV2 AD,4951,6285,11,0.0149929821491241,3.4989705085754395
Energy-force-only EquiformerV2 AD,9770,6286,14,0.0087080234661698,2.524775981903076
Energy-force-only EquiformerV2 AD,17084,6287,12,0.0198422409594059,2.8114118576049805
Energy-force-only EquiformerV2 AD,10032,6288,15,0.0180098731070756,1.084630846977234
Energy-force-only EquiformerV2 AD,7326,6289,14,0.044642087072134,3.2871532440185547
Energy-force-only EquiformerV2 AD,13377,6290,10,0.011738727800548,4.187958240509033
Energy-force-only EquiformerV2 AD,50196,6291,18,0.0545850396156311,1.5108647346496582
Energy-force-only EquiformerV2 AD,27129,6292,12,0.090363435447216,2.381781578063965
Energy-force-only EquiformerV2 AD,44588,6293,12,0.0486367940902709,4.322710037231445
Energy-force-only EquiformerV2 AD,16694,6294,18,0.0056523508392274,0.8669832348823547
Energy-force-only EquiformerV2 AD,3626,6295,18,0.048641137778759,0.8394738435745239
Energy-force-only EquiformerV2 AD,35499,6296,17,0.0081172930076718,1.459423303604126
Energy-force-only EquiformerV2 AD,8117,6297,12,0.0427799485623836,2.802279233932495
Energy-force-only EquiformerV2 AD,22962,6298,19,0.0044687511399388,1.582890868186951
Energy-force-only EquiformerV2 AD,41136,6299,10,0.0174802541732788,3.8909671306610094
Energy-force-only EquiformerV2 AD,47704,6300,16,0.0132239777594804,1.0187393426895142
Energy-force-only EquiformerV2 AD,48108,6301,12,0.0092671578750014,1.8431535959243768
Energy-force-only EquiformerV2 AD,2243,6302,10,0.022542318329215,3.2506844997406006
Energy-force-only EquiformerV2 AD,5812,6303,12,0.0186675749719142,2.632615089416504
Energy-force-only EquiformerV2 AD,14919,6304,12,0.0346944071352481,1.855529427528381
Energy-force-only EquiformerV2 AD,30623,6305,14,0.0252160187810659,1.7908222675323486
Energy-force-only EquiformerV2 AD,15629,6306,17,0.028956938534975,1.5304816961288452
Energy-force-only EquiformerV2 AD,13887,6307,19,0.0047053494490683,1.4447065591812134
Energy-force-only EquiformerV2 AD,17399,6308,16,0.0107616242021322,1.8557218313217163
Energy-force-only EquiformerV2 AD,6420,6309,16,0.0166068933904171,1.9372179508209229
Energy-force-only EquiformerV2 AD,3063,6310,15,0.0110482089221477,1.464321255683899
Energy-force-only EquiformerV2 AD,3031,6311,12,0.0248644389212131,1.2440438270568848
Energy-force-only EquiformerV2 AD,16808,6312,15,0.0206916667520999,1.5322774648666382
Energy-force-only EquiformerV2 AD,39357,6313,19,0.0042297081090509,1.3350839614868164
Energy-force-only EquiformerV2 AD,27803,6314,13,0.0179429277777671,1.5407264232635498
Energy-force-only EquiformerV2 AD,28393,6315,14,0.0043554962612688,2.3950674533843994
Energy-force-only EquiformerV2 AD,49133,6316,16,0.0271462406963109,1.1690175533294678
Energy-force-only EquiformerV2 AD,29719,6317,16,0.03006561845541,1.615686058998108
Energy-force-only EquiformerV2 AD,1248,6318,15,0.0118088219314813,2.2823543548583984
Energy-force-only EquiformerV2 AD,5715,6319,12,0.0130588319152593,2.603086233139038
Energy-force-only EquiformerV2 AD,19122,6320,14,0.0590085387229919,1.954164266586304
Energy-force-only EquiformerV2 AD,23090,6321,15,0.0170747842639684,1.9635319709777832
Energy-force-only EquiformerV2 AD,48384,6322,11,0.004888217896223,2.991535425186157
Energy-force-only EquiformerV2 AD,11383,6323,13,0.014817644841969,2.6549501419067383
Energy-force-only EquiformerV2 AD,39527,6324,19,0.0097286151722073,1.0683952569961548
Energy-force-only EquiformerV2 AD,35400,6325,14,0.0097506521269679,1.8698091506958008
Energy-force-only EquiformerV2 AD,24237,6326,11,0.0060336049646139,3.890667200088501
Energy-force-only EquiformerV2 AD,11549,6327,14,0.0131784491240978,2.175723075866699
Energy-force-only EquiformerV2 AD,48552,6328,16,0.0077933482825756,1.5415269136428833
Energy-force-only EquiformerV2 AD,29156,6329,11,0.0105465035885572,3.1865222454071045
Energy-force-only EquiformerV2 AD,39585,6330,13,0.0196060594171285,2.57114315032959
Energy-force-only EquiformerV2 AD,37319,6331,16,0.0086758788675069,1.63662588596344
Energy-force-only EquiformerV2 AD,50687,6332,16,0.0068774814717471,1.9120265245437624
Energy-force-only EquiformerV2 AD,15618,6333,19,0.0622578300535678,1.3598895072937012
Energy-force-only EquiformerV2 AD,44574,6334,14,0.0143772652372717,2.3172876834869385
Energy-force-only EquiformerV2 AD,16108,6335,11,0.0151203013956546,2.04681658744812
Energy-force-only EquiformerV2 AD,32626,6336,13,0.0068650217726826,2.484485149383545
Energy-force-only EquiformerV2 AD,498,6337,16,0.0126440590247511,2.094507932662964
Energy-force-only EquiformerV2 AD,29923,6338,12,0.0168706122785806,2.0010948181152344
Energy-force-only EquiformerV2 AD,10075,6339,11,0.0111967884004116,2.987931251525879
Energy-force-only EquiformerV2 AD,12605,6340,11,0.0159705188125371,2.929588079452514
Energy-force-only EquiformerV2 AD,47975,6341,8,0.0457986444234848,4.204384803771973
Energy-force-only EquiformerV2 AD,46260,6342,16,0.0075044678524136,2.030618667602539
Energy-force-only EquiformerV2 AD,27851,6343,19,0.0063392142765223,0.9518930912017822
Energy-force-only EquiformerV2 AD,31897,6344,16,0.0080868974328041,1.6921368837356567
Energy-force-only EquiformerV2 AD,29747,6345,13,0.0458631142973899,2.429139852523804
Energy-force-only EquiformerV2 AD,47499,6346,13,0.0315994545817375,2.1637957096099854
Energy-force-only EquiformerV2 AD,4149,6347,16,0.0147488741204142,2.143261432647705
Energy-force-only EquiformerV2 AD,16144,6348,15,0.0103314463049173,1.7478783130645752
Energy-force-only EquiformerV2 AD,33869,6349,17,0.0122420890256762,1.3234573602676392
Energy-force-only EquiformerV2 AD,20375,6350,11,0.0097445286810398,3.202043533325196
Energy-force-only EquiformerV2 AD,40879,6351,12,0.0190829001367092,2.499345541000366
Energy-force-only EquiformerV2 AD,24336,6352,18,0.0049668853171169,1.2384004592895508
Energy-force-only EquiformerV2 AD,31396,6353,12,0.0140713704749941,2.456468343734741
Energy-force-only EquiformerV2 AD,27840,6354,15,0.0129930861294269,2.480822801589966
Energy-force-only EquiformerV2 AD,23490,6355,16,0.0930263921618461,1.878644347190857
Energy-force-only EquiformerV2 AD,26200,6356,17,0.0336789675056934,1.5182183980941772
Energy-force-only EquiformerV2 AD,38963,6357,14,0.0149176437407732,1.7099770307540894
Energy-force-only EquiformerV2 AD,6350,6358,11,0.0150940846651792,2.65748929977417
Energy-force-only EquiformerV2 AD,12225,6359,14,0.0049660960212349,1.9675304889678955
Energy-force-only EquiformerV2 AD,19170,6360,13,0.0651000142097473,2.7098872661590576
Energy-force-only EquiformerV2 AD,37970,6361,16,0.0272583719342947,1.7680795192718506
Energy-force-only EquiformerV2 AD,30586,6362,14,0.0092444736510515,2.306363105773926
Energy-force-only EquiformerV2 AD,7322,6363,17,0.0167039763182401,1.6571788787841797
Energy-force-only EquiformerV2 AD,42015,6364,16,0.0071846097707748,1.2222009897232056
Energy-force-only EquiformerV2 AD,14181,6365,9,0.0078311758115887,4.276255130767822
Energy-force-only EquiformerV2 AD,42281,6366,16,0.0282619558274745,2.29469633102417
Energy-force-only EquiformerV2 AD,21921,6367,12,0.0314786918461322,1.3616114854812622
Energy-force-only EquiformerV2 AD,13931,6368,15,0.0148337371647357,1.5070745944976809
Energy-force-only EquiformerV2 AD,12170,6369,14,0.0113054811954498,1.7703652381896973
Energy-force-only EquiformerV2 AD,41698,6370,16,0.015005680732429,1.602232813835144
Energy-force-only EquiformerV2 AD,3940,6371,10,0.0133395818993449,2.0900912284851074
Energy-force-only EquiformerV2 AD,48008,6372,15,0.0080993147566914,1.4978384971618652
Energy-force-only EquiformerV2 AD,47681,6373,16,0.0086500570178031,1.466257929801941
Energy-force-only EquiformerV2 AD,23838,6374,11,0.0317762121558189,3.0437631607055664
Energy-force-only EquiformerV2 AD,39587,6375,14,0.0352110527455806,1.1447696685791016
Energy-force-only EquiformerV2 AD,29395,6376,13,0.0105592561885714,2.0589215755462646
Energy-force-only EquiformerV2 AD,4718,6377,13,0.0054023382253944,1.9048413038253784
Energy-force-only EquiformerV2 AD,38904,6378,15,0.0094635048881173,2.348071336746216
Energy-force-only EquiformerV2 AD,30194,6379,16,0.0064643244259059,1.9599766731262207
Energy-force-only EquiformerV2 AD,20242,6380,17,0.0120405359193682,1.901811122894287
Energy-force-only EquiformerV2 AD,34688,6381,16,0.0105297788977622,1.892530918121338
Energy-force-only EquiformerV2 AD,37129,6382,13,0.026583231985569,1.3804936408996582
Energy-force-only EquiformerV2 AD,22756,6383,12,0.0169108901172876,2.6772825717926025
Energy-force-only EquiformerV2 AD,39487,6384,16,0.0102774510160088,1.4596500396728516
Energy-force-only EquiformerV2 AD,14731,6385,16,0.013553163036704,1.7291914224624634
Energy-force-only EquiformerV2 AD,38131,6386,13,0.0138340322300791,2.83109712600708
Energy-force-only EquiformerV2 AD,11354,6387,12,0.0215854812413454,2.899172782897949
Energy-force-only EquiformerV2 AD,32053,6388,17,0.0080803101882338,1.5860364437103271
Energy-force-only EquiformerV2 AD,15748,6389,14,0.0203380044549703,1.817911624908448
Energy-force-only EquiformerV2 AD,21735,6390,16,0.0225292351096868,1.642203450202942
Energy-force-only EquiformerV2 AD,38013,6391,16,0.0222274288535118,1.2765744924545288
Energy-force-only EquiformerV2 AD,24690,6392,11,0.0286028236150741,3.575010299682617
Energy-force-only EquiformerV2 AD,6257,6393,16,0.0214873608201742,1.0414060354232788
Energy-force-only EquiformerV2 AD,10390,6394,19,0.0186371598392725,1.311424732208252
Energy-force-only EquiformerV2 AD,14569,6395,13,0.0159112270921468,2.554208517074585
Energy-force-only EquiformerV2 AD,8304,6396,10,0.0758524984121322,3.89120888710022
Energy-force-only EquiformerV2 AD,48360,6397,11,0.0063388077542185,3.5156168937683105
Energy-force-only EquiformerV2 AD,46402,6398,16,0.0211822297424078,1.5131560564041138
Energy-force-only EquiformerV2 AD,44590,6399,11,0.0332548543810844,3.5433132648468018
Energy-force-only EquiformerV2 AD,30210,6400,13,0.0090784318745136,2.526089191436768
Energy-force-only EquiformerV2 AD,8235,6401,14,0.0144332535564899,2.450279235839844
Energy-force-only EquiformerV2 AD,5251,6402,18,0.0029786322265863,1.5786840915679932
Energy-force-only EquiformerV2 AD,16227,6403,12,0.0146833127364516,1.9866455793380733
Energy-force-only EquiformerV2 AD,14105,6404,13,0.0690345615148544,1.762308120727539
Energy-force-only EquiformerV2 AD,44304,6405,5,0.0924378782510757,4.949479103088379
Energy-force-only EquiformerV2 AD,20157,6406,18,0.0095785036683082,1.6780661344528198
Energy-force-only EquiformerV2 AD,23410,6407,19,0.0041896002367138,1.3011040687561035
Energy-force-only EquiformerV2 AD,41869,6408,11,0.0170681197196245,2.866244077682495
Energy-force-only EquiformerV2 AD,26516,6409,12,0.0086026061326265,2.7017292976379395
Energy-force-only EquiformerV2 AD,41388,6410,14,0.0348838232457637,1.7969074249267578
Energy-force-only EquiformerV2 AD,12727,6411,16,0.0051273526623845,1.8519681692123413
Energy-force-only EquiformerV2 AD,26162,6412,15,0.0541324615478515,1.3693108558654783
Energy-force-only EquiformerV2 AD,31488,6413,17,0.0202078074216842,1.4799208641052246
Energy-force-only EquiformerV2 AD,15260,6414,11,0.0179602541029453,3.103684186935425
Energy-force-only EquiformerV2 AD,24913,6415,11,0.0250119119882583,2.4821600914001465
Energy-force-only EquiformerV2 AD,33156,6416,15,0.0167227648198604,2.544544219970703
Energy-force-only EquiformerV2 AD,4918,6417,17,0.0447986088693141,1.6261069774627686
Energy-force-only EquiformerV2 AD,40125,6418,13,0.0102791665121912,2.9164655208587646
Energy-force-only EquiformerV2 AD,27776,6419,11,0.0180145371705293,3.106290578842163
Energy-force-only EquiformerV2 AD,20912,6420,12,0.0217122863978147,2.6002113819122314
Energy-force-only EquiformerV2 AD,50070,6421,13,0.0201171915978193,2.196847915649414
Energy-force-only EquiformerV2 AD,42168,6422,10,0.019401466473937,3.6603269577026367
Energy-force-only EquiformerV2 AD,38558,6423,19,0.0028000338934361,1.2999870777130127
Energy-force-only EquiformerV2 AD,50264,6424,14,0.0203285757452249,1.9836492538452148
Energy-force-only EquiformerV2 AD,6212,6425,17,0.0214706379920244,1.8885997533798216
Energy-force-only EquiformerV2 AD,49423,6426,13,0.0115348249673843,2.63128399848938
Energy-force-only EquiformerV2 AD,13237,6427,11,0.04537058994174,1.7842150926589966
Energy-force-only EquiformerV2 AD,43402,6428,15,0.0181045625358819,1.592905044555664
Energy-force-only EquiformerV2 AD,11239,6429,15,0.0118576260283589,2.06492567062378
Energy-force-only EquiformerV2 AD,31490,6430,11,0.0206256639212369,2.487039566040039
Energy-force-only EquiformerV2 AD,23206,6431,13,0.0080025354400277,2.307712316513061
Energy-force-only EquiformerV2 AD,16496,6432,12,0.0750425904989242,2.360321044921875
Energy-force-only EquiformerV2 AD,33668,6433,16,0.0036512101069092,1.6334587335586548
Energy-force-only EquiformerV2 AD,35849,6434,15,0.0604384541511535,1.7076234817504885
Energy-force-only EquiformerV2 AD,25114,6435,15,0.0151878995820879,1.843900442123413
Energy-force-only EquiformerV2 AD,36269,6436,14,0.0062762377783656,2.2573699951171875
Energy-force-only EquiformerV2 AD,23316,6437,17,0.008731085807085,1.4576609134674072
Energy-force-only EquiformerV2 AD,12743,6438,11,0.0402159690856933,1.175815224647522
Energy-force-only EquiformerV2 AD,48115,6439,17,0.0046549784019589,1.5997848510742188
Energy-force-only EquiformerV2 AD,42721,6440,15,0.0085265133529901,1.7587649822235107
Energy-force-only EquiformerV2 AD,18637,6441,14,0.0352992042899131,2.0985870361328125
Energy-force-only EquiformerV2 AD,27983,6442,9,0.034380130469799,3.118246555328369
Energy-force-only EquiformerV2 AD,3037,6443,17,0.0093674147501587,1.281111240386963
Energy-force-only EquiformerV2 AD,28780,6444,10,0.0891736522316932,2.578927993774414
Energy-force-only EquiformerV2 AD,8830,6445,13,0.0086998818442225,1.8944281339645384
Energy-force-only EquiformerV2 AD,28434,6446,17,0.0098046297207474,1.8746562004089355
Energy-force-only EquiformerV2 AD,42507,6447,11,0.023650225251913,3.708005428314209
Energy-force-only EquiformerV2 AD,43970,6448,11,0.0172349233180284,3.5331695079803467
Energy-force-only EquiformerV2 AD,47928,6449,16,0.0203234069049358,1.6862905025482178
Energy-force-only EquiformerV2 AD,16141,6450,12,0.0190827827900648,2.018232107162476
Energy-force-only EquiformerV2 AD,39482,6451,16,0.0590240359306335,2.137047290802002
Energy-force-only EquiformerV2 AD,47041,6452,16,0.0132397888228297,1.56720232963562
Energy-force-only EquiformerV2 AD,8993,6453,15,0.0110194543376564,2.366948366165161
Energy-force-only EquiformerV2 AD,34177,6454,16,0.0108749521896243,2.337251663208008
Energy-force-only EquiformerV2 AD,10383,6455,15,0.0150201022624969,0.8860967755317688
Energy-force-only EquiformerV2 AD,14991,6456,16,0.0081723555922508,1.4877125024795532
Energy-force-only EquiformerV2 AD,19760,6457,12,0.0370365791022777,1.270701885223389
Energy-force-only EquiformerV2 AD,31813,6458,17,0.0092833451926708,1.4021151065826416
Energy-force-only EquiformerV2 AD,31834,6459,16,0.0191049948334693,1.5207401514053345
Energy-force-only EquiformerV2 AD,29316,6460,8,0.0164829939603805,2.50260591506958
Energy-force-only EquiformerV2 AD,12255,6461,16,0.0380813553929328,1.7946006059646606
Energy-force-only EquiformerV2 AD,45811,6462,13,0.0102037945762276,2.39109206199646
Energy-force-only EquiformerV2 AD,17052,6463,11,0.0132348602637648,3.258949041366577
Energy-force-only EquiformerV2 AD,27917,6464,9,0.0539084114134311,3.675865650177002
Energy-force-only EquiformerV2 AD,27214,6465,12,0.007157421670854,2.7327756881713867
Energy-force-only EquiformerV2 AD,24330,6466,11,0.0165300853550434,2.811355829238892
Energy-force-only EquiformerV2 AD,7572,6467,12,0.040486242622137,3.4682631492614746
Energy-force-only EquiformerV2 AD,25769,6468,14,0.0099547635763883,1.7759904861450195
Energy-force-only EquiformerV2 AD,30671,6469,17,0.0101039018481969,1.1860960721969604
Energy-force-only EquiformerV2 AD,32464,6470,11,0.0153624890372157,2.557569980621338
Energy-force-only EquiformerV2 AD,35850,6471,14,0.0175627637654542,2.1734657287597656
Energy-force-only EquiformerV2 AD,34010,6472,10,0.0045157824642956,3.7445361614227295
Energy-force-only EquiformerV2 AD,30360,6473,9,0.0264421440660953,3.0356576442718506
Energy-force-only EquiformerV2 AD,36019,6474,8,0.0216648485511541,4.256034851074219
Energy-force-only EquiformerV2 AD,3006,6475,9,0.0307905208319425,3.7089924812316895
Energy-force-only EquiformerV2 AD,46371,6476,10,0.0166799332946538,4.261704921722412
Energy-force-only EquiformerV2 AD,8713,6477,13,0.0102604096755385,2.4721875190734863
Energy-force-only EquiformerV2 AD,10134,6478,12,0.0431683249771595,2.228088617324829
Energy-force-only EquiformerV2 AD,28537,6479,15,0.0085861245170235,2.27213454246521
Energy-force-only EquiformerV2 AD,7214,6480,16,0.0095473807305097,2.062410354614258
Energy-force-only EquiformerV2 AD,43113,6481,13,0.0620318204164505,2.8593318462371826
Energy-force-only EquiformerV2 AD,43231,6482,17,0.0196066740900278,1.5449753999710083
Energy-force-only EquiformerV2 AD,19821,6483,17,0.0055729448795318,1.4134548902511597
Energy-force-only EquiformerV2 AD,42582,6484,16,0.0201444327831268,0.9657824039459229
Energy-force-only EquiformerV2 AD,36227,6485,10,0.0107477018609642,2.241251468658448
Energy-force-only EquiformerV2 AD,45429,6486,11,0.0047405334189534,3.128803968429565
Energy-force-only EquiformerV2 AD,39259,6487,14,0.0049816751852631,2.1630640029907227
Energy-force-only EquiformerV2 AD,25270,6488,19,0.0059647625312209,1.1393275260925293
Energy-force-only EquiformerV2 AD,42081,6489,10,0.0271558929234743,3.342200517654419
Energy-force-only EquiformerV2 AD,40952,6490,21,0.0069541963748633,0.910713255405426
Energy-force-only EquiformerV2 AD,20333,6491,13,0.0344865396618843,1.8724950551986688
Energy-force-only EquiformerV2 AD,7053,6492,14,0.0203212164342403,1.4785058498382568
Energy-force-only EquiformerV2 AD,18598,6493,19,0.0113464053720235,1.0378481149673462
Energy-force-only EquiformerV2 AD,9790,6494,13,0.008799722418189,2.7180328369140625
Energy-force-only EquiformerV2 AD,32664,6495,17,0.0158178061246871,1.2606064081192017
Energy-force-only EquiformerV2 AD,44513,6496,15,0.0172722749412059,2.1918375492095947
Energy-force-only EquiformerV2 AD,45708,6497,15,0.0056338007561862,1.8728723526000977
Energy-force-only EquiformerV2 AD,39177,6498,10,0.0316585190594196,3.0964250564575195
Energy-force-only EquiformerV2 AD,27743,6499,13,0.0270597208291292,2.3071084022521973
Energy-force-only EquiformerV2 AD,7891,6500,17,0.0086099784821271,1.3952338695526123
Energy-force-only EquiformerV2 AD,38480,6501,13,0.0143051194027066,1.3812918663024902
Energy-force-only EquiformerV2 AD,12172,6502,14,0.0214844811707735,2.9681100845336914
Energy-force-only EquiformerV2 AD,44530,6503,11,0.0132528916001319,2.678926706314087
Energy-force-only EquiformerV2 AD,39672,6504,13,0.009816993959248,2.813029766082764
Energy-force-only EquiformerV2 AD,12154,6505,18,0.0078742997720837,1.1493916511535645
Energy-force-only EquiformerV2 AD,24135,6506,19,0.0151450643315911,1.8087069988250728
Energy-force-only EquiformerV2 AD,47375,6507,17,0.0101006794720888,1.465790629386902
Energy-force-only EquiformerV2 AD,17960,6508,13,0.0077451597899198,2.0510964393615723
Energy-force-only EquiformerV2 AD,29708,6509,18,0.013578831218183,1.62716543674469
Energy-force-only EquiformerV2 AD,907,6510,14,0.0220149755477905,2.3428165912628174
Energy-force-only EquiformerV2 AD,19550,6511,13,0.0079076532274484,2.2926619052886963
Energy-force-only EquiformerV2 AD,23933,6512,14,0.0273407995700836,1.818888783454895
Energy-force-only EquiformerV2 AD,4419,6513,15,0.0128985792398452,2.255502939224243
Energy-force-only EquiformerV2 AD,50540,6514,15,0.0088191488757729,1.5042434930801392
Energy-force-only EquiformerV2 AD,49471,6515,18,0.0110395224764943,1.150788187980652
Energy-force-only EquiformerV2 AD,28512,6516,14,0.0055794604122638,2.391547679901123
Energy-force-only EquiformerV2 AD,37997,6517,16,0.0057348627597093,1.8477050065994265
Energy-force-only EquiformerV2 AD,24154,6518,14,0.0135571490973234,1.616023063659668
Energy-force-only EquiformerV2 AD,18566,6519,14,0.0140461651608347,2.035194396972656
Energy-force-only EquiformerV2 AD,12134,6520,10,0.1100134253501892,3.5657217502593994
Energy-force-only EquiformerV2 AD,33549,6521,9,0.0644745603203773,2.613201856613159
Energy-force-only EquiformerV2 AD,15674,6522,12,0.0174365676939487,2.275918483734131
Energy-force-only EquiformerV2 AD,22713,6523,13,0.0515504330396652,2.1177399158477783
Energy-force-only EquiformerV2 AD,42992,6524,16,0.016946330666542,1.7285815477371216
Energy-force-only EquiformerV2 AD,42254,6525,17,0.008945832028985,1.3700261116027832
Energy-force-only EquiformerV2 AD,26278,6526,18,0.0074982671067118,1.524097204208374
Energy-force-only EquiformerV2 AD,27945,6527,17,0.0139622949063777,1.7823487520217896
Energy-force-only EquiformerV2 AD,34092,6528,16,0.0098212091252207,1.611446976661682
Energy-force-only EquiformerV2 AD,31200,6529,16,0.0087555786594748,1.098055362701416
Energy-force-only EquiformerV2 AD,7154,6530,14,0.0185726154595613,1.9569482803344729
Energy-force-only EquiformerV2 AD,21792,6531,14,0.0150760784745216,2.208404064178467
Energy-force-only EquiformerV2 AD,730,6532,15,0.0115248681977391,2.2083468437194824
Energy-force-only EquiformerV2 AD,9981,6533,17,0.01100764144212,1.9084315299987795
Energy-force-only EquiformerV2 AD,2270,6534,14,0.0153992678970098,2.073453903198242
Energy-force-only EquiformerV2 AD,8362,6535,11,0.0191625766456127,2.3880069255828857
Energy-force-only EquiformerV2 AD,4072,6536,13,0.0073505458422005,2.3971269130706787
Energy-force-only EquiformerV2 AD,18177,6537,19,0.0095696384087204,1.4473917484283447
Energy-force-only EquiformerV2 AD,6001,6538,13,0.0236093755811452,2.28391695022583
Energy-force-only EquiformerV2 AD,49975,6539,11,0.0834238454699516,2.316981315612793
Energy-force-only EquiformerV2 AD,7031,6540,16,0.0192246679216623,1.659087300300598
Energy-force-only EquiformerV2 AD,25475,6541,13,0.0148863429203629,2.171762228012085
Energy-force-only EquiformerV2 AD,25028,6542,17,0.006363064981997,1.6985646486282349
Energy-force-only EquiformerV2 AD,46176,6543,17,0.007132139056921,1.6282356977462769
Energy-force-only EquiformerV2 AD,15719,6544,10,0.0131826214492321,3.076679229736328
Energy-force-only EquiformerV2 AD,36360,6545,8,0.0540489666163921,2.4426090717315674
Energy-force-only EquiformerV2 AD,6224,6546,10,0.0158319734036922,2.619291543960572
Energy-force-only EquiformerV2 AD,34124,6547,18,0.0204067658632993,1.4224530458450315
Energy-force-only EquiformerV2 AD,28004,6548,11,0.0210869926959276,2.7684128284454346
Energy-force-only EquiformerV2 AD,9198,6549,15,0.0253918543457984,2.0243282318115234
Energy-force-only EquiformerV2 AD,47072,6550,19,0.0078920405358076,1.0006446838378906
Energy-force-only EquiformerV2 AD,44891,6551,9,0.0433524921536445,3.508663415908813
Energy-force-only EquiformerV2 AD,42279,6552,12,0.0162976514548063,2.982114553451538
Energy-force-only EquiformerV2 AD,30996,6553,12,0.0084086544811725,2.4611103534698486
Energy-force-only EquiformerV2 AD,26378,6554,12,0.0349479801952838,2.5371017456054688
Energy-force-only EquiformerV2 AD,25029,6555,16,0.0109676495194435,1.6866552829742432
Energy-force-only EquiformerV2 AD,35662,6556,10,0.0259236581623554,3.562584638595581
Energy-force-only EquiformerV2 AD,38970,6557,11,0.0113604888319969,3.2039008140563965
Energy-force-only EquiformerV2 AD,19780,6558,17,0.0349871106445789,2.002988338470459
Energy-force-only EquiformerV2 AD,45195,6559,15,0.003749492811039,1.9257925748825075
Energy-force-only EquiformerV2 AD,33617,6560,17,0.0068886131048202,1.5090019702911377
Energy-force-only EquiformerV2 AD,47203,6561,19,0.0098157273605465,0.9890555143356324
Energy-force-only EquiformerV2 AD,19444,6562,14,0.0043998803012073,2.263615131378174
Energy-force-only EquiformerV2 AD,38029,6563,16,0.0088425623252987,2.192125082015991
Energy-force-only EquiformerV2 AD,40165,6564,17,0.0657960325479507,1.1348774433135986
Energy-force-only EquiformerV2 AD,19175,6565,11,0.0541071482002735,2.2763657569885254
Energy-force-only EquiformerV2 AD,21346,6566,15,0.029697747901082,1.692275047302246
Energy-force-only EquiformerV2 AD,28023,6567,16,0.0391069948673248,2.662217855453491
Energy-force-only EquiformerV2 AD,11138,6568,13,0.0304893143475055,2.502748250961304
Energy-force-only EquiformerV2 AD,39939,6569,15,0.0146362707018852,2.2445642948150635
Energy-force-only EquiformerV2 AD,30448,6570,14,0.0189923662692308,1.1319047212600708
Energy-force-only EquiformerV2 AD,15715,6571,15,0.0219859927892684,2.077185869216919
Energy-force-only EquiformerV2 AD,5331,6572,13,0.004352870862931,2.1950771808624268
Energy-force-only EquiformerV2 AD,6453,6573,13,0.007168149575591,2.855088710784912
Energy-force-only EquiformerV2 AD,18159,6574,16,0.0042740767821669,1.6606823205947876
Energy-force-only EquiformerV2 AD,33760,6575,14,0.0532273799180984,2.953549861907959
Energy-force-only EquiformerV2 AD,44958,6576,16,0.0123375235125422,1.7339929342269895
Energy-force-only EquiformerV2 AD,21172,6577,11,0.0127826519310474,0.8732660412788391
Energy-force-only EquiformerV2 AD,15989,6578,10,0.0294474437832832,2.254659652709961
Energy-force-only EquiformerV2 AD,37435,6579,13,0.0304069984704256,2.88112473487854
Energy-force-only EquiformerV2 AD,4833,6580,20,0.007625094614923,1.0922882556915283
Energy-force-only EquiformerV2 AD,49405,6581,14,0.0087828794494271,1.5818657875061035
Energy-force-only EquiformerV2 AD,41245,6582,6,0.0141988964751362,8.209908485412598
Energy-force-only EquiformerV2 AD,6262,6583,7,0.0484397187829017,6.426048278808594
Energy-force-only EquiformerV2 AD,35447,6584,11,0.0113439736887812,3.0322153568267822
Energy-force-only EquiformerV2 AD,38977,6585,14,0.0057644722983241,1.869442343711853
Energy-force-only EquiformerV2 AD,32118,6586,13,0.0147503092885017,2.7224602699279785
Energy-force-only EquiformerV2 AD,12433,6587,14,0.014015975408256,1.1368274688720703
Energy-force-only EquiformerV2 AD,10623,6588,17,0.0095779923722147,1.8532119989395144
Energy-force-only EquiformerV2 AD,40926,6589,14,0.0049014617688953,1.960062384605408
Energy-force-only EquiformerV2 AD,19089,6590,13,0.0175146535038948,1.956140756607056
Energy-force-only EquiformerV2 AD,36503,6591,16,0.0072886846028268,1.8494516611099243
Energy-force-only EquiformerV2 AD,42628,6592,11,0.0406642481684684,2.601490020751953
Energy-force-only EquiformerV2 AD,352,6593,9,0.0117580657824873,3.421149253845215
Energy-force-only EquiformerV2 AD,40958,6594,12,0.0238521490246057,3.1638877391815186
Energy-force-only EquiformerV2 AD,5537,6595,13,0.0121549312025308,1.9988940954208367
Energy-force-only EquiformerV2 AD,2588,6596,12,0.038146648555994,4.513158321380615
Energy-force-only EquiformerV2 AD,34000,6597,14,0.0220761224627494,2.1122424602508545
Energy-force-only EquiformerV2 AD,25366,6598,17,0.0170248374342918,1.370781660079956
Energy-force-only EquiformerV2 AD,38383,6599,17,0.0059112766757607,1.880445957183838
Energy-force-only EquiformerV2 AD,12394,6600,13,0.0127816777676343,1.7079509496688845
Energy-force-only EquiformerV2 AD,49637,6601,16,0.0216591544449329,2.4526596069335938
Energy-force-only EquiformerV2 AD,25391,6602,17,0.006596113089472,1.422757625579834
Energy-force-only EquiformerV2 AD,26376,6603,19,0.0133994463831186,1.7355282306671145
Energy-force-only EquiformerV2 AD,21974,6604,13,0.0608284547924995,3.3689255714416504
Energy-force-only EquiformerV2 AD,46740,6605,14,0.01806709356606,2.484063148498535
Energy-force-only EquiformerV2 AD,46722,6606,15,0.039436187595129,1.502801775932312
Energy-force-only EquiformerV2 AD,36354,6607,15,0.0081135183572769,1.6679993867874146
Energy-force-only EquiformerV2 AD,10014,6608,13,0.0113925477489829,2.596799612045288
Energy-force-only EquiformerV2 AD,48335,6609,12,0.0320283696055412,2.3919599056243896
Energy-force-only EquiformerV2 AD,20883,6610,12,0.042116031050682,2.442612409591675
Energy-force-only EquiformerV2 AD,809,6611,14,0.0162751358002424,1.9841790199279783
Energy-force-only EquiformerV2 AD,20715,6612,16,0.0196685176342725,2.3030035495758057
Energy-force-only EquiformerV2 AD,24082,6613,14,0.0136135267093777,1.9958676099777224
Energy-force-only EquiformerV2 AD,27056,6614,16,0.0192813090980052,1.5118181705474854
Energy-force-only EquiformerV2 AD,27926,6615,10,0.0198843535035848,3.05673885345459
Energy-force-only EquiformerV2 AD,17041,6616,14,0.0060695153661072,1.7936079502105713
Energy-force-only EquiformerV2 AD,28594,6617,13,0.0092277359217405,2.4894535541534424
Energy-force-only EquiformerV2 AD,2013,6618,17,0.0093836179003119,1.4554600715637207
Energy-force-only EquiformerV2 AD,37996,6619,19,0.0076539614237844,1.269196391105652
Energy-force-only EquiformerV2 AD,14863,6620,9,0.0174567755311727,4.1588287353515625
Energy-force-only EquiformerV2 AD,26008,6621,14,0.0129001168534159,2.4569413661956787
Energy-force-only EquiformerV2 AD,26469,6622,14,0.017697837203741,1.718152403831482
Energy-force-only EquiformerV2 AD,25353,6623,16,0.0117904348298907,1.3355833292007446
Energy-force-only EquiformerV2 AD,27114,6624,14,0.0121624050661921,2.825905561447144
Energy-force-only EquiformerV2 AD,18793,6625,11,0.0048108426854014,2.8195929527282715
Energy-force-only EquiformerV2 AD,23364,6626,14,0.0082423547282814,1.7964105606079102
Energy-force-only EquiformerV2 AD,39029,6627,17,0.0065564541146159,1.403159737586975
Energy-force-only EquiformerV2 AD,22086,6628,15,0.0076382812112569,2.036277532577514
Energy-force-only EquiformerV2 AD,32963,6629,13,0.0350613035261631,1.2918968200683594
Energy-force-only EquiformerV2 AD,19947,6630,11,0.0059272274374961,3.885030031204224
Energy-force-only EquiformerV2 AD,38417,6631,12,0.0414657332003116,3.1099815368652344
Energy-force-only EquiformerV2 AD,9540,6632,16,0.0152207966893911,1.4136106967926023
Energy-force-only EquiformerV2 AD,18552,6633,14,0.021740511059761,1.7620984315872192
Energy-force-only EquiformerV2 AD,94,6634,12,0.0292729530483484,2.175689220428467
Energy-force-only EquiformerV2 AD,33171,6635,14,0.0032206550240516,2.3234968185424805
Energy-force-only EquiformerV2 AD,31767,6636,14,0.0121794072911143,2.1411778926849365
Energy-force-only EquiformerV2 AD,46671,6637,13,0.0322342775762081,2.189220666885376
Energy-force-only EquiformerV2 AD,35202,6638,13,0.0172986555844545,1.856099009513855
Energy-force-only EquiformerV2 AD,871,6639,15,0.0056283371523022,1.8695088624954224
Energy-force-only EquiformerV2 AD,38882,6640,15,0.0403849147260189,1.887279391288757
Energy-force-only EquiformerV2 AD,42147,6641,13,0.0064012026414275,2.576982259750366
Energy-force-only EquiformerV2 AD,7942,6642,13,0.0128179816529154,2.320996046066284
Energy-force-only EquiformerV2 AD,35790,6643,18,0.0043622036464512,1.472057819366455
Energy-force-only EquiformerV2 AD,15107,6644,12,0.0082538658753037,2.1207594871521
Energy-force-only EquiformerV2 AD,40551,6645,15,0.011958216316998,2.296086311340332
Energy-force-only EquiformerV2 AD,38467,6646,13,0.0100707383826375,2.659046173095703
Energy-force-only EquiformerV2 AD,32264,6647,13,0.0034903488121926,1.8960731029510496
Energy-force-only EquiformerV2 AD,45124,6648,9,0.0539487637579441,3.012200355529785
Energy-force-only EquiformerV2 AD,8347,6649,17,0.0224953182041645,1.5159565210342407
Energy-force-only EquiformerV2 AD,274,6650,12,0.103788636624813,1.4277149438858032
Energy-force-only EquiformerV2 AD,8293,6651,11,0.0227271765470504,2.7689712047576904
Energy-force-only EquiformerV2 AD,3185,6652,15,0.0152867846190929,1.7197054624557495
Energy-force-only EquiformerV2 AD,20624,6653,10,0.025158891454339,3.3118488788604736
Energy-force-only EquiformerV2 AD,44619,6654,12,0.0372241549193859,2.3835694789886475
Energy-force-only EquiformerV2 AD,45984,6655,14,0.0202730596065521,1.7710340023040771
Energy-force-only EquiformerV2 AD,15756,6656,14,0.0065172086469829,2.219261407852173
Energy-force-only EquiformerV2 AD,44804,6657,11,0.0570239759981632,4.722893714904785
Energy-force-only EquiformerV2 AD,43972,6658,11,0.0317500606179237,2.277010679244995
Energy-force-only EquiformerV2 AD,42917,6659,14,0.0167186055332422,3.1640779972076416
Energy-force-only EquiformerV2 AD,4501,6660,9,0.0162336342036724,3.999662399291992
Energy-force-only EquiformerV2 AD,35620,6661,16,0.0038127931766211,1.5078328847885132
Energy-force-only EquiformerV2 AD,7632,6662,15,0.0209172274917364,1.3484290838241575
Energy-force-only EquiformerV2 AD,28977,6663,10,0.0473359785974025,3.710176944732666
Energy-force-only EquiformerV2 AD,7314,6664,13,0.0076739438809454,1.9106682538986208
Energy-force-only EquiformerV2 AD,49256,6665,14,0.0073947580531239,2.7834136486053467
Energy-force-only EquiformerV2 AD,24780,6666,14,0.006256855558604,2.1082396507263184
Energy-force-only EquiformerV2 AD,21381,6667,16,0.0173105895519256,1.7448228597640991
Energy-force-only EquiformerV2 AD,14295,6668,12,0.0103156389668583,3.631678819656372
Energy-force-only EquiformerV2 AD,3993,6669,12,0.0336178317666053,3.941324472427368
Energy-force-only EquiformerV2 AD,12904,6670,14,0.0077363848686218,2.387399911880493
Energy-force-only EquiformerV2 AD,26196,6671,16,0.0129941515624523,1.030518889427185
Energy-force-only EquiformerV2 AD,33188,6672,14,0.0129683203995227,1.8062022924423216
Energy-force-only EquiformerV2 AD,10809,6673,17,0.003400067333132,1.8109591007232664
Energy-force-only EquiformerV2 AD,22418,6674,14,0.0170555710792541,2.3725380897521973
Energy-force-only EquiformerV2 AD,45524,6675,13,0.0122198369354009,2.336446762084961
Energy-force-only EquiformerV2 AD,21750,6676,12,0.0089827077463269,2.854689598083496
Energy-force-only EquiformerV2 AD,25699,6677,11,0.0638424158096313,4.144312381744385
Energy-force-only EquiformerV2 AD,41971,6678,16,0.0330650061368942,1.6145970821380615
Energy-force-only EquiformerV2 AD,31041,6679,14,0.02351800724864,1.6356348991394043
Energy-force-only EquiformerV2 AD,1740,6680,15,0.0308427289128303,2.412100315093994
Energy-force-only EquiformerV2 AD,2253,6681,10,0.059044774621725,3.271704912185669
Energy-force-only EquiformerV2 AD,39608,6682,16,0.0077266274020075,1.9700847864151
Energy-force-only EquiformerV2 AD,47177,6683,19,0.0024150076787918,1.320594072341919
Energy-force-only EquiformerV2 AD,45937,6684,12,0.0235103089362382,2.03586220741272
Energy-force-only EquiformerV2 AD,13680,6685,16,0.0082738352939486,1.6901146173477173
Energy-force-only EquiformerV2 AD,2975,6686,11,0.0334094166755676,2.991615295410156
Energy-force-only EquiformerV2 AD,20923,6687,11,0.0152434296905994,2.5929882526397705
Energy-force-only EquiformerV2 AD,23693,6688,12,0.0321213267743587,2.960958242416382
Energy-force-only EquiformerV2 AD,22073,6689,13,0.0292114242911338,2.832555294036865
Energy-force-only EquiformerV2 AD,37356,6690,16,0.0124808922410011,1.5826256275177002
Energy-force-only EquiformerV2 AD,15246,6691,16,0.014029043726623,1.3678624629974363
Energy-force-only EquiformerV2 AD,26617,6692,21,0.0033691974822431,1.1993995904922483
Energy-force-only EquiformerV2 AD,21510,6693,14,0.0075350953266024,2.3857321739196777
Energy-force-only EquiformerV2 AD,30523,6694,8,0.0197666361927986,3.67181396484375
Energy-force-only EquiformerV2 AD,3821,6695,16,0.0062070577405393,1.5402166843414309
Energy-force-only EquiformerV2 AD,44154,6696,12,0.0279887411743402,3.739270210266113
Energy-force-only EquiformerV2 AD,29739,6697,16,0.0079514188691973,1.0680701732635498
Energy-force-only EquiformerV2 AD,33715,6698,16,0.0203682854771614,1.9156280755996704
Energy-force-only EquiformerV2 AD,11702,6699,12,0.0078027010895311,3.509317398071289
Energy-force-only EquiformerV2 AD,42550,6700,14,0.008151926100254,2.3140037059783936
Energy-force-only EquiformerV2 AD,25340,6701,16,0.0088207796216011,2.162358045578003
Energy-force-only EquiformerV2 AD,29325,6702,17,0.0195712968707084,1.6073732376098633
Energy-force-only EquiformerV2 AD,32369,6703,11,0.0193044431507587,2.400542974472046
Energy-force-only EquiformerV2 AD,36519,6704,13,0.0065544936805963,2.270493507385254
Energy-force-only EquiformerV2 AD,37236,6705,13,0.0236722864210605,2.084213256835937
Energy-force-only EquiformerV2 AD,42373,6706,16,0.0747835040092468,0.9572651386260986
Energy-force-only EquiformerV2 AD,15132,6707,8,0.0534946992993354,2.4804670810699463
Energy-force-only EquiformerV2 AD,47698,6708,14,0.0430162400007247,2.5624682903289795
Energy-force-only EquiformerV2 AD,2465,6709,15,0.0045985137112438,2.08437728881836
Energy-force-only EquiformerV2 AD,33850,6710,14,0.0107861906290054,1.8092565536499023
Energy-force-only EquiformerV2 AD,3455,6711,5,0.2321919500827789,2.6183011531829834
Energy-force-only EquiformerV2 AD,31585,6712,11,0.0150466188788414,2.960897922515869
Energy-force-only EquiformerV2 AD,19677,6713,19,0.0075803315266966,1.6034752130508425
Energy-force-only EquiformerV2 AD,7605,6714,11,0.0328091271221637,3.1151747703552246
Energy-force-only EquiformerV2 AD,2621,6715,10,0.0697641596198082,2.526090621948242
Energy-force-only EquiformerV2 AD,33301,6716,19,0.0149712124839425,1.074707269668579
Energy-force-only EquiformerV2 AD,48117,6717,15,0.0467782765626907,0.9539802074432372
Energy-force-only EquiformerV2 AD,47695,6718,12,0.0224368311464786,2.628956079483032
Energy-force-only EquiformerV2 AD,5906,6719,12,0.0117874853312969,3.301442861557007
Energy-force-only EquiformerV2 AD,7107,6720,15,0.030656412243843,1.9436345100402832
Energy-force-only EquiformerV2 AD,21379,6721,14,0.016312900930643,2.2331159114837646
Energy-force-only EquiformerV2 AD,8497,6722,21,0.0095857139676809,1.309274673461914
Energy-force-only EquiformerV2 AD,44949,6723,12,0.0453892238438129,1.1476317644119265
Energy-force-only EquiformerV2 AD,21761,6724,13,0.0299573428928852,3.099123239517212
Energy-force-only EquiformerV2 AD,42652,6725,14,0.008044539950788,2.1251380443573
Energy-force-only EquiformerV2 AD,3267,6726,14,0.0219104997813701,1.860667705535889
Energy-force-only EquiformerV2 AD,20502,6727,17,0.0207655765116214,1.0532463788986206
Energy-force-only EquiformerV2 AD,13933,6728,17,0.0121435308828949,1.65185546875
Energy-force-only EquiformerV2 AD,40961,6729,10,0.0164546705782413,2.9909017086029053
Energy-force-only EquiformerV2 AD,42381,6730,10,0.0220883190631866,3.275630712509156
Energy-force-only EquiformerV2 AD,6631,6731,17,0.005720286630094,1.3453783988952637
Energy-force-only EquiformerV2 AD,11532,6732,11,0.0137131940573453,3.5073304176330566
Energy-force-only EquiformerV2 AD,26562,6733,11,0.0179782975465059,3.8666625022888175
Energy-force-only EquiformerV2 AD,16734,6734,13,0.0258969105780124,2.5583717823028564
Energy-force-only EquiformerV2 AD,50522,6735,17,0.012234148569405,1.2970714569091797
Energy-force-only EquiformerV2 AD,18359,6736,16,0.0495717823505401,1.0464444160461426
Energy-force-only EquiformerV2 AD,20013,6737,13,0.0256286542862653,1.6220109462738037
Energy-force-only EquiformerV2 AD,3008,6738,13,0.023682726547122,2.004655838012696
Energy-force-only EquiformerV2 AD,21620,6739,18,0.0093022407963871,1.5383743047714231
Energy-force-only EquiformerV2 AD,12040,6740,12,0.0132274394854903,3.3085923194885254
Energy-force-only EquiformerV2 AD,4848,6741,15,0.0078327096998691,1.992241621017456
Energy-force-only EquiformerV2 AD,6486,6742,18,0.0170914009213447,0.8677219748497009
Energy-force-only EquiformerV2 AD,13939,6743,13,0.0054454151540994,2.020444393157959
Energy-force-only EquiformerV2 AD,16249,6744,13,0.0094554582610726,2.3791213035583496
Energy-force-only EquiformerV2 AD,27475,6745,14,0.012058138847351,2.5752921104431152
Energy-force-only EquiformerV2 AD,11342,6746,9,0.0302712544798851,4.837398052215576
Energy-force-only EquiformerV2 AD,49734,6747,18,0.0059848218224942,1.2012033462524414
Energy-force-only EquiformerV2 AD,26218,6748,15,0.0061782826669514,1.958557605743408
Energy-force-only EquiformerV2 AD,34889,6749,10,0.0079199438914656,3.072824716567993
Energy-force-only EquiformerV2 AD,24111,6750,15,0.0051049995236098,1.938700556755066
Energy-force-only EquiformerV2 AD,31823,6751,13,0.018972398713231,1.915358066558838
Energy-force-only EquiformerV2 AD,47930,6752,15,0.0063316943123936,1.777219295501709
Energy-force-only EquiformerV2 AD,15972,6753,13,0.0068493629805743,1.9409390687942505
Energy-force-only EquiformerV2 AD,38587,6754,12,0.0521761178970336,2.757268190383911
Energy-force-only EquiformerV2 AD,44677,6755,18,0.0053009260445833,1.5252329111099243
Energy-force-only EquiformerV2 AD,19527,6756,11,0.0327737852931022,1.5164952278137207
Energy-force-only EquiformerV2 AD,24984,6757,16,0.0091003347188234,2.048642873764038
Energy-force-only EquiformerV2 AD,21100,6758,15,0.0103586744517087,1.742009162902832
Energy-force-only EquiformerV2 AD,48141,6759,12,0.0454251952469348,2.952188491821289
Energy-force-only EquiformerV2 AD,47579,6760,14,0.0060741384513676,2.221354961395264
Energy-force-only EquiformerV2 AD,33766,6761,12,0.1105968654155731,1.7300885915756226
Energy-force-only EquiformerV2 AD,9517,6762,10,0.0390080474317073,4.021238327026367
Energy-force-only EquiformerV2 AD,31957,6763,12,0.0187262054532766,2.14281964302063
Energy-force-only EquiformerV2 AD,8284,6764,10,0.0597154423594474,2.990497589111328
Energy-force-only EquiformerV2 AD,17611,6765,12,0.0101278852671384,3.4858789443969727
Energy-force-only EquiformerV2 AD,14294,6766,12,0.0106648402288556,3.1139028072357178
Energy-force-only EquiformerV2 AD,16011,6767,16,0.0469980090856552,0.7989548444747925
Energy-force-only EquiformerV2 AD,32457,6768,17,0.0478426180779933,0.7649282217025757
Energy-force-only EquiformerV2 AD,46440,6769,17,0.0059995502233505,1.5443848371505735
Energy-force-only EquiformerV2 AD,4806,6770,11,0.012431938201189,3.149228811264038
Energy-force-only EquiformerV2 AD,46677,6771,11,0.0261791050434112,2.6971206665039062
Energy-force-only EquiformerV2 AD,43774,6772,14,0.0131723089143633,1.3736430406570437
Energy-force-only EquiformerV2 AD,20026,6773,5,0.0662696361541748,9.100976943969728
Energy-force-only EquiformerV2 AD,5371,6774,11,0.0264648608863353,3.136669874191284
Energy-force-only EquiformerV2 AD,38667,6775,13,0.0409040227532386,2.197495937347412
Energy-force-only EquiformerV2 AD,7347,6776,19,0.0051166550256311,1.3482043743133545
Energy-force-only EquiformerV2 AD,18186,6777,19,0.0029019250068813,1.3514941930770874
Energy-force-only EquiformerV2 AD,24837,6778,15,0.0064933970570564,1.9932259321212769
Energy-force-only EquiformerV2 AD,3540,6779,15,0.0034368713386356,2.1578564643859863
Energy-force-only EquiformerV2 AD,43617,6780,18,0.0334893427789211,1.5023677349090576
Energy-force-only EquiformerV2 AD,32747,6781,14,0.0100245922803878,2.085712432861328
Energy-force-only EquiformerV2 AD,13791,6782,11,0.0683882534503936,3.2997496128082275
Energy-force-only EquiformerV2 AD,23481,6783,11,0.0180335845798254,3.1200613975524902
Energy-force-only EquiformerV2 AD,38990,6784,16,0.0106159513816237,1.9073759317398071
Energy-force-only EquiformerV2 AD,26073,6785,11,0.0168065335601568,3.141371965408325
Energy-force-only EquiformerV2 AD,40157,6786,12,0.0244736783206462,3.3908133506774902
Energy-force-only EquiformerV2 AD,26757,6787,16,0.0146995261311531,0.9442121982574464
Energy-force-only EquiformerV2 AD,246,6788,11,0.0084571661427617,2.2162914276123047
Energy-force-only EquiformerV2 AD,50637,6789,14,0.010328902862966,2.4266843795776367
Energy-force-only EquiformerV2 AD,35033,6790,10,0.0235114004462957,3.334523916244507
Energy-force-only EquiformerV2 AD,2977,6791,11,0.0146898217499256,3.4572877883911133
Energy-force-only EquiformerV2 AD,11325,6792,10,0.0095689706504344,1.704806923866272
Energy-force-only EquiformerV2 AD,46998,6793,13,0.0053212805651128,2.622957468032837
Energy-force-only EquiformerV2 AD,38779,6794,14,0.0046968851238489,2.0251150131225586
Energy-force-only EquiformerV2 AD,36957,6795,15,0.0215051062405109,1.8179404735565183
Energy-force-only EquiformerV2 AD,49766,6796,16,0.1436805129051208,1.823335647583008
Energy-force-only EquiformerV2 AD,36635,6797,13,0.0057212337851524,2.2881388664245605
Energy-force-only EquiformerV2 AD,216,6798,12,0.0058902855962514,3.126793384552002
Energy-force-only EquiformerV2 AD,50674,6799,15,0.0214440952986478,1.5979424715042114
Energy-force-only EquiformerV2 AD,28199,6800,18,0.0566168539226055,1.846279859542847
Energy-force-only EquiformerV2 AD,16303,6801,17,0.0129101136699318,1.354250431060791
Energy-force-only EquiformerV2 AD,23473,6802,14,0.0035332122351974,2.098287343978882
Energy-force-only EquiformerV2 AD,41093,6803,16,0.0068453093990683,1.5813785791397097
Energy-force-only EquiformerV2 AD,17255,6804,11,0.0156884063035249,3.7223987579345694
Energy-force-only EquiformerV2 AD,1451,6805,19,0.0034792257938534,1.3981629610061646
Energy-force-only EquiformerV2 AD,37152,6806,16,0.0120417568832635,1.1686862707138062
Energy-force-only EquiformerV2 AD,7159,6807,17,0.0124313933774828,1.4871145486831665
Energy-force-only EquiformerV2 AD,37254,6808,8,0.026439145207405,5.542572021484375
Energy-force-only EquiformerV2 AD,1848,6809,13,0.0179326236248016,1.987859487533569
Energy-force-only EquiformerV2 AD,11721,6810,13,0.0084193414077162,2.226891279220581
Energy-force-only EquiformerV2 AD,8176,6811,14,0.0149375908076763,2.2598915100097656
Energy-force-only EquiformerV2 AD,18533,6812,11,0.0141060939058661,3.0863966941833496
Energy-force-only EquiformerV2 AD,42636,6813,15,0.0124995457008481,2.235311985015869
Energy-force-only EquiformerV2 AD,5493,6814,15,0.0053181233815848,1.9004625082015991
Energy-force-only EquiformerV2 AD,35449,6815,11,0.0399336032569408,2.611036777496338
Energy-force-only EquiformerV2 AD,14682,6816,17,0.0081944102421402,1.7038275003433228
Energy-force-only EquiformerV2 AD,33853,6817,15,0.006986235268414,2.0673842430114746
Energy-force-only EquiformerV2 AD,25968,6818,14,0.0180964563041925,2.4818034172058105
Energy-force-only EquiformerV2 AD,25398,6819,15,0.0180335044860839,1.538463830947876
Energy-force-only EquiformerV2 AD,38200,6820,12,0.0107924090698361,3.621094942092896
Energy-force-only EquiformerV2 AD,45243,6821,11,0.0083008259534835,3.515941619873047
Energy-force-only EquiformerV2 AD,15828,6822,12,0.007109441794455,2.8847484588623047
Energy-force-only EquiformerV2 AD,41785,6823,17,0.0115008233115077,1.732591152191162
Energy-force-only EquiformerV2 AD,9515,6824,16,0.0118971830233931,0.6928970813751221
Energy-force-only EquiformerV2 AD,46751,6825,16,0.0141716105863451,1.7441046237945557
Energy-force-only EquiformerV2 AD,47254,6826,10,0.006285039242357,3.477424144744873
Energy-force-only EquiformerV2 AD,42293,6827,13,0.0061270501464605,2.0404915809631348
Energy-force-only EquiformerV2 AD,13390,6828,11,0.0215429030358791,2.4058518409729004
Energy-force-only EquiformerV2 AD,27972,6829,12,0.0111805954948067,2.454470157623291
Energy-force-only EquiformerV2 AD,48920,6830,14,0.0136261470615863,2.010316848754883
Energy-force-only EquiformerV2 AD,40308,6831,14,0.0294403005391359,2.7063863277435303
Energy-force-only EquiformerV2 AD,43830,6832,15,0.0250004213303327,2.556538820266724
Energy-force-only EquiformerV2 AD,40656,6833,11,0.0067834258079528,3.1921064853668213
Energy-force-only EquiformerV2 AD,37783,6834,12,0.0885442718863487,2.099585771560669
Energy-force-only EquiformerV2 AD,13827,6835,15,0.0506573170423507,0.968229353427887
Energy-force-only EquiformerV2 AD,465,6836,15,0.0160629674792289,2.1504569053649902
Energy-force-only EquiformerV2 AD,27402,6837,10,0.0128771625459194,3.078046560287476
Energy-force-only EquiformerV2 AD,34265,6838,16,0.0059010870754718,1.2657462358474731
Energy-force-only EquiformerV2 AD,44232,6839,15,0.0099476939067244,2.5267858505249023
Energy-force-only EquiformerV2 AD,49209,6840,14,0.0084283081814646,2.576180934906006
Energy-force-only EquiformerV2 AD,15650,6841,14,0.0076953629031777,2.0182485580444336
Energy-force-only EquiformerV2 AD,33223,6842,9,0.0149648496881127,3.0196340084075928
Energy-force-only EquiformerV2 AD,33579,6843,15,0.0267038308084011,2.5664381980896
Energy-force-only EquiformerV2 AD,31707,6844,12,0.0088123427703976,1.638157606124878
Energy-force-only EquiformerV2 AD,40878,6845,18,0.0047983042895793,1.1864579916000366
Energy-force-only EquiformerV2 AD,7983,6846,11,0.0191295724362134,2.224876165390014
Energy-force-only EquiformerV2 AD,37809,6847,18,0.0055334796197712,1.526048183441162
Energy-force-only EquiformerV2 AD,11154,6848,17,0.0040518157184123,1.693951964378357
Energy-force-only EquiformerV2 AD,47271,6849,13,0.0070310137234628,2.9136362075805664
Energy-force-only EquiformerV2 AD,50514,6850,13,0.0342186875641346,1.7344202995300293
Energy-force-only EquiformerV2 AD,48091,6851,14,0.0218975711613893,2.270843982696533
Energy-force-only EquiformerV2 AD,35462,6852,10,0.0149305779486894,3.326201677322388
Energy-force-only EquiformerV2 AD,7755,6853,17,0.0129570895805954,1.394528031349182
Energy-force-only EquiformerV2 AD,17605,6854,14,0.0079797767102718,2.304931402206421
Energy-force-only EquiformerV2 AD,25714,6855,15,0.0091078411787748,2.296647787094116
Energy-force-only EquiformerV2 AD,44212,6856,13,0.0236063059419393,1.7263901233673096
Energy-force-only EquiformerV2 AD,37033,6857,15,0.0425780303776264,1.868886947631836
Energy-force-only EquiformerV2 AD,42295,6858,12,0.0107895629480481,2.184953451156616
Energy-force-only EquiformerV2 AD,49714,6859,10,0.0115129286423325,3.758061647415161
Energy-force-only EquiformerV2 AD,45412,6860,10,0.0099054677411913,3.331166982650757
Energy-force-only EquiformerV2 AD,48817,6861,15,0.0455613583326339,2.368999719619751
Energy-force-only EquiformerV2 AD,34806,6862,12,0.0215517673641443,3.0611701011657715
Energy-force-only EquiformerV2 AD,24376,6863,14,0.0061260974034667,1.886518836021424
Energy-force-only EquiformerV2 AD,57,6864,12,0.0094208158552646,2.938138246536255
Energy-force-only EquiformerV2 AD,2954,6865,14,0.010420479811728,2.0922980308532715
Energy-force-only EquiformerV2 AD,2170,6866,12,0.0037329504266381,3.056525468826294
Energy-force-only EquiformerV2 AD,6339,6867,14,0.0226681642234325,1.8883020877838133
Energy-force-only EquiformerV2 AD,39965,6868,15,0.0141959842294454,1.4566400051116943
Energy-force-only EquiformerV2 AD,40801,6869,10,0.0072317076846957,4.042937755584717
Energy-force-only EquiformerV2 AD,23424,6870,11,0.0173783749341964,3.891197919845581
Energy-force-only EquiformerV2 AD,48951,6871,17,0.0184871237725019,0.7034949064254761
Energy-force-only EquiformerV2 AD,25439,6872,12,0.0092218853533267,3.0846097469329834
Energy-force-only EquiformerV2 AD,37229,6873,8,0.0889224633574485,1.9234426021575928
Energy-force-only EquiformerV2 AD,15156,6874,15,0.0095319263637065,1.6750048398971558
Energy-force-only EquiformerV2 AD,44438,6875,12,0.0218531694263219,2.674753189086914
Energy-force-only EquiformerV2 AD,28019,6876,13,0.0328510664403438,1.6475830078125
Energy-force-only EquiformerV2 AD,29906,6877,11,0.0223698727786541,2.948174476623535
Energy-force-only EquiformerV2 AD,12775,6878,15,0.0143929244950413,1.4184116125106812
Energy-force-only EquiformerV2 AD,36998,6879,15,0.0168425254523754,1.8586881160736084
Energy-force-only EquiformerV2 AD,37306,6880,12,0.0249784048646688,1.179070234298706
Energy-force-only EquiformerV2 AD,8179,6881,10,0.0351946353912353,3.407531499862671
Energy-force-only EquiformerV2 AD,1915,6882,16,0.0204551704227924,3.237934112548828
Energy-force-only EquiformerV2 AD,45399,6883,19,0.0047957869246602,1.22273588180542
Energy-force-only EquiformerV2 AD,15238,6884,12,0.0212662164121866,2.4039223194122314
Energy-force-only EquiformerV2 AD,7452,6885,12,0.0086815478280186,2.8096187114715576
Energy-force-only EquiformerV2 AD,19662,6886,15,0.0067277830094099,1.940419554710388
Energy-force-only EquiformerV2 AD,33817,6887,11,0.0426255129277706,2.604085683822632
Energy-force-only EquiformerV2 AD,34271,6888,10,0.035788245499134,3.274289131164551
Energy-force-only EquiformerV2 AD,31750,6889,14,0.0532191321253776,2.859243869781494
Energy-force-only EquiformerV2 AD,41913,6890,16,0.0114218099042773,1.6191105842590332
Energy-force-only EquiformerV2 AD,50774,6891,13,0.0209831651300191,1.4234905242919922
Energy-force-only EquiformerV2 AD,48060,6892,13,0.0301513038575649,2.2246339321136475
Energy-force-only EquiformerV2 AD,7872,6893,15,0.0062107644043862,1.6549667119979858
Energy-force-only EquiformerV2 AD,24789,6894,14,0.0848022773861885,2.775653123855591
Energy-force-only EquiformerV2 AD,47793,6895,15,0.0047512133605778,2.2407052516937256
Energy-force-only EquiformerV2 AD,24392,6896,11,0.0217238962650299,1.559432029724121
Energy-force-only EquiformerV2 AD,33158,6897,15,0.0207574684172868,1.956229567527771
Energy-force-only EquiformerV2 AD,44282,6898,12,0.0080694602802395,3.128154754638672
Energy-force-only EquiformerV2 AD,15200,6899,19,0.0095172692090272,1.568315863609314
Energy-force-only EquiformerV2 AD,25894,6900,15,0.0163697432726621,1.9064255952835083
Energy-force-only EquiformerV2 AD,32489,6901,15,0.0277148801833391,1.831221103668213
Energy-force-only EquiformerV2 AD,41339,6902,12,0.0074651259928941,2.7133774757385254
Energy-force-only EquiformerV2 AD,6144,6903,12,0.0220880787819623,2.0049757957458496
Energy-force-only EquiformerV2 AD,612,6904,11,0.0096004912629723,3.436100959777832
Energy-force-only EquiformerV2 AD,32133,6905,14,0.0161743070930242,1.539819598197937
Energy-force-only EquiformerV2 AD,49627,6906,10,0.2173669338226318,4.144441604614258
Energy-force-only EquiformerV2 AD,6923,6907,10,0.0132422996684908,2.877436876296997
Energy-force-only EquiformerV2 AD,14706,6908,16,0.0052058603614568,1.9002751111984253
Energy-force-only EquiformerV2 AD,12229,6909,19,0.0042929779738187,1.3774207830429075
Energy-force-only EquiformerV2 AD,39650,6910,11,0.0093824574723839,3.1922824382781982
Energy-force-only EquiformerV2 AD,32396,6911,13,0.0122679928317666,1.8113301992416384
Energy-force-only EquiformerV2 AD,12728,6912,14,0.0138841234147548,1.6960488557815552
Energy-force-only EquiformerV2 AD,32272,6913,16,0.0098851006478071,1.4110313653945925
Energy-force-only EquiformerV2 AD,35206,6914,16,0.0090463412925601,1.6945921182632446
Energy-force-only EquiformerV2 AD,24696,6915,14,0.0476808659732341,2.213905096054077
Energy-force-only EquiformerV2 AD,49922,6916,14,0.0063518593087792,1.9972928762435915
Energy-force-only EquiformerV2 AD,14494,6917,13,0.0099777113646268,2.320264339447021
Energy-force-only EquiformerV2 AD,15258,6918,14,0.0116051994264125,1.8631054162979128
Energy-force-only EquiformerV2 AD,10335,6919,16,0.010580338537693,2.006497383117676
Energy-force-only EquiformerV2 AD,14553,6920,16,0.0069284243509173,1.5079606771469116
Energy-force-only EquiformerV2 AD,32913,6921,19,0.0123490365222096,1.2771834135055542
Energy-force-only EquiformerV2 AD,44392,6922,10,0.020311065018177,2.8694233894348145
Energy-force-only EquiformerV2 AD,36054,6923,14,0.0217088684439659,1.7707862854003906
Energy-force-only EquiformerV2 AD,8955,6924,12,0.0105111366137862,2.7216830253601074
Energy-force-only EquiformerV2 AD,31240,6925,12,0.0428941249847412,2.6911842823028564
Energy-force-only EquiformerV2 AD,43761,6926,13,0.0085456818342208,2.253190755844116
Energy-force-only EquiformerV2 AD,17444,6927,19,0.0069678099825978,1.1078006029129028
Energy-force-only EquiformerV2 AD,48494,6928,16,0.0038789920508861,1.5944591760635376
Energy-force-only EquiformerV2 AD,193,6929,17,0.0169905703514814,1.7099854946136477
Energy-force-only EquiformerV2 AD,27499,6930,15,0.0192590579390525,0.851990282535553
Energy-force-only EquiformerV2 AD,21907,6931,13,0.0175251625478267,2.0334601402282715
Energy-force-only EquiformerV2 AD,2961,6932,14,0.0607730373740196,2.903416633605957
Energy-force-only EquiformerV2 AD,26381,6933,11,0.0047724801115691,2.4901065826416016
Energy-force-only EquiformerV2 AD,35186,6934,12,0.0424234829843044,3.346513271331787
Energy-force-only EquiformerV2 AD,32550,6935,13,0.0029198587872087,2.4417107105255127
Energy-force-only EquiformerV2 AD,10784,6936,18,0.0176945757120847,2.007580280303955
Energy-force-only EquiformerV2 AD,43959,6937,19,0.0090693468227982,1.0785272121429443
Energy-force-only EquiformerV2 AD,13681,6938,13,0.0133282225579023,2.1155710220336914
Energy-force-only EquiformerV2 AD,34212,6939,14,0.0118097094818949,1.7038153409957886
Energy-force-only EquiformerV2 AD,45231,6940,5,0.024053506553173,7.133048534393311
Energy-force-only EquiformerV2 AD,3470,6941,15,0.0041420850902795,1.905089974403381
Energy-force-only EquiformerV2 AD,16645,6942,5,0.0465472228825092,4.892765998840332
Energy-force-only EquiformerV2 AD,29789,6943,19,0.003236538497731,1.3225053548812866
Energy-force-only EquiformerV2 AD,46362,6944,12,0.08266282081604,2.7319769859313965
Energy-force-only EquiformerV2 AD,37103,6945,11,0.0110704889521002,3.900895357131958
Energy-force-only EquiformerV2 AD,30116,6946,15,0.0060152411460876,1.818554401397705
Energy-force-only EquiformerV2 AD,8942,6947,12,0.0132062435150146,2.575664520263672
Energy-force-only EquiformerV2 AD,31983,6948,16,0.0239280872046947,1.0289005041122437
Energy-force-only EquiformerV2 AD,34431,6949,15,0.0049967509694397,1.441506028175354
Energy-force-only EquiformerV2 AD,48277,6950,15,0.0144854299724102,1.610814094543457
Energy-force-only EquiformerV2 AD,23618,6951,15,0.004068611189723,1.9066962003707888
Energy-force-only EquiformerV2 AD,4991,6952,16,0.0207137130200862,1.617473602294922
Energy-force-only EquiformerV2 AD,14679,6953,15,0.0099875265732407,1.1829280853271484
Energy-force-only EquiformerV2 AD,19522,6954,15,0.0473976694047451,1.2475663423538208
Energy-force-only EquiformerV2 AD,2650,6955,13,0.0079645747318863,2.984716415405273
Energy-force-only EquiformerV2 AD,13875,6956,12,0.0275193583220243,2.04815673828125
Energy-force-only EquiformerV2 AD,49738,6957,17,0.007359982933849,1.806859850883484
Energy-force-only EquiformerV2 AD,19073,6958,15,0.014425185509026,1.0825670957565308
Energy-force-only EquiformerV2 AD,31737,6959,10,0.0243589114397764,5.152858257293701
Energy-force-only EquiformerV2 AD,1549,6960,13,0.0269327834248542,2.0754992961883545
Energy-force-only EquiformerV2 AD,43552,6961,12,0.0173690486699342,1.8865790367126465
Energy-force-only EquiformerV2 AD,13470,6962,13,0.0349056906998157,0.9688885807991028
Energy-force-only EquiformerV2 AD,31602,6963,15,0.0059468303807079,1.675055742263794
Energy-force-only EquiformerV2 AD,48241,6964,12,0.0074728322215378,2.893819570541382
Energy-force-only EquiformerV2 AD,43174,6965,14,0.0068803401663899,2.0674972534179688
Energy-force-only EquiformerV2 AD,30683,6966,19,0.0051062954589724,1.1616166830062866
Energy-force-only EquiformerV2 AD,40031,6967,17,0.0032526345457881,1.501439094543457
Energy-force-only EquiformerV2 AD,43189,6968,15,0.0888242423534393,2.362966775894165
Energy-force-only EquiformerV2 AD,33977,6969,17,0.0079314429312944,1.517342209815979
Energy-force-only EquiformerV2 AD,8571,6970,12,0.0293552950024604,3.081827402114868
Energy-force-only EquiformerV2 AD,11579,6971,6,0.0879042223095893,7.810854434967041
Energy-force-only EquiformerV2 AD,20259,6972,15,0.0121754119172692,2.3256723880767822
Energy-force-only EquiformerV2 AD,35735,6973,13,0.010974146425724,2.1234660148620605
Energy-force-only EquiformerV2 AD,45109,6974,13,0.0324625335633754,2.014028549194336
Energy-force-only EquiformerV2 AD,31319,6975,12,0.0114754727110266,2.115184545516968
Energy-force-only EquiformerV2 AD,47539,6976,12,0.1205494701862335,3.061891794204712
Energy-force-only EquiformerV2 AD,35122,6977,14,0.0047724316827952,1.897685408592224
Energy-force-only EquiformerV2 AD,15743,6978,10,0.055155299603939,3.639827013015747
Energy-force-only EquiformerV2 AD,45087,6979,16,0.0327345207333564,1.5612716674804688
Energy-force-only EquiformerV2 AD,18593,6980,7,0.0239075534045696,3.883880853652954
Energy-force-only EquiformerV2 AD,32689,6981,16,0.0141158141195774,1.5395301580429075
Energy-force-only EquiformerV2 AD,27057,6982,14,0.0076509998179972,2.041646957397461
Energy-force-only EquiformerV2 AD,46212,6983,14,0.0204041358083486,2.0000669956207275
Energy-force-only EquiformerV2 AD,42763,6984,10,0.0363577529788017,3.377809524536133
Energy-force-only EquiformerV2 AD,49872,6985,15,0.0075864484533667,1.963117003440857
Energy-force-only EquiformerV2 AD,46845,6986,13,0.0060012359172105,2.797559976577759
Energy-force-only EquiformerV2 AD,10385,6987,15,0.0176863521337509,2.403583526611328
Energy-force-only EquiformerV2 AD,31529,6988,13,0.0247692726552486,1.8004359006881714
Energy-force-only EquiformerV2 AD,36724,6989,19,0.0126206120476126,0.6925939321517944
Energy-force-only EquiformerV2 AD,33090,6990,8,0.0226262714713811,4.012978553771973
Energy-force-only EquiformerV2 AD,23434,6991,16,0.0050131026655435,1.4322457313537598
Energy-force-only EquiformerV2 AD,47544,6992,14,0.0065233893692493,1.8734122514724727
Energy-force-only EquiformerV2 AD,16311,6993,13,0.0113750789314508,2.4829089641571045
Energy-force-only EquiformerV2 AD,2506,6994,16,0.0224678497761487,1.564031720161438
Energy-force-only EquiformerV2 AD,3115,6995,13,0.0155285242944955,2.209850549697876
Energy-force-only EquiformerV2 AD,27539,6996,16,0.0086710629984736,2.148798704147339
Energy-force-only EquiformerV2 AD,40862,6997,16,0.0235795974731445,1.3362339735031128
Energy-force-only EquiformerV2 AD,12104,6998,17,0.0048377546481788,1.744202971458435
Energy-force-only EquiformerV2 AD,32052,6999,12,0.012605776078999,2.5906519889831543
Energy-force-only EquiformerV2 AD,3137,7000,14,0.0431446358561515,2.4666988849639893
Energy-force-only EquiformerV2 AD,48155,7001,10,0.1017121449112892,2.242199659347534
Energy-force-only EquiformerV2 AD,24460,7002,13,0.0298407636582851,2.301942586898804
Energy-force-only EquiformerV2 AD,27640,7003,17,0.0170601718127727,1.756858229637146
Energy-force-only EquiformerV2 AD,3437,7004,18,0.022454161196947,1.4136812686920166
Energy-force-only EquiformerV2 AD,26831,7005,13,0.0085594961419701,2.60817813873291
Energy-force-only EquiformerV2 AD,40171,7006,10,0.0477156825363636,2.73323392868042
Energy-force-only EquiformerV2 AD,8070,7007,12,0.0167293883860111,2.5699357986450195
Energy-force-only EquiformerV2 AD,15249,7008,12,0.0240176133811473,2.388129472732544
Energy-force-only EquiformerV2 AD,13746,7009,16,0.0047892197035253,1.7713031768798828
Energy-force-only EquiformerV2 AD,47780,7010,13,0.0252289157360792,2.9216959476470947
Energy-force-only EquiformerV2 AD,37873,7011,13,0.0203440468758344,2.395224332809448
Energy-force-only EquiformerV2 AD,45034,7012,13,0.0134056564420461,2.5953924655914307
Energy-force-only EquiformerV2 AD,30075,7013,12,0.0208950787782669,2.5696938037872314
Energy-force-only EquiformerV2 AD,49881,7014,21,0.0070973308756947,0.9651979804039
Energy-force-only EquiformerV2 AD,45876,7015,16,0.0195669420063495,1.6867786645889282
Energy-force-only EquiformerV2 AD,3192,7016,13,0.1333314180374145,2.2311758995056152
Energy-force-only EquiformerV2 AD,48094,7017,14,0.0114208748564124,2.1167166233062744
Energy-force-only EquiformerV2 AD,35363,7018,14,0.0237650964409112,1.4509116411209106
Energy-force-only EquiformerV2 AD,14078,7019,15,0.0080683706328272,2.323699474334717
Energy-force-only EquiformerV2 AD,50591,7020,15,0.0095487050712108,1.8962442874908447
Energy-force-only EquiformerV2 AD,264,7021,13,0.0113482205197215,1.541508674621582
Energy-force-only EquiformerV2 AD,17956,7022,15,0.0217002537101507,2.213500738143921
Energy-force-only EquiformerV2 AD,34950,7023,14,0.0128281917423009,1.7869415283203125
Energy-force-only EquiformerV2 AD,13354,7024,14,0.0048457654193043,1.7690635919570925
Energy-force-only EquiformerV2 AD,1454,7025,15,0.0133488979190588,1.286960244178772
Energy-force-only EquiformerV2 AD,25430,7026,13,0.0141980042681097,2.654433488845825
Energy-force-only EquiformerV2 AD,1743,7027,18,0.0092696016654372,1.2892951965332031
Energy-force-only EquiformerV2 AD,11019,7028,16,0.0102812899276614,2.0575973987579346
Energy-force-only EquiformerV2 AD,44713,7029,21,0.0228111986070871,1.367642521858215
Energy-force-only EquiformerV2 AD,14999,7030,12,0.0119045497849583,3.376752614974976
Energy-force-only EquiformerV2 AD,10457,7031,14,0.0136293089017272,2.8853888511657715
Energy-force-only EquiformerV2 AD,44018,7032,16,0.0359310582280159,1.52395761013031
Energy-force-only EquiformerV2 AD,1911,7033,14,0.0122749591246247,1.9721215963363647
Energy-force-only EquiformerV2 AD,6570,7034,14,0.0042108697816729,2.5105581283569336
Energy-force-only EquiformerV2 AD,28556,7035,16,0.0084202568978071,2.334862232208252
Energy-force-only EquiformerV2 AD,20653,7036,13,0.0347208827733993,1.0004562139511108
Energy-force-only EquiformerV2 AD,17738,7037,12,0.008070689626038,2.965021848678589
Energy-force-only EquiformerV2 AD,491,7038,16,0.0228695254772901,1.562158465385437
Energy-force-only EquiformerV2 AD,127,7039,14,0.017660329118371,1.4719265699386597
Energy-force-only EquiformerV2 AD,17381,7040,15,0.0136939212679862,2.0798611640930176
Energy-force-only EquiformerV2 AD,44008,7041,10,0.0136384759098291,2.574225664138794
Energy-force-only EquiformerV2 AD,46595,7042,16,0.080417588353157,1.8608975410461424
Energy-force-only EquiformerV2 AD,47358,7043,8,0.0274830609560012,4.200338840484619
Energy-force-only EquiformerV2 AD,43545,7044,16,0.0091887693852186,1.398175597190857
Energy-force-only EquiformerV2 AD,47590,7045,15,0.0175600163638591,0.9142169952392578
Energy-force-only EquiformerV2 AD,16923,7046,12,0.0653764978051185,3.2260990142822266
Energy-force-only EquiformerV2 AD,23113,7047,14,0.0107891205698251,2.025461196899414
Energy-force-only EquiformerV2 AD,1194,7048,15,0.0854454934597015,1.4989525079727173
Energy-force-only EquiformerV2 AD,23106,7049,15,0.0129491994157433,1.7044752836227417
Energy-force-only EquiformerV2 AD,34024,7050,11,0.0281587094068527,1.906461358070373
Energy-force-only EquiformerV2 AD,38895,7051,13,0.0380533188581466,3.050678014755249
Energy-force-only EquiformerV2 AD,50526,7052,17,0.0182322673499584,1.3659179210662842
Energy-force-only EquiformerV2 AD,23902,7053,13,0.0131817869842052,1.2981746196746826
Energy-force-only EquiformerV2 AD,14683,7054,14,0.00876409932971,2.5102434158325195
Energy-force-only EquiformerV2 AD,49064,7055,16,0.0136590022593736,2.090588092803955
Energy-force-only EquiformerV2 AD,22579,7056,8,0.0202452130615711,3.9924747943878174
Energy-force-only EquiformerV2 AD,21392,7057,19,0.0044535044580698,1.3267719745635986
Energy-force-only EquiformerV2 AD,12749,7058,14,0.0141631141304969,1.875691533088684
Energy-force-only EquiformerV2 AD,4920,7059,9,0.0780836641788482,1.870172142982483
Energy-force-only EquiformerV2 AD,24699,7060,14,0.004222750198096,2.506565809249878
Energy-force-only EquiformerV2 AD,8928,7061,15,0.0183545518666505,1.5368897914886477
Energy-force-only EquiformerV2 AD,38035,7062,15,0.0202574618160724,1.6009992361068726
Energy-force-only EquiformerV2 AD,4944,7063,11,0.0176029987633228,2.629619598388672
Energy-force-only EquiformerV2 AD,34285,7064,15,0.0123270014300942,2.146103382110596
Energy-force-only EquiformerV2 AD,2575,7065,10,0.0740879401564598,4.017517566680908
Energy-force-only EquiformerV2 AD,45227,7066,16,0.0179612226784229,1.8385690450668333
Energy-force-only EquiformerV2 AD,27332,7067,14,0.0188725683838129,2.147707939147949
Energy-force-only EquiformerV2 AD,38393,7068,14,0.0120067130774259,2.132740497589112
Energy-force-only EquiformerV2 AD,24241,7069,15,0.0229170378297567,2.095043897628784
Energy-force-only EquiformerV2 AD,37439,7070,17,0.0107166022062301,1.3108570575714111
Energy-force-only EquiformerV2 AD,9121,7071,13,0.011127938516438,1.7592735290527344
Energy-force-only EquiformerV2 AD,5462,7072,21,0.0072141988202929,0.8233852386474609
Energy-force-only EquiformerV2 AD,6712,7073,13,0.0095724537968635,1.7837533950805664
Energy-force-only EquiformerV2 AD,5131,7074,9,0.0216736905276775,5.216014385223389
Energy-force-only EquiformerV2 AD,2904,7075,16,0.0230876710265874,1.1583322286605835
Energy-force-only EquiformerV2 AD,18424,7076,9,0.0410208702087402,3.9096314907073975
Energy-force-only EquiformerV2 AD,8764,7077,14,0.0269771143794059,2.392529487609864
Energy-force-only EquiformerV2 AD,41555,7078,13,0.0179143697023391,1.8307141065597528
Energy-force-only EquiformerV2 AD,17602,7079,14,0.0139179686084389,1.3362746238708496
Energy-force-only EquiformerV2 AD,50788,7080,14,0.0468730591237545,2.7703654766082764
Energy-force-only EquiformerV2 AD,23949,7081,16,0.0039970213547348,2.1433534622192383
Energy-force-only EquiformerV2 AD,34351,7082,11,0.0139780389145016,3.0040555000305176
Energy-force-only EquiformerV2 AD,27952,7083,14,0.0134953204542398,1.2341132164001465
Energy-force-only EquiformerV2 AD,1278,7084,14,0.0096247969195246,2.314021348953247
Energy-force-only EquiformerV2 AD,34561,7085,15,0.0133877098560333,2.188011646270752
Energy-force-only EquiformerV2 AD,31515,7086,15,0.0069584012962877,1.7794461250305176
Energy-force-only EquiformerV2 AD,3911,7087,13,0.0880125388503074,1.6592326164245603
Energy-force-only EquiformerV2 AD,29646,7088,13,0.0168360937386751,1.1150394678115845
Energy-force-only EquiformerV2 AD,42048,7089,13,0.0058731324970722,2.6359784603118896
Energy-force-only EquiformerV2 AD,39178,7090,11,0.0139055307954549,2.3837432861328125
Energy-force-only EquiformerV2 AD,5201,7091,12,0.0069837537594139,2.0675151348114014
Energy-force-only EquiformerV2 AD,49122,7092,14,0.0041190986521542,2.099621534347534
Energy-force-only EquiformerV2 AD,39119,7093,16,0.0042231502011418,1.8762699365615845
Energy-force-only EquiformerV2 AD,25661,7094,11,0.0586415156722068,1.1611369848251345
Energy-force-only EquiformerV2 AD,16045,7095,16,0.0081689143553376,1.1493113040924072
Energy-force-only EquiformerV2 AD,10886,7096,10,0.0151659548282623,3.481362819671631
Energy-force-only EquiformerV2 AD,32282,7097,8,0.0109931845217943,3.995744466781616
Energy-force-only EquiformerV2 AD,17615,7098,17,0.0442620366811752,1.4156789779663086
Energy-force-only EquiformerV2 AD,155,7099,17,0.0045522921718657,1.632230520248413
Energy-force-only EquiformerV2 AD,46363,7100,8,0.0389899313449859,1.9653244018554688
Energy-force-only EquiformerV2 AD,15789,7101,10,0.0631444677710533,1.7988805770874023
Energy-force-only EquiformerV2 AD,25590,7102,13,0.044830996543169,1.5463011264801023
Energy-force-only EquiformerV2 AD,1390,7103,12,0.0074653839692473,2.6037518978118896
Energy-force-only EquiformerV2 AD,35861,7104,15,0.0125456666573882,2.311774253845215
Energy-force-only EquiformerV2 AD,50312,7105,17,0.0124209681525826,1.5367510318756104
Energy-force-only EquiformerV2 AD,40115,7106,14,0.0327256582677364,2.293037176132202
Energy-force-only EquiformerV2 AD,43363,7107,10,0.0182159468531608,1.669187068939209
Energy-force-only EquiformerV2 AD,43857,7108,15,0.0137741286307573,2.597614288330078
Energy-force-only EquiformerV2 AD,20117,7109,19,0.0090430537238717,1.450959086418152
Energy-force-only EquiformerV2 AD,40680,7110,16,0.0068196891807019,1.3848551511764526
Energy-force-only EquiformerV2 AD,27438,7111,14,0.0226048044860363,2.986769914627075
Energy-force-only EquiformerV2 AD,6181,7112,17,0.0057721245102584,1.3934667110443115
Energy-force-only EquiformerV2 AD,8233,7113,12,0.0145402820780873,2.5330188274383545
Energy-force-only EquiformerV2 AD,47799,7114,14,0.0143677350133657,1.949126362800598
Energy-force-only EquiformerV2 AD,26245,7115,15,0.0082379952073097,2.1780683994293213
Energy-force-only EquiformerV2 AD,41820,7116,16,0.0077955434098839,1.3166838884353638
Energy-force-only EquiformerV2 AD,23034,7117,16,0.0080935060977935,1.6364293098449707
Energy-force-only EquiformerV2 AD,26512,7118,12,0.0073388335295021,2.302754163742065
Energy-force-only EquiformerV2 AD,16575,7119,13,0.0795269981026649,1.8406455516815183
Energy-force-only EquiformerV2 AD,34138,7120,16,0.0155988130718469,1.793439865112305
Energy-force-only EquiformerV2 AD,46856,7121,16,0.0169313941150903,1.8029035329818728
Energy-force-only EquiformerV2 AD,25760,7122,19,0.0534636825323104,1.076799750328064
Energy-force-only EquiformerV2 AD,4238,7123,13,0.0170895420014858,2.0451810359954834
Energy-force-only EquiformerV2 AD,28053,7124,10,0.0364689119160175,4.683343410491943
Energy-force-only EquiformerV2 AD,42496,7125,13,0.009914644062519,1.854421854019165
Energy-force-only EquiformerV2 AD,8943,7126,14,0.0069660325534641,1.7269718647003174
Energy-force-only EquiformerV2 AD,24610,7127,9,0.01599882543087,2.9870705604553223
Energy-force-only EquiformerV2 AD,30180,7128,12,0.0105075733736157,2.421748161315918
Energy-force-only EquiformerV2 AD,37336,7129,14,0.0359928831458091,1.5018988847732544
Energy-force-only EquiformerV2 AD,48870,7130,12,0.0051674162968993,2.7818753719329834
Energy-force-only EquiformerV2 AD,15359,7131,12,0.0119517380371689,2.2198214530944824
Energy-force-only EquiformerV2 AD,4202,7132,14,0.0125193474814295,2.6251938343048096
Energy-force-only EquiformerV2 AD,33912,7133,14,0.0261450074613094,2.5325422286987305
Energy-force-only EquiformerV2 AD,6381,7134,19,0.0053452844731509,1.198588252067566
Energy-force-only EquiformerV2 AD,22324,7135,17,0.0150305600836873,1.378832221031189
Energy-force-only EquiformerV2 AD,40343,7136,16,0.0377970114350318,1.1716575622558594
Energy-force-only EquiformerV2 AD,19578,7137,12,0.032488964498043,3.071775197982788
Energy-force-only EquiformerV2 AD,1524,7138,12,0.0369594171643257,2.53995943069458
Energy-force-only EquiformerV2 AD,18096,7139,16,0.0086082946509122,1.8087509870529173
Energy-force-only EquiformerV2 AD,42266,7140,17,0.0093527482822537,1.5465528964996338
Energy-force-only EquiformerV2 AD,35205,7141,15,0.0143184643238782,1.887147665023804
Energy-force-only EquiformerV2 AD,10140,7142,16,0.0653788894414901,1.7080758810043335
Energy-force-only EquiformerV2 AD,25075,7143,17,0.0093164425343275,1.2144097089767456
Energy-force-only EquiformerV2 AD,22254,7144,13,0.0128747345879673,2.304370641708374
Energy-force-only EquiformerV2 AD,45607,7145,15,0.0053502516821026,1.9107738733291624
Energy-force-only EquiformerV2 AD,36886,7146,15,0.023971801623702,1.3138015270233154
Energy-force-only EquiformerV2 AD,25459,7147,5,0.1100927889347076,6.662107467651367
Energy-force-only EquiformerV2 AD,34804,7148,15,0.0198727790266275,2.3943355083465576
Energy-force-only EquiformerV2 AD,42169,7149,10,0.03016366250813,2.8147966861724854
Energy-force-only EquiformerV2 AD,47891,7150,15,0.0215892251580953,2.548274040222168
Energy-force-only EquiformerV2 AD,24561,7151,17,0.0057716905139386,1.543926239013672
Energy-force-only EquiformerV2 AD,9950,7152,13,0.0036832385230809,2.6907496452331543
Energy-force-only EquiformerV2 AD,7007,7153,11,0.0085461754351854,3.003953218460083
Energy-force-only EquiformerV2 AD,49889,7154,14,0.0080953137949109,2.2010421752929688
Energy-force-only EquiformerV2 AD,46918,7155,19,0.0046716583892703,1.1867297887802124
Energy-force-only EquiformerV2 AD,40851,7156,15,0.0176293160766363,2.2378978729248047
Energy-force-only EquiformerV2 AD,17887,7157,13,0.0073990393429994,3.1448283195495605
Energy-force-only EquiformerV2 AD,36984,7158,16,0.0101147247478365,1.7014505863189695
Energy-force-only EquiformerV2 AD,49759,7159,15,0.0322370193898677,1.73224937915802
Energy-force-only EquiformerV2 AD,44735,7160,10,0.0677620321512222,2.8011865615844727
Energy-force-only EquiformerV2 AD,31172,7161,16,0.0138386143371462,1.131061553955078
Energy-force-only EquiformerV2 AD,40010,7162,18,0.0217996127903461,1.3868834972381592
Energy-force-only EquiformerV2 AD,27572,7163,16,0.0085531361401081,1.7174500226974487
Energy-force-only EquiformerV2 AD,12098,7164,12,0.0061691007576882,2.9518675804138184
Energy-force-only EquiformerV2 AD,41798,7165,12,0.0295876525342464,2.174024820327759
Energy-force-only EquiformerV2 AD,40642,7166,14,0.011347428895533,2.517000675201416
Energy-force-only EquiformerV2 AD,10174,7167,14,0.0246465671807527,1.1338475942611694
Energy-force-only EquiformerV2 AD,49469,7168,10,0.0161656606942415,3.388451099395752
Energy-force-only EquiformerV2 AD,33406,7169,15,0.0139162009581923,1.824543714523316
Energy-force-only EquiformerV2 AD,48252,7170,16,0.0068398821167647,1.9079581499099727
Energy-force-only EquiformerV2 AD,12945,7171,11,0.0337435118854045,4.056341171264648
Energy-force-only EquiformerV2 AD,11527,7172,12,0.0083048678934574,2.1357312202453613
Energy-force-only EquiformerV2 AD,14902,7173,19,0.0057984506711363,1.4382619857788086
Energy-force-only EquiformerV2 AD,2710,7174,12,0.0096381260082125,2.649139165878296
Energy-force-only EquiformerV2 AD,3636,7175,14,0.00719645479694,2.2662370204925537
Energy-force-only EquiformerV2 AD,47909,7176,12,0.0219547003507614,2.6811723709106445
Energy-force-only EquiformerV2 AD,47993,7177,16,0.0095443539321422,1.8106757402420044
Energy-force-only EquiformerV2 AD,37816,7178,10,0.0540307313203811,4.012109279632568
Energy-force-only EquiformerV2 AD,31213,7179,16,0.0125495418906211,1.5604945421218872
Energy-force-only EquiformerV2 AD,48812,7180,16,0.0178668573498725,1.2178291082382202
Energy-force-only EquiformerV2 AD,28590,7181,15,0.0175184067338705,1.6264398097991943
Energy-force-only EquiformerV2 AD,44526,7182,12,0.0432436466217041,2.381983518600464
Energy-force-only EquiformerV2 AD,37817,7183,16,0.0191335715353488,1.6501613855361938
Energy-force-only EquiformerV2 AD,10102,7184,16,0.0113764954730868,1.6228160858154297
Energy-force-only EquiformerV2 AD,42692,7185,14,0.019038962200284,1.6857192516326904
Energy-force-only EquiformerV2 AD,30804,7186,19,0.003992922604084,1.4922049045562744
Energy-force-only EquiformerV2 AD,38372,7187,17,0.0153974359855055,1.37634015083313
Energy-force-only EquiformerV2 AD,18717,7188,10,0.0519896000623703,4.173727512359619
Energy-force-only EquiformerV2 AD,33341,7189,12,0.0453942865133285,2.7887330055236816
Energy-force-only EquiformerV2 AD,19128,7190,14,0.0049913236871361,2.126633405685425
Energy-force-only EquiformerV2 AD,35152,7191,14,0.0215748716145753,0.9395251274108888
Energy-force-only EquiformerV2 AD,46411,7192,19,0.0378185808658599,2.106644868850708
Energy-force-only EquiformerV2 AD,37212,7193,16,0.0172959305346012,1.6785955429077148
Energy-force-only EquiformerV2 AD,30186,7194,17,0.0348040498793125,2.1528260707855225
Energy-force-only EquiformerV2 AD,30984,7195,10,0.0102727534249424,4.153741359710693
Energy-force-only EquiformerV2 AD,4038,7196,14,0.068183459341526,1.648829698562622
Energy-force-only EquiformerV2 AD,26360,7197,18,0.0106421755626797,1.1326665878295898
Energy-force-only EquiformerV2 AD,11755,7198,14,0.0131880557164549,1.3356012105941772
Energy-force-only EquiformerV2 AD,26385,7199,14,0.0142939705401659,2.315822124481201
Energy-force-only EquiformerV2 AD,6857,7200,12,0.0246324818581342,3.587968587875366
Energy-force-only EquiformerV2 AD,16363,7201,17,0.0030407847370952,1.7079229354858398
Energy-force-only EquiformerV2 AD,12171,7202,13,0.0258220862597227,2.2872674465179443
Energy-force-only EquiformerV2 AD,24230,7203,13,0.0089316749945282,2.0517120361328125
Energy-force-only EquiformerV2 AD,49223,7204,14,0.0095165632665157,2.0021862983703613
Energy-force-only EquiformerV2 AD,5125,7205,11,0.015509745106101,3.027996301651001
Energy-force-only EquiformerV2 AD,41539,7206,11,0.0538085661828517,2.921417236328125
Energy-force-only EquiformerV2 AD,30393,7207,19,0.022123223170638,1.1623879671096802
Energy-force-only EquiformerV2 AD,50123,7208,15,0.0092077897861599,2.351421594619751
Energy-force-only EquiformerV2 AD,38184,7209,17,0.0085803112015128,1.4644633531570437
Energy-force-only EquiformerV2 AD,8396,7210,10,0.0202970020473003,2.126410961151123
Energy-force-only EquiformerV2 AD,49902,7211,10,0.0045876982621848,3.7331910133361816
Energy-force-only EquiformerV2 AD,43389,7212,17,0.0085094235837459,1.4684779644012451
Energy-force-only EquiformerV2 AD,37128,7213,19,0.0065767159685492,1.177902340888977
Energy-force-only EquiformerV2 AD,18125,7214,19,0.003673747414723,1.3009858131408691
Energy-force-only EquiformerV2 AD,45162,7215,10,0.0083133596926927,3.0469970703125
Energy-force-only EquiformerV2 AD,45988,7216,14,0.0088323894888162,2.083496570587158
Energy-force-only EquiformerV2 AD,15212,7217,18,0.0187070127576589,1.4271787405014038
Energy-force-only EquiformerV2 AD,50425,7218,15,0.0357790365815162,2.5692529678344727
Energy-force-only EquiformerV2 AD,33806,7219,12,0.0196869242936372,2.448723316192627
Energy-force-only EquiformerV2 AD,7619,7220,14,0.0094205029308795,2.471090316772461
Energy-force-only EquiformerV2 AD,9266,7221,14,0.0199554115533828,2.464362859725952
Energy-force-only EquiformerV2 AD,4981,7222,11,0.0321627557277679,2.905713558197021
Energy-force-only EquiformerV2 AD,16197,7223,15,0.0114680482074618,2.1035614013671875
Energy-force-only EquiformerV2 AD,17705,7224,16,0.0495750717818737,0.7091693878173828
Energy-force-only EquiformerV2 AD,47751,7225,13,0.0316669531166553,2.3302180767059326
Energy-force-only EquiformerV2 AD,47280,7226,16,0.0101454760879278,1.937815546989441
Energy-force-only EquiformerV2 AD,507,7227,11,0.0478513017296791,1.2403002977371216
Energy-force-only EquiformerV2 AD,42334,7228,12,0.0174987185746431,2.8339085578918457
Energy-force-only EquiformerV2 AD,41566,7229,12,0.0492222346365451,2.678731203079224
Energy-force-only EquiformerV2 AD,14986,7230,13,0.0142602249979972,2.9452240467071533
Energy-force-only EquiformerV2 AD,39744,7231,14,0.0449460335075855,1.6028149127960205
Energy-force-only EquiformerV2 AD,47024,7232,15,0.0077719227410852,2.3551833629608154
Energy-force-only EquiformerV2 AD,2761,7233,14,0.0176230426877737,1.8814517259597776
Energy-force-only EquiformerV2 AD,26144,7234,14,0.0053818593733012,2.0228891372680664
Energy-force-only EquiformerV2 AD,36016,7235,6,0.0111219929531216,9.13363265991211
Energy-force-only EquiformerV2 AD,10330,7236,11,0.0243699457496404,2.733018159866333
Energy-force-only EquiformerV2 AD,49160,7237,14,0.023106662556529,2.305805921554565
Energy-force-only EquiformerV2 AD,39107,7238,17,0.0104783428832888,1.3840960264205933
Energy-force-only EquiformerV2 AD,30956,7239,13,0.0281296949833631,2.915216445922852
Energy-force-only EquiformerV2 AD,46616,7240,14,0.0054543623700737,2.397472858428955
Energy-force-only EquiformerV2 AD,47384,7241,16,0.0164792835712432,1.392250657081604
Energy-force-only EquiformerV2 AD,30402,7242,16,0.0042000235989689,1.601661205291748
Energy-force-only EquiformerV2 AD,6333,7243,20,0.0056884330697357,1.3298931121826172
Energy-force-only EquiformerV2 AD,3909,7244,17,0.0171551201492548,1.6511434316635132
Energy-force-only EquiformerV2 AD,44353,7245,18,0.0103919617831707,1.3515218496322632
Energy-force-only EquiformerV2 AD,7081,7246,12,0.0446515940129756,3.03672742843628
Energy-force-only EquiformerV2 AD,20598,7247,13,0.0232648998498916,2.308736085891724
Energy-force-only EquiformerV2 AD,5653,7248,14,0.0345661491155624,1.50978684425354
Energy-force-only EquiformerV2 AD,30072,7249,12,0.028708279132843,2.636655569076538
Energy-force-only EquiformerV2 AD,35601,7250,18,0.0090314522385597,1.7979761362075806
Energy-force-only EquiformerV2 AD,21436,7251,14,0.0903624445199966,3.1336233615875244
Energy-force-only EquiformerV2 AD,23648,7252,12,0.0130296917632222,1.5423957109451294
Energy-force-only EquiformerV2 AD,28999,7253,11,0.0339249074459075,2.557471990585327
Energy-force-only EquiformerV2 AD,46962,7254,9,0.0098143704235553,3.1094720363616943
Energy-force-only EquiformerV2 AD,37897,7255,14,0.0271618198603391,1.7151546478271484
Energy-force-only EquiformerV2 AD,40449,7256,14,0.0153730986639857,2.044011116027832
Energy-force-only EquiformerV2 AD,15870,7257,15,0.0094063663855195,2.2650516033172607
Energy-force-only EquiformerV2 AD,8763,7258,10,0.0138289639726281,4.535827159881592
Energy-force-only EquiformerV2 AD,14686,7259,16,0.0039399843662977,1.6151845455169678
Energy-force-only EquiformerV2 AD,34728,7260,10,0.0096973860636353,3.4842312335968018
Energy-force-only EquiformerV2 AD,23041,7261,12,0.019741216674447,2.8060100078582764
Energy-force-only EquiformerV2 AD,18211,7262,11,0.0067680752836167,2.591566324234009
Energy-force-only EquiformerV2 AD,5503,7263,13,0.0081062512472271,2.318248748779297
Energy-force-only EquiformerV2 AD,27076,7264,15,0.0115642892196774,1.993623733520508
Energy-force-only EquiformerV2 AD,17070,7265,12,0.0234800968319177,2.296093225479126
Energy-force-only EquiformerV2 AD,6362,7266,14,0.0252254232764244,2.314863443374634
Energy-force-only EquiformerV2 AD,21528,7267,16,0.0115328496322035,1.774749994277954
Energy-force-only EquiformerV2 AD,44996,7268,14,0.0105813732370734,2.4019923210144043
Energy-force-only EquiformerV2 AD,10577,7269,17,0.0174242332577705,1.7986809015274048
Energy-force-only EquiformerV2 AD,30039,7270,19,0.005659510847181,1.3889474868774414
Energy-force-only EquiformerV2 AD,20881,7271,12,0.0275622103363275,3.183032512664795
Energy-force-only EquiformerV2 AD,46369,7272,19,0.1275808811187744,2.575224161148072
Energy-force-only EquiformerV2 AD,38632,7273,15,0.0180168841034173,1.948245525360108
Energy-force-only EquiformerV2 AD,45502,7274,16,0.0248575806617736,2.053642988204956
Energy-force-only EquiformerV2 AD,39726,7275,12,0.0451814569532871,2.4394004344940186
Energy-force-only EquiformerV2 AD,26585,7276,15,0.0170594621449708,1.8585788011550903
Energy-force-only EquiformerV2 AD,46181,7277,13,0.0275847483426332,2.387557029724121
Energy-force-only EquiformerV2 AD,28429,7278,12,0.012663472443819,2.9426839351654053
Energy-force-only EquiformerV2 AD,5457,7279,18,0.0061557260341942,1.536911964416504
Energy-force-only EquiformerV2 AD,4482,7280,15,0.0256804954260587,1.1863155364990234
Energy-force-only EquiformerV2 AD,47017,7281,12,0.0145239811390638,2.0626325607299805
Energy-force-only EquiformerV2 AD,29888,7282,17,0.0071319350972771,1.4835046529769895
Energy-force-only EquiformerV2 AD,45017,7283,12,0.0094707729294896,2.513639211654663
Energy-force-only EquiformerV2 AD,11010,7284,18,0.0074709942564368,1.7540746927261353
Energy-force-only EquiformerV2 AD,29891,7285,16,0.0138010215014219,1.3938556909561155
Energy-force-only EquiformerV2 AD,38282,7286,11,0.0319833047688007,2.016101837158203
Energy-force-only EquiformerV2 AD,3721,7287,15,0.0110557563602924,0.8146637678146362
Energy-force-only EquiformerV2 AD,41912,7288,19,0.0060058487579226,1.429203987121582
Energy-force-only EquiformerV2 AD,29805,7289,13,0.0165449082851409,2.285494089126587
Energy-force-only EquiformerV2 AD,44613,7290,11,0.0154267391189932,2.4460809230804443
Energy-force-only EquiformerV2 AD,10448,7291,11,0.0337606631219387,2.8006882667541504
Energy-force-only EquiformerV2 AD,35325,7292,16,0.0161115080118179,1.666434407234192
Energy-force-only EquiformerV2 AD,28258,7293,18,0.0066756242886185,1.84620463848114
Energy-force-only EquiformerV2 AD,41977,7294,14,0.0081345029175281,1.6126925945281982
Energy-force-only EquiformerV2 AD,21515,7295,12,0.0232058335095644,2.2838947772979736
Energy-force-only EquiformerV2 AD,48424,7296,11,0.0078874127939343,3.5636119842529297
Energy-force-only EquiformerV2 AD,31144,7297,16,0.0075912526808679,1.6315453052520752
Energy-force-only EquiformerV2 AD,2505,7298,11,0.0088631873950362,3.494285345077514
Energy-force-only EquiformerV2 AD,5403,7299,11,0.0266714114695787,2.757415771484375
Energy-force-only EquiformerV2 AD,36819,7300,11,0.0089173950254917,2.7847585678100586
Energy-force-only EquiformerV2 AD,6085,7301,12,0.0190377421677112,2.3301260471343994
Energy-force-only EquiformerV2 AD,2400,7302,12,0.0276472140103578,2.540190458297729
Energy-force-only EquiformerV2 AD,28562,7303,15,0.0394312106072902,1.815607070922852
Energy-force-only EquiformerV2 AD,19793,7304,13,0.0060813855379819,2.083312511444092
Energy-force-only EquiformerV2 AD,46902,7305,12,0.0438160076737403,2.4901936054229736
Energy-force-only EquiformerV2 AD,14214,7306,11,0.0277661457657814,2.511432409286499
Energy-force-only EquiformerV2 AD,15155,7307,14,0.0293099395930767,1.8358267545700075
Energy-force-only EquiformerV2 AD,22160,7308,8,0.0145800337195396,4.174277305603027
Energy-force-only EquiformerV2 AD,189,7309,17,0.013374364003539,1.407906413078308
Energy-force-only EquiformerV2 AD,25622,7310,13,0.0474963150918483,3.275750637054444
Energy-force-only EquiformerV2 AD,22346,7311,14,0.0067792315967381,2.5630664825439453
Energy-force-only EquiformerV2 AD,41594,7312,14,0.0039843660779297,2.554933786392212
Energy-force-only EquiformerV2 AD,4769,7313,14,0.0109373517334461,2.234100818634033
Energy-force-only EquiformerV2 AD,24159,7314,13,0.0114668169990181,2.7253777980804443
Energy-force-only EquiformerV2 AD,22497,7315,10,0.1000883430242538,1.830083966255188
Energy-force-only EquiformerV2 AD,34895,7316,16,0.0067352121695876,1.991916298866272
Energy-force-only EquiformerV2 AD,31061,7317,12,0.017496183514595,2.291001558303833
Energy-force-only EquiformerV2 AD,43882,7318,15,0.0136069171130657,2.4510393142700195
Energy-force-only EquiformerV2 AD,49329,7319,11,0.0245560463517904,2.9249062538146973
Energy-force-only EquiformerV2 AD,34113,7320,16,0.0085033159703016,1.872251987457276
Energy-force-only EquiformerV2 AD,260,7321,14,0.0090956157073378,1.7143460512161257
Energy-force-only EquiformerV2 AD,23552,7322,16,0.0229433812201023,1.8720338344573968
Energy-force-only EquiformerV2 AD,11069,7323,7,0.0268714409321546,6.363549709320068
Energy-force-only EquiformerV2 AD,27250,7324,13,0.0283016301691532,1.8978784084320068
Energy-force-only EquiformerV2 AD,44944,7325,15,0.0132487155497074,1.8661524057388303
Energy-force-only EquiformerV2 AD,31803,7326,11,0.0113008292391896,3.844431161880493
Energy-force-only EquiformerV2 AD,8784,7327,10,0.076148934662342,3.763850688934326
Energy-force-only EquiformerV2 AD,37944,7328,21,0.0036204464267939,1.1099764108657837
Energy-force-only EquiformerV2 AD,4224,7329,12,0.0190612953156232,2.751981258392334
Energy-force-only EquiformerV2 AD,33147,7330,11,0.0202052351087331,3.1138782501220703
Energy-force-only EquiformerV2 AD,3120,7331,17,0.0082357507199049,1.3297680616378784
Energy-force-only EquiformerV2 AD,30177,7332,10,0.0441885814070701,3.4181346893310547
Energy-force-only EquiformerV2 AD,24533,7333,14,0.0334510803222656,0.9539926648139954
Energy-force-only EquiformerV2 AD,8760,7334,14,0.0061301393434405,1.6421411037445068
Energy-force-only EquiformerV2 AD,26413,7335,16,0.0125765204429626,1.3202663660049438
Energy-force-only EquiformerV2 AD,12566,7336,13,0.0124096842482686,1.753596544265747
Energy-force-only EquiformerV2 AD,45166,7337,10,0.0211547166109085,3.770696640014648
Energy-force-only EquiformerV2 AD,910,7338,15,0.0262546669691801,1.9875400066375728
Energy-force-only EquiformerV2 AD,50688,7339,16,0.0221641920506954,1.6158719062805176
Energy-force-only EquiformerV2 AD,3708,7340,10,0.0366102568805217,3.1024374961853027
Energy-force-only EquiformerV2 AD,21681,7341,15,0.0065864399075508,2.314565896987915
Energy-force-only EquiformerV2 AD,26656,7342,15,0.0292954556643962,2.295156717300415
Energy-force-only EquiformerV2 AD,9640,7343,14,0.009885748848319,1.6218109130859375
Energy-force-only EquiformerV2 AD,12764,7344,10,0.0172669570893049,2.863152027130127
Energy-force-only EquiformerV2 AD,26522,7345,12,0.0299791991710662,2.880805969238281
Energy-force-only EquiformerV2 AD,34651,7346,12,0.0027816172223538,3.04270601272583
Energy-force-only EquiformerV2 AD,19354,7347,12,0.0078023234382271,2.6316497325897217
Energy-force-only EquiformerV2 AD,45492,7348,15,0.0051935808733105,1.9353923797607424
Energy-force-only EquiformerV2 AD,40976,7349,16,0.0047086649574339,1.7876447439193726
Energy-force-only EquiformerV2 AD,17831,7350,11,0.0530409254133701,2.483088254928589
Energy-force-only EquiformerV2 AD,29141,7351,14,0.0331659875810146,1.2746011018753052
Energy-force-only EquiformerV2 AD,815,7352,10,0.0094820726662874,3.612406253814697
Energy-force-only EquiformerV2 AD,34748,7353,11,0.0160299986600875,3.1762800216674805
Energy-force-only EquiformerV2 AD,22236,7354,15,0.0043973927386105,1.703731894493103
Energy-force-only EquiformerV2 AD,34662,7355,17,0.0157575961202383,1.4394267797470093
Energy-force-only EquiformerV2 AD,28579,7356,15,0.013781945221126,1.24946129322052
Energy-force-only EquiformerV2 AD,4970,7357,12,0.0191611927002668,2.1542062759399414
Energy-force-only EquiformerV2 AD,41125,7358,15,0.0170288328081369,1.8949129581451416
Energy-force-only EquiformerV2 AD,13813,7359,18,0.0069711706601083,1.8570712804794312
Energy-force-only EquiformerV2 AD,25906,7360,12,0.0045384378172457,3.081289768218994
Energy-force-only EquiformerV2 AD,18544,7361,8,0.0599293112754821,4.550053119659424
Energy-force-only EquiformerV2 AD,7502,7362,14,0.0104212155565619,2.3461809158325195
Energy-force-only EquiformerV2 AD,26166,7363,16,0.0196059979498386,1.5878126621246338
Energy-force-only EquiformerV2 AD,33028,7364,11,0.0064186439849436,3.505879163742065
Energy-force-only EquiformerV2 AD,30530,7365,19,0.0082972822710871,1.4743424654006958
Energy-force-only EquiformerV2 AD,25671,7366,15,0.0063532069325447,2.3141605854034424
Energy-force-only EquiformerV2 AD,37886,7367,17,0.0254740715026855,1.4523481130599976
Energy-force-only EquiformerV2 AD,18264,7368,10,0.0466966480016708,4.11066484451294
Energy-force-only EquiformerV2 AD,24875,7369,14,0.0089027471840381,2.208930253982544
Energy-force-only EquiformerV2 AD,41408,7370,12,0.0124361095950007,2.0843424797058105
Energy-force-only EquiformerV2 AD,22301,7371,14,0.0261960662901401,2.3945770263671875
Energy-force-only EquiformerV2 AD,10882,7372,16,0.0030307285487651,1.6579424142837524
Energy-force-only EquiformerV2 AD,24123,7373,12,0.0057563767768442,2.32762098312378
Energy-force-only EquiformerV2 AD,34955,7374,11,0.0188327599316835,2.898594856262207
Energy-force-only EquiformerV2 AD,27161,7375,15,0.0050965836271643,1.9086017608642576
Energy-force-only EquiformerV2 AD,5189,7376,17,0.0069785197265446,1.4906635284423828
Energy-force-only EquiformerV2 AD,25952,7377,11,0.014243927784264,2.914251804351806
Energy-force-only EquiformerV2 AD,41870,7378,16,0.0059089586138725,2.20461368560791
Energy-force-only EquiformerV2 AD,666,7379,14,0.0360779501497745,1.986932396888733
Energy-force-only EquiformerV2 AD,24827,7380,16,0.0040494240820407,1.6353975534439087
Energy-force-only EquiformerV2 AD,10337,7381,14,0.0181277282536029,2.32972264289856
Energy-force-only EquiformerV2 AD,7793,7382,9,0.0172423291951417,3.271439552307129
Energy-force-only EquiformerV2 AD,44903,7383,12,0.0132104763761162,1.5648465156555176
Energy-force-only EquiformerV2 AD,10792,7384,15,0.019320560619235,2.120232105255127
Energy-force-only EquiformerV2 AD,36869,7385,18,0.0081860143691301,1.4648061990737915
Energy-force-only EquiformerV2 AD,22716,7386,21,0.0168122686445713,1.081543207168579
Energy-force-only EquiformerV2 AD,31988,7387,11,0.0184831190854311,3.4189562797546387
Energy-force-only EquiformerV2 AD,20454,7388,19,0.0053763804025948,1.3019206523895264
Energy-force-only EquiformerV2 AD,28387,7389,10,0.0315803103148937,3.494063138961792
Energy-force-only EquiformerV2 AD,26892,7390,11,0.031054064631462,2.16937255859375
Energy-force-only EquiformerV2 AD,812,7391,16,0.0477360300719738,1.98239815235138
Energy-force-only EquiformerV2 AD,37766,7392,15,0.0298303291201591,2.302502393722534
Energy-force-only EquiformerV2 AD,35144,7393,14,0.0084274997934699,1.7299467325210571
Energy-force-only EquiformerV2 AD,39590,7394,16,0.0108091458678245,2.391286611557007
Energy-force-only EquiformerV2 AD,3171,7395,12,0.0182799194008111,2.73887038230896
Energy-force-only EquiformerV2 AD,14726,7396,11,0.0271012261509895,3.514596462249756
Energy-force-only EquiformerV2 AD,16239,7397,11,0.0401083640754222,3.2154667377471924
Energy-force-only EquiformerV2 AD,22077,7398,14,0.007884875871241,1.1098524332046509
Energy-force-only EquiformerV2 AD,1578,7399,15,0.0302720498293638,2.4052791595458984
Energy-force-only EquiformerV2 AD,33808,7400,10,0.0336791798472404,2.7227859497070312
Energy-force-only EquiformerV2 AD,24114,7401,17,0.0112431915476918,1.31178879737854
Energy-force-only EquiformerV2 AD,9786,7402,15,0.0265021063387393,1.7288426160812378
Energy-force-only EquiformerV2 AD,5546,7403,12,0.0169680807739496,2.7869250774383545
Energy-force-only EquiformerV2 AD,30737,7404,15,0.0164499878883361,1.856651306152344
Energy-force-only EquiformerV2 AD,2576,7405,10,0.030348103493452,2.7417638301849365
Energy-force-only EquiformerV2 AD,28449,7406,12,0.0226761698722839,1.7240464687347412
Energy-force-only EquiformerV2 AD,26282,7407,9,0.0225081406533718,4.472987651824951
Energy-force-only EquiformerV2 AD,36338,7408,11,0.0088118584826588,1.7105499505996704
Energy-force-only EquiformerV2 AD,40161,7409,16,0.005693444982171,1.5059486627578735
Energy-force-only EquiformerV2 AD,43072,7410,11,0.0058522289618849,3.13244891166687
Energy-force-only EquiformerV2 AD,32649,7411,19,0.0087873162701725,0.696714460849762
Energy-force-only EquiformerV2 AD,2555,7412,16,0.0178922787308692,1.9619818925857544
Energy-force-only EquiformerV2 AD,49862,7413,13,0.0204387195408344,1.77708101272583
Energy-force-only EquiformerV2 AD,33365,7414,13,0.0142038268968462,2.3848044872283936
Energy-force-only EquiformerV2 AD,28966,7415,14,0.0423617362976074,3.158776998519897
Energy-force-only EquiformerV2 AD,25878,7416,11,0.0728447511792182,2.93977952003479
Energy-force-only EquiformerV2 AD,31987,7417,14,0.0335732549428939,1.255230188369751
Energy-force-only EquiformerV2 AD,22645,7418,19,0.0060942876152694,1.4196151494979858
Energy-force-only EquiformerV2 AD,16032,7419,12,0.0083192121237516,2.943701982498169
Energy-force-only EquiformerV2 AD,5708,7420,12,0.0257324948906898,2.4204020500183105
Energy-force-only EquiformerV2 AD,6294,7421,15,0.0054018730297684,1.8525806665420528
Energy-force-only EquiformerV2 AD,12081,7422,16,0.0844502449035644,0.9748432636260986
Energy-force-only EquiformerV2 AD,5012,7423,17,0.0124369440600276,2.01039981842041
Energy-force-only EquiformerV2 AD,33812,7424,16,0.0134765263646841,1.817437529563904
Energy-force-only EquiformerV2 AD,35185,7425,12,0.0320626609027385,2.0234107971191406
Energy-force-only EquiformerV2 AD,20102,7426,15,0.0093298135325312,1.5733331441879272
Energy-force-only EquiformerV2 AD,31935,7427,13,0.0332230553030967,2.2008159160614014
Energy-force-only EquiformerV2 AD,25577,7428,10,0.0411182641983032,4.723405838012695
Energy-force-only EquiformerV2 AD,31227,7429,14,0.0349050387740135,1.6668158769607544
Energy-force-only EquiformerV2 AD,23867,7430,13,0.010296375490725,2.2071189880371094
Energy-force-only EquiformerV2 AD,10966,7431,11,0.0069955000653862,2.635723829269409
Energy-force-only EquiformerV2 AD,12846,7432,14,0.0183616839349269,1.9055981636047363
Energy-force-only EquiformerV2 AD,22632,7433,12,0.0116097126156091,3.390855550765991
Energy-force-only EquiformerV2 AD,17485,7434,14,0.0109885055571794,1.7778156995773315
Energy-force-only EquiformerV2 AD,48698,7435,15,0.0149608617648482,1.879817008972168
Energy-force-only EquiformerV2 AD,19654,7436,13,0.0202684924006462,1.9840797185897827
Energy-force-only EquiformerV2 AD,3833,7437,17,0.0096402587369084,1.8261144161224363
Energy-force-only EquiformerV2 AD,25338,7438,14,0.0110047999769449,1.6234310865402222
Energy-force-only EquiformerV2 AD,34327,7439,16,0.0040471996180713,1.6002212762832642
Energy-force-only EquiformerV2 AD,1489,7440,10,0.011274735443294,4.160055637359619
Energy-force-only EquiformerV2 AD,43033,7441,14,0.0427628979086875,1.924526810646057
Energy-force-only EquiformerV2 AD,25003,7442,14,0.0148600982502102,1.94793438911438
Energy-force-only EquiformerV2 AD,37834,7443,18,0.0125423865392804,0.7737733721733093
Energy-force-only EquiformerV2 AD,41034,7444,19,0.0062233167700469,1.2578517198562622
Energy-force-only EquiformerV2 AD,47576,7445,16,0.0150927975773811,1.440011978149414
Energy-force-only EquiformerV2 AD,2927,7446,19,0.0108903916552662,0.970291793346405
Energy-force-only EquiformerV2 AD,39775,7447,14,0.0083038760349154,2.293491840362549
Energy-force-only EquiformerV2 AD,40795,7448,9,0.016868794336915,4.06926965713501
Energy-force-only EquiformerV2 AD,37210,7449,10,0.006393477320671,3.561800718307495
Energy-force-only EquiformerV2 AD,16013,7450,12,0.0597127005457878,1.913741111755371
Energy-force-only EquiformerV2 AD,21250,7451,15,0.0222679246217012,1.536605954170227
Energy-force-only EquiformerV2 AD,43911,7452,10,0.0660609975457191,3.0902440547943115
Energy-force-only EquiformerV2 AD,41079,7453,16,0.0164682976901531,1.741829752922058
Energy-force-only EquiformerV2 AD,21522,7454,15,0.0193236414343118,1.7830065488815308
Energy-force-only EquiformerV2 AD,48238,7455,10,0.0067385113798081,3.70672869682312
Energy-force-only EquiformerV2 AD,35191,7456,18,0.0072924583218991,1.428894281387329
Energy-force-only EquiformerV2 AD,27989,7457,14,0.0203894320875406,2.261980056762696
Energy-force-only EquiformerV2 AD,37225,7458,11,0.032308243215084,2.6683878898620605
Energy-force-only EquiformerV2 AD,12700,7459,14,0.0267182886600494,2.2545242309570312
Energy-force-only EquiformerV2 AD,32891,7460,12,0.0249138418585062,2.5664236545562744
Energy-force-only EquiformerV2 AD,29036,7461,13,0.0097082946449518,2.362592458724976
Energy-force-only EquiformerV2 AD,46215,7462,14,0.0599329769611358,1.7222931385040283
Energy-force-only EquiformerV2 AD,36536,7463,10,0.0287392903119325,2.454896211624145
Energy-force-only EquiformerV2 AD,21104,7464,12,0.0196532048285007,2.072035074234009
Energy-force-only EquiformerV2 AD,26174,7465,15,0.0236698985099792,1.756136417388916
Energy-force-only EquiformerV2 AD,2830,7466,15,0.0272942576557397,2.363293409347534
Energy-force-only EquiformerV2 AD,40493,7467,11,0.0209796912968158,3.2177836894989014
Energy-force-only EquiformerV2 AD,4050,7468,16,0.0106335636228322,1.5778905153274536
Energy-force-only EquiformerV2 AD,38981,7469,12,0.0207840297371149,2.479609489440918
Energy-force-only EquiformerV2 AD,3886,7470,11,0.0198585595935583,2.840343952178955
Energy-force-only EquiformerV2 AD,50238,7471,14,0.0129208145663142,2.764599800109864
Energy-force-only EquiformerV2 AD,43745,7472,8,0.008571857586503,4.368401050567627
Energy-force-only EquiformerV2 AD,37818,7473,5,0.0443104542791843,5.242226600646973
Energy-force-only EquiformerV2 AD,37785,7474,13,0.0219779722392559,2.0909552574157715
Energy-force-only EquiformerV2 AD,32385,7475,15,0.0103489467874169,2.0583205223083496
Energy-force-only EquiformerV2 AD,34747,7476,14,0.0050728446803987,2.1326887607574463
Energy-force-only EquiformerV2 AD,20949,7477,15,0.01175766158849,1.8923907279968264
Energy-force-only EquiformerV2 AD,3984,7478,15,0.0096638640388846,2.418587446212769
Energy-force-only EquiformerV2 AD,31080,7479,14,0.0180339403450489,2.498224973678589
Energy-force-only EquiformerV2 AD,46286,7480,10,0.0099666938185691,3.20263934135437
Energy-force-only EquiformerV2 AD,15490,7481,14,0.0332983471453189,1.127411961555481
Energy-force-only EquiformerV2 AD,29848,7482,13,0.0213399119675159,1.0057518482208252
Energy-force-only EquiformerV2 AD,41939,7483,19,0.0091020995751023,1.3769080638885498
Energy-force-only EquiformerV2 AD,24693,7484,19,0.0073199439793825,1.3312214612960815
Energy-force-only EquiformerV2 AD,26791,7485,14,0.017350073903799,1.420936942100525
Energy-force-only EquiformerV2 AD,15509,7486,15,0.0163112189620733,1.1261810064315796
Energy-force-only EquiformerV2 AD,45544,7487,13,0.0087659396231174,2.652427911758423
Energy-force-only EquiformerV2 AD,5761,7488,13,0.030304592102766,2.09620213508606
Energy-force-only EquiformerV2 AD,1012,7489,16,0.009222469292581,1.545754075050354
Energy-force-only EquiformerV2 AD,33297,7490,13,0.0134579986333847,2.1257810592651367
Energy-force-only EquiformerV2 AD,4252,7491,12,0.024740070104599,2.0385279655456543
Energy-force-only EquiformerV2 AD,6178,7492,14,0.0093027260154485,1.4433869123458862
Energy-force-only EquiformerV2 AD,45706,7493,12,0.0162096321582794,2.545591115951538
Energy-force-only EquiformerV2 AD,8263,7494,14,0.0250964853912591,2.1961488723754883
Energy-force-only EquiformerV2 AD,27086,7495,12,0.0220030285418033,1.482733130455017
Energy-force-only EquiformerV2 AD,44433,7496,15,0.0082368506118655,1.2526391744613647
Energy-force-only EquiformerV2 AD,29259,7497,10,0.04244901612401,3.733020067214966
Energy-force-only EquiformerV2 AD,45718,7498,18,0.0057861465029418,1.524217963218689
Energy-force-only EquiformerV2 AD,5779,7499,14,0.0150594227015972,2.23886775970459
Energy-force-only EquiformerV2 AD,4464,7500,16,0.0108939856290817,1.653411030769348
Energy-force-only EquiformerV2 AD,10267,7501,14,0.0185825936496257,2.584471702575684
Energy-force-only EquiformerV2 AD,31392,7502,17,0.0342754386365413,0.9638800621032716
Energy-force-only EquiformerV2 AD,42746,7503,10,0.0564404018223285,3.875493288040161
Energy-force-only EquiformerV2 AD,12890,7504,19,0.0039265714585781,1.32968008518219
Energy-force-only EquiformerV2 AD,17957,7505,12,0.0275765601545572,1.9910128116607664
Energy-force-only EquiformerV2 AD,2878,7506,11,0.0074681821279227,3.016742467880249
Energy-force-only EquiformerV2 AD,9024,7507,11,0.0268605127930641,3.6946005821228014
Energy-force-only EquiformerV2 AD,14668,7508,10,0.0332411900162696,3.188437461853028
Energy-force-only EquiformerV2 AD,1419,7509,15,0.0253611542284488,1.216315507888794
Energy-force-only EquiformerV2 AD,47916,7510,17,0.0070964368060231,1.3719861507415771
Energy-force-only EquiformerV2 AD,37055,7511,8,0.0202286634594202,4.561647415161133
Energy-force-only EquiformerV2 AD,22277,7512,10,0.0561408326029777,3.222203254699707
Energy-force-only EquiformerV2 AD,35901,7513,17,0.0044095581397414,1.827631592750549
Energy-force-only EquiformerV2 AD,28263,7514,8,0.2572269141674042,3.101768970489502
Energy-force-only EquiformerV2 AD,11876,7515,14,0.0242142006754875,2.6487598419189453
Energy-force-only EquiformerV2 AD,22068,7516,16,0.0040410198271274,1.7876858711242676
Energy-force-only EquiformerV2 AD,44969,7517,17,0.0128089310601353,1.020246148109436
Energy-force-only EquiformerV2 AD,14424,7518,12,0.0122700771316885,3.015329360961914
Energy-force-only EquiformerV2 AD,47954,7519,12,0.0057729030959308,3.2672910690307617
Energy-force-only EquiformerV2 AD,30121,7520,16,0.0864255651831626,3.2273762226104736
Energy-force-only EquiformerV2 AD,47829,7521,11,0.0608794651925563,1.5628008842468262
Energy-force-only EquiformerV2 AD,49095,7522,14,0.0056958184577524,2.46872615814209
Energy-force-only EquiformerV2 AD,21538,7523,12,0.0101784113794565,3.1569178104400635
Energy-force-only EquiformerV2 AD,14876,7524,16,0.0087734181433916,2.0774972438812256
Energy-force-only EquiformerV2 AD,36448,7525,13,0.0181666836142539,2.7606723308563232
Energy-force-only EquiformerV2 AD,37757,7526,18,0.0092268604785203,1.8015832901000977
Energy-force-only EquiformerV2 AD,6099,7527,16,0.0090544279664754,1.3597965240478516
Energy-force-only EquiformerV2 AD,15170,7528,13,0.0196499787271022,2.6839544773101807
Energy-force-only EquiformerV2 AD,7228,7529,15,0.01648567058146,1.993424654006958
Energy-force-only EquiformerV2 AD,47257,7530,13,0.0400247871875762,1.279894232749939
Energy-force-only EquiformerV2 AD,48655,7531,14,0.0118728252127766,1.443960666656494
Energy-force-only EquiformerV2 AD,31023,7532,15,0.0150907449424266,1.8075472116470337
Energy-force-only EquiformerV2 AD,10243,7533,14,0.0164740942418575,2.0434606075286865
Energy-force-only EquiformerV2 AD,26857,7534,18,0.0080908285453915,1.0524858236312866
Energy-force-only EquiformerV2 AD,18744,7535,14,0.0117921065539121,1.3089948892593384
Energy-force-only EquiformerV2 AD,30276,7536,17,0.0052370391786098,1.6264631748199463
Energy-force-only EquiformerV2 AD,49558,7537,19,0.0432943180203437,1.6105307340621948
Energy-force-only EquiformerV2 AD,24070,7538,8,0.0201793536543846,3.952038288116455
Energy-force-only EquiformerV2 AD,47441,7539,14,0.0101074585691094,2.2478175163269043
Energy-force-only EquiformerV2 AD,18120,7540,14,0.028335765004158,1.6169259548187256
Energy-force-only EquiformerV2 AD,24761,7541,14,0.025766234844923,2.35650897026062
Energy-force-only EquiformerV2 AD,9908,7542,17,0.0086916824802756,1.6995570659637451
Energy-force-only EquiformerV2 AD,16441,7543,14,0.0087720118463039,2.210755109786988
Energy-force-only EquiformerV2 AD,28467,7544,12,0.0785708799958229,2.825373649597168
Energy-force-only EquiformerV2 AD,10423,7545,14,0.0094218794256448,2.3759093284606934
Energy-force-only EquiformerV2 AD,21468,7546,10,0.0491020306944847,4.036210060119629
Energy-force-only EquiformerV2 AD,3951,7547,11,0.0466987937688827,2.200955629348755
Energy-force-only EquiformerV2 AD,19167,7548,14,0.0142926955595612,1.6401863098144531
Energy-force-only EquiformerV2 AD,49284,7549,12,0.0736022144556045,2.2375550270080566
Energy-force-only EquiformerV2 AD,33739,7550,10,0.0086934491991996,3.618201494216919
Energy-force-only EquiformerV2 AD,23938,7551,12,0.0078445756807923,2.943180799484253
Energy-force-only EquiformerV2 AD,47355,7552,16,0.0079044578596949,1.6453611850738523
Energy-force-only EquiformerV2 AD,33900,7553,13,0.0196538958698511,1.987477779388428
Energy-force-only EquiformerV2 AD,11265,7554,14,0.0098945256322622,2.158744096755981
Energy-force-only EquiformerV2 AD,17450,7555,13,0.0152292009443044,3.093658924102783
Energy-force-only EquiformerV2 AD,30626,7556,14,0.0098629528656601,2.224139928817749
Energy-force-only EquiformerV2 AD,39435,7557,12,0.0273738652467727,2.359656810760498
Energy-force-only EquiformerV2 AD,6597,7558,16,0.0034851802047342,1.6359314918518066
Energy-force-only EquiformerV2 AD,25731,7559,16,0.0189045332372188,1.780878663063049
Energy-force-only EquiformerV2 AD,20061,7560,13,0.0141105772927403,1.26672101020813
Energy-force-only EquiformerV2 AD,19348,7561,11,0.0528609789907932,2.2775611877441406
Energy-force-only EquiformerV2 AD,31434,7562,13,0.0126934498548507,2.040038108825684
Energy-force-only EquiformerV2 AD,20054,7563,14,0.0377037785947322,2.364430904388428
Energy-force-only EquiformerV2 AD,44668,7564,12,0.0152682019397616,2.229238986968994
Energy-force-only EquiformerV2 AD,26950,7565,9,0.0060758348554372,3.342203378677368
Energy-force-only EquiformerV2 AD,9628,7566,12,0.0571191720664501,1.558410406112671
Energy-force-only EquiformerV2 AD,1891,7567,13,0.0041280379518866,2.0761101245880127
Energy-force-only EquiformerV2 AD,11140,7568,17,0.0145758837461471,1.4751567840576172
Energy-force-only EquiformerV2 AD,27652,7569,10,0.0278934556990861,4.063143730163574
Energy-force-only EquiformerV2 AD,14752,7570,9,0.0349249802529811,4.103736877441406
Energy-force-only EquiformerV2 AD,48525,7571,5,0.0235603190958499,6.849745273590088
Energy-force-only EquiformerV2 AD,9536,7572,14,0.0142582571133971,1.430018424987793
Energy-force-only EquiformerV2 AD,47606,7573,16,0.016943659633398,1.4466410875320437
Energy-force-only EquiformerV2 AD,37224,7574,17,0.003852859372273,1.7500535249710083
Energy-force-only EquiformerV2 AD,21456,7575,12,0.0684998631477356,1.9098578691482544
Energy-force-only EquiformerV2 AD,32435,7576,19,0.0064690480940043,1.2959873676300049
Energy-force-only EquiformerV2 AD,16156,7577,18,0.0118828006088733,0.7151253819465637
Energy-force-only EquiformerV2 AD,46864,7578,12,0.0190636776387691,2.9844565391540527
Energy-force-only EquiformerV2 AD,25887,7579,16,0.0158301889896392,1.5097651481628418
Energy-force-only EquiformerV2 AD,33784,7580,10,0.014241537079215,3.314350128173828
Energy-force-only EquiformerV2 AD,35616,7581,10,0.0359608754515647,1.587231159210205
Energy-force-only EquiformerV2 AD,45578,7582,19,0.0080005498602986,0.8816925287246704
Energy-force-only EquiformerV2 AD,16624,7583,14,0.0256569813936948,1.577810764312744
Energy-force-only EquiformerV2 AD,4306,7584,12,0.0112053509801626,2.664213895797729
Energy-force-only EquiformerV2 AD,4167,7585,19,0.0026954156346619,1.4167277812957764
Energy-force-only EquiformerV2 AD,8898,7586,16,0.0191057026386261,1.2169156074523926
Energy-force-only EquiformerV2 AD,3986,7587,13,0.004126263782382,2.284696340560913
Energy-force-only EquiformerV2 AD,23559,7588,12,0.0142338210716843,2.4504551887512207
Energy-force-only EquiformerV2 AD,47217,7589,13,0.0152536695823073,2.186572551727295
Energy-force-only EquiformerV2 AD,20675,7590,17,0.0234045758843421,1.5289415121078491
Energy-force-only EquiformerV2 AD,4617,7591,17,0.0240034162998199,1.6377127170562744
Energy-force-only EquiformerV2 AD,12847,7592,14,0.0123535636812448,2.317193031311035
Energy-force-only EquiformerV2 AD,6652,7593,14,0.007528225891292,1.730616569519043
Energy-force-only EquiformerV2 AD,6890,7594,11,0.0171507094055414,3.3139235973358154
Energy-force-only EquiformerV2 AD,3907,7595,13,0.0072341128252446,2.9924707412719727
Energy-force-only EquiformerV2 AD,2628,7596,19,0.0219444315880537,0.7063878774642944
Energy-force-only EquiformerV2 AD,26911,7597,15,0.0139058250933885,1.3611607551574707
Energy-force-only EquiformerV2 AD,7368,7598,19,0.0210013762116432,1.141399621963501
Energy-force-only EquiformerV2 AD,14153,7599,17,0.0160037651658058,1.3489611148834229
Energy-force-only EquiformerV2 AD,9974,7600,12,0.022948682308197,3.9084744453430176
Energy-force-only EquiformerV2 AD,44592,7601,17,0.0042305286042392,1.6298065185546875
Energy-force-only EquiformerV2 AD,18316,7602,12,0.0156947616487741,2.6766104698181152
Energy-force-only EquiformerV2 AD,29845,7603,10,0.0253744143992662,1.8390107154846191
Energy-force-only EquiformerV2 AD,4209,7604,14,0.0173730496317148,2.355884790420532
Energy-force-only EquiformerV2 AD,24079,7605,11,0.0114178312942385,3.8483054637908936
Energy-force-only EquiformerV2 AD,43991,7606,14,0.0268268249928951,2.7169113159179688
Energy-force-only EquiformerV2 AD,38163,7607,16,0.005224609747529,1.597709059715271
Energy-force-only EquiformerV2 AD,12756,7608,14,0.0064547657966613,1.870089530944824
Energy-force-only EquiformerV2 AD,45475,7609,12,0.0827747583389282,2.8469786643981934
Energy-force-only EquiformerV2 AD,7353,7610,15,0.0130999432876706,1.5566411018371582
Energy-force-only EquiformerV2 AD,31864,7611,20,0.0240917447954416,1.7607073783874512
Energy-force-only EquiformerV2 AD,845,7612,13,0.0311807636171579,2.386673927307129
Energy-force-only EquiformerV2 AD,44254,7613,14,0.0072302082553505,2.999032974243164
Energy-force-only EquiformerV2 AD,1790,7614,14,0.0122975492849946,2.423743724822998
Energy-force-only EquiformerV2 AD,36739,7615,13,0.0085224220529198,2.307877540588379
Energy-force-only EquiformerV2 AD,30750,7616,11,0.0391601026058197,1.3313214778900146
Energy-force-only EquiformerV2 AD,46658,7617,15,0.0588377900421619,1.8891750574111936
Energy-force-only EquiformerV2 AD,42001,7618,16,0.0062552085146307,1.4201924800872805
Energy-force-only EquiformerV2 AD,35456,7619,11,0.0367570295929908,2.6353440284729004
Energy-force-only EquiformerV2 AD,47863,7620,14,0.012786972336471,2.263343811035156
Energy-force-only EquiformerV2 AD,31416,7621,16,0.0048767528496682,1.6654815673828125
Energy-force-only EquiformerV2 AD,23804,7622,14,0.0141219524666666,1.5000653266906738
Energy-force-only EquiformerV2 AD,49604,7623,12,0.0250658337026834,2.8626046180725098
Energy-force-only EquiformerV2 AD,28375,7624,17,0.0039673009887337,1.8843048810958865
Energy-force-only EquiformerV2 AD,33291,7625,14,0.0080533819273114,3.040250062942505
Energy-force-only EquiformerV2 AD,43738,7626,12,0.0228713750839233,2.887038230895996
Energy-force-only EquiformerV2 AD,22603,7627,13,0.0077627594582736,2.1175971031188965
Energy-force-only EquiformerV2 AD,50108,7628,16,0.0084782876074314,1.864879250526428
Energy-force-only EquiformerV2 AD,45212,7629,14,0.0244715958833694,1.251529335975647
Energy-force-only EquiformerV2 AD,44606,7630,16,0.0086908964440226,0.969050943851471
Energy-force-only EquiformerV2 AD,31088,7631,14,0.0125447940081357,1.2336634397506714
Energy-force-only EquiformerV2 AD,42621,7632,15,0.0387182123959064,2.237404584884644
Energy-force-only EquiformerV2 AD,7468,7633,18,0.0511282496154308,1.46874737739563
Energy-force-only EquiformerV2 AD,10120,7634,12,0.0268587674945592,1.9337080717086792
Energy-force-only EquiformerV2 AD,38555,7635,13,0.0137020200490951,2.18645453453064
Energy-force-only EquiformerV2 AD,48596,7636,10,0.0044119665399193,3.162841320037842
Energy-force-only EquiformerV2 AD,4382,7637,15,0.0054143769666552,2.035057783126831
Energy-force-only EquiformerV2 AD,44057,7638,13,0.0068615926429629,1.824991226196289
Energy-force-only EquiformerV2 AD,49999,7639,14,0.0118496846407651,1.9904054403305047
Energy-force-only EquiformerV2 AD,24728,7640,13,0.020050261169672,1.805005431175232
Energy-force-only EquiformerV2 AD,25211,7641,14,0.0066850781440734,2.198256492614746
Energy-force-only EquiformerV2 AD,6572,7642,16,0.0131579441949725,1.7471777200698853
Energy-force-only EquiformerV2 AD,20382,7643,12,0.0073248273693025,2.700366973876953
Energy-force-only EquiformerV2 AD,32394,7644,14,0.0097904289141297,2.36168909072876
Energy-force-only EquiformerV2 AD,7255,7645,15,0.0186714101582765,1.5489119291305542
Energy-force-only EquiformerV2 AD,20248,7646,11,0.0163896456360816,2.8823745250701904
Energy-force-only EquiformerV2 AD,49389,7647,16,0.0177365094423294,1.5862219333648682
Energy-force-only EquiformerV2 AD,38785,7648,18,0.0055977012962102,1.5671621561050415
Energy-force-only EquiformerV2 AD,49135,7649,15,0.0160858985036611,1.5752445459365845
Energy-force-only EquiformerV2 AD,47818,7650,11,0.0279368758201599,3.695627927780152
Energy-force-only EquiformerV2 AD,47804,7651,14,0.0092747854068875,2.2229158878326416
Energy-force-only EquiformerV2 AD,28204,7652,16,0.0059922514483332,2.255279541015625
Energy-force-only EquiformerV2 AD,18381,7653,19,0.0044232592917978,1.5739595890045166
Energy-force-only EquiformerV2 AD,47875,7654,11,0.0284227691590785,2.768357753753662
Energy-force-only EquiformerV2 AD,23848,7655,16,0.0313705764710903,2.5383870601654053
Energy-force-only EquiformerV2 AD,43365,7656,11,0.0150560159236192,3.3016648292541504
Energy-force-only EquiformerV2 AD,48792,7657,14,0.008596109226346,2.440833330154419
Energy-force-only EquiformerV2 AD,42259,7658,14,0.0111588425934314,1.6850765943527222
Energy-force-only EquiformerV2 AD,37681,7659,16,0.0295136850327253,1.6964296102523804
Energy-force-only EquiformerV2 AD,2515,7660,13,0.0085411230102181,2.202721118927002
Energy-force-only EquiformerV2 AD,27440,7661,16,0.0328692942857742,1.2043144702911377
Energy-force-only EquiformerV2 AD,35172,7662,17,0.0107783377170562,0.9829163551330566
Energy-force-only EquiformerV2 AD,25739,7663,15,0.0125920064747333,2.4059367179870605
Energy-force-only EquiformerV2 AD,5716,7664,21,0.0061710085719823,0.9607256054878236
Energy-force-only EquiformerV2 AD,1697,7665,9,0.0145129030570387,3.037207126617432
Energy-force-only EquiformerV2 AD,38914,7666,14,0.0118091283366084,1.2950670719146729
Energy-force-only EquiformerV2 AD,12060,7667,7,0.0224566720426082,6.211904048919678
Energy-force-only EquiformerV2 AD,39244,7668,12,0.0158806834369897,2.476560354232788
Energy-force-only EquiformerV2 AD,43298,7669,12,0.0392047092318534,2.6241817474365234
Energy-force-only EquiformerV2 AD,7912,7670,19,0.0080778840929269,1.2445156574249268
Energy-force-only EquiformerV2 AD,8627,7671,14,0.0120960818603634,1.4073430299758911
Energy-force-only EquiformerV2 AD,18078,7672,19,0.0088438494130969,1.4812932014465332
Energy-force-only EquiformerV2 AD,9419,7673,14,0.0305562280118465,2.57079815864563
Energy-force-only EquiformerV2 AD,5005,7674,10,0.0304430890828371,2.7211530208587646
Energy-force-only EquiformerV2 AD,43785,7675,14,0.0089530916884541,2.2078378200531006
Energy-force-only EquiformerV2 AD,3304,7676,16,0.003535209223628,1.907464623451233
Energy-force-only EquiformerV2 AD,19640,7677,12,0.009687521494925,2.3477933406829834
Energy-force-only EquiformerV2 AD,47588,7678,16,0.0062470114789903,1.39240562915802
Energy-force-only EquiformerV2 AD,17395,7679,14,0.0064879246056079,1.8536919355392456
Energy-force-only EquiformerV2 AD,19244,7680,13,0.0083259912207722,2.557621955871582
Energy-force-only EquiformerV2 AD,44088,7681,15,0.0197766311466693,2.02101469039917
Energy-force-only EquiformerV2 AD,43937,7682,13,0.0113207250833511,2.734555244445801
Energy-force-only EquiformerV2 AD,10381,7683,14,0.0048171714879572,2.311816453933716
Energy-force-only EquiformerV2 AD,44448,7684,19,0.0199377294629812,0.5760196447372437
Energy-force-only EquiformerV2 AD,50226,7685,16,0.0129720829427242,1.1115198135375977
Energy-force-only EquiformerV2 AD,50307,7686,17,0.0054627549834549,1.4663598537445068
Energy-force-only EquiformerV2 AD,17407,7687,14,0.007246094290167,2.6417152881622314
Energy-force-only EquiformerV2 AD,42333,7688,10,0.0114782201126217,3.905511379241944
Energy-force-only EquiformerV2 AD,41043,7689,14,0.008171135559678,1.687441110610962
Energy-force-only EquiformerV2 AD,14661,7690,18,0.0108583914116024,0.9954045414924622
Energy-force-only EquiformerV2 AD,13372,7691,15,0.0292060729116201,1.4428346157073977
Energy-force-only EquiformerV2 AD,39917,7692,11,0.0306433122605085,2.360121011734009
Energy-force-only EquiformerV2 AD,8880,7693,8,0.0356064289808273,3.523133516311645
Energy-force-only EquiformerV2 AD,45688,7694,17,0.0215876810252666,0.9690792560577391
Energy-force-only EquiformerV2 AD,5844,7695,15,0.0417145192623138,2.644369840621948
Energy-force-only EquiformerV2 AD,42021,7696,15,0.0042562736198306,2.14329195022583
Energy-force-only EquiformerV2 AD,44221,7697,12,0.053059447556734,1.7185850143432615
Energy-force-only EquiformerV2 AD,616,7698,13,0.0146339535713195,1.97248375415802
Energy-force-only EquiformerV2 AD,44481,7699,14,0.0038754662964493,1.955470085144043
Energy-force-only EquiformerV2 AD,32579,7700,19,0.0094737578183412,1.2594197988510132
Energy-force-only EquiformerV2 AD,11719,7701,14,0.0244017280638217,1.8822718858718872
Energy-force-only EquiformerV2 AD,1768,7702,11,0.007598543073982,3.606730937957764
Energy-force-only EquiformerV2 AD,43651,7703,14,0.0221266895532608,2.2424635887146
Energy-force-only EquiformerV2 AD,17510,7704,15,0.0257755611091852,3.089055299758911
Energy-force-only EquiformerV2 AD,38220,7705,11,0.009715967811644,2.0670950412750244
Energy-force-only EquiformerV2 AD,29448,7706,15,0.0178962629288434,1.580934762954712
Energy-force-only EquiformerV2 AD,47081,7707,17,0.0099170487374067,1.2495356798171997
Energy-force-only EquiformerV2 AD,47239,7708,14,0.0232495181262493,2.574946165084839
Energy-force-only EquiformerV2 AD,34794,7709,16,0.0072236014530062,1.4443813562393188
Energy-force-only EquiformerV2 AD,28588,7710,14,0.0221625883132219,2.002063512802124
Energy-force-only EquiformerV2 AD,10797,7711,15,0.0109335212036967,1.7134382724761963
Energy-force-only EquiformerV2 AD,37762,7712,15,0.0147457644343376,1.985208511352539
Energy-force-only EquiformerV2 AD,37606,7713,15,0.0143221067264676,1.90921413898468
Energy-force-only EquiformerV2 AD,12221,7714,15,0.013806153088808,1.5748183727264404
Energy-force-only EquiformerV2 AD,50834,7715,15,0.0058495732955634,1.6912355422973633
Energy-force-only EquiformerV2 AD,10131,7716,19,0.0026099416427314,1.425732135772705
Energy-force-only EquiformerV2 AD,39637,7717,14,0.0063889157027006,1.6484365463256836
Energy-force-only EquiformerV2 AD,31595,7718,14,0.0075502470135688,1.498708963394165
Energy-force-only EquiformerV2 AD,32003,7719,17,0.0082369968295097,1.2847131490707395
Energy-force-only EquiformerV2 AD,41051,7720,14,0.0091723641380667,2.3401803970336914
Energy-force-only EquiformerV2 AD,39020,7721,16,0.0059054559096693,1.4805731773376465
Energy-force-only EquiformerV2 AD,33522,7722,10,0.0372315496206283,3.3468241691589355
Energy-force-only EquiformerV2 AD,32604,7723,12,0.0087636467069387,2.582102060317993
Energy-force-only EquiformerV2 AD,19612,7724,10,0.0661152824759483,3.593503713607788
Energy-force-only EquiformerV2 AD,46487,7725,9,0.0391820110380649,2.8152964115142822
Energy-force-only EquiformerV2 AD,48986,7726,11,0.0124083943665027,2.610369920730591
Energy-force-only EquiformerV2 AD,38500,7727,15,0.0121395708993077,2.0607149600982666
Energy-force-only EquiformerV2 AD,33112,7728,14,0.0123505508527159,1.3688164949417114
Energy-force-only EquiformerV2 AD,4932,7729,11,0.0170369781553745,2.6300110816955566
Energy-force-only EquiformerV2 AD,6702,7730,15,0.0102365920320153,1.4345489740371704
Energy-force-only EquiformerV2 AD,38088,7731,13,0.0272971615195274,2.687713861465454
Energy-force-only EquiformerV2 AD,37144,7732,10,0.1145113557577133,2.27523136138916
Energy-force-only EquiformerV2 AD,14089,7733,15,0.045067973434925,1.857958436012268
Energy-force-only EquiformerV2 AD,48803,7734,16,0.0093794520944356,1.736297607421875
Energy-force-only EquiformerV2 AD,30751,7735,12,0.0051604197360575,2.7249319553375244
Energy-force-only EquiformerV2 AD,18669,7736,16,0.0071047013625502,2.220414400100708
Energy-force-only EquiformerV2 AD,27305,7737,13,0.0121248960494995,2.130995512008667
Energy-force-only EquiformerV2 AD,894,7738,18,0.0100385202094912,1.3004627227783203
Energy-force-only EquiformerV2 AD,26936,7739,19,0.0662412941455841,1.6388649940490725
Energy-force-only EquiformerV2 AD,8,7740,12,0.0429350733757019,2.715670824050904
Energy-force-only EquiformerV2 AD,3307,7741,11,0.0268354620784521,2.460299730300904
Energy-force-only EquiformerV2 AD,35491,7742,13,0.0142654171213507,2.387256145477295
Energy-force-only EquiformerV2 AD,28205,7743,11,0.0066971438936889,2.8441691398620605
Energy-force-only EquiformerV2 AD,32610,7744,9,0.0202906522899866,3.974975824356079
Energy-force-only EquiformerV2 AD,25709,7745,10,0.0139517402276396,3.902431964874268
Energy-force-only EquiformerV2 AD,28811,7746,14,0.0123317241668701,2.546722412109375
Energy-force-only EquiformerV2 AD,40148,7747,15,0.0193560980260372,2.632588624954224
Energy-force-only EquiformerV2 AD,20265,7748,16,0.0072192917577922,1.3800413608551023
Energy-force-only EquiformerV2 AD,36535,7749,16,0.0117757748812437,1.5680102109909058
Energy-force-only EquiformerV2 AD,7698,7750,12,0.0316438004374504,2.717290163040161
Energy-force-only EquiformerV2 AD,36485,7751,14,0.0201415941119194,2.322767734527588
Energy-force-only EquiformerV2 AD,42675,7752,14,0.0163374338299036,1.7009979486465454
Energy-force-only EquiformerV2 AD,35197,7753,13,0.0058295498602092,2.627387523651123
Energy-force-only EquiformerV2 AD,36122,7754,13,0.0551936589181423,3.77303147315979
Energy-force-only EquiformerV2 AD,44927,7755,14,0.0176531113684177,2.071101188659668
Energy-force-only EquiformerV2 AD,17370,7756,10,0.0296785049140453,3.968926668167114
Energy-force-only EquiformerV2 AD,24757,7757,12,0.0146350692957639,2.6326537132263184
Energy-force-only EquiformerV2 AD,44531,7758,15,0.0132828848436474,1.8989983797073364
Energy-force-only EquiformerV2 AD,37221,7759,13,0.0124661996960639,2.395207166671753
Energy-force-only EquiformerV2 AD,11295,7760,15,0.0149717386811971,2.510751485824585
Energy-force-only EquiformerV2 AD,37442,7761,13,0.0094643589109182,2.1797778606414795
Energy-force-only EquiformerV2 AD,49070,7762,12,0.0191107187420129,2.656731605529785
Energy-force-only EquiformerV2 AD,21751,7763,16,0.0151004791259765,1.1631704568862915
Energy-force-only EquiformerV2 AD,7636,7764,12,0.0063134389929473,2.761314630508423
Energy-force-only EquiformerV2 AD,9230,7765,12,0.0235446691513061,2.433156728744507
Energy-force-only EquiformerV2 AD,47846,7766,12,0.0638015642762184,2.7029452323913574
Energy-force-only EquiformerV2 AD,33446,7767,9,0.0622095465660095,3.2963685989379883
Energy-force-only EquiformerV2 AD,1378,7768,16,0.0185017175972461,1.7469253540039062
Energy-force-only EquiformerV2 AD,43637,7769,17,0.0050421664491295,1.909709453582764
Energy-force-only EquiformerV2 AD,39553,7770,14,0.0082696359604597,2.44016170501709
Energy-force-only EquiformerV2 AD,20174,7771,17,0.0050276438705623,1.5256716012954712
Energy-force-only EquiformerV2 AD,41614,7772,16,0.004365099593997,1.719966173171997
Energy-force-only EquiformerV2 AD,5311,7773,19,0.0055086491629481,1.3802729845046997
Energy-force-only EquiformerV2 AD,47245,7774,15,0.0066319932229816,1.8102515935897827
Energy-force-only EquiformerV2 AD,5839,7775,14,0.0084447134286165,1.8104777336120603
Energy-force-only EquiformerV2 AD,8892,7776,11,0.015334814786911,2.602879524230957
Energy-force-only EquiformerV2 AD,13228,7777,14,0.0162017699331045,1.969764351844788
Energy-force-only EquiformerV2 AD,14268,7778,16,0.0121406279504299,1.849370360374451
Energy-force-only EquiformerV2 AD,48296,7779,13,0.0052216630429029,1.7659685611724854
Energy-force-only EquiformerV2 AD,6762,7780,16,0.0102021470665931,1.4113047122955322
Energy-force-only EquiformerV2 AD,39273,7781,16,0.0095193106681108,1.5678714513778689
Energy-force-only EquiformerV2 AD,42851,7782,14,0.0101994629949331,2.017199993133545
Energy-force-only EquiformerV2 AD,12506,7783,14,0.0117390528321266,1.8961832523345947
Energy-force-only EquiformerV2 AD,17924,7784,11,0.0053169983439147,2.8338844776153564
Energy-force-only EquiformerV2 AD,12063,7785,14,0.0331486910581588,2.5806803703308105
Energy-force-only EquiformerV2 AD,50740,7786,14,0.008457351475954,1.721078395843506
Energy-force-only EquiformerV2 AD,29910,7787,19,0.0054502920247614,1.1387596130371094
Energy-force-only EquiformerV2 AD,7927,7788,13,0.0418522730469703,3.884427547454834
Energy-force-only EquiformerV2 AD,41751,7789,15,0.0153335575014352,1.6251596212387085
Energy-force-only EquiformerV2 AD,23638,7790,17,0.005027518607676,1.792705535888672
Energy-force-only EquiformerV2 AD,50708,7791,8,0.0912826210260391,3.619934558868408
Energy-force-only EquiformerV2 AD,43100,7792,14,0.0136647196486592,1.7146748304367063
Energy-force-only EquiformerV2 AD,34273,7793,16,0.0103067811578512,1.885826587677002
Energy-force-only EquiformerV2 AD,44786,7794,14,0.0108237005770206,1.7721928358078003
Energy-force-only EquiformerV2 AD,9996,7795,17,0.0073027764447033,1.372128129005432
Energy-force-only EquiformerV2 AD,18217,7796,12,0.0108129829168319,2.4852919578552246
Energy-force-only EquiformerV2 AD,7784,7797,15,0.0098904622718691,1.90877652168274
Energy-force-only EquiformerV2 AD,32529,7798,16,0.006934234406799,2.166619062423706
Energy-force-only EquiformerV2 AD,47794,7799,13,0.0220958236604928,2.204563617706299
Energy-force-only EquiformerV2 AD,35993,7800,21,0.0081155048683285,1.147679567337036
Energy-force-only EquiformerV2 AD,11470,7801,17,0.0751572176814079,1.799787163734436
Energy-force-only EquiformerV2 AD,39745,7802,15,0.0100030498579144,1.445645451545715
Energy-force-only EquiformerV2 AD,43598,7803,15,0.0362550094723701,1.1911581754684448
Energy-force-only EquiformerV2 AD,9170,7804,15,0.0105168176814913,1.191201090812683
Energy-force-only EquiformerV2 AD,44729,7805,10,0.0144196143373847,4.240273952484131
Energy-force-only EquiformerV2 AD,24143,7806,17,0.0163826793432235,1.3931034803390503
Energy-force-only EquiformerV2 AD,9491,7807,10,0.0073972879908978,3.026287794113159
Energy-force-only EquiformerV2 AD,46109,7808,13,0.0122597645968198,2.5074574947357178
Energy-force-only EquiformerV2 AD,43875,7809,19,0.004254441242665,1.4138388633728027
Energy-force-only EquiformerV2 AD,16891,7810,16,0.0065801157616078,1.798860788345337
Energy-force-only EquiformerV2 AD,13811,7811,12,0.0333750732243061,4.450266361236572
Energy-force-only EquiformerV2 AD,15995,7812,14,0.0072852936573326,1.8718217611312864
Energy-force-only EquiformerV2 AD,33751,7813,16,0.0096355834975838,1.8192287683486936
Energy-force-only EquiformerV2 AD,18300,7814,13,0.0128950336948037,1.6452109813690186
Energy-force-only EquiformerV2 AD,11560,7815,9,0.0412757210433483,5.076150417327881
Energy-force-only EquiformerV2 AD,46767,7816,15,0.0187099706381559,2.6922154426574707
Energy-force-only EquiformerV2 AD,41027,7817,15,0.0237340182065963,2.0865042209625244
Energy-force-only EquiformerV2 AD,26219,7818,14,0.0172075908631086,1.581080436706543
Energy-force-only EquiformerV2 AD,37290,7819,16,0.016737587749958,1.5005474090576172
Energy-force-only EquiformerV2 AD,14598,7820,14,0.0331992171704769,2.102656841278076
Energy-force-only EquiformerV2 AD,16416,7821,14,0.0290145967155694,2.908984899520874
Energy-force-only EquiformerV2 AD,13524,7822,19,0.0056878458708524,1.2080645561218262
Energy-force-only EquiformerV2 AD,27341,7823,16,0.0048447335138916,1.5522606372833252
Energy-force-only EquiformerV2 AD,44874,7824,18,0.0061860284768044,0.8705440759658813
Energy-force-only EquiformerV2 AD,38832,7825,17,0.027529951184988,1.6147533655166626
Energy-force-only EquiformerV2 AD,11394,7826,16,0.0090475222095847,1.6714471578598022
Energy-force-only EquiformerV2 AD,5171,7827,15,0.0066844220273196,1.8210514783859253
Energy-force-only EquiformerV2 AD,42703,7828,10,0.0253415964543819,3.1591906547546387
Energy-force-only EquiformerV2 AD,21708,7829,15,0.0068742460571229,1.971802353858948
Energy-force-only EquiformerV2 AD,26521,7830,11,0.0332985296845436,3.0172486305236816
Energy-force-only EquiformerV2 AD,18880,7831,10,0.0089760860428214,2.582930088043213
Energy-force-only EquiformerV2 AD,3824,7832,12,0.0292584970593452,4.626150131225586
Energy-force-only EquiformerV2 AD,31653,7833,11,0.1077315211296081,3.653388261795044
Energy-force-only EquiformerV2 AD,12374,7834,18,0.0091789942234754,1.7079498767852783
Energy-force-only EquiformerV2 AD,47578,7835,11,0.0705776065587997,3.073298454284668
Energy-force-only EquiformerV2 AD,20849,7836,12,0.0190381668508052,2.9100770950317383
Energy-force-only EquiformerV2 AD,21665,7837,14,0.0319824181497097,1.584072828292847
Energy-force-only EquiformerV2 AD,2142,7838,13,0.0195936430245637,1.970072746276856
Energy-force-only EquiformerV2 AD,36705,7839,17,0.0148467225953936,1.9416382312774656
Energy-force-only EquiformerV2 AD,8741,7840,11,0.0152725223451852,4.384374618530273
Energy-force-only EquiformerV2 AD,9641,7841,12,0.0134579129517078,2.7528631687164307
Energy-force-only EquiformerV2 AD,30541,7842,11,0.0261571928858757,3.276099443435669
Energy-force-only EquiformerV2 AD,33581,7843,15,0.0045460341498255,2.159452676773072
Energy-force-only EquiformerV2 AD,13059,7844,9,0.0347604341804981,4.437554836273193
Energy-force-only EquiformerV2 AD,20602,7845,19,0.0092191928997635,1.633611083030701
Energy-force-only EquiformerV2 AD,7298,7846,18,0.0094355717301368,1.6196764707565308
Energy-force-only EquiformerV2 AD,20685,7847,17,0.0623093880712986,2.097062826156616
Energy-force-only EquiformerV2 AD,30410,7848,11,0.0194652378559112,2.5575575828552246
Energy-force-only EquiformerV2 AD,36930,7849,18,0.0052545955404639,1.2223517894744873
Energy-force-only EquiformerV2 AD,20848,7850,15,0.0972567051649093,1.5032728910446167
Energy-force-only EquiformerV2 AD,39862,7851,10,0.0138120139017701,4.947809219360352
Energy-force-only EquiformerV2 AD,968,7852,15,0.0092356139793992,2.255989551544189
Energy-force-only EquiformerV2 AD,43758,7853,15,0.0128754908218979,1.5528558492660522
Energy-force-only EquiformerV2 AD,39364,7854,12,0.0169306099414825,3.0617501735687256
Energy-force-only EquiformerV2 AD,9237,7855,16,0.0104093495756387,1.3173454999923706
Energy-force-only EquiformerV2 AD,16924,7856,15,0.0051636649295687,2.121690273284912
Energy-force-only EquiformerV2 AD,49414,7857,8,0.022462960332632,4.331633567810059
Energy-force-only EquiformerV2 AD,32970,7858,16,0.0097986897453665,1.8041695356369016
Energy-force-only EquiformerV2 AD,17685,7859,16,0.0096277063712477,1.7701094150543213
Energy-force-only EquiformerV2 AD,438,7860,15,0.0188003033399581,1.652053713798523
Energy-force-only EquiformerV2 AD,16127,7861,16,0.0092514222487807,1.9436081647872925
Energy-force-only EquiformerV2 AD,38012,7862,12,0.0133062563836574,2.498378038406372
Energy-force-only EquiformerV2 AD,26060,7863,15,0.0095652770251035,2.2782320976257324
Energy-force-only EquiformerV2 AD,24974,7864,11,0.0224234703928232,2.7935986518859863
Energy-force-only EquiformerV2 AD,25012,7865,12,0.0098708244040608,3.219862937927246
Energy-force-only EquiformerV2 AD,47888,7866,11,0.0078093563206493,3.1291232109069824
Energy-force-only EquiformerV2 AD,15321,7867,11,0.0113649414852261,2.877091884613037
Energy-force-only EquiformerV2 AD,43178,7868,11,0.0600775741040706,3.614669799804688
Energy-force-only EquiformerV2 AD,91,7869,10,0.0369245558977127,3.137141466140747
Energy-force-only EquiformerV2 AD,47401,7870,14,0.0214690808206796,2.456371307373047
Energy-force-only EquiformerV2 AD,26377,7871,13,0.029858399182558,2.347424268722534
Energy-force-only EquiformerV2 AD,36481,7872,19,0.0082456870004534,1.1425515413284302
Energy-force-only EquiformerV2 AD,30215,7873,14,0.0137931481003761,2.311352729797364
Energy-force-only EquiformerV2 AD,1989,7874,10,0.1974631547927856,3.69270133972168
Energy-force-only EquiformerV2 AD,18896,7875,16,0.0370109304785728,1.039045810699463
Energy-force-only EquiformerV2 AD,22880,7876,15,0.0164257418364286,2.084772825241089
Energy-force-only EquiformerV2 AD,16283,7877,14,0.0115657355636358,2.292836904525757
Energy-force-only EquiformerV2 AD,33201,7878,11,0.0071551925502717,3.5869808197021484
Energy-force-only EquiformerV2 AD,27248,7879,15,0.0161908939480781,1.8467940092086792
Energy-force-only EquiformerV2 AD,9812,7880,12,0.0157049540430307,2.024949550628662
Energy-force-only EquiformerV2 AD,4196,7881,15,0.0061422446742653,1.605601191520691
Energy-force-only EquiformerV2 AD,37923,7882,11,0.010883804410696,3.244816303253174
Energy-force-only EquiformerV2 AD,7570,7883,12,0.0222436282783746,2.9805636405944824
Energy-force-only EquiformerV2 AD,39844,7884,15,0.031496625393629,1.7439380884170532
Energy-force-only EquiformerV2 AD,32907,7885,12,0.0270581413060426,2.9378085136413574
Energy-force-only EquiformerV2 AD,41011,7886,11,0.00517736421898,3.8612990379333496
Energy-force-only EquiformerV2 AD,36908,7887,11,0.0041645532473921,2.246403455734253
Energy-force-only EquiformerV2 AD,11314,7888,12,0.0132375424727797,2.32519268989563
Energy-force-only EquiformerV2 AD,24685,7889,10,0.0145581113174557,2.972505569458008
Energy-force-only EquiformerV2 AD,11372,7890,12,0.0184754524379968,2.4180493354797363
Energy-force-only EquiformerV2 AD,7469,7891,14,0.0091932443901896,1.7421205043792725
Energy-force-only EquiformerV2 AD,20065,7892,15,0.0247802790254354,2.4420149326324463
Energy-force-only EquiformerV2 AD,50696,7893,9,0.0150037566199898,2.82055401802063
Energy-force-only EquiformerV2 AD,28753,7894,12,0.017823003232479,2.730527639389038
Energy-force-only EquiformerV2 AD,44548,7895,15,0.0077546583488583,1.6263951063156128
Energy-force-only EquiformerV2 AD,31361,7896,13,0.0263997223228216,2.562511920928955
Energy-force-only EquiformerV2 AD,17439,7897,19,0.0145958960056304,0.6260030269622803
Energy-force-only EquiformerV2 AD,2969,7898,10,0.0416642352938652,3.754807949066162
Energy-force-only EquiformerV2 AD,50200,7899,14,0.0054417145438492,1.5864259004592896
Energy-force-only EquiformerV2 AD,11686,7900,14,0.0063542453572154,2.169329166412353
Energy-force-only EquiformerV2 AD,50756,7901,12,0.0402225442230701,3.0430688858032227
Energy-force-only EquiformerV2 AD,35356,7902,18,0.0207051075994968,1.4120560884475708
Energy-force-only EquiformerV2 AD,21032,7903,13,0.0073542525060474,3.3798727989196777
Energy-force-only EquiformerV2 AD,8600,7904,13,0.0298456959426403,2.0026094913482666
Energy-force-only EquiformerV2 AD,6700,7905,19,0.0165640637278556,0.6118919849395752
Energy-force-only EquiformerV2 AD,35238,7906,16,0.0141104264184832,1.901401162147522
Energy-force-only EquiformerV2 AD,3193,7907,19,0.0331599600613117,2.09995985031128
Energy-force-only EquiformerV2 AD,46259,7908,14,0.0083372052758932,2.319905996322632
Energy-force-only EquiformerV2 AD,43568,7909,17,0.020761452615261,1.8559244871139529
Energy-force-only EquiformerV2 AD,35989,7910,11,0.0072193564847111,3.050171375274658
Energy-force-only EquiformerV2 AD,37674,7911,13,0.0324508920311927,1.9394853115081787
Energy-force-only EquiformerV2 AD,30147,7912,16,0.0042709619738161,1.6816526651382446
Energy-force-only EquiformerV2 AD,2602,7913,15,0.0120299207046628,1.9153722524642944
Energy-force-only EquiformerV2 AD,49449,7914,13,0.0630243569612503,1.4526500701904297
Energy-force-only EquiformerV2 AD,2543,7915,15,0.00941127166152,1.478257179260254
Energy-force-only EquiformerV2 AD,42401,7916,7,0.0097917523235082,6.056899070739746
Energy-force-only EquiformerV2 AD,12284,7917,14,0.0249928664416074,2.331315755844116
Energy-force-only EquiformerV2 AD,4187,7918,10,0.0048945755697786,3.7697136402130127
Energy-force-only EquiformerV2 AD,2404,7919,19,0.0057636173442006,1.0520004034042358
Energy-force-only EquiformerV2 AD,21444,7920,10,0.029514105990529,2.173282623291016
Energy-force-only EquiformerV2 AD,20384,7921,9,0.0898843556642532,3.394456624984741
Energy-force-only EquiformerV2 AD,44047,7922,12,0.0105016157031059,2.50431489944458
Energy-force-only EquiformerV2 AD,43289,7923,11,0.0130129409953951,4.173853874206543
Energy-force-only EquiformerV2 AD,17520,7924,12,0.0949451699852943,3.150286674499512
Energy-force-only EquiformerV2 AD,50342,7925,14,0.007361901924014,2.0673036575317383
Energy-force-only EquiformerV2 AD,1098,7926,14,0.0233050864189863,1.9860104322433472
Energy-force-only EquiformerV2 AD,37151,7927,15,0.0157012790441513,2.2422103881835938
Energy-force-only EquiformerV2 AD,13937,7928,11,0.0306720677763223,3.052748680114746
Energy-force-only EquiformerV2 AD,37889,7929,14,0.0424802377820014,2.176941394805908
Energy-force-only EquiformerV2 AD,35713,7930,14,0.0119716385379433,2.274767637252808
Energy-force-only EquiformerV2 AD,27680,7931,17,0.0102481143549084,1.74656081199646
Energy-force-only EquiformerV2 AD,15850,7932,14,0.0220584217458963,1.6830252408981323
Energy-force-only EquiformerV2 AD,36916,7933,9,0.0838117375969886,4.198960304260254
Energy-force-only EquiformerV2 AD,5340,7934,19,0.0058633326552808,1.454338788986206
Energy-force-only EquiformerV2 AD,40815,7935,15,0.0128772910684347,1.6616411209106443
Energy-force-only EquiformerV2 AD,5431,7936,16,0.0044137458316981,1.6694738864898682
Energy-force-only EquiformerV2 AD,28983,7937,14,0.0100452955812215,2.409757614135742
Energy-force-only EquiformerV2 AD,47438,7938,18,0.0093731144443154,1.8897887468338013
Energy-force-only EquiformerV2 AD,27486,7939,15,0.0262884628027677,2.1129519939422607
Energy-force-only EquiformerV2 AD,38242,7940,11,0.0349668599665164,2.4450173377990723
Energy-force-only EquiformerV2 AD,3015,7941,17,0.0120894983410835,2.190382719039917
Energy-force-only EquiformerV2 AD,22439,7942,16,0.0140381110832095,1.7432198524475098
Energy-force-only EquiformerV2 AD,594,7943,14,0.0196033306419849,2.98792576789856
Energy-force-only EquiformerV2 AD,41734,7944,13,0.0157165452837944,1.5203936100006104
Energy-force-only EquiformerV2 AD,953,7945,12,0.0096169812604784,3.3253490924835205
Energy-force-only EquiformerV2 AD,22634,7946,10,0.0136177688837051,4.639071464538574
Energy-force-only EquiformerV2 AD,36789,7947,21,0.0062123625539243,1.1376241445541382
Energy-force-only EquiformerV2 AD,6918,7948,13,0.0145646193996071,1.9759414196014404
Energy-force-only EquiformerV2 AD,11053,7949,14,0.0055268793366849,2.001124382019043
Energy-force-only EquiformerV2 AD,37662,7950,14,0.0099859181791543,2.2798843383789062
Energy-force-only EquiformerV2 AD,49492,7951,17,0.0105607323348522,1.6774479150772097
Energy-force-only EquiformerV2 AD,32934,7952,16,0.0105406306684017,1.5722824335098269
Energy-force-only EquiformerV2 AD,29811,7953,13,0.0400091260671615,3.9414687156677246
Energy-force-only EquiformerV2 AD,23385,7954,16,0.010639265179634,2.175776958465576
Energy-force-only EquiformerV2 AD,19649,7955,17,0.0062727970071136,1.3526428937911987
Energy-force-only EquiformerV2 AD,32955,7956,17,0.018952464684844,0.7412022948265076
Energy-force-only EquiformerV2 AD,17885,7957,10,0.0163503494113683,3.000781774520874
Energy-force-only EquiformerV2 AD,24687,7958,14,0.0062194503843784,1.9863353967666624
Energy-force-only EquiformerV2 AD,28720,7959,13,0.0133816264569759,2.6850881576538086
Energy-force-only EquiformerV2 AD,43273,7960,12,0.0323806330561637,0.9700067043304444
Energy-force-only EquiformerV2 AD,10510,7961,12,0.0187676791101694,3.132735013961792
Energy-force-only EquiformerV2 AD,7586,7962,19,0.0042458926327526,1.3676013946533203
Energy-force-only EquiformerV2 AD,38676,7963,16,0.0373270735144615,1.2552725076675415
Energy-force-only EquiformerV2 AD,21016,7964,13,0.0468218587338924,0.8203184604644775
Energy-force-only EquiformerV2 AD,42156,7965,14,0.0314481779932975,2.0757932662963867
Energy-force-only EquiformerV2 AD,37887,7966,10,0.0545921102166175,2.789025068283081
Energy-force-only EquiformerV2 AD,42428,7967,12,0.0529658123850822,2.355616331100464
Energy-force-only EquiformerV2 AD,49452,7968,15,0.0164978895336389,1.2013192176818848
Energy-force-only EquiformerV2 AD,24454,7969,13,0.0153555944561958,1.8139357566833496
Energy-force-only EquiformerV2 AD,10462,7970,14,0.0120042199268937,2.003134727478028
Energy-force-only EquiformerV2 AD,38213,7971,12,0.0275036599487066,2.8054003715515137
Energy-force-only EquiformerV2 AD,23803,7972,12,0.0186491589993238,2.5229380130767822
Energy-force-only EquiformerV2 AD,25320,7973,11,0.0115550691261887,3.2053847312927246
Energy-force-only EquiformerV2 AD,29707,7974,15,0.0131306890398263,2.31964111328125
Energy-force-only EquiformerV2 AD,2349,7975,17,0.0092329429462552,1.379033088684082
Energy-force-only EquiformerV2 AD,38864,7976,10,0.0110563822090625,3.3806395530700684
Energy-force-only EquiformerV2 AD,30253,7977,13,0.0185341257601976,1.6971241235733032
Energy-force-only EquiformerV2 AD,42313,7978,14,0.0249772816896438,1.9202802181243896
Energy-force-only EquiformerV2 AD,26346,7979,8,0.0610829591751098,3.2816832065582275
Energy-force-only EquiformerV2 AD,15961,7980,12,0.0047310083173215,2.7981698513031006
Energy-force-only EquiformerV2 AD,15026,7981,10,0.0182470772415399,2.993736743927002
Energy-force-only EquiformerV2 AD,41395,7982,13,0.0032698344439268,2.5658278465271
Energy-force-only EquiformerV2 AD,30040,7983,15,0.0069507188163697,2.00238299369812
Energy-force-only EquiformerV2 AD,19433,7984,15,0.0048926738090813,1.6186776161193848
Energy-force-only EquiformerV2 AD,44390,7985,13,0.0203726943582296,2.2905189990997314
Energy-force-only EquiformerV2 AD,23254,7986,17,0.0125489756464958,1.533804178237915
Energy-force-only EquiformerV2 AD,35931,7987,7,0.0199827551841735,7.6569976806640625
Energy-force-only EquiformerV2 AD,16327,7988,11,0.0182844549417495,4.110887050628662
Energy-force-only EquiformerV2 AD,24573,7989,19,0.0250530708581209,0.8636116981506348
Energy-force-only EquiformerV2 AD,6701,7990,14,0.0212017334997653,2.2772161960601807
Energy-force-only EquiformerV2 AD,2271,7991,12,0.0197580754756927,2.80513858795166
Energy-force-only EquiformerV2 AD,2484,7992,15,0.0080627892166376,2.369607925415039
Energy-force-only EquiformerV2 AD,36245,7993,13,0.0056809880770742,2.5549421310424805
Energy-force-only EquiformerV2 AD,8515,7994,17,0.0062334290705621,1.7212238311767578
Energy-force-only EquiformerV2 AD,32162,7995,14,0.0158563256263732,2.1606147289276123
Energy-force-only EquiformerV2 AD,42569,7996,14,0.0062916465103626,1.895577311515808
Energy-force-only EquiformerV2 AD,37728,7997,14,0.012974458746612,1.7815035581588743
Energy-force-only EquiformerV2 AD,41486,7998,16,0.0115227401256561,1.7686244249343872
Energy-force-only EquiformerV2 AD,45874,7999,13,0.0163124203681945,2.643085241317749
Energy-force-only EquiformerV2 AD,36633,8000,15,0.0034662254620343,2.15238618850708
Energy-force-only EquiformerV2 AD,41083,8001,12,0.0114671420305967,3.065491914749145
Energy-force-only EquiformerV2 AD,36247,8002,14,0.096388354897499,2.786405324935913
Energy-force-only EquiformerV2 AD,4742,8003,16,0.0100069977343082,2.1059978008270264
Energy-force-only EquiformerV2 AD,37934,8004,12,0.0406268239021301,2.39538311958313
Energy-force-only EquiformerV2 AD,32422,8005,13,0.0490872785449028,1.4002103805541992
Energy-force-only EquiformerV2 AD,12725,8006,14,0.0841372460126876,3.636606931686402
Energy-force-only EquiformerV2 AD,28122,8007,9,0.0329252518713474,3.6602728366851807
Energy-force-only EquiformerV2 AD,31691,8008,12,0.2507452070713043,3.3350679874420166
Energy-force-only EquiformerV2 AD,8472,8009,13,0.0106947366148233,2.0170786380767822
Energy-force-only EquiformerV2 AD,44717,8010,10,0.0744905620813369,5.871593952178955
Energy-force-only EquiformerV2 AD,19819,8011,15,0.0124700535088777,1.9336028099060056
Energy-force-only EquiformerV2 AD,36751,8012,17,0.0228436589241027,1.5360877513885498
Energy-force-only EquiformerV2 AD,31298,8013,16,0.0091711683198809,1.7379226684570312
Energy-force-only EquiformerV2 AD,6932,8014,14,0.0070077865384519,1.8916643857955933
Energy-force-only EquiformerV2 AD,48139,8015,15,0.0139813004061579,1.5663533210754397
Energy-force-only EquiformerV2 AD,2563,8016,12,0.0062768599018454,2.894316911697388
Energy-force-only EquiformerV2 AD,32068,8017,13,0.0074229883030056,2.495067596435547
Energy-force-only EquiformerV2 AD,25614,8018,5,0.0134130213409662,6.758591651916504
Energy-force-only EquiformerV2 AD,30184,8019,12,0.0247833225876092,1.712272882461548
Energy-force-only EquiformerV2 AD,27087,8020,15,0.0111797330901026,2.5108654499053955
Energy-force-only EquiformerV2 AD,44946,8021,13,0.0647425800561904,1.999238133430481
Energy-force-only EquiformerV2 AD,46720,8022,15,0.0084364814683794,2.019045352935791
Energy-force-only EquiformerV2 AD,36787,8023,12,0.017488969489932,1.85045862197876
Energy-force-only EquiformerV2 AD,29138,8024,17,0.0063118762336671,1.6903324127197266
Energy-force-only EquiformerV2 AD,13636,8025,15,0.0122267780825495,2.464233636856079
Energy-force-only EquiformerV2 AD,8848,8026,12,0.0523861199617385,2.2113049030303955
Energy-force-only EquiformerV2 AD,3242,8027,18,0.006399905309081,1.7772350311279297
Energy-force-only EquiformerV2 AD,39193,8028,12,0.0110415061935782,3.356060266494751
Energy-force-only EquiformerV2 AD,2776,8029,17,0.0091724535450339,1.1180282831192017
Energy-force-only EquiformerV2 AD,14492,8030,14,0.0135223474353551,2.207006931304932
Energy-force-only EquiformerV2 AD,43871,8031,12,0.0242195278406143,2.7126152515411377
Energy-force-only EquiformerV2 AD,31785,8032,15,0.0079255700111389,1.8651405572891235
Energy-force-only EquiformerV2 AD,2422,8033,17,0.0057347221300005,1.5211670398712158
Energy-force-only EquiformerV2 AD,2787,8034,11,0.0150132328271865,2.6492390632629395
Energy-force-only EquiformerV2 AD,37436,8035,16,0.0070708766579627,2.0357234477996826
Energy-force-only EquiformerV2 AD,12639,8036,13,0.0146018210798501,1.3409078121185305
Energy-force-only EquiformerV2 AD,7684,8037,18,0.0075828060507774,1.2864717245101929
Energy-force-only EquiformerV2 AD,32436,8038,16,0.0096335364505648,0.8998741507530212
Energy-force-only EquiformerV2 AD,19902,8039,13,0.0124597689136862,2.1137683391571045
Energy-force-only EquiformerV2 AD,5079,8040,15,0.0044710356742143,1.7404277324676514
Energy-force-only EquiformerV2 AD,33270,8041,10,0.092843547463417,2.8023345470428467
Energy-force-only EquiformerV2 AD,14239,8042,11,0.0920003950595855,0.8891682028770447
Energy-force-only EquiformerV2 AD,41607,8043,13,0.0072055552154779,2.566845178604126
Energy-force-only EquiformerV2 AD,30250,8044,11,0.0156850460916757,3.4195051193237305
Energy-force-only EquiformerV2 AD,23101,8045,12,0.0113392369821667,2.107793092727661
Energy-force-only EquiformerV2 AD,17468,8046,14,0.0169617366045713,2.7944674491882324
Energy-force-only EquiformerV2 AD,6909,8047,15,0.0152974240481853,1.722548007965088
Energy-force-only EquiformerV2 AD,4472,8048,19,0.0332144610583782,1.9327507019042969
Energy-force-only EquiformerV2 AD,25199,8049,15,0.0176136661320924,2.391085147857666
Energy-force-only EquiformerV2 AD,47465,8050,19,0.007167566101998,1.3892364501953125
Energy-force-only EquiformerV2 AD,42871,8051,13,0.0587333776056766,2.5903828144073486
Energy-force-only EquiformerV2 AD,29181,8052,19,0.0190189387649297,0.8314533233642578
Energy-force-only EquiformerV2 AD,19179,8053,12,0.0153024923056364,1.7035778760910034
Energy-force-only EquiformerV2 AD,9229,8054,15,0.007946322672069,2.406288385391236
Energy-force-only EquiformerV2 AD,10588,8055,14,0.0187403559684753,1.701563000679016
Energy-force-only EquiformerV2 AD,47729,8056,12,0.0051836166530847,2.2722198963165283
Energy-force-only EquiformerV2 AD,37761,8057,9,0.0303032491356134,3.978868007659912
Energy-force-only EquiformerV2 AD,22860,8058,14,0.0121917184442281,2.157656669616699
Energy-force-only EquiformerV2 AD,48199,8059,14,0.0290955249220132,1.6799108982086182
Energy-force-only EquiformerV2 AD,8917,8060,16,0.0145241767168045,2.3493998050689697
Energy-force-only EquiformerV2 AD,30995,8061,17,0.0063264551572501,1.3824800252914429
Energy-force-only EquiformerV2 AD,27998,8062,10,0.0076476181857287,4.376764297485352
Energy-force-only EquiformerV2 AD,45433,8063,13,0.0180323887616395,1.96178674697876
Energy-force-only EquiformerV2 AD,7101,8064,15,0.0158151164650917,1.91903042793274
Energy-force-only EquiformerV2 AD,12779,8065,11,0.0259209405630826,2.850043535232544
Energy-force-only EquiformerV2 AD,30043,8066,17,0.0062262192368507,1.4173188209533691
Energy-force-only EquiformerV2 AD,19315,8067,13,0.0133846327662467,1.8994581699371336
Energy-force-only EquiformerV2 AD,32421,8068,11,0.0518236793577671,2.5177481174468994
Energy-force-only EquiformerV2 AD,49350,8069,12,0.0630256906151771,1.234389305114746
Energy-force-only EquiformerV2 AD,9964,8070,12,0.0158767532557249,2.728911161422729
Energy-force-only EquiformerV2 AD,27594,8071,15,0.008044914342463,2.17630672454834
Energy-force-only EquiformerV2 AD,48758,8072,15,0.0087170815095305,1.9351438283920288
Energy-force-only EquiformerV2 AD,135,8073,10,0.0306865908205509,1.1603220701217651
Energy-force-only EquiformerV2 AD,20337,8074,16,0.0103595629334449,1.3288872241973877
Energy-force-only EquiformerV2 AD,13080,8075,19,0.0036398475058376,1.364484429359436
Energy-force-only EquiformerV2 AD,25643,8076,15,0.014720938168466,2.53812026977539
Energy-force-only EquiformerV2 AD,47675,8077,19,0.027539312839508,1.3629655838012695
Energy-force-only EquiformerV2 AD,2320,8078,13,0.0097898719832301,2.633516550064087
Energy-force-only EquiformerV2 AD,17344,8079,16,0.0099902106449007,1.314022660255432
Energy-force-only EquiformerV2 AD,16596,8080,14,0.0136298611760139,2.16421890258789
Energy-force-only EquiformerV2 AD,35907,8081,15,0.0243888907134532,2.713943719863892
Energy-force-only EquiformerV2 AD,50008,8082,12,0.015116105787456,2.6259424686431885
Energy-force-only EquiformerV2 AD,14121,8083,11,0.0180203225463628,3.514772653579712
Energy-force-only EquiformerV2 AD,32592,8084,14,0.0064233941957354,2.159771680831909
Energy-force-only EquiformerV2 AD,8787,8085,14,0.0072371391579508,2.214161157608032
Energy-force-only EquiformerV2 AD,36007,8086,16,0.0077328495681285,1.818817377090454
Energy-force-only EquiformerV2 AD,45862,8087,12,0.0119724329560995,3.3796329498291016
Energy-force-only EquiformerV2 AD,21159,8088,12,0.0098503995686769,3.216237068176269
Energy-force-only EquiformerV2 AD,7124,8089,12,0.0389175564050674,3.2981085777282715
Energy-force-only EquiformerV2 AD,4666,8090,12,0.0523609668016433,2.195106744766236
Energy-force-only EquiformerV2 AD,44683,8091,13,0.0169233456254005,1.8755333423614504
Energy-force-only EquiformerV2 AD,15831,8092,11,0.0173510126769542,3.7802939414978014
Energy-force-only EquiformerV2 AD,39313,8093,11,0.0301678869873285,3.939552545547485
Energy-force-only EquiformerV2 AD,38794,8094,17,0.0080888317897915,1.7180981636047363
Energy-force-only EquiformerV2 AD,13956,8095,14,0.0209603793919086,1.762088179588318
Energy-force-only EquiformerV2 AD,39287,8096,10,0.0233844500035047,2.964782953262329
Energy-force-only EquiformerV2 AD,45091,8097,12,0.0083716791123151,2.960082769393921
Energy-force-only EquiformerV2 AD,5283,8098,14,0.0252894572913646,2.962783098220825
Energy-force-only EquiformerV2 AD,30189,8099,10,0.017083978280425,2.6647331714630127
Energy-force-only EquiformerV2 AD,3732,8100,11,0.0417422391474247,2.641676902770996
Energy-force-only EquiformerV2 AD,8949,8101,13,0.020733879879117,2.189713478088379
Energy-force-only EquiformerV2 AD,32734,8102,17,0.0243289433419704,1.7272552251815796
Energy-force-only EquiformerV2 AD,50525,8103,14,0.0311715863645076,1.4813034534454346
Energy-force-only EquiformerV2 AD,16684,8104,14,0.0705358684062957,2.3648905754089355
Energy-force-only EquiformerV2 AD,13156,8105,13,0.0604707896709442,1.6948012113571167
Energy-force-only EquiformerV2 AD,31188,8106,14,0.0139132672920823,2.160726547241211
Energy-force-only EquiformerV2 AD,16171,8107,15,0.0105846393853425,2.2953696250915527
Energy-force-only EquiformerV2 AD,25855,8108,12,0.0042811473831534,2.972763776779175
Energy-force-only EquiformerV2 AD,2867,8109,16,0.0136489104479551,2.369600534439087
Energy-force-only EquiformerV2 AD,17343,8110,13,0.0226268470287323,2.547056198120117
Energy-force-only EquiformerV2 AD,6529,8111,16,0.0061180437915027,1.4335404634475708
Energy-force-only EquiformerV2 AD,2099,8112,17,0.0056889480911195,1.6570286750793457
Energy-force-only EquiformerV2 AD,15884,8113,14,0.011776627972722,2.277915477752685
Energy-force-only EquiformerV2 AD,4147,8114,11,0.0052338731475174,2.868765592575073
Energy-force-only EquiformerV2 AD,1038,8115,18,0.013592766597867,1.5569343566894531
Energy-force-only EquiformerV2 AD,9164,8116,17,0.0104900551959872,1.3255351781845093
Energy-force-only EquiformerV2 AD,40558,8117,16,0.0114326952025294,1.7170944213867188
Energy-force-only EquiformerV2 AD,5129,8118,17,0.0536813847720623,1.7282565832138062
Energy-force-only EquiformerV2 AD,27159,8119,9,0.0859769135713577,3.583645820617676
Energy-force-only EquiformerV2 AD,11344,8120,12,0.0480481907725334,2.051551580429077
Energy-force-only EquiformerV2 AD,20238,8121,10,0.0348434075713157,3.335549116134644
Energy-force-only EquiformerV2 AD,8059,8122,8,0.016137633472681,4.338901996612549
Energy-force-only EquiformerV2 AD,48226,8123,11,0.0038001290522515,2.286534070968628
Energy-force-only EquiformerV2 AD,42885,8124,11,0.0344547070562839,3.443421125411988
Energy-force-only EquiformerV2 AD,39160,8125,17,0.0084544057026505,1.672982931137085
Energy-force-only EquiformerV2 AD,44765,8126,12,0.0079168081283569,3.522331476211548
Energy-force-only EquiformerV2 AD,14053,8127,16,0.012123922817409,1.3659578561782837
Energy-force-only EquiformerV2 AD,39499,8128,12,0.0150712020695209,2.8091955184936523
Energy-force-only EquiformerV2 AD,48648,8129,13,0.0192428063601255,2.9284708499908447
Energy-force-only EquiformerV2 AD,215,8130,17,0.0098357545211911,1.7074757814407349
Energy-force-only EquiformerV2 AD,6033,8131,13,0.0194023847579956,2.580820083618164
Energy-force-only EquiformerV2 AD,34117,8132,18,0.0048850169405341,0.9939813017845154
Energy-force-only EquiformerV2 AD,49654,8133,11,0.0363374724984169,2.491204261779785
Energy-force-only EquiformerV2 AD,34605,8134,17,0.0091970292851328,1.36321222782135
Energy-force-only EquiformerV2 AD,5544,8135,15,0.0230344980955123,3.43243408203125
Energy-force-only EquiformerV2 AD,16526,8136,16,0.0359880290925502,1.743853211402893
Energy-force-only EquiformerV2 AD,50272,8137,6,0.0984108820557594,7.941164493560791
Energy-force-only EquiformerV2 AD,48352,8138,19,0.0054316762834787,1.2437292337417605
Energy-force-only EquiformerV2 AD,25516,8139,18,0.0122446930035948,0.949088990688324
Energy-force-only EquiformerV2 AD,30439,8140,12,0.0333057604730129,1.864068865776062
Energy-force-only EquiformerV2 AD,2035,8141,13,0.0199677590280771,1.2259889841079712
Energy-force-only EquiformerV2 AD,39623,8142,14,0.0158466678112745,2.0853753089904785
Energy-force-only EquiformerV2 AD,38658,8143,16,0.0106936721131205,1.572573184967041
Energy-force-only EquiformerV2 AD,35644,8144,18,0.0089856423437595,1.5364668369293213
Energy-force-only EquiformerV2 AD,50000,8145,15,0.0067979814484715,2.3748867511749268
Energy-force-only EquiformerV2 AD,30503,8146,8,0.0309135727584362,2.004502534866333
Energy-force-only EquiformerV2 AD,6411,8147,12,0.0091830100864171,3.000873565673828
Energy-force-only EquiformerV2 AD,40787,8148,10,0.0305220335721969,3.7186684608459473
Energy-force-only EquiformerV2 AD,38717,8149,17,0.01375671941787,1.2441633939743042
Energy-force-only EquiformerV2 AD,28289,8150,15,0.0074069602414965,1.861008048057556
Energy-force-only EquiformerV2 AD,26793,8151,11,0.0242600385099649,2.536704063415528
Energy-force-only EquiformerV2 AD,1147,8152,10,0.0344231836497783,3.3307149410247803
Energy-force-only EquiformerV2 AD,15655,8153,12,0.0113313170149922,2.644437551498413
Energy-force-only EquiformerV2 AD,12703,8154,15,0.0065448707900941,1.869643330574036
Energy-force-only EquiformerV2 AD,12379,8155,12,0.0535174682736396,1.1315958499908447
Energy-force-only EquiformerV2 AD,19508,8156,16,0.0099991168826818,1.963075876235962
Energy-force-only EquiformerV2 AD,47797,8157,12,0.0130450725555419,3.155934810638428
Energy-force-only EquiformerV2 AD,8696,8158,19,0.0120513290166854,1.3217318058013916
Energy-force-only EquiformerV2 AD,26010,8159,16,0.0071032578125596,1.3344337940216064
Energy-force-only EquiformerV2 AD,23715,8160,14,0.0587315075099468,2.3027703762054443
Energy-force-only EquiformerV2 AD,24885,8161,12,0.0160822253674268,2.3197507858276367
Energy-force-only EquiformerV2 AD,34323,8162,15,0.0059682331047952,2.485193490982056
Energy-force-only EquiformerV2 AD,2592,8163,16,0.0099127404391765,1.8569302558898928
Energy-force-only EquiformerV2 AD,13744,8164,12,0.0166377462446689,2.9854841232299805
Energy-force-only EquiformerV2 AD,23849,8165,13,0.0050939247012138,2.2100634574890137
Energy-force-only EquiformerV2 AD,24804,8166,14,0.0073456950485706,2.109881401062012
Energy-force-only EquiformerV2 AD,19412,8167,13,0.0161077193915843,2.1781933307647705
Energy-force-only EquiformerV2 AD,35733,8168,13,0.0051821847446262,2.566821336746216
Energy-force-only EquiformerV2 AD,5376,8169,12,0.0105816274881362,2.9104480743408203
Energy-force-only EquiformerV2 AD,10428,8170,13,0.0065286634489893,2.64058518409729
Energy-force-only EquiformerV2 AD,18088,8171,13,0.0083380844444036,2.2542920112609863
Energy-force-only EquiformerV2 AD,33819,8172,13,0.0222372487187385,2.3935036659240723
Energy-force-only EquiformerV2 AD,11029,8173,14,0.0070315059274435,2.307062149047852
Energy-force-only EquiformerV2 AD,46027,8174,14,0.0154775651171803,0.9900679588317872
Energy-force-only EquiformerV2 AD,50703,8175,12,0.0076315370388329,2.9091508388519287
Energy-force-only EquiformerV2 AD,25367,8176,13,0.0074003371410071,2.2199525833129883
Energy-force-only EquiformerV2 AD,8265,8177,12,0.0544377118349075,2.522348642349243
Energy-force-only EquiformerV2 AD,33746,8178,15,0.0158936847001314,2.253800630569458
Energy-force-only EquiformerV2 AD,41146,8179,14,0.0109128942713141,1.2301825284957886
Energy-force-only EquiformerV2 AD,7705,8180,11,0.0350823774933815,2.371211767196656
Energy-force-only EquiformerV2 AD,41996,8181,14,0.015144383534789,2.3609793186187744
Energy-force-only EquiformerV2 AD,6924,8182,13,0.0380135737359523,3.522793769836426
Energy-force-only EquiformerV2 AD,24253,8183,11,0.0428328029811382,4.045838832855225
Energy-force-only EquiformerV2 AD,41069,8184,19,0.0720541924238205,1.343726634979248
Energy-force-only EquiformerV2 AD,9328,8185,13,0.0177114494144916,2.293298482894897
Energy-force-only EquiformerV2 AD,10745,8186,12,0.0102802766487002,2.5418734550476074
Energy-force-only EquiformerV2 AD,38235,8187,12,0.0131934322416782,2.7838525772094727
Energy-force-only EquiformerV2 AD,38147,8188,13,0.0150728896260261,2.519273042678833
Energy-force-only EquiformerV2 AD,48858,8189,17,0.0065409205853939,1.6837612390518188
Energy-force-only EquiformerV2 AD,19289,8190,12,0.0427026636898517,2.894296884536743
Energy-force-only EquiformerV2 AD,40529,8191,10,0.0303428191691637,4.418144702911377
Energy-force-only EquiformerV2 AD,41900,8192,8,0.0568070709705352,4.287642478942871
Energy-force-only EquiformerV2 AD,3462,8193,6,0.030820058658719,6.55877685546875
Energy-force-only EquiformerV2 AD,16983,8194,18,0.0194012112915515,1.9397188425064087
Energy-force-only EquiformerV2 AD,30207,8195,18,0.0198567602783441,0.6633852124214172
Energy-force-only EquiformerV2 AD,11381,8196,12,0.0272998604923486,2.9347641468048096
Energy-force-only EquiformerV2 AD,14987,8197,11,0.0066720568574965,2.6650705337524414
Energy-force-only EquiformerV2 AD,10635,8198,14,0.0745250582695007,1.0536980628967283
Energy-force-only EquiformerV2 AD,17445,8199,14,0.0105797182768583,2.039933681488037
Energy-force-only EquiformerV2 AD,12619,8200,16,0.0060166954062879,1.5330541133880615
Energy-force-only EquiformerV2 AD,36522,8201,15,0.0188135784119367,1.9953892230987549
Energy-force-only EquiformerV2 AD,29204,8202,15,0.0049588964320719,2.242450714111328
Energy-force-only EquiformerV2 AD,41426,8203,10,0.0855740904808044,2.597625494003296
Energy-force-only EquiformerV2 AD,34247,8204,11,0.0092351771891117,2.5029971599578857
Energy-force-only EquiformerV2 AD,14745,8205,17,0.0174433588981628,1.5144455432891846
Energy-force-only EquiformerV2 AD,6075,8206,16,0.0165068712085485,1.2652426958084106
Energy-force-only EquiformerV2 AD,14259,8207,18,0.0086501454934477,1.6814624071121216
Energy-force-only EquiformerV2 AD,47442,8208,12,0.0063025215640664,3.0185649394989014
Energy-force-only EquiformerV2 AD,36818,8209,8,0.052823893725872,4.083833694458008
Energy-force-only EquiformerV2 AD,49142,8210,13,0.0325083285570144,2.571962356567383
Energy-force-only EquiformerV2 AD,5412,8211,10,0.0218920670449733,3.065375566482544
Energy-force-only EquiformerV2 AD,32473,8212,10,0.0527006573975086,2.582200765609741
Energy-force-only EquiformerV2 AD,2589,8213,13,0.0110880555585026,2.3222155570983887
Energy-force-only EquiformerV2 AD,28840,8214,14,0.024569472298026,2.4102299213409424
Energy-force-only EquiformerV2 AD,15905,8215,16,0.007567242719233,1.6998906135559082
Energy-force-only EquiformerV2 AD,21867,8216,13,0.0101274605840444,2.422571182250977
Energy-force-only EquiformerV2 AD,43258,8217,10,0.0294892732053995,3.911508321762085
Energy-force-only EquiformerV2 AD,15257,8218,10,0.0345127321779727,3.8506147861480713
Energy-force-only EquiformerV2 AD,28194,8219,17,0.0260826013982296,1.4777944087982178
Energy-force-only EquiformerV2 AD,43416,8220,12,0.0164180528372526,3.098715305328369
Energy-force-only EquiformerV2 AD,22458,8221,12,0.0103621566668152,1.9394354820251465
Energy-force-only EquiformerV2 AD,6464,8222,13,0.0100384457036852,2.3749144077301025
Energy-force-only EquiformerV2 AD,12436,8223,13,0.0116670290008187,2.1883203983306885
Energy-force-only EquiformerV2 AD,11885,8224,16,0.0233146175742149,1.5393821001052856
Energy-force-only EquiformerV2 AD,42519,8225,16,0.018109805881977,1.7609522342681885
Energy-force-only EquiformerV2 AD,35125,8226,12,0.0181754864752292,2.6673595905303955
Energy-force-only EquiformerV2 AD,6000,8227,16,0.0057071298360824,1.7673381567001345
Energy-force-only EquiformerV2 AD,38077,8228,8,0.0108564114198088,4.30614185333252
Energy-force-only EquiformerV2 AD,37548,8229,11,0.0112836454063653,3.1018965244293213
Energy-force-only EquiformerV2 AD,26635,8230,14,0.0220847688615322,2.480664730072021
Energy-force-only EquiformerV2 AD,44620,8231,17,0.0227675624191761,1.4608747959136963
Energy-force-only EquiformerV2 AD,37347,8232,15,0.0144814942032098,2.499744176864624
Energy-force-only EquiformerV2 AD,43428,8233,14,0.093270905315876,1.0682413578033447
Energy-force-only EquiformerV2 AD,4016,8234,12,0.0174288935959339,1.8800467252731323
Energy-force-only EquiformerV2 AD,17979,8235,13,0.013384592719376,2.150390148162842
Energy-force-only EquiformerV2 AD,10067,8236,14,0.0143939526751637,1.1994155645370483
Energy-force-only EquiformerV2 AD,22662,8237,16,0.014663147740066,1.4978631734848022
Energy-force-only EquiformerV2 AD,2386,8238,16,0.0061482633464038,1.844360589981079
Energy-force-only EquiformerV2 AD,26956,8239,11,0.0055548478849232,3.875541687011719
Energy-force-only EquiformerV2 AD,23479,8240,19,0.0034116767346858,1.3378839492797852
Energy-force-only EquiformerV2 AD,22429,8241,16,0.0053303968161344,1.9940367937088013
Energy-force-only EquiformerV2 AD,45065,8242,11,0.0098524745553731,3.085942029953003
Energy-force-only EquiformerV2 AD,19850,8243,14,0.023344999179244,1.3949753046035769
Energy-force-only EquiformerV2 AD,11619,8244,14,0.032936967909336,2.318165779113769
Energy-force-only EquiformerV2 AD,13557,8245,14,0.0220598988234996,2.7617666721343994
Energy-force-only EquiformerV2 AD,35283,8246,16,0.0046444088220596,1.4662516117095947
Energy-force-only EquiformerV2 AD,26161,8247,12,0.0127170281484723,2.716646194458008
Energy-force-only EquiformerV2 AD,45440,8248,13,0.0053795655257999,1.823003888130188
Energy-force-only EquiformerV2 AD,5193,8249,15,0.0109207853674888,1.4146443605422974
Energy-force-only EquiformerV2 AD,46090,8250,16,0.0110158491879701,1.7778774499893188
Energy-force-only EquiformerV2 AD,26561,8251,9,0.1125238835811615,3.625176191329956
Energy-force-only EquiformerV2 AD,10399,8252,15,0.0071212365292012,1.8785521984100344
Energy-force-only EquiformerV2 AD,1093,8253,12,0.0569228716194629,2.692267656326294
Energy-force-only EquiformerV2 AD,20973,8254,14,0.0183591991662979,2.256935834884644
Energy-force-only EquiformerV2 AD,39709,8255,13,0.0050235637463629,1.8351831436157229
Energy-force-only EquiformerV2 AD,35270,8256,13,0.0316113494336605,1.134105205535889
Energy-force-only EquiformerV2 AD,31822,8257,12,0.0076449904590845,2.7687788009643555
Energy-force-only EquiformerV2 AD,15041,8258,12,0.0152925224974751,1.4984411001205444
Energy-force-only EquiformerV2 AD,12830,8259,12,0.006910344120115,2.499823808670044
Energy-force-only EquiformerV2 AD,50270,8260,15,0.0088883684948086,2.3204705715179443
Energy-force-only EquiformerV2 AD,10377,8261,16,0.0361733138561248,1.705018162727356
Energy-force-only EquiformerV2 AD,19994,8262,12,0.0380328930914402,2.341036319732666
Energy-force-only EquiformerV2 AD,49519,8263,13,0.0092022083699703,2.445317029953003
Energy-force-only EquiformerV2 AD,10515,8264,13,0.012800027616322,1.7113089561462402
Energy-force-only EquiformerV2 AD,50538,8265,12,0.0157720241695642,2.540280103683472
Energy-force-only EquiformerV2 AD,22793,8266,16,0.0102221239358186,1.5377678871154783
Energy-force-only EquiformerV2 AD,21268,8267,19,0.006129777058959,1.5001120567321775
Energy-force-only EquiformerV2 AD,50681,8268,18,0.0087871113792061,0.7297859191894531
Energy-force-only EquiformerV2 AD,48692,8269,12,0.0107774632051587,2.813082218170166
Energy-force-only EquiformerV2 AD,7732,8270,16,0.0188263785094022,1.656930923461914
Energy-force-only EquiformerV2 AD,32400,8271,18,0.0103363394737243,0.9345248341560364
Energy-force-only EquiformerV2 AD,22437,8272,13,0.0273242369294166,3.367360591888428
Energy-force-only EquiformerV2 AD,33847,8273,16,0.0124229826033115,1.7334771156311035
Energy-force-only EquiformerV2 AD,33431,8274,14,0.0061758975498378,2.195722341537476
Energy-force-only EquiformerV2 AD,42102,8275,15,0.0441787131130695,2.3839776515960693
Energy-force-only EquiformerV2 AD,7240,8276,19,0.0060489857569336,1.4759600162506104
Energy-force-only EquiformerV2 AD,50489,8277,14,0.0086816186085343,1.9124155044555664
Energy-force-only EquiformerV2 AD,757,8278,13,0.0492400377988815,1.6261240243911743
Energy-force-only EquiformerV2 AD,10639,8279,14,0.0066876951605081,1.578209400177002
Energy-force-only EquiformerV2 AD,35586,8280,17,0.0083868596702814,1.701708197593689
Energy-force-only EquiformerV2 AD,4796,8281,12,0.0179004129022359,2.7953848838806152
Energy-force-only EquiformerV2 AD,16993,8282,9,0.0667546689510345,2.726534605026245
Energy-force-only EquiformerV2 AD,20547,8283,18,0.022359287366271,2.136281967163086
Energy-force-only EquiformerV2 AD,22663,8284,12,0.014250342734158,2.3139126300811768
Energy-force-only EquiformerV2 AD,2233,8285,13,0.0355899967253208,1.3764841556549072
Energy-force-only EquiformerV2 AD,12640,8286,13,0.0235711131244897,2.1851377487182617
Energy-force-only EquiformerV2 AD,10088,8287,16,0.0045031746849417,1.9343770742416384
Energy-force-only EquiformerV2 AD,22610,8288,12,0.0059799049049615,3.29549527168274
Energy-force-only EquiformerV2 AD,45663,8289,14,0.0102755296975374,1.8833606243133545
Energy-force-only EquiformerV2 AD,50263,8290,13,0.2328503429889679,2.7591397762298584
Energy-force-only EquiformerV2 AD,45885,8291,12,0.0431115217506885,2.234076738357544
Energy-force-only EquiformerV2 AD,11536,8292,12,0.0390138551592826,3.342508554458618
Energy-force-only EquiformerV2 AD,24279,8293,10,0.015027099289,3.680093288421631
Energy-force-only EquiformerV2 AD,2564,8294,14,0.0184989627450704,1.1494919061660769
Energy-force-only EquiformerV2 AD,32928,8295,11,0.0050939754582941,3.793985605239868
Energy-force-only EquiformerV2 AD,6323,8296,14,0.0229763593524694,2.2931125164031982
Energy-force-only EquiformerV2 AD,49341,8297,12,0.015563047491014,2.4746415615081787
Energy-force-only EquiformerV2 AD,49842,8298,13,0.0083360243588685,2.5570406913757324
Energy-force-only EquiformerV2 AD,28678,8299,14,0.0215919073671102,2.072610855102539
Energy-force-only EquiformerV2 AD,33306,8300,15,0.0054586459882557,2.0014474391937256
Energy-force-only EquiformerV2 AD,47226,8301,13,0.0162199866026639,2.4665448665618896
Energy-force-only EquiformerV2 AD,6003,8302,12,0.0117823621258139,2.6822609901428223
Energy-force-only EquiformerV2 AD,29571,8303,12,0.0577236674726009,2.332081794738769
Energy-force-only EquiformerV2 AD,7194,8304,16,0.021216420456767,1.2532117366790771
Energy-force-only EquiformerV2 AD,17595,8305,15,0.0071334573440253,2.058450937271118
Energy-force-only EquiformerV2 AD,39066,8306,14,0.0078943744301795,1.801574349403381
Energy-force-only EquiformerV2 AD,28641,8307,14,0.0101216929033398,2.630908966064453
Energy-force-only EquiformerV2 AD,34798,8308,12,0.0082797855138778,2.956775188446045
Energy-force-only EquiformerV2 AD,18664,8309,12,0.0107693206518888,2.4918549060821533
Energy-force-only EquiformerV2 AD,23271,8310,17,0.0058352276682853,1.5102059841156006
Energy-force-only EquiformerV2 AD,12560,8311,15,0.0083730546757578,1.8511337041854856
Energy-force-only EquiformerV2 AD,30670,8312,17,0.0343520753085613,1.310010552406311
Energy-force-only EquiformerV2 AD,16266,8313,14,0.0085367644205689,1.908554196357727
Energy-force-only EquiformerV2 AD,49245,8314,12,0.0267007388174533,3.2408297061920166
Energy-force-only EquiformerV2 AD,13970,8315,8,0.0942751988768577,5.89641809463501
Energy-force-only EquiformerV2 AD,36982,8316,9,0.0092316213995218,3.904317617416382
Energy-force-only EquiformerV2 AD,17627,8317,15,0.0345614477992057,2.4354286193847656
Energy-force-only EquiformerV2 AD,6220,8318,13,0.0055334470234811,2.1519885063171387
Energy-force-only EquiformerV2 AD,23499,8319,13,0.0236015636473894,2.3199446201324463
Energy-force-only EquiformerV2 AD,13324,8320,10,0.0109919030219316,3.161255121231079
Energy-force-only EquiformerV2 AD,16255,8321,13,0.0065540457144379,1.995695948600769
Energy-force-only EquiformerV2 AD,16193,8322,15,0.0875706300139427,2.305371284484864
Energy-force-only EquiformerV2 AD,37477,8323,15,0.0101309139281511,1.7586791515350342
Energy-force-only EquiformerV2 AD,47748,8324,10,0.0348568446934223,2.9754672050476074
Energy-force-only EquiformerV2 AD,7561,8325,13,0.0303868576884269,1.2438316345214844
Energy-force-only EquiformerV2 AD,1053,8326,8,0.0432156771421432,4.375879287719727
Energy-force-only EquiformerV2 AD,42816,8327,17,0.0110320392996072,1.5143682956695557
Energy-force-only EquiformerV2 AD,43172,8328,13,0.0709551274776458,2.0089046955108643
Energy-force-only EquiformerV2 AD,31179,8329,10,0.0331994965672493,2.3355743885040283
Energy-force-only EquiformerV2 AD,50521,8330,10,0.0257326811552047,3.7687056064605713
Energy-force-only EquiformerV2 AD,5871,8331,15,0.0108071267604827,2.3735060691833496
Energy-force-only EquiformerV2 AD,21396,8332,14,0.0044288393110036,2.0150203704833984
Energy-force-only EquiformerV2 AD,1059,8333,11,0.0179362017661333,1.9454407691955569
Energy-force-only EquiformerV2 AD,692,8334,16,0.146180510520935,1.0581849813461304
Energy-force-only EquiformerV2 AD,24593,8335,17,0.0226733386516571,1.5780011415481567
Energy-force-only EquiformerV2 AD,10719,8336,13,0.023061292245984,0.993108093738556
Energy-force-only EquiformerV2 AD,20233,8337,14,0.0137997297570109,2.075955629348755
Energy-force-only EquiformerV2 AD,4580,8338,15,0.006330560427159,1.969196319580078
Energy-force-only EquiformerV2 AD,35606,8339,12,0.0338213331997394,1.989908456802368
Energy-force-only EquiformerV2 AD,15942,8340,12,0.2655961513519287,1.6043825149536133
Energy-force-only EquiformerV2 AD,19359,8341,11,0.0461156107485294,2.9056661128997803
Energy-force-only EquiformerV2 AD,32790,8342,18,0.0130898328498005,1.647436022758484
Energy-force-only EquiformerV2 AD,34526,8343,13,0.0106190722435712,2.289812564849853
Energy-force-only EquiformerV2 AD,18607,8344,16,0.0151628581807017,1.423721194267273
Energy-force-only EquiformerV2 AD,37652,8345,12,0.0638893693685531,2.876035451889038
Energy-force-only EquiformerV2 AD,27718,8346,14,0.0819102674722671,1.6260454654693604
Energy-force-only EquiformerV2 AD,23094,8347,15,0.0092471605166792,1.9066345691680908
Energy-force-only EquiformerV2 AD,29557,8348,15,0.0121531197801232,2.0121874809265137
Energy-force-only EquiformerV2 AD,33447,8349,14,0.0076565900817513,2.478238105773926
Energy-force-only EquiformerV2 AD,27936,8350,9,0.0990887284278869,4.101863861083984
Energy-force-only EquiformerV2 AD,39021,8351,11,0.0101893153041601,3.179527521133423
Energy-force-only EquiformerV2 AD,11545,8352,15,0.0078806662932038,2.153120279312134
Energy-force-only EquiformerV2 AD,12301,8353,13,0.0110641438513994,2.882230281829834
Energy-force-only EquiformerV2 AD,6649,8354,12,0.0255819633603096,1.9705654382705688
Energy-force-only EquiformerV2 AD,38572,8355,8,0.0178415216505527,4.156951427459717
Energy-force-only EquiformerV2 AD,23461,8356,17,0.0919638648629188,1.2006351947784424
Energy-force-only EquiformerV2 AD,50077,8357,10,0.0059509682469069,4.67916202545166
Energy-force-only EquiformerV2 AD,6005,8358,15,0.013672019354999,2.07820463180542
Energy-force-only EquiformerV2 AD,6082,8359,14,0.0213601272553205,1.2618242502212524
Energy-force-only EquiformerV2 AD,41548,8360,16,0.0101823937147855,1.1926419734954834
Energy-force-only EquiformerV2 AD,41482,8361,17,0.0067357481457293,1.4518473148345947
Energy-force-only EquiformerV2 AD,11400,8362,14,0.0370597206056118,2.109860897064209
Energy-force-only EquiformerV2 AD,48631,8363,15,0.0120415799319744,1.485761642456055
Energy-force-only EquiformerV2 AD,26305,8364,16,0.008284643292427,2.2214369773864746
Energy-force-only EquiformerV2 AD,25986,8365,15,0.0325709246098995,2.1729278564453125
Energy-force-only EquiformerV2 AD,50140,8366,19,0.004985686391592,1.3981579542160034
Energy-force-only EquiformerV2 AD,24088,8367,15,0.0053705712780356,1.3672245740890503
Energy-force-only EquiformerV2 AD,31398,8368,15,0.0115535743534564,1.4068238735198977
Energy-force-only EquiformerV2 AD,33827,8369,13,0.0173365734517574,2.711613655090332
Energy-force-only EquiformerV2 AD,44710,8370,13,0.015078043565154,2.4668781757354736
Energy-force-only EquiformerV2 AD,25823,8371,17,0.0060225599445402,1.4039456844329834
Energy-force-only EquiformerV2 AD,47062,8372,15,0.0127576543018221,1.6301946640014648
Energy-force-only EquiformerV2 AD,9414,8373,20,0.0047351326793432,1.1957224607467651
Energy-force-only EquiformerV2 AD,34860,8374,15,0.0067104366607964,2.26949429512024
Energy-force-only EquiformerV2 AD,1357,8375,11,0.0204443726688623,1.5276846885681152
Energy-force-only EquiformerV2 AD,37827,8376,14,0.0588237345218658,1.7888026237487793
Energy-force-only EquiformerV2 AD,14395,8377,16,0.010822182521224,1.1495789289474487
Energy-force-only EquiformerV2 AD,13552,8378,10,0.0216031558811664,4.332467079162598
Energy-force-only EquiformerV2 AD,24639,8379,11,0.0254709441214799,3.434696912765503
Energy-force-only EquiformerV2 AD,49924,8380,16,0.0185744520276784,1.800414800643921
Energy-force-only EquiformerV2 AD,14710,8381,13,0.0085051972419023,2.200924873352051
Energy-force-only EquiformerV2 AD,25985,8382,13,0.030851811170578,2.7039263248443604
Energy-force-only EquiformerV2 AD,49650,8383,14,0.0069663552567362,2.0276434421539307
Energy-force-only EquiformerV2 AD,2334,8384,15,0.0120372883975505,2.242859125137329
Energy-force-only EquiformerV2 AD,47136,8385,15,0.0201934836804866,2.2520222663879395
Energy-force-only EquiformerV2 AD,32315,8386,11,0.0174005441367626,2.6585402488708496
Energy-force-only EquiformerV2 AD,24600,8387,16,0.0061477310955524,2.0045084953308105
Energy-force-only EquiformerV2 AD,1816,8388,12,0.0098150260746479,3.098854780197144
Energy-force-only EquiformerV2 AD,9423,8389,12,0.0309462379664182,1.7931207418441772
Energy-force-only EquiformerV2 AD,46844,8390,10,0.0469968505203723,3.911391258239746
Energy-force-only EquiformerV2 AD,725,8391,11,0.0783076286315918,3.657318353652954
Energy-force-only EquiformerV2 AD,11831,8392,13,0.0455412752926349,2.235388994216919
Energy-force-only EquiformerV2 AD,28184,8393,14,0.0199748426675796,1.593202829360962
Energy-force-only EquiformerV2 AD,11301,8394,13,0.027254894375801,1.8885133266448968
Energy-force-only EquiformerV2 AD,38187,8395,9,0.01666996255517,3.226369857788086
Energy-force-only EquiformerV2 AD,49631,8396,9,0.0187016278505325,3.5071613788604736
Energy-force-only EquiformerV2 AD,15095,8397,11,0.0138220721855759,3.604745388031006
Energy-force-only EquiformerV2 AD,45110,8398,11,0.0159994754940271,2.812925100326538
Energy-force-only EquiformerV2 AD,46762,8399,15,0.0038719985168427,1.5045937299728394
Energy-force-only EquiformerV2 AD,32389,8400,14,0.0066902567632496,2.484084367752075
Energy-force-only EquiformerV2 AD,39586,8401,14,0.0079525494948029,1.7686251401901243
Energy-force-only EquiformerV2 AD,21670,8402,11,0.0469744056463241,2.6181459426879883
Energy-force-only EquiformerV2 AD,18160,8403,12,0.027733301743865,2.6335599422454834
Energy-force-only EquiformerV2 AD,40447,8404,15,0.0111816935241222,1.3988025188446045
Energy-force-only EquiformerV2 AD,16052,8405,14,0.0141385113820433,1.951426863670349
Energy-force-only EquiformerV2 AD,36321,8406,10,0.0245734229683876,4.519704818725586
Energy-force-only EquiformerV2 AD,6648,8407,12,0.0188740752637386,1.6912559270858765
Energy-force-only EquiformerV2 AD,18603,8408,17,0.0261453557759523,0.8428785800933838
Energy-force-only EquiformerV2 AD,33411,8409,21,0.010371265001595,1.4758108854293823
Energy-force-only EquiformerV2 AD,33303,8410,20,0.0053077414631843,1.1734334230422974
Energy-force-only EquiformerV2 AD,1234,8411,16,0.0276208501309156,1.5421257019042969
Energy-force-only EquiformerV2 AD,40838,8412,14,0.0076781553216278,2.215884208679199
Energy-force-only EquiformerV2 AD,14853,8413,16,0.0271286349743604,0.7882001996040344
Energy-force-only EquiformerV2 AD,29849,8414,15,0.0147900516167283,2.3920369148254395
Energy-force-only EquiformerV2 AD,49882,8415,17,0.0099969720467925,1.3109889030456543
Energy-force-only EquiformerV2 AD,2254,8416,12,0.0365394502878189,2.2926154136657715
Energy-force-only EquiformerV2 AD,16325,8417,19,0.1231133490800857,0.7109083533287048
Energy-force-only EquiformerV2 AD,11842,8418,17,0.0090008415281772,1.592197060585022
Energy-force-only EquiformerV2 AD,15835,8419,11,0.0431269034743309,3.0311739444732666
Energy-force-only EquiformerV2 AD,10370,8420,15,0.0404847860336303,2.254310846328736
Energy-force-only EquiformerV2 AD,5986,8421,15,0.0194327291101217,2.447725296020508
Energy-force-only EquiformerV2 AD,15255,8422,15,0.0077692558988928,1.726908802986145
Energy-force-only EquiformerV2 AD,6951,8423,10,0.016394592821598,3.762062788009644
Energy-force-only EquiformerV2 AD,16062,8424,10,0.0074390661902725,3.862724781036377
Energy-force-only EquiformerV2 AD,3646,8425,18,0.0035133236087858,1.375390648841858
Energy-force-only EquiformerV2 AD,10689,8426,10,0.037312313914299,2.665722131729126
Energy-force-only EquiformerV2 AD,34944,8427,14,0.0127655444666743,2.038198471069336
Energy-force-only EquiformerV2 AD,44661,8428,14,0.005840741097927,2.231198787689209
Energy-force-only EquiformerV2 AD,17401,8429,12,0.0303792227059602,2.57452392578125
Energy-force-only EquiformerV2 AD,28140,8430,14,0.0791615024209022,2.270925998687744
Energy-force-only EquiformerV2 AD,27711,8431,14,0.0489017330110073,1.9790664911270144
Energy-force-only EquiformerV2 AD,34173,8432,11,0.0279426798224449,2.4636945724487305
Energy-force-only EquiformerV2 AD,44543,8433,14,0.0200261268764734,2.3563930988311768
Energy-force-only EquiformerV2 AD,473,8434,14,0.0233143251389265,2.644125461578369
Energy-force-only EquiformerV2 AD,1770,8435,11,0.0135490912944078,2.719252109527588
Energy-force-only EquiformerV2 AD,29243,8436,8,0.0097704119980335,4.615017890930176
Energy-force-only EquiformerV2 AD,28973,8437,11,0.0270757544785738,1.7553942203521729
Energy-force-only EquiformerV2 AD,36983,8438,10,0.0548595376312732,2.223355531692505
Energy-force-only EquiformerV2 AD,4543,8439,12,0.0206230916082859,2.45055890083313
Energy-force-only EquiformerV2 AD,14505,8440,13,0.0198770724236965,1.016901612281799
Energy-force-only EquiformerV2 AD,41057,8441,8,0.0428603217005729,4.196712970733643
Energy-force-only EquiformerV2 AD,24459,8442,14,0.1062451303005218,2.4731285572052
Energy-force-only EquiformerV2 AD,13711,8443,8,0.0590286254882812,2.407142877578736
Energy-force-only EquiformerV2 AD,34332,8444,10,0.014824204146862,3.0174949169158936
Energy-force-only EquiformerV2 AD,3528,8445,16,0.0062152273021638,1.1790595054626465
Energy-force-only EquiformerV2 AD,21025,8446,17,0.0399648584425449,0.7871934175491333
Energy-force-only EquiformerV2 AD,6115,8447,15,0.005955793429166,1.9265979528427124
Energy-force-only EquiformerV2 AD,32386,8448,14,0.0579406432807445,1.785277009010315
Energy-force-only EquiformerV2 AD,2122,8449,16,0.0101865828037261,1.866093158721924
Energy-force-only EquiformerV2 AD,21113,8450,16,0.0223045460879802,2.4817357063293457
Energy-force-only EquiformerV2 AD,49993,8451,12,0.0173998419195413,3.1372299194335938
Energy-force-only EquiformerV2 AD,15947,8452,10,0.0089467279613018,2.560741901397705
Energy-force-only EquiformerV2 AD,17317,8453,16,0.0452826395630836,1.6161248683929443
Energy-force-only EquiformerV2 AD,43036,8454,14,0.0091963727027177,1.5158147811889648
Energy-force-only EquiformerV2 AD,16559,8455,8,0.0153046045452356,4.514739036560059
Energy-force-only EquiformerV2 AD,45960,8456,13,0.0215349793434143,2.5675032138824463
Energy-force-only EquiformerV2 AD,28483,8457,10,0.0098554585129022,3.2619221210479736
Energy-force-only EquiformerV2 AD,16998,8458,19,0.0214136503636837,0.869716227054596
Energy-force-only EquiformerV2 AD,22358,8459,11,0.0271996781229972,2.279972076416016
Energy-force-only EquiformerV2 AD,25157,8460,13,0.021323524415493,2.338406562805176
Energy-force-only EquiformerV2 AD,43724,8461,9,0.1226109936833381,3.272869825363159
Energy-force-only EquiformerV2 AD,2475,8462,10,0.0057575735263526,4.42249870300293
Energy-force-only EquiformerV2 AD,1263,8463,16,0.0059567941352725,1.6465158462524414
Energy-force-only EquiformerV2 AD,17690,8464,13,0.0154811572283506,1.9526687860488887
Energy-force-only EquiformerV2 AD,34168,8465,17,0.0101666441187262,1.577268362045288
Energy-force-only EquiformerV2 AD,21272,8466,16,0.0082186311483383,1.4678852558135986
Energy-force-only EquiformerV2 AD,18632,8467,12,0.0111652584746479,2.5723869800567627
Energy-force-only EquiformerV2 AD,40313,8468,16,0.0084050651639699,1.756081223487854
Energy-force-only EquiformerV2 AD,11905,8469,10,0.0116858938708901,3.7226083278656006
Energy-force-only EquiformerV2 AD,21577,8470,19,0.0173948425799608,1.0146679878234863
Energy-force-only EquiformerV2 AD,26738,8471,14,0.0368831530213356,1.2131339311599731
Energy-force-only EquiformerV2 AD,37628,8472,10,0.0251275561749935,2.339522123336792
Energy-force-only EquiformerV2 AD,43586,8473,14,0.0079742968082427,2.109570980072021
Energy-force-only EquiformerV2 AD,26856,8474,12,0.0098076369613409,3.336517810821533
Energy-force-only EquiformerV2 AD,23465,8475,14,0.0125583754852414,2.5203099250793457
Energy-force-only EquiformerV2 AD,37009,8476,10,0.0243871007114648,3.402167558670044
Energy-force-only EquiformerV2 AD,29264,8477,17,0.0049165259115397,1.5414934158325195
Energy-force-only EquiformerV2 AD,39108,8478,13,0.0702283307909965,0.8791167736053467
Energy-force-only EquiformerV2 AD,36830,8479,18,0.0062353261746466,1.204905390739441
Energy-force-only EquiformerV2 AD,24549,8480,15,0.0318223312497139,2.561866283416748
Energy-force-only EquiformerV2 AD,6481,8481,14,0.0201581288129091,1.5169461965560913
Energy-force-only EquiformerV2 AD,50496,8482,9,0.0599200427532196,3.9865026473999023
Energy-force-only EquiformerV2 AD,30613,8483,15,0.0115517349913716,1.3985289335250854
Energy-force-only EquiformerV2 AD,13700,8484,16,0.014014515094459,2.4293534755706787
Energy-force-only EquiformerV2 AD,20924,8485,17,0.0042568664066493,1.512923240661621
Energy-force-only EquiformerV2 AD,41851,8486,13,0.0582756586372852,3.742124319076538
Energy-force-only EquiformerV2 AD,42171,8487,14,0.011369070969522,1.9564045667648315
Energy-force-only EquiformerV2 AD,4364,8488,16,0.0072661032900214,1.5268559455871582
Energy-force-only EquiformerV2 AD,49761,8489,12,0.034762367606163,2.463637113571167
Energy-force-only EquiformerV2 AD,34313,8490,14,0.0288882888853549,1.5720571279525757
Energy-force-only EquiformerV2 AD,37605,8491,13,0.0057773818261921,2.2365355491638184
Energy-force-only EquiformerV2 AD,48786,8492,14,0.0313328243792057,1.1934925317764282
Energy-force-only EquiformerV2 AD,18991,8493,16,0.0337201729416847,1.8109681606292725
Energy-force-only EquiformerV2 AD,20642,8494,12,0.0161808505654335,2.3373324871063232
Energy-force-only EquiformerV2 AD,20251,8495,11,0.0090953037142753,2.1680233478546143
Energy-force-only EquiformerV2 AD,43227,8496,8,0.0156849175691604,4.139538288116455
Energy-force-only EquiformerV2 AD,15969,8497,12,0.044621180742979,2.337809562683105
Energy-force-only EquiformerV2 AD,9340,8498,11,0.0057097664102911,2.0753724575042725
Energy-force-only EquiformerV2 AD,908,8499,16,0.0046923998743295,1.6786712408065796
Energy-force-only EquiformerV2 AD,6087,8500,13,0.0457726307213306,2.497070074081421
Energy-force-only EquiformerV2 AD,39902,8501,16,0.0120311928912997,1.4088077545166016
Energy-force-only EquiformerV2 AD,38515,8502,13,0.0161519907414913,3.210047006607056
Energy-force-only EquiformerV2 AD,40456,8503,15,0.0123210698366165,2.083824872970581
Energy-force-only EquiformerV2 AD,13086,8504,9,0.083266794681549,3.5561537742614746
Energy-force-only EquiformerV2 AD,48423,8505,9,0.0322593487799167,2.89704704284668
Energy-force-only EquiformerV2 AD,6108,8506,15,0.0064378217794001,2.4626803398132324
Energy-force-only EquiformerV2 AD,31899,8507,8,0.0314221233129501,3.1981842517852783
Energy-force-only EquiformerV2 AD,5375,8508,9,0.4292227327823639,1.7791478633880615
Energy-force-only EquiformerV2 AD,16374,8509,19,0.005793766118586,1.051548719406128
Energy-force-only EquiformerV2 AD,21849,8510,18,0.0055970815010368,1.2389299869537354
Energy-force-only EquiformerV2 AD,35549,8511,17,0.003911760635674,1.5600382089614868
Energy-force-only EquiformerV2 AD,41160,8512,15,0.0186231099069118,1.45276141166687
Energy-force-only EquiformerV2 AD,14556,8513,15,0.0394739545881748,2.2031466960906982
Energy-force-only EquiformerV2 AD,19251,8514,16,0.0058145611546933,1.9213807582855225
Energy-force-only EquiformerV2 AD,7972,8515,11,0.058095533400774,4.517394065856934
Energy-force-only EquiformerV2 AD,44361,8516,13,0.013488233089447,2.595644235610962
Energy-force-only EquiformerV2 AD,17121,8517,13,0.0091007547453045,2.9732580184936523
Energy-force-only EquiformerV2 AD,44650,8518,11,0.0269321408122777,2.335764646530152
Energy-force-only EquiformerV2 AD,27798,8519,18,0.0045679276809096,1.5512152910232544
Energy-force-only EquiformerV2 AD,43974,8520,15,0.0094493338838219,1.8782498836517327
Energy-force-only EquiformerV2 AD,11060,8521,11,0.0219467505812644,2.480936288833618
Energy-force-only EquiformerV2 AD,22631,8522,17,0.0032386307138949,1.5392662286758425
Energy-force-only EquiformerV2 AD,48023,8523,15,0.0068577756173908,1.7134618759155271
Energy-force-only EquiformerV2 AD,7998,8524,15,0.0184783916920423,2.167908191680908
Energy-force-only EquiformerV2 AD,47908,8525,10,0.0120482752099633,4.907717227935791
Energy-force-only EquiformerV2 AD,30457,8526,17,0.0050793904811143,1.7231124639511108
Energy-force-only EquiformerV2 AD,6944,8527,13,0.0292074903845787,1.74517023563385
Energy-force-only EquiformerV2 AD,46574,8528,16,0.0090003795921802,1.2362760305404663
Energy-force-only EquiformerV2 AD,24792,8529,16,0.026564072817564,1.9205529689788816
Energy-force-only EquiformerV2 AD,25395,8530,13,0.0191100630909204,1.9389533996582031
Energy-force-only EquiformerV2 AD,5085,8531,14,0.0054507227614521,2.2202799320220947
Energy-force-only EquiformerV2 AD,20487,8532,17,0.0123761007562279,1.054399847984314
Energy-force-only EquiformerV2 AD,49995,8533,14,0.0088353287428617,2.288332939147949
Energy-force-only EquiformerV2 AD,524,8534,9,0.0227777734398841,4.00354528427124
Energy-force-only EquiformerV2 AD,46071,8535,18,0.0189537070691585,1.4490824937820437
Energy-force-only EquiformerV2 AD,29046,8536,19,0.0170049015432596,1.2993696928024292
Energy-force-only EquiformerV2 AD,3311,8537,10,0.0531180575489997,4.889725208282471
Energy-force-only EquiformerV2 AD,23057,8538,13,0.0651571676135063,2.282750368118286
Energy-force-only EquiformerV2 AD,26415,8539,12,0.0759128257632255,2.2501206398010254
Energy-force-only EquiformerV2 AD,39409,8540,15,0.0588684938848018,2.2841835021972656
Energy-force-only EquiformerV2 AD,27867,8541,10,0.0190616641193628,3.8510358333587646
Energy-force-only EquiformerV2 AD,12763,8542,19,0.0036889612674713,1.502123475074768
Energy-force-only EquiformerV2 AD,50677,8543,12,0.0143349599093198,2.771398067474365
Energy-force-only EquiformerV2 AD,42884,8544,13,0.0400207638740539,1.6330920457839966
Energy-force-only EquiformerV2 AD,30055,8545,13,0.0058064293116331,2.885294198989868
Energy-force-only EquiformerV2 AD,7867,8546,14,0.0160050280392169,2.600291967391968
Energy-force-only EquiformerV2 AD,11487,8547,13,0.0243222638964653,2.44059681892395
Energy-force-only EquiformerV2 AD,40218,8548,17,0.0108193838968873,1.824984669685364
Energy-force-only EquiformerV2 AD,45566,8549,14,0.016782309859991,1.959820985794068
Energy-force-only EquiformerV2 AD,5077,8550,13,0.0055404803715646,2.1227407455444336
Energy-force-only EquiformerV2 AD,31639,8551,16,0.0183365978300571,1.766302466392517
Energy-force-only EquiformerV2 AD,28901,8552,14,0.0157750956714153,2.2376770973205566
Energy-force-only EquiformerV2 AD,1619,8553,11,0.0340192802250385,2.8885343074798584
Energy-force-only EquiformerV2 AD,42895,8554,14,0.0216019246727228,1.534764289855957
Energy-force-only EquiformerV2 AD,38803,8555,11,0.0605755187571048,2.7560298442840576
Energy-force-only EquiformerV2 AD,44140,8556,13,0.0252280123531818,2.528584241867065
Energy-force-only EquiformerV2 AD,198,8557,17,0.0066060228273272,1.4613410234451294
Energy-force-only EquiformerV2 AD,11916,8558,12,0.0352986119687557,2.529263734817505
Energy-force-only EquiformerV2 AD,14170,8559,17,0.0165868215262889,1.8353493213653564
Energy-force-only EquiformerV2 AD,15193,8560,15,0.0442167147994041,2.365084409713745
Energy-force-only EquiformerV2 AD,37312,8561,16,0.0110648116096854,1.8200749158859253
Energy-force-only EquiformerV2 AD,17050,8562,13,0.0180453956127166,1.9510701894760127
Energy-force-only EquiformerV2 AD,22733,8563,5,0.0591829232871532,8.878202438354492
Energy-force-only EquiformerV2 AD,3643,8564,17,0.0096745882183313,1.60364830493927
Energy-force-only EquiformerV2 AD,25377,8565,15,0.0085916696116328,2.143009185791016
Energy-force-only EquiformerV2 AD,32833,8566,15,0.0163212846964597,1.6625921726226809
Energy-force-only EquiformerV2 AD,7064,8567,14,0.0139749590307474,2.470247268676758
Energy-force-only EquiformerV2 AD,43048,8568,14,0.0114266267046332,2.4644529819488525
Energy-force-only EquiformerV2 AD,24554,8569,18,0.0079361302778124,1.4696847200393677
Energy-force-only EquiformerV2 AD,22947,8570,16,0.0102166449651122,1.3425816297531128
Energy-force-only EquiformerV2 AD,35226,8571,11,0.005922692362219,3.636223316192627
Energy-force-only EquiformerV2 AD,12452,8572,16,0.0227915849536657,0.6123437285423279
Energy-force-only EquiformerV2 AD,6557,8573,12,0.0358237288892269,2.146178722381592
Energy-force-only EquiformerV2 AD,46978,8574,13,0.0285426136106252,2.247882843017578
Energy-force-only EquiformerV2 AD,23511,8575,17,0.0098585849627852,1.4059789180755615
Energy-force-only EquiformerV2 AD,19424,8576,12,0.0177730564028024,2.2380826473236084
Energy-force-only EquiformerV2 AD,42036,8577,14,0.0106392158195376,2.0509302616119385
Energy-force-only EquiformerV2 AD,7608,8578,11,0.0349549315869808,2.4415907859802246
Energy-force-only EquiformerV2 AD,27013,8579,12,0.0301962196826934,3.2609455585479736
Energy-force-only EquiformerV2 AD,26101,8580,18,0.0047778952866792,1.8316679000854488
Energy-force-only EquiformerV2 AD,13226,8581,17,0.0060023572295904,1.684968113899231
Energy-force-only EquiformerV2 AD,9882,8582,11,0.0714765861630439,4.395152568817139
Energy-force-only EquiformerV2 AD,37153,8583,6,0.0378406830132007,4.150209426879883
Energy-force-only EquiformerV2 AD,30162,8584,11,0.012288874015212,4.394355297088623
Energy-force-only EquiformerV2 AD,46937,8585,10,0.0112613774836063,2.321969985961914
Energy-force-only EquiformerV2 AD,12247,8586,12,0.0517759434878826,3.133006811141968
Energy-force-only EquiformerV2 AD,18092,8587,12,0.0651760771870613,1.4316331148147583
Energy-force-only EquiformerV2 AD,44429,8588,14,0.0033746177796274,1.9239189624786377
Energy-force-only EquiformerV2 AD,30283,8589,11,0.0096679730340838,2.395195722579956
Energy-force-only EquiformerV2 AD,27737,8590,18,0.0071192122995853,0.6607152819633484
Energy-force-only EquiformerV2 AD,44578,8591,12,0.0151984710246324,2.46404767036438
Energy-force-only EquiformerV2 AD,44299,8592,15,0.0280712619423866,1.809166669845581
Energy-force-only EquiformerV2 AD,418,8593,13,0.0040353066287934,2.2776052951812744
Energy-force-only EquiformerV2 AD,23394,8594,8,0.0682955533266067,1.8776953220367432
Energy-force-only EquiformerV2 AD,30585,8595,11,0.0226777680218219,3.1751577854156494
Energy-force-only EquiformerV2 AD,47222,8596,21,0.0079792337492108,1.32536518573761
Energy-force-only EquiformerV2 AD,35039,8597,13,0.0131092350929975,1.9547866582870483
Energy-force-only EquiformerV2 AD,16185,8598,12,0.0216540675610303,2.517660617828369
Energy-force-only EquiformerV2 AD,44859,8599,14,0.0186763145029544,1.975075483322144
Energy-force-only EquiformerV2 AD,17304,8600,5,0.01223149523139,6.395083904266357
Energy-force-only EquiformerV2 AD,24017,8601,10,0.0227553378790617,2.406940221786499
Energy-force-only EquiformerV2 AD,2037,8602,13,0.0436872169375419,2.4700396060943604
Energy-force-only EquiformerV2 AD,39817,8603,16,0.0161245428025722,1.2117456197738647
Energy-force-only EquiformerV2 AD,11125,8604,13,0.0793282836675643,2.7174999713897705
Energy-force-only EquiformerV2 AD,15858,8605,11,0.014427687972784,2.267305612564087
Energy-force-only EquiformerV2 AD,42440,8606,12,0.0178063530474901,2.4424314498901367
Energy-force-only EquiformerV2 AD,48719,8607,13,0.0159637294709682,1.899917364120484
Energy-force-only EquiformerV2 AD,38255,8608,14,0.0200654808431863,1.30180561542511
Energy-force-only EquiformerV2 AD,43646,8609,16,0.0272790044546127,1.499443769454956
Energy-force-only EquiformerV2 AD,32091,8610,18,0.0243522953242063,1.872880458831787
Energy-force-only EquiformerV2 AD,4054,8611,15,0.0027773701585829,1.918051481246948
Energy-force-only EquiformerV2 AD,17374,8612,8,0.0360403805971145,5.147976875305176
Energy-force-only EquiformerV2 AD,6803,8613,14,0.131935566663742,2.3476126194000244
Energy-force-only EquiformerV2 AD,12879,8614,10,0.0117580732330679,3.415797710418701
Energy-force-only EquiformerV2 AD,37849,8615,17,0.0095521947368979,1.550644874572754
Energy-force-only EquiformerV2 AD,27697,8616,16,0.0137018095701932,1.31227707862854
Energy-force-only EquiformerV2 AD,15395,8617,14,0.008010970428586,2.632049083709717
Energy-force-only EquiformerV2 AD,37049,8618,16,0.016707208007574,1.143606662750244
Energy-force-only EquiformerV2 AD,11148,8619,13,0.0193738471716642,2.196042537689209
Energy-force-only EquiformerV2 AD,13008,8620,16,0.0181681010872125,1.7879376411437988
Energy-force-only EquiformerV2 AD,36394,8621,13,0.0197609663009643,2.7912378311157227
Energy-force-only EquiformerV2 AD,32766,8622,19,0.0038311618845909,1.569924235343933
Energy-force-only EquiformerV2 AD,12607,8623,15,0.0070985257625579,1.839489459991455
Energy-force-only EquiformerV2 AD,6329,8624,12,0.0166945606470108,2.406011819839477
Energy-force-only EquiformerV2 AD,14968,8625,16,0.0166305899620056,0.7095364332199097
Energy-force-only EquiformerV2 AD,10351,8626,12,0.0223162118345499,2.341935634613037
Energy-force-only EquiformerV2 AD,16475,8627,13,0.0366179384291172,2.3046021461486816
Energy-force-only EquiformerV2 AD,6733,8628,14,0.0080594085156917,1.816138505935669
Energy-force-only EquiformerV2 AD,20197,8629,14,0.0121843460947275,1.9671655893325808
Energy-force-only EquiformerV2 AD,12082,8630,11,0.0050942557863891,3.604080200195313
Energy-force-only EquiformerV2 AD,5541,8631,15,0.0261594522744417,1.6113042831420898
Energy-force-only EquiformerV2 AD,27533,8632,16,0.1164440363645553,1.7199015617370603
Energy-force-only EquiformerV2 AD,18205,8633,15,0.0091816158965229,1.9357370138168333
Energy-force-only EquiformerV2 AD,14811,8634,13,0.0225470047444105,1.8680604696273804
Energy-force-only EquiformerV2 AD,828,8635,16,0.0246691405773162,1.5728012323379517
Energy-force-only EquiformerV2 AD,37585,8636,13,0.0132933882996439,2.546886920928955
Energy-force-only EquiformerV2 AD,9905,8637,16,0.0289331451058387,2.2477385997772217
Energy-force-only EquiformerV2 AD,9686,8638,11,0.0277267079800367,3.343459367752075
Energy-force-only EquiformerV2 AD,23225,8639,14,0.0184889417141675,2.354247570037842
Energy-force-only EquiformerV2 AD,26534,8640,17,0.0088981930166482,1.886115312576294
Energy-force-only EquiformerV2 AD,21599,8641,17,0.0112231178209185,1.232602834701538
Energy-force-only EquiformerV2 AD,45816,8642,16,0.0101904552429914,1.5993083715438845
Energy-force-only EquiformerV2 AD,50029,8643,10,0.0066801947541534,3.948272705078125
Energy-force-only EquiformerV2 AD,21556,8644,14,0.0367599464952945,2.092226266860962
Energy-force-only EquiformerV2 AD,40280,8645,19,0.0238819830119609,1.863667726516724
Energy-force-only EquiformerV2 AD,12672,8646,10,0.0763012617826461,2.496152639389038
Energy-force-only EquiformerV2 AD,13140,8647,17,0.0069038146175444,1.81620728969574
Energy-force-only EquiformerV2 AD,37480,8648,11,0.0433565340936183,2.637277603149414
Energy-force-only EquiformerV2 AD,4055,8649,13,0.0158308632671833,2.714703321456909
Energy-force-only EquiformerV2 AD,35561,8650,12,0.0126539999619126,2.9724009037017822
Energy-force-only EquiformerV2 AD,22627,8651,13,0.0073219873011112,2.161499261856079
Energy-force-only EquiformerV2 AD,18822,8652,13,0.0226438511162996,2.489553451538086
Energy-force-only EquiformerV2 AD,26930,8653,10,0.013865946792066,4.147586822509766
Energy-force-only EquiformerV2 AD,19376,8654,16,0.0028237614315003,1.5914995670318604
Energy-force-only EquiformerV2 AD,13021,8655,13,0.0035963081754744,2.747610330581665
Energy-force-only EquiformerV2 AD,39012,8656,15,0.0315455794334411,0.9911273717880248
Energy-force-only EquiformerV2 AD,11046,8657,18,0.0163284093141555,1.7736788988113403
Energy-force-only EquiformerV2 AD,47624,8658,16,0.0063469847664237,1.7572391033172607
Energy-force-only EquiformerV2 AD,8145,8659,12,0.00808946788311,2.53873062133789
Energy-force-only EquiformerV2 AD,3531,8660,10,0.0153880128636956,4.00264835357666
Energy-force-only EquiformerV2 AD,34110,8661,14,0.0070463656447827,2.871081113815308
Energy-force-only EquiformerV2 AD,30631,8662,13,0.0320648178458213,2.436016798019409
Energy-force-only EquiformerV2 AD,44465,8663,11,0.0688008442521095,2.7973318099975586
Energy-force-only EquiformerV2 AD,16406,8664,15,0.010607536882162,1.8796284198760984
Energy-force-only EquiformerV2 AD,50818,8665,14,0.0224887076765298,2.132930517196656
Energy-force-only EquiformerV2 AD,43139,8666,14,0.0115663819015026,2.0611448287963867
Energy-force-only EquiformerV2 AD,16618,8667,12,0.0209222994744777,1.492345929145813
Energy-force-only EquiformerV2 AD,50832,8668,8,0.0106190918013453,4.731480121612549
Energy-force-only EquiformerV2 AD,42651,8669,15,0.0235898606479167,2.5147855281829834
Energy-force-only EquiformerV2 AD,46587,8670,17,0.0087260967120528,1.5432020425796509
Energy-force-only EquiformerV2 AD,37725,8671,17,0.0093581266701221,1.890280842781067
Energy-force-only EquiformerV2 AD,1148,8672,13,0.0070086093619465,2.297779321670532
Energy-force-only EquiformerV2 AD,45352,8673,11,0.028403166681528,1.368553638458252
Energy-force-only EquiformerV2 AD,40868,8674,12,0.0136476922780275,1.6973328590393066
Energy-force-only EquiformerV2 AD,29869,8675,10,0.0172163695096969,1.851109504699707
Energy-force-only EquiformerV2 AD,46919,8676,14,0.0179422777146101,2.0450081825256348
Energy-force-only EquiformerV2 AD,47306,8677,15,0.0182207226753234,1.3035731315612793
Energy-force-only EquiformerV2 AD,23048,8678,14,0.0096882963553071,2.038846254348755
Energy-force-only EquiformerV2 AD,10949,8679,14,0.0173242446035146,2.4710564613342285
Energy-force-only EquiformerV2 AD,26432,8680,12,0.0156945642083883,2.324170589447021
Energy-force-only EquiformerV2 AD,45903,8681,13,0.0306518916040658,2.4771182537078857
Energy-force-only EquiformerV2 AD,34952,8682,15,0.0066320714540779,2.068795919418335
Energy-force-only EquiformerV2 AD,12480,8683,8,0.0117804482579231,5.170984268188477
Energy-force-only EquiformerV2 AD,32437,8684,14,0.0257394034415483,1.6319540739059448
Energy-force-only EquiformerV2 AD,640,8685,11,0.0174329057335853,2.8999125957489014
Energy-force-only EquiformerV2 AD,44211,8686,13,0.0556687228381633,3.423107147216797
Energy-force-only EquiformerV2 AD,13373,8687,13,0.0067826374433934,2.5588531494140625
Energy-force-only EquiformerV2 AD,11965,8688,13,0.0067118918523192,2.5583927631378174
Energy-force-only EquiformerV2 AD,40009,8689,12,0.0250236932188272,5.116115570068359
Energy-force-only EquiformerV2 AD,394,8690,19,0.0025971173308789,1.421570062637329
Energy-force-only EquiformerV2 AD,24666,8691,17,0.0294504314661026,0.9492992758750916
Energy-force-only EquiformerV2 AD,43480,8692,10,0.0380540937185287,3.976811647415161
Energy-force-only EquiformerV2 AD,48943,8693,15,0.0092234360054135,1.5144208669662476
Energy-force-only EquiformerV2 AD,11189,8694,14,0.0032339203171432,1.9741291999816888
Energy-force-only EquiformerV2 AD,45861,8695,17,0.0232782494276762,1.5280330181121826
Energy-force-only EquiformerV2 AD,16659,8696,19,0.0052796341478824,1.0880037546157837
Energy-force-only EquiformerV2 AD,17426,8697,13,0.0166264194995164,1.8368624448776243
Energy-force-only EquiformerV2 AD,50597,8698,16,0.0134839601814746,1.5510817766189575
Energy-force-only EquiformerV2 AD,33271,8699,12,0.0129536325111985,2.8323144912719727
Energy-force-only EquiformerV2 AD,13204,8700,8,0.0257664378732442,4.1978278160095215
Energy-force-only EquiformerV2 AD,16354,8701,13,0.0204376932233572,1.8235620260238647
Energy-force-only EquiformerV2 AD,6444,8702,12,0.0200190618634223,1.346539855003357
Energy-force-only EquiformerV2 AD,36919,8703,12,0.0162343624979257,3.008824825286865
Energy-force-only EquiformerV2 AD,4314,8704,8,0.0094660585746169,2.650240421295166
Energy-force-only EquiformerV2 AD,47638,8705,13,0.0159235130995512,1.9206461906433103
Energy-force-only EquiformerV2 AD,8669,8706,16,0.0095169395208358,2.045372486114502
Energy-force-only EquiformerV2 AD,9301,8707,21,0.0069993054494261,1.3508952856063845
Energy-force-only EquiformerV2 AD,7341,8708,9,0.0060939635150134,4.196807384490967
Energy-force-only EquiformerV2 AD,14976,8709,16,0.0176384076476097,0.6504128575325012
Energy-force-only EquiformerV2 AD,528,8710,9,0.0440739095211029,4.052436351776123
Energy-force-only EquiformerV2 AD,3939,8711,14,0.0125561598688364,1.651720643043518
Energy-force-only EquiformerV2 AD,37107,8712,14,0.0439253896474838,2.3884944915771484
Energy-force-only EquiformerV2 AD,3333,8713,12,0.0119389994069933,3.0988893508911133
Energy-force-only EquiformerV2 AD,22740,8714,15,0.0184864159673452,1.9307293891906736
Energy-force-only EquiformerV2 AD,23278,8715,17,0.0140310553833842,1.859957695007324
Energy-force-only EquiformerV2 AD,35684,8716,13,0.0089019825682044,2.58845853805542
Energy-force-only EquiformerV2 AD,15541,8717,18,0.0277195777744054,1.8624885082244875
Energy-force-only EquiformerV2 AD,19108,8718,16,0.0564653351902961,1.6055666208267212
Energy-force-only EquiformerV2 AD,29339,8719,16,0.006373343989253,1.7631672620773315
Energy-force-only EquiformerV2 AD,30059,8720,11,0.0551355667412281,4.839447498321533
Energy-force-only EquiformerV2 AD,15869,8721,14,0.005775639321655,1.848046064376831
Energy-force-only EquiformerV2 AD,28226,8722,11,0.0466676168143749,2.1215224266052246
Energy-force-only EquiformerV2 AD,50556,8723,12,0.012054824270308,3.092496871948242
Energy-force-only EquiformerV2 AD,1717,8724,14,0.148696944117546,2.113584041595459
Energy-force-only EquiformerV2 AD,1499,8725,12,0.0070141330361366,2.316081285476685
Energy-force-only EquiformerV2 AD,36487,8726,10,0.0137571906670928,3.1128597259521484
Energy-force-only EquiformerV2 AD,5725,8727,12,0.0127950273454189,2.272062301635742
Energy-force-only EquiformerV2 AD,15113,8728,17,0.013156458735466,1.9140125513076784
Energy-force-only EquiformerV2 AD,49830,8729,15,0.0193895827978849,1.931944489479065
Energy-force-only EquiformerV2 AD,41780,8730,10,0.0276109911501407,1.9322853088378904
Energy-force-only EquiformerV2 AD,28457,8731,14,0.0297599416226148,1.999786376953125
Energy-force-only EquiformerV2 AD,5767,8732,11,0.0071209236048161,2.7394089698791504
Energy-force-only EquiformerV2 AD,25093,8733,15,0.0146435778588056,2.485803604125977
Energy-force-only EquiformerV2 AD,25034,8734,14,0.0350896455347538,1.236925721168518
Energy-force-only EquiformerV2 AD,40023,8735,13,0.0110648116096854,1.6977190971374512
Energy-force-only EquiformerV2 AD,18026,8736,12,0.0107730310410261,2.8247764110565186
Energy-force-only EquiformerV2 AD,16753,8737,14,0.0255712494254112,2.4461417198181152
Energy-force-only EquiformerV2 AD,29934,8738,15,0.0039902222342789,1.6358636617660522
Energy-force-only EquiformerV2 AD,28822,8739,14,0.0186748653650283,2.086388111114502
Energy-force-only EquiformerV2 AD,38615,8740,5,0.0335452556610107,8.578780174255371
Energy-force-only EquiformerV2 AD,15460,8741,16,0.0142172267660498,1.6742229461669922
Energy-force-only EquiformerV2 AD,21102,8742,16,0.0173539072275161,1.4132671356201172
Energy-force-only EquiformerV2 AD,24739,8743,12,0.0099422326311469,2.4538605213165283
Energy-force-only EquiformerV2 AD,5589,8744,21,0.0090381270274519,1.0447518825531006
Energy-force-only EquiformerV2 AD,26316,8745,14,0.024146432057023,1.5407770872116089
Energy-force-only EquiformerV2 AD,13320,8746,13,0.0087277190759778,2.319601058959961
Energy-force-only EquiformerV2 AD,50133,8747,15,0.0142105752602219,2.240384101867676
Energy-force-only EquiformerV2 AD,27512,8748,16,0.0062040551565587,1.5196713209152222
Energy-force-only EquiformerV2 AD,19728,8749,9,0.0114100258797407,4.212673187255859
Energy-force-only EquiformerV2 AD,44654,8750,8,0.0239745285362005,4.226283073425293
Energy-force-only EquiformerV2 AD,38031,8751,17,0.0108974054455757,1.621440291404724
Energy-force-only EquiformerV2 AD,24607,8752,10,0.0503911077976226,1.9539073705673216
Energy-force-only EquiformerV2 AD,11886,8753,14,0.0094542447477579,2.1083085536956787
Energy-force-only EquiformerV2 AD,33488,8754,15,0.0307207759469747,1.169838786125183
Energy-force-only EquiformerV2 AD,22591,8755,14,0.0111154345795512,2.292738437652588
Energy-force-only EquiformerV2 AD,17111,8756,13,0.0166911054402589,2.052719116210937
Energy-force-only EquiformerV2 AD,49002,8757,16,0.0079773068428039,1.786502242088318
Energy-force-only EquiformerV2 AD,5750,8758,17,0.020259628072381,1.5116031169891355
Energy-force-only EquiformerV2 AD,29133,8759,10,0.0149703035131096,3.085498571395874
Energy-force-only EquiformerV2 AD,40832,8760,12,0.0106989666819572,2.499995946884156
Energy-force-only EquiformerV2 AD,12637,8761,16,0.0546308681368827,1.8612626791000368
Energy-force-only EquiformerV2 AD,20586,8762,13,0.0027814621571451,2.5691213607788086
Energy-force-only EquiformerV2 AD,17803,8763,13,0.0884462669491767,1.696279525756836
Energy-force-only EquiformerV2 AD,34066,8764,18,0.0064753787592053,1.5822006464004517
Energy-force-only EquiformerV2 AD,43373,8765,9,0.0070134634152054,4.213581085205078
Energy-force-only EquiformerV2 AD,24998,8766,10,0.0334014073014259,2.548095703125
Energy-force-only EquiformerV2 AD,6861,8767,12,0.0408426858484745,3.1820061206817627
Energy-force-only EquiformerV2 AD,30423,8768,14,0.0087033426389098,1.3273767232894895
Energy-force-only EquiformerV2 AD,631,8769,14,0.008030729368329,1.6327970027923584
Energy-force-only EquiformerV2 AD,27829,8770,12,0.0331749394536018,2.6622872352600098
Energy-force-only EquiformerV2 AD,17284,8771,17,0.0058259745128452,1.4155097007751465
Energy-force-only EquiformerV2 AD,723,8772,13,0.058903444558382,2.8786308765411377
Energy-force-only EquiformerV2 AD,17176,8773,11,0.0042941914871335,3.8982608318328857
Energy-force-only EquiformerV2 AD,4290,8774,12,0.012730156071484,3.133588552474976
Energy-force-only EquiformerV2 AD,12422,8775,11,0.0605269521474838,2.906876802444458
Energy-force-only EquiformerV2 AD,16158,8776,16,0.0164091363549232,0.935549020767212
Energy-force-only EquiformerV2 AD,15968,8777,15,0.0054158279672265,2.4453723430633545
Energy-force-only EquiformerV2 AD,8218,8778,9,0.1442294120788574,3.098073482513428
Energy-force-only EquiformerV2 AD,24769,8779,17,0.0354797430336475,1.706706404685974
Energy-force-only EquiformerV2 AD,42084,8780,10,0.0203830022364854,3.533000469207764
Energy-force-only EquiformerV2 AD,24453,8781,17,0.0080585433170199,1.4253586530685425
Energy-force-only EquiformerV2 AD,21535,8782,10,0.0229876246303319,3.4752681255340576
Energy-force-only EquiformerV2 AD,9516,8783,15,0.1506045162677765,1.8599224090576167
Energy-force-only EquiformerV2 AD,40860,8784,13,0.012602093629539,2.17095947265625
Energy-force-only EquiformerV2 AD,42430,8785,15,0.0084166545420885,1.4685474634170532
Energy-force-only EquiformerV2 AD,15548,8786,14,0.0222524646669626,1.4337936639785769
Energy-force-only EquiformerV2 AD,26160,8787,13,0.0167476963251829,2.831472158432007
Energy-force-only EquiformerV2 AD,8652,8788,15,0.0271539725363254,2.3069329261779785
Energy-force-only EquiformerV2 AD,48706,8789,18,0.0130692832171916,1.0408990383148191
Energy-force-only EquiformerV2 AD,16999,8790,18,0.0056240856647491,0.8767527937889099
Energy-force-only EquiformerV2 AD,28658,8791,16,0.0169511772692203,1.5407532453536987
Energy-force-only EquiformerV2 AD,26423,8792,15,0.0059180804528295,1.8413348197937007
Energy-force-only EquiformerV2 AD,34062,8793,16,0.018410600721836,0.6820905208587646
Energy-force-only EquiformerV2 AD,46556,8794,15,0.0072982828132808,2.0931813716888428
Energy-force-only EquiformerV2 AD,36089,8795,10,0.0122212432324886,2.990123748779297
Energy-force-only EquiformerV2 AD,9255,8796,10,0.0144014488905668,3.0447311401367188
Energy-force-only EquiformerV2 AD,37784,8797,12,0.0117827216163277,2.715185642242432
Energy-force-only EquiformerV2 AD,20412,8798,16,0.022901888936758,1.6614129543304443
Energy-force-only EquiformerV2 AD,17936,8799,12,0.010291988030076,2.2934446334838867
Energy-force-only EquiformerV2 AD,48509,8800,15,0.0163245312869548,2.336155652999878
Energy-force-only EquiformerV2 AD,41845,8801,14,0.006557697430253,1.7989604473114014
Energy-force-only EquiformerV2 AD,25,8802,13,0.0065882299095392,2.9898488521575928
Energy-force-only EquiformerV2 AD,41290,8803,10,0.0105365244671702,4.151629447937012
Energy-force-only EquiformerV2 AD,38892,8804,9,0.0204066988080739,2.71858024597168
Energy-force-only EquiformerV2 AD,19143,8805,11,0.0233732387423515,2.2358434200286865
Energy-force-only EquiformerV2 AD,36778,8806,10,0.0151867615059018,3.3712942600250244
Energy-force-only EquiformerV2 AD,46959,8807,19,0.0229989122599363,1.371497392654419
Energy-force-only EquiformerV2 AD,20206,8808,16,0.030537886545062,2.016846179962158
Energy-force-only EquiformerV2 AD,341,8809,10,0.0445518270134925,3.4320688247680664
Energy-force-only EquiformerV2 AD,14772,8810,15,0.0666248202323913,0.896882176399231
Energy-force-only EquiformerV2 AD,797,8811,15,0.0311822257936,2.3247997760772705
Energy-force-only EquiformerV2 AD,48742,8812,19,0.0063543780706822,1.3343955278396606
Energy-force-only EquiformerV2 AD,4490,8813,15,0.0193578377366065,1.1180750131607056
Energy-force-only EquiformerV2 AD,33533,8814,7,0.0305622145533561,6.211360931396484
Energy-force-only EquiformerV2 AD,14446,8815,14,0.0071752122603356,2.503304958343506
Energy-force-only EquiformerV2 AD,49944,8816,20,0.0055677867494523,1.331417441368103
Energy-force-only EquiformerV2 AD,15397,8817,11,0.0048474157229065,2.9594740867614746
Energy-force-only EquiformerV2 AD,3650,8818,14,0.0076332269236445,1.768172264099121
Energy-force-only EquiformerV2 AD,7811,8819,18,0.0040971133857965,1.4460861682891846
Energy-force-only EquiformerV2 AD,45925,8820,17,0.0048990258947014,1.8999700546264648
Energy-force-only EquiformerV2 AD,38520,8821,13,0.0194327030330896,1.802967548370361
Energy-force-only EquiformerV2 AD,50383,8822,15,0.0112411975860595,2.492537021636963
Energy-force-only EquiformerV2 AD,37467,8823,8,0.0222242325544357,4.788494110107422
Energy-force-only EquiformerV2 AD,39864,8824,12,0.0393833741545677,3.4526021480560303
Energy-force-only EquiformerV2 AD,22644,8825,12,0.0332249142229557,3.3578927516937256
Energy-force-only EquiformerV2 AD,5836,8826,12,0.0115991961210966,2.449322462081909
Energy-force-only EquiformerV2 AD,38745,8827,14,0.0154974842444062,1.764734983444214
Energy-force-only EquiformerV2 AD,39478,8828,15,0.0073203910142183,1.7061501741409302
Energy-force-only EquiformerV2 AD,8560,8829,12,0.0097888000309467,2.6507747173309326
Energy-force-only EquiformerV2 AD,45368,8830,16,0.0174326822161674,1.2815624475479126
Energy-force-only EquiformerV2 AD,15453,8831,15,0.015056662261486,1.4665945768356323
Energy-force-only EquiformerV2 AD,1555,8832,12,0.0366327390074729,1.4073587656021118
Energy-force-only EquiformerV2 AD,19892,8833,10,0.0445675253868103,4.110531330108643
Energy-force-only EquiformerV2 AD,17177,8834,14,0.0122629050165414,1.527898907661438
Energy-force-only EquiformerV2 AD,42587,8835,17,0.0148392682895064,0.7759377360343933
Energy-force-only EquiformerV2 AD,48612,8836,16,0.0127810947597026,1.6998170614242554
Energy-force-only EquiformerV2 AD,38591,8837,8,0.0259361378848552,3.904778480529785
Energy-force-only EquiformerV2 AD,10679,8838,10,0.0296877641230821,4.267369747161865
Energy-force-only EquiformerV2 AD,16390,8839,11,0.0285513307899236,1.9947911500930784
Energy-force-only EquiformerV2 AD,9257,8840,15,0.0049695656634867,1.9431402683258057
Energy-force-only EquiformerV2 AD,1498,8841,14,0.0063101183623075,2.5042479038238525
Energy-force-only EquiformerV2 AD,36128,8842,11,0.0404029414057731,2.8535170555114746
Energy-force-only EquiformerV2 AD,18990,8843,14,0.0093558207154273,2.0068511962890625
Energy-force-only EquiformerV2 AD,17251,8844,10,0.0146834729239344,3.4906868934631348
Energy-force-only EquiformerV2 AD,6810,8845,14,0.0130440024659037,2.185983180999756
Energy-force-only EquiformerV2 AD,40773,8846,15,0.0215105451643466,2.055988311767578
Energy-force-only EquiformerV2 AD,40882,8847,16,0.0179161336272954,1.2794065475463867
Energy-force-only EquiformerV2 AD,30831,8848,14,0.029659379273653,1.83673906326294
Energy-force-only EquiformerV2 AD,18479,8849,12,0.0196863710880279,2.270202398300171
Energy-force-only EquiformerV2 AD,26181,8850,15,0.0396031402051448,1.4203563928604126
Energy-force-only EquiformerV2 AD,12513,8851,16,0.0420647375285625,2.224948167800904
Energy-force-only EquiformerV2 AD,39520,8852,16,0.0113107115030288,1.8242329359054563
Energy-force-only EquiformerV2 AD,25418,8853,14,0.0190369710326194,2.561887741088867
Energy-force-only EquiformerV2 AD,1529,8854,14,0.0096107823774218,1.188443899154663
Energy-force-only EquiformerV2 AD,13652,8855,16,0.0097145661711692,2.0078489780426025
Energy-force-only EquiformerV2 AD,17641,8856,15,0.0129114342853426,1.674312949180603
Energy-force-only EquiformerV2 AD,41386,8857,8,0.0563738159835338,3.816477537155152
Energy-force-only EquiformerV2 AD,2782,8858,16,0.0321067385375499,1.6143547296524048
Energy-force-only EquiformerV2 AD,40677,8859,16,0.0145432148128747,1.966346383094788
Energy-force-only EquiformerV2 AD,8925,8860,16,0.0148821268230676,1.4077463150024414
Energy-force-only EquiformerV2 AD,46400,8861,14,0.0134179452434182,2.0447888374328613
Energy-force-only EquiformerV2 AD,31670,8862,14,0.0300384256988763,1.8247294425964355
Energy-force-only EquiformerV2 AD,39040,8863,11,0.0294076800346374,3.9956068992614746
Energy-force-only EquiformerV2 AD,24457,8864,14,0.0039808065630495,2.1348581314086914
Energy-force-only EquiformerV2 AD,21173,8865,17,0.0086853355169296,1.894431710243225
Energy-force-only EquiformerV2 AD,34268,8866,13,0.0182829611003398,2.6246676445007324
Energy-force-only EquiformerV2 AD,26552,8867,19,0.0062852292321622,1.1656385660171509
Energy-force-only EquiformerV2 AD,1992,8868,11,0.0100196441635489,3.674436092376709
Energy-force-only EquiformerV2 AD,50840,8869,13,0.0105053205043077,2.37250018119812
Energy-force-only EquiformerV2 AD,22695,8870,14,0.0362672805786132,2.837742805480957
Energy-force-only EquiformerV2 AD,19246,8871,10,0.0423635430634021,2.5573410987854004
Energy-force-only EquiformerV2 AD,8385,8872,19,0.0097778346389532,1.7939518690109253
Energy-force-only EquiformerV2 AD,30946,8873,15,0.0208715759217739,1.9295152425765991
Energy-force-only EquiformerV2 AD,428,8874,12,0.0537621974945068,2.210160255432129
Energy-force-only EquiformerV2 AD,11938,8875,11,0.0507946945726871,3.556464910507202
Energy-force-only EquiformerV2 AD,11038,8876,12,0.0109085123986005,2.311894416809082
Energy-force-only EquiformerV2 AD,13000,8877,9,0.0052017369307577,4.2070722579956055
Energy-force-only EquiformerV2 AD,4824,8878,14,0.0210533086210489,1.7893105745315552
Energy-force-only EquiformerV2 AD,158,8879,17,0.0085850851610302,1.541089415550232
Energy-force-only EquiformerV2 AD,1462,8880,16,0.0160118453204631,1.4365752935409546
Energy-force-only EquiformerV2 AD,34924,8881,10,0.0170445442199707,1.946869969367981
Energy-force-only EquiformerV2 AD,23117,8882,12,0.0208271909505128,2.293158769607544
Energy-force-only EquiformerV2 AD,47143,8883,14,0.0229844506829977,2.943304538726806
Energy-force-only EquiformerV2 AD,34855,8884,15,0.0083716819062829,2.0370218753814697
Energy-force-only EquiformerV2 AD,36435,8885,21,0.0058313342742621,1.092215657234192
Energy-force-only EquiformerV2 AD,12080,8886,12,0.0319574624300003,2.136046886444092
Energy-force-only EquiformerV2 AD,49880,8887,9,0.0161770302802324,2.8477654457092285
Energy-force-only EquiformerV2 AD,31686,8888,12,0.0130828954279422,3.16451358795166
Energy-force-only EquiformerV2 AD,48168,8889,13,0.0152647541835904,2.7151784896850586
Energy-force-only EquiformerV2 AD,35250,8890,15,0.0054198135621845,2.439897298812866
Energy-force-only EquiformerV2 AD,15350,8891,10,0.0070482436567544,4.554425239562988
Energy-force-only EquiformerV2 AD,24626,8892,17,0.0111876344308257,1.818976640701294
Energy-force-only EquiformerV2 AD,20607,8893,15,0.0277660004794597,1.5791233777999878
Energy-force-only EquiformerV2 AD,17259,8894,14,0.0604686178267002,1.5088616609573364
Energy-force-only EquiformerV2 AD,49696,8895,9,0.020699156448245,3.481903076171875
Energy-force-only EquiformerV2 AD,7477,8896,10,0.0112095708027482,2.3198273181915283
Energy-force-only EquiformerV2 AD,7822,8897,15,0.0102000534534454,2.311439275741577
Energy-force-only EquiformerV2 AD,3080,8898,12,0.0865758955478668,3.53240180015564
Energy-force-only EquiformerV2 AD,14016,8899,14,0.02751150354743,1.622908592224121
Energy-force-only EquiformerV2 AD,1855,8900,9,0.0178997069597244,3.484450340270996
Energy-force-only EquiformerV2 AD,10272,8901,16,0.0252077579498291,1.2664633989334106
Energy-force-only EquiformerV2 AD,30234,8902,16,0.0100257862359285,1.5535346269607544
Energy-force-only EquiformerV2 AD,49285,8903,14,0.0199582260102033,1.1977635622024536
Energy-force-only EquiformerV2 AD,35142,8904,13,0.0135353868827223,2.876889944076538
Energy-force-only EquiformerV2 AD,13234,8905,9,0.0441561825573444,1.7027868032455444
Energy-force-only EquiformerV2 AD,27804,8906,13,0.0081550758332014,2.24389123916626
Energy-force-only EquiformerV2 AD,28541,8907,14,0.0157513543963432,1.9323912858963013
Energy-force-only EquiformerV2 AD,35272,8908,14,0.0059359013102948,2.1125824451446533
Energy-force-only EquiformerV2 AD,11259,8909,8,0.0149784907698631,4.748037815093994
Energy-force-only EquiformerV2 AD,14354,8910,11,0.0048806811682879,1.258031129837036
Energy-force-only EquiformerV2 AD,27227,8911,7,0.0201280675828456,7.619250297546387
Energy-force-only EquiformerV2 AD,35513,8912,12,0.0227294564247131,1.8628453016281128
Energy-force-only EquiformerV2 AD,21883,8913,13,0.0255378112196922,2.911334276199341
Energy-force-only EquiformerV2 AD,15829,8914,8,0.0098943253979086,4.180952072143555
Energy-force-only EquiformerV2 AD,23066,8915,14,0.016333507373929,1.9482743740081787
Energy-force-only EquiformerV2 AD,1174,8916,11,0.012725937180221,2.572923421859741
Energy-force-only EquiformerV2 AD,34625,8917,15,0.0059693888761103,1.929909586906433
Energy-force-only EquiformerV2 AD,20865,8918,12,0.0182882640510797,1.8927291631698608
Energy-force-only EquiformerV2 AD,39589,8919,16,0.0037552318535745,2.109727382659912
Energy-force-only EquiformerV2 AD,19512,8920,18,0.0212819576263427,1.3350021839141846
Energy-force-only EquiformerV2 AD,49769,8921,19,0.0040596262551844,1.456378698348999
Energy-force-only EquiformerV2 AD,3873,8922,19,0.0207033138722181,0.8386411666870117
Energy-force-only EquiformerV2 AD,24012,8923,17,0.0219788402318954,1.5460097789764404
Energy-force-only EquiformerV2 AD,24849,8924,14,0.0210381615906953,3.254370212554932
Energy-force-only EquiformerV2 AD,17633,8925,13,0.0211488362401723,2.0376088619232178
Energy-force-only EquiformerV2 AD,30889,8926,14,0.0241416413336992,2.675861358642578
Energy-force-only EquiformerV2 AD,19087,8927,16,0.0130882933735847,2.1913864612579346
Energy-force-only EquiformerV2 AD,22267,8928,15,0.011573851108551,1.9389439821243288
Energy-force-only EquiformerV2 AD,1452,8929,14,0.0243866592645645,1.8224937915802
Energy-force-only EquiformerV2 AD,33833,8930,14,0.0143316984176635,2.357755661010742
Energy-force-only EquiformerV2 AD,47477,8931,15,0.0387003123760223,2.2374303340911865
Energy-force-only EquiformerV2 AD,21121,8932,12,0.027291864156723,2.8657095432281494
Energy-force-only EquiformerV2 AD,21971,8933,13,0.0096456790342926,2.602295398712158
Energy-force-only EquiformerV2 AD,28159,8934,14,0.0136012751609086,0.8880546689033508
Energy-force-only EquiformerV2 AD,29559,8935,12,0.0131580429151654,2.534441947937012
Energy-force-only EquiformerV2 AD,44198,8936,13,0.0112231215462088,2.68872618675232
Energy-force-only EquiformerV2 AD,33235,8937,17,0.0207328833639621,1.7048920392990112
Energy-force-only EquiformerV2 AD,42706,8938,17,0.0188127811998128,1.090159296989441
Energy-force-only EquiformerV2 AD,21101,8939,12,0.0194961372762918,2.4593324661254883
Energy-force-only EquiformerV2 AD,35331,8940,15,0.00640440126881,2.249655246734619
Energy-force-only EquiformerV2 AD,36932,8941,14,0.0164968352764844,1.8842123746871948
Energy-force-only EquiformerV2 AD,25734,8942,18,0.0082572558894753,1.898950338363648
Energy-force-only EquiformerV2 AD,1164,8943,13,0.010804371908307,2.0315146446228027
Energy-force-only EquiformerV2 AD,26020,8944,12,0.0091653354465961,2.709148645401001
Energy-force-only EquiformerV2 AD,24276,8945,15,0.009020390920341,1.8602617979049685
Energy-force-only EquiformerV2 AD,13760,8946,14,0.0171773415058851,1.316584587097168
Energy-force-only EquiformerV2 AD,1709,8947,18,0.0036932555958628,1.815263271331787
Energy-force-only EquiformerV2 AD,49619,8948,17,0.0123549532145261,0.8031666874885559
Energy-force-only EquiformerV2 AD,46370,8949,12,0.0197643171995878,3.307953357696533
Energy-force-only EquiformerV2 AD,8439,8950,13,0.0311639066785573,1.2677172422409058
Energy-force-only EquiformerV2 AD,9025,8951,16,0.0170801952481269,1.5426098108291626
Energy-force-only EquiformerV2 AD,20978,8952,16,0.0110971089452505,1.4540328979492188
Energy-force-only EquiformerV2 AD,33510,8953,13,0.0059531261213123,2.632978200912476
Energy-force-only EquiformerV2 AD,3370,8954,12,0.0165348295122385,2.668138265609741
Energy-force-only EquiformerV2 AD,20596,8955,9,0.0220882538706064,3.1359877586364746
Energy-force-only EquiformerV2 AD,10246,8956,13,0.0189304035156965,2.6754581928253174
Energy-force-only EquiformerV2 AD,9743,8957,14,0.013216215185821,1.671566367149353
Energy-force-only EquiformerV2 AD,10318,8958,19,0.0030844074208289,1.2763218879699707
Energy-force-only EquiformerV2 AD,47202,8959,11,0.0063861012458801,2.4922304153442383
Energy-force-only EquiformerV2 AD,33552,8960,11,0.0501629896461963,2.088355541229248
Energy-force-only EquiformerV2 AD,5071,8961,8,0.0274063199758529,3.894517660140991
Energy-force-only EquiformerV2 AD,32522,8962,12,0.0101769473403692,2.529167890548706
Energy-force-only EquiformerV2 AD,39013,8963,18,0.0170412305742502,0.931594729423523
Energy-force-only EquiformerV2 AD,43354,8964,14,0.0065129194408655,2.3747105598449707
Energy-force-only EquiformerV2 AD,25825,8965,15,0.0106535349041223,1.9365020990371704
Energy-force-only EquiformerV2 AD,12258,8966,9,0.0378519259393215,4.304116249084473
Energy-force-only EquiformerV2 AD,32411,8967,13,0.0217117574065923,2.125574111938477
Energy-force-only EquiformerV2 AD,26581,8968,17,0.0083088483661413,1.9938983917236328
Energy-force-only EquiformerV2 AD,43780,8969,18,0.0074566579423844,1.542554497718811
Energy-force-only EquiformerV2 AD,47074,8970,19,0.0124704539775848,1.5396490097045898
Energy-force-only EquiformerV2 AD,34396,8971,14,0.0210986901074647,1.956923007965088
Energy-force-only EquiformerV2 AD,7886,8972,10,0.0064845108427107,3.4238719940185547
Energy-force-only EquiformerV2 AD,42348,8973,10,0.01200832426548,3.1908974647521973
Energy-force-only EquiformerV2 AD,15923,8974,11,0.0280021708458662,2.3900399208068848
Energy-force-only EquiformerV2 AD,37126,8975,17,0.0187258403748273,1.0483407974243164
Energy-force-only EquiformerV2 AD,49553,8976,13,0.0129319690167903,2.177022695541382
Energy-force-only EquiformerV2 AD,31575,8977,19,0.0301032364368438,0.8440395593643188
Energy-force-only EquiformerV2 AD,46261,8978,10,0.0257083605974912,1.760018229484558
Energy-force-only EquiformerV2 AD,44708,8979,11,0.0416799411177635,2.872557640075684
Energy-force-only EquiformerV2 AD,30929,8980,10,0.044096503406763,4.299843788146973
Energy-force-only EquiformerV2 AD,15897,8981,11,0.0497907884418964,2.0687949657440186
Energy-force-only EquiformerV2 AD,49286,8982,14,0.0111205978319048,2.161617040634156
Energy-force-only EquiformerV2 AD,29865,8983,18,0.0188863277435302,1.4292792081832886
Energy-force-only EquiformerV2 AD,12772,8984,14,0.0123512847349047,1.1129871606826782
Energy-force-only EquiformerV2 AD,44915,8985,15,0.0476853065192699,1.146004319190979
Energy-force-only EquiformerV2 AD,50672,8986,13,0.0176028721034526,2.3759634494781494
Energy-force-only EquiformerV2 AD,33209,8987,16,0.0149971526116132,1.8861650228500368
Energy-force-only EquiformerV2 AD,13045,8988,12,0.0115867378190159,3.014636278152466
Energy-force-only EquiformerV2 AD,36727,8989,11,0.0317684076726436,2.7679176330566406
Energy-force-only EquiformerV2 AD,49195,8990,15,0.0100871259346604,1.636228084564209
Energy-force-only EquiformerV2 AD,26427,8991,16,0.0062276925891637,1.4516092538833618
Energy-force-only EquiformerV2 AD,14644,8992,13,0.0080209011211991,2.1640055179595947
Energy-force-only EquiformerV2 AD,3099,8993,13,0.0147922104224562,2.19705867767334
Energy-force-only EquiformerV2 AD,16080,8994,12,0.0345600768923759,2.204167604446411
Energy-force-only EquiformerV2 AD,12969,8995,11,0.0555825307965278,1.6133699417114258
Energy-force-only EquiformerV2 AD,20528,8996,10,0.0517846904695034,3.9447154998779297
Energy-force-only EquiformerV2 AD,50088,8997,16,0.0144675206393003,1.7315853834152222
Energy-force-only EquiformerV2 AD,2304,8998,10,0.0119446879252791,1.856739163398743
Energy-force-only EquiformerV2 AD,39089,8999,12,0.0329083278775215,1.5463234186172483
Energy-force-only EquiformerV2 AD,29860,9000,10,0.0345453768968582,3.38474178314209
Energy-force-only EquiformerV2 AD,21317,9001,16,0.0213712565600872,1.6352566480636597
Energy-force-only EquiformerV2 AD,38782,9002,13,0.0193610098212957,1.391579270362854
Energy-force-only EquiformerV2 AD,23957,9003,7,0.0398674383759498,3.699601411819458
Energy-force-only EquiformerV2 AD,41252,9004,18,0.028378365561366,1.660374402999878
Energy-force-only EquiformerV2 AD,28101,9005,14,0.0156891662627458,1.3455991744995115
Energy-force-only EquiformerV2 AD,2230,9006,15,0.0068545318208634,1.828208923339844
Energy-force-only EquiformerV2 AD,29239,9007,10,0.0148446960374712,3.3066439628601074
Energy-force-only EquiformerV2 AD,47029,9008,14,0.0133489603176712,1.8872705698013303
Energy-force-only EquiformerV2 AD,2360,9009,11,0.0169856362044811,3.9411094188690186
Energy-force-only EquiformerV2 AD,6321,9010,10,0.0093699758872389,3.669166803359986
Energy-force-only EquiformerV2 AD,23870,9011,9,0.0199686475098133,5.252230167388916
Energy-force-only EquiformerV2 AD,32705,9012,14,0.007650853600353,1.6750496625900269
Energy-force-only EquiformerV2 AD,11713,9013,15,0.0098930886015295,2.011554718017578
Energy-force-only EquiformerV2 AD,39302,9014,10,0.0166219379752874,2.635078191757202
Energy-force-only EquiformerV2 AD,41895,9015,16,0.013871151022613,2.4218456745147705
Energy-force-only EquiformerV2 AD,12121,9016,12,0.0218353606760501,2.3573641777038574
Energy-force-only EquiformerV2 AD,2252,9017,15,0.0100176036357879,1.91024136543274
Energy-force-only EquiformerV2 AD,39705,9018,15,0.0147069217637181,2.279722213745117
Energy-force-only EquiformerV2 AD,27592,9019,15,0.024709178134799,1.7965195178985596
Energy-force-only EquiformerV2 AD,23282,9020,14,0.0284485276788473,1.194122076034546
Energy-force-only EquiformerV2 AD,49187,9021,16,0.0078878393396735,1.6046831607818604
Energy-force-only EquiformerV2 AD,37768,9022,11,0.0398174338042736,2.786317110061645
Energy-force-only EquiformerV2 AD,32297,9023,15,0.0055031203664839,1.8476369380950928
Energy-force-only EquiformerV2 AD,15531,9024,16,0.0111735854297876,0.6928913593292236
Energy-force-only EquiformerV2 AD,39003,9025,15,0.0057581723667681,2.110958337783813
Energy-force-only EquiformerV2 AD,25873,9026,13,0.0434274077415466,1.131015062332153
Energy-force-only EquiformerV2 AD,3820,9027,17,0.0118602067232131,1.4922560453414917
Energy-force-only EquiformerV2 AD,5144,9028,14,0.0267881639301776,2.527098655700684
Energy-force-only EquiformerV2 AD,11490,9029,15,0.0140274502336978,1.877892017364502
Energy-force-only EquiformerV2 AD,49270,9030,11,0.0830311402678489,2.716003179550171
Energy-force-only EquiformerV2 AD,24248,9031,13,0.0078646754845976,2.347810983657837
Energy-force-only EquiformerV2 AD,22820,9032,17,0.0034007164649665,1.4596858024597168
Energy-force-only EquiformerV2 AD,49202,9033,16,0.0139219760894775,1.546438694000244
Energy-force-only EquiformerV2 AD,25069,9034,15,0.0119197545573115,2.091815233230591
Energy-force-only EquiformerV2 AD,27939,9035,16,0.0038449529092758,1.6597844362258911
Energy-force-only EquiformerV2 AD,28319,9036,11,0.0037958009634166,3.381862163543701
Energy-force-only EquiformerV2 AD,858,9037,12,0.0096175651997327,2.866219520568848
Energy-force-only EquiformerV2 AD,16566,9038,18,0.0189210176467895,1.6661566495895386
Energy-force-only EquiformerV2 AD,5787,9039,16,0.0202762447297573,1.662137150764465
Energy-force-only EquiformerV2 AD,48855,9040,14,0.0045349970459938,1.9964914321899407
Energy-force-only EquiformerV2 AD,23505,9041,19,0.0279801692813634,0.655636727809906
Energy-force-only EquiformerV2 AD,16636,9042,10,0.148075133562088,2.983626365661621
Energy-force-only EquiformerV2 AD,8631,9043,14,0.0090487049892544,1.7949291467666626
Energy-force-only EquiformerV2 AD,236,9044,12,0.019525097683072,3.931019067764282
Energy-force-only EquiformerV2 AD,46233,9045,15,0.0078353816643357,2.4580836296081543
Energy-force-only EquiformerV2 AD,21717,9046,8,0.0649844035506248,4.237502098083496
Energy-force-only EquiformerV2 AD,46246,9047,13,0.0089513277634978,2.5001235008239746
Energy-force-only EquiformerV2 AD,23834,9048,15,0.0192944817245006,1.387200117111206
Energy-force-only EquiformerV2 AD,1401,9049,11,0.0086916349828243,3.035980701446533
Energy-force-only EquiformerV2 AD,28022,9050,10,0.0565500482916832,3.8118796348571777
Energy-force-only EquiformerV2 AD,27818,9051,17,0.0232458710670471,1.5413955450057983
Energy-force-only EquiformerV2 AD,16043,9052,17,0.0140143064782023,1.6830124855041504
Energy-force-only EquiformerV2 AD,39500,9053,14,0.0124973133206367,2.6535115242004395
Energy-force-only EquiformerV2 AD,3655,9054,14,0.0604339577257633,1.0548094511032104
Energy-force-only EquiformerV2 AD,37803,9055,11,0.0164689924567937,3.445728540420532
Energy-force-only EquiformerV2 AD,40488,9056,15,0.0065173576585948,2.333526134490967
Energy-force-only EquiformerV2 AD,13459,9057,14,0.0119173787534236,1.6076641082763672
Energy-force-only EquiformerV2 AD,4575,9058,16,0.0050346101634204,1.419262170791626
Energy-force-only EquiformerV2 AD,46571,9059,11,0.0107181798666715,2.6461257934570312
Energy-force-only EquiformerV2 AD,35885,9060,15,0.0123677747324109,2.497882604598999
Energy-force-only EquiformerV2 AD,11435,9061,15,0.0277284514158964,1.340900421142578
Energy-force-only EquiformerV2 AD,7082,9062,13,0.0139280846342444,2.794761180877685
Energy-force-only EquiformerV2 AD,41806,9063,9,0.066654048860073,3.916318416595459
Energy-force-only EquiformerV2 AD,42654,9064,17,0.0098748281598091,1.5926076173782349
Energy-force-only EquiformerV2 AD,21677,9065,14,0.0128792999312281,2.2735610008239746
Energy-force-only EquiformerV2 AD,46387,9066,16,0.0092523740604519,2.028119802474976
Energy-force-only EquiformerV2 AD,23644,9067,15,0.0089331921190023,1.6884647607803345
Energy-force-only EquiformerV2 AD,50664,9068,13,0.0309526678174734,1.843344807624817
Energy-force-only EquiformerV2 AD,23964,9069,15,0.016252277418971,2.208399772644043
Energy-force-only EquiformerV2 AD,50253,9070,18,0.0047904262319207,0.9492866396903992
Energy-force-only EquiformerV2 AD,21657,9071,17,0.0186529327183961,1.6846121549606323
Energy-force-only EquiformerV2 AD,25817,9072,11,0.0678194239735603,3.055633306503296
Energy-force-only EquiformerV2 AD,42801,9073,13,0.0162828620523214,2.70440411567688
Energy-force-only EquiformerV2 AD,15601,9074,13,0.012145216576755,2.420718193054199
Energy-force-only EquiformerV2 AD,32987,9075,11,0.021220551803708,1.8113490343093872
Energy-force-only EquiformerV2 AD,2634,9076,11,0.0517373047769069,2.324960231781006
Energy-force-only EquiformerV2 AD,1769,9077,16,0.0028528426773846,1.7025032043457031
Energy-force-only EquiformerV2 AD,34986,9078,12,0.0093718506395816,2.303471803665161
Energy-force-only EquiformerV2 AD,16263,9079,14,0.025192005559802,1.4438999891281128
Energy-force-only EquiformerV2 AD,41097,9080,11,0.0390341505408287,3.256422996520996
Energy-force-only EquiformerV2 AD,34192,9081,9,0.0436786822974681,2.9485104084014893
Energy-force-only EquiformerV2 AD,13877,9082,17,0.0181334782391786,0.8340685367584229
Energy-force-only EquiformerV2 AD,43455,9083,16,0.01065537892282,1.578558087348938
Energy-force-only EquiformerV2 AD,13391,9084,14,0.0809411704540252,1.1694344282150269
Energy-force-only EquiformerV2 AD,3573,9085,11,0.0497363358736038,3.5486502647399902
Energy-force-only EquiformerV2 AD,45273,9086,18,0.0086495745927095,1.3739616870880127
Energy-force-only EquiformerV2 AD,35248,9087,15,0.0171176269650459,1.3696578741073608
Energy-force-only EquiformerV2 AD,36335,9088,16,0.0129927489906549,1.7517544031143188
Energy-force-only EquiformerV2 AD,35705,9089,13,0.0061469664797186,2.5135703086853027
Energy-force-only EquiformerV2 AD,29236,9090,14,0.0114173106849193,1.8371872901916504
Energy-force-only EquiformerV2 AD,28288,9091,18,0.0134799340739846,1.7433613538742063
Energy-force-only EquiformerV2 AD,49914,9092,7,0.0185268633067607,6.856327056884766
Energy-force-only EquiformerV2 AD,30113,9093,11,0.0070697786286473,3.6552155017852783
Energy-force-only EquiformerV2 AD,5440,9094,21,0.0054620723240077,0.9735651016235352
Energy-force-only EquiformerV2 AD,21571,9095,11,0.0040069548413157,2.057435750961304
Energy-force-only EquiformerV2 AD,48544,9096,16,0.0128489835187792,1.5400301218032837
Energy-force-only EquiformerV2 AD,44314,9097,16,0.0168983750045299,1.861300587654113
Energy-force-only EquiformerV2 AD,24226,9098,14,0.0159658771008253,1.936785340309143
Energy-force-only EquiformerV2 AD,32428,9099,12,0.0136639457195997,3.14755916595459
Energy-force-only EquiformerV2 AD,22527,9100,12,0.0176036786288023,2.026606798171997
Energy-force-only EquiformerV2 AD,38085,9101,17,0.0130195822566747,1.8304394483566284
Energy-force-only EquiformerV2 AD,11085,9102,13,0.0168175566941499,1.921210527420044
Energy-force-only EquiformerV2 AD,391,9103,8,0.0105076599866151,4.378387451171875
Energy-force-only EquiformerV2 AD,5806,9104,11,0.0119096571579575,3.563709259033203
Energy-force-only EquiformerV2 AD,5146,9105,9,0.0122594814747571,3.3259294033050537
Energy-force-only EquiformerV2 AD,39347,9106,10,0.0679951161146164,1.970572829246521
Energy-force-only EquiformerV2 AD,41228,9107,14,0.0122388591989874,2.292212963104248
Energy-force-only EquiformerV2 AD,18178,9108,7,0.0163020007312297,4.913184642791748
Energy-force-only EquiformerV2 AD,15658,9109,13,0.0050687729381024,2.305610179901123
Energy-force-only EquiformerV2 AD,1761,9110,16,0.0048020537942647,1.8078449964523315
Energy-force-only EquiformerV2 AD,33367,9111,15,0.0209740847349166,2.160391092300415
Energy-force-only EquiformerV2 AD,22773,9112,10,0.0261637773364782,2.2014527320861816
Energy-force-only EquiformerV2 AD,31625,9113,16,0.0211011469364166,1.4178814888000488
Energy-force-only EquiformerV2 AD,26517,9114,15,0.0082617560401558,1.312874436378479
Energy-force-only EquiformerV2 AD,8513,9115,12,0.0108685446903109,1.963765263557434
Energy-force-only EquiformerV2 AD,46760,9116,19,0.006791562307626,1.5696117877960205
Energy-force-only EquiformerV2 AD,11326,9117,13,0.0282999761402606,2.6539502143859863
Energy-force-only EquiformerV2 AD,35579,9118,10,0.0107538439333438,4.244470596313477
Energy-force-only EquiformerV2 AD,42176,9119,10,0.1763419806957245,3.856668949127197
Energy-force-only EquiformerV2 AD,2007,9120,12,0.0113890832290053,2.1007416248321533
Energy-force-only EquiformerV2 AD,36697,9121,16,0.0076517998240888,1.1623328924179075
Energy-force-only EquiformerV2 AD,20474,9122,14,0.003778401762247,1.8452320098876955
Energy-force-only EquiformerV2 AD,20535,9123,13,0.0303931180387735,1.3054187297821045
Energy-force-only EquiformerV2 AD,6630,9124,14,0.0093732979148626,1.992397904396057
Energy-force-only EquiformerV2 AD,24267,9125,15,0.0403069034218788,1.6228214502334597
Energy-force-only EquiformerV2 AD,26243,9126,13,0.0176827535033226,2.925801992416382
Energy-force-only EquiformerV2 AD,13794,9127,14,0.0139019042253494,1.9606937170028689
Energy-force-only EquiformerV2 AD,28489,9128,12,0.175014317035675,4.792996883392334
Energy-force-only EquiformerV2 AD,41280,9129,16,0.010526742786169,1.4362212419509888
Energy-force-only EquiformerV2 AD,44698,9130,15,0.0110384635627269,1.9688842296600344
Energy-force-only EquiformerV2 AD,9437,9131,11,0.056399006396532,1.9507100582122805
Energy-force-only EquiformerV2 AD,22480,9132,15,0.0115345576778054,2.143645763397217
Energy-force-only EquiformerV2 AD,38406,9133,15,0.0107021862640976,2.058191061019897
Energy-force-only EquiformerV2 AD,46992,9134,19,0.0075932494364678,1.2550981044769287
Energy-force-only EquiformerV2 AD,12694,9135,13,0.0222668722271919,1.173482894897461
Energy-force-only EquiformerV2 AD,39896,9136,12,0.0143006183207035,1.942102313041687
Energy-force-only EquiformerV2 AD,15309,9137,15,0.0078888181596994,2.068359851837158
Energy-force-only EquiformerV2 AD,3912,9138,14,0.0092525752261281,2.112578153610229
Energy-force-only EquiformerV2 AD,37956,9139,14,0.0210483353585004,1.7241230010986328
Energy-force-only EquiformerV2 AD,28723,9140,16,0.0119574442505836,1.553985357284546
Energy-force-only EquiformerV2 AD,36551,9141,11,0.008969041518867,2.4868052005767822
Energy-force-only EquiformerV2 AD,30761,9142,12,0.0083153247833251,2.911123514175415
Energy-force-only EquiformerV2 AD,43799,9143,10,0.0210394915193319,1.1408220529556274
Energy-force-only EquiformerV2 AD,4524,9144,16,0.0160024091601371,1.804294228553772
Energy-force-only EquiformerV2 AD,13979,9145,9,0.0173410382121801,2.988309383392334
Energy-force-only EquiformerV2 AD,29843,9146,15,0.03422087803483,2.248528242111206
Energy-force-only EquiformerV2 AD,47982,9147,17,0.0059911585412919,1.6404939889907837
Energy-force-only EquiformerV2 AD,8012,9148,16,0.0109504982829093,1.321979284286499
Energy-force-only EquiformerV2 AD,42973,9149,11,0.011808686889708,3.38092303276062
Energy-force-only EquiformerV2 AD,18929,9150,13,0.0064312922768294,1.763184905052185
Energy-force-only EquiformerV2 AD,50282,9151,10,0.0348956324160099,3.619096755981445
Energy-force-only EquiformerV2 AD,14179,9152,14,0.0116832386702299,2.7028961181640625
Energy-force-only EquiformerV2 AD,6,9153,16,0.0024961372837424,1.5521736145019531
Energy-force-only EquiformerV2 AD,34660,9154,12,0.0473010875284671,2.421562910079956
Energy-force-only EquiformerV2 AD,14312,9155,16,0.0128764752298593,2.011166572570801
Energy-force-only EquiformerV2 AD,35427,9156,15,0.0321299284696579,2.6089959144592285
Energy-force-only EquiformerV2 AD,11150,9157,8,0.0268481038510799,6.507173538208008
Energy-force-only EquiformerV2 AD,23454,9158,16,0.0083022397011518,1.3835504055023191
Energy-force-only EquiformerV2 AD,30209,9159,17,0.0200908500701189,0.7770690321922302
Energy-force-only EquiformerV2 AD,50530,9160,13,0.0276036541908979,1.3390811681747437
Energy-force-only EquiformerV2 AD,144,9161,17,0.0115594398230314,1.4131969213485718
Energy-force-only EquiformerV2 AD,19149,9162,15,0.0210848301649093,1.872787356376648
Energy-force-only EquiformerV2 AD,47584,9163,16,0.0079670716077089,1.645007848739624
Energy-force-only EquiformerV2 AD,47454,9164,10,0.0252644438296556,3.0348498821258545
Energy-force-only EquiformerV2 AD,44979,9165,13,0.005993191152811,2.2488038539886475
Energy-force-only EquiformerV2 AD,35896,9166,10,0.0544689670205116,5.0502800941467285
Energy-force-only EquiformerV2 AD,23882,9167,13,0.0243695322424173,2.8305649757385254
Energy-force-only EquiformerV2 AD,23988,9168,13,0.017353480681777,2.23771333694458
Energy-force-only EquiformerV2 AD,16536,9169,16,0.0436895452439785,1.855803608894348
Energy-force-only EquiformerV2 AD,2821,9170,12,0.0119640873745083,2.401526689529419
Energy-force-only EquiformerV2 AD,4445,9171,14,0.0113713257014751,1.6765128374099731
Energy-force-only EquiformerV2 AD,16815,9172,12,0.0064193005673587,2.525251626968384
Energy-force-only EquiformerV2 AD,39760,9173,14,0.0296357702463865,1.977386832237244
Energy-force-only EquiformerV2 AD,15904,9174,17,0.007776275742799,1.5201727151870728
Energy-force-only EquiformerV2 AD,33269,9175,17,0.0119721144437789,0.9757848978042604
Energy-force-only EquiformerV2 AD,9413,9176,17,0.0239128563553094,1.4346617460250854
Energy-force-only EquiformerV2 AD,19845,9177,13,0.0280393399298191,2.236947536468506
Energy-force-only EquiformerV2 AD,46036,9178,14,0.0066924835555255,2.119253635406494
Energy-force-only EquiformerV2 AD,35434,9179,10,0.0112688029184937,4.25105619430542
Energy-force-only EquiformerV2 AD,33602,9180,17,0.0112260328605771,1.5011727809906006
Energy-force-only EquiformerV2 AD,41593,9181,16,0.0220097787678241,1.3677637577056885
Energy-force-only EquiformerV2 AD,9753,9182,15,0.0103366710245609,2.146669149398804
Energy-force-only EquiformerV2 AD,3446,9183,15,0.0084170447662472,2.1282267570495605
Energy-force-only EquiformerV2 AD,19329,9184,16,0.045457899570465,0.9736724495887756
Energy-force-only EquiformerV2 AD,11472,9185,17,0.0141342123970389,1.6728332042694092
Energy-force-only EquiformerV2 AD,49527,9186,12,0.0452419593930244,3.3060009479522705
Energy-force-only EquiformerV2 AD,33042,9187,14,0.0063514383509755,1.8095914125442505
Energy-force-only EquiformerV2 AD,17413,9188,15,0.0130235785618424,2.009172439575196
Energy-force-only EquiformerV2 AD,16387,9189,15,0.0154131734743714,1.8007057905197144
Energy-force-only EquiformerV2 AD,44571,9190,8,0.0690804272890091,4.526985168457031
Energy-force-only EquiformerV2 AD,2844,9191,10,0.0112194074317812,4.242310047149658
Energy-force-only EquiformerV2 AD,17515,9192,14,0.0134386476129293,2.312734842300415
Energy-force-only EquiformerV2 AD,13163,9193,16,0.0081261778250336,2.031257390975952
Energy-force-only EquiformerV2 AD,14102,9194,15,0.05489232391119,1.5152971744537354
Energy-force-only EquiformerV2 AD,5765,9195,14,0.0129757365211844,1.6725950241088867
Energy-force-only EquiformerV2 AD,3383,9196,14,0.0218574255704879,1.6799139976501465
Energy-force-only EquiformerV2 AD,41926,9197,10,0.0330553650856018,3.074639320373535
Energy-force-only EquiformerV2 AD,39676,9198,14,0.0114926043897867,1.9850239753723145
Energy-force-only EquiformerV2 AD,28864,9199,15,0.0189608093351125,2.004602670669556
Energy-force-only EquiformerV2 AD,48130,9200,15,0.0217883381992578,0.7802121639251709
Energy-force-only EquiformerV2 AD,45080,9201,7,0.0284682624042034,7.273616790771484
Energy-force-only EquiformerV2 AD,41365,9202,14,0.0055946037173271,2.202176332473755
Energy-force-only EquiformerV2 AD,47467,9203,12,0.0088617671281099,2.436232328414917
Energy-force-only EquiformerV2 AD,12387,9204,14,0.0038534803315997,2.1303088665008545
Energy-force-only EquiformerV2 AD,36651,9205,14,0.0211899057030677,2.586120128631592
Energy-force-only EquiformerV2 AD,1667,9206,16,0.0121480282396078,1.9033474922180176
Energy-force-only EquiformerV2 AD,23737,9207,15,0.0177374426275491,2.0679988861083984
Energy-force-only EquiformerV2 AD,4495,9208,19,0.0096065765246748,1.327671766281128
Energy-force-only EquiformerV2 AD,21675,9209,9,0.0267605781555175,3.4525341987609863
Energy-force-only EquiformerV2 AD,4391,9210,16,0.0333262681961059,1.224014401435852
Energy-force-only EquiformerV2 AD,24290,9211,11,0.0081298137083649,2.971595764160156
Energy-force-only EquiformerV2 AD,4424,9212,18,0.004643159918487,1.5185312032699585
Energy-force-only EquiformerV2 AD,34331,9213,14,0.0161049365997314,1.981126070022583
Energy-force-only EquiformerV2 AD,44934,9214,12,0.0111263459548354,2.8238205909729004
Energy-force-only EquiformerV2 AD,17863,9215,15,0.0190064813941717,2.6634089946746826
Energy-force-only EquiformerV2 AD,24937,9216,13,0.0336661376059055,2.627777576446533
Energy-force-only EquiformerV2 AD,25955,9217,12,0.0110895065590739,2.76332426071167
Energy-force-only EquiformerV2 AD,919,9218,12,0.0581695362925529,4.769430160522461
Energy-force-only EquiformerV2 AD,7551,9219,14,0.0069760894402861,1.9078510999679563
Energy-force-only EquiformerV2 AD,30262,9220,18,0.0082950796931982,1.1469727754592896
Energy-force-only EquiformerV2 AD,32305,9221,15,0.0066570322960615,1.93882954120636
Energy-force-only EquiformerV2 AD,20802,9222,13,0.0284584313631057,1.7270528078079224
Energy-force-only EquiformerV2 AD,20126,9223,16,0.0079799443483352,2.115370512008667
Energy-force-only EquiformerV2 AD,33774,9224,11,0.0230632778257131,2.344989776611328
Energy-force-only EquiformerV2 AD,31194,9225,17,0.0182469319552183,1.2967182397842407
Energy-force-only EquiformerV2 AD,16621,9226,14,0.0068804947659373,1.751593828201294
Energy-force-only EquiformerV2 AD,1924,9227,14,0.0068691791966557,1.9274258613586424
Energy-force-only EquiformerV2 AD,29235,9228,17,0.0208318810909986,1.861857533454895
Energy-force-only EquiformerV2 AD,3386,9229,15,0.0736371874809265,0.8649627566337585
Energy-force-only EquiformerV2 AD,31879,9230,12,0.0769813135266304,2.8664650917053223
Energy-force-only EquiformerV2 AD,49751,9231,14,0.0049377079121768,2.373842000961304
Energy-force-only EquiformerV2 AD,38859,9232,9,0.0310954637825489,3.1635072231292725
Energy-force-only EquiformerV2 AD,12030,9233,12,0.0096856458112597,3.331620693206787
Energy-force-only EquiformerV2 AD,33477,9234,10,0.0381614007055759,2.501657485961914
Energy-force-only EquiformerV2 AD,5494,9235,17,0.0467693023383617,2.017030715942383
Energy-force-only EquiformerV2 AD,48810,9236,5,0.0152848865836858,6.0588059425354
Energy-force-only EquiformerV2 AD,26610,9237,13,0.0666354224085807,1.3010880947113037
Energy-force-only EquiformerV2 AD,50518,9238,15,0.0165508519858121,1.6833525896072388
Energy-force-only EquiformerV2 AD,34774,9239,12,0.0102632408961653,2.451877355575561
Energy-force-only EquiformerV2 AD,8275,9240,8,0.0477864369750022,1.5600945949554443
Energy-force-only EquiformerV2 AD,36311,9241,12,0.0088551258668303,2.306394577026367
Energy-force-only EquiformerV2 AD,14975,9242,15,0.0127060338854789,2.33596134185791
Energy-force-only EquiformerV2 AD,15709,9243,12,0.0149418581277132,2.3443024158477783
Energy-force-only EquiformerV2 AD,27956,9244,11,0.0377536676824092,1.9195008277893064
Energy-force-only EquiformerV2 AD,27360,9245,12,0.0288474261760711,2.1742520332336426
Energy-force-only EquiformerV2 AD,25867,9246,14,0.0201618839055299,1.9245322942733765
Energy-force-only EquiformerV2 AD,44585,9247,15,0.0105207776650786,2.002187728881836
Energy-force-only EquiformerV2 AD,3215,9248,13,0.0375600270926952,3.052722215652466
Energy-force-only EquiformerV2 AD,11670,9249,16,0.0103541417047381,2.0262434482574463
Energy-force-only EquiformerV2 AD,36370,9250,15,0.0062900413759052,2.1429519653320312
Energy-force-only EquiformerV2 AD,25650,9251,10,0.014115965925157,4.538283824920654
Energy-force-only EquiformerV2 AD,16348,9252,13,0.0167182683944702,1.2524476051330566
Energy-force-only EquiformerV2 AD,46347,9253,18,0.0044927117414772,1.5908066034317017
Energy-force-only EquiformerV2 AD,27586,9254,16,0.0040821167640388,1.523428440093994
Energy-force-only EquiformerV2 AD,35979,9255,17,0.0270556528121233,1.249471664428711
Energy-force-only EquiformerV2 AD,39847,9256,10,0.0646108239889144,2.8436686992645264
Energy-force-only EquiformerV2 AD,897,9257,10,0.0048482213169336,3.3639779090881348
Energy-force-only EquiformerV2 AD,21117,9258,11,0.0108795305714011,3.6580097675323486
Energy-force-only EquiformerV2 AD,27045,9259,14,0.0066493488848209,2.002260446548462
Energy-force-only EquiformerV2 AD,19054,9260,19,0.0144251687452197,1.6582647562026978
Energy-force-only EquiformerV2 AD,4923,9261,16,0.0097499843686819,2.220374345779419
Energy-force-only EquiformerV2 AD,43103,9262,10,0.0779845863580703,3.65036416053772
Energy-force-only EquiformerV2 AD,13440,9263,12,0.017002385109663,2.4767279624938965
Energy-force-only EquiformerV2 AD,40410,9264,12,0.0062758796848356,2.65872573852539
Energy-force-only EquiformerV2 AD,35155,9265,13,0.0247667301446199,2.51292371749878
Energy-force-only EquiformerV2 AD,36433,9266,16,0.0257538706064224,2.2223918437957764
Energy-force-only EquiformerV2 AD,2109,9267,17,0.0467082783579826,1.4223766326904297
Energy-force-only EquiformerV2 AD,36009,9268,14,0.0234766621142625,1.3741261959075928
Energy-force-only EquiformerV2 AD,38108,9269,14,0.048440009355545,3.1566760540008545
Energy-force-only EquiformerV2 AD,13387,9270,14,0.0058276392519474,1.9987527132034304
Energy-force-only EquiformerV2 AD,31974,9271,14,0.036381609737873,3.1742074489593506
Energy-force-only EquiformerV2 AD,49248,9272,15,0.0054378099739551,2.225811243057251
Energy-force-only EquiformerV2 AD,18827,9273,11,0.0060813124291598,2.3403890132904053
Energy-force-only EquiformerV2 AD,2043,9274,15,0.011733878403902,1.476452112197876
Energy-force-only EquiformerV2 AD,45961,9275,14,0.0100239384919404,1.977925181388855
Energy-force-only EquiformerV2 AD,29881,9276,13,0.0093597518280148,1.6187222003936768
Energy-force-only EquiformerV2 AD,13135,9277,16,0.0043068900704383,1.6053136587142944
Energy-force-only EquiformerV2 AD,29079,9278,12,0.0403747148811817,2.001128673553467
Energy-force-only EquiformerV2 AD,34258,9279,16,0.0223975386470556,1.6940642595291138
Energy-force-only EquiformerV2 AD,48303,9280,16,0.011107618920505,1.942552208900452
Energy-force-only EquiformerV2 AD,40697,9281,16,0.0159372333437204,2.313084840774536
Energy-force-only EquiformerV2 AD,39681,9282,14,0.0175826642662286,2.3678762912750244
Energy-force-only EquiformerV2 AD,29822,9283,11,0.015929153189063,2.4231152534484863
Energy-force-only EquiformerV2 AD,8402,9284,15,0.0294977240264415,1.7929826974868774
Energy-force-only EquiformerV2 AD,24175,9285,12,0.0154861826449632,1.1256049871444702
Energy-force-only EquiformerV2 AD,37384,9286,11,0.0097292605787515,2.369490146636963
Energy-force-only EquiformerV2 AD,30753,9287,12,0.0059402519837021,3.123483419418335
Energy-force-only EquiformerV2 AD,34296,9288,15,0.0312729328870773,1.8192081451416016
Energy-force-only EquiformerV2 AD,29035,9289,15,0.0101100569590926,2.164137840270996
Energy-force-only EquiformerV2 AD,44694,9290,15,0.0131168821826577,1.961419582366944
Energy-force-only EquiformerV2 AD,12410,9291,14,0.0199237670749425,1.231873869895935
Energy-force-only EquiformerV2 AD,49299,9292,15,0.0052853901870548,1.845866560935974
Energy-force-only EquiformerV2 AD,8036,9293,12,0.0192687958478927,2.5616321563720703
Energy-force-only EquiformerV2 AD,27267,9294,17,0.0142535585910081,1.9491066932678225
Energy-force-only EquiformerV2 AD,819,9295,14,0.0545316264033317,2.990996837615967
Energy-force-only EquiformerV2 AD,35614,9296,13,0.0110312774777412,2.10516095161438
Energy-force-only EquiformerV2 AD,4236,9297,16,0.0196420811116695,1.5131064653396606
Energy-force-only EquiformerV2 AD,23911,9298,13,0.0231318026781082,1.9141335487365725
Energy-force-only EquiformerV2 AD,11438,9299,14,0.0110951140522956,2.0289645195007324
Energy-force-only EquiformerV2 AD,49019,9300,16,0.0068479510955512,1.857035994529724
Energy-force-only EquiformerV2 AD,9045,9301,5,0.0158600490540266,8.70773696899414
Energy-force-only EquiformerV2 AD,37034,9302,12,0.0230632461607456,2.7102179527282715
Energy-force-only EquiformerV2 AD,381,9303,12,0.0069260913878679,3.0244030952453613
Energy-force-only EquiformerV2 AD,14030,9304,11,0.0327477417886257,2.962583541870117
Energy-force-only EquiformerV2 AD,8343,9305,19,0.009127196855843,1.1873998641967771
Energy-force-only EquiformerV2 AD,2529,9306,15,0.0136507172137498,2.752277374267578
Energy-force-only EquiformerV2 AD,10182,9307,15,0.010655959136784,1.4141963720321655
Energy-force-only EquiformerV2 AD,34311,9308,14,0.0361723490059375,1.9416615962982176
Energy-force-only EquiformerV2 AD,12871,9309,11,0.0131605472415685,1.6905994415283203
Energy-force-only EquiformerV2 AD,27192,9310,16,0.0753249302506446,2.0782032012939453
Energy-force-only EquiformerV2 AD,12731,9311,10,0.0157377701252698,3.4050116539001465
Energy-force-only EquiformerV2 AD,24694,9312,12,0.0186207368969917,1.1540944576263428
Energy-force-only EquiformerV2 AD,44157,9313,16,0.0049409833736717,1.553840398788452
Energy-force-only EquiformerV2 AD,24720,9314,13,0.0188447497785091,2.137727737426758
Energy-force-only EquiformerV2 AD,34223,9315,17,0.027007982134819,1.575512409210205
Energy-force-only EquiformerV2 AD,7847,9316,16,0.0226540863513946,1.2624620199203491
Energy-force-only EquiformerV2 AD,43214,9317,15,0.0074985865503549,2.0057084560394287
Energy-force-only EquiformerV2 AD,15809,9318,18,0.0058808806352317,1.0736236572265625
Energy-force-only EquiformerV2 AD,19922,9319,10,0.0377689450979232,4.681647300720215
Energy-force-only EquiformerV2 AD,17896,9320,13,0.028060620650649,2.065352439880371
Energy-force-only EquiformerV2 AD,478,9321,15,0.0063142250292003,2.016470432281494
Energy-force-only EquiformerV2 AD,6174,9322,13,0.033733744174242,2.1351890563964844
Energy-force-only EquiformerV2 AD,49978,9323,8,0.0616309903562068,4.226654052734375
Energy-force-only EquiformerV2 AD,45070,9324,12,0.0061243274249136,3.168473958969116
Energy-force-only EquiformerV2 AD,11843,9325,18,0.0083077969029545,1.3061648607254028
Energy-force-only EquiformerV2 AD,1302,9326,13,0.0649339780211448,2.6326775550842285
Energy-force-only EquiformerV2 AD,19216,9327,15,0.0060122930444777,1.9859129190444944
Energy-force-only EquiformerV2 AD,9427,9328,15,0.0068897865712642,2.31947922706604
Energy-force-only EquiformerV2 AD,25174,9329,10,0.0099851675331592,3.017095804214477
Energy-force-only EquiformerV2 AD,15621,9330,17,0.0048832488246262,1.6798104047775269
Energy-force-only EquiformerV2 AD,29991,9331,13,0.0173306744545698,2.213017225265503
Energy-force-only EquiformerV2 AD,16457,9332,19,0.0143824350088834,1.6936060190200806
Energy-force-only EquiformerV2 AD,25319,9333,14,0.0061646127142012,2.385082960128784
Energy-force-only EquiformerV2 AD,40301,9334,21,0.0093244994059205,1.0452734231948853
Energy-force-only EquiformerV2 AD,10978,9335,19,0.002628086367622,1.427359938621521
Energy-force-only EquiformerV2 AD,46202,9336,12,0.0569929555058479,1.4390687942504885
Energy-force-only EquiformerV2 AD,15168,9337,15,0.0263915657997131,0.9514027237892152
Energy-force-only EquiformerV2 AD,43578,9338,19,0.0030417742673307,1.242366075515747
Energy-force-only EquiformerV2 AD,12882,9339,14,0.0240327008068561,1.7188940048217771
Energy-force-only EquiformerV2 AD,35546,9340,13,0.0123328706249594,1.9897078275680544
Energy-force-only EquiformerV2 AD,24961,9341,5,0.0140764014795422,6.852049350738525
Energy-force-only EquiformerV2 AD,11796,9342,15,0.0107586039230227,2.2593913078308105
Energy-force-only EquiformerV2 AD,17716,9343,19,0.0126985274255275,1.2036904096603394
Energy-force-only EquiformerV2 AD,10163,9344,15,0.0080577731132507,1.8180203437805176
Energy-force-only EquiformerV2 AD,27915,9345,12,0.0131369773298501,2.643417835235596
Energy-force-only EquiformerV2 AD,7232,9346,13,0.0184961110353469,2.129284143447876
Energy-force-only EquiformerV2 AD,21501,9347,15,0.0289558358490467,0.8615272641181946
Energy-force-only EquiformerV2 AD,22501,9348,11,0.012344385497272,2.9911351203918457
Energy-force-only EquiformerV2 AD,46121,9349,16,0.0125031946226954,1.288536787033081
Energy-force-only EquiformerV2 AD,34001,9350,11,0.0287227183580398,2.810076713562012
Energy-force-only EquiformerV2 AD,7930,9351,13,0.0158713143318891,2.8551933765411377
Energy-force-only EquiformerV2 AD,29234,9352,14,0.01283058244735,2.510946035385132
Energy-force-only EquiformerV2 AD,47123,9353,13,0.01001638174057,2.5668745040893555
Energy-force-only EquiformerV2 AD,7172,9354,11,0.0433697514235973,2.838852643966675
Energy-force-only EquiformerV2 AD,13826,9355,12,0.0183290746062994,2.3734917640686035
Energy-force-only EquiformerV2 AD,10570,9356,11,0.0129761602729558,2.1174392700195312
Energy-force-only EquiformerV2 AD,29416,9357,15,0.010869238525629,1.4070117473602295
Energy-force-only EquiformerV2 AD,16139,9358,12,0.0166429057717323,2.151511907577514
Energy-force-only EquiformerV2 AD,5648,9359,11,0.0275732781738042,3.901026487350464
Energy-force-only EquiformerV2 AD,44179,9360,18,0.0038718851283192,1.8180251121521
Energy-force-only EquiformerV2 AD,36391,9361,11,0.0201338082551956,2.841657876968384
Energy-force-only EquiformerV2 AD,27102,9362,18,0.0234650410711765,1.0077162981033323
Energy-force-only EquiformerV2 AD,1070,9363,11,0.0041680494323372,3.0697543621063232
Energy-force-only EquiformerV2 AD,34954,9364,11,0.0227464511990547,3.059069395065308
Energy-force-only EquiformerV2 AD,7716,9365,13,0.0080097913742065,2.559346914291382
Energy-force-only EquiformerV2 AD,31776,9366,14,0.0187585018575191,1.1837018728256226
Energy-force-only EquiformerV2 AD,29806,9367,12,0.0083138393238186,2.524693727493286
Energy-force-only EquiformerV2 AD,2176,9368,12,0.0128920972347259,2.4953763484954834
Energy-force-only EquiformerV2 AD,46122,9369,11,0.0378169789910316,2.8026607036590576
Energy-force-only EquiformerV2 AD,48109,9370,11,0.012760842218995,2.989410638809204
Energy-force-only EquiformerV2 AD,23974,9371,16,0.0173635780811309,1.847607970237732
Energy-force-only EquiformerV2 AD,33339,9372,11,0.0144957015290856,3.4876747131347656
Energy-force-only EquiformerV2 AD,44116,9373,14,0.0106100132688879,2.1001651287078857
Energy-force-only EquiformerV2 AD,40997,9374,14,0.0173553936183452,2.477943420410156
Energy-force-only EquiformerV2 AD,12900,9375,18,0.0065586352720856,1.0752122402191162
Energy-force-only EquiformerV2 AD,3330,9376,8,0.0940747484564781,3.0010223388671875
Energy-force-only EquiformerV2 AD,41416,9377,11,0.0124397445470094,3.001477003097534
Energy-force-only EquiformerV2 AD,20336,9378,14,0.0117296837270259,2.8414182662963867
Energy-force-only EquiformerV2 AD,21459,9379,18,0.0085813719779253,1.2552350759506226
Energy-force-only EquiformerV2 AD,19777,9380,19,0.011305415071547,1.164320468902588
Energy-force-only EquiformerV2 AD,30691,9381,16,0.0717833191156387,0.8681277632713318
Energy-force-only EquiformerV2 AD,44769,9382,15,0.0098795518279075,1.7267720699310305
Energy-force-only EquiformerV2 AD,34354,9383,16,0.0286775436252355,1.8963279724121087
Energy-force-only EquiformerV2 AD,29948,9384,12,0.0131039172410964,3.11489486694336
Energy-force-only EquiformerV2 AD,34997,9385,15,0.0115633886307477,1.975462794303894
Energy-force-only EquiformerV2 AD,22573,9386,13,0.0069175674580037,2.5726394653320312
Energy-force-only EquiformerV2 AD,5722,9387,13,0.0116855232045054,2.351858139038086
Energy-force-only EquiformerV2 AD,18433,9388,16,0.0069637801498174,2.154541015625
Energy-force-only EquiformerV2 AD,19738,9389,17,0.1307491511106491,1.2314693927764893
Energy-force-only EquiformerV2 AD,6493,9390,15,0.0213035605847835,2.481227159500122
Energy-force-only EquiformerV2 AD,47207,9391,13,0.037181194871664,2.494438886642456
Energy-force-only EquiformerV2 AD,31830,9392,10,0.0532280132174491,2.795127391815185
Energy-force-only EquiformerV2 AD,30057,9393,17,0.0112268226221203,1.4948374032974243
Energy-force-only EquiformerV2 AD,45318,9394,17,0.0484355501830577,2.459052801132202
Energy-force-only EquiformerV2 AD,7370,9395,13,0.0050072465091943,1.864176869392395
Energy-force-only EquiformerV2 AD,29449,9396,14,0.0461738258600235,2.9202880859375
Energy-force-only EquiformerV2 AD,45447,9397,13,0.0324974842369556,1.970550775527954
Energy-force-only EquiformerV2 AD,24387,9398,9,0.036439199000597,1.740837812423706
Energy-force-only EquiformerV2 AD,48234,9399,19,0.004076107405126,1.3591547012329102
Energy-force-only EquiformerV2 AD,27977,9400,14,0.0168185643851757,2.2060015201568604
Energy-force-only EquiformerV2 AD,46321,9401,11,0.0100260879844427,2.905380249023437
Energy-force-only EquiformerV2 AD,22148,9402,17,0.0096471672877669,1.3155336380004885
Energy-force-only EquiformerV2 AD,30606,9403,14,0.0050129317678511,2.191438674926758
Energy-force-only EquiformerV2 AD,29641,9404,17,0.0088791223242878,1.406483173370361
Energy-force-only EquiformerV2 AD,13243,9405,16,0.0037871717941015,1.5619959831237793
Energy-force-only EquiformerV2 AD,32397,9406,13,0.0083476593717932,1.482006549835205
Energy-force-only EquiformerV2 AD,20115,9407,16,0.0319990143179893,2.478837728500366
Energy-force-only EquiformerV2 AD,13912,9408,19,0.0030621646437793,1.3390620946884155
Energy-force-only EquiformerV2 AD,41216,9409,19,0.0034321984276175,1.275948166847229
Energy-force-only EquiformerV2 AD,4335,9410,15,0.0071223410777747,2.0010247230529785
Energy-force-only EquiformerV2 AD,23649,9411,14,0.0037004561163485,1.9782196283340447
Energy-force-only EquiformerV2 AD,14248,9412,12,0.0163373537361621,2.7130517959594727
Energy-force-only EquiformerV2 AD,24969,9413,19,0.0067828074097633,1.24233877658844
Energy-force-only EquiformerV2 AD,15506,9414,14,0.0043100672774016,1.9394277334213257
Energy-force-only EquiformerV2 AD,9896,9415,14,0.0077341143041849,1.725206732749939
Energy-force-only EquiformerV2 AD,16319,9416,14,0.0245972909033298,1.8553932905197144
Energy-force-only EquiformerV2 AD,25494,9417,14,0.0168358571827411,2.261016607284546
Energy-force-only EquiformerV2 AD,8592,9418,15,0.0115551063790917,2.4732108116149902
Energy-force-only EquiformerV2 AD,37937,9419,10,0.0163326151669025,2.991993188858032
Energy-force-only EquiformerV2 AD,12348,9420,16,0.0121294818818569,1.8368339538574217
Energy-force-only EquiformerV2 AD,27257,9421,12,0.0236027780920267,3.2253925800323486
Energy-force-only EquiformerV2 AD,13734,9422,16,0.0030385244172066,1.6805394887924194
Energy-force-only EquiformerV2 AD,42826,9423,12,0.0117837646976113,2.5793774127960205
Energy-force-only EquiformerV2 AD,31769,9424,13,0.0284416228532791,2.098902940750122
Energy-force-only EquiformerV2 AD,31631,9425,16,0.036572877317667,1.3910127878189087
Energy-force-only EquiformerV2 AD,43203,9426,15,0.0094477366656064,2.329061269760132
Energy-force-only EquiformerV2 AD,9615,9427,17,0.0088302241638302,1.6863651275634766
Energy-force-only EquiformerV2 AD,38296,9428,12,0.0086767869070172,2.9050397872924805
Energy-force-only EquiformerV2 AD,30379,9429,13,0.0190171059221029,1.770942211151123
Energy-force-only EquiformerV2 AD,18325,9430,16,0.020997580140829,1.7611433267593384
Energy-force-only EquiformerV2 AD,40355,9431,13,0.0046884235925972,2.266923427581787
Energy-force-only EquiformerV2 AD,18165,9432,10,0.0126739302650094,3.7165298461914062
Energy-force-only EquiformerV2 AD,44795,9433,11,0.0344944298267364,2.5935699939727783
Energy-force-only EquiformerV2 AD,38570,9434,14,0.0127864638343453,2.186419725418091
Energy-force-only EquiformerV2 AD,38868,9435,15,0.0187542103230953,1.8455747365951536
Energy-force-only EquiformerV2 AD,41120,9436,14,0.0297541841864585,2.9140985012054443
Energy-force-only EquiformerV2 AD,30736,9437,12,0.0076816664077341,2.6799509525299072
Energy-force-only EquiformerV2 AD,34507,9438,14,0.0125069804489612,2.160943031311035
Energy-force-only EquiformerV2 AD,30492,9439,16,0.0106379827484488,1.6875258684158323
Energy-force-only EquiformerV2 AD,37731,9440,10,0.0365272611379623,2.4275786876678467
Energy-force-only EquiformerV2 AD,36470,9441,14,0.0122056603431701,2.4358010292053223
Energy-force-only EquiformerV2 AD,45464,9442,15,0.0168163273483514,2.2735354900360107
Energy-force-only EquiformerV2 AD,16724,9443,13,0.0539238899946212,2.711627721786499
Energy-force-only EquiformerV2 AD,39403,9444,12,0.170911818742752,2.3567869663238525
Energy-force-only EquiformerV2 AD,32612,9445,14,0.0132853500545024,1.516983985900879
Energy-force-only EquiformerV2 AD,45046,9446,13,0.0146182226017117,2.748448848724365
Energy-force-only EquiformerV2 AD,50608,9447,14,0.0270007476210594,1.8262678384780884
Energy-force-only EquiformerV2 AD,43652,9448,19,0.0139172980561852,1.1641696691513062
Energy-force-only EquiformerV2 AD,8365,9449,15,0.0169147066771984,1.9480220079422
Energy-force-only EquiformerV2 AD,4986,9450,18,0.0107554635033011,1.6719506978988647
Energy-force-only EquiformerV2 AD,14252,9451,15,0.0241485498845577,1.7676492929458618
Energy-force-only EquiformerV2 AD,30463,9452,12,0.036866407841444,3.0320932865142822
Energy-force-only EquiformerV2 AD,7070,9453,17,0.0070255142636597,1.6959184408187866
Energy-force-only EquiformerV2 AD,45819,9454,10,0.021946657449007,1.7959564924240112
Energy-force-only EquiformerV2 AD,24308,9455,8,0.2209486663341522,3.090467691421509
Energy-force-only EquiformerV2 AD,12669,9456,10,0.0179949849843978,3.274124383926392
Energy-force-only EquiformerV2 AD,23757,9457,10,0.0174510423094034,1.85123348236084
Energy-force-only EquiformerV2 AD,30466,9458,19,0.0075654634274542,1.1534727811813354
Energy-force-only EquiformerV2 AD,18404,9459,10,0.058186050504446,4.261695861816406
Energy-force-only EquiformerV2 AD,39521,9460,12,0.0227144695818424,2.6311872005462646
Energy-force-only EquiformerV2 AD,24747,9461,18,0.0146523360162973,1.7136069536209106
Energy-force-only EquiformerV2 AD,33523,9462,14,0.0051166103221476,2.2759151458740234
Energy-force-only EquiformerV2 AD,8802,9463,10,0.0599639378488063,4.369312286376953
Energy-force-only EquiformerV2 AD,2466,9464,16,0.0102318609133362,1.575268268585205
Energy-force-only EquiformerV2 AD,10325,9465,16,0.0162199418991804,1.7828962802886963
Energy-force-only EquiformerV2 AD,3525,9466,13,0.0501292794942855,1.542509913444519
Energy-force-only EquiformerV2 AD,22744,9467,18,0.0126261031255126,1.401003122329712
Energy-force-only EquiformerV2 AD,11900,9468,15,0.0218263380229473,2.221121311187744
Energy-force-only EquiformerV2 AD,31862,9469,16,0.0058706020936369,2.0817172527313232
Energy-force-only EquiformerV2 AD,42515,9470,12,0.0269763339310884,1.700035572052002
Energy-force-only EquiformerV2 AD,46612,9471,10,0.0145519599318504,3.262793064117432
Energy-force-only EquiformerV2 AD,4853,9472,12,0.0119987055659294,2.751869440078736
Energy-force-only EquiformerV2 AD,33382,9473,16,0.0132418079301714,1.6306958198547363
Energy-force-only EquiformerV2 AD,16573,9474,12,0.0241777263581752,2.33970594406128
Energy-force-only EquiformerV2 AD,21882,9475,17,0.0048086047172546,1.490153670310974
Energy-force-only EquiformerV2 AD,34534,9476,12,0.0400798581540584,2.236947059631348
Energy-force-only EquiformerV2 AD,28520,9477,12,0.0323873572051525,1.9013670682907104
Energy-force-only EquiformerV2 AD,8487,9478,13,0.0074351751245558,2.502804040908813
Energy-force-only EquiformerV2 AD,46940,9479,7,0.0401253886520862,5.343423366546631
Energy-force-only EquiformerV2 AD,50427,9480,14,0.0805499926209449,2.136581420898437
Energy-force-only EquiformerV2 AD,29387,9481,12,0.0145893227308988,1.9585273265838623
Energy-force-only EquiformerV2 AD,47098,9482,15,0.0112874461337924,2.32382607460022
Energy-force-only EquiformerV2 AD,20297,9483,17,0.014986427500844,1.1935007572174072
Energy-force-only EquiformerV2 AD,2571,9484,13,0.0163287315517663,1.8984566926956177
Energy-force-only EquiformerV2 AD,14330,9485,14,0.0353407189249992,1.8932195901870728
Energy-force-only EquiformerV2 AD,39897,9486,18,0.0160286612808704,1.1044354438781738
Energy-force-only EquiformerV2 AD,47522,9487,14,0.0665393024682998,1.3630551099777222
Energy-force-only EquiformerV2 AD,36979,9488,12,0.0094222370535135,2.8061180114746094
Energy-force-only EquiformerV2 AD,39442,9489,11,0.0227303989231586,2.861750602722168
Energy-force-only EquiformerV2 AD,40972,9490,10,0.0665698274970054,3.812335729598999
Energy-force-only EquiformerV2 AD,46610,9491,16,0.0101953838020563,2.009590148925781
Energy-force-only EquiformerV2 AD,15029,9492,11,0.025485998019576,2.87354063987732
Energy-force-only EquiformerV2 AD,48339,9493,12,0.0100753540173172,2.2849268913269043
Energy-force-only EquiformerV2 AD,30073,9494,16,0.022740826010704,1.953203797340393
Energy-force-only EquiformerV2 AD,32323,9495,18,0.0144022526219487,1.3048841953277588
Energy-force-only EquiformerV2 AD,43580,9496,13,0.0192188993096351,3.096632242202759
Energy-force-only EquiformerV2 AD,10627,9497,13,0.0326829738914966,2.8277828693389893
Energy-force-only EquiformerV2 AD,27131,9498,15,0.0240404196083545,1.0637540817260742
Energy-force-only EquiformerV2 AD,22993,9499,8,0.1485320776700973,2.8767993450164795
Energy-force-only EquiformerV2 AD,39784,9500,15,0.0197612810879945,1.6656111478805542
Energy-force-only EquiformerV2 AD,26106,9501,11,0.042169239372015,2.859296560287476
Energy-force-only EquiformerV2 AD,36100,9502,15,0.0291528385132551,2.2510151863098145
Energy-force-only EquiformerV2 AD,41623,9503,17,0.0122270565479993,1.2573115825653076
Energy-force-only EquiformerV2 AD,19322,9504,12,0.0295556653290987,2.293373346328736
Energy-force-only EquiformerV2 AD,6609,9505,11,0.0104450117796659,2.9912405014038086
Energy-force-only EquiformerV2 AD,28801,9506,17,0.0338687151670455,1.5316425561904907
Energy-force-only EquiformerV2 AD,26067,9507,19,0.0083255963400006,0.7574666142463684
Energy-force-only EquiformerV2 AD,29194,9508,17,0.0116624487563967,1.927492618560791
Energy-force-only EquiformerV2 AD,36120,9509,14,0.0193486791104078,2.295033693313598
Energy-force-only EquiformerV2 AD,2525,9510,14,0.0090927593410015,2.138947010040283
Energy-force-only EquiformerV2 AD,33519,9511,10,0.070820927619934,3.884819507598877
Energy-force-only EquiformerV2 AD,1702,9512,15,0.02974016033113,1.458037495613098
Energy-force-only EquiformerV2 AD,29606,9513,16,0.021391361951828,1.2014509439468384
Energy-force-only EquiformerV2 AD,4164,9514,11,0.2143516093492508,1.842537522315979
Energy-force-only EquiformerV2 AD,29442,9515,14,0.0109782479703426,1.683044195175171
Energy-force-only EquiformerV2 AD,19317,9516,14,0.0057122614234685,2.0731546878814697
Energy-force-only EquiformerV2 AD,42125,9517,13,0.0067985709756612,2.55887770652771
Energy-force-only EquiformerV2 AD,15586,9518,18,0.0224160142242908,1.4399189949035645
Energy-force-only EquiformerV2 AD,74,9519,14,0.0159953888505697,2.416955709457397
Energy-force-only EquiformerV2 AD,18919,9520,13,0.0528922937810421,2.2518060207366943
Energy-force-only EquiformerV2 AD,49968,9521,15,0.0223786327987909,1.240562081336975
Energy-force-only EquiformerV2 AD,49851,9522,13,0.0223714541643857,1.5861304998397827
Energy-force-only EquiformerV2 AD,40934,9523,16,0.02967194840312,1.8896658420562744
Energy-force-only EquiformerV2 AD,6121,9524,16,0.0098624704405665,1.387265682220459
Energy-force-only EquiformerV2 AD,1927,9525,14,0.0111729558557271,2.464453220367432
Energy-force-only EquiformerV2 AD,19615,9526,14,0.0152897825464606,2.5324976444244385
Energy-force-only EquiformerV2 AD,14650,9527,11,0.0096483286470174,3.837786674499512
Energy-force-only EquiformerV2 AD,24440,9528,12,0.0534570291638374,2.972951412200928
Energy-force-only EquiformerV2 AD,42405,9529,15,0.0198433771729469,1.822041153907776
Energy-force-only EquiformerV2 AD,32381,9530,10,0.0086040701717138,3.599994659423828
Energy-force-only EquiformerV2 AD,31336,9531,19,0.0062915431335568,1.0166767835617063
Energy-force-only EquiformerV2 AD,28015,9532,12,0.0371834076941013,2.148931741714477
Energy-force-only EquiformerV2 AD,16641,9533,16,0.0076475478708744,1.2199203968048096
Energy-force-only EquiformerV2 AD,16030,9534,18,0.0161710772663354,1.957172393798828
Energy-force-only EquiformerV2 AD,19651,9535,14,0.0360662750899791,2.602931261062622
Energy-force-only EquiformerV2 AD,29412,9536,15,0.005947639234364,2.3198580741882324
Energy-force-only EquiformerV2 AD,21986,9537,12,0.020546393468976,2.176530361175537
Energy-force-only EquiformerV2 AD,14045,9538,11,0.0237260870635509,2.945922613143921
Energy-force-only EquiformerV2 AD,31828,9539,14,0.0047577251680195,1.6668615341186523
Energy-force-only EquiformerV2 AD,9299,9540,14,0.0254309400916099,2.0884430408477783
Energy-force-only EquiformerV2 AD,24490,9541,13,0.0264903549104928,2.4702634811401367
Energy-force-only EquiformerV2 AD,39075,9542,12,0.018204990774393,2.1493265628814697
Energy-force-only EquiformerV2 AD,35060,9543,11,0.0117791192606091,2.809188842773437
Energy-force-only EquiformerV2 AD,15222,9544,13,0.0118019068613648,2.085745096206665
Energy-force-only EquiformerV2 AD,13191,9545,14,0.0036875826772302,1.94187605381012
Energy-force-only EquiformerV2 AD,47322,9546,13,0.0045665083453059,1.931618571281433
Energy-force-only EquiformerV2 AD,36068,9547,14,0.0062689241021871,1.7957383394241333
Energy-force-only EquiformerV2 AD,45915,9548,13,0.0077824243344366,2.3223986625671387
Energy-force-only EquiformerV2 AD,24692,9549,13,0.0055202473886311,2.237828493118286
Energy-force-only EquiformerV2 AD,22193,9550,11,0.0360191538929939,2.930996894836426
Energy-force-only EquiformerV2 AD,21333,9551,15,0.0145653039216995,1.4933099746704102
Energy-force-only EquiformerV2 AD,17549,9552,14,0.0081859165802598,1.7622613906860352
Energy-force-only EquiformerV2 AD,24865,9553,14,0.0266260225325822,1.329437017440796
Energy-force-only EquiformerV2 AD,18196,9554,16,0.015441695228219,1.1159651279449463
Energy-force-only EquiformerV2 AD,9222,9555,13,0.0145056461915373,1.7190601825714111
Energy-force-only EquiformerV2 AD,2429,9556,15,0.0170629099011421,2.633002996444702
Energy-force-only EquiformerV2 AD,46282,9557,14,0.0221688132733106,2.7245450019836426
Energy-force-only EquiformerV2 AD,7114,9558,11,0.0304709505289793,3.091575384140014
Energy-force-only EquiformerV2 AD,2010,9559,8,0.0769060254096984,6.319736003875732
Energy-force-only EquiformerV2 AD,41458,9560,14,0.0115846656262874,2.5358433723449707
Energy-force-only EquiformerV2 AD,33837,9561,15,0.0102234976366162,1.303707480430603
Energy-force-only EquiformerV2 AD,24212,9562,18,0.0031489129178225,1.8377995491027832
Energy-force-only EquiformerV2 AD,18606,9563,17,0.0098246214911341,1.5318902730941772
Energy-force-only EquiformerV2 AD,10266,9564,10,0.0223145969212055,3.641980648040772
Energy-force-only EquiformerV2 AD,6371,9565,15,0.033046931028366,1.425214409828186
Energy-force-only EquiformerV2 AD,12012,9566,17,0.007065700367093,1.4438515901565552
Energy-force-only EquiformerV2 AD,45539,9567,11,0.0306103490293025,2.7607662677764893
Energy-force-only EquiformerV2 AD,48542,9568,16,0.0122594516724348,1.5427265167236328
Energy-force-only EquiformerV2 AD,18091,9569,12,0.0097706448286771,2.7397592067718506
Energy-force-only EquiformerV2 AD,39327,9570,13,0.0102914227172732,2.752833843231201
Energy-force-only EquiformerV2 AD,4411,9571,17,0.0199509002268314,2.1157870292663574
Energy-force-only EquiformerV2 AD,8921,9572,12,0.013989120721817,2.317778825759888
Energy-force-only EquiformerV2 AD,31540,9573,13,0.0269729606807231,2.406951427459717
Energy-force-only EquiformerV2 AD,27381,9574,12,0.0291279163211584,2.041831970214844
Energy-force-only EquiformerV2 AD,5682,9575,11,0.010364226065576,3.065906286239624
Energy-force-only EquiformerV2 AD,7128,9576,15,0.0202232804149389,1.913273572921753
Energy-force-only EquiformerV2 AD,42730,9577,18,0.0146710285916924,1.607660174369812
Energy-force-only EquiformerV2 AD,4152,9578,16,0.0127495937049388,1.1725808382034302
Energy-force-only EquiformerV2 AD,36028,9579,13,0.0088015981018543,2.451784133911133
Energy-force-only EquiformerV2 AD,24461,9580,13,0.0291228275746107,2.253851890563965
Energy-force-only EquiformerV2 AD,24582,9581,14,0.0177030079066753,2.2588322162628174
Energy-force-only EquiformerV2 AD,44170,9582,14,0.0134884817525744,2.128016471862793
Energy-force-only EquiformerV2 AD,10311,9583,16,0.0058906851336359,1.6375268697738647
Energy-force-only EquiformerV2 AD,23395,9584,12,0.0354855395853519,1.4701579809188845
Energy-force-only EquiformerV2 AD,41452,9585,13,0.0442881248891353,2.2091825008392334
Energy-force-only EquiformerV2 AD,28654,9586,14,0.0106788482517004,2.2004640102386475
Energy-force-only EquiformerV2 AD,36341,9587,12,0.0496684722602367,4.1103196144104
Energy-force-only EquiformerV2 AD,20500,9588,14,0.0044367625378072,2.0145037174224854
Energy-force-only EquiformerV2 AD,22933,9589,13,0.0172403529286384,2.043837308883667
Energy-force-only EquiformerV2 AD,12949,9590,12,0.0220666956156492,2.324318647384644
Energy-force-only EquiformerV2 AD,46108,9591,13,0.0037658649962395,1.7953015565872192
Energy-force-only EquiformerV2 AD,2119,9592,16,0.0148056223988533,1.9377648830413816
Energy-force-only EquiformerV2 AD,21403,9593,10,0.0284767467528581,4.478692531585693
Energy-force-only EquiformerV2 AD,13561,9594,11,0.0177955906838178,3.639247417449951
Energy-force-only EquiformerV2 AD,848,9595,10,0.0077878944575786,4.610251426696777
Energy-force-only EquiformerV2 AD,15665,9596,21,0.0072115566581487,0.7395932078361511
Energy-force-only EquiformerV2 AD,46275,9597,15,0.0159079823642969,1.8952661752700808
Energy-force-only EquiformerV2 AD,297,9598,18,0.004105428699404,1.4558982849121094
Energy-force-only EquiformerV2 AD,4140,9599,14,0.031190788373351,1.4107483625411987
Energy-force-only EquiformerV2 AD,41618,9600,19,0.0100480746477842,1.5271108150482178
Energy-force-only EquiformerV2 AD,26139,9601,14,0.0398087874054908,2.1256003379821777
Energy-force-only EquiformerV2 AD,1270,9602,13,0.0101728038862347,2.742182493209839
Energy-force-only EquiformerV2 AD,28,9603,12,0.011745355091989,3.7434120178222656
Energy-force-only EquiformerV2 AD,15438,9604,16,0.0670297890901565,0.695754885673523
Energy-force-only EquiformerV2 AD,46690,9605,17,0.0061631118878722,1.4182884693145752
Energy-force-only EquiformerV2 AD,11590,9606,16,0.0117465928196907,1.7045388221740725
Energy-force-only EquiformerV2 AD,28904,9607,11,0.0306894350796937,3.168704032897949
Energy-force-only EquiformerV2 AD,8505,9608,11,0.0369631983339786,2.6771440505981445
Energy-force-only EquiformerV2 AD,39097,9609,13,0.0163105353713035,1.8122955560684204
Energy-force-only EquiformerV2 AD,17828,9610,11,0.0191971026360988,3.686265707015991
Energy-force-only EquiformerV2 AD,1653,9611,13,0.0075444234535098,2.4181456565856934
Energy-force-only EquiformerV2 AD,50528,9612,13,0.0061933500692248,2.15294885635376
Energy-force-only EquiformerV2 AD,13757,9613,14,0.0095003265887498,2.002693653106689
Energy-force-only EquiformerV2 AD,47682,9614,13,0.0320867151021957,1.8429526090621948
Energy-force-only EquiformerV2 AD,2581,9615,13,0.0399250760674476,2.8822245597839355
Energy-force-only EquiformerV2 AD,26998,9616,13,0.0252655912190675,2.3359298706054688
Energy-force-only EquiformerV2 AD,21144,9617,14,0.0072132917121052,2.5733911991119385
Energy-force-only EquiformerV2 AD,4506,9618,14,0.0063269310630857,1.9639142751693728
Energy-force-only EquiformerV2 AD,40329,9619,12,0.0072203446179628,2.0656776428222656
Energy-force-only EquiformerV2 AD,36583,9620,17,0.015229120850563,1.3735507726669312
Energy-force-only EquiformerV2 AD,25945,9621,16,0.0913442820310592,2.2309393882751465
Energy-force-only EquiformerV2 AD,21380,9622,12,0.0340627171099185,1.6815807819366455
Energy-force-only EquiformerV2 AD,3420,9623,17,0.0057524563744664,1.551895260810852
Energy-force-only EquiformerV2 AD,8818,9624,13,0.020131167024374,2.0090999603271484
Energy-force-only EquiformerV2 AD,46461,9625,16,0.0053348457440733,1.6431870460510254
Energy-force-only EquiformerV2 AD,9332,9626,14,0.0152135044336318,2.205023288726806
Energy-force-only EquiformerV2 AD,35181,9627,14,0.003350059967488,1.9824455976486208
Energy-force-only EquiformerV2 AD,1367,9628,16,0.0043375371024012,1.8777997493743896
Energy-force-only EquiformerV2 AD,28282,9629,18,0.004653145559132,1.5415693521499634
Energy-force-only EquiformerV2 AD,22775,9630,15,0.0498373694717884,2.24191951751709
Energy-force-only EquiformerV2 AD,46847,9631,16,0.0036993324756622,1.5052857398986816
Energy-force-only EquiformerV2 AD,42446,9632,12,0.0140710193663835,3.278217077255249
Energy-force-only EquiformerV2 AD,42483,9633,14,0.013651012443006,2.4082772731781006
Energy-force-only EquiformerV2 AD,3711,9634,17,0.0301369670778512,1.5977575778961182
Energy-force-only EquiformerV2 AD,6892,9635,15,0.0223791599273681,1.8567954301834104
Energy-force-only EquiformerV2 AD,14242,9636,11,0.0050835493020713,2.325792074203491
Energy-force-only EquiformerV2 AD,18966,9637,13,0.0088181132450699,2.813847780227661
Energy-force-only EquiformerV2 AD,50281,9638,16,0.0196742229163646,2.2670586109161377
Energy-force-only EquiformerV2 AD,17453,9639,17,0.0058552813716232,1.4749369621276855
Energy-force-only EquiformerV2 AD,9616,9640,10,0.0222630389034748,2.3069441318511963
Energy-force-only EquiformerV2 AD,15974,9641,13,0.0434299670159816,2.1412193775177
Energy-force-only EquiformerV2 AD,33348,9642,14,0.0415721051394939,0.8617473840713501
Energy-force-only EquiformerV2 AD,42667,9643,8,0.011982811614871,4.051048755645752
Energy-force-only EquiformerV2 AD,36729,9644,15,0.0048539987765252,2.012456178665161
Energy-force-only EquiformerV2 AD,18604,9645,17,0.0196963902562856,1.9644851684570312
Energy-force-only EquiformerV2 AD,26249,9646,17,0.0160989202558994,1.5982781648635864
Energy-force-only EquiformerV2 AD,41409,9647,11,0.0160869862884283,1.417668104171753
Energy-force-only EquiformerV2 AD,36449,9648,14,0.0059413057751953,2.025217056274414
Energy-force-only EquiformerV2 AD,37234,9649,15,0.0128417499363422,1.6217951774597168
Energy-force-only EquiformerV2 AD,25206,9650,12,0.0329851433634758,2.8857901096343994
Energy-force-only EquiformerV2 AD,37031,9651,9,0.0328004769980907,2.584315299987793
Energy-force-only EquiformerV2 AD,19254,9652,15,0.0192202869802713,1.8170902729034424
Energy-force-only EquiformerV2 AD,9321,9653,19,0.0247686766088008,1.026486039161682
Energy-force-only EquiformerV2 AD,30783,9654,15,0.0091155748814344,2.306525230407715
Energy-force-only EquiformerV2 AD,42723,9655,11,0.0468245558440685,1.646999716758728
Energy-force-only EquiformerV2 AD,13148,9656,11,0.0206880401819944,3.2540223598480225
Energy-force-only EquiformerV2 AD,50094,9657,16,0.009938552044332,1.4430408477783203
Energy-force-only EquiformerV2 AD,48556,9658,14,0.010652570053935,2.4785101413726807
Energy-force-only EquiformerV2 AD,38493,9659,15,0.0157591383904218,2.6326563358306885
Energy-force-only EquiformerV2 AD,35137,9660,13,0.0182152651250362,1.7327933311462402
Energy-force-only EquiformerV2 AD,17195,9661,15,0.0066075851209461,1.9570577144622805
Energy-force-only EquiformerV2 AD,4170,9662,15,0.0151775470003485,1.4037668704986572
Energy-force-only EquiformerV2 AD,29305,9663,12,0.0083404760807752,2.456900119781494
Energy-force-only EquiformerV2 AD,32751,9664,9,0.0380407460033893,2.892352342605591
Energy-force-only EquiformerV2 AD,37397,9665,14,0.059049118310213,1.7893273830413818
Energy-force-only EquiformerV2 AD,31777,9666,8,0.2317561209201812,3.9137606620788574
Energy-force-only EquiformerV2 AD,17470,9667,17,0.0101329702883958,0.9044337272644044
Energy-force-only EquiformerV2 AD,48984,9668,14,0.0222193915396928,1.5905722379684448
Energy-force-only EquiformerV2 AD,19798,9669,15,0.0116185704246163,0.7660835981369019
Energy-force-only EquiformerV2 AD,41461,9670,9,0.0421736985445022,2.9168829917907715
Energy-force-only EquiformerV2 AD,22654,9671,13,0.0189294200390577,1.7533501386642456
Energy-force-only EquiformerV2 AD,36405,9672,8,0.0580973029136657,3.240780830383301
Energy-force-only EquiformerV2 AD,31181,9673,13,0.0090390145778656,1.916436553001404
Energy-force-only EquiformerV2 AD,17024,9674,17,0.0137815745547413,1.253574013710022
Energy-force-only EquiformerV2 AD,29667,9675,11,0.0104697095230221,3.2700040340423584
Energy-force-only EquiformerV2 AD,27794,9676,15,0.0196922440081834,2.266247034072876
Energy-force-only EquiformerV2 AD,19506,9677,15,0.0167184602469205,2.125193357467652
Energy-force-only EquiformerV2 AD,49513,9678,13,0.016775082796812,2.2460665702819824
Energy-force-only EquiformerV2 AD,40780,9679,12,0.0125436102971434,2.5077481269836426
Energy-force-only EquiformerV2 AD,30446,9680,12,0.0664570331573486,1.873867154121399
Energy-force-only EquiformerV2 AD,24919,9681,8,0.0357737690210342,4.200930118560791
Energy-force-only EquiformerV2 AD,46877,9682,15,0.0343931950628757,2.228576183319092
Energy-force-only EquiformerV2 AD,14270,9683,11,0.0252629797905683,2.7664809226989746
Energy-force-only EquiformerV2 AD,36621,9684,16,0.0154146626591682,1.1998391151428225
Energy-force-only EquiformerV2 AD,21912,9685,13,0.0360731296241283,2.1202316284179688
Energy-force-only EquiformerV2 AD,35710,9686,18,0.00650484720245,1.397476077079773
Energy-force-only EquiformerV2 AD,45972,9687,11,0.0067964061163365,3.8655364513397217
Energy-force-only EquiformerV2 AD,10940,9688,12,0.0063057192601263,2.8536338806152344
Energy-force-only EquiformerV2 AD,11763,9689,11,0.0070077627897262,2.9850897789001465
Energy-force-only EquiformerV2 AD,15631,9690,14,0.0188461374491453,1.7221688032150269
Energy-force-only EquiformerV2 AD,49726,9691,10,0.018611442297697,2.5866446495056152
Energy-force-only EquiformerV2 AD,4809,9692,8,0.029662612825632,4.193448066711426
Energy-force-only EquiformerV2 AD,21810,9693,12,0.0094432430341839,2.919257402420044
Energy-force-only EquiformerV2 AD,27516,9694,11,0.0077963466756045,2.813516616821289
Energy-force-only EquiformerV2 AD,50548,9695,12,0.0184829011559486,1.9786458015441888
Energy-force-only EquiformerV2 AD,36558,9696,17,0.0153678506612777,1.4917500019073486
Energy-force-only EquiformerV2 AD,35193,9697,13,0.0089234253391623,1.556476593017578
Energy-force-only EquiformerV2 AD,37410,9698,14,0.0215045157819986,2.9197983741760254
Energy-force-only EquiformerV2 AD,48656,9699,12,0.0280015431344509,1.2780025005340576
Energy-force-only EquiformerV2 AD,16698,9700,14,0.0366629585623741,2.864697456359864
Energy-force-only EquiformerV2 AD,40205,9701,13,0.0292519610375165,1.9594464302062988
Energy-force-only EquiformerV2 AD,1868,9702,16,0.0118460617959499,1.7100998163223269
Energy-force-only EquiformerV2 AD,2804,9703,19,0.0113813960924744,0.8516032695770264
Energy-force-only EquiformerV2 AD,5926,9704,15,0.013603001832962,1.763687014579773
Energy-force-only EquiformerV2 AD,27781,9705,19,0.0047364644706249,1.1893738508224487
Energy-force-only EquiformerV2 AD,44357,9706,10,0.0373536609113216,2.841015577316284
Energy-force-only EquiformerV2 AD,9832,9707,15,0.0200274288654327,1.7725743055343628
Energy-force-only EquiformerV2 AD,20378,9708,18,0.0652991905808448,1.448550581932068
Energy-force-only EquiformerV2 AD,32924,9709,17,0.0111758653074502,1.4661850929260254
Energy-force-only EquiformerV2 AD,16950,9710,18,0.0100935390219092,0.9922184944152832
Energy-force-only EquiformerV2 AD,17116,9711,11,0.0123495971783995,2.966024398803711
Energy-force-only EquiformerV2 AD,25597,9712,10,0.012007774785161,2.7492594718933105
Energy-force-only EquiformerV2 AD,409,9713,12,0.0175008121877908,1.9811108112335205
Energy-force-only EquiformerV2 AD,34226,9714,8,0.0673097819089889,4.317514896392822
Energy-force-only EquiformerV2 AD,11013,9715,14,0.0119283283129334,2.054611921310425
Energy-force-only EquiformerV2 AD,19650,9716,15,0.0093550290912389,1.8419042825698853
Energy-force-only EquiformerV2 AD,36431,9717,13,0.0075804959051311,2.557054281234741
Energy-force-only EquiformerV2 AD,19836,9718,12,0.0181587841361761,1.6181052923202517
Energy-force-only EquiformerV2 AD,996,9719,15,0.0280039049685001,1.1299304962158203
Energy-force-only EquiformerV2 AD,829,9720,15,0.0059092538431286,2.0164644718170166
Energy-force-only EquiformerV2 AD,19917,9721,17,0.0182252302765846,0.7328579425811768
Energy-force-only EquiformerV2 AD,17125,9722,17,0.0250040609389543,1.5136260986328125
Energy-force-only EquiformerV2 AD,38561,9723,8,0.0307336561381816,1.947938323020935
Energy-force-only EquiformerV2 AD,45890,9724,11,0.0857224315404892,4.782794952392578
Energy-force-only EquiformerV2 AD,412,9725,14,0.0338885262608528,1.5174943208694458
Energy-force-only EquiformerV2 AD,21234,9726,13,0.0268585495650768,1.819526195526123
Energy-force-only EquiformerV2 AD,39617,9727,15,0.010143319144845,1.6176950931549072
Energy-force-only EquiformerV2 AD,3689,9728,17,0.0102772247046232,0.9565424919128418
Energy-force-only EquiformerV2 AD,35212,9729,17,0.0161983426660299,1.4099127054214478
Energy-force-only EquiformerV2 AD,33773,9730,14,0.0135058369487524,2.2809548377990723
Energy-force-only EquiformerV2 AD,7893,9731,15,0.0452957488596439,2.4801180362701416
Energy-force-only EquiformerV2 AD,45882,9732,16,0.0345490388572216,2.2810733318328857
Energy-force-only EquiformerV2 AD,10092,9733,10,0.042965829372406,2.415216445922852
Energy-force-only EquiformerV2 AD,2811,9734,16,0.0073130605742335,2.028632640838623
Energy-force-only EquiformerV2 AD,42751,9735,15,0.005079717375338,1.7771979570388794
Energy-force-only EquiformerV2 AD,47953,9736,16,0.0064864037558436,1.7359412908554075
Energy-force-only EquiformerV2 AD,39750,9737,15,0.0068227890878915,2.116194248199463
Energy-force-only EquiformerV2 AD,8296,9738,14,0.1238025426864624,2.038629531860352
Energy-force-only EquiformerV2 AD,33017,9739,14,0.0116622857749462,2.1273856163024902
Energy-force-only EquiformerV2 AD,17161,9740,9,0.0866703167557716,3.5031843185424805
Energy-force-only EquiformerV2 AD,24094,9741,16,0.0220799893140792,2.073202610015869
Energy-force-only EquiformerV2 AD,28808,9742,14,0.0205600373446941,2.6521031856536865
Energy-force-only EquiformerV2 AD,5459,9743,14,0.0061233080923557,1.9629383087158203
Energy-force-only EquiformerV2 AD,50797,9744,13,0.0516202040016651,0.9602566361427308
Energy-force-only EquiformerV2 AD,50570,9745,14,0.0064851259812712,1.8928502798080444
Energy-force-only EquiformerV2 AD,22620,9746,10,0.0235095005482435,2.338473320007324
Energy-force-only EquiformerV2 AD,6228,9747,15,0.0155698750168085,2.454634189605713
Energy-force-only EquiformerV2 AD,29261,9748,11,0.016934311017394,2.5404534339904785
Energy-force-only EquiformerV2 AD,39777,9749,15,0.004945212509483,2.23972225189209
Energy-force-only EquiformerV2 AD,16449,9750,13,0.0124380830675363,2.4168789386749268
Energy-force-only EquiformerV2 AD,49508,9751,12,0.0323454029858112,2.495649099349976
Energy-force-only EquiformerV2 AD,21347,9752,13,0.0032542485278099,2.440777540206909
Energy-force-only EquiformerV2 AD,16000,9753,17,0.0191341787576675,1.2614362239837646
Energy-force-only EquiformerV2 AD,23766,9754,13,0.0101920235902071,2.280726432800293
Energy-force-only EquiformerV2 AD,32876,9755,14,0.018437223508954,2.406635284423828
Energy-force-only EquiformerV2 AD,37418,9756,16,0.0188021957874298,1.8906186819076536
Energy-force-only EquiformerV2 AD,26599,9757,13,0.0134573504328727,2.7857561111450195
Energy-force-only EquiformerV2 AD,27946,9758,14,0.0227113235741853,2.03456449508667
Energy-force-only EquiformerV2 AD,8845,9759,15,0.0169025883078575,1.8211166858673096
Energy-force-only EquiformerV2 AD,32460,9760,9,0.0128127429634332,4.704025745391846
Energy-force-only EquiformerV2 AD,2188,9761,13,0.0829253643751144,1.6123136281967163
Energy-force-only EquiformerV2 AD,27479,9762,15,0.0042484616860747,1.9248743057250977
Energy-force-only EquiformerV2 AD,3621,9763,16,0.0083276722580194,1.277710199356079
Energy-force-only EquiformerV2 AD,5948,9764,16,0.0059292959049344,1.7517175674438477
Energy-force-only EquiformerV2 AD,22321,9765,19,0.0038156441878527,1.5837712287902832
Energy-force-only EquiformerV2 AD,40047,9766,11,0.0124266548082232,2.9330995082855225
Energy-force-only EquiformerV2 AD,40675,9767,11,0.0129375969991087,2.02859115600586
Energy-force-only EquiformerV2 AD,28223,9768,14,0.0086732441559433,2.2146236896514893
Energy-force-only EquiformerV2 AD,21596,9769,11,0.0181554947048425,2.240607023239136
Energy-force-only EquiformerV2 AD,42682,9770,19,0.0130461836233735,0.8784340620040894
Energy-force-only EquiformerV2 AD,21081,9771,16,0.0160753019154071,1.710191011428833
Energy-force-only EquiformerV2 AD,39546,9772,13,0.0385307669639587,2.0511324405670166
Energy-force-only EquiformerV2 AD,9507,9773,12,0.0255772043019533,4.637245655059815
Energy-force-only EquiformerV2 AD,47484,9774,9,0.0853853970766067,3.137753486633301
Energy-force-only EquiformerV2 AD,50822,9775,13,0.0151124000549316,2.118979930877685
Energy-force-only EquiformerV2 AD,9953,9776,11,0.0062114978209137,3.339016914367676
Energy-force-only EquiformerV2 AD,11459,9777,16,0.0067482441663742,1.410256028175354
Energy-force-only EquiformerV2 AD,46454,9778,12,0.0154658174142241,2.0575952529907227
Energy-force-only EquiformerV2 AD,15879,9779,17,0.0050185341387987,1.7223671674728394
Energy-force-only EquiformerV2 AD,37644,9780,12,0.0061875144019722,2.5236637592315674
Energy-force-only EquiformerV2 AD,36078,9781,10,0.0441341027617454,2.603341579437256
Energy-force-only EquiformerV2 AD,23451,9782,18,0.0043628267012536,1.5583785772323608
Energy-force-only EquiformerV2 AD,42391,9783,12,0.0298467278480529,1.2195299863815308
Energy-force-only EquiformerV2 AD,41424,9784,15,0.0061524016782641,2.0861332416534424
Energy-force-only EquiformerV2 AD,4673,9785,18,0.0137601802125573,1.3899848461151123
Energy-force-only EquiformerV2 AD,44346,9786,16,0.0193778332322835,1.384124994277954
Energy-force-only EquiformerV2 AD,30619,9787,15,0.0055482755415141,1.8450374603271484
Energy-force-only EquiformerV2 AD,44257,9788,17,0.0649637579917907,2.330648899078369
Energy-force-only EquiformerV2 AD,44768,9789,16,0.0094515839591622,1.200136423110962
Energy-force-only EquiformerV2 AD,2678,9790,10,0.0115140443667769,4.09542179107666
Energy-force-only EquiformerV2 AD,19325,9791,8,0.017551714554429,4.62035608291626
Energy-force-only EquiformerV2 AD,34551,9792,13,0.0056716236285865,2.6293375492095947
Energy-force-only EquiformerV2 AD,25385,9793,13,0.0062361457385122,2.336852550506592
Energy-force-only EquiformerV2 AD,37481,9794,13,0.0858644619584083,2.22658920288086
Energy-force-only EquiformerV2 AD,11631,9795,15,0.0118717793375253,1.3436241149902344
Energy-force-only EquiformerV2 AD,7965,9796,19,0.0109483273699879,1.134166598320007
Energy-force-only EquiformerV2 AD,28077,9797,12,0.0692611038684845,1.889606237411499
Energy-force-only EquiformerV2 AD,48718,9798,16,0.0065883565694093,1.273896098136902
Energy-force-only EquiformerV2 AD,9747,9799,12,0.0180893335491418,3.352098226547241
Energy-force-only EquiformerV2 AD,3582,9800,16,0.0443633794784545,0.8225377202033997
Energy-force-only EquiformerV2 AD,38204,9801,8,0.0279730446636676,4.715121746063232
Energy-force-only EquiformerV2 AD,11964,9802,14,0.0139713604003191,2.054240465164185
Energy-force-only EquiformerV2 AD,1435,9803,8,0.0201226510107517,3.966970682144165
Energy-force-only EquiformerV2 AD,19689,9804,13,0.0141999553889036,2.900742292404175
Energy-force-only EquiformerV2 AD,34650,9805,11,0.0124845849350094,2.1497130393981934
Energy-force-only EquiformerV2 AD,16792,9806,10,0.0135866152122616,3.505765676498413
Energy-force-only EquiformerV2 AD,43325,9807,15,0.0098039228469133,2.300077676773072
Energy-force-only EquiformerV2 AD,32080,9808,8,0.0636207982897758,2.038466453552246
Energy-force-only EquiformerV2 AD,49413,9809,13,0.0034925318323075,2.684319972991944
Energy-force-only EquiformerV2 AD,23214,9810,11,0.007954872213304,2.755778551101685
Energy-force-only EquiformerV2 AD,24643,9811,21,0.0062486287206411,0.9721415638923644
Energy-force-only EquiformerV2 AD,15931,9812,17,0.0099841337651014,1.8118423223495483
Energy-force-only EquiformerV2 AD,46949,9813,10,0.0218008179217576,3.7141366004943848
Energy-force-only EquiformerV2 AD,9071,9814,17,0.0116051696240901,1.2630152702331543
Energy-force-only EquiformerV2 AD,19733,9815,14,0.010998654179275,2.082526922225952
Energy-force-only EquiformerV2 AD,49390,9816,17,0.0232099331915378,1.2398369312286377
Energy-force-only EquiformerV2 AD,38460,9817,9,0.0139676630496978,3.07702374458313
Energy-force-only EquiformerV2 AD,11792,9818,15,0.0241142995655536,2.310636520385742
Energy-force-only EquiformerV2 AD,12721,9819,14,0.0149708688259124,2.370030879974365
Energy-force-only EquiformerV2 AD,35666,9820,15,0.009751702658832,1.65159273147583
Energy-force-only EquiformerV2 AD,7103,9821,12,0.0235412642359733,1.904815554618836
Energy-force-only EquiformerV2 AD,34713,9822,14,0.0182659309357404,1.9376170635223389
Energy-force-only EquiformerV2 AD,3784,9823,8,0.0474396869540214,3.344403982162476
Energy-force-only EquiformerV2 AD,34772,9824,11,0.0155856609344482,1.704301834106445
Energy-force-only EquiformerV2 AD,26600,9825,13,0.0100627494975924,2.661217451095581
Energy-force-only EquiformerV2 AD,21151,9826,19,0.0123102813959121,1.5848008394241333
Energy-force-only EquiformerV2 AD,23347,9827,14,0.0439400561153888,2.279584646224976
Energy-force-only EquiformerV2 AD,35011,9828,10,0.070338599383831,3.549777746200561
Energy-force-only EquiformerV2 AD,22280,9829,15,0.0116237672045826,1.3840826749801636
Energy-force-only EquiformerV2 AD,23110,9830,15,0.0155493849888443,1.592928767204285
Energy-force-only EquiformerV2 AD,34264,9831,13,0.0179606582969427,2.423707962036133
Energy-force-only EquiformerV2 AD,4443,9832,18,0.0208003800362348,2.146832227706909
Energy-force-only EquiformerV2 AD,42378,9833,18,0.0044315317645668,1.8185096979141235
Energy-force-only EquiformerV2 AD,13250,9834,10,0.0218938440084457,3.2514841556549072
Energy-force-only EquiformerV2 AD,31876,9835,15,0.0118351010605692,1.9834179878234863
Energy-force-only EquiformerV2 AD,10972,9836,5,0.1038870513439178,3.9115941524505615
Energy-force-only EquiformerV2 AD,50603,9837,15,0.0343655832111835,3.336046934127808
Energy-force-only EquiformerV2 AD,24716,9838,13,0.0332497656345367,1.7888946533203125
Energy-force-only EquiformerV2 AD,47221,9839,9,0.0147738521918654,3.0132806301116943
Energy-force-only EquiformerV2 AD,45021,9840,10,0.0110732847824692,3.1419103145599365
Energy-force-only EquiformerV2 AD,16883,9841,15,0.006727541796863,1.9063479900360107
Energy-force-only EquiformerV2 AD,12881,9842,13,0.0384507030248642,1.628483533859253
Energy-force-only EquiformerV2 AD,19694,9843,11,0.042261604219675,1.2989870309829712
Energy-force-only EquiformerV2 AD,45907,9844,10,0.0110663222149014,3.5977213382720947
Energy-force-only EquiformerV2 AD,16598,9845,14,0.0084448829293251,1.909096956253052
Energy-force-only EquiformerV2 AD,48324,9846,19,0.0147120058536529,1.1939605474472046
Energy-force-only EquiformerV2 AD,43932,9847,11,0.0083074439316988,2.342353343963623
Energy-force-only EquiformerV2 AD,50384,9848,15,0.008864514529705,2.1100013256073
Energy-force-only EquiformerV2 AD,41238,9849,10,0.0377712436020374,4.027176856994629
Energy-force-only EquiformerV2 AD,35296,9850,14,0.0251909475773572,2.331632137298584
Energy-force-only EquiformerV2 AD,2869,9851,15,0.0106414956972002,1.6359633207321167
Energy-force-only EquiformerV2 AD,985,9852,12,0.0097453985363245,2.326295852661133
Energy-force-only EquiformerV2 AD,42620,9853,12,0.0081589706242084,2.849463701248169
Energy-force-only EquiformerV2 AD,10064,9854,12,0.0727744027972221,3.0750808715820312
Energy-force-only EquiformerV2 AD,39289,9855,18,0.0138930426910519,1.7525266408920288
Energy-force-only EquiformerV2 AD,43722,9856,13,0.0144103188067674,2.441325664520264
Energy-force-only EquiformerV2 AD,12066,9857,11,0.0257931444793939,2.683849811553955
Energy-force-only EquiformerV2 AD,42829,9858,13,0.018901165574789,2.779261350631714
Energy-force-only EquiformerV2 AD,42218,9859,16,0.0044243433512747,1.4659669399261477
Energy-force-only EquiformerV2 AD,30212,9860,17,0.0065812771208584,1.4191598892211914
Energy-force-only EquiformerV2 AD,32033,9861,13,0.0173714477568864,1.3119773864746094
Energy-force-only EquiformerV2 AD,48597,9862,12,0.0332315005362033,2.922722339630127
Energy-force-only EquiformerV2 AD,31468,9863,14,0.0100217787548899,2.1129744052886963
Energy-force-only EquiformerV2 AD,38339,9864,15,0.0099029596894979,2.0126781463623047
Energy-force-only EquiformerV2 AD,11363,9865,15,0.0189187843352556,1.9987541437149048
Energy-force-only EquiformerV2 AD,37257,9866,13,0.016974663361907,1.8433691263198853
Energy-force-only EquiformerV2 AD,2003,9867,10,0.0509575791656971,3.084730863571167
Energy-force-only EquiformerV2 AD,27008,9868,12,0.0115625597536563,2.629569292068481
Energy-force-only EquiformerV2 AD,2189,9869,15,0.0235434584319591,1.834509015083313
Energy-force-only EquiformerV2 AD,32903,9870,16,0.0136788031086325,1.4615050554275513
Energy-force-only EquiformerV2 AD,11256,9871,14,0.0047217635437846,1.9699902534484863
Energy-force-only EquiformerV2 AD,15469,9872,15,0.0120339877903461,2.424687623977661
Energy-force-only EquiformerV2 AD,8156,9873,19,0.005974156782031,1.1397910118103027
Energy-force-only EquiformerV2 AD,40394,9874,15,0.006771370768547,2.2843945026397705
Energy-force-only EquiformerV2 AD,44973,9875,12,0.0334097519516944,3.146617889404297
Energy-force-only EquiformerV2 AD,9343,9876,14,0.0259281974285841,2.1989216804504395
Energy-force-only EquiformerV2 AD,11707,9877,14,0.0073358966037631,2.410860300064087
Energy-force-only EquiformerV2 AD,35964,9878,8,0.013191657140851,5.4461822509765625
Energy-force-only EquiformerV2 AD,38407,9879,11,0.0991407185792923,1.6046096086502075
Energy-force-only EquiformerV2 AD,6013,9880,13,0.0148921683430671,2.0544333457946777
Energy-force-only EquiformerV2 AD,44586,9881,18,0.0250757224857807,2.0933146476745605
Energy-force-only EquiformerV2 AD,47810,9882,12,0.0354495644569397,2.34086275100708
Energy-force-only EquiformerV2 AD,15523,9883,18,0.0057247313670814,1.1974804401397705
Energy-force-only EquiformerV2 AD,39122,9884,14,0.0563732832670211,1.927815556526184
Energy-force-only EquiformerV2 AD,48739,9885,14,0.0154872983694076,2.435737371444702
Energy-force-only EquiformerV2 AD,48534,9886,13,0.0229369774460792,2.284703731536865
Energy-force-only EquiformerV2 AD,45258,9887,14,0.0983712151646614,3.273275852203369
Energy-force-only EquiformerV2 AD,20667,9888,9,0.0709979385137558,2.86208438873291
Energy-force-only EquiformerV2 AD,22210,9889,17,0.0203363709151744,1.050850510597229
Energy-force-only EquiformerV2 AD,36606,9890,10,0.0191138442605733,4.4985880851745605
Energy-force-only EquiformerV2 AD,29098,9891,12,0.0230122990906238,3.388941764831543
Energy-force-only EquiformerV2 AD,879,9892,14,0.0245231054723262,1.7476136684417725
Energy-force-only EquiformerV2 AD,36243,9893,14,0.0151063548400998,1.8059988021850584
Energy-force-only EquiformerV2 AD,20035,9894,13,0.0046523720957338,2.678114891052246
Energy-force-only EquiformerV2 AD,7946,9895,8,0.0550481081008911,3.855567932128906
Energy-force-only EquiformerV2 AD,22675,9896,14,0.0053730374202132,2.5085196495056152
Energy-force-only EquiformerV2 AD,37623,9897,14,0.024448474869132,1.7127505540847778
Energy-force-only EquiformerV2 AD,15064,9898,10,0.016062868759036,3.7383203506469727
Energy-force-only EquiformerV2 AD,8110,9899,14,0.0073523805476725,2.044435501098633
Energy-force-only EquiformerV2 AD,31721,9900,13,0.0132493944838643,1.3185510635375977
Energy-force-only EquiformerV2 AD,19898,9901,16,0.0213910862803459,1.3810839653015137
Energy-force-only EquiformerV2 AD,39664,9902,16,0.0069553330540657,1.5709707736968994
Energy-force-only EquiformerV2 AD,32931,9903,18,0.0055035143159329,1.220671534538269
Energy-force-only EquiformerV2 AD,24953,9904,15,0.0249189808964729,2.029237985610962
Energy-force-only EquiformerV2 AD,38151,9905,15,0.0046154977753758,1.8858674764633176
Energy-force-only EquiformerV2 AD,3568,9906,13,0.0234478935599327,1.9631510972976685
Energy-force-only EquiformerV2 AD,35711,9907,13,0.0185853037983179,2.3450748920440674
Energy-force-only EquiformerV2 AD,24093,9908,9,0.0101919760927557,3.715895414352417
Energy-force-only EquiformerV2 AD,32081,9909,17,0.0335944965481758,2.1436359882354736
Energy-force-only EquiformerV2 AD,24706,9910,14,0.0103203356266021,2.2107033729553223
Energy-force-only EquiformerV2 AD,27054,9911,11,0.0909270420670509,3.88286805152893
Energy-force-only EquiformerV2 AD,47855,9912,12,0.0098933633416891,1.8418394327163696
Energy-force-only EquiformerV2 AD,8332,9913,10,0.0223213825374841,3.864220380783081
Energy-force-only EquiformerV2 AD,31661,9914,13,0.0143052982166409,2.546574115753174
Energy-force-only EquiformerV2 AD,36462,9915,17,0.0180091522634029,1.7668125629425049
Energy-force-only EquiformerV2 AD,43339,9916,12,0.0129629038274288,2.450347423553467
Energy-force-only EquiformerV2 AD,35395,9917,11,0.0053181373514235,3.8074231147766113
Energy-force-only EquiformerV2 AD,5130,9918,17,0.0668067559599876,2.83512020111084
Energy-force-only EquiformerV2 AD,37896,9919,14,0.0186474453657865,1.9853512048721316
Energy-force-only EquiformerV2 AD,38786,9920,12,0.0327372886240482,3.0805752277374268
Energy-force-only EquiformerV2 AD,16649,9921,16,0.0087855923920869,1.4401944875717163
Energy-force-only EquiformerV2 AD,7943,9922,9,0.0111986054107546,3.517003059387207
Energy-force-only EquiformerV2 AD,19656,9923,11,0.0230673160403966,3.4372143745422363
Energy-force-only EquiformerV2 AD,9335,9924,10,0.0088977543637156,3.65503191947937
Energy-force-only EquiformerV2 AD,22319,9925,19,0.0092179030179977,0.8913347721099854
Energy-force-only EquiformerV2 AD,46185,9926,11,0.0347433984279632,3.0333166122436523
Energy-force-only EquiformerV2 AD,19691,9927,12,0.0287488643079996,2.0346853733062744
Energy-force-only EquiformerV2 AD,8461,9928,8,0.0291429162025451,5.515783786773682
Energy-force-only EquiformerV2 AD,22096,9929,13,0.0208862386643886,1.1701236963272097
Energy-force-only EquiformerV2 AD,10236,9930,15,0.0147554641589522,2.2531583309173584
Energy-force-only EquiformerV2 AD,45001,9931,16,0.0725859478116035,2.603761911392212
Energy-force-only EquiformerV2 AD,4413,9932,15,0.0298714768141508,1.9975275993347168
Energy-force-only EquiformerV2 AD,31815,9933,13,0.0121351853013038,1.828657627105713
Energy-force-only EquiformerV2 AD,48452,9934,15,0.0060320035554468,1.6713745594024658
Energy-force-only EquiformerV2 AD,11352,9935,13,0.0071001802571117,2.459547519683838
Energy-force-only EquiformerV2 AD,2973,9936,15,0.0120562436059117,2.338726043701172
Energy-force-only EquiformerV2 AD,48298,9937,15,0.0174418445676565,1.0238817930221558
Energy-force-only EquiformerV2 AD,2225,9938,15,0.0165650695562362,1.8464446067810056
Energy-force-only EquiformerV2 AD,13883,9939,13,0.0184355061501264,1.407284379005432
Energy-force-only EquiformerV2 AD,13441,9940,12,0.0088060311973094,2.882364511489868
Energy-force-only EquiformerV2 AD,23327,9941,10,0.0436692349612712,2.7312211990356445
Energy-force-only EquiformerV2 AD,48629,9942,11,0.0265110693871974,1.2132277488708496
Energy-force-only EquiformerV2 AD,19895,9943,14,0.0153803089633584,2.041056871414185
Energy-force-only EquiformerV2 AD,17283,9944,12,0.0197970606386661,3.0393011569976807
Energy-force-only EquiformerV2 AD,14734,9945,12,0.020425196737051,2.8289828300476074
Energy-force-only EquiformerV2 AD,50784,9946,15,0.0081171616911888,1.7847927808761597
Energy-force-only EquiformerV2 AD,576,9947,17,0.0101752588525414,1.3082798719406128
Energy-force-only EquiformerV2 AD,35443,9948,13,0.0052958806045353,2.440310001373291
Energy-force-only EquiformerV2 AD,4542,9949,16,0.0134439021348953,1.5380204916000366
Energy-force-only EquiformerV2 AD,20811,9950,17,0.0041569415479898,1.5738821029663086
Energy-force-only EquiformerV2 AD,8474,9951,10,0.0311370659619569,3.841240167617798
Energy-force-only EquiformerV2 AD,17425,9952,12,0.0270528122782707,3.2596194744110107
Energy-force-only EquiformerV2 AD,5737,9953,18,0.0611818023025989,1.3412957191467283
Energy-force-only EquiformerV2 AD,32335,9954,16,0.0081884264945983,2.0687777996063232
Energy-force-only EquiformerV2 AD,9316,9955,14,0.0275391228497028,2.006011486053467
Energy-force-only EquiformerV2 AD,13983,9956,14,0.0037137060426175,1.9952235221862795
Energy-force-only EquiformerV2 AD,31077,9957,16,0.0054043526761233,1.7037016153335571
Energy-force-only EquiformerV2 AD,38207,9958,11,0.026635592803359,4.491950988769531
Energy-force-only EquiformerV2 AD,14720,9959,12,0.0075403964146971,2.98201847076416
Energy-force-only EquiformerV2 AD,15272,9960,13,0.0104163875803351,2.691969394683838
Energy-force-only EquiformerV2 AD,36384,9961,16,0.0051627298817038,1.8536025285720823
Energy-force-only EquiformerV2 AD,14558,9962,12,0.026998596265912,3.0074403285980225
Energy-force-only EquiformerV2 AD,29993,9963,12,0.045678436756134,3.2887799739837646
Energy-force-only EquiformerV2 AD,21458,9964,13,0.0437831170856952,2.9650216102600098
Energy-force-only EquiformerV2 AD,23658,9965,11,0.0181574262678623,2.932762861251831
Energy-force-only EquiformerV2 AD,120,9966,16,0.0062558017671108,1.9372313022613523
Energy-force-only EquiformerV2 AD,27036,9967,10,0.0154670067131519,2.470153331756592
Energy-force-only EquiformerV2 AD,34151,9968,8,0.0222955793142318,4.281900405883789
Energy-force-only EquiformerV2 AD,30921,9969,16,0.003575571347028,1.5023473501205444
Energy-force-only EquiformerV2 AD,16173,9970,14,0.0681373551487922,2.242152452468872
Energy-force-only EquiformerV2 AD,4131,9971,12,0.0158214066177606,2.419827699661255
Energy-force-only EquiformerV2 AD,47790,9972,12,0.0315072461962699,2.1037209033966064
Energy-force-only EquiformerV2 AD,38831,9973,15,0.0524446703493595,0.8284466862678528
Energy-force-only EquiformerV2 AD,31406,9974,19,0.0061412407085299,1.3112168312072754
Energy-force-only EquiformerV2 AD,46167,9975,16,0.0138639044016599,0.848793625831604
Energy-force-only EquiformerV2 AD,42399,9976,17,0.0149459457024931,1.6111433506011963
Energy-force-only EquiformerV2 AD,23730,9977,17,0.0365707948803901,1.3890905380249023
Energy-force-only EquiformerV2 AD,7457,9978,16,0.0064027849584817,1.576221585273743
Energy-force-only EquiformerV2 AD,34139,9979,16,0.0124859847128391,1.87322211265564
Energy-force-only EquiformerV2 AD,29183,9980,14,0.0124946469441056,2.4135608673095703
Energy-force-only EquiformerV2 AD,14823,9981,18,0.005675995722413,1.1093471050262451
Energy-force-only EquiformerV2 AD,38985,9982,16,0.0148181496188044,1.738433003425598
Energy-force-only EquiformerV2 AD,46383,9983,12,0.0584156922996044,2.9548089504241943
Energy-force-only EquiformerV2 AD,2290,9984,15,0.0099895652383565,2.0795788764953613
Energy-force-only EquiformerV2 AD,29873,9985,10,0.0651625916361808,2.8204915523529053
Energy-force-only EquiformerV2 AD,17634,9986,15,0.0164657495915889,1.8752344846725464
Energy-force-only EquiformerV2 AD,47664,9987,21,0.0053965291008353,1.134881854057312
Energy-force-only EquiformerV2 AD,8462,9988,16,0.0136825814843177,1.6993699073791504
Energy-force-only EquiformerV2 AD,44883,9989,14,0.0109362034127116,2.1386022567749023
Energy-force-only EquiformerV2 AD,13227,9990,15,0.0195827484130859,2.027026891708374
Energy-force-only EquiformerV2 AD,3514,9991,14,0.0113007556647062,1.8069045543670652
Energy-force-only EquiformerV2 AD,14097,9992,21,0.0049828407354652,1.1636954545974731
Energy-force-only EquiformerV2 AD,15529,9993,18,0.0068094655871391,1.783181071281433
Energy-force-only EquiformerV2 AD,25595,9994,21,0.0044838697649538,1.162121295928955
Energy-force-only EquiformerV2 AD,20113,9995,17,0.0101621625944972,1.143803596496582
Energy-force-only EquiformerV2 AD,35926,9996,12,0.0085008377209305,3.0584990978240967
Energy-force-only EquiformerV2 AD,7997,9997,13,0.0152789540588855,1.9371209144592283
Energy-force-only EquiformerV2 AD,32425,9998,12,0.0130572523921728,2.5533711910247803
Energy-force-only EquiformerV2 AD,25394,9999,14,0.0080950492992997,2.153017282485962
