model,dataset_index,sample_index,number_of_atoms,force_mae_eV_per_angstrom,hessian_mae_eV_per_angstrom2
HIP,35070,0,14,0.0039696544408798,0.0104753486812114
HIP,2284,1,13,0.0044468236155807,0.0258729811757802
HIP,13332,2,13,0.0038426571991294,0.0303938183933496
HIP,14281,3,11,0.0120940562337636,0.0250328481197357
HIP,46110,4,15,0.0076920986175537,0.0146897854283452
HIP,33249,5,17,0.0040506049990653,0.0114346230402588
HIP,35938,6,14,0.0006465285550802,0.0041761570610105
HIP,47043,7,15,0.0005686802323907,0.0448960103094577
HIP,25642,8,14,0.003186713438481,0.0097957393154501
HIP,35177,9,10,0.0020137117244303,0.0084258979186415
HIP,50102,10,19,0.0012606027303263,0.0617375932633876
HIP,2674,11,14,0.0061925891786813,0.0105146095156669
HIP,34598,12,17,0.005532672163099,0.0123556135222315
HIP,12843,13,19,0.0022361297160387,0.0078849783167243
HIP,1375,14,14,0.0008732794667594,0.0036159723531454
HIP,42274,15,11,0.0058291293680667,0.0206321775913238
HIP,11899,16,14,0.01188734639436,0.0267577562481164
HIP,24768,17,12,0.0250746514648199,0.0506247766315937
HIP,25701,18,11,0.0061040078289806,0.0260990131646394
HIP,17250,19,15,0.0044259233400225,0.0115354834124445
HIP,26833,20,10,0.0054607442580163,0.017939181998372
HIP,12656,21,14,0.0041275019757449,0.0175924375653266
HIP,4221,22,21,0.0063681360334157,0.0101791815832257
HIP,16177,23,12,0.0028483076021075,0.0100828502327203
HIP,25283,24,15,0.0010132056195288,0.0030571052338927
HIP,39339,25,14,0.0031231536995619,0.0089844400063157
HIP,9739,26,10,0.012016681022942,0.0356981493532657
HIP,41691,27,18,0.0012264964170753,0.004015170969069
HIP,42843,28,14,0.0010245009325444,0.0045072566717863
HIP,17903,29,15,0.008283520117402,0.0249665938317775
HIP,48588,30,12,0.0028327770996838,0.0130557250231504
HIP,30815,31,12,0.001491513219662,0.0053219706751406
HIP,29115,32,18,0.0021926742047071,0.0062842080369591
HIP,40,33,11,0.0031119703780859,0.0182385258376598
HIP,32597,34,15,0.0009000896243378,0.0029541186522692
HIP,16626,35,9,0.0041273063980042,0.0142012136057019
HIP,37271,36,12,0.0037166767287999,0.0155504485592246
HIP,29570,37,17,0.0028472319245338,0.0083100125193595
HIP,26756,38,16,0.0021567996591329,0.0056953183375298
HIP,27834,39,14,0.0203698221594095,0.049557875841856
HIP,522,40,16,0.0066695427522063,0.0135810943320393
HIP,45251,41,14,0.0028733646031469,0.0103320041671395
HIP,13633,42,12,0.0010878994362428,0.0043788286857306
HIP,17617,43,12,0.0263096801936626,0.0631201714277267
HIP,42551,44,13,0.0005795080214738,0.0051059019751846
HIP,17297,45,14,0.0027408977039158,0.0084414836019277
HIP,44139,46,14,0.0033319301437586,0.0090292878448963
HIP,9584,47,17,0.0007892980938777,0.0037717486266046
HIP,10389,48,15,0.0013385209022089,0.0044561671093106
HIP,11231,49,15,0.0024383091367781,0.0138500900939106
HIP,40666,50,15,0.0026854039169847,0.0087001202628016
HIP,32583,51,11,0.0248019993305206,0.0571121834218502
HIP,20294,52,15,0.0088477171957492,0.0214843638241291
HIP,30061,53,16,0.0031290722545236,0.0104156816378235
HIP,16990,54,14,0.0026311380788683,0.0067655066959559
HIP,42360,55,16,0.02980937063694,0.0656243711709976
HIP,24047,56,14,0.0015245884424075,0.015707628801465
HIP,16190,57,11,0.0015313137555494,0.0133596770465374
HIP,15628,58,15,0.0076606613583862,0.0151278916746377
HIP,26057,59,11,0.0095788398757576,0.0210613757371902
HIP,1838,60,19,0.0110070528462529,0.0237891189754009
HIP,48003,61,15,0.0121030649170279,0.0231672190129756
HIP,17598,62,13,0.0133521584793925,0.0306431110948324
HIP,21961,63,16,0.003490038216114,0.0108864558860659
HIP,2974,64,12,0.0252084080129861,0.0540048591792583
HIP,49367,65,11,0.0065571805462241,0.0353927761316299
HIP,40887,66,11,0.0051838723011314,0.0173682570457458
HIP,1995,67,9,0.0012864156160503,0.0076152752153575
HIP,25175,68,15,0.0439385995268821,0.0900806114077568
HIP,28105,69,10,0.0053775967098772,0.018289852887392
HIP,12579,70,16,0.0132803386077284,0.0299281738698482
HIP,50014,71,12,0.0061518433503806,0.0141709959134459
HIP,13360,72,19,0.0042818682268261,0.041710864752531
HIP,33776,73,17,0.0007625468424521,0.0043662856332957
HIP,36882,74,11,0.004748304374516,0.0173860862851142
HIP,10607,75,12,0.0073302653618156,0.0169734042137861
HIP,2111,76,14,0.0272906776517629,0.0787093490362167
HIP,6687,77,11,0.0027926419861614,0.0126574225723743
HIP,16328,78,15,0.0013512385776266,0.0038589152973145
HIP,22215,79,14,0.003293409012258,0.0114224087446928
HIP,11994,80,12,0.0043039149604737,0.0156882815062999
HIP,37342,81,16,0.0015573388664051,0.0046353181824088
HIP,43966,82,10,0.0040595028549432,0.0549863800406456
HIP,46769,83,16,0.0013577211648225,0.008355033583939
HIP,36826,84,19,0.0007341933087445,0.0078955078497529
HIP,11804,85,19,0.0024602026678621,0.0046540279872715
HIP,28681,86,10,0.002364246873185,0.0133244264870882
HIP,43485,87,16,0.0062185241840779,0.0233027078211307
HIP,47511,88,15,0.0034291241317987,0.0150929922237992
HIP,5267,89,9,0.0089543890208005,0.0394424051046371
HIP,39361,90,14,0.0011589736677706,0.0087487818673253
HIP,19372,91,13,0.0104573220014572,0.0280198771506547
HIP,1949,92,16,0.0010934777092188,0.0122121227905154
HIP,9702,93,17,0.0018569929525256,0.0096051506698131
HIP,15485,94,11,0.003866302780807,0.0140224890783429
HIP,21838,95,17,0.0059165642596781,0.0128009049221873
HIP,43645,96,16,0.0033325874246656,0.0117553379386663
HIP,13327,97,14,0.0337140634655952,0.0543067269027233
HIP,22789,98,15,0.0010148051660507,0.0055979564785957
HIP,15413,99,11,0.0046404539607465,0.0149253448471426
HIP,28010,100,15,0.0132237439975142,0.0218782629817724
HIP,15698,101,12,0.0012886576587334,0.0060615325346589
HIP,38361,102,13,0.0147693529725074,0.0349131040275096
HIP,20249,103,15,0.0032838706392794,0.0151169821619987
HIP,18821,104,8,0.0238744728267192,0.0803696736693382
HIP,39354,105,15,0.012892092578113,0.0246538296341896
HIP,3025,106,14,0.018327247351408,0.0412105470895767
HIP,7123,107,15,0.0038720471784472,0.0098843909800052
HIP,9049,108,14,0.0054189530201256,0.0140945604071021
HIP,7802,109,15,0.0479687340557575,0.0822512656450271
HIP,36977,110,12,0.0030810225289314,0.0102661717683076
HIP,18993,111,12,0.0006200068164616,0.0032628551125526
HIP,39091,112,14,0.00486880261451,0.0143468277528882
HIP,35420,113,10,0.014677564613521,0.0379095897078514
HIP,27944,114,14,0.0043974360451102,0.0111229764297604
HIP,20270,115,12,0.0045704636722803,0.0126801244914531
HIP,12324,116,8,0.0012951900716871,0.0123751498758792
HIP,39286,117,14,0.0075372783467173,0.0207494311034679
HIP,35559,118,12,0.0041106543503701,0.0092222746461629
HIP,2087,119,14,0.0100737204775214,0.0179245974868536
HIP,29519,120,17,0.0040855146944522,0.0080953203141689
HIP,14840,121,16,0.0051712202839553,0.0145306969061493
HIP,46667,122,11,0.1047568321228027,0.2198913097381591
HIP,10469,123,13,0.0012623727088794,0.0038090681191533
HIP,23184,124,13,0.0017967036692425,0.0069967713207006
HIP,2251,125,10,0.0009463071473874,0.0061054374091327
HIP,2493,126,10,0.0030329225119203,0.0141548672690987
HIP,31105,127,16,0.0006901471642777,0.0026735581923276
HIP,20311,128,13,0.001811894821003,0.0064431745558977
HIP,35660,129,18,0.0017034247284755,0.0087813911959528
HIP,46637,130,11,0.0480091162025928,0.0784872472286224
HIP,41937,131,13,0.0011996531393378,0.0077626891434192
HIP,17348,132,13,0.0308252424001693,0.0941821560263633
HIP,44741,133,10,0.0411516539752483,0.0762151330709457
HIP,20410,134,12,0.0008021328249014,0.004354425240308
HIP,42370,135,16,0.0016732430085539,0.0046454020775854
HIP,22400,136,17,0.0009091260144487,0.006945779081434
HIP,21917,137,16,0.0128849633038043,0.0247681383043527
HIP,31296,138,18,0.0022276388481259,0.0093849720433354
HIP,11515,139,17,0.0109371952712535,0.0227662604302167
HIP,14723,140,10,0.0084970472380518,0.0278272330760955
HIP,38694,141,13,0.0009561784681864,0.004694836679846
HIP,10731,142,21,0.0013891664566472,0.0678881853818893
HIP,44701,143,14,0.0142801282927393,0.0495503507554531
HIP,40579,144,12,0.0019614605698734,0.0069583184085786
HIP,39319,145,13,0.0028679633978754,0.0117669673636555
HIP,10382,146,14,0.0038369938265532,0.01459994725883
HIP,30800,147,12,0.0013037859462201,0.0030193093698471
HIP,50052,148,15,0.0034728427417576,0.0134911183267831
HIP,5686,149,13,0.002455687848851,0.0118889948353171
HIP,48550,150,16,0.0102977845817804,0.0239181648939847
HIP,33962,151,10,0.0518053509294986,0.1172770485281944
HIP,10924,152,19,0.0007786163478158,0.0026175021193921
HIP,1129,153,13,0.0082876197993755,0.0207677148282527
HIP,41116,154,19,0.0018546868814155,0.0070974202826619
HIP,4589,155,16,0.0013021513586863,0.0070286327973008
HIP,1410,156,13,0.0055497013963758,0.0236519612371921
HIP,3607,157,17,0.0062006311491131,0.0214598700404167
HIP,18810,158,11,0.0020067254081368,0.0065522924996912
HIP,12622,159,12,0.0104941185563802,0.0306181497871875
HIP,24050,160,19,0.0015510510420426,0.0050641130656003
HIP,39502,161,11,0.0103924823924899,0.0232413541525602
HIP,21985,162,11,0.0235941559076309,0.0742183402180671
HIP,38182,163,12,0.0007825912907719,0.0118546579033136
HIP,27797,164,17,0.012126819230616,0.0232650861144065
HIP,43778,165,16,0.0013421004405245,0.0078626060858368
HIP,29497,166,14,0.0105784200131893,0.0218351334333419
HIP,26366,167,14,0.0036256855819374,0.0118143670260906
HIP,42414,168,12,0.0147895514965057,0.0347537919878959
HIP,37769,169,13,0.0068389866501092,0.0183828491717576
HIP,25791,170,17,0.0035555639769881,0.0084912488237023
HIP,29429,171,11,0.0053335861302912,0.0119295567274093
HIP,27678,172,11,0.0020865008700639,0.0309733375906944
HIP,24975,173,16,0.0053235138766467,0.0106660975143313
HIP,31191,174,15,0.0129905231297016,0.085681214928627
HIP,42950,175,14,0.0070549095980823,0.0156327579170465
HIP,12290,176,13,0.002736611990258,0.0118882898241281
HIP,39798,177,13,0.0046807941980659,0.0308322198688983
HIP,38512,178,16,0.0057682208716869,0.0123670073226094
HIP,22016,179,16,0.0014262944459915,0.0041667344048619
HIP,21896,180,16,0.0007652775384485,0.0093145286664366
HIP,5892,181,17,0.0074932975694537,0.01375930942595
HIP,34711,182,13,0.0047741285525262,0.014619949273765
HIP,35764,183,14,0.0033653939608484,0.0121439397335052
HIP,27724,184,16,0.0021719099022448,0.0641018003225326
HIP,31310,185,16,0.0051127383485436,0.0121141094714403
HIP,5165,186,12,0.0011806541588157,0.0063623515889048
HIP,2441,187,12,0.0156112182885408,0.0341155566275119
HIP,48282,188,17,0.0059446883387863,0.0173075702041387
HIP,34553,189,14,0.0017357352189719,0.0105408066883683
HIP,3806,190,14,0.0052883909083902,0.0158371478319168
HIP,22661,191,12,0.0111087774857878,0.0265480261296033
HIP,21336,192,13,0.00740218302235,0.01967603713274
HIP,44803,193,12,0.0037320901174098,0.0096850898116827
HIP,9796,194,9,0.0074796574190258,0.0276262946426868
HIP,20121,195,16,0.0065552592277526,0.0135494209825992
HIP,28069,196,12,0.0010492162546142,0.0055929142981767
HIP,31496,197,10,0.0160677470266819,0.0334563478827476
HIP,30100,198,17,0.0014590750215575,0.0062862089835107
HIP,44223,199,10,0.0139807136729359,0.0367430932819843
HIP,21266,200,19,0.0022957019973546,0.0084525989368557
HIP,28136,201,17,0.0049194977618753,0.0167678389698267
HIP,10788,202,14,0.0019481716444715,0.0067897685803473
HIP,6574,203,17,0.0056655993685126,0.0128406314179301
HIP,35823,204,14,0.004685525316745,0.0105352299287915
HIP,22791,205,19,0.0032242028973996,0.0115312105044722
HIP,24571,206,11,0.0005824356921948,0.0016551298322156
HIP,41122,207,12,0.0022375499829649,0.0090928385034203
HIP,9277,208,15,0.006286802701652,0.0177093613892793
HIP,19815,209,17,0.0153131866827607,0.0184199884533882
HIP,46254,210,13,0.0381656140089035,0.0588663443922996
HIP,49804,211,14,0.0425498150289058,0.0717685520648956
HIP,30888,212,19,0.0033692589495331,0.0078629413619637
HIP,4021,213,14,0.0195154789835214,0.0356353037059307
HIP,39058,214,14,0.0008211497915908,0.0039765471592545
HIP,6401,215,16,0.0065762917511165,0.0130022596567869
HIP,41975,216,16,0.0025516273453831,0.0057122311554849
HIP,23628,217,14,0.008842010051012,0.0192321166396141
HIP,38645,218,14,0.0017541921697556,0.0070573380216956
HIP,3434,219,12,0.0066153188236057,0.0255675930529832
HIP,34070,220,13,0.0030531382653862,0.0077685308642685
HIP,4818,221,15,0.0070882807485759,0.0223465953022241
HIP,32655,222,8,0.0025807698257267,0.0141015546396374
HIP,40231,223,9,0.0014345811214298,0.0079248258844017
HIP,14377,224,13,0.0040788021869957,0.0295318961143493
HIP,38901,225,18,0.0007604079437442,0.0025341270957142
HIP,25188,226,18,0.0084224743768572,0.0110311480239033
HIP,9803,227,14,0.0075610550120472,0.0180388670414686
HIP,41132,228,12,0.0270919818431139,0.0567752569913864
HIP,39752,229,11,0.0048906705342233,0.0239372495561838
HIP,40269,230,11,0.0017158362315967,0.0069918599911034
HIP,3049,231,16,0.0007464261725544,0.0166621468961238
HIP,7139,232,14,0.0083333635702729,0.033849611878395
HIP,18665,233,17,0.0069331168197095,0.0149934096261858
HIP,4403,234,14,0.032642263919115,0.0479543656110763
HIP,20507,235,16,0.0026046761777251,0.0056672403588891
HIP,6553,236,13,0.0105456905439496,0.0212927386164665
HIP,7533,237,13,0.0093278912827372,0.0209765471518039
HIP,18484,238,15,0.0089313630014657,0.0149959400296211
HIP,47667,239,15,0.0073964116163551,0.02563420496881
HIP,37201,240,15,0.0079420637339353,0.0219128150492906
HIP,15721,241,12,0.0134602710604667,0.031071176752448
HIP,46771,242,14,0.0021860518027096,0.0246945302933454
HIP,12377,243,19,0.0018624202348291,0.0054768435657024
HIP,19546,244,16,0.0009450484067201,0.0033610323444008
HIP,41943,245,14,0.0059086461551487,0.0079768542200326
HIP,33736,246,10,0.0034067204687744,0.0098868925124406
HIP,8651,247,14,0.005518777295947,0.0126266004517674
HIP,42912,248,10,0.0347896367311477,0.0778668895363807
HIP,44452,249,12,0.0030939718708395,0.0081251487135887
HIP,27605,250,17,0.0346894972026348,0.0396141447126865
HIP,9159,251,9,0.0430037267506122,0.1536572575569152
HIP,36079,252,14,0.0025453513953834,0.007441284134984
HIP,32724,253,15,0.0059845317155122,0.0146666895598173
HIP,46888,254,6,0.0126113342121243,0.0484300926327705
HIP,35418,255,14,0.0011985865421593,0.0052301567047834
HIP,12510,256,14,0.0019318663980811,0.0070894216187298
HIP,36077,257,14,0.0038777494337409,0.0114388801157474
HIP,31905,258,9,0.0011743808863684,0.0078419996425509
HIP,18866,259,14,0.0033498145639896,0.0086225382983684
HIP,19316,260,12,0.0042542270384728,0.0093037215992808
HIP,29376,261,14,0.0082304589450359,0.0256598684936761
HIP,20088,262,15,0.0231314692646265,0.0481703020632267
HIP,29899,263,19,0.0027707933913916,0.0111253047361969
HIP,14866,264,16,0.0145947774872183,0.0222187675535678
HIP,21643,265,12,0.0054543963633477,0.0152730997651815
HIP,25707,266,12,0.0058991587720811,0.0154865970835089
HIP,50184,267,15,0.0051267091184854,0.0111918477341532
HIP,45146,268,13,0.0011039420496672,0.0052940608002245
HIP,37482,269,14,0.0118827344849705,0.0283107236027717
HIP,41729,270,13,0.006624428089708,0.0178481638431549
HIP,40260,271,15,0.0024717121850699,0.0087798843160271
HIP,37291,272,10,0.0048367036506533,0.0129035059362649
HIP,15291,273,14,0.0122663863003253,0.0265957191586494
HIP,10146,274,19,0.0033200499601662,0.0066458061337471
HIP,47868,275,14,0.005543177947402,0.0180956609547138
HIP,35428,276,12,0.0008593445527367,0.0114028370007872
HIP,35617,277,11,0.0147496396675705,0.0264171827584505
HIP,4344,278,12,0.0021773476619273,0.0497786551713943
HIP,23317,279,15,0.0053436220623552,0.0127265052869915
HIP,22383,280,16,0.0036924215964972,0.0112347323447465
HIP,18790,281,14,0.0064979610033333,0.0213375836610794
HIP,27521,282,14,0.0052119940519332,0.0125077813863754
HIP,22325,283,12,0.0213074497878551,0.06244632974267
HIP,11933,284,12,0.0316395126283168,0.0722628086805343
HIP,5754,285,13,0.0077313729561865,0.0225676577538251
HIP,318,286,16,0.0007135471096262,0.0033965988550335
HIP,21743,287,12,0.010383952409029,0.0337478965520858
HIP,26792,288,14,0.0031166723929345,0.0090285222977399
HIP,19044,289,14,0.0056220637634396,0.013007016852498
HIP,42848,290,14,0.0021641931962221,0.0076991529203951
HIP,32284,291,15,0.0032663855236023,0.0085094813257455
HIP,21628,292,16,0.0047802054323256,0.0119863115251064
HIP,9798,293,12,0.0533689744770526,0.1366723924875259
HIP,50297,294,13,0.0261523332446813,0.0525628291070461
HIP,17574,295,14,0.0123391235247254,0.0268427412956953
HIP,2917,296,13,0.0312512777745723,0.063235342502594
HIP,16151,297,17,0.0005992522928863,0.0052740313112735
HIP,50646,298,11,0.0015023755840957,0.0056342217139899
HIP,40081,299,18,0.0011100207921117,0.0058512263931334
HIP,37180,300,15,0.0488780364394187,0.0507852509617805
HIP,48701,301,13,0.0013114697067067,0.0411225967109203
HIP,27290,302,13,0.0071630510501563,0.0191928017884492
HIP,13294,303,16,0.0025857179425656,0.0054021016694605
HIP,20005,304,16,0.0009755167993716,0.0035527923610061
HIP,27301,305,12,0.035980112850666,0.0649660006165504
HIP,5253,306,14,0.0114031573757529,0.0397689118981361
HIP,28813,307,12,0.0068674911744892,0.0204412695020437
HIP,37139,308,12,0.0120194572955369,0.0250981245189905
HIP,18392,309,12,0.0315454192459583,0.0392253212630748
HIP,34349,310,17,0.00541357928887,0.0119206896051764
HIP,13482,311,10,0.0098243188112974,0.025679538026452
HIP,8411,312,16,0.0033642889466136,0.0092836339026689
HIP,13671,313,15,0.0019781026057899,0.0062084593810141
HIP,21572,314,11,0.0214382484555244,0.0893955677747726
HIP,32950,315,14,0.0026079078670591,0.0095153795555233
HIP,30742,316,12,0.0324353985488414,0.0781182870268821
HIP,21557,317,11,0.0202395711094141,0.0571026355028152
HIP,5272,318,18,0.0075980159454047,0.0149333430454134
HIP,16500,319,16,0.0033439858816564,0.0060616927221417
HIP,34519,320,13,0.0066659720614552,0.0158332251012325
HIP,16609,321,16,0.007181332912296,0.0149540472775697
HIP,24107,322,13,0.0155559414997696,0.0377635471522808
HIP,12848,323,17,0.0011539960978552,0.0098539469763636
HIP,33025,324,16,0.0078999437391757,0.020866185426712
HIP,41052,325,16,0.0069937743246555,0.0131020145490765
HIP,40156,326,17,0.0053279190324246,0.0130286328494548
HIP,12028,327,14,0.0292338617146015,0.048390507698059
HIP,31111,328,10,0.0129934148862957,0.0464733652770519
HIP,9350,329,14,0.0070956093259155,0.0160569306463003
HIP,42432,330,11,0.0076758898794651,0.0249498076736927
HIP,3156,331,14,0.0037330433260649,0.0092295799404382
HIP,25431,332,14,0.0038095284253358,0.006117068696767
HIP,16147,333,10,0.0100371893495321,0.0254054348915815
HIP,2619,334,10,0.0250521879643201,0.082217626273632
HIP,27595,335,11,0.0124979028478264,0.156078889966011
HIP,17000,336,14,0.044896338135004,0.0640299767255783
HIP,16371,337,11,0.0017879633232951,0.0073326816782355
HIP,40725,338,15,0.0067907376214861,0.021684031933546
HIP,35087,339,14,0.0402358062565326,0.0840803757309913
HIP,26150,340,19,0.0019226785516366,0.0055896844714879
HIP,7250,341,17,0.0360113903880119,0.0741806998848915
HIP,36700,342,14,0.0409783385694026,0.0634760409593582
HIP,13355,343,12,0.0008617772837169,0.0052917269058525
HIP,47258,344,16,0.0055293217301368,0.0133327264338731
HIP,25735,345,17,0.0055651878938078,0.0074741099961102
HIP,49326,346,10,0.0724336057901382,0.0935463979840278
HIP,20823,347,14,0.0074530388228595,0.0197074189782142
HIP,28411,348,12,0.0114055601879954,0.0211368408054113
HIP,26391,349,15,0.0115598626434803,0.0262868665158748
HIP,21935,350,9,0.036136195063591,0.0904172137379646
HIP,26506,351,12,0.0158784631639719,0.034186877310276
HIP,39504,352,12,0.0035992425400763,0.0154639203101396
HIP,4047,353,18,0.0284281391650438,0.0313501358032226
HIP,46503,354,17,0.0117532256990671,0.018035739660263
HIP,38422,355,11,0.0061566680669784,0.0236598495393991
HIP,38245,356,21,0.0010522851953282,0.0680028721690177
HIP,32300,357,14,0.0015463760355487,0.0068431957624852
HIP,12580,358,15,0.0087935142219066,0.024759529158473
HIP,38058,359,14,0.005382657982409,0.0112541280686855
HIP,25443,360,14,0.0040500601753592,0.0110235065221786
HIP,17919,361,12,0.0055823451839387,0.0154043659567832
HIP,12214,362,16,0.0014850031584501,0.0052414191886782
HIP,50577,363,17,0.0031791750807315,0.0104066440835595
HIP,15218,364,16,0.0013951448490843,0.0062982058152556
HIP,35135,365,18,0.0056530977599322,0.0221297312527894
HIP,11981,366,11,0.0067507303319871,0.0255347937345504
HIP,32254,367,14,0.0014016523491591,0.0056462008506059
HIP,3970,368,13,0.0073839426040649,0.0201198533177375
HIP,27898,369,19,0.0010509379208087,0.0046229185536503
HIP,40919,370,14,0.0046620140783488,0.0190471578389406
HIP,34499,371,16,0.0021749641746282,0.004454577807337
HIP,19165,372,12,0.0011168004712089,0.0061240722425282
HIP,15104,373,12,0.022887822240591,0.038413431495428
HIP,13620,374,14,0.0036207034718245,0.0250029657036066
HIP,14580,375,12,0.0010324710747227,0.0039960676804184
HIP,37675,376,10,0.0863394439220428,0.2295152097940445
HIP,37162,377,11,0.0088893435895442,0.0231892149895429
HIP,6349,378,9,0.006403231061995,0.0232994835823774
HIP,550,379,15,0.0046686246059834,0.0141005180776119
HIP,47435,380,13,0.0029871726874262,0.0087458249181509
HIP,1138,381,14,0.0202955547720193,0.0455717667937278
HIP,32545,382,14,0.0110074542462825,0.0390177220106124
HIP,46685,383,14,0.0066364747472107,0.0156708303838968
HIP,12068,384,14,0.0086411284282803,0.0227024536579847
HIP,10872,385,16,0.0012441829312592,0.0068553248420357
HIP,19298,386,12,0.0037333676591515,0.0137909604236483
HIP,466,387,16,0.0015125279314815,0.0049438872374594
HIP,12548,388,16,0.001983227673918,0.0048996736295521
HIP,42935,389,15,0.0118568949401378,0.0189339760690927
HIP,48468,390,12,0.035409040749073,0.0805504471063613
HIP,6501,391,13,0.0079641761258244,0.0148020992055535
HIP,22679,392,13,0.0087427692487835,0.0376110672950744
HIP,25569,393,11,0.0044506140984594,0.0110457837581634
HIP,41746,394,15,0.0018166522495448,0.0060250805690884
HIP,1767,395,14,0.0120320590212941,0.0225855000317096
HIP,23283,396,17,0.0028586632106453,0.0395617745816707
HIP,5337,397,12,0.0023518961388617,0.0068996101617813
HIP,26849,398,10,0.0707957968115806,0.1034396737813949
HIP,8149,399,15,0.0066688116639852,0.0193130504339933
HIP,34503,400,13,0.0086810532957315,0.0212566927075386
HIP,14040,401,10,0.0114749064669013,0.0219655856490135
HIP,12292,402,10,0.0072632301598787,0.0164327807724475
HIP,38968,403,19,0.0022713667713105,0.005277064628899
HIP,35147,404,15,0.0111922612413764,0.0224887542426586
HIP,5545,405,15,0.000914211908821,0.0055580618791282
HIP,48111,406,19,0.0219698417931795,0.0363507382571697
HIP,38491,407,16,0.0043582255020737,0.0108039481565356
HIP,27911,408,15,0.0071350298821926,0.0200562346726655
HIP,19736,409,11,0.0199528113007545,0.0458196885883808
HIP,11614,410,15,0.0019070132402703,0.0057832398451864
HIP,14898,411,11,0.0021580427419394,0.0085747577250003
HIP,34457,412,15,0.0059894458390772,0.0134722236543893
HIP,34359,413,5,0.0029383786022663,0.0228478889912366
HIP,20344,414,14,0.0038591627962887,0.011862170882523
HIP,29950,415,17,0.0069543593563139,0.0133883571252226
HIP,5304,416,19,0.0015615439042448,0.0139757776632905
HIP,6016,417,18,0.0012574213324114,0.0070674843154847
HIP,31265,418,17,0.0032402521464973,0.0088517889380455
HIP,24383,419,12,0.0106664020568132,0.0355485044419765
HIP,26765,420,14,0.0090487739071249,0.027573112398386
HIP,49041,421,12,0.0012350026518106,0.0050663747824728
HIP,47105,422,17,0.0127675794064998,0.0214432924985885
HIP,36496,423,16,0.0037933138664811,0.0142433363944292
HIP,27575,424,12,0.0009227984701283,0.0048067085444927
HIP,17978,425,14,0.0108912205323576,0.0449265725910663
HIP,44306,426,16,0.0039586564525961,0.0154975056648254
HIP,249,427,14,0.002036013174802,0.0094808638095855
HIP,48172,428,15,0.0229859091341495,0.0393897034227848
HIP,44835,429,11,0.000973404967226,0.0052607199177145
HIP,9718,430,17,0.002709056250751,0.0177058987319469
HIP,29987,431,13,0.0046470398083329,0.0111621925607323
HIP,9632,432,16,0.005294463597238,0.0114229274913668
HIP,26527,433,21,0.0014341296628117,0.0364203453063964
HIP,30203,434,14,0.0040713581256568,0.0089586013928055
HIP,1266,435,14,0.0063743642531335,0.0228343065828084
HIP,19291,436,12,0.0022373974788933,0.0073269810527563
HIP,31827,437,19,0.0049847257323563,0.0094633875414729
HIP,9036,438,14,0.0042489734478294,0.0143796680495142
HIP,34667,439,13,0.0125511065125465,0.0341375283896923
HIP,38172,440,14,0.0012776113580912,0.0046088476665318
HIP,32730,441,14,0.0047311214730143,0.0195432342588901
HIP,49636,442,15,0.0071266680024564,0.016037318855524
HIP,3569,443,13,0.0008875890052877,0.0066861920058727
HIP,37703,444,14,0.0020572110079228,0.1096061170101165
HIP,39639,445,13,0.0026477647479623,0.0252047013491392
HIP,5666,446,16,0.0031612075399607,0.0131909223273396
HIP,49331,447,17,0.0016605079872533,0.0088406829163432
HIP,35962,448,15,0.0044347029179334,0.0113263987004756
HIP,44507,449,15,0.0025564138777554,0.0080858375877141
HIP,404,450,15,0.0039603570476174,0.0168984308838844
HIP,18766,451,11,0.0131878787651658,0.0445000380277633
HIP,40377,452,15,0.0079802479594945,0.0158139523118734
HIP,40955,453,14,0.0077085550874471,0.0245605185627937
HIP,25372,454,14,0.006175544578582,0.0143427457660436
HIP,3241,455,12,0.0092854918912053,0.0185951869934797
HIP,9261,456,15,0.0084847062826156,0.0246617551892995
HIP,25159,457,19,0.000879798491951,0.0058334604837
HIP,3814,458,17,0.0034066434018313,0.0085040796548128
HIP,3888,459,14,0.0011849584989249,0.0103179570287466
HIP,21853,460,11,0.0015278676291927,0.0053608240559697
HIP,46291,461,15,0.0058129397220909,0.0123860668390989
HIP,42411,462,14,0.0380467250943183,0.0405451878905296
HIP,45573,463,14,0.0085427053272724,0.0125697376206517
HIP,45007,464,13,0.0045154662802815,0.0170803312212228
HIP,44190,465,15,0.0060671847313642,0.0148434862494468
HIP,26015,466,14,0.0057450919412076,0.012926229275763
HIP,46416,467,17,0.0008082910208031,0.0034229215234518
HIP,3816,468,9,0.0015717535279691,0.0082895010709762
HIP,29297,469,14,0.0071955099701881,0.0179315451532602
HIP,21412,470,13,0.0434942692518234,0.0644909366965293
HIP,44092,471,13,0.003252153750509,0.0100570674985647
HIP,2906,472,12,0.0082603376358747,0.0184063147753477
HIP,45392,473,16,0.0321888923645019,0.0426387600600719
HIP,19722,474,14,0.0012730917660519,0.0066275866702198
HIP,32796,475,14,0.0122756268829107,0.0228968132287263
HIP,28172,476,18,0.017698548734188,0.0278257932513952
HIP,12770,477,19,0.0007632711785845,0.0026678463909775
HIP,7340,478,10,0.0106802536174654,0.0260359458625316
HIP,5998,479,9,0.0186751075088977,0.0777928307652473
HIP,46555,480,13,0.0012732136528939,0.0034407747443765
HIP,49210,481,15,0.0013709957711398,0.0051399781368672
HIP,43118,482,17,0.0006769750616513,0.0029730978421866
HIP,46391,483,13,0.0655166879296302,0.1561970263719558
HIP,24472,484,13,0.0082926554605364,0.0215004775673151
HIP,27760,485,16,0.0063234693370759,0.0623392611742019
HIP,17916,486,10,0.0111811803653836,0.0281126480549573
HIP,11233,487,16,0.0036654686555266,0.0243820045143365
HIP,16920,488,16,0.0041819587349891,0.0107403369620442
HIP,4572,489,11,0.0147026591002941,0.0305754393339157
HIP,18295,490,13,0.0113107375800609,0.0408204793930053
HIP,3411,491,15,0.0048845503479242,0.0151177467778325
HIP,31308,492,13,0.0064932252280414,0.0190643798559904
HIP,7929,493,14,0.0025431276299059,0.0073485937900841
HIP,41380,494,12,0.0046986960805952,0.0154193099588155
HIP,40451,495,13,0.0007889491389505,0.0083394832909107
HIP,10458,496,12,0.0095777949318289,0.0210128184407949
HIP,23325,497,11,0.0069265407510101,0.0183542240411043
HIP,20136,498,15,0.0053649684414267,0.0132949277758598
HIP,42899,499,14,0.0049250447191298,0.012262288480997
HIP,7602,500,17,0.0078483587130904,0.0132850697264075
HIP,13777,501,19,0.0151637624949216,0.0595438405871391
HIP,46598,502,12,0.0014823795063421,0.0057598487474024
HIP,2934,503,13,0.0059107192791998,0.0282809007912874
HIP,14566,504,14,0.0010531763546168,0.0041004945524036
HIP,26091,505,11,0.0063725211657583,0.0187155213207006
HIP,30649,506,13,0.0011200871085748,0.0060562505386769
HIP,7871,507,12,0.0087599884718656,0.0207656230777502
HIP,7099,508,14,0.0015370157780125,0.0157364197075366
HIP,25414,509,12,0.0010347438510507,0.0054586147889494
HIP,25060,510,11,0.0223702695220708,0.0359719507396221
HIP,283,511,14,0.057133499532938,0.0597646199166774
HIP,33166,512,16,0.0042428215965628,0.0121632926166057
HIP,23102,513,13,0.0101770833134651,0.0259883869439363
HIP,25043,514,14,0.0207436345517635,0.0354953445494174
HIP,31304,515,19,0.001021789968945,0.0044707539491355
HIP,38059,516,12,0.0055704261176288,0.015263769775629
HIP,20563,517,14,0.137344479560852,0.1328921914100647
HIP,16879,518,10,0.0060531888157129,0.0126367155462503
HIP,4826,519,19,0.0008342811488546,0.0080928457900881
HIP,30343,520,12,0.0077710333280265,0.018923383206129
HIP,38519,521,10,0.1022773459553718,0.2127473205327987
HIP,40439,522,14,0.0057025835849344,0.0157186221331357
HIP,606,523,16,0.0005580525612458,0.0037371176294982
HIP,30861,524,21,0.0021016348619014,0.0048129470087587
HIP,4713,525,14,0.005691235885024,0.0140252262353897
HIP,40492,526,15,0.0040544909425079,0.008993006311357
HIP,23943,527,11,0.0057456721551716,0.0177204851061105
HIP,23297,528,14,0.0066189840435981,0.0183283425867557
HIP,22619,529,19,0.1759263575077057,0.1377335786819458
HIP,22030,530,15,0.0011560603743419,0.0058303182013332
HIP,33932,531,15,0.0033835656940937,0.0087986607104539
HIP,46028,532,14,0.0082227885723114,0.0168680381029844
HIP,7476,533,14,0.0007325566839426,0.0034628736320883
HIP,5678,534,10,0.0606023706495761,0.1126929223537445
HIP,49412,535,12,0.0170518681406974,0.0293735284358263
HIP,50751,536,14,0.0019729642663151,0.0057478807866573
HIP,4776,537,12,0.0008672084077261,0.0038554896600544
HIP,48036,538,14,0.0033776108175516,0.0097105735912919
HIP,30817,539,11,0.0149961318820714,0.0382756181061267
HIP,22930,540,17,0.0036440650001168,0.0102738095447421
HIP,35767,541,16,0.0011171115329489,0.0158148016780614
HIP,21732,542,11,0.0594677403569221,0.0796988829970359
HIP,16300,543,12,0.0048722503706812,0.0119367884472012
HIP,37000,544,13,0.0192153640091419,0.0327326506376266
HIP,19344,545,10,0.0038301136810332,0.050916139036417
HIP,50524,546,8,0.0079161403700709,0.0298895835876464
HIP,25695,547,14,0.0032296911813318,0.011391176842153
HIP,24613,548,10,0.0067812968045473,0.0332706086337566
HIP,38965,549,14,0.007084381300956,0.039668008685112
HIP,5206,550,14,0.009483203291893,0.0247670598328113
HIP,25553,551,16,0.0023722432088106,0.0053259381093084
HIP,45436,552,16,0.006368956528604,0.0182220693677663
HIP,22847,553,10,0.017836233600974,0.0421834141016006
HIP,26768,554,8,0.054396778345108,0.1707683354616165
HIP,38696,555,16,0.0007808359805494,0.00572628993541
HIP,8891,556,15,0.0082556633278727,0.017568027600646
HIP,48250,557,16,0.0004362681356724,0.010684554465115
HIP,14927,558,15,0.0039020413532853,0.0074566407129168
HIP,13964,559,13,0.0012171963462606,0.0058781062252819
HIP,4983,560,8,0.0065579987131059,0.0210414007306098
HIP,10354,561,10,0.0787955075502395,0.2225116491317749
HIP,37388,562,19,0.0059255487285554,0.0246998369693756
HIP,818,563,11,0.0124773951247334,0.078120157122612
HIP,34111,564,14,0.0029259482398629,0.0089620240032672
HIP,10366,565,10,0.0093678245320916,0.0254323463886976
HIP,18127,566,17,0.0041387109085917,0.0095088388770818
HIP,7009,567,17,0.0100793968886137,0.0138064697384834
HIP,10186,568,17,0.0063657676801085,0.0123534677550196
HIP,43121,569,12,0.0014096819795668,0.0061033014208078
HIP,30291,570,13,0.008761384524405,0.0232513211667537
HIP,1994,571,11,0.0007386568468064,0.0042410306632518
HIP,9236,572,10,0.0415560081601142,0.077736459672451
HIP,9588,573,13,0.0006077174912206,0.0033065448515117
HIP,23792,574,14,0.0018726213602349,0.0052720196545124
HIP,9228,575,16,0.0048970784991979,0.0113022523000836
HIP,24708,576,9,0.0041325027123093,0.0129406694322824
HIP,3707,577,12,0.0044945576228201,0.0133295813575387
HIP,31629,578,16,0.0044683865271508,0.0169727485626935
HIP,28030,579,10,0.0081604998558759,0.0222219135612249
HIP,10185,580,12,0.0014872236642986,0.0061077643185853
HIP,48276,581,14,0.0084370551630854,0.0266400650143623
HIP,23807,582,16,0.0043086996302008,0.0138143105432391
HIP,28482,583,12,0.0204856470227241,0.0338438786566257
HIP,16385,584,16,0.0076142875477671,0.0179720874875783
HIP,3811,585,11,0.0016623672563582,0.0106649613007903
HIP,16117,586,15,0.0080820610746741,0.0196795389056205
HIP,6010,587,14,0.0012024114839732,0.0100106056779623
HIP,41703,588,15,0.0022774008102715,0.0096799181774258
HIP,38397,589,19,0.0005196855054236,0.0982903614640235
HIP,31504,590,16,0.0032481462694704,0.0065886485390365
HIP,19855,591,16,0.0030595790594816,0.0076246890239417
HIP,13612,592,19,0.0007348926155827,0.0078125987201929
HIP,43348,593,17,0.0032174952793866,0.0170293562114238
HIP,33329,594,19,0.0013276742538437,0.0084853200241923
HIP,32383,595,14,0.0071428944356739,0.0151251843199133
HIP,41040,596,6,0.0170984137803316,0.0572246275842189
HIP,35520,597,12,0.0077488305978477,0.0179869085550308
HIP,20575,598,14,0.0095535302534699,0.0206284262239933
HIP,28052,599,13,0.0046547558158636,0.0150230368599295
HIP,44160,600,10,0.0045421915128827,0.0147197963669896
HIP,18816,601,7,0.018723165616393,0.0744142532348632
HIP,9007,602,17,0.0186674185097217,0.0334948375821113
HIP,27419,603,14,0.0044813002459704,0.0125481346622109
HIP,18442,604,13,0.0030383586417883,0.0111468033865094
HIP,40216,605,14,0.0037090352270752,0.0110068917274475
HIP,21394,606,15,0.0059062112122774,0.0163932666182518
HIP,19362,607,16,0.0107321348041296,0.0271525513380765
HIP,38983,608,14,0.0137775531038641,0.0352881662547588
HIP,20825,609,10,0.0061372006312012,0.0193625781685113
HIP,29802,610,12,0.0120393931865692,0.0303244013339281
HIP,14980,611,10,0.0224478393793106,0.0732517465949058
HIP,119,612,17,0.0007075790199451,0.0040743695572018
HIP,49114,613,14,0.0055458676069974,0.0147178936749696
HIP,36911,614,15,0.0104620661586523,0.0256933253258466
HIP,30230,615,11,0.0172744207084178,0.0432277470827102
HIP,46460,616,16,0.0111653953790664,0.0244205091148614
HIP,31979,617,10,0.0014269903767853,0.0055012991651892
HIP,32362,618,19,0.0021015452221035,0.0043883048929274
HIP,16813,619,14,0.0355095826089382,0.081811212003231
HIP,9783,620,14,0.0217600725591182,0.0293813180178403
HIP,50418,621,11,0.0370580665767192,0.0859677046537399
HIP,28830,622,11,0.0019133624155074,0.0059610861353576
HIP,47295,623,15,0.0031318359542638,0.0100729223340749
HIP,4276,624,13,0.0115951932966709,0.0254255477339029
HIP,5187,625,11,0.012846334837377,0.0589570179581642
HIP,45944,626,13,0.003746211528778,0.0166685506701469
HIP,46604,627,10,0.0457726269960403,0.0779371634125709
HIP,13698,628,16,0.0182835590094327,0.0312640331685543
HIP,20989,629,19,0.0090785361826419,0.0166429411619901
HIP,48078,630,17,0.0008358550840057,0.006922694388777
HIP,41616,631,12,0.0007650972693227,0.0118905128911137
HIP,24412,632,13,0.0122040025889873,0.025381626561284
HIP,40070,633,12,0.0041413940489292,0.0158722307533025
HIP,31237,634,12,0.0031505818478763,0.0088234553113579
HIP,1283,635,17,0.0023097649682313,0.0094663584604859
HIP,9148,636,11,0.0095554841682314,0.0251513682305812
HIP,5916,637,13,0.0055646719411015,0.0121863782405853
HIP,25853,638,19,0.0007416321313939,0.0056840451434254
HIP,24353,639,19,0.0258685164153575,0.0383661165833473
HIP,26085,640,16,0.0058772275224328,0.0114234127104282
HIP,3057,641,14,0.0054998369887471,0.0123520139604806
HIP,45,642,13,0.0061062625609338,0.0142229851335287
HIP,9478,643,14,0.0042558116838335,0.0135403154417872
HIP,29963,644,10,0.0538984388113021,0.0749774724245071
HIP,24365,645,13,0.0035311626270413,0.0120949195697903
HIP,15280,646,14,0.0014345621457323,0.0058682775124907
HIP,43576,647,17,0.0046255094930529,0.0095237288624048
HIP,2207,648,14,0.0042285872623324,0.0062295962125062
HIP,23036,649,14,0.0004757386632263,0.0025260243564844
HIP,44794,650,14,0.0048306202515959,0.0124486349523067
HIP,20326,651,17,0.0020309297833591,0.0185958612710237
HIP,25482,652,16,0.0006833820953033,0.0362772606313228
HIP,30818,653,16,0.0120589565485715,0.0303484536707401
HIP,25321,654,14,0.0061006601899862,0.0127141438424587
HIP,38262,655,14,0.0020174656528979,0.0062987832352519
HIP,18518,656,16,0.0004918546183034,0.0105999307706952
HIP,26338,657,15,0.0545452013611793,0.0852425321936607
HIP,3763,658,8,0.0855705961585044,0.2938854694366455
HIP,50210,659,14,0.0074992235749959,0.0176734160631895
HIP,36123,660,15,0.0024259674828499,0.0055432780645787
HIP,47368,661,15,0.0066138124093413,0.0186113789677619
HIP,20038,662,13,0.0077153337188065,0.0217888597398996
HIP,42512,663,12,0.0025092840660363,0.0117497146129608
HIP,48660,664,16,0.0028245565481483,0.0052830823697149
HIP,24779,665,11,0.0046730167232453,0.0115636344999074
HIP,10441,666,11,0.0085165072232484,0.0280167199671268
HIP,33989,667,14,0.0023681689053773,0.0132914455607533
HIP,37600,668,19,0.0175528321415185,0.1277141869068145
HIP,41542,669,17,0.0015364028513431,0.0087208375334739
HIP,22986,670,12,0.0217352285981178,0.0431108176708221
HIP,48991,671,12,0.0077985650859773,0.0228320360183715
HIP,30153,672,17,0.0067701376974582,0.0146574098616838
HIP,27674,673,15,0.0054254182614386,0.0123587911948561
HIP,47721,674,15,0.0010691416682675,0.0049309963360428
HIP,1749,675,13,0.0044460631906986,0.0118752131238579
HIP,41983,676,19,0.0034378764685243,0.0125756310299038
HIP,11737,677,15,0.0012630828423425,0.0047129653394222
HIP,4783,678,15,0.001517875585705,0.0047380472533404
HIP,42180,679,15,0.0239068251103162,0.0223555602133274
HIP,21851,680,11,0.0021702898666262,0.0384518317878246
HIP,4189,681,14,0.0416382513940334,0.0736862123012542
HIP,29130,682,11,0.0037572956643998,0.0116983847692608
HIP,42603,683,12,0.0037922130431979,0.0123168742284178
HIP,24236,684,16,0.0060662990435957,0.012696043588221
HIP,33238,685,14,0.0163466595113277,0.0320979431271553
HIP,9639,686,10,0.0009352774359285,0.0057949628680944
HIP,21915,687,15,0.001526309759356,0.0040264129638671
HIP,42166,688,12,0.0266813151538372,0.0711138248443603
HIP,24377,689,11,0.0217542108148336,0.0495307520031929
HIP,35047,690,17,0.0011303854407742,0.0038272999227046
HIP,14422,691,16,0.0025127455592155,0.005443322006613
HIP,40152,692,15,0.001799679826945,0.0106420274823904
HIP,47775,693,14,0.0076509304344654,0.0179812107235193
HIP,48077,694,15,0.0077150929719209,0.0162660162895917
HIP,1026,695,15,0.0073754107579588,0.0133512578904628
HIP,1222,696,15,0.0096043869853019,0.0222249124199152
HIP,40616,697,11,0.0046813571825623,0.0171910487115383
HIP,22379,698,15,0.0028153411112725,0.0066021182574331
HIP,36512,699,11,0.0105137955397367,0.0274111330509185
HIP,48949,700,14,0.0013692228822037,0.0054534184746444
HIP,13632,701,10,0.0161920133978128,0.0662974640727043
HIP,28996,702,11,0.0156085817143321,0.0293127913028001
HIP,44865,703,13,0.0046154116280376,0.0504770576953887
HIP,19072,704,16,0.0122666414827108,0.0204723179340362
HIP,8862,705,12,0.0040278350934386,0.0120483813807368
HIP,22659,706,5,0.0146714970469474,0.0494929514825344
HIP,33758,707,14,0.0023421344812959,0.0066318768076598
HIP,19043,708,14,0.0130725493654608,0.0253333393484354
HIP,18041,709,14,0.0102183679118752,0.0161067899316549
HIP,45802,710,17,0.0088240774348378,0.0137082077562808
HIP,21405,711,18,0.0091445185244083,0.018140509724617
HIP,16140,712,11,0.0249755997210741,0.0568245276808738
HIP,8873,713,19,0.0035947975702583,0.0105601362884044
HIP,13379,714,13,0.0169849712401628,0.0280448552221059
HIP,49629,715,17,0.0043622725643217,0.0086569441482424
HIP,47430,716,14,0.0102864075452089,0.0307131744921207
HIP,36242,717,12,0.0009677085326984,0.005726262461394
HIP,30685,718,9,0.0339911803603172,0.1141770184040069
HIP,13727,719,14,0.0012163941282778,0.0082549648359417
HIP,3493,720,14,0.0154491355642676,0.0304923728108406
HIP,50405,721,9,0.0065649836324155,0.027746420353651
HIP,27599,722,14,0.0038808833342045,0.0105606382712721
HIP,23192,723,17,0.0058367503806948,0.0160299912095069
HIP,19596,724,12,0.070889413356781,0.0739178657531738
HIP,23741,725,14,0.0074463835917413,0.0178042575716972
HIP,39658,726,15,0.0021058286074548,0.0052605369128286
HIP,42158,727,16,0.0142107671126723,0.0305683780461549
HIP,1932,728,15,0.0026164466980844,0.0071783950552344
HIP,22080,729,14,0.0040820548310875,0.0122528448700904
HIP,26648,730,14,0.0018673822050914,0.0082640321925282
HIP,11568,731,12,0.0278044082224369,0.0557328164577484
HIP,6076,732,11,0.0049440236762166,0.0222561061382293
HIP,8482,733,16,0.0013225339353084,0.0078835375607013
HIP,16355,734,11,0.0082506043836474,0.0367097444832325
HIP,22370,735,13,0.0120959281921386,0.0238471031188964
HIP,4803,736,16,0.0013095102040097,0.0155128212645649
HIP,42271,737,12,0.0062173590995371,0.0216654632240533
HIP,25092,738,15,0.0034731226041913,0.0477576963603496
HIP,22628,739,15,0.0023432176094502,0.0072987736202776
HIP,40626,740,12,0.001882531796582,0.0056879832409322
HIP,35261,741,12,0.0033685078378766,0.0126184681430459
HIP,3563,742,11,0.0138326054438948,0.0463756397366523
HIP,8807,743,16,0.0025182229001075,0.0070693013258278
HIP,20570,744,12,0.0122120575979352,0.035649724304676
HIP,33756,745,15,0.007440666668117,0.014564024284482
HIP,4102,746,10,0.0066764773800969,0.0332106947898864
HIP,41372,747,11,0.0027921225409954,0.0164201520383358
HIP,17772,748,13,0.0009564043139107,0.0082390746101737
HIP,17233,749,13,0.0077582928352057,0.0221914108842611
HIP,19933,750,13,0.0008683953783474,0.0068116942420601
HIP,43636,751,11,0.0006585583905689,0.0061632171273231
HIP,48105,752,16,0.0077235335484147,0.0153793627396225
HIP,40865,753,11,0.0044551403261721,0.0147649487480521
HIP,23421,754,13,0.0222035925835371,0.036470141261816
HIP,22721,755,17,0.0152084864675998,0.0309180617332458
HIP,20413,756,14,0.0053764800541102,0.01398216933012
HIP,30441,757,13,0.0069194245152175,0.0159759186208248
HIP,29256,758,13,0.0021521658636629,0.0077253095805644
HIP,49845,759,14,0.0062288329936563,0.0112825315445661
HIP,13639,760,15,0.0011368840932846,0.0050577321089804
HIP,10334,761,11,0.0007435736479237,0.0043355417437851
HIP,14528,762,11,0.0142788281664252,0.0327906385064125
HIP,25371,763,16,0.0024124635383486,0.0056357947178184
HIP,24584,764,16,0.0032527712173759,0.0076339743100106
HIP,27857,765,13,0.006456519011408,0.0170969814062118
HIP,44426,766,11,0.0503966957330703,0.1268676519393921
HIP,46038,767,13,0.0078804111108183,0.0149986604228615
HIP,15355,768,16,0.0016014331486076,0.0088817896321415
HIP,26780,769,11,0.0290137156844139,0.0615654923021793
HIP,25294,770,15,0.0032461497467011,0.0098875882104039
HIP,19126,771,13,0.0096263205632567,0.0162980854511261
HIP,38292,772,17,0.0203748550266027,0.045620247721672
HIP,34875,773,18,0.0026764278300106,0.0199819933623075
HIP,32407,774,16,0.0040460098534822,0.0140456343069672
HIP,38178,775,17,0.0058162058703601,0.0132846878841519
HIP,38124,776,13,0.0048433849588036,0.0105813946574926
HIP,9210,777,15,0.0156313981860876,0.0519351176917552
HIP,11419,778,15,0.0025861354079097,0.0080885933712124
HIP,16510,779,16,0.0019822507165372,0.0196033492684364
HIP,49628,780,18,0.0010674942750483,0.0027040764689445
HIP,49567,781,13,0.0035387224052101,0.0099070183932781
HIP,35483,782,14,0.0100635141134262,0.0231161545962095
HIP,5731,783,14,0.0034840768203139,0.0087461080402135
HIP,41285,784,14,0.003966508898884,0.0103235635906457
HIP,47699,785,16,0.0027672504074871,0.0062932367436587
HIP,5320,786,16,0.0108243618160486,0.0165584031492471
HIP,29127,787,13,0.0029801595956087,0.0117464615032076
HIP,3291,788,17,0.0169737935066223,0.0504054054617881
HIP,46141,789,16,0.0020492866169661,0.0056597748771309
HIP,10365,790,11,0.0375525616109371,0.1348084956407547
HIP,44626,791,10,0.0020813306327909,0.0075667244382202
HIP,25164,792,18,0.0047263475134968,0.0138016818091273
HIP,22326,793,14,0.0019731149077415,0.0058034704998135
HIP,25456,794,16,0.0007538021309301,0.0028586876578629
HIP,3180,795,15,0.0024794470518827,0.0081022726371884
HIP,24488,796,13,0.0048292339779436,0.0115470569580793
HIP,50364,797,8,0.0569932386279106,0.1396383941173553
HIP,9052,798,10,0.0075089917518198,0.0224922765046358
HIP,47256,799,19,0.0013336569536477,0.0072885206900537
HIP,25040,800,12,0.0036004898138344,0.0132307363674044
HIP,40040,801,12,0.0249399151653051,0.0649933889508247
HIP,32572,802,15,0.0023045220877975,0.0255091227591037
HIP,39567,803,13,0.001460810075514,0.0045919055119156
HIP,8593,804,17,0.0027529189828783,0.0088913710787892
HIP,2653,805,19,0.0030474893283098,0.0109982471913099
HIP,12953,806,12,0.0157142002135515,0.0925452560186386
HIP,10368,807,17,0.0034890116658061,0.0068353391252458
HIP,14397,808,14,0.0010303315939381,0.0040139537304639
HIP,39953,809,13,0.0073486873880028,0.0182460695505142
HIP,30164,810,11,0.0036247216630727,0.0093427589163184
HIP,49431,811,16,0.0102702407166361,0.0161444805562496
HIP,40188,812,12,0.0013323145685717,0.0037634796462953
HIP,26095,813,13,0.0022880118340253,0.0078376680612564
HIP,20253,814,14,0.0136728314682841,0.032007947564125
HIP,18785,815,19,0.0055027431808412,0.0168777145445346
HIP,10392,816,16,0.0031064893119037,0.0070889615453779
HIP,39248,817,14,0.0026315883733332,0.0168668832629919
HIP,20347,818,14,0.0009980789618566,0.0041244970634579
HIP,45253,819,13,0.0249285083264112,0.0505646392703056
HIP,34466,820,13,0.0010229983599856,0.0047158719971776
HIP,39878,821,11,0.0054046334698796,0.0159668531268835
HIP,784,822,17,0.0038027078844606,0.0115462262183427
HIP,35140,823,8,0.0048133069649338,0.0212615504860878
HIP,44987,824,16,0.0058417059481143,0.0151299061253666
HIP,25316,825,10,0.0091819521039724,0.0228030607104301
HIP,11484,826,15,0.0039326250553131,0.0112725021317601
HIP,10196,827,12,0.0034607995767146,0.0103261591866612
HIP,2890,828,14,0.0045169834047555,0.0110012907534837
HIP,47387,829,17,0.0029711807146668,0.0080277705565094
HIP,20558,830,15,0.0007772293756715,0.0025776969268918
HIP,14764,831,16,0.0012112751137465,0.0099136866629123
HIP,29330,832,12,0.0025693189818412,0.0076716719195246
HIP,45801,833,10,0.0092827519401907,0.0290482379496097
HIP,22054,834,12,0.0062915757298469,0.0169788990169763
HIP,9348,835,12,0.0012120321625843,0.0067857359535992
HIP,33558,836,13,0.0057157110422849,0.0192698407918214
HIP,32295,837,12,0.0319858603179454,0.0368797034025192
HIP,37089,838,12,0.0016551361186429,0.0089752189815044
HIP,19106,839,17,0.0272542685270309,0.0366439744830131
HIP,34982,840,14,0.0135740600526332,0.0216252524405717
HIP,526,841,12,0.0065380567684769,0.0320073179900646
HIP,49314,842,13,0.0170822236686944,0.0298202205449342
HIP,17855,843,11,0.0050907637923955,0.0121197290718555
HIP,28056,844,16,0.0177724119275808,0.033780001103878
HIP,40880,845,14,0.0016481961356475,0.0068554058670997
HIP,4807,846,14,0.0112089216709136,0.0669907927513122
HIP,712,847,12,0.0035072655882686,0.0110545884817838
HIP,33590,848,6,0.0421297848224639,0.1098990589380264
HIP,20748,849,16,0.0028120761271566,0.0076613002456724
HIP,42710,850,13,0.0037631199229508,0.0121761206537485
HIP,49237,851,18,0.0019231336191296,0.0038322019390761
HIP,72,852,14,0.0124733736738562,0.0442650280892849
HIP,14337,853,14,0.001575511181727,0.0085689974948763
HIP,23972,854,14,0.0016623232513666,0.0057173552922904
HIP,7195,855,15,0.0260472111403942,0.0387639552354812
HIP,31146,856,17,0.0014625744661316,0.0042684143409132
HIP,12401,857,12,0.024926895275712,0.0487370677292346
HIP,40663,858,14,0.0278031062334775,0.0470403917133808
HIP,27754,859,14,0.0303580649197101,0.0589157417416572
HIP,42023,860,11,0.0493614189326763,0.0778132081031799
HIP,22294,861,15,0.0076920869760215,0.0226915292441844
HIP,41951,862,16,0.0114336675032973,0.0272871851921081
HIP,49835,863,9,0.0048415455967187,0.0273656118661165
HIP,39711,864,12,0.0156774558126926,0.0377632267773151
HIP,37991,865,18,0.0020425003021955,0.0045912601053714
HIP,10634,866,14,0.0020542365964502,0.0065653696656227
HIP,5662,867,10,0.0043316297233104,0.015003147535026
HIP,10314,868,13,0.0016491902060806,0.0071051241829991
HIP,15285,869,12,0.0099155707284808,0.0223094690591096
HIP,6714,870,13,0.0013125026598572,0.0033266744576394
HIP,25793,871,16,0.0021506033372133,0.0859702676534652
HIP,40685,872,14,0.007999156601727,0.0143408700823783
HIP,45152,873,11,0.0055449865758419,0.0206523444503545
HIP,32109,874,18,0.0306002218276262,0.0520229041576385
HIP,45393,875,18,0.0161645021289587,0.0246866848319768
HIP,30693,876,17,0.004540036432445,0.0148803107440471
HIP,29623,877,16,0.0082380948588252,0.0177882742136716
HIP,28946,878,14,0.0103570129722356,0.02255723439157
HIP,14386,879,11,0.024042310193181,0.0473457612097263
HIP,38596,880,12,0.0112374909222126,0.0348454937338829
HIP,49574,881,14,0.0249136015772819,0.031928714364767
HIP,8612,882,12,0.006809702143073,0.0218407716602087
HIP,37542,883,11,0.1973480582237243,0.3471103012561798
HIP,18699,884,12,0.0128381298854947,0.0201177727431058
HIP,44932,885,12,0.0056708962656557,0.0144096687436103
HIP,35046,886,13,0.0066016097553074,0.0185715854167938
HIP,22697,887,11,0.035604853183031,0.0850905254483223
HIP,23179,888,14,0.0083207273855805,0.0269457828253507
HIP,21746,889,19,0.0061958068981766,0.0138434777036309
HIP,48884,890,14,0.004710900131613,0.0103668877854943
HIP,33670,891,17,0.001883448800072,0.0146143296733498
HIP,12564,892,10,0.0061580017209053,0.0223392471671104
HIP,37365,893,16,0.0104516325518488,0.0648033395409584
HIP,24503,894,16,0.0046391314826905,0.013484152033925
HIP,12616,895,14,0.0296124704182147,0.0445470064878463
HIP,5901,896,14,0.0030612989794462,0.009845876134932
HIP,43484,897,16,0.0007128596189431,0.0034149545244872
HIP,21480,898,11,0.0034788860939443,0.0097506335005164
HIP,22953,899,15,0.0077253957279026,0.016324745491147
HIP,401,900,10,0.0188734140247106,0.078139342367649
HIP,48017,901,13,0.0271867495030164,0.0571134276688098
HIP,14167,902,8,0.0096706878393888,0.0386248379945755
HIP,42764,903,11,0.0070400345139205,0.0193345975130796
HIP,9618,904,13,0.0029094046913087,0.0121915312483906
HIP,17845,905,13,0.0007541681407019,0.0044250697828829
HIP,46325,906,12,0.0025686228182166,0.0131077384576201
HIP,14185,907,5,0.0013892437564209,0.0076246657408773
HIP,2546,908,10,0.0173932053148746,0.0458662919700145
HIP,36241,909,14,0.0071326778270304,0.0168720707297325
HIP,6168,910,16,0.0025655799545347,0.0102479960769414
HIP,19503,911,15,0.0050217560492455,0.0121946474537253
HIP,30812,912,13,0.0105324983596801,0.0334201604127883
HIP,35552,913,17,0.0031412718817591,0.0101921577006578
HIP,5033,914,17,0.0053363945335149,0.0130166448652744
HIP,613,915,12,0.0023113146889954,0.0098155178129673
HIP,20341,916,18,0.0013835795689374,0.0047603622078895
HIP,12598,917,16,0.0012935082195326,0.0038521799724549
HIP,26339,918,10,0.1745364367961883,1.0463025569915771
HIP,27726,919,16,0.0109859853982925,0.0193223394453525
HIP,40668,920,9,0.0033824902493506,0.0114480648189783
HIP,9105,921,17,0.0037403206806629,0.0169981513172388
HIP,44456,922,10,0.0064133903943002,0.021039268001914
HIP,23845,923,11,0.0176655799150466,0.0442440696060657
HIP,24220,924,14,0.0064326236024498,0.0131301814690232
HIP,39170,925,11,0.0274316854774951,0.0586903542280197
HIP,16524,926,13,0.0015825277660042,0.0062428945675492
HIP,29555,927,16,0.0023582973517477,0.0074010374955832
HIP,4849,928,10,0.0025048432871699,0.0076607107184827
HIP,22322,929,15,0.0186307188123464,0.0331038795411586
HIP,31840,930,15,0.0076778605580329,0.018801337108016
HIP,47004,931,17,0.0046774600632488,0.0105814468115568
HIP,38492,932,16,0.0047430037520825,0.0132262604311108
HIP,1282,933,14,0.0022130636498332,0.0082891667261719
HIP,32929,934,11,0.0045852335169911,0.0116469943895936
HIP,20998,935,16,0.0044909291900694,0.0107045006006956
HIP,8005,936,16,0.0015205468516796,0.0050852773711085
HIP,41203,937,13,0.0068575586192309,0.0107596162706613
HIP,2447,938,12,0.0215467847883701,0.033091627061367
HIP,41901,939,13,0.0061164163053035,0.0254189223051071
HIP,4407,940,17,0.0004460799682419,0.0111194672062993
HIP,16221,941,13,0.00771519029513,0.0198249481618404
HIP,29347,942,11,0.0085792746394872,0.0226378105580806
HIP,12056,943,14,0.001144841662608,0.0036460559349507
HIP,42772,944,13,0.0008531811763532,0.0339274741709232
HIP,33589,945,15,0.0069086025469005,0.0137216690927743
HIP,5404,946,15,0.0058494349941611,0.0104936873540282
HIP,40595,947,16,0.0428208820521831,0.0561664290726184
HIP,33937,948,11,0.0094371913000941,0.0230643730610609
HIP,21066,949,15,0.0212341286242008,0.0459411479532718
HIP,12712,950,17,0.0036445560399442,0.0188947431743145
HIP,38754,951,9,0.0103142075240612,0.0370241217315197
HIP,40796,952,17,0.0033206029329448,0.0093946857377886
HIP,9347,953,14,0.0075960643589496,0.0316253863275051
HIP,31772,954,15,0.0059296498075127,0.0147446850314736
HIP,14321,955,14,0.0017190717626363,0.0055037592537701
HIP,19951,956,16,0.0053575290367007,0.0099670458585023
HIP,23699,957,12,0.0234254915267229,0.0523983240127563
HIP,23207,958,10,0.0142881423234939,0.0345324091613292
HIP,36447,959,15,0.0049877115525305,0.0112000135704875
HIP,33568,960,10,0.0009656243491917,0.0068911574780941
HIP,23016,961,13,0.0013244721340015,0.0061084316112101
HIP,37621,962,13,0.0026247196365147,0.0465345121920108
HIP,10316,963,13,0.00066510977922,0.005289941560477
HIP,36530,964,17,0.002692618407309,0.0065945168025791
HIP,39641,965,19,0.0163621343672275,0.0281602256000041
HIP,35030,966,15,0.0062621464021503,0.0133712785318493
HIP,2891,967,11,0.0014673247933387,0.0055634076707065
HIP,1145,968,14,0.0175582934170961,0.037298746407032
HIP,20868,969,8,0.0267158336937427,0.069715104997158
HIP,23249,970,15,0.0031929381657391,0.0094925379380583
HIP,35996,971,11,0.0010774142574518,0.003106202930212
HIP,42548,972,12,0.0063585885800421,0.0202373936772346
HIP,6606,973,15,0.0118733868002891,0.0255248378962278
HIP,24275,974,12,0.0112395826727151,0.0315537117421627
HIP,323,975,14,0.0083140516653656,0.0223657079041004
HIP,42107,976,14,0.0075610871426761,0.0163314845412969
HIP,37251,977,15,0.0248758159577846,0.0398998521268367
HIP,29661,978,19,0.0005356937181204,0.022981034591794
HIP,46492,979,15,0.0227196775376796,0.0395614020526409
HIP,19431,980,15,0.0128179490566253,0.0199713204056024
HIP,24511,981,16,0.007480158470571,0.0131779378280043
HIP,21633,982,19,0.0033149907831102,0.0073646497912704
HIP,18902,983,13,0.0068046976812183,0.0154555160552263
HIP,39115,984,8,0.0017534440848976,0.0131924329325556
HIP,31498,985,14,0.0018113775877282,0.0083456393331289
HIP,26331,986,12,0.0011028187582269,0.0048701255582273
HIP,11923,987,15,0.0218529123812913,0.0432120598852634
HIP,22709,988,15,0.0115596326068043,0.0283892396837472
HIP,1101,989,12,0.0048469761386513,0.0183297581970691
HIP,31657,990,16,0.0009452913654968,0.0048912488855421
HIP,48944,991,10,0.0058123660273849,0.0171398073434829
HIP,26945,992,11,0.0305032599717378,0.1175954937934875
HIP,9596,993,14,0.0028346283361315,0.0116524882614612
HIP,396,994,17,0.0023079165257513,0.0309188701212406
HIP,9464,995,13,0.0084818359464406,0.0245691239833831
HIP,5988,996,12,0.0067570069804787,0.0161076579242944
HIP,4022,997,16,0.0041325455531477,0.0128445988520979
HIP,30213,998,16,0.0017045687418431,0.0064277173951268
HIP,8987,999,13,0.0007376937428489,0.0044486802071332
HIP,17553,1000,16,0.0053703412413597,0.0204677712172269
HIP,34055,1001,13,0.0176619198173284,0.0558857545256614
HIP,16338,1002,16,0.0012867650948464,0.0048418417572975
HIP,9287,1003,13,0.0125986048951745,0.0336850918829441
HIP,29660,1004,15,0.0471691265702247,0.0767570734024047
HIP,25613,1005,15,0.0103516532108187,0.0217417161911726
HIP,35223,1006,12,0.0175626203417778,0.0685053393244743
HIP,46828,1007,15,0.0027384092099964,0.0122536569833755
HIP,26823,1008,18,0.000560984306503,0.0024335761554539
HIP,8312,1009,14,0.0053701205179095,0.0109411533921957
HIP,11960,1010,16,0.0236464198678731,0.035272791981697
HIP,43577,1011,19,0.0024203395005315,0.0090322457253932
HIP,43337,1012,15,0.0167918466031551,0.0286250635981559
HIP,38950,1013,21,0.0127964597195386,0.0867749601602554
HIP,23890,1014,13,0.0104344002902507,0.0246838815510272
HIP,17056,1015,15,0.0067061353474855,0.0137413423508405
HIP,41881,1016,15,0.0848820134997367,0.0929291471838951
HIP,15088,1017,14,0.0097364503890275,0.0191425401717424
HIP,27329,1018,10,0.0133077949285507,0.0378435030579566
HIP,42255,1019,14,0.0082895951345562,0.0167109426110982
HIP,5738,1020,9,0.0044619706459343,0.0120495641604065
HIP,777,1021,19,0.0022804711479693,0.0050948318094015
HIP,8973,1022,15,0.0048872181214392,0.0121433967724442
HIP,29567,1023,13,0.0336564630270004,0.049864649772644
HIP,13151,1024,10,0.0292965378612279,0.0746573731303215
HIP,13056,1025,11,0.0035444870591163,0.012723789550364
HIP,6319,1026,11,0.0041059427894651,0.0083600617945194
HIP,5490,1027,8,0.018019750714302,0.0424271896481514
HIP,30976,1028,15,0.0050248904153704,0.0140700051560997
HIP,37828,1029,11,0.0016014343127608,0.0120716132223606
HIP,19110,1030,12,0.0004545618430711,0.0043916753493249
HIP,9151,1031,13,0.0259971506893634,0.0955072417855262
HIP,1336,1032,14,0.0035542449913918,0.0292634349316358
HIP,49478,1033,17,0.0072678960859775,0.0140668526291847
HIP,30356,1034,11,0.0013659811811521,0.0066033387556672
HIP,36223,1035,9,0.0041582277044653,0.0214707721024751
HIP,15259,1036,14,0.0017799165798351,0.0072023682296276
HIP,115,1037,14,0.0103182215243577,0.0240868851542472
HIP,3044,1038,15,0.0029708403162658,0.0724636539816856
HIP,17745,1039,14,0.0020612929947674,0.0052626226097345
HIP,15284,1040,16,0.0108787193894386,0.0276133511215448
HIP,49812,1041,10,0.0037222816608846,0.0133621869608759
HIP,18736,1042,16,0.0088579980656504,0.0920953229069709
HIP,22375,1043,21,0.0006848140037618,0.0026742534246295
HIP,31457,1044,19,0.002414877526462,0.0133226606994867
HIP,8167,1045,16,0.0214274935424327,0.039832055568695
HIP,45548,1046,16,0.0080968663096427,0.0147187924012541
HIP,1184,1047,11,0.0049500134773552,0.0146315498277544
HIP,45852,1048,11,0.0008685317006893,0.04850360378623
HIP,5255,1049,16,0.0038325048517435,0.015301757492125
HIP,50599,1050,14,0.0056116702035069,0.0112283797934651
HIP,855,1051,15,0.0097032636404037,0.0242138560861349
HIP,29694,1052,13,0.0029183367732912,0.0085732256993651
HIP,4661,1053,12,0.0031912082340568,0.0087515395134687
HIP,28126,1054,14,0.0055529144592583,0.0157438796013593
HIP,20484,1055,14,0.0049210838042199,0.011392100714147
HIP,12939,1056,17,0.0117704151198267,0.0263493582606315
HIP,50251,1057,11,0.0015073509421199,0.0068705254234373
HIP,19339,1058,14,0.0016522268997505,0.014234472066164
HIP,21684,1059,11,0.0031115510500967,0.0095477933064103
HIP,32388,1060,10,0.0147303286939859,0.0379309356212616
HIP,4509,1061,10,0.0075255157425999,0.0199109110981225
HIP,8498,1062,17,0.0016693044453859,0.0046163015067577
HIP,12479,1063,11,0.0748277157545089,0.1107071787118911
HIP,41021,1064,8,0.025411507114768,0.0679031759500503
HIP,30239,1065,12,0.0067101106978952,0.015514338389039
HIP,1206,1066,13,0.0213991124182939,0.0416624508798122
HIP,8216,1067,16,0.0017264606431126,0.0049439603462815
HIP,39696,1068,12,0.0014334362931549,0.0063799177296459
HIP,13712,1069,13,0.001235079136677,0.0033483381848782
HIP,13160,1070,11,0.0194983500987291,0.0471506863832473
HIP,19739,1071,12,0.0105306636542081,0.0215899068862199
HIP,25329,1072,14,0.0143413972109556,0.0255680065602064
HIP,23609,1073,15,0.0039471169002354,0.0103979213163256
HIP,12440,1074,11,0.0012565364595502,0.0049938117153942
HIP,8506,1075,10,0.0039744689129292,0.0167712643742561
HIP,43801,1076,14,0.0026160180568695,0.0085867960005998
HIP,36996,1077,14,0.0061874892562627,0.0149990702047944
HIP,44711,1078,12,0.0132727669551968,0.0333246178925037
HIP,37603,1079,16,0.0008966766181401,0.0038806705269962
HIP,1526,1080,11,0.0068512316793203,0.0466322377324104
HIP,34664,1081,15,0.0031156453769654,0.0454450733959674
HIP,3240,1082,15,0.0027040387503802,0.0073519288562238
HIP,11808,1083,15,0.0073811719194054,0.0151149472221732
HIP,50617,1084,13,0.0061400863341987,0.0195067208260297
HIP,48632,1085,12,0.0190715566277503,0.0331510305404663
HIP,14468,1086,16,0.0039602923206985,0.0080434717237949
HIP,15939,1087,12,0.0021115872077643,0.0069683445617556
HIP,10803,1088,14,0.0014447610592469,0.0100577436387538
HIP,11634,1089,14,0.0048608519136905,0.0143681457266211
HIP,4097,1090,17,0.0076495972461998,0.0196374151855707
HIP,19312,1091,16,0.0022472394630312,0.005473795812577
HIP,8387,1092,12,0.0079435370862483,0.0212962608784437
HIP,10654,1093,15,0.0035785473883152,0.0110838841646909
HIP,30265,1094,14,0.0068513974547386,0.0196008384227752
HIP,49045,1095,15,0.0016102232038974,0.0048273769207298
HIP,25481,1096,14,0.0020186519250273,0.0067947600036859
HIP,12304,1097,13,0.0151890302076935,0.1474156826734542
HIP,20047,1098,14,0.0067202355712652,0.0201349146664142
HIP,18345,1099,10,0.0216420851647853,0.0758018270134925
HIP,836,1100,15,0.0226022358983755,0.0500570945441722
HIP,23788,1101,18,0.0110162338241934,0.0204754807054996
HIP,26659,1102,12,0.001633821055293,0.006513609085232
HIP,8547,1103,14,0.0125203784555196,0.0470095761120319
HIP,13477,1104,14,0.0039205392822623,0.0094384606927633
HIP,32188,1105,15,0.0017744661308825,0.0059181591495871
HIP,2106,1106,14,0.0042896168306469,0.0090851485729217
HIP,19278,1107,10,0.0033677639439702,0.0158520378172397
HIP,35257,1108,13,0.0067780669778585,0.0188828445971012
HIP,3282,1109,10,0.0146877607330679,0.028487155213952
HIP,15334,1110,9,0.0221534874290227,0.0567087121307849
HIP,45523,1111,8,0.0078016137704253,0.019315019249916
HIP,43699,1112,13,0.0069178268313407,0.0133142182603478
HIP,35073,1113,15,0.0015577716985717,0.0290424041450023
HIP,42718,1114,14,0.0038353316485881,0.0062744827009737
HIP,31249,1115,16,0.004665738902986,0.008463829755783
HIP,30762,1116,14,0.0032295805867761,0.0115866996347904
HIP,27389,1117,8,0.0223972871899604,0.0445282943546772
HIP,40452,1118,15,0.0038759496528655,0.0109933568164706
HIP,23828,1119,16,0.0005876873619854,0.0022083381190896
HIP,35613,1120,13,0.0076188286766409,0.0212426930665969
HIP,3669,1121,13,0.0093774395063519,0.0251222383230924
HIP,39030,1122,11,0.0299119912087917,0.0656911954283714
HIP,21570,1123,10,0.0017252167453989,0.0090403379872441
HIP,10537,1124,11,0.0008533297805115,0.0045284931547939
HIP,12094,1125,12,0.0095397820696234,0.028823010623455
HIP,24177,1126,12,0.0151685113087296,0.0554291829466819
HIP,26556,1127,13,0.0019539566710591,0.0058161807246506
HIP,14721,1128,12,0.0014450836461037,0.0093908868730068
HIP,40459,1129,15,0.0058256112970411,0.0150402700528502
HIP,4273,1130,15,0.0024877970572561,0.0054237130098044
HIP,3537,1131,11,0.0006856787367723,0.0034856076817959
HIP,36233,1132,15,0.0024711855221539,0.0171266719698905
HIP,19242,1133,11,0.0009704320691525,0.0048439875245094
HIP,3060,1134,14,0.0009336391813121,0.0055739413946866
HIP,39971,1135,15,0.0019845736678689,0.0059434073045849
HIP,44790,1136,11,0.0097900498658418,0.022130861878395
HIP,42478,1137,15,0.0007835834403522,0.0059486562386155
HIP,43735,1138,14,0.0037507652305066,0.0116627654060721
HIP,19811,1139,15,0.0055653965100646,0.0169956739991903
HIP,241,1140,12,0.0094905765727162,0.0223810039460659
HIP,19049,1141,14,0.0086051318794488,0.0237403195351362
HIP,45161,1142,14,0.0018964578630402,0.0101184817031025
HIP,20530,1143,13,0.0045777377672493,0.0158403329551219
HIP,19843,1144,15,0.0018260945798829,0.0098500624299049
HIP,27703,1145,16,0.0093009015545248,0.0185369215905666
HIP,29006,1146,14,0.001429897849448,0.0058460226282477
HIP,16833,1147,13,0.0194115955382585,0.0436786003410816
HIP,31886,1148,14,0.0113618448376655,0.0192376337945461
HIP,39827,1149,14,0.0025269261095672,0.0081769842654466
HIP,23044,1150,16,0.0043573109433054,0.0084949331358075
HIP,4976,1151,14,0.0108620701357722,0.0369438380002975
HIP,41919,1152,16,0.0032840282656252,0.0076023945584893
HIP,48568,1153,13,0.0248740687966346,0.0414209179580211
HIP,42287,1154,15,0.0060623516328632,0.0124510284513235
HIP,43000,1155,16,0.0005252907867543,0.003729720134288
HIP,46069,1156,11,0.0228238031268119,0.0407393500208854
HIP,31262,1157,12,0.0011716615408658,0.0028121387585997
HIP,11807,1158,12,0.0058839344419538,0.0156575441360473
HIP,35897,1159,8,0.004550292622298,0.0156522504985332
HIP,16279,1160,19,0.0290140528231859,0.0428102537989616
HIP,30361,1161,14,0.0076738386414945,0.0166534464806318
HIP,1050,1162,14,0.0081496210768818,0.0223318561911582
HIP,11675,1163,16,0.0007869947585277,0.0038552784826606
HIP,7936,1164,10,0.002318711252883,0.0104400971904397
HIP,21617,1165,15,0.005708023905754,0.0110818482935428
HIP,30470,1166,12,0.0050962856039404,0.0155642442405223
HIP,1247,1167,14,0.0017091511981561,0.0059470767155289
HIP,30326,1168,18,0.0016463991487398,0.0098740933462977
HIP,16708,1169,14,0.0020434018224477,0.0096446359530091
HIP,37491,1170,12,0.0041014002636075,0.0175866279751062
HIP,11288,1171,12,0.0029832241125404,0.0097591085359454
HIP,33038,1172,7,0.0026136545930057,0.0118080368265509
HIP,14011,1173,14,0.0195128433406353,0.0342837907373905
HIP,12894,1174,14,0.00516555365175,0.0167237147688865
HIP,17430,1175,14,0.0045701549388468,0.0093001518398523
HIP,29774,1176,8,0.0118157444521784,0.0338253267109394
HIP,41299,1177,19,0.0038127554580569,0.0101231541484594
HIP,5720,1178,13,0.0264126472175121,0.0679693892598152
HIP,25388,1179,15,0.0055894483812153,0.0156766101717948
HIP,43025,1180,17,0.0165822133421897,0.0327525995671749
HIP,43483,1181,16,0.0085038533434271,0.014969989657402
HIP,20903,1182,8,0.0729388445615768,0.1339159458875656
HIP,13473,1183,11,0.0005973933148197,0.0242364555597305
HIP,18383,1184,13,0.0016154027543962,0.0082376878708601
HIP,43695,1185,18,0.0053469710983335,0.0116504887118935
HIP,5647,1186,13,0.0010372387478128,0.0050543355755507
HIP,35150,1187,14,0.0017380029894411,0.0227107536047697
HIP,11102,1188,11,0.0062654302455484,0.0183163899928331
HIP,7349,1189,13,0.0083006285130977,0.0176392216235399
HIP,35536,1190,9,0.0046944189816713,0.017160777002573
HIP,37950,1191,14,0.003576552728191,0.0070010060444474
HIP,34756,1192,17,0.0100348331034183,0.0218518506735563
HIP,6117,1193,19,0.0029128135647624,0.0258789006620645
HIP,26503,1194,12,0.0035189175978302,0.0162365306168794
HIP,20976,1195,20,0.0245356652885675,0.0400853417813777
HIP,31429,1196,14,0.0027321397792547,0.0073917838744819
HIP,11476,1197,11,0.0023190004285424,0.0111313657835125
HIP,31950,1198,15,0.0009617508621886,0.0055759567767381
HIP,4203,1199,14,0.0411717146635055,0.0864959880709648
HIP,24704,1200,13,0.0140517279505729,0.0241922289133071
HIP,28045,1201,12,0.0025289389304816,0.0101528717204928
HIP,16487,1202,17,0.0067262197844684,0.0132775781676173
HIP,11648,1203,15,0.0054047335870563,0.0146566936746239
HIP,18872,1204,12,0.0065513742156326,0.0135774966329336
HIP,44401,1205,18,0.0010776413837447,0.002687327330932
HIP,4040,1206,13,0.0116440020501613,0.027342040091753
HIP,50030,1207,15,0.0030248577240854,0.0131681505590677
HIP,27744,1208,16,0.015090687200427,0.0529741793870925
HIP,11729,1209,16,0.0055420659482479,0.0120739135891199
HIP,24098,1210,18,0.0035356346052139,0.0119844153523445
HIP,28433,1211,15,0.0046426858752965,0.0134342843666672
HIP,18421,1212,11,0.007502316031605,0.0204100832343101
HIP,39441,1213,11,0.0051843193359673,0.0119014885276556
HIP,41861,1214,18,0.0087096691131591,0.0117154335603117
HIP,5057,1215,14,0.0227562747895717,0.0572516731917858
HIP,18857,1216,8,0.0047504678368568,0.01345965731889
HIP,23698,1217,13,0.0090602450072765,0.0180450268089771
HIP,21304,1218,14,0.0030892179347574,0.0121998060494661
HIP,18,1219,14,0.0177734643220901,0.0264291930943727
HIP,24732,1220,16,0.0049799894914031,0.0110660437494516
HIP,47369,1221,19,0.0032233851961791,0.0090583311393857
HIP,46948,1222,15,0.0094048352912068,0.0141675816848874
HIP,38404,1223,10,0.0162308644503355,0.0673561990261077
HIP,15484,1224,8,0.0216857474297285,0.0779014006257057
HIP,46183,1225,12,0.007502022664994,0.0492367818951606
HIP,7006,1226,19,0.0083770267665386,0.0165821965783834
HIP,14432,1227,16,0.00754314661026,0.0233691874891519
HIP,30953,1228,15,0.0029215251561254,0.0094134276732802
HIP,46603,1229,15,0.0076734470203518,0.0188359320163726
HIP,38854,1230,15,0.0021886783652007,0.0055134375579655
HIP,21933,1231,10,0.0019639069214463,0.0147799374535679
HIP,30456,1232,8,0.0200489088892936,0.0471470952033996
HIP,33921,1233,14,0.0012816219823434,0.0057098367251455
HIP,29975,1234,11,0.0056130061857402,0.0199739970266819
HIP,19104,1235,18,0.0010842690244317,0.0031944832298904
HIP,20572,1236,10,0.0108557594940066,0.0338984169065952
HIP,24585,1237,14,0.0028894951101392,0.0104321977123618
HIP,27424,1238,17,0.0020889674779027,0.0063647609204053
HIP,18095,1239,16,0.034122347831726,0.053381573408842
HIP,39476,1240,15,0.0366525612771511,0.053517710417509
HIP,45008,1241,10,0.0080264266580343,0.025215646252036
HIP,14282,1242,11,0.0118436142802238,0.0323411561548709
HIP,29258,1243,13,0.0025014411658048,0.0106852119788527
HIP,48410,1244,14,0.0145233841612935,0.0530627630650997
HIP,16804,1245,13,0.0099940355867147,0.0149579662829637
HIP,28349,1246,16,0.0021100246813148,0.0074896672740578
HIP,4169,1247,8,0.0082420464605093,0.0256393570452928
HIP,15433,1248,19,0.0008578424458391,0.0057353968732059
HIP,38752,1249,15,0.0048153386451303,0.01187324244529
HIP,600,1250,21,0.004655092023313,0.007864536717534
HIP,45951,1251,12,0.0050745871849358,0.0203036982566118
HIP,16395,1252,12,0.0013069715350866,0.0041996305808424
HIP,16568,1253,13,0.0075992126949131,0.0336582250893116
HIP,7078,1254,12,0.0033249366097152,0.0113639095798134
HIP,24381,1255,15,0.0017070843605324,0.0050792321562767
HIP,13345,1256,14,0.0033164652995765,0.0091052521020174
HIP,20591,1257,10,0.0363558232784271,0.1086053699254989
HIP,1158,1258,16,0.0025486710947006,0.0075921202078461
HIP,19059,1259,13,0.0226148664951324,0.0519187189638614
HIP,19026,1260,16,0.0056899930350482,0.0138365076854825
HIP,25698,1261,13,0.0013679331168532,0.0040722014382481
HIP,49150,1262,16,0.0085117984563112,0.0961735099554061
HIP,45772,1263,17,0.0007424064096994,0.0105837024748325
HIP,5633,1264,11,0.0078259836882352,0.0172667521983385
HIP,17357,1265,11,0.0017892759060487,0.007302155252546
HIP,14230,1266,14,0.0009150443365797,0.0035400574561208
HIP,44487,1267,14,0.001987907802686,0.0063923364505171
HIP,37952,1268,9,0.0129132457077503,0.0303574819117784
HIP,41929,1269,11,0.0115949474275112,0.0392818674445152
HIP,35379,1270,20,0.00739027839154,0.021805353462696
HIP,50842,1271,18,0.0104944920167326,0.0226224865764379
HIP,25490,1272,18,0.0192556623369455,0.0264459364116191
HIP,19274,1273,16,0.0019238623790442,0.0045322948135435
HIP,37608,1274,17,0.0015704749384894,0.0040553570725023
HIP,27004,1275,16,0.0012988816015422,0.0040534851141273
HIP,20276,1276,12,0.0460352972149848,0.0821770206093788
HIP,49066,1277,15,0.0078728972002863,0.0156745836138725
HIP,12746,1278,14,0.0045433612540364,0.0110945310443639
HIP,25427,1279,12,0.0036994549445807,0.0088723534718155
HIP,14613,1280,14,0.0154922325164079,0.0449357852339744
HIP,19530,1281,13,0.0025182906538248,0.0075967567972838
HIP,45342,1282,13,0.0007908987463451,0.0050358860753476
HIP,6971,1283,13,0.0224232207983732,0.03771797940135
HIP,26122,1284,14,0.0015032910741865,0.0056028743274509
HIP,39900,1285,12,0.0016836959403008,0.0037262856494635
HIP,36555,1286,17,0.0059669958427548,0.015944480895996
HIP,3480,1287,12,0.0031269874889403,0.0121793188154697
HIP,34007,1288,8,0.0734882056713104,0.1335262805223465
HIP,2930,1289,8,0.0020010448060929,0.019669197499752
HIP,10906,1290,15,0.0074807303026318,0.0136274509131908
HIP,383,1291,13,0.0032483506947755,0.0102882292121648
HIP,11071,1292,7,0.008913199417293,0.0337982363998889
HIP,32511,1293,8,0.0054327505640685,0.0137686561793088
HIP,12337,1294,12,0.0041546798311173,0.0200045984238386
HIP,44428,1295,13,0.0168070755898952,0.0330932885408401
HIP,35902,1296,19,0.0034208393190056,0.0441760532557964
HIP,2248,1297,18,0.0010716053657233,0.0057936618104577
HIP,10670,1298,13,0.0017649653600528,0.0074476981535553
HIP,6926,1299,12,0.0031201313249766,0.0120436521247029
HIP,7050,1300,14,0.0116031346842646,0.0204429160803556
HIP,13733,1301,16,0.0091037116944789,0.0202476605772972
HIP,32178,1302,14,0.0125843165442347,0.0312399491667747
HIP,49742,1303,11,0.0009215886238962,0.0040004691109061
HIP,18117,1304,12,0.0268043149262666,0.0622556470334529
HIP,27742,1305,14,0.0032928870059549,0.0074229845777153
HIP,48055,1306,15,0.001101890578866,0.0060876673087477
HIP,46749,1307,17,0.004545705858618,0.0164060983806848
HIP,30604,1308,15,0.0022751817014068,0.0065538166090846
HIP,39861,1309,13,0.0155150955542922,0.0319852158427238
HIP,9436,1310,14,0.001242825645022,0.010367757640779
HIP,914,1311,12,0.0197793114930391,0.0458612591028213
HIP,25152,1312,14,0.0011697508161887,0.0040066936053335
HIP,47361,1313,19,0.0014838241040706,0.0040355618111789
HIP,25359,1314,19,0.0050370744429528,0.008818257600069
HIP,2056,1315,14,0.0052703777328133,0.0157239157706499
HIP,32413,1316,10,0.0294413734227418,0.0855128765106201
HIP,2091,1317,12,0.0077245035208761,0.0258000399917364
HIP,37515,1318,16,0.0032979222014546,0.0499418564140796
HIP,5870,1319,14,0.0335795506834983,0.0747922211885452
HIP,24951,1320,10,0.0078782625496387,0.0271555595099926
HIP,1143,1321,17,0.0034394564572721,0.0085538038983941
HIP,48778,1322,16,0.002946427790448,0.0070551801472902
HIP,11061,1323,15,0.0040962621569633,0.0115729039534926
HIP,3536,1324,17,0.0152654470875859,0.023112004622817
HIP,29531,1325,19,0.0024332960601896,0.0046178507618606
HIP,49788,1326,13,0.0025610208977013,0.0076817390508949
HIP,26586,1327,12,0.0009076006826944,0.0060944063588976
HIP,26485,1328,15,0.0006952326511964,0.0025997047778218
HIP,27666,1329,13,0.0393640771508216,0.0496557280421257
HIP,20201,1330,15,0.0023835583124309,0.0053781913593411
HIP,30924,1331,13,0.0010637235827744,0.0066167656332254
HIP,43218,1332,16,0.0038616713136434,0.0078217163681983
HIP,21008,1333,11,0.001112776924856,0.0057593891397118
HIP,2663,1334,17,0.0009819719707593,0.0032757448498159
HIP,24991,1335,13,0.0065793800167739,0.0148320347070693
HIP,13630,1336,11,0.0008326122188009,0.0039886846207082
HIP,34462,1337,17,0.0039602699689567,0.0139401946216821
HIP,43869,1338,16,0.0046178237535059,0.0152315236628055
HIP,22621,1339,9,0.0088044265285134,0.0249248873442411
HIP,45626,1340,16,0.0022867531515657,0.009513871744275
HIP,30768,1341,13,0.0048032463528215,0.0115408701822161
HIP,26896,1342,13,0.0073107588104903,0.0240091271698474
HIP,31000,1343,21,0.0012049172073602,0.0089514451101422
HIP,33178,1344,13,0.0092560425400733,0.043514747172594
HIP,18499,1345,17,0.0018350278260186,0.0055937469005584
HIP,7652,1346,5,0.0278942231088876,0.0689643397927284
HIP,47971,1347,10,0.0040306374430656,0.012245500460267
HIP,40227,1348,14,0.001134532270953,0.0177116226404905
HIP,19904,1349,15,0.0116558028385043,0.0314096100628376
HIP,20841,1350,12,0.0007585762068629,0.0046605803072452
HIP,7565,1351,14,0.0046185334213078,0.0169570110738277
HIP,43550,1352,15,0.0217299442738294,0.0383758097887039
HIP,309,1353,15,0.0231638867408037,0.0353640541434288
HIP,36893,1354,13,0.0031133899465203,0.0085082752630114
HIP,39578,1355,11,0.0058560399338603,0.017424015328288
HIP,23815,1356,17,0.004418593365699,0.0173306260257959
HIP,30555,1357,13,0.0044702789746224,0.0095087261870503
HIP,36813,1358,17,0.0157772526144981,0.0253352038562297
HIP,1601,1359,15,0.0141704976558685,0.0270748455077409
HIP,42329,1360,16,0.0072785597294569,0.013191414065659
HIP,37694,1361,14,0.004075314849615,0.0094542568549513
HIP,1343,1362,9,0.0143358744680881,0.0357460565865039
HIP,9187,1363,15,0.0039575202390551,0.0084164319559931
HIP,21123,1364,13,0.011361626908183,0.0225964542478323
HIP,9192,1365,9,0.0103107308968901,0.0406249389052391
HIP,49522,1366,14,0.0095196682959795,0.0228835176676511
HIP,41436,1367,14,0.0021417608950287,0.0068118372000753
HIP,16120,1368,16,0.0081987744197249,0.0217888560146093
HIP,45559,1369,13,0.0014984202571213,0.0053370813839137
HIP,3468,1370,12,0.0008307566167786,0.0037893904373049
HIP,44725,1371,15,0.0015021271537989,0.0093149477615952
HIP,11171,1372,15,0.0074032009579241,0.0180457960814237
HIP,5977,1373,17,0.0031246070284396,0.0089393537491559
HIP,35126,1374,11,0.0131541900336742,0.0398157387971878
HIP,46013,1375,14,0.0136819072067737,0.0255806166678667
HIP,40751,1376,14,0.0049302261322736,0.0110324816778302
HIP,42854,1377,14,0.0032537407241761,0.016305511817336
HIP,20295,1378,14,0.0009631434804759,0.0054773497395217
HIP,20467,1379,14,0.001145621528849,0.0175424199551343
HIP,7393,1380,14,0.0046288701705634,0.0131138218566775
HIP,19637,1381,16,0.0006870910292491,0.0026757062878459
HIP,11780,1382,21,0.0013940727803856,0.03450158983469
HIP,14750,1383,10,0.0109808938577771,0.032380536198616
HIP,23996,1384,15,0.0067873415537178,0.017766460776329
HIP,47266,1385,14,0.0091289645060896,0.0210936572402715
HIP,2900,1386,15,0.0109009286388754,0.028909983113408
HIP,31482,1387,17,0.0146473105996847,0.0240893550217151
HIP,46554,1388,18,0.0080861095339059,0.0248636007308959
HIP,5401,1389,14,0.0026628056075423,0.0051362672820687
HIP,48883,1390,10,0.0026467603165656,0.0130856111645698
HIP,13751,1391,12,0.0009096349822357,0.0039122416637837
HIP,46923,1392,18,0.0168115943670272,0.0293347239494323
HIP,21815,1393,13,0.0134058045223355,0.0385432802140712
HIP,16184,1394,19,0.0011859638616442,0.064863696694374
HIP,22218,1395,14,0.0005944297881796,0.0039477506652474
HIP,34854,1396,21,0.0053041162900626,0.0108528276905417
HIP,40093,1397,13,0.0033852909691631,0.0118014477193355
HIP,35161,1398,17,0.0071476818993687,0.0144276218488812
HIP,6983,1399,12,0.0043514729477465,0.0098766814917325
HIP,27814,1400,13,0.00087224424351,0.0043998323380947
HIP,44399,1401,15,0.0083179846405982,0.0239185504615306
HIP,43344,1402,13,0.0176080949604511,0.0428933016955852
HIP,14165,1403,21,0.0023490972816944,0.0053038038313388
HIP,30733,1404,13,0.010034273378551,0.0309072323143482
HIP,6812,1405,17,0.0058694169856607,0.009830817580223
HIP,20513,1406,14,0.010181039571762,0.0219393577426671
HIP,17002,1407,17,0.0006805823650211,0.0025992109440267
HIP,49658,1408,15,0.0161233618855476,0.0343452990055084
HIP,48188,1409,13,0.0097582768648862,0.0196431502699852
HIP,29897,1410,14,0.0089969607070088,0.027539225295186
HIP,14949,1411,11,0.0012563207419589,0.0053896601311862
HIP,9168,1412,16,0.0016567285638302,0.0042713177390396
HIP,8493,1413,9,0.0073127229698002,0.0217601861804723
HIP,46001,1414,11,0.0032688977662473,0.0096057662740349
HIP,1675,1415,13,0.0268314257264137,0.0867313742637634
HIP,1341,1416,10,0.0063090287148952,0.0212164334952831
HIP,11386,1417,15,0.0091531062498688,0.0170757658779621
HIP,25606,1418,12,0.0032637438271194,0.0100817382335662
HIP,29752,1419,18,0.0006104512722231,0.0081718349829316
HIP,8092,1420,13,0.0047454144805669,0.0153704592958092
HIP,8546,1421,14,0.0869853496551513,0.0913752317428588
HIP,19342,1422,15,0.0203001406043767,0.0349474251270294
HIP,43261,1423,11,0.0010544777614995,0.0049950410611927
HIP,25875,1424,13,0.013482199050486,0.0261155869811773
HIP,43349,1425,16,0.0029573540668934,0.008161929436028
HIP,26206,1426,10,0.0049359761178493,0.0141244130209088
HIP,44868,1427,14,0.0073361545801162,0.015415608882904
HIP,36713,1428,13,0.0091776438057422,0.0188800729811191
HIP,45924,1429,17,0.005411856342107,0.0137885138392448
HIP,42806,1430,13,0.0047532129101455,0.0346931293606758
HIP,3742,1431,13,0.0148494336754083,0.035825241357088
HIP,37053,1432,14,0.001417071558535,0.0091566648334264
HIP,29558,1433,15,0.0007433262071572,0.0487661845982074
HIP,2603,1434,12,0.0063485545106232,0.0240920968353748
HIP,11157,1435,11,0.0053758486174046,0.0214005950838327
HIP,49897,1436,15,0.0019283045548945,0.0086656119674444
HIP,32221,1437,17,0.0053143328987061,0.0122452965006232
HIP,43123,1438,12,0.0018201690400019,0.0070157079026103
HIP,17388,1439,17,0.0039619118906557,0.0080801481381058
HIP,11716,1440,15,0.0019785619806498,0.0079862158745527
HIP,17240,1441,12,0.0093314861878752,0.0246315095573663
HIP,13621,1442,14,0.0041653732769191,0.0122196581214666
HIP,24843,1443,17,0.000496661174111,0.0075221392326056
HIP,19310,1444,12,0.0041281129233539,0.0125137874856591
HIP,31346,1445,14,0.0028051463887095,0.0269383545964956
HIP,31455,1446,19,0.0394922867417335,0.0644991770386695
HIP,17869,1447,15,0.0080059394240379,0.0228442531079053
HIP,14501,1448,15,0.0140098081901669,0.0249898768961429
HIP,45877,1449,19,0.0012308915611356,0.0677984654903411
HIP,37115,1450,15,0.0072610187344253,0.0164426304399967
HIP,29907,1451,19,0.0098471986129879,0.0139898918569087
HIP,8851,1452,14,0.0007332557579502,0.0113744279369711
HIP,26035,1453,11,0.0051780170761048,0.013976807706058
HIP,33694,1454,12,0.0152388233691453,0.0261978171765804
HIP,9590,1455,12,0.0026089234743267,0.0084965638816356
HIP,14997,1456,14,0.0045847282744944,0.0123643381521105
HIP,10424,1457,19,0.0016154124168679,0.0120548047125339
HIP,36831,1458,15,0.0005950868944637,0.0047223805449903
HIP,2332,1459,10,0.0011035731295123,0.0074349851347506
HIP,17880,1460,15,0.0015094833215698,0.0059674237854778
HIP,1351,1461,7,0.0054895025677978,0.0194132644683122
HIP,6688,1462,13,0.0059586223214864,0.014147768728435
HIP,28682,1463,16,0.032397162169218,0.0685341358184814
HIP,23118,1464,14,0.0090341204777359,0.0213834755122661
HIP,5770,1465,12,0.009720042347908,0.0318846702575683
HIP,48867,1466,14,0.0063474420458078,0.0178681872785091
HIP,4511,1467,19,0.003147134091705,0.0420748367905616
HIP,42943,1468,9,0.0036623831838369,0.0197793617844581
HIP,45445,1469,11,0.0147450659424066,0.0337839350104332
HIP,16654,1470,11,0.0293188672512769,0.08279300481081
HIP,46752,1471,14,0.0007629466708749,0.0042465925216674
HIP,29668,1472,12,0.0029040265362709,0.0121497558429837
HIP,9125,1473,21,0.0010253032669425,0.0681510865688324
HIP,24553,1474,16,0.0039721461944282,0.0126702971756458
HIP,15588,1475,9,0.0071004386991262,0.0323097333312034
HIP,16458,1476,13,0.0007627977174706,0.0067447242327034
HIP,32439,1477,15,0.0137606784701347,0.036043856292963
HIP,7489,1478,13,0.0071120974607765,0.0192203260958194
HIP,47740,1479,9,0.0113463988527655,0.0350301600992679
HIP,48206,1480,14,0.0045769670978188,0.0119760818779468
HIP,36958,1481,11,0.0018884616438299,0.0106827234849333
HIP,39219,1482,14,0.0185620673000812,0.0377504453063011
HIP,5380,1483,9,0.0029870846774429,0.0124798081815242
HIP,41970,1484,15,0.0106808291748166,0.0273465327918529
HIP,16988,1485,19,0.0142832593992352,0.0280997455120086
HIP,3406,1486,11,0.001412637066096,0.0045005124993622
HIP,47520,1487,13,0.0013122856616973,0.0053525269031524
HIP,10740,1488,10,0.0271970983594656,0.1463430374860763
HIP,17565,1489,15,0.0016907033277675,0.0066343178041279
HIP,16314,1490,9,0.002806193428114,0.01061035040766
HIP,46349,1491,14,0.0005838282522745,0.003914663568139
HIP,50122,1492,15,0.0045650410465896,0.0083076981827616
HIP,2221,1493,13,0.0151588860899209,0.0306921191513538
HIP,41517,1494,12,0.0402526408433914,0.0750148594379425
HIP,2893,1495,16,0.0113419443368911,0.0235722232609987
HIP,8455,1496,15,0.0506495609879493,0.1059676855802536
HIP,24297,1497,10,0.0138956811279058,0.0386823751032352
HIP,16404,1498,17,0.0004570279852487,0.0077319485135376
HIP,19632,1499,17,0.0096626998856663,0.0132835879921913
HIP,48910,1500,15,0.0006297485087998,0.0034239534288644
HIP,28315,1501,11,0.0176093839108943,0.0383571982383728
HIP,28737,1502,11,0.0014728703536093,0.0058707925491034
HIP,25631,1503,13,0.0004492753650993,0.0027368736919015
HIP,49446,1504,13,0.0096586039289832,0.0209969840943813
HIP,21797,1505,12,0.018894650042057,0.0487330816686153
HIP,10101,1506,15,0.0091111660003662,0.022930059581995
HIP,34518,1507,12,0.0024077156558632,0.049509048461914
HIP,20867,1508,18,0.0038570249453186,0.005969988182187
HIP,232,1509,17,0.0006177321192808,0.0051876744255423
HIP,2298,1510,16,0.0060527175664901,0.0102854622527956
HIP,695,1511,17,0.001914064749144,0.0123372944071888
HIP,5712,1512,15,0.006778746843338,0.0133703676983714
HIP,35746,1513,11,0.005804983433336,0.0168582629412412
HIP,18273,1514,13,0.0013138224603608,0.0083675356581807
HIP,19627,1515,10,0.0192931573837995,0.0917638838291168
HIP,42674,1516,16,0.0152730867266654,0.0423436723649501
HIP,1736,1517,10,0.041472066193819,0.0996344536542892
HIP,30931,1518,12,0.0039339023642241,0.0099356500431895
HIP,47974,1519,14,0.002436148468405,0.0137260062620043
HIP,18081,1520,12,0.0006157877505756,0.0177146028727293
HIP,4015,1521,18,0.0007405786309391,0.0340620875358581
HIP,41218,1522,19,0.0009918822906911,0.0077719306573271
HIP,12138,1523,16,0.004032211843878,0.0092481775209307
HIP,18752,1524,15,0.0006312491605058,0.0026339797768741
HIP,15705,1525,11,0.0273715630173683,0.0712010413408279
HIP,11956,1526,13,0.0012250017607584,0.0076315617188811
HIP,44455,1527,15,0.0108854323625564,0.0482214950025081
HIP,19541,1528,16,0.0021236902102828,0.0051045757718384
HIP,16442,1529,5,0.0016397020081058,0.0219192560762166
HIP,8011,1530,16,0.0034558838233351,0.0087212463840842
HIP,9292,1531,16,0.0035472307354211,0.0066973133943974
HIP,25349,1532,19,0.0368367843329906,0.066088780760765
HIP,30066,1533,16,0.0038482150994241,0.0084688933566212
HIP,24502,1534,11,0.0031560389325022,0.0129396924749016
HIP,5553,1535,14,0.1279091387987136,0.1144581362605094
HIP,50288,1536,12,0.0020288212690502,0.0072963074781
HIP,34570,1537,10,0.0028119306080043,0.0105014340952038
HIP,22163,1538,11,0.0032954425550997,0.01180936768651
HIP,50147,1539,11,0.0019619767554104,0.0083553232252597
HIP,18602,1540,15,0.0067555825226008,0.0176293887197971
HIP,28763,1541,14,0.0036725311074405,0.0104054259136319
HIP,6263,1542,12,0.0037166061811149,0.011664817109704
HIP,31135,1543,15,0.018480846658349,0.0390074923634529
HIP,35383,1544,14,0.0170655231922864,0.0335157737135887
HIP,15377,1545,14,0.0228401087224483,0.0513596385717392
HIP,35097,1546,15,0.0035479115322232,0.012669637799263
HIP,27544,1547,11,0.0012974006822332,0.00784333050251
HIP,1074,1548,11,0.0074420478194952,0.0248783342540264
HIP,45712,1549,19,0.00538184447214,0.0094254519790411
HIP,13758,1550,14,0.0218133460730314,0.046378631144762
HIP,1590,1551,10,0.001201307051815,0.0064980764873325
HIP,21098,1552,13,0.0090460842475295,0.0245611295104026
HIP,15150,1553,14,0.0014238730072975,0.0052038161084055
HIP,35841,1554,12,0.0165919121354818,0.0300520677119493
HIP,31267,1555,19,0.0008078522514551,0.0036839018575847
HIP,8661,1556,18,0.0008624729234725,0.0064017996191978
HIP,21278,1557,15,0.00321014970541,0.0150776803493499
HIP,2292,1558,14,0.0029059555381536,0.0099622327834367
HIP,31350,1559,18,0.0034671437460929,0.0094976546242833
HIP,37534,1560,19,0.0024478528648614,0.0059527168050408
HIP,27315,1561,14,0.0042014429345726,0.011014237999916
HIP,45241,1562,17,0.0169553849846124,0.0259202644228935
HIP,44388,1563,17,0.0030058156698942,0.0062039759941399
HIP,20678,1564,11,0.0060239084996283,0.0255226194858551
HIP,5800,1565,19,0.0006258198409341,0.0036831223405897
HIP,8390,1566,17,0.0117645105347037,0.0187337454408407
HIP,27055,1567,15,0.0036847644951194,0.0070534623228013
HIP,17274,1568,13,0.016570046544075,0.0297589413821697
HIP,3546,1569,14,0.0009222941589541,0.0037825712934136
HIP,5329,1570,17,0.0003531039401423,0.0064604463987052
HIP,37354,1571,7,0.0054806391708552,0.0227279588580131
HIP,21233,1572,13,0.0008697708835825,0.0051492946222424
HIP,13924,1573,12,0.0032006250694394,0.0122350621968507
HIP,3683,1574,10,0.0166733413934707,0.0335066951811313
HIP,29159,1575,11,0.0045105149038136,0.012108695693314
HIP,32698,1576,14,0.0031754544470459,0.0088320430368185
HIP,48158,1577,13,0.0033498627599328,0.0083635821938514
HIP,18457,1578,12,0.0041252640075981,0.0108099477365612
HIP,46938,1579,15,0.0036565198097378,0.0236410070210695
HIP,30407,1580,12,0.0169600453227758,0.0371231101453304
HIP,18625,1581,14,0.0007868735701777,0.005520231090486
HIP,995,1582,17,0.0033501686993986,0.0149627234786748
HIP,14409,1583,13,0.0019089583074674,0.0053542098030447
HIP,16861,1584,11,0.0027988692745566,0.0311880744993686
HIP,23014,1585,12,0.022340914234519,0.0424398221075534
HIP,36534,1586,17,0.0029443874955177,0.0114290146157145
HIP,15912,1587,10,0.0012071983655914,0.0200414359569549
HIP,9002,1588,15,0.0037093765567988,0.0071126017719507
HIP,27294,1589,10,0.0010794181143864,0.0074034882709383
HIP,27819,1590,13,0.0053846430964767,0.0156673230230808
HIP,32986,1591,15,0.0159192029386758,0.0395080298185348
HIP,19571,1592,15,0.0006770420004613,0.0467687994241714
HIP,27473,1593,17,0.0067101395688951,0.0172777362167835
HIP,42359,1594,21,0.0012771658366546,0.0035788416862487
HIP,27407,1595,16,0.021398639306426,0.0344415307044982
HIP,31839,1596,10,0.0145401610061526,0.030633145943284
HIP,24714,1597,13,0.0536903105676174,0.1036873608827591
HIP,19363,1598,13,0.0008991947397589,0.0069148312322795
HIP,48200,1599,16,0.006362275686115,0.0117142694070935
HIP,50739,1600,13,0.0334917940199375,0.07108935713768
HIP,9179,1601,10,0.0123073682188987,0.0458723530173301
HIP,36219,1602,12,0.0072174328379333,0.0117670400068163
HIP,38749,1603,12,0.0027896191459149,0.0091192154213786
HIP,43439,1604,13,0.0262097176164388,0.032242402434349
HIP,43543,1605,13,0.0065521108917891,0.0108085190877318
HIP,49475,1606,16,0.0025190524756908,0.0063588107004761
HIP,4515,1607,15,0.0084543991833925,0.0302949342876672
HIP,44697,1608,10,0.0408749692142009,0.0806429758667945
HIP,2976,1609,9,0.0085859512910246,0.0368914492428302
HIP,16446,1610,10,0.00190812908113,0.0207562409341335
HIP,14002,1611,19,0.0029527421575039,0.0065978411585092
HIP,942,1612,13,0.006889150943607,0.0183884445577859
HIP,45405,1613,16,0.0032047878485172,0.0104023497551679
HIP,14829,1614,11,0.0293906759470701,0.0863734260201454
HIP,26541,1615,15,0.0074749831110239,0.0239331368356943
HIP,7838,1616,14,0.0035509227309376,0.0167664680629968
HIP,2600,1617,18,0.0038423074875026,0.0120888631790876
HIP,938,1618,17,0.0155400345101952,0.0252349600195884
HIP,12120,1619,18,0.0010661778505891,0.0025890872348099
HIP,44056,1620,16,0.0022040628828108,0.0081728780642151
HIP,28232,1621,16,0.0009570233523845,0.0067321988753974
HIP,40297,1622,9,0.0063158264383673,0.0399452447891235
HIP,8688,1623,11,0.0113734100013971,0.0232931766659021
HIP,8597,1624,16,0.0035446777474135,0.011065418832004
HIP,23428,1625,13,0.0119111351668834,0.0274730697274208
HIP,25802,1626,18,0.031027378514409,0.0384048148989677
HIP,4834,1627,15,0.0012651125434786,0.0058270790614187
HIP,43866,1628,10,0.0127717768773436,0.0421480648219585
HIP,30077,1629,14,0.0092799449339509,0.0174215212464332
HIP,33426,1630,17,0.0062319603748619,0.010191973298788
HIP,26400,1631,18,0.0007499264902435,0.013952886685729
HIP,23443,1632,9,0.0163916833698749,0.0555320978164672
HIP,47781,1633,19,0.1326238960027694,0.1062777191400528
HIP,16166,1634,16,0.0013587897410616,0.008673776872456
HIP,43272,1635,14,0.0053248675540089,0.0099714482203125
HIP,36036,1636,17,0.0012236073380336,0.004836656153202
HIP,42841,1637,13,0.0123887602239847,0.0293079372495412
HIP,42888,1638,16,0.0113481236621737,0.0230793226510286
HIP,25656,1639,11,0.0068059703335165,0.0195553712546825
HIP,14619,1640,11,0.001877145958133,0.0074508478865027
HIP,39975,1641,15,0.0341192111372947,0.0706833824515342
HIP,18422,1642,8,0.0045951828360557,0.0246005058288574
HIP,23991,1643,13,0.0043080616742372,0.015524179674685
HIP,10084,1644,14,0.0116541124880313,0.0240875575691461
HIP,15926,1645,10,0.049889825284481,0.1159372627735138
HIP,49898,1646,16,0.0313240885734558,0.0657852366566658
HIP,42640,1647,11,0.0197686199098825,0.0455690361559391
HIP,18648,1648,21,0.0041048410348594,0.017913008108735
HIP,21963,1649,12,0.027234548702836,0.0436959415674209
HIP,30474,1650,12,0.0097555294632911,0.0319467931985855
HIP,15330,1651,16,0.0009374809451401,0.0033313061576336
HIP,29469,1652,19,0.0089061195030808,0.014578559435904
HIP,13192,1653,19,0.0046046185307204,0.0086886910721659
HIP,41641,1654,13,0.0113280527293682,0.0259583946317434
HIP,29777,1655,15,0.0052921865135431,0.0132370693609118
HIP,34921,1656,14,0.0043492205440998,0.0115719037130475
HIP,35649,1657,17,0.0115510318428277,0.0186740774661302
HIP,6154,1658,12,0.0038093472830951,0.0119323758408427
HIP,20666,1659,15,0.0027166651561856,0.0081045422703027
HIP,26246,1660,17,0.0055611073039472,0.0152918817475438
HIP,20203,1661,12,0.0249640140682458,0.0443866997957229
HIP,33749,1662,10,0.0242322757840156,0.0493083037436008
HIP,13267,1663,16,0.0021241644863039,0.0078768925741314
HIP,14790,1664,14,0.0019400329329073,0.0049446057528257
HIP,23772,1665,13,0.0262211132794618,0.0641140639781951
HIP,40097,1666,9,0.001411140197888,0.0103817349299788
HIP,30731,1667,14,0.0006756841321475,0.0094445031136274
HIP,40378,1668,17,0.00472002197057,0.011431005783379
HIP,2160,1669,12,0.0047346912324428,0.0115329753607511
HIP,45293,1670,16,0.0027248687110841,0.0124597530812025
HIP,8640,1671,15,0.0077282809652388,0.0363096967339515
HIP,47907,1672,21,0.0011902118567377,0.0035259954165667
HIP,22519,1673,10,0.0097492020577192,0.0279424209147691
HIP,44430,1674,13,0.0284930933266878,0.0510784313082695
HIP,10310,1675,10,0.0082683293148875,0.0394441373646259
HIP,5386,1676,19,0.0005640278686769,0.0968588814139366
HIP,28079,1677,15,0.0007302796002477,0.0034598221536725
HIP,19619,1678,13,0.023145979270339,0.0474567338824272
HIP,16585,1679,10,0.0150835243985056,0.0392318069934845
HIP,88,1680,13,0.0203682668507099,0.0478529781103134
HIP,10150,1681,9,0.0023581334389746,0.017299797385931
HIP,50182,1682,14,0.0098709519952535,0.0233718454837799
HIP,17523,1683,17,0.00376438931562,0.0059690144844353
HIP,25674,1684,15,0.0106380190700292,0.0184485595673322
HIP,48988,1685,14,0.0034289311151951,0.0093442853540182
HIP,19171,1686,13,0.0055926707573235,0.0163879357278347
HIP,50369,1687,10,0.1468030363321304,1.4474091529846191
HIP,15956,1688,16,0.027037238702178,0.0712572187185287
HIP,7303,1689,10,0.0029850730206817,0.0105204097926616
HIP,47623,1690,14,0.0271317679435014,0.0561491623520851
HIP,33327,1691,11,0.014738411642611,0.0323858745396137
HIP,49271,1692,16,0.0007018389878794,0.003239580662921
HIP,4479,1693,14,0.0026625578757375,0.0068613342009484
HIP,38376,1694,14,0.005306426435709,0.0101826749742031
HIP,30955,1695,15,0.0010526975383982,0.0056632384657859
HIP,3720,1696,17,0.0077065699733793,0.0136958574876189
HIP,38720,1697,11,0.0008818056667223,0.0060363365337252
HIP,45340,1698,16,0.002808368531987,0.0071073430590331
HIP,29220,1699,12,0.0081153577193617,0.0187172014266252
HIP,10848,1700,16,0.0007560078520327,0.0032086458522826
HIP,28486,1701,15,0.0090290764346718,0.0203711688518524
HIP,45014,1702,17,0.0037642072420567,0.0202280469238758
HIP,37664,1703,16,0.0017060490790754,0.005495233926922
HIP,16922,1704,16,0.0007444428629241,0.0032738070003688
HIP,26672,1705,14,0.0011181466979905,0.0079264724627137
HIP,28206,1706,11,0.0021315242629498,0.006985044106841
HIP,12621,1707,14,0.0019324170425534,0.0076483041048049
HIP,12155,1708,9,0.047373816370964,0.0807400196790695
HIP,44842,1709,12,0.0290039647370576,0.0651810765266418
HIP,33730,1710,15,0.0034968904219567,0.0089838569983839
HIP,19095,1711,15,0.0065656281076371,0.0154030891135334
HIP,4600,1712,19,0.0012046078918501,0.0451558642089366
HIP,16697,1713,11,0.0045061348937451,0.0114202257245779
HIP,16967,1714,10,0.0035263018216937,0.0104165431112051
HIP,19940,1715,19,0.0007295702816918,0.0764227956533432
HIP,35259,1716,16,0.0100794360041618,0.0198646690696477
HIP,31285,1717,16,0.000599879771471,0.003068660153076
HIP,38439,1718,17,0.0059782941825687,0.0130292661488056
HIP,8475,1719,15,0.0032760363537818,0.0097220381721854
HIP,14641,1720,12,0.0121901938691735,0.0347648188471794
HIP,15499,1721,13,0.0014475213829427,0.0034558037295937
HIP,10214,1722,12,0.0091312481090426,0.0243602395057678
HIP,34133,1723,12,0.0071620410308241,0.0229424983263015
HIP,39645,1724,13,0.0053033693693578,0.0132640330120921
HIP,43198,1725,17,0.0032665233593434,0.0092279119417071
HIP,6483,1726,13,0.0350913107395172,0.0671755224466323
HIP,4779,1727,11,0.0062711392529308,0.0169753767549991
HIP,703,1728,19,0.0027578859589993,0.0111896283924579
HIP,15676,1729,17,0.0019972848240286,0.0062544732354581
HIP,48585,1730,14,0.0167315285652875,0.0443772375583648
HIP,48851,1731,17,0.0033737821504473,0.0080586215481162
HIP,9026,1732,14,0.020692691206932,0.0361973829567432
HIP,1681,1733,12,0.0112899607047438,0.0362823940813541
HIP,36994,1734,13,0.0157269481569528,0.0298812501132488
HIP,33676,1735,12,0.0010420681210234,0.0068925251252949
HIP,23752,1736,16,0.0040853656828403,0.008112234994769
HIP,32686,1737,16,0.0075456365011632,0.01692477427423
HIP,15188,1738,13,0.0057509089820086,0.0195460636168718
HIP,34003,1739,15,0.004070246592164,0.0141234518960118
HIP,9259,1740,12,0.0057324417866766,0.0177193935960531
HIP,43151,1741,15,0.0058276080526411,0.0117481406778097
HIP,7675,1742,15,0.0095629645511507,0.0198425166308879
HIP,7501,1743,11,0.0031712418422102,0.0101313954219222
HIP,8417,1744,16,0.001818356802687,0.0039434996433556
HIP,40888,1745,15,0.0099839270114898,0.0246192663908004
HIP,2655,1746,14,0.0059805284254252,0.0160035025328397
HIP,49171,1747,14,0.0047885063104331,0.0143375694751739
HIP,42186,1748,18,0.0051827616989612,0.0156689137220382
HIP,33562,1749,13,0.0129242204129695,0.032609574496746
HIP,48009,1750,14,0.0114496434107422,0.021998330950737
HIP,4736,1751,17,0.0035034986212849,0.0087433755397796
HIP,5261,1752,16,0.0020229066722095,0.0059006819501519
HIP,1010,1753,12,0.0005867349100299,0.003846222301945
HIP,20050,1754,16,0.0029082454275339,0.0068207485601305
HIP,49971,1755,19,0.0079113543033599,0.0168601106852293
HIP,39580,1756,10,0.0019600156228989,0.0076277502812445
HIP,6439,1757,10,0.0028307063039392,0.0110216150060296
HIP,16656,1758,13,0.0128718903288245,0.1551337242126464
HIP,21558,1759,13,0.0007853335118852,0.0054344497621059
HIP,31075,1760,18,0.0011841867817565,0.0053893206641077
HIP,1458,1761,10,0.0135942883789539,0.0312371663749218
HIP,32024,1762,12,0.0229388438165187,0.0346205383539199
HIP,43566,1763,17,0.005305761937052,0.0115875909104943
HIP,43968,1764,11,0.0080983424559235,0.0211632307618856
HIP,26909,1765,11,0.0126447677612304,0.0297801569104194
HIP,44151,1766,10,0.037148755043745,0.1192332282662391
HIP,15464,1767,18,0.0072337840683758,0.0213351622223854
HIP,49810,1768,16,0.0165184997022151,0.0287348460406065
HIP,41353,1769,12,0.004885277710855,0.0114598404616117
HIP,14904,1770,16,0.0036570895463228,0.0143382083624601
HIP,17461,1771,17,0.0205731205642223,0.0446544662117958
HIP,41580,1772,11,0.0119157489389181,0.023632837459445
HIP,20175,1773,16,0.0029328565578907,0.0059684109874069
HIP,26730,1774,10,0.0018122129840776,0.014041481539607
HIP,9106,1775,11,0.0037720038089901,0.0149505008012056
HIP,11409,1776,12,0.0052977977320551,0.0140652423724532
HIP,21322,1777,17,0.0006758671952411,0.011608924716711
HIP,48575,1778,16,0.0071350350044667,0.0156934596598148
HIP,32877,1779,8,0.0215423237532377,0.0402725748717784
HIP,43225,1780,14,0.0021393301431089,0.0083996020257473
HIP,41311,1781,13,0.0032192636281251,0.0100920759141445
HIP,4767,1782,17,0.0031972099095582,0.0088570537045598
HIP,22098,1783,13,0.0106284152716398,0.0203808490186929
HIP,39070,1784,14,0.0067404550500214,0.016363663598895
HIP,3785,1785,12,0.019311036914587,0.0339912548661232
HIP,47253,1786,14,0.0036804180126637,0.0082643879577517
HIP,30739,1787,13,0.0013009910471737,0.0234424620866775
HIP,22048,1788,12,0.0040619000792503,0.0120893428102135
HIP,16370,1789,11,0.0037308495957404,0.010101874358952
HIP,30504,1790,15,0.0034770851489156,0.0093940943479537
HIP,39622,1791,10,0.0168559942394495,0.0461222529411315
HIP,44042,1792,11,0.0089549887925386,0.0466490127146244
HIP,49735,1793,17,0.0031855858396738,0.010385176166892
HIP,45583,1794,10,0.0068173478357493,0.0163555778563022
HIP,29969,1795,13,0.0117885833606123,0.0285216178745031
HIP,27994,1796,16,0.0007465420640073,0.0061820158734917
HIP,45025,1797,9,0.01542863342911,0.0326295793056488
HIP,50722,1798,16,0.0085466625168919,0.0171312689781188
HIP,32059,1799,12,0.0080787222832441,0.0187403708696365
HIP,20442,1800,15,0.0104235587641596,0.03427280113101
HIP,15428,1801,16,0.0031195885967463,0.0093702198937535
HIP,32198,1802,16,0.0046169054694473,0.0128821218386292
HIP,35706,1803,14,0.0051628076471388,0.0140595715492963
HIP,395,1804,15,0.0033468776382505,0.0094787301495671
HIP,17768,1805,12,0.005704409442842,0.0167695395648479
HIP,20755,1806,16,0.0014324637595564,0.0043613486923277
HIP,23584,1807,12,0.004884211346507,0.0133369881659746
HIP,38679,1808,14,0.0216668676584959,0.0421347506344318
HIP,27396,1809,14,0.0025905082002282,0.0064052054658532
HIP,787,1810,15,0.0025386791676282,0.0064140078611671
HIP,33887,1811,13,0.0409707762300968,0.0539419688284397
HIP,7842,1812,19,0.0018723433604463,0.0061299847438931
HIP,11496,1813,15,0.0136295715346932,0.0246149897575378
HIP,39909,1814,6,0.0758792832493782,0.2684971392154693
HIP,3451,1815,8,0.0354002565145492,0.0833194553852081
HIP,6633,1816,13,0.0018426451133564,0.0059022097848355
HIP,41225,1817,14,0.0069189458154141,0.0248571243137121
HIP,16445,1818,11,0.003069199854508,0.0125776585191488
HIP,40095,1819,11,0.0079068802297115,0.0242498274892568
HIP,23154,1820,12,0.0018981995526701,0.0259496141225099
HIP,39497,1821,14,0.0035121722612529,0.0101590296253561
HIP,44707,1822,11,0.0086521729826927,0.0297059062868356
HIP,34445,1823,12,0.0301825534552335,0.0591932274401187
HIP,42264,1824,14,0.006732212845236,0.0191087089478969
HIP,11134,1825,14,0.0046566952951252,0.0151633443310856
HIP,37767,1826,12,0.0046802856959402,0.0140339890494942
HIP,47142,1827,15,0.0046942611224949,0.0109291886910796
HIP,24481,1828,12,0.0030261806678026,0.0107960328459739
HIP,44327,1829,10,0.004931597970426,0.0126703102141618
HIP,31959,1830,15,0.0022411667741835,0.0087340930476784
HIP,33925,1831,6,0.0060489326715469,0.1647785604000091
HIP,16995,1832,14,0.0018287663115188,0.0057613910175859
HIP,16735,1833,17,0.0062822811305522,0.0142129445448517
HIP,13587,1834,13,0.0015015244716778,0.0179890505969524
HIP,36823,1835,6,0.0260508209466934,0.2262396663427353
HIP,48385,1836,13,0.0057889479212462,0.0174100007861852
HIP,48921,1837,16,0.0055618206970393,0.0102411955595016
HIP,38691,1838,12,0.0018936424748972,0.0063733202405273
HIP,987,1839,15,0.0020087156444787,0.0084567628800868
HIP,5917,1840,13,0.0218875277787446,0.0302010830491781
HIP,33170,1841,10,0.0018154425779357,0.0101904002949595
HIP,39445,1842,15,0.0026531682815402,0.0081103658303618
HIP,3853,1843,13,0.0019648119341582,0.005976234562695
HIP,33401,1844,11,0.0118464361876249,0.0235702786594629
HIP,43845,1845,16,0.0025620912201702,0.006361705251038
HIP,6261,1846,17,0.0048577692359685,0.0085926996544003
HIP,6959,1847,11,0.0038292417302727,0.0170246250927448
HIP,3040,1848,19,0.0020762146450579,0.0189989302307367
HIP,17578,1849,13,0.0007391966646537,0.0049101118929684
HIP,37610,1850,13,0.0254696551710367,0.095579020678997
HIP,29199,1851,16,0.0129116158932447,0.0210623759776353
HIP,4745,1852,19,0.0067533673718571,0.0104864053428173
HIP,30211,1853,12,0.0009860792197287,0.0071110562421381
HIP,12927,1854,12,0.0030833214987069,0.0099686477333307
HIP,14879,1855,11,0.0082918796688318,0.0323661267757415
HIP,25560,1856,8,0.0231159254908561,0.0943545252084732
HIP,42954,1857,12,0.0036527002230286,0.0205771531909704
HIP,47572,1858,17,0.0062488098628818,0.0142091242596507
HIP,6719,1859,12,0.0034189580474048,0.0103387786075472
HIP,45129,1860,16,0.0232573226094245,0.0357133857905864
HIP,9930,1861,17,0.0025993443559855,0.0082558877766132
HIP,27700,1862,12,0.0063268956728279,0.0146523527801036
HIP,36015,1863,17,0.0041732667014002,0.0101197864860296
HIP,23435,1864,14,0.0169779658317565,0.0378786399960517
HIP,16453,1865,15,0.0124675119295716,0.0283459816128015
HIP,36159,1866,13,0.0069971643388271,0.0208145398646593
HIP,20873,1867,13,0.0017160808201879,0.0059799836017191
HIP,25096,1868,13,0.0013663335703313,0.005365147255361
HIP,10584,1869,15,0.0019134210888296,0.0059496248140931
HIP,4838,1870,17,0.0110863065347075,0.0252817943692207
HIP,36900,1871,12,0.0008984774467535,0.0095371874049305
HIP,46346,1872,14,0.006414751522243,0.0185363907366991
HIP,8870,1873,10,0.0095633175224065,0.0250892229378223
HIP,30017,1874,11,0.0052616721950471,0.014051204547286
HIP,26595,1875,14,0.002883571665734,0.0152321858331561
HIP,46384,1876,13,0.0017712342087179,0.0040476792491972
HIP,32119,1877,16,0.0039070174098014,0.0090660993009805
HIP,8585,1878,12,0.0016163347754627,0.0105081889778375
HIP,4525,1879,15,0.0051057175733149,0.0100555513054132
HIP,14497,1880,10,0.0246345195919275,0.0550748296082019
HIP,28014,1881,16,0.0133717991411685,0.0279844477772712
HIP,37538,1882,15,0.0008916195947676,0.003073486033827
HIP,14562,1883,13,0.003683395916596,0.0493082255125045
HIP,1080,1884,15,0.0041138646192848,0.0085331192240118
HIP,26554,1885,15,0.0044221091084182,0.0087746065109968
HIP,14021,1886,13,0.0122601194307208,0.0413493253290653
HIP,47252,1887,11,0.0036708069965243,0.0110615026205778
HIP,30314,1888,15,0.0073526408523321,0.0224958136677742
HIP,24819,1889,8,0.0033508357591927,0.0198197998106479
HIP,36963,1890,12,0.0102166896685957,0.0214155185967683
HIP,38300,1891,16,0.0040296404622495,0.0098266266286373
HIP,7688,1892,13,0.0040865745395421,0.0102873044088482
HIP,33814,1893,10,0.0010801798198372,0.0044971550814807
HIP,19992,1894,15,0.0029599727131426,0.0103669464588165
HIP,29314,1895,10,0.0180315263569355,0.041180845350027
HIP,47489,1896,9,0.008224475197494,0.0230085905641317
HIP,12814,1897,16,0.0162168368697166,0.0270670298486948
HIP,24421,1898,13,0.0065074190497398,0.0142794698476791
HIP,42923,1899,11,0.016795115545392,0.0400703661143779
HIP,49143,1900,15,0.014368750154972,0.0450542978942394
HIP,11118,1901,12,0.0057836878113448,0.0281481742858886
HIP,8616,1902,17,0.0021584345959126,0.00929148029536
HIP,27123,1903,16,0.0014530669432133,0.0058176559396088
HIP,29198,1904,17,0.0154122309759259,0.0232980828732252
HIP,14583,1905,11,0.0180058274418115,0.0540317147970199
HIP,47856,1906,14,0.0055132061243057,0.0133563205599784
HIP,33935,1907,16,0.0049347151070833,0.0107636284083127
HIP,13885,1908,18,0.0094632459804415,0.0226224288344383
HIP,6221,1909,11,0.0031609639991074,0.0202764235436916
HIP,16809,1910,12,0.0019006928196176,0.006998695898801
HIP,38564,1911,14,0.0073999790474772,0.0186742562800645
HIP,876,1912,14,0.0101722506806254,0.019306132569909
HIP,33034,1913,15,0.001511639682576,0.0040164343081414
HIP,29765,1914,15,0.0063353236764669,0.0154725210741162
HIP,35302,1915,14,0.0128411585465073,0.0205327812582254
HIP,30455,1916,13,0.0019778616260737,0.0090598333626985
HIP,18313,1917,12,0.000785234151408,0.0045898328535258
HIP,14480,1918,16,0.0072348788380622,0.011962947435677
HIP,17866,1919,15,0.0046895123086869,0.0118827298283576
HIP,39874,1920,14,0.0014946602750569,0.0111496299505233
HIP,1835,1921,15,0.0157790388911962,0.0325810611248016
HIP,2741,1922,16,0.0060976473614573,0.023275289684534
HIP,45542,1923,11,0.0015096346614882,0.006439883261919
HIP,31549,1924,13,0.0047706356272101,0.0129654267802834
HIP,9545,1925,15,0.010687980800867,0.0859875679016113
HIP,45528,1926,14,0.0015626830281689,0.0058270036242902
HIP,24985,1927,16,0.0154233193024992,0.0250200778245925
HIP,9311,1928,12,0.0017880648374557,0.0089385900646448
HIP,33162,1929,14,0.0348100550472736,0.0767942443490028
HIP,20397,1930,16,0.0092160534113645,0.0182706359773874
HIP,36057,1931,10,0.013995318673551,0.0367589332163333
HIP,25804,1932,14,0.0047205253504216,0.0097035961225628
HIP,9942,1933,19,0.051502201706171,0.061959408223629
HIP,19162,1934,11,0.0308726709336042,0.0594400577247142
HIP,1326,1935,16,0.0077593950554728,0.0154609447345137
HIP,7394,1936,12,0.0056201997213065,0.0174419581890106
HIP,13721,1937,12,0.0089388759806752,0.0364416651427745
HIP,9693,1938,21,0.0037105483934283,0.0125223798677325
HIP,41255,1939,9,0.0144836734980344,0.0609432570636272
HIP,832,1940,13,0.0051121176220476,0.0220961272716522
HIP,45045,1941,11,0.0055328444577753,0.0197973288595676
HIP,47393,1942,15,0.0132675785571336,0.0216973796486854
HIP,8855,1943,11,0.0043975911103188,0.0128674292936921
HIP,2432,1944,19,0.0016385301714763,0.0160718709230422
HIP,44005,1945,14,0.0119831776246428,0.0529661029577255
HIP,18492,1946,14,0.0029730969108641,0.0129625191912055
HIP,11768,1947,16,0.0018904053140431,0.0078726280480623
HIP,6335,1948,14,0.0111526809632778,0.0226026177406311
HIP,8135,1949,11,0.0059851841069757,0.0163448248058557
HIP,46379,1950,15,0.0027324359398335,0.0061647119000554
HIP,49974,1951,14,0.0072286515496671,0.0598123259842395
HIP,12878,1952,12,0.0006294985068961,0.0155428750440478
HIP,28274,1953,18,0.001675910432823,0.0100135905668139
HIP,37994,1954,12,0.0033257768955081,0.0101625733077526
HIP,7725,1955,16,0.0033340943045914,0.0070120627060532
HIP,19737,1956,18,0.0199448857456445,0.0281334593892097
HIP,15873,1957,10,0.0213816259056329,0.0896937921643257
HIP,36186,1958,14,0.0105426777154207,0.0163561441004276
HIP,15480,1959,16,0.0037866360507905,0.0074950447306036
HIP,40977,1960,12,0.002738460432738,0.0150581868365406
HIP,19604,1961,14,0.0048118350096046,0.0119165498763322
HIP,22405,1962,13,0.0022129595745354,0.045461282134056
HIP,13303,1963,12,0.0016878561582416,0.0065062739886343
HIP,27904,1964,21,0.0026169689372181,0.0776762142777443
HIP,1622,1965,16,0.0049473801627755,0.0082236099988222
HIP,23722,1966,13,0.0036864012945443,0.0125855142250657
HIP,44916,1967,14,0.0013461251510307,0.0069058472290635
HIP,22500,1968,10,0.013803631067276,0.0657563954591751
HIP,45003,1969,17,0.0064714029431343,0.0188194494694471
HIP,49262,1970,12,0.0240619275718927,0.0388634726405143
HIP,49555,1971,14,0.0082605620846152,0.0119635164737701
HIP,9486,1972,17,0.0063802408985793,0.0104751046746969
HIP,32711,1973,11,0.027013212442398,0.058195274323225
HIP,4117,1974,14,0.0022163824178278,0.0085609937086701
HIP,11455,1975,19,0.0028031740803271,0.0083578629419207
HIP,5246,1976,17,0.0053226752206683,0.0098900347948074
HIP,43976,1977,13,0.0156267415732145,0.0630575940012931
HIP,9706,1978,13,0.0093113044276833,0.0416320711374282
HIP,9305,1979,12,0.0144031876698136,0.0265241134911775
HIP,38080,1980,17,0.0095159392803907,0.0130832092836499
HIP,32661,1981,19,0.00237478595227,0.0146483164280653
HIP,40279,1982,14,0.0094307260587811,0.0207280237227678
HIP,24835,1983,15,0.0025664884597063,0.0058924481272697
HIP,27557,1984,17,0.0045217708684504,0.0171543005853891
HIP,42951,1985,16,0.0067576202563941,0.0146085936576128
HIP,26065,1986,15,0.0051579568535089,0.0121701844036579
HIP,44120,1987,10,0.0011781419161707,0.006483603734523
HIP,25630,1988,11,0.0027412073686718,0.0112392818555235
HIP,50033,1989,16,0.0121550690382719,0.0242082718759775
HIP,20431,1990,10,0.0100911390036344,0.0199477691203355
HIP,9455,1991,9,0.0022008400410413,0.0107081942260265
HIP,17698,1992,17,0.0017866351408883,0.0055101211182773
HIP,25288,1993,14,0.0037343956064432,0.0084775323048233
HIP,16892,1994,13,0.0031453317496925,0.0107355061918497
HIP,32839,1995,9,0.0063385157845914,0.0362496562302112
HIP,38789,1996,11,0.0109700094908475,0.0397425033152103
HIP,43475,1997,14,0.0068561946973204,0.0194437205791473
HIP,37476,1998,5,0.0341173931956291,0.0899396762251854
HIP,14217,1999,14,0.0013493786100298,0.0057714101858437
HIP,10410,2000,14,0.0025510599371045,0.0079961884766817
HIP,19012,2001,14,0.0008300225599668,0.0039965943433344
HIP,29863,2002,15,0.0007939639617688,0.0035556983202695
HIP,20391,2003,9,0.0334209725260734,0.1005595028400421
HIP,24379,2004,11,0.0030491894576698,0.0078140692785382
HIP,4349,2005,14,0.0106583451852202,0.0198606979101896
HIP,9761,2006,11,0.0240122489631176,0.0474606119096279
HIP,20021,2007,14,0.003802154911682,0.0060726650990545
HIP,22932,2008,15,0.0047725979238748,0.0156551860272884
HIP,6877,2009,14,0.0122901517897844,0.029085686430335
HIP,13064,2010,17,0.000821815454401,0.0033280088100582
HIP,23673,2011,18,0.0093673206865787,0.0252637881785631
HIP,24401,2012,10,0.0026983639691025,0.0224771630018949
HIP,10908,2013,14,0.002232763916254,0.0067083360627293
HIP,10349,2014,12,0.0008353874436579,0.0036074155941605
HIP,46052,2015,13,0.0010753888636827,0.0033976871054619
HIP,6236,2016,14,0.0038625157903879,0.0089596603065729
HIP,28976,2017,15,0.0039139124564826,0.0105267567560076
HIP,9282,2018,17,0.005486159119755,0.0085402652621269
HIP,45402,2019,11,0.0045999772846698,0.0157530829310417
HIP,23114,2020,12,0.0131656723096966,0.0346744172275066
HIP,37985,2021,17,0.0010491245193406,0.0067151063121855
HIP,6725,2022,14,0.0024051535874605,0.0067382571287453
HIP,5784,2023,13,0.0009629366686567,0.0079444870352745
HIP,9724,2024,10,0.0119869718328118,0.061015285551548
HIP,30247,2025,14,0.0036536671686917,0.1661445647478103
HIP,1980,2026,16,0.0057382266968488,0.0152991116046905
HIP,37101,2027,14,0.002398972865194,0.0056924237869679
HIP,24661,2028,14,0.0007126426789909,0.0035330289974808
HIP,8842,2029,13,0.0095410142093896,0.0182526353746652
HIP,14342,2030,11,0.0404943525791168,0.0909401997923851
HIP,16736,2031,9,0.0158012714236974,0.0335082709789276
HIP,42182,2032,11,0.0222717821598052,0.0495514310896396
HIP,22364,2033,17,0.0011261228937655,0.0045915902592241
HIP,28480,2034,14,0.0017287493683397,0.0103921517729759
HIP,17248,2035,13,0.0144471051171422,0.0281675402075052
HIP,21869,2036,16,0.0087177157402038,0.0148347653448581
HIP,46709,2037,17,0.0056524160318076,0.0115408124402165
HIP,15393,2038,13,0.0110606839880347,0.0417228154838085
HIP,1833,2039,14,0.0031530971173197,0.0068717561662197
HIP,4972,2040,12,0.0022859645541757,0.0077373571693897
HIP,34,2041,15,0.0043203071691095,0.0126696899533271
HIP,6768,2042,13,0.0030240302439779,0.0106883496046066
HIP,31607,2043,15,0.0006486696074716,0.0242757219821214
HIP,31883,2044,12,0.0034168697893619,0.0535226054489612
HIP,19878,2045,15,0.0012036735424771,0.0267216190695762
HIP,46789,2046,10,0.0320649482309818,0.0699410811066627
HIP,16639,2047,14,0.0221192296594381,0.0468350239098072
HIP,13786,2048,17,0.0043788324110209,0.0160116609185934
HIP,26475,2049,11,0.0051728822290897,0.0185858234763145
HIP,26241,2050,17,0.0018140132306143,0.0050702434964478
HIP,38602,2051,12,0.0054770153947174,0.016120858490467
HIP,12529,2052,16,0.0021764538250863,0.0140597857534885
HIP,11759,2053,9,0.0040653515607118,0.0132147213444113
HIP,21542,2054,15,0.0031446469947695,0.0082448758184909
HIP,49215,2055,15,0.0032378125470131,0.0064841601997613
HIP,24445,2056,10,0.0052853776142001,0.0181025024503469
HIP,29771,2057,15,0.00426423875615,0.0346738919615745
HIP,8549,2058,15,0.015096316114068,0.0438723117113113
HIP,4024,2059,14,0.0106690749526023,0.0250311847776174
HIP,10364,2060,15,0.0070338421501219,0.033166442066431
HIP,13076,2061,14,0.0198224652558565,0.0407887995243072
HIP,4272,2062,11,0.0015559990424662,0.0074862479232251
HIP,6928,2063,14,0.007805096451193,0.0166307054460048
HIP,38702,2064,13,0.0070415004156529,0.0177919436246156
HIP,19391,2065,11,0.0118163200095295,0.0441309660673141
HIP,5661,2066,16,0.0011447947472333,0.0130556095391511
HIP,2192,2067,9,0.0047530592419207,0.0167306307703256
HIP,1189,2068,12,0.0090991547331213,0.0158534701913595
HIP,5297,2069,12,0.0051572481170296,0.0195661094039678
HIP,10542,2070,13,0.0084809204563498,0.0394588261842727
HIP,18238,2071,13,0.0310044717043638,0.0665077343583107
HIP,7959,2072,16,0.003650464117527,0.0109222866594791
HIP,3917,2073,15,0.0132890185341238,0.0331329628825187
HIP,8874,2074,13,0.0052056955173611,0.0135473776608705
HIP,4555,2075,11,0.0034806060139089,0.0100154401734471
HIP,45575,2076,12,0.0008887882577255,0.0036821975372731
HIP,21041,2077,21,0.0038274126127362,0.0118517475202679
HIP,29468,2078,16,0.0041207163594663,0.0100530218333005
HIP,7268,2079,14,0.0075642792508006,0.0200209803879261
HIP,29312,2080,12,0.0203254781663417,0.0625719651579856
HIP,28629,2081,13,0.0028250310570001,0.0116716753691434
HIP,5208,2082,17,0.0035085456911474,0.0082997307181358
HIP,47113,2083,14,0.005264121107757,0.027881259098649
HIP,47900,2084,13,0.0031136728357523,0.0086531499400734
HIP,26019,2085,13,0.0015206458047032,0.0136507721617817
HIP,10265,2086,13,0.0010414185235276,0.0038869024720042
HIP,12582,2087,11,0.0065674884244799,0.0213453527539968
HIP,36767,2088,16,0.0005881652468815,0.0032359578181058
HIP,201,2089,18,0.0020873320754617,0.0090696550905704
HIP,14807,2090,11,0.0053031840361654,0.0136560136452317
HIP,8279,2091,12,0.0208949483931064,0.0685930997133255
HIP,18137,2092,16,0.0028052143752574,0.0065488955006003
HIP,17788,2093,12,0.0018337672809138,0.0074246362783014
HIP,38910,2094,14,0.0411332175135612,0.0867476165294647
HIP,44703,2095,12,0.0048018782399594,0.0155356135219335
HIP,26601,2096,16,0.0038135349750518,0.014226128347218
HIP,17418,2097,12,0.0081437360495328,0.0185767170041799
HIP,3547,2098,16,0.0009140530601143,0.004847680684179
HIP,47353,2099,15,0.0015533523401245,0.0049957931041717
HIP,19626,2100,19,0.0030666459351778,0.0292576793581247
HIP,44071,2101,14,0.0074174399487674,0.020154520869255
HIP,2658,2102,16,0.0136444410309195,0.0192205552011728
HIP,11446,2103,15,0.0023162972647696,0.0069683892652392
HIP,32159,2104,11,0.0009130634134635,0.0027401903644204
HIP,25513,2105,11,0.0488181859254837,0.0792800113558769
HIP,33422,2106,12,0.0215957853943109,0.0624138712882995
HIP,21370,2107,6,0.0707464069128036,0.2839215099811554
HIP,8962,2108,14,0.0232974477112293,0.0566059052944183
HIP,48013,2109,16,0.0019075397867709,0.0063300817273557
HIP,27433,2110,12,0.0124637177214026,0.038934126496315
HIP,10148,2111,16,0.0047775246202945,0.0126935858279466
HIP,36569,2112,13,0.0062333871610462,0.0148684289306402
HIP,45176,2113,14,0.0043107718229293,0.0126148713752627
HIP,22020,2114,8,0.0033795160707086,0.0182000882923603
HIP,39863,2115,16,0.0028411678504198,0.0052648140117526
HIP,4000,2116,14,0.0058917137794196,0.0148618193343281
HIP,31113,2117,12,0.0081827081739902,0.0216713696718215
HIP,33780,2118,16,0.0076002716086804,0.0154426228255033
HIP,5118,2119,18,0.0022901152260601,0.0047220243141055
HIP,35355,2120,17,0.0065046469680964,0.0128581961616873
HIP,21629,2121,19,0.0039951847866177,0.010319223627448
HIP,23662,2122,11,0.0145762423053383,0.0315273106098175
HIP,39101,2123,10,0.0114433234557509,0.0338113866746425
HIP,3157,2124,11,0.0058922972530126,0.0243400800973176
HIP,3390,2125,10,0.0200613755732774,0.0524504818022251
HIP,12866,2126,13,0.0184662491083145,0.0425991006195545
HIP,48367,2127,15,0.009108917787671,0.0209931209683418
HIP,14694,2128,13,0.0102743254974484,0.0224436726421117
HIP,2344,2129,11,0.007281660567969,0.0150020588189363
HIP,22554,2130,15,0.0267848186194896,0.0363948196172714
HIP,28168,2131,15,0.0070432452484965,0.0231624227017164
HIP,8457,2132,13,0.0062191700562834,0.0276677217334508
HIP,4916,2133,14,0.020995270460844,0.0328675657510757
HIP,49424,2134,7,0.0457764714956283,0.180340364575386
HIP,32250,2135,15,0.0028748461045324,0.0092120468616485
HIP,42257,2136,15,0.0006863946910016,0.0024501781444996
HIP,32169,2137,16,0.0013653775677084,0.004541780333966
HIP,9941,2138,13,0.0159944016486406,0.0434318482875824
HIP,33160,2139,13,0.0039985738694667,0.0108664780855178
HIP,671,2140,13,0.0037567869294434,0.0118781402707099
HIP,23532,2141,13,0.002261727117002,0.009459801018238
HIP,29901,2142,13,0.0049642631784081,0.0303802397102117
HIP,40982,2143,16,0.0029740964528173,0.0091158896684646
HIP,16632,2144,13,0.0043148668482899,0.0137465558946132
HIP,12393,2145,12,0.005235927645117,0.0127403615042567
HIP,22034,2146,11,0.0213055443018674,0.0597775876522064
HIP,45374,2147,16,0.0066872537136077,0.0152151454240083
HIP,36785,2148,12,0.0028293160721659,0.0075863688252866
HIP,48068,2149,12,0.0038003246299922,0.0117668779566884
HIP,49154,2150,17,0.010458156466484,0.0176626611500978
HIP,30994,2151,5,0.0201062653213739,0.123968206346035
HIP,13736,2152,14,0.0011890648165717,0.0094877379015088
HIP,10206,2153,10,0.0020903423428535,0.0130292708054184
HIP,50835,2154,16,0.0024440053384751,0.005995160434395
HIP,46926,2155,10,0.0109277330338954,0.0363615155220031
HIP,5383,2156,14,0.0030719384085386,0.0093797696754336
HIP,5418,2157,8,0.0235683359205722,0.0731809884309768
HIP,21517,2158,14,0.0191283859312534,0.0482009947299957
HIP,13549,2159,14,0.0042832191102206,0.0111159542575478
HIP,21852,2160,8,0.0039089582860469,0.0247041750699281
HIP,1456,2161,13,0.0059381211176514,0.0180093143135309
HIP,15868,2162,16,0.0089799799025058,0.0151270264759659
HIP,2152,2163,15,0.0032341103069484,0.0079059647396206
HIP,29353,2164,19,0.00291090272367,0.0072837388142943
HIP,21970,2165,15,0.0011976183159276,0.0041154250502586
HIP,28793,2166,13,0.0113101340830326,0.0268568340688943
HIP,23029,2167,15,0.0157990995794534,0.0450456328690052
HIP,12617,2168,13,0.0040094885043799,0.0172027014195919
HIP,4081,2169,16,0.0005539239500649,0.002292325021699
HIP,14574,2170,15,0.006534544751048,0.0155775807797908
HIP,1808,2171,19,0.0017764169024303,0.0066887168213725
HIP,17320,2172,19,0.0456906296312809,0.0612278133630752
HIP,27416,2173,16,0.00455251801759,0.0146391661837697
HIP,11710,2174,10,0.0710155367851257,0.0924191325902938
HIP,40482,2175,14,0.0303496327251195,0.0788673236966133
HIP,49067,2176,15,0.0075269914232194,0.0215316396206617
HIP,11431,2177,12,0.0535686016082763,0.072352297604084
HIP,48202,2178,16,0.0012533251428976,0.0076011857017874
HIP,39873,2179,16,0.0017329076072201,0.0064133373089134
HIP,13519,2180,17,0.0045528160408139,0.0182549264281988
HIP,50786,2181,13,0.0037390289362519,0.0095626963302493
HIP,31560,2182,13,0.0060551394708454,0.0151552306488156
HIP,37990,2183,16,0.0009284246480092,0.0066534527577459
HIP,40776,2184,11,0.048809427767992,0.0720065385103225
HIP,4073,2185,14,0.0063746063970029,0.0170156061649322
HIP,13450,2186,19,0.0043259831145405,0.0211324077099561
HIP,18586,2187,16,0.0058012697845697,0.0126495687291026
HIP,36677,2188,10,0.0141781670972704,0.0486680455505847
HIP,4647,2189,13,0.0525625683367252,0.0806475803256034
HIP,9021,2190,19,0.0038649570196866,0.0311604514718055
HIP,30205,2191,5,0.0107881035655736,0.0433135852217674
HIP,20745,2192,11,0.0015531975077465,0.0068807839415967
HIP,38123,2193,12,0.0018213941948488,0.0135290594771504
HIP,18068,2194,18,0.0023174777161329,0.0201240424066782
HIP,22380,2195,12,0.0010493359295651,0.0068571604788303
HIP,44742,2196,10,0.0050243637524545,0.0149823511019349
HIP,21884,2197,15,0.0014195563271641,0.0062286299653351
HIP,33563,2198,12,0.0007396838045679,0.0042064255103468
HIP,31674,2199,16,0.0090086590498685,0.0245291460305452
HIP,9680,2200,7,0.0269607882946729,0.1136770099401474
HIP,35116,2201,12,0.0069900364615023,0.0159599408507347
HIP,19014,2202,16,0.0087905824184417,0.0159088745713233
HIP,15060,2203,17,0.0116007169708609,0.0234884712845087
HIP,16716,2204,16,0.0280333124101161,0.0404124185442924
HIP,46952,2205,13,0.00077845598571,0.0384589284658432
HIP,48392,2206,15,0.0065474580042064,0.0170260686427354
HIP,13511,2207,15,0.0122675821185112,0.0227846689522266
HIP,838,2208,12,0.007007198408246,0.0216068197041749
HIP,33570,2209,17,0.0092796348035335,0.0169700141996145
HIP,4300,2210,9,0.0234192572534084,0.0506974197924137
HIP,12423,2211,8,0.0175915751606225,0.044017307460308
HIP,20509,2212,11,0.0006232367595657,0.0050026550889015
HIP,21520,2213,14,0.0196377802640199,0.0345193110406398
HIP,6461,2214,13,0.0091884275898337,0.0173183567821979
HIP,8202,2215,13,0.0059975120238959,0.0234029199928045
HIP,30333,2216,14,0.0034879876766353,0.0063995062373578
HIP,7174,2217,14,0.0091572124511003,0.0225118845701217
HIP,6879,2218,12,0.0089309746399521,0.0215399246662855
HIP,5976,2219,17,0.0095223048701882,0.016073178499937
HIP,36139,2220,16,0.0007042615907266,0.0359842963516712
HIP,607,2221,15,0.0682255625724792,0.0902193784713745
HIP,35973,2222,13,0.004249223973602,0.0102020818740129
HIP,30148,2223,11,0.0013737668050453,0.0054471916519105
HIP,25539,2224,13,0.0006366893649101,0.002387193031609
HIP,23463,2225,16,0.0017448518192395,0.0048430510796606
HIP,46376,2226,16,0.0026685269549489,0.0071235168725252
HIP,6595,2227,11,0.0008602839079685,0.0182386022061109
HIP,7908,2228,12,0.0029561829287558,0.0101947095245122
HIP,12791,2229,13,0.0150900576263666,0.0222727246582508
HIP,34621,2230,15,0.0062877750024199,0.0148804886266589
HIP,19683,2231,14,0.0009336097282357,0.0047731683589518
HIP,4397,2232,15,0.0071449605748057,0.0164655558764934
HIP,44550,2233,12,0.003535135416314,0.011175625026226
HIP,31858,2234,13,0.0128225181251764,0.1553435325622558
HIP,39344,2235,21,0.0061311251483857,0.0129777071997523
HIP,13182,2236,11,0.1224064156413078,0.4366088807582855
HIP,50221,2237,14,0.0053859413601458,0.014546999707818
HIP,17537,2238,16,0.0009474222315475,0.0034742050338536
HIP,22422,2239,10,0.0016419811872765,0.007432431448251
HIP,31044,2240,18,0.0008883700938895,0.0027599544264376
HIP,26168,2241,12,0.0711405500769615,0.1764381974935531
HIP,6668,2242,13,0.0011989745544269,0.0059855901636183
HIP,4262,2243,16,0.010242773219943,0.0152644645422697
HIP,26775,2244,12,0.0031004517804831,0.011141593568027
HIP,25272,2245,17,0.0106011815369129,0.0183569584041833
HIP,49194,2246,10,0.0018959423759952,0.0066304360516369
HIP,17736,2247,14,0.0024502137675881,0.0069125858135521
HIP,50743,2248,16,0.006950931623578,0.0174957886338233
HIP,30721,2249,14,0.0046710069291293,0.011057948693633
HIP,20544,2250,15,0.0020784649532288,0.0090354392305016
HIP,46239,2251,13,0.0102108921855688,0.0223540235310792
HIP,32262,2252,16,0.0111559014767408,0.02845099568367
HIP,11862,2253,16,0.0031905898358672,0.0114717371761798
HIP,50691,2254,12,0.0479649417102336,0.0765485391020774
HIP,32318,2255,13,0.003113004611805,0.0093349693343043
HIP,4190,2256,16,0.0017295212019234,0.0041540833190083
HIP,14315,2257,13,0.0021922255400568,0.0074560362845659
HIP,4517,2258,12,0.0129536753520369,0.0248834230005741
HIP,46312,2259,15,0.0031515648588538,0.0072529562748968
HIP,24024,2260,12,0.0017308943206444,0.0089174238964915
HIP,36252,2261,11,0.0055885938927531,0.0271174497902393
HIP,34619,2262,12,0.0029032549355179,0.0091947615146636
HIP,27714,2263,15,0.0043769413605332,0.0164155438542366
HIP,17385,2264,12,0.0188497398048639,0.0326003283262252
HIP,1365,2265,16,0.026102852076292,0.0650812163949012
HIP,14015,2266,14,0.0029223295859992,0.0102470712736248
HIP,39228,2267,16,0.0058411322534084,0.0140863694250583
HIP,2984,2268,13,0.0014112193603068,0.0072089685127139
HIP,16169,2269,14,0.0088082691654562,0.0171275753527879
HIP,30200,2270,15,0.0020777725148946,0.0050903153605759
HIP,10058,2271,15,0.0260899681597948,0.0237190686166286
HIP,39420,2272,19,0.0037388070486485,0.0095931999385356
HIP,38221,2273,12,0.0050859278999269,0.0116085316985845
HIP,2943,2274,16,0.0047934325411915,0.0115114282816648
HIP,31148,2275,15,0.0125958230346441,0.0309801381081342
HIP,14491,2276,13,0.0383911207318306,0.0700553730130195
HIP,1620,2277,14,0.0089054238051176,0.0337362512946128
HIP,50164,2278,13,0.0322487242519855,0.1288536339998245
HIP,41564,2279,21,0.0030125849880278,0.0167044531553983
HIP,13289,2280,9,0.0019044587388634,0.0051531675271689
HIP,7179,2281,9,0.0113448873162269,0.0492254607379436
HIP,15775,2282,14,0.0119756776839494,0.0376501679420471
HIP,19538,2283,18,0.0029219936113804,0.0132541907951235
HIP,13389,2284,16,0.0023392762523144,0.00709536857903
HIP,21236,2285,14,0.0228568986058235,0.0622312985360622
HIP,8806,2286,11,0.0049226549454033,0.023853724822402
HIP,11377,2287,16,0.0023415135219693,0.0082056336104869
HIP,35800,2288,12,0.0133783565834164,0.0528499744832515
HIP,27871,2289,12,0.0047359056770801,0.0108867017552256
HIP,23901,2290,15,0.0607157833874225,0.0673146173357963
HIP,19452,2291,14,0.0008023414411582,0.0048947022296488
HIP,14334,2292,15,0.0119175594300031,0.0177819859236478
HIP,7748,2293,9,0.0048166522756218,0.0693704709410667
HIP,42439,2294,12,0.0058756642974913,0.0211368910968303
HIP,30883,2295,16,0.0074078571051359,0.021290423348546
HIP,34548,2296,14,0.0075009707361459,0.0252636112272739
HIP,49590,2297,14,0.0037992771249264,0.0087367938831448
HIP,19422,2298,11,0.0157874170690774,0.0347937121987342
HIP,13403,2299,13,0.0094907125458121,0.0299365147948265
HIP,48548,2300,12,0.0196805670857429,0.0422528535127639
HIP,16761,2301,18,0.0111039327457547,0.0198272299021482
HIP,23740,2302,12,0.0011788442498072,0.0061085834167897
HIP,30792,2303,6,0.0021845896262675,0.0364876575767993
HIP,21856,2304,14,0.054374810308218,0.0761971324682235
HIP,47319,2305,10,0.003711303230375,0.0117866918444633
HIP,22229,2306,12,0.0028169623110443,0.0078573962673544
HIP,7257,2307,11,0.0035713254474103,0.0157923810184001
HIP,8778,2308,15,0.0139958327636122,0.0208031889051198
HIP,12246,2309,14,0.0032671063672751,0.0084716342389583
HIP,45919,2310,13,0.0022628074511885,0.0091519998386502
HIP,17573,2311,15,0.0165715534240007,0.0327343195676803
HIP,10878,2312,16,0.0062431432306766,0.0124351056292653
HIP,22197,2313,14,0.0069017177447676,0.0110289603471755
HIP,11656,2314,12,0.0087653212249279,0.0224517714232206
HIP,21232,2315,15,0.0070475260727107,0.0198902804404497
HIP,24229,2316,11,0.0054456242360174,0.014145515859127
HIP,13986,2317,11,0.0031249541789293,0.0147109543904662
HIP,33144,2318,10,0.0015399551484733,0.0247697327286005
HIP,811,2319,19,0.0025525873061269,0.0070715621113777
HIP,45022,2320,17,0.0260136798024177,0.0472497567534446
HIP,22701,2321,10,0.0775012075901031,0.1405087262392044
HIP,3717,2322,14,0.0204781517386436,0.0429609455168247
HIP,41879,2323,13,0.0088178440928459,0.0163137447088956
HIP,29566,2324,13,0.0261448100209236,0.0815237909555435
HIP,12391,2325,14,0.0071474281139671,0.0252104215323925
HIP,36765,2326,19,0.0152113838121294,0.027878051623702
HIP,40219,2327,14,0.0282767787575721,0.05737030133605
HIP,29658,2328,17,0.0052784550935029,0.0117374407127499
HIP,10177,2329,18,0.0056166327558457,0.0113107971847057
HIP,2623,2330,12,0.0007946335244923,0.0043277577497065
HIP,4548,2331,14,0.0014454261399805,0.0067509058862924
HIP,15337,2332,13,0.0060271080583333,0.0297186244279146
HIP,24982,2333,16,0.0033158983569592,0.0386131331324577
HIP,5374,2334,16,0.00133065180853,0.0059274486266076
HIP,10130,2335,16,0.0052933702245354,0.0109229972586035
HIP,22426,2336,16,0.0044208960607647,0.0111850844696164
HIP,31966,2337,14,0.0019953534938395,0.0066530457697808
HIP,41771,2338,14,0.0147848688066005,0.0349049195647239
HIP,33225,2339,14,0.0122981900349259,0.0374207869172096
HIP,6769,2340,16,0.0141823422163724,0.0303634572774171
HIP,44656,2341,17,0.0028734325896948,0.0393807999789714
HIP,20114,2342,12,0.0030268193222582,0.0113494517281651
HIP,29767,2343,10,0.0163109824061393,0.0411547943949699
HIP,45792,2344,16,0.0196321997791528,0.0352517291903495
HIP,45178,2345,17,0.0191623084247112,0.0504691116511821
HIP,8264,2346,13,0.0046227700076997,0.0327178463339805
HIP,36668,2347,16,0.0033746878616511,0.008988101966679
HIP,34231,2348,16,0.001761851250194,0.0047146002762019
HIP,26559,2349,16,0.0110800703987479,0.0255467109382152
HIP,44837,2350,11,0.002412105211988,0.0068629258312284
HIP,24738,2351,19,0.0013057827018201,0.0033424126449972
HIP,21886,2352,14,0.0070152878761291,0.0142748896032571
HIP,3301,2353,15,0.0114834103733301,0.0302596408873796
HIP,37945,2354,12,0.0010081535438075,0.005576163996011
HIP,22612,2355,12,0.0209754407405853,0.0504042915999889
HIP,16257,2356,6,0.0732961744070053,0.1366221457719802
HIP,18011,2357,13,0.0087924767285585,0.0221146512776613
HIP,14851,2358,15,0.0201642177999019,0.0362887531518936
HIP,20202,2359,14,0.0230694022029638,0.0449422039091587
HIP,45423,2360,14,0.0012246436672285,0.0100119449198246
HIP,46421,2361,15,0.0015685227699577,0.0435907430946826
HIP,6300,2362,16,0.0039737671613693,0.0102010909467935
HIP,49058,2363,12,0.0070127896033227,0.0194143243134021
HIP,31127,2364,15,0.0020078120287507,0.0047118416987359
HIP,24425,2365,16,0.001333424821496,0.0098314909264445
HIP,10231,2366,14,0.005136223975569,0.0146406209096312
HIP,14059,2367,13,0.0086757512763142,0.018608845770359
HIP,19268,2368,8,0.0388091653585433,0.0944137424230575
HIP,33275,2369,14,0.0009574597352184,0.0047168936580419
HIP,38635,2370,17,0.0028342688456177,0.0101665537804365
HIP,26027,2371,12,0.0011258695740252,0.0088589461520314
HIP,32187,2372,19,0.0007538428180851,0.0027387130539864
HIP,32376,2373,11,0.0073748370632529,0.0242590494453907
HIP,7141,2374,13,0.0078973779454827,0.0245276447385549
HIP,31020,2375,10,0.0092548606917262,0.0225710775703191
HIP,37982,2376,8,0.0379070118069648,0.0909119248390197
HIP,39699,2377,19,0.0067121307365596,0.0167644638568162
HIP,46034,2378,14,0.0039115198887884,0.020222432911396
HIP,32050,2379,15,0.0055348519235849,0.015519680455327
HIP,37857,2380,14,0.0015499130822718,0.0105862934142351
HIP,13417,2381,12,0.0026239464059472,0.0136916581541299
HIP,8573,2382,12,0.0110812755301594,0.0365971028804779
HIP,30125,2383,16,0.0056990385055541,0.015418604016304
HIP,17500,2384,14,0.0388744659721851,0.0736355856060981
HIP,28823,2385,12,0.0047421590425074,0.0121170012280344
HIP,25137,2386,15,0.0052086724899709,0.0123419081792235
HIP,27150,2387,13,0.0104533275589346,0.0216726083308458
HIP,22302,2388,15,0.0035709647927433,0.0065932325087487
HIP,29482,2389,15,0.0050263232551515,0.0172933470457792
HIP,7593,2390,19,0.0042700078338384,0.030656311661005
HIP,34348,2391,13,0.0070558520965278,0.0220209192484617
HIP,977,2392,12,0.0010281417053192,0.003750005736947
HIP,4732,2393,11,0.0040617566555738,0.0104147512465715
HIP,27510,2394,11,0.0006281620590016,0.0038520973175764
HIP,44409,2395,14,0.0019351060036569,0.0053623202256858
HIP,23743,2396,11,0.0042555900290608,0.0097574377432465
HIP,16216,2397,15,0.0241868868470191,0.0412790514528751
HIP,39256,2398,11,0.006000361405313,0.0236279796808958
HIP,7005,2399,10,0.0069581978023052,0.0265021286904811
HIP,21700,2400,11,0.002357326215133,0.01157255936414
HIP,9651,2401,15,0.003393187187612,0.0125159248709678
HIP,47290,2402,12,0.0230150669813156,0.046705562621355
HIP,34837,2403,12,0.0025032975245267,0.0161424130201339
HIP,31478,2404,19,0.0104244109243154,0.0190225001424551
HIP,28438,2405,13,0.003964823205024,0.0088913328945636
HIP,17735,2406,11,0.0042475163936614,0.0123324980959296
HIP,47363,2407,13,0.004539995919913,0.0115586761385202
HIP,25474,2408,18,0.0072378274053335,0.0141374561935663
HIP,36801,2409,14,0.0049535850994288,0.0121669080108404
HIP,11506,2410,19,0.0132836271077394,0.0340552479028701
HIP,7485,2411,14,0.0008951002382673,0.0060665146447718
HIP,45125,2412,15,0.0146769499406218,0.0247163940221071
HIP,16782,2413,16,0.0014596976106986,0.0077187810093164
HIP,24055,2414,12,0.0043118158355355,0.0132428919896483
HIP,30381,2415,16,0.0086223613470792,0.0285272989422082
HIP,17721,2416,17,0.0064367670565843,0.0153241883963346
HIP,28300,2417,15,0.0020866049453616,0.0181390792131423
HIP,17798,2418,19,0.0007539057405665,0.0030864346772432
HIP,16613,2419,8,0.0196845047175884,0.0470485389232635
HIP,9988,2420,18,0.0016015869332477,0.0035500710364431
HIP,14591,2421,14,0.0146875269711017,0.0414156168699264
HIP,23300,2422,12,0.0031355805695056,0.0128404796123504
HIP,43143,2423,16,0.0223361402750015,0.0513708069920539
HIP,41914,2424,19,0.0005279173492453,0.0976427569985389
HIP,13840,2425,15,0.0058405855670571,0.0119513990357518
HIP,20768,2426,15,0.0024576899595558,0.0046480279415845
HIP,33606,2427,19,0.004938764963299,0.0077388840727508
HIP,17944,2428,15,0.0096340756863355,0.077243335545063
HIP,14220,2429,13,0.0029354456346482,0.0102886017411947
HIP,12499,2430,17,0.0066007659770548,0.0140467463061213
HIP,4954,2431,15,0.0020822146907448,0.0063196532428264
HIP,31409,2432,15,0.000824857444968,0.0048779854550957
HIP,47598,2433,9,0.0170503575354814,0.0542468018829822
HIP,19347,2434,16,0.0022749020718038,0.0060987672768533
HIP,47788,2435,13,0.0051894173957407,0.0123337171971797
HIP,5745,2436,16,0.0010211508488282,0.0262415315955877
HIP,44147,2437,14,0.0027275166939944,0.0072874827310442
HIP,39698,2438,13,0.0121029084548354,0.033413540571928
HIP,17427,2439,13,0.0016556319314986,0.0221330542117357
HIP,36444,2440,15,0.0021663242951035,0.0056629311293363
HIP,19577,2441,16,0.0088125076144933,0.0190952513366937
HIP,10749,2442,12,0.0493237376213073,0.0641661658883094
HIP,35289,2443,12,0.0022654880303889,0.0092398850247263
HIP,48679,2444,12,0.0028489485848695,0.0124649442732334
HIP,27158,2445,14,0.0330975390970706,0.0453180558979511
HIP,50230,2446,11,0.0046174270100891,0.0116994120180606
HIP,16622,2447,11,0.0008280174806714,0.0045502074062824
HIP,14931,2448,18,0.0004783286130987,0.0315913967788219
HIP,8834,2449,21,0.0019566910341382,0.0742205530405044
HIP,10922,2450,11,0.0018573846900835,0.0089285774156451
HIP,48756,2451,12,0.0108413640409708,0.0285909622907638
HIP,48865,2452,15,0.0048023164272308,0.0084761967882514
HIP,28029,2453,11,0.0055841752327978,0.025484450161457
HIP,31970,2454,13,0.0036322865635156,0.0145591245964169
HIP,5785,2455,15,0.0066294055432081,0.024515176191926
HIP,43122,2456,14,0.0077464086934924,0.0180106721818447
HIP,38424,2457,12,0.0207389798015356,0.0529937110841274
HIP,21694,2458,15,0.0054315100423991,0.0113845281302928
HIP,12701,2459,15,0.001540184020996,0.0051291109994053
HIP,36375,2460,12,0.0024470568168908,0.0138792051002383
HIP,8565,2461,15,0.0032479870133101,0.0129069108515977
HIP,28198,2462,14,0.0205445867031812,0.0244574695825576
HIP,42022,2463,6,0.000989940832369,0.0060509140603244
HIP,27380,2464,11,0.0196374952793121,0.0343384705483913
HIP,21162,2465,17,0.0026654296088963,0.0081282947212457
HIP,405,2466,17,0.0026226681657135,0.0177717171609401
HIP,49411,2467,10,0.0054386351257562,0.018825601786375
HIP,48316,2468,16,0.004863969516009,0.0106558790430426
HIP,513,2469,17,0.0169141646474599,0.0256494544446468
HIP,501,2470,10,0.003443797584623,0.0141340363770723
HIP,39591,2471,16,0.0014677381841465,0.0055393618531525
HIP,35374,2472,15,0.0052687306888401,0.0085491733625531
HIP,21936,2473,12,0.0033783437684178,0.0070678782649338
HIP,12885,2474,12,0.0032232035882771,0.0094017861410975
HIP,42521,2475,6,0.0797527059912681,0.2830804884433746
HIP,19523,2476,12,0.0189869981259107,0.047006394714117
HIP,48356,2477,17,0.0063691702671349,0.0134046375751495
HIP,47023,2478,10,0.0111259743571281,0.0334956981241703
HIP,18194,2479,14,0.0032626835163682,0.0075483964756131
HIP,8360,2480,12,0.0042022811248898,0.0112215830013155
HIP,4141,2481,13,0.0120610147714614,0.0233288668096065
HIP,30166,2482,16,0.0075491927564144,0.0183841083198785
HIP,24508,2483,13,0.0017335491720587,0.0219096336513757
HIP,22474,2484,12,0.0011615100083872,0.0073327049612998
HIP,24261,2485,14,0.0137623576447367,0.0242892149835824
HIP,18079,2486,19,0.009991630911827,0.0190371684730052
HIP,49128,2487,12,0.0101513983681797,0.0236427392810583
HIP,48551,2488,10,0.0017195367254316,0.0064317155629396
HIP,27689,2489,14,0.0022349150385707,0.0069120083935558
HIP,3726,2490,13,0.0137932179495692,0.0360211767256259
HIP,39552,2491,16,0.0010398690355941,0.0313849113881588
HIP,7355,2492,15,0.00240985956043,0.007833108305931
HIP,1576,2493,11,0.0029280059970915,0.0104031823575496
HIP,18212,2494,17,0.0046075698919594,0.0158299952745437
HIP,39438,2495,14,0.0553549155592918,0.0997606068849563
HIP,50787,2496,12,0.0008332374272868,0.0046488321386277
HIP,7088,2497,15,0.003798643592745,0.0102450139820575
HIP,4856,2498,17,0.0147515023127198,0.0232895519584417
HIP,10074,2499,9,0.0083738462999463,0.022882979363203
HIP,40953,2500,18,0.0009870005305856,0.0049503725022077
HIP,21729,2501,17,0.0110425623133778,0.018143568187952
HIP,6176,2502,12,0.0056156897917389,0.0145471151918172
HIP,24051,2503,14,0.0038713424000889,0.0060924110002815
HIP,37853,2504,18,0.0182082206010818,0.0281058419495821
HIP,48964,2505,17,0.0034743817523121,0.0131853623315691
HIP,7812,2506,12,0.0034261292312294,0.0103490892797708
HIP,2654,2507,12,0.0015697905328124,0.0065702819265425
HIP,47223,2508,18,0.0172773115336895,0.029431190341711
HIP,50203,2509,19,0.0105080539360642,0.0136239798739552
HIP,5083,2510,12,0.0017529089236631,0.0102290930226445
HIP,34886,2511,13,0.0041957832872867,0.0089144809171557
HIP,21745,2512,15,0.0021890280768275,0.0068880408070981
HIP,40146,2513,10,0.002080566715449,0.0079332208260893
HIP,40654,2514,15,0.0010207494487985,0.0042550931684672
HIP,24602,2515,14,0.0035231951624155,0.0119078587740659
HIP,18242,2516,19,0.166547954082489,0.1330932974815368
HIP,27368,2517,15,0.0005591652006842,0.0024073889944702
HIP,33295,2518,15,0.0088026402518153,0.0171899646520614
HIP,11464,2519,10,0.0014781398931518,0.0078935613855719
HIP,38528,2520,16,0.0012728301808238,0.0038353912532329
HIP,45584,2521,12,0.0092464452609419,0.0261361580342054
HIP,42849,2522,14,0.0058161155320703,0.0136573994532227
HIP,38070,2523,12,0.0083966869860887,0.0248855892568826
HIP,41446,2524,9,0.0018059767317026,0.0078771654516458
HIP,40420,2525,10,0.0057232119143009,0.0207491647452116
HIP,18634,2526,17,0.0015929274959489,0.0044918726198375
HIP,23679,2527,11,0.0047902474179863,0.0245171040296554
HIP,50247,2528,14,0.0039408556185662,0.0122034419327974
HIP,28825,2529,12,0.001255574519746,0.005967843811959
HIP,17379,2530,10,0.0121376756578683,0.0335995182394981
HIP,39821,2531,16,0.0007232223870232,0.0032699948642402
HIP,47235,2532,19,0.0053346012718975,0.0094472048804163
HIP,47730,2533,16,0.0006639909697696,0.0040129437111318
HIP,33035,2534,18,0.0007967147394083,0.0100031131878495
HIP,41813,2535,14,0.0010981840314343,0.0069696358405053
HIP,32606,2536,11,0.0086936531588435,0.023428900167346
HIP,46412,2537,13,0.0109770679846405,0.0207555368542671
HIP,12593,2538,14,0.002844440517947,0.010325402021408
HIP,1718,2539,10,0.0043396442197263,0.0133203202858567
HIP,29624,2540,18,0.0049433805979788,0.0221245791763067
HIP,212,2541,15,0.0015827775932848,0.0036523861344903
HIP,14816,2542,15,0.0061223898082971,0.011342603713274
HIP,19580,2543,15,0.0043409657664597,0.0094460230320692
HIP,25213,2544,10,0.0083512151613831,0.0398738607764244
HIP,20604,2545,17,0.0028310881461948,0.0197659097611904
HIP,10235,2546,12,0.0030872644856572,0.0122558763250708
HIP,22780,2547,12,0.0016666053561493,0.0085196876898407
HIP,27793,2548,11,0.0030000337865203,0.0123065169900655
HIP,21223,2549,13,0.0270105395466089,0.0855451896786689
HIP,42939,2550,14,0.1245186999440193,0.1128827333450317
HIP,34826,2551,11,0.0009455661056563,0.0049051460810005
HIP,44400,2552,13,0.0018149809911847,0.0056416634470224
HIP,16226,2553,16,0.0043282429687678,0.013942303135991
HIP,45470,2554,11,0.0477409362792968,0.0817666351795196
HIP,48175,2555,13,0.0109274582937359,0.0294140204787254
HIP,14171,2556,19,0.0020450942683964,0.0080490466207265
HIP,38284,2557,11,0.004839917179197,0.0157162714749574
HIP,19611,2558,15,0.0069141378626227,0.0224183220416307
HIP,39519,2559,12,0.015617717988789,0.0317456349730491
HIP,17213,2560,14,0.0086534395813941,0.0194832067936658
HIP,23919,2561,16,0.0067952647805213,0.0125651704147458
HIP,21029,2562,13,0.0043195309117436,0.010690220631659
HIP,43207,2563,12,0.0175648406147956,0.0368712320923805
HIP,7261,2564,8,0.0040752924978733,0.0119864381849765
HIP,35076,2565,14,0.0006671010632999,0.0041407826356589
HIP,14455,2566,16,0.0015342838596552,0.0056753139942884
HIP,15723,2567,18,0.0045267767272889,0.015501307323575
HIP,15091,2568,14,0.0045461063273251,0.0102675501257181
HIP,40523,2569,16,0.0060108262114226,0.0134421633556485
HIP,1744,2570,13,0.0020267628133296,0.0141723658889532
HIP,43135,2571,19,0.0020986141171306,0.0136441234499216
HIP,44060,2572,16,0.0076705268584191,0.0124763939529657
HIP,23025,2573,14,0.0118808764964342,0.0242218077182769
HIP,6326,2574,14,0.0013850069371983,0.0150899542495608
HIP,31331,2575,15,0.0070772981271147,0.014961002394557
HIP,25144,2576,13,0.0116284415125846,0.0352535992860794
HIP,10197,2577,16,0.0009259547805413,0.0038909283466637
HIP,18789,2578,12,0.0044718510471284,0.0153595302253961
HIP,38357,2579,14,0.0114559940993785,0.0690418854355812
HIP,42337,2580,13,0.0019212957704439,0.0057956669479608
HIP,26426,2581,16,0.0028745587915182,0.0064731901511549
HIP,38155,2582,13,0.0037439963780343,0.0113832037895917
HIP,12603,2583,11,0.0034431761596351,0.0082929572090506
HIP,7626,2584,19,0.0026961015537381,0.0071281697601079
HIP,7926,2585,11,0.0039688614197075,0.012729562819004
HIP,24675,2586,14,0.0068646543659269,0.0143119683489203
HIP,32277,2587,16,0.0078437849879264,0.0158381853252649
HIP,14989,2588,12,0.0023006664123386,0.0081136543303728
HIP,44099,2589,8,0.0098389731720089,0.0386719852685928
HIP,44587,2590,17,0.0030517517589032,0.0100449090823531
HIP,1450,2591,10,0.0027601467445492,0.0137958796694874
HIP,42242,2592,14,0.0150389904156327,0.0313712581992149
HIP,4297,2593,14,0.0084129106253385,0.0317655839025974
HIP,7034,2594,16,0.0028235423378646,0.0052922251634299
HIP,43555,2595,11,0.0014812160516157,0.0115630133077502
HIP,7518,2596,11,0.0126219103112816,0.0245485045015811
HIP,7971,2597,12,0.0125049678608775,0.0262733977288007
HIP,5280,2598,11,0.0512702539563179,0.1096982210874557
HIP,16484,2599,13,0.0010223519057035,0.0301490593701601
HIP,50161,2600,21,0.0039456747472286,0.0092855980619788
HIP,33692,2601,17,0.0016319676069542,0.0062863966450095
HIP,32867,2602,14,0.0021036206744611,0.006459588650614
HIP,12946,2603,15,0.0009893731912598,0.0045962776057422
HIP,11074,2604,15,0.007123852148652,0.0164014920592308
HIP,30856,2605,15,0.0026858528144657,0.0070938523858785
HIP,22275,2606,14,0.0039273598231375,0.0146749373525381
HIP,2855,2607,12,0.008008774369955,0.029294790700078
HIP,14477,2608,12,0.0132494587451219,0.0279566328972578
HIP,38884,2609,14,0.0024328476283699,0.0065953684970736
HIP,46853,2610,13,0.0300131402909755,0.0494722984731197
HIP,50669,2611,13,0.0078045972622931,0.020048514008522
HIP,6213,2612,14,0.0024228368420153,0.0085657192394137
HIP,18907,2613,16,0.0033586972858756,0.0105000901967287
HIP,17665,2614,17,0.0030877173412591,0.0171469859778881
HIP,33196,2615,15,0.0067882579751312,0.0224972646683454
HIP,45889,2616,15,0.0010016196174547,0.0047737807035446
HIP,5229,2617,15,0.0072801406495273,0.0154227092862129
HIP,33702,2618,13,0.0009065627818927,0.0044762971810996
HIP,3412,2619,14,0.0157662946730852,0.0335840471088886
HIP,15010,2620,9,0.0043056621216237,0.0220138169825077
HIP,38734,2621,12,0.0021531437523663,0.011427316814661
HIP,13941,2622,10,0.0025764545425772,0.0091464994475245
HIP,48640,2623,15,0.008984912186861,0.0182232242077589
HIP,1163,2624,18,0.00508977426216,0.0156609416007995
HIP,23152,2625,12,0.0182631649076938,0.0496327020227909
HIP,47637,2626,19,0.0006036304985173,0.0038482183590531
HIP,26876,2627,15,0.0240226089954376,0.0408349074423313
HIP,24021,2628,14,0.0056587774306535,0.0250612422823905
HIP,34697,2629,10,0.0019933020230382,0.0110084526240825
HIP,39164,2630,14,0.0030713905580341,0.0075976378284394
HIP,27007,2631,16,0.0013997482601553,0.0070814061909914
HIP,31320,2632,9,0.0137408412992954,0.0894231721758842
HIP,12334,2633,12,0.0008459567325189,0.0042060678824782
HIP,20739,2634,12,0.0036560196895152,0.0077173649333417
HIP,39621,2635,17,0.0021111622918397,0.0093018803745508
HIP,32150,2636,14,0.0007277756812982,0.0108993621543049
HIP,1794,2637,15,0.0051732282154262,0.0121284835040569
HIP,9205,2638,10,0.0438434928655624,0.0804831832647323
HIP,46939,2639,13,0.0042147971689701,0.0141440089792013
HIP,43686,2640,13,0.00442606350407,0.0118838744238018
HIP,16682,2641,15,0.0020517613738775,0.0580588951706886
HIP,50392,2642,10,0.0698846355080604,0.0913479402661323
HIP,18057,2643,14,0.0147126745432615,0.0329118072986602
HIP,12144,2644,16,0.0274654291570186,0.0403629541397094
HIP,11771,2645,10,0.0135301603004336,0.0261195935308933
HIP,19835,2646,15,0.0176427774131298,0.0336513929069042
HIP,33926,2647,13,0.0060177845880389,0.0152551103383302
HIP,43266,2648,17,0.008783551864326,0.0127514256164431
HIP,2815,2649,18,0.0090207224711775,0.0221902094781398
HIP,30575,2650,10,0.0218756329268217,0.0729397162795066
HIP,15213,2651,13,0.0047086835838854,0.0159433633089065
HIP,1890,2652,12,0.0045281527563929,0.0179003234952688
HIP,7038,2653,15,0.0019515646854415,0.0059028700925409
HIP,23344,2654,11,0.0009869616478681,0.0056066247634589
HIP,33281,2655,14,0.0017594948876649,0.007281444966793
HIP,13550,2656,10,0.0036032176576554,0.0113359028473496
HIP,32447,2657,14,0.0011472182814031,0.0057873800396919
HIP,37650,2658,12,0.0012450921349227,0.0048605715855956
HIP,35092,2659,17,0.005071512889117,0.0114315208047628
HIP,18413,2660,13,0.002212434541434,0.0066241011954844
HIP,28357,2661,14,0.0076891952194273,0.0165029410272836
HIP,2755,2662,16,0.005205332301557,0.0145844286307692
HIP,21804,2663,19,0.0047805258072912,0.0119011821225285
HIP,22617,2664,10,0.004752897657454,0.010983289219439
HIP,28389,2665,14,0.0007513693417422,0.0034198048524558
HIP,6127,2666,12,0.0041494276374578,0.0123946815729141
HIP,42761,2667,12,0.0038315115962177,0.0097256740555167
HIP,20308,2668,12,0.0019516494357958,0.0094182509928941
HIP,18624,2669,19,0.0110163670033216,0.042117740958929
HIP,49878,2670,15,0.0012907129712402,0.0056838835589587
HIP,34934,2671,14,0.0017240544548258,0.0053144986741244
HIP,296,2672,15,0.0053241848945617,0.0332725569605827
HIP,8722,2673,15,0.0018304993864148,0.0058457758277654
HIP,50224,2674,15,0.0038964070845395,0.0093012042343616
HIP,13965,2675,17,0.0064923227764666,0.0149096874520182
HIP,35080,2676,14,0.0014809081330895,0.0162962172180414
HIP,49837,2677,8,0.0108378585427999,0.0454295128583908
HIP,16518,2678,13,0.0063878577202558,0.0135648008435964
HIP,25496,2679,16,0.0070214504376053,0.0374743826687336
HIP,29840,2680,10,0.0506691038608551,0.123304545879364
HIP,45910,2681,15,0.0545023195445537,0.0584267936646938
HIP,29847,2682,16,0.0579406879842281,0.0933516696095466
HIP,1255,2683,11,0.0028095056768506,0.0115785486996173
HIP,31417,2684,15,0.0038014559540897,0.0085851838812232
HIP,19814,2685,15,0.0061736260540783,0.0166463498026132
HIP,27460,2686,19,0.0014219698496162,0.003898850409314
HIP,23623,2687,11,0.0256226509809494,0.0622295811772346
HIP,49468,2688,18,0.0053823674097657,0.0108243161812424
HIP,3617,2689,13,0.0062596411444246,0.0782659128308296
HIP,38345,2690,13,0.0043090777471661,0.013593191280961
HIP,123,2691,15,0.0058880681172013,0.0155230509117245
HIP,4039,2692,17,0.0020269900560379,0.0056862542405724
HIP,35951,2693,13,0.0085561769083142,0.0199122913181781
HIP,29633,2694,12,0.0134626282379031,0.0268407817929983
HIP,11866,2695,11,0.0410782545804977,0.1224637329578399
HIP,38327,2696,14,0.0029230930376797,0.0088762827217578
HIP,42982,2697,17,0.0061077931895852,0.0122400606051087
HIP,3981,2698,14,0.002510798163712,0.0069684819318354
HIP,16953,2699,12,0.0067105242051184,0.0186251830309629
HIP,32508,2700,16,0.0076119354926049,0.0179297048598527
HIP,49021,2701,11,0.0036797416396439,0.0102075012400746
HIP,15777,2702,17,0.0006980738253332,0.0060807056725025
HIP,24775,2703,13,0.0056886454112827,0.0140211433172225
HIP,27107,2704,12,0.0375386998057365,0.0810406357049942
HIP,30432,2705,16,0.0012675612233579,0.003742596367374
HIP,46942,2706,15,0.0014483720296993,0.0321433208882808
HIP,20819,2707,12,0.0061580431647598,0.0168434288352727
HIP,20379,2708,15,0.0101229744032025,0.0209059156477451
HIP,37504,2709,14,0.0081014307215809,0.0257064178586006
HIP,3645,2710,15,0.0049577411264181,0.013390582986176
HIP,32306,2711,7,0.0062052509747445,0.0164862293750047
HIP,22633,2712,15,0.1160634160041809,0.1096109375357627
HIP,21767,2713,17,0.0065535902976989,0.0134934494271874
HIP,3997,2714,14,0.0054237185977399,0.0145899653434753
HIP,10093,2715,9,0.0056972689926624,0.0194933861494064
HIP,14917,2716,14,0.0072925672866404,0.0152233717963099
HIP,18283,2717,14,0.0037749423645436,0.0281867906451225
HIP,43278,2718,12,0.0115714222192764,0.0266489926725626
HIP,46132,2719,14,0.2505579590797424,0.3796659708023071
HIP,28637,2720,14,0.0071696988306939,0.0161493420600891
HIP,10027,2721,12,0.0188048984855413,0.0282682254910469
HIP,48211,2722,14,0.0103767402470111,0.0163824744522571
HIP,36330,2723,14,0.0047734314575791,0.0095030395314097
HIP,7464,2724,11,0.0397173650562763,0.0874790027737617
HIP,9831,2725,10,0.0024652874562889,0.0087219262495636
HIP,25301,2726,12,0.0108804823830723,0.0190621372312307
HIP,1244,2727,17,0.0017664282349869,0.0055865286849439
HIP,36266,2728,17,0.0042983829043805,0.0403869822621345
HIP,45652,2729,15,0.0075010051950812,0.0114163644611835
HIP,30796,2730,13,0.0089659839868545,0.0182684622704982
HIP,14508,2731,10,0.0062406025826931,0.0174856875091791
HIP,42627,2732,9,0.047057531774044,0.0901451185345649
HIP,44486,2733,14,0.0177634339779615,0.0319950766861438
HIP,44957,2734,15,0.0045361975207924,0.0135103585198521
HIP,7269,2735,10,0.0076931538060307,0.0279286243021488
HIP,35386,2736,11,0.0101774120703339,0.0273992717266082
HIP,45138,2737,12,0.0048057343810796,0.0130995148792862
HIP,11501,2738,16,0.0034388392232358,0.0090270061045885
HIP,8079,2739,13,0.0064965272322297,0.0188649799674749
HIP,4873,2740,16,0.0009007896296679,0.0040085194632411
HIP,42071,2741,18,0.0037069241516292,0.0081203300505876
HIP,12626,2742,15,0.0008280125330202,0.0065760281868278
HIP,41328,2743,17,0.00308279809542,0.0081928987056016
HIP,9780,2744,12,0.0017237894935533,0.005346599034965
HIP,10663,2745,15,0.0050542568787932,0.0136276297271251
HIP,28154,2746,13,0.0032018534839153,0.0118657080456614
HIP,3109,2747,16,0.0059036742895841,0.0128791853785514
HIP,36761,2748,12,0.0017143621807917,0.0072497599758207
HIP,1649,2749,19,0.0007137811044231,0.0846888199448585
HIP,7579,2750,11,0.0008201356395147,0.0039795907214283
HIP,30041,2751,10,0.0041739465668797,0.0118024768307805
HIP,3506,2752,17,0.0379220284521579,0.0678655058145523
HIP,5163,2753,11,0.0412899293005466,0.1222963035106659
HIP,44437,2754,12,0.0049721668474376,0.0157264452427625
HIP,13132,2755,14,0.014343136921525,0.0254264678806066
HIP,42940,2756,19,0.0024050523061305,0.0055476548150181
HIP,6559,2757,12,0.0070107579231262,0.0243252124637365
HIP,24625,2758,13,0.0031545469537377,0.0117450468242168
HIP,40641,2759,17,0.0046297605149447,0.0097665805369615
HIP,17525,2760,16,0.0018818257376551,0.0080872476100921
HIP,16027,2761,17,0.0181437507271766,0.0315989442169666
HIP,36682,2762,19,0.00237761833705,0.0052174665033817
HIP,25928,2763,18,0.0011068509193137,0.0070356046780943
HIP,13236,2764,13,0.0038276917766779,0.0110886478796601
HIP,19959,2765,12,0.0054466966539621,0.0159556698054075
HIP,2046,2766,12,0.0389498397707939,0.0649460777640342
HIP,19753,2767,15,0.0072864321991801,0.0242440439760684
HIP,46348,2768,7,0.0029235791880637,0.0147691993042826
HIP,39603,2769,8,0.0288152918219566,0.0757507383823394
HIP,37624,2770,12,0.0006235176697373,0.0038343323394656
HIP,18153,2771,11,0.008019445464015,0.0211257059127092
HIP,28979,2772,12,0.0038258449640125,0.0136546986177563
HIP,45812,2773,14,0.0232309326529502,0.0289664808660745
HIP,18367,2774,14,0.0053443098440766,0.0124470768496394
HIP,30085,2775,11,0.0100655667483806,0.0458484031260013
HIP,19912,2776,14,0.0073770671151578,0.0215366389602422
HIP,18686,2777,11,0.0535737425088882,0.080647587776184
HIP,33856,2778,12,0.0030890966299921,0.0205454658716917
HIP,45136,2779,16,0.0064669772982597,0.03658889234066
HIP,17830,2780,16,0.0011312573915347,0.0130443694069981
HIP,19871,2781,11,0.0012583780335262,0.0054479953832924
HIP,45742,2782,14,0.0119107197970151,0.0253242496401071
HIP,25467,2783,14,0.0028226361609995,0.007851431146264
HIP,37237,2784,13,0.0086527420207858,0.0256803724914789
HIP,9087,2785,13,0.0030781729146838,0.0072826887480914
HIP,2586,2786,15,0.022267198190093,0.0430949702858924
HIP,17651,2787,11,0.0007077229092828,0.0268093179911375
HIP,21733,2788,15,0.0110960537567734,0.019492782652378
HIP,26171,2789,9,0.0553630180656909,0.1197054162621498
HIP,45281,2790,12,0.001244111219421,0.0035831031855195
HIP,36048,2791,10,0.0109116164967417,0.0291402991861104
HIP,23924,2792,11,0.0057192221283912,0.0184600595384836
HIP,49692,2793,10,0.0755360499024391,0.1223033517599105
HIP,22911,2794,12,0.0152004789561033,0.0333286263048648
HIP,20029,2795,17,0.0014233817346394,0.0052655902691185
HIP,4342,2796,10,0.0055778087116777,0.0160504188388586
HIP,39954,2797,15,0.0007784907356835,0.0096118310466408
HIP,669,2798,16,0.0296990554779768,0.0343288071453571
HIP,33553,2799,14,0.1368629336357116,0.1329066455364227
HIP,49343,2800,15,0.0034781340509653,0.0231291372328996
HIP,24042,2801,14,0.0006844156887382,0.0102444840595126
HIP,12491,2802,16,0.0007525499677285,0.0029064987320452
HIP,25051,2803,11,0.0560778006911277,0.097425028681755
HIP,30268,2804,13,0.0011298131430521,0.004220450296998
HIP,33993,2805,14,0.0011251865653321,0.0044624404981732
HIP,3450,2806,16,0.0010440174955874,0.0563505887985229
HIP,15186,2807,16,0.0263565480709075,0.0633947998285293
HIP,36896,2808,15,0.0010131316957995,0.0042100893333554
HIP,5471,2809,13,0.002601207466796,0.0076410807669162
HIP,11952,2810,14,0.0066895484924316,0.0138936657458543
HIP,19834,2811,16,0.0432971119880676,0.0656304657459259
HIP,39788,2812,15,0.0027816691435873,0.0070837177336215
HIP,7512,2813,17,0.0062791449017822,0.0137870460748672
HIP,8419,2814,15,0.0029663308523595,0.0197371877729892
HIP,15994,2815,19,0.0056903972290456,0.0358767360448837
HIP,6979,2816,12,0.0132360877469182,0.0308700427412986
HIP,78,2817,10,0.0017334092408418,0.0064942096360027
HIP,28694,2818,12,0.0046710800379514,0.00845293328166
HIP,29061,2819,16,0.0087937992066144,0.0210854951292276
HIP,10263,2820,16,0.0007347780629061,0.0027880773413926
HIP,42189,2821,13,0.0007418747409246,0.0043996460735797
HIP,41756,2822,12,0.0080915093421936,0.0182883478701114
HIP,37973,2823,17,0.0075633875094354,0.0187966022640466
HIP,38049,2824,13,0.0005989033961668,0.0038406923413276
HIP,44130,2825,16,0.000827481620945,0.0572554059326648
HIP,9095,2826,11,0.0008669135859236,0.0036255621816962
HIP,19436,2827,13,0.0024064818862825,0.0118427090346813
HIP,22410,2828,15,0.0048105288296937,0.0147090051323175
HIP,40403,2829,12,0.0093260956928133,0.0314709246158599
HIP,32731,2830,14,0.0282157603651285,0.0449114292860031
HIP,26968,2831,17,0.0016417849110439,0.0088437041267752
HIP,27832,2832,14,0.0225947760045528,0.0365127101540565
HIP,20858,2833,15,0.0009009651839733,0.004904908593744
HIP,47706,2834,15,0.0009288147557526,0.0046379212290048
HIP,10111,2835,15,0.0031266522128134,0.0129632391035556
HIP,19233,2836,16,0.0014987991889938,0.0047121667303144
HIP,37025,2837,13,0.0156883019953966,0.1377995461225509
HIP,16208,2838,9,0.0684013217687606,0.1936634629964828
HIP,50583,2839,16,0.0014488087035715,0.0063654691912233
HIP,41828,2840,16,0.0061916722916066,0.0106131173670291
HIP,19688,2841,14,0.0022030726540833,0.0308331381529569
HIP,36986,2842,13,0.0182847939431667,0.0402373373508453
HIP,20083,2843,17,0.0014587179757654,0.0052944389171898
HIP,44905,2844,13,0.0079416194930672,0.0180651973932981
HIP,6709,2845,18,0.000599943450652,0.0081881657242774
HIP,6587,2846,13,0.0006436664843931,0.0025660393293946
HIP,7271,2847,12,0.0087863160297274,0.0212359279394149
HIP,28120,2848,15,0.0026645527686923,0.0111172702163457
HIP,47826,2849,12,0.0155975790694355,0.0389769300818443
HIP,10297,2850,12,0.0102803474292159,0.0227318927645683
HIP,17585,2851,10,0.0417681150138378,0.0763227194547653
HIP,7454,2852,14,0.0036031317431479,0.011410909704864
HIP,22477,2853,13,0.01491907145828,0.0274461191147565
HIP,23175,2854,16,0.0007545898552052,0.0033427183516323
HIP,44572,2855,10,0.0087426686659455,0.0250953994691371
HIP,40485,2856,9,0.0028544480446726,0.0098374858498573
HIP,46083,2857,14,0.0021564818453043,0.0078659057617187
HIP,35102,2858,17,0.0026199035346508,0.0079898135736584
HIP,40750,2859,12,0.0727084279060363,0.1012586653232574
HIP,2938,2860,19,0.0018382826820015,0.0130564700812101
HIP,35959,2861,12,0.021952012553811,0.0508404299616813
HIP,5676,2862,19,0.0030138220172375,0.0089077921584248
HIP,7683,2863,9,0.0089950123801827,0.0383108891546726
HIP,26125,2864,15,0.0071142590604722,0.0228392872959375
HIP,28524,2865,14,0.0037185600958764,0.0130687467753887
HIP,20371,2866,13,0.0006915601552464,0.0378767549991607
HIP,17569,2867,11,0.0051301345229148,0.0123840691521763
HIP,4503,2868,16,0.0009432292426936,0.0033722333610057
HIP,3996,2869,11,0.0037243294063955,0.0100043294951319
HIP,24243,2870,14,0.0054922429844737,0.0159948412328958
HIP,40775,2871,10,0.0051787914708256,0.0196680780500173
HIP,11840,2872,18,0.001355085754767,0.0084777027368545
HIP,37299,2873,13,0.0575326904654502,0.1110749021172523
HIP,1063,2874,14,0.0040186219848692,0.0134537769481539
HIP,50713,2875,16,0.0065936772152781,0.0592686347663402
HIP,31173,2876,14,0.0041950303129851,0.0134810870513319
HIP,41327,2877,14,0.0056432201527059,0.0145213175565004
HIP,23372,2878,11,0.0416355729103088,0.0909636095166206
HIP,2641,2879,18,0.0022648572921752,0.0075100702233612
HIP,22045,2880,13,0.0296260342001914,0.0900843441486358
HIP,12095,2881,16,0.0079567627981305,0.0144524509087204
HIP,38866,2882,15,0.0076766805723309,0.0240021925419569
HIP,35971,2883,16,0.0005701186601072,0.0715050771832466
HIP,32307,2884,16,0.0049150073900818,0.0123478965833783
HIP,14890,2885,15,0.0007417500019073,0.0028041221667081
HIP,44669,2886,12,0.0400002673268318,0.1167721077799797
HIP,3249,2887,15,0.0029172103386372,0.0100061828270554
HIP,18496,2888,9,0.0185621287673711,0.0452165752649307
HIP,36594,2889,9,0.0029131569899618,0.012662916444242
HIP,17291,2890,8,0.0007122563547454,0.0136469220742583
HIP,42759,2891,12,0.002284986898303,0.0085554253309965
HIP,10461,2892,16,0.0026255194097757,0.0058557954616844
HIP,20011,2893,18,0.0055372691713273,0.0130295343697071
HIP,26194,2894,13,0.0555180832743644,0.0770705640316009
HIP,30870,2895,16,0.0062304004095494,0.0110577829182147
HIP,18017,2896,15,0.0010376231512054,0.0041073085740208
HIP,28243,2897,13,0.0065587223507463,0.0179305430501699
HIP,43859,2898,14,0.0028309477493166,0.0065637556836009
HIP,7815,2899,13,0.0021293095778673,0.0079349363222718
HIP,22389,2900,16,0.0072605586610734,0.0140465926378965
HIP,46173,2901,16,0.0015923622995615,0.0121713997796177
HIP,46882,2902,12,0.0124479224905371,0.0302702728658914
HIP,9047,2903,10,0.0041483072564005,0.0171870738267898
HIP,32075,2904,14,0.008249276317656,0.0234371479600667
HIP,18757,2905,11,0.0014654299011453,0.0587700121104717
HIP,18715,2906,19,0.0005999960703775,0.0023236146662384
HIP,18387,2907,14,0.0108275143429636,0.0201966390013694
HIP,32551,2908,11,0.0195085015147924,0.0488529801368713
HIP,32589,2909,12,0.004130124580115,0.0115555943921208
HIP,30417,2910,12,0.0534554980695247,0.1067530289292335
HIP,29703,2911,20,0.005970062687993,0.021283620968461
HIP,19121,2912,7,0.003269373672083,0.0137518644332885
HIP,14068,2913,11,0.0017792532453313,0.0059387804940342
HIP,41232,2914,14,0.0121304281055927,0.0339603498578071
HIP,14542,2915,12,0.0392700359225273,0.0815161019563674
HIP,16174,2916,15,0.0007640117546543,0.0032412575092166
HIP,18879,2917,12,0.00730850873515,0.0166051164269447
HIP,7931,2918,14,0.0019905648659914,0.0102837877348065
HIP,6384,2919,13,0.0011317934840917,0.0060868524014949
HIP,16308,2920,13,0.0019389578374102,0.006638656836003
HIP,26443,2921,12,0.0347233042120933,0.0684425756335258
HIP,11794,2922,15,0.0029427977278828,0.0093838395550847
HIP,41313,2923,13,0.0077166412957012,0.0184757560491561
HIP,36757,2924,13,0.0069225979968905,0.0133127197623252
HIP,30036,2925,13,0.0012136760633438,0.0055957976728677
HIP,37983,2926,15,0.0141137642785906,0.0357556901872158
HIP,26255,2927,15,0.0083124013617634,0.0276236459612846
HIP,41081,2928,11,0.0043159169144928,0.0180681832134723
HIP,21482,2929,13,0.0225724354386329,0.0374329648911953
HIP,35661,2930,13,0.0527066439390182,0.1105664670467376
HIP,42454,2931,15,0.0038009858690202,0.0130593171343207
HIP,34524,2932,13,0.0049096485599875,0.0141875836998224
HIP,33380,2933,12,0.0117953522130846,0.0276677049696445
HIP,46224,2934,16,0.0013020945480093,0.005885989870876
HIP,8232,2935,10,0.060738805681467,0.1517627388238906
HIP,18315,2936,12,0.0130040924996137,0.0309961512684822
HIP,40965,2937,15,0.0050504296086728,0.0104723153635859
HIP,4546,2938,10,0.0071602589450776,0.0210356153547763
HIP,13503,2939,13,0.014001727104187,0.0389938727021217
HIP,23592,2940,16,0.0047016111202538,0.01431714463979
HIP,24790,2941,17,0.0049185683019459,0.0180889479815959
HIP,1774,2942,12,0.0009132617269642,0.0084629962220788
HIP,9742,2943,12,0.0055921589955687,0.0142809730023145
HIP,19731,2944,15,0.0185614377260208,0.0384558103978633
HIP,28415,2945,14,0.0077035357244312,0.0210366453975439
HIP,44690,2946,15,0.0008259550668299,0.0057830517180264
HIP,20025,2947,9,0.0084391310811042,0.0302479322999715
HIP,49465,2948,17,0.0059314011596143,0.0175240151584148
HIP,30001,2949,15,0.0098164165392518,0.0167450234293937
HIP,24601,2950,12,0.0157858077436685,0.0324478931725025
HIP,31299,2951,21,0.0044564767740666,0.0177783630788326
HIP,43105,2952,15,0.000729912542738,0.0501687675714492
HIP,17099,2953,15,0.007703976240009,0.0636555925011634
HIP,40707,2954,14,0.0081660645082592,0.0194518808275461
HIP,24233,2955,19,0.0055186823010444,0.0107841361314058
HIP,8532,2956,12,0.0046823900192976,0.0124772181734442
HIP,10932,2957,14,0.0012282149400562,0.0040809642523527
HIP,8792,2958,17,0.0029966265428811,0.0075455456972122
HIP,33125,2959,20,0.0049517275765538,0.0170598495751619
HIP,43350,2960,12,0.0059639867395162,0.0387408286333084
HIP,37425,2961,17,0.0192456096410751,0.0344950295984745
HIP,33213,2962,14,0.0025385334156453,0.0067440303973853
HIP,23651,2963,12,0.0095710279420018,0.0246129017323255
HIP,10873,2964,19,0.0029805277008563,0.0069670882076025
HIP,50507,2965,12,0.0294974446296691,0.0638199225068092
HIP,31190,2966,14,0.0024022748693823,0.0084655731916427
HIP,28945,2967,10,0.0344736166298389,0.0538229718804359
HIP,35118,2968,15,0.0103667071089148,0.0198685377836227
HIP,20046,2969,17,0.0020349309779703,0.0064796525985002
HIP,37645,2970,16,0.0385614000260829,0.0592673160135746
HIP,30941,2971,11,0.0254883952438831,0.044185534119606
HIP,37218,2972,8,0.0721433609724044,0.11923149228096
HIP,27810,2973,14,0.0068911984562873,0.014254399575293
HIP,19630,2974,11,0.028914013877511,0.064225934445858
HIP,28461,2975,21,0.002660206053406,0.0736559554934501
HIP,25239,2976,17,0.0022449151147156,0.0064390115439891
HIP,16952,2977,15,0.0099834194406867,0.0268425643444061
HIP,42258,2978,11,0.0041313311085104,0.0111300656571984
HIP,10184,2979,13,0.0302118640393018,0.0934471562504768
HIP,26092,2980,17,0.0388587266206741,0.0738219916820526
HIP,50682,2981,14,0.0028410572558641,0.0073241186328232
HIP,17394,2982,13,0.0018435535021126,0.0057371859438717
HIP,25452,2983,12,0.0103929685428738,0.0392366982996463
HIP,13911,2984,15,0.0006850563804619,0.0034510071855038
HIP,15074,2985,16,0.0069656576961278,0.014679710380733
HIP,45747,2986,9,0.0078915758058428,0.0168053209781646
HIP,19911,2987,11,0.0359214879572391,0.0636429488658905
HIP,9710,2988,12,0.0080286180600523,0.0175007209181785
HIP,42065,2989,15,0.012231889180839,0.0317733511328697
HIP,7157,2990,19,0.0029470073059201,0.0329724662005901
HIP,19687,2991,15,0.0055966582149267,0.0130498278886079
HIP,398,2992,14,0.0035713755059987,0.0152603536844253
HIP,29278,2993,8,0.0007025166414678,0.0135154649615287
HIP,39051,2994,13,0.0032183902803808,0.0102558406069874
HIP,22147,2995,14,0.007436032872647,0.0170762576162815
HIP,32166,2996,14,0.0021670986898243,0.0089195072650909
HIP,479,2997,19,0.0030754427425563,0.0071208360604941
HIP,23475,2998,11,0.0499279499053955,0.1357926279306411
HIP,35146,2999,17,0.0058489828370511,0.021135838702321
HIP,7567,3000,14,0.0033561761956661,0.0116198472678661
HIP,3262,3001,14,0.0015880884602665,0.0054154633544385
HIP,6315,3002,15,0.0035978842061012,0.0117072006687521
HIP,21050,3003,14,0.0085507035255432,0.0246490593999624
HIP,7152,3004,14,0.0053905202075839,0.0178576558828353
HIP,33116,3005,13,0.0010161801474168,0.0061250515282154
HIP,38481,3006,8,0.0209599882364273,0.0876316130161285
HIP,1512,3007,11,0.0024849728215485,0.0116947516798973
HIP,48903,3008,17,0.0039882715791463,0.008140436373651
HIP,29354,3009,12,0.0080931894481182,0.0203702244907617
HIP,46089,3010,16,0.0062207407318055,0.0509498193860054
HIP,3756,3011,14,0.0063042002730071,0.0169282462447881
HIP,16320,3012,13,0.0017561810091137,0.0166678596287965
HIP,38202,3013,16,0.0041857222095131,0.0085008246824145
HIP,34047,3014,18,0.0033767947461456,0.0168508701026439
HIP,26300,3015,8,0.0115843787789344,0.0283871628344059
HIP,4990,3016,14,0.0074107600376009,0.0166433341801166
HIP,43793,3017,15,0.0091998279094696,0.0142277302220463
HIP,31495,3018,12,0.0113061340525746,0.0246681757271289
HIP,33701,3019,17,0.0015307418070733,0.0076028821058571
HIP,24273,3020,17,0.0069696707651019,0.0174059513956308
HIP,34238,3021,16,0.0164227224886417,0.0265810787677764
HIP,38253,3022,15,0.0837347507476806,0.1270411759614944
HIP,35590,3023,15,0.0027858354151248,0.0149926040321588
HIP,33658,3024,17,0.0005288154352456,0.0079535162076354
HIP,40102,3025,12,0.0007098166388459,0.005071491934359
HIP,33292,3026,13,0.0062858280725777,0.0133821340277791
HIP,9723,3027,13,0.006816619541496,0.0200119782239198
HIP,18722,3028,9,0.0144367972388863,0.0616474971175193
HIP,5501,3029,14,0.0066857645288109,0.0216342825442552
HIP,19618,3030,17,0.0065690553747117,0.0106571782380342
HIP,24424,3031,18,0.0044263773597776,0.0148419495671987
HIP,44222,3032,14,0.0008849750156514,0.0043244734406471
HIP,15620,3033,17,0.0020729703828692,0.0068410909734666
HIP,38739,3034,11,0.0221239943057298,0.0525762923061847
HIP,41191,3035,19,0.0030352671165019,0.008898670785129
HIP,47156,3036,19,0.0045289155095815,0.007675870321691
HIP,24065,3037,15,0.0330243930220603,0.0564299561083316
HIP,15572,3038,11,0.0014294363791123,0.0051428475417196
HIP,13306,3039,11,0.042992528527975,0.0838833749294281
HIP,38662,3040,14,0.0230730380862951,0.0364931970834732
HIP,39001,3041,10,0.0225006509572267,0.072734996676445
HIP,14906,3042,9,0.003149309195578,0.0113049913197755
HIP,7288,3043,16,0.0033663194626569,0.007739242631942
HIP,17801,3044,14,0.0081003224477171,0.0160649344325065
HIP,50376,3045,11,0.002352280775085,0.0280880574136972
HIP,19009,3046,12,0.0138804325833916,0.0410361364483833
HIP,17898,3047,19,0.0050603118725121,0.0118631543591618
HIP,33012,3048,12,0.0290894042700529,0.1146595552563667
HIP,33232,3049,13,0.000747364363633,0.0023439072538167
HIP,3459,3050,11,0.0040409741923213,0.0087888520210981
HIP,29296,3051,12,0.0391068570315837,0.089748203754425
HIP,47647,3052,10,0.0009583334904164,0.014728657901287
HIP,21799,3053,10,0.0316605977714061,0.0633636713027954
HIP,34760,3054,19,0.0065694092772901,0.0166410058736801
HIP,50105,3055,11,0.0024057971313595,0.0094992648810148
HIP,17486,3056,16,0.000943970575463,0.0038524244446307
HIP,8770,3057,10,0.0094692986458539,0.0667544156312942
HIP,21318,3058,15,0.0097376098856329,0.0244134552776813
HIP,41236,3059,10,0.0115340529009699,0.0268303416669368
HIP,768,3060,12,0.0045568430796265,0.016363812610507
HIP,5398,3061,12,0.0015824203146621,0.0068809185177087
HIP,46161,3062,11,0.0098068350926041,0.0292714163661003
HIP,16333,3063,16,0.0031646671704947,0.0137915313243865
HIP,9293,3064,13,0.0110375480726361,0.0246164761483669
HIP,23350,3065,15,0.0039961584843695,0.0084521351382136
HIP,18772,3066,16,0.0114854499697685,0.0274587143212556
HIP,42092,3067,13,0.0546910278499126,0.108043685555458
HIP,14559,3068,13,0.0058012320660054,0.0134947169572114
HIP,15241,3069,11,0.0008250796818174,0.0037521072663366
HIP,40144,3070,11,0.009570138528943,0.0187104139477014
HIP,48720,3071,11,0.0014834076864644,0.0052265916019678
HIP,18818,3072,16,0.0033091062214225,0.0104742748662829
HIP,33189,3073,18,0.0043546026572585,0.0237623192369937
HIP,42724,3074,10,0.0175777282565832,0.0447512902319431
HIP,7407,3075,12,0.0010503700468689,0.007310542743653
HIP,35445,3076,15,0.0060542863793671,0.0134820686653256
HIP,16211,3077,19,0.0031959619373083,0.0141758434474468
HIP,4356,3078,11,0.0097433002665638,0.0448942929506301
HIP,34476,3079,13,0.026848629117012,0.0425251126289367
HIP,44234,3080,17,0.0006589334807358,0.0115712778642773
HIP,10527,3081,16,0.0085368081927299,0.0840379670262336
HIP,43149,3082,14,0.0124950520694255,0.0392066650092601
HIP,9479,3083,12,0.0034286514855921,0.0123620061203837
HIP,18597,3084,16,0.0310119967907667,0.0652549117803573
HIP,31562,3085,13,0.0037320286501199,0.0058946078643202
HIP,11497,3086,14,0.0175063181668519,0.0381163693964481
HIP,48254,3087,12,0.0083265043795108,0.0231178347021341
HIP,457,3088,16,0.0125321960076689,0.0198457036167383
HIP,48600,3089,17,0.000798784836661,0.0100519936531782
HIP,42123,3090,17,0.0049939011223614,0.0104748038575053
HIP,22100,3091,17,0.0006777616799809,0.0071375947445631
HIP,28978,3092,14,0.0043657678179442,0.0085997655987739
HIP,1166,3093,10,0.0188082046806812,0.0939461588859558
HIP,12836,3094,21,0.0062015424482524,0.0129858460277318
HIP,39574,3095,13,0.0040341923013329,0.0119517697021365
HIP,50319,3096,16,0.0052521675825119,0.0145576344802975
HIP,49736,3097,14,0.0005967508186586,0.0102178612723946
HIP,41871,3098,14,0.0035443555098026,0.0101224556565284
HIP,26579,3099,17,0.0193930231034755,0.025840064510703
HIP,31382,3100,13,0.0207401532679796,0.0408539660274982
HIP,24977,3101,15,0.0020331393461674,0.0048164343461394
HIP,13672,3102,13,0.0448360033333301,0.0790748298168182
HIP,33997,3103,16,0.0037008579820394,0.0071796393021941
HIP,49949,3104,16,0.0117400288581848,0.026145190000534
HIP,8694,3105,13,0.0210998877882957,0.0366091914474964
HIP,35313,3106,15,0.0013057852629572,0.0059819668531417
HIP,28333,3107,15,0.0008240711758844,0.0051384018734097
HIP,7796,3108,12,0.0457707904279232,0.0730914175510406
HIP,16511,3109,10,0.0027736024931073,0.0086373323574662
HIP,11764,3110,9,0.0152964182198047,0.0392202176153659
HIP,48417,3111,15,0.009206467308104,0.0251697618514299
HIP,32049,3112,14,0.008571982383728,0.0597264692187309
HIP,31638,3113,13,0.0218117218464612,0.0281172096729278
HIP,15183,3114,14,0.0040362263098359,0.0189413111656904
HIP,35027,3115,15,0.0254505537450313,0.038100216537714
HIP,1745,3116,16,0.0013205868890509,0.0717990919947624
HIP,22999,3117,17,0.0032756475266069,0.0094030359759926
HIP,5611,3118,15,0.0062126545235514,0.0128701645880937
HIP,226,3119,12,0.0233064033091068,0.0338388122618198
HIP,26839,3120,10,0.0260656960308551,0.0593007914721965
HIP,9681,3121,15,0.0036806801799684,0.0073178214952349
HIP,16847,3122,12,0.0535652488470077,0.0723812282085418
HIP,25261,3123,15,0.0135525995865464,0.0274956412613391
HIP,4680,3124,14,0.0063157514669001,0.013933845795691
HIP,6643,3125,12,0.0040590143762528,0.0137441158294677
HIP,29043,3126,16,0.0010931238066405,0.0134227061644196
HIP,47692,3127,14,0.0114349797368049,0.0388451926410198
HIP,21210,3128,15,0.0010423399507999,0.0048372098244726
HIP,36292,3129,21,0.0014961017295718,0.0663090497255325
HIP,37689,3130,10,0.0207878742367029,0.05276320874691
HIP,24106,3131,16,0.0017031903844326,0.0049877692945301
HIP,46309,3132,13,0.000769639853388,0.004244334064424
HIP,2747,3133,13,0.0217317398637533,0.0310918930917978
HIP,18175,3134,13,0.0018561097094789,0.005668353755027
HIP,34108,3135,12,0.0178027842193841,0.0336518883705139
HIP,34127,3136,11,0.0011838385835289,0.0043618814088404
HIP,29539,3137,13,0.0078644063323736,0.0234684199094772
HIP,32098,3138,10,0.0144888749346137,0.0288625732064247
HIP,27809,3139,18,0.0018352743936702,0.0044024912640452
HIP,28261,3140,12,0.0067266970872879,0.0455352403223514
HIP,50142,3141,16,0.0213019400835037,0.0359318777918815
HIP,30522,3142,8,0.0009292901377193,0.0124935926869511
HIP,25099,3143,17,0.0036438459064811,0.0340989120304584
HIP,4454,3144,9,0.0130117898806929,0.061451319605112
HIP,44058,3145,15,0.0068306406028568,0.0133122336119413
HIP,30743,3146,15,0.0017020301893353,0.0058730100281536
HIP,25013,3147,10,0.0010046710958704,0.0050710518844425
HIP,10674,3148,13,0.0026665139012038,0.0133197223767638
HIP,20450,3149,12,0.0054140919819474,0.0118988389149308
HIP,19460,3150,15,0.0070440080016851,0.0177328810095787
HIP,43939,3151,16,0.0080846883356571,0.0292532574385404
HIP,41535,3152,11,0.0058571696281433,0.0147802354767918
HIP,33943,3153,15,0.0123842479661107,0.0486383959650993
HIP,4720,3154,11,0.0029163446743041,0.009089327417314
HIP,23797,3155,14,0.0013054654700681,0.0047277682460844
HIP,15431,3156,18,0.0015039910795167,0.0100765386596322
HIP,18389,3157,14,0.0431246273219585,0.0703661739826202
HIP,39723,3158,12,0.0054915305227041,0.020451758056879
HIP,43805,3159,10,0.0940720289945602,0.1951883733272552
HIP,41909,3160,13,0.0238199178129434,0.0492830835282802
HIP,21627,3161,16,0.0030143843032419,0.0076247439719736
HIP,48403,3162,15,0.0006178289186209,0.0033992961980402
HIP,9669,3163,12,0.0183401834219694,0.0446523316204547
HIP,43288,3164,14,0.0057867048308253,0.0151871070265769
HIP,33894,3165,17,0.0055024116300046,0.0124964788556098
HIP,10103,3166,12,0.0077655059285461,0.0181168857961893
HIP,36576,3167,19,0.0223201904445886,0.0404198095202446
HIP,13129,3168,12,0.0018133467528969,0.0311100017279386
HIP,46508,3169,14,0.001141270273365,0.0087290192022919
HIP,46294,3170,19,0.0040858038701117,0.0161290261894464
HIP,17140,3171,15,0.0105229318141937,0.0272256210446357
HIP,24280,3172,15,0.0121486242860555,0.0185041911900043
HIP,32032,3173,9,0.0042312270961701,0.0150603177025914
HIP,16288,3174,14,0.008028962649405,0.0178587734699249
HIP,36992,3175,14,0.0093809245154261,0.0163233801722526
HIP,27417,3176,17,0.0015678955242037,0.0086879543960094
HIP,20192,3177,11,0.0253119133412837,0.0350374951958656
HIP,26202,3178,14,0.0036378148943185,0.0117233088240027
HIP,17487,3179,18,0.0026023713871836,0.0049560107290744
HIP,46204,3180,14,0.0098504666239023,0.0170219205319881
HIP,34456,3181,12,0.004463164601475,0.013434998691082
HIP,7102,3182,11,0.0059165847487747,0.0213391222059726
HIP,17545,3183,11,0.0272571556270122,0.0586272031068801
HIP,26259,3184,12,0.0329943783581256,0.0910427048802375
HIP,42210,3185,10,0.0111544579267501,0.0311012249439954
HIP,23368,3186,12,0.0188665408641099,0.0281543973833322
HIP,33315,3187,15,0.0021778144873678,0.0213183276355266
HIP,31053,3188,14,0.0033455854281783,0.0101934159174561
HIP,4267,3189,14,0.001499327365309,0.0087938224896788
HIP,48351,3190,15,0.0145090632140636,0.0314332135021686
HIP,50640,3191,15,0.0051626800559461,0.0163085833191871
HIP,33350,3192,13,0.0131830070167779,0.154005616903305
HIP,24560,3193,13,0.0153780030086636,0.0372050665318965
HIP,28091,3194,17,0.0064943279139697,0.0123751508072018
HIP,5305,3195,14,0.0322206951677799,0.0807560980319976
HIP,12355,3196,19,0.0016882290365174,0.0118069611489772
HIP,1204,3197,8,0.0210874415934085,0.0768438950181007
HIP,17912,3198,18,0.0007072831504046,0.0055423942394554
HIP,587,3199,14,0.0025489369872957,0.0084477076306939
HIP,16450,3200,12,0.0086432853713631,0.020978657528758
HIP,35431,3201,10,0.0055984435603022,0.0156817510724067
HIP,13897,3202,18,0.0090266121551394,0.0199739225208759
HIP,7993,3203,19,0.0012021373258903,0.0463883243501186
HIP,9294,3204,12,0.0022674419451504,0.0078188758343458
HIP,13816,3205,12,0.0290905274450778,0.1134160831570625
HIP,46528,3206,14,0.0456567257642746,0.0720036923885345
HIP,49163,3207,13,0.0125066749751567,0.0256199147552251
HIP,22607,3208,13,0.001408849726431,0.0173850804567337
HIP,26898,3209,13,0.006435896269977,0.0218501463532447
HIP,29192,3210,11,0.0060899099335074,0.0249394569545984
HIP,19671,3211,10,0.0013671091292053,0.0194282829761505
HIP,32269,3212,13,0.0074415253475308,0.0254974272102117
HIP,12403,3213,15,0.013556009158492,0.0294090192764997
HIP,3512,3214,16,0.0009679018403403,0.0183098763227462
HIP,8704,3215,15,0.0027702969964593,0.0151609256863594
HIP,28870,3216,16,0.0007485022651962,0.003314864821732
HIP,45733,3217,17,0.0151686882600188,0.0183684956282377
HIP,45794,3218,17,0.0106514738872647,0.0170491877943277
HIP,46070,3219,14,0.0166582334786653,0.0371355861425399
HIP,44849,3220,16,0.0044514238834381,0.0129369031637907
HIP,42875,3221,17,0.0118623143061995,0.021488094702363
HIP,41209,3222,15,0.003858002834022,0.009604413062334
HIP,27848,3223,18,0.0025801609735935,0.0074743223376572
HIP,41341,3224,11,0.0095301996916532,0.0316983461380004
HIP,27083,3225,13,0.0052870912477374,0.0257535371929407
HIP,36748,3226,8,0.0307743605226278,0.0968664661049842
HIP,42461,3227,10,0.0034160469658672,0.0117154819890856
HIP,41374,3228,13,0.0108272237703204,0.0345302633941173
HIP,35585,3229,13,0.0037747686728835,0.0107655208557844
HIP,18351,3230,13,0.0070924283936619,0.0544696040451526
HIP,15987,3231,8,0.0045933881774544,0.0164255872368812
HIP,50350,3232,10,0.0512698106467723,0.0682526230812072
HIP,12322,3233,12,0.01083146315068,0.0235817898064851
HIP,25849,3234,13,0.0057753301225602,0.0128712905570864
HIP,23122,3235,16,0.0039286883547902,0.0141247063875198
HIP,30196,3236,7,0.0044645043089985,0.0240843705832958
HIP,22304,3237,15,0.0114595014601945,0.022350076586008
HIP,30963,3238,16,0.0005618592258542,0.0021740572992712
HIP,18647,3239,16,0.0024120705202221,0.0136933047324419
HIP,1323,3240,8,0.0201878324151039,0.0567736104130744
HIP,13676,3241,12,0.0213615726679563,0.046465303748846
HIP,24173,3242,15,0.0142887784168124,0.0357527546584606
HIP,22041,3243,11,0.004420165438205,0.010739667341113
HIP,16087,3244,16,0.0278223194181919,0.0640778318047523
HIP,35903,3245,15,0.0033421530388295,0.009371324442327
HIP,29317,3246,10,0.0138088706880807,0.0388308502733707
HIP,48859,3247,13,0.0218566823750734,0.0408410876989364
HIP,50116,3248,13,0.0044158920645713,0.0158736538141965
HIP,37575,3249,13,0.0046666362322866,0.0308153331279754
HIP,16098,3250,10,0.0089982189238071,0.0406934544444084
HIP,19442,3251,14,0.0109152682125568,0.0205112621188163
HIP,21156,3252,15,0.0073081906884908,0.0123070701956748
HIP,12892,3253,16,0.0080883307382464,0.022294994443655
HIP,2570,3254,18,0.0024429792538285,0.0074910307303071
HIP,45753,3255,15,0.0069915116764605,0.0218784641474485
HIP,20161,3256,14,0.0079818349331617,0.0187953580170869
HIP,42727,3257,19,0.1768176257610321,0.1382670700550079
HIP,8384,3258,16,0.0014894738560542,0.0039350218139588
HIP,17682,3259,13,0.0102994935587048,0.0221284311264753
HIP,44459,3260,15,0.0099498778581619,0.0261023454368114
HIP,33047,3261,19,0.0115302009508013,0.0151135986670851
HIP,21512,3262,12,0.0046908543445169,0.0106272334232926
HIP,47882,3263,12,0.0025275207590311,0.0093378741294145
HIP,25755,3264,9,0.0049227741546928,0.0139003721997141
HIP,23880,3265,14,0.0158242210745811,0.0426663644611835
HIP,48969,3266,11,0.0093652540817856,0.0227571800351142
HIP,47000,3267,17,0.0024632581043988,0.0306698195636272
HIP,42907,3268,12,0.0017559793777763,0.0067354198545217
HIP,33679,3269,21,0.0010812858818098,0.0031161494553089
HIP,23304,3270,11,0.00680657569319,0.020013628527522
HIP,20211,3271,13,0.0063224784098565,0.0151019282639026
HIP,33895,3272,16,0.0082490509375929,0.0175957512110471
HIP,43915,3273,16,0.0025974055752158,0.0077757886610925
HIP,14303,3274,8,0.0021220599301159,0.011536231264472
HIP,11056,3275,13,0.016364773735404,0.0595859549939632
HIP,23824,3276,14,0.0020841176155954,0.0062593086622655
HIP,13570,3277,17,0.010091183707118,0.0163420401513576
HIP,25203,3278,13,0.0251049250364303,0.0982294902205467
HIP,8180,3279,16,0.0005953528452664,0.012768349610269
HIP,23551,3280,14,0.0067037460394203,0.0177845656871795
HIP,19755,3281,10,0.0069199576973915,0.0264484323561191
HIP,36952,3282,16,0.006379310041666,0.0157630406320095
HIP,35564,3283,14,0.0007611549808643,0.0468636006116867
HIP,40576,3284,15,0.0062018022872507,0.0740924403071403
HIP,15792,3285,13,0.0099642286077141,0.029943473637104
HIP,7091,3286,17,0.0029168860055506,0.0095712635666131
HIP,24710,3287,11,0.0328940972685813,0.1023937985301017
HIP,11557,3288,18,0.0035692497622221,0.0169501211494207
HIP,50299,3289,12,0.0035028730053454,0.0123452497646212
HIP,16468,3290,16,0.0008047324954532,0.056562390178442
HIP,8040,3291,17,0.0103349452838301,0.0212309136986732
HIP,16188,3292,16,0.001691713812761,0.0064245942048728
HIP,29569,3293,12,0.001525092171505,0.0066602206788957
HIP,41049,3294,12,0.0011666880454868,0.0054268012754619
HIP,17001,3295,13,0.0425694249570369,0.0802200734615325
HIP,45185,3296,10,0.005261929705739,0.0128764603286981
HIP,7522,3297,15,0.0068911355920135,0.0267234742641448
HIP,48583,3298,14,0.0076901409775018,0.0128945549950003
HIP,48059,3299,15,0.0008369418792426,0.0035937984939664
HIP,32257,3300,8,0.0349588431417942,0.0635423734784126
HIP,15020,3301,12,0.0008387363632209,0.0046306839212775
HIP,39542,3302,12,0.0085317287594079,0.0262470003217458
HIP,3345,3303,12,0.001714049372822,0.0102764777839183
HIP,37393,3304,12,0.0054404558613896,0.0181330628693103
HIP,50265,3305,14,0.0371484421193599,0.0731727629899978
HIP,33481,3306,10,0.0052315695211291,0.023921089246869
HIP,11412,3307,11,0.0542550049722194,0.0655672699213028
HIP,36000,3308,16,0.002937501296401,0.0080180997028946
HIP,26265,3309,11,0.0081077814102172,0.0183822177350521
HIP,1988,3310,10,0.0108026573434472,0.036794789135456
HIP,25351,3311,12,0.0009878019336611,0.0031688867602497
HIP,17004,3312,15,0.0020691563840955,0.0768006742000579
HIP,21944,3313,14,0.0347656607627868,0.1031054556369781
HIP,11980,3314,10,0.0087153567001223,0.0403023287653923
HIP,9916,3315,18,0.0026381560601294,0.0079635139554739
HIP,6487,3316,12,0.00321034505032,0.0125034749507904
HIP,28430,3317,12,0.0255487766116857,0.0553275682032108
HIP,7832,3318,8,0.0016179344383999,0.0111212180927395
HIP,10602,3319,16,0.0055284835398197,0.0096119791269302
HIP,28643,3320,14,0.0039191497489809,0.0098633347079157
HIP,12855,3321,9,0.0127933202311396,0.0415024608373642
HIP,19284,3322,11,0.0161145385354757,0.0464276485145092
HIP,18276,3323,12,0.0063263210467994,0.0155355464667081
HIP,39838,3324,17,0.0051275882869958,0.0083633065223693
HIP,47596,3325,14,0.0200341567397117,0.0483935102820396
HIP,31700,3326,14,0.0114274881780147,0.0689246505498886
HIP,41930,3327,12,0.0037391867954283,0.0122408289462327
HIP,7161,3328,13,0.0041097127832472,0.0118147721514105
HIP,40285,3329,13,0.01239456795156,0.0344802252948284
HIP,25688,3330,13,0.0017425433034077,0.0074434452690184
HIP,29698,3331,13,0.0010313340462744,0.033797089010477
HIP,42989,3332,17,0.0007526208646595,0.0050908462144434
HIP,48223,3333,14,0.0122080622240901,0.0242282301187515
HIP,5578,3334,14,0.0138256084173917,0.0265936143696308
HIP,15053,3335,12,0.0005340546485967,0.0050934040918946
HIP,9041,3336,10,0.0013372811954468,0.0054423520341515
HIP,33197,3337,18,0.0006381595740094,0.0174745470285415
HIP,39675,3338,12,0.0299133267253637,0.0375961624085903
HIP,26914,3339,12,0.0125912940129637,0.0407048948109149
HIP,12766,3340,11,0.0503042563796043,0.077063038945198
HIP,48240,3341,11,0.0358310788869857,0.0759546533226966
HIP,23075,3342,13,0.0009795281803235,0.004483635071665
HIP,1972,3343,12,0.0258430112153291,0.0718411803245544
HIP,3445,3344,11,0.0057585625909268,0.0274546518921852
HIP,32750,3345,11,0.0036575950216501,0.0185032449662685
HIP,9833,3346,16,0.0096142087131738,0.0244433656334877
HIP,13750,3347,14,0.0156426392495632,0.0388879254460334
HIP,44003,3348,9,0.0244738049805164,0.0496780127286911
HIP,29556,3349,12,0.0148351127281785,0.0485978350043296
HIP,35593,3350,7,0.0135039268061518,0.0292808972299098
HIP,14215,3351,15,0.0107837412506341,0.0260147266089916
HIP,50060,3352,21,0.0044560492970049,0.0238140113651752
HIP,32983,3353,16,0.0061493748798966,0.0131637835875153
HIP,17012,3354,13,0.0011427415302023,0.0033743898384273
HIP,29351,3355,11,0.0053188512101769,0.0126351341605186
HIP,8797,3356,14,0.0022539875935763,0.0091795483604073
HIP,34636,3357,19,0.0019892996642738,0.0054547516629099
HIP,15535,3358,12,0.0020682541653513,0.0066479090601205
HIP,35908,3359,16,0.0222591571509838,0.0435718074440956
HIP,3733,3360,11,0.0136177437379956,0.0342878513038158
HIP,25902,3361,10,0.0023441361263394,0.0103248599916696
HIP,25733,3362,17,0.008825609460473,0.0161998830735683
HIP,19921,3363,12,0.0033520467113703,0.0112638548016548
HIP,19595,3364,12,0.005085352808237,0.0127586172893643
HIP,2442,3365,14,0.0076435478404164,0.0207141656428575
HIP,24860,3366,10,0.0169565808027982,0.0343382619321346
HIP,35357,3367,13,0.0090780081227421,0.0182230863720178
HIP,11,3368,16,0.0036876609083265,0.0156988389790058
HIP,14163,3369,9,0.0030399679671972,0.011882746592164
HIP,20027,3370,10,0.0067988205701112,0.0165347978472709
HIP,27356,3371,11,0.0080320369452238,0.021896494552493
HIP,15391,3372,16,0.0223904252052307,0.0342307910323143
HIP,40232,3373,12,0.002348608803004,0.0080806370824575
HIP,10435,3374,14,0.0416902191936969,0.0794832557439804
HIP,29733,3375,12,0.0162618327885866,0.0358621589839458
HIP,30229,3376,8,0.003495269222185,0.010095770470798
HIP,32321,3377,17,0.0010187961161136,0.0033119264990091
HIP,46857,3378,21,0.0050204340368509,0.0106529667973518
HIP,42949,3379,14,0.0081556532531976,0.0174541529268026
HIP,49104,3380,9,0.0093910098075866,0.0227877087891101
HIP,36189,3381,12,0.0030208767857402,0.0115757342427968
HIP,31380,3382,14,0.0084574092179536,0.0267139319330453
HIP,7790,3383,12,0.0018132840050384,0.0058130072429776
HIP,33612,3384,13,0.0355603955686092,0.0764151364564895
HIP,23033,3385,10,0.0013740169815719,0.0075946231372654
HIP,46230,3386,13,0.0007048354600556,0.0041176248341798
HIP,17657,3387,15,0.0191107243299484,0.0295050721615552
HIP,22800,3388,11,0.0278280805796384,0.0345438867807388
HIP,12714,3389,16,0.0046144402585923,0.0129219787195324
HIP,10041,3390,14,0.0018788530724123,0.0099114449694752
HIP,47247,3391,14,0.0026673031970858,0.0091928448528051
HIP,16801,3392,16,0.0056753708049654,0.0116124004125595
HIP,35929,3393,14,0.0105513744056224,0.0210119914263486
HIP,34902,3394,16,0.0061256112530827,0.0156143624335527
HIP,49856,3395,18,0.0058633736334741,0.0139121273532509
HIP,34663,3396,11,0.0040430147200822,0.0175508875399827
HIP,30759,3397,16,0.0046915160492062,0.01256715785712
HIP,13515,3398,13,0.0008877478539943,0.0044050905853509
HIP,5685,3399,13,0.0155989760532975,0.0384793989360332
HIP,6771,3400,17,0.0042131999507546,0.0108363423496484
HIP,37155,3401,16,0.00371515750885,0.0101333605125546
HIP,23589,3402,17,0.0107679553329944,0.0183635540306568
HIP,42076,3403,17,0.0048125544562935,0.0154034690931439
HIP,12280,3404,11,0.0009390877676196,0.0059572053141891
HIP,48697,3405,16,0.0013082249788567,0.0041210362687706
HIP,19789,3406,16,0.0035668332129716,0.0090199634432792
HIP,48848,3407,16,0.0018648458644747,0.0043473099358379
HIP,23561,3408,14,0.0027395510114729,0.0108826030045747
HIP,46489,3409,10,0.0053027942776679,0.0140020437538623
HIP,28695,3410,8,0.0322698131203651,0.1101028099656105
HIP,5472,3411,13,0.0138167263939976,0.0274080410599708
HIP,42249,3412,11,0.0253609903156757,0.0467497780919075
HIP,8610,3413,10,0.0234681461006402,0.0765810012817382
HIP,7280,3414,11,0.0040093027055263,0.0144606456160545
HIP,38140,3415,12,0.0139274531975388,0.0323171280324459
HIP,23205,3416,19,0.0038995291106402,0.0106300804764032
HIP,47848,3417,13,0.006795905996114,0.0131065202876925
HIP,10703,3418,11,0.0009510816307738,0.0040115201845765
HIP,20132,3419,15,0.0053378194570541,0.0123867392539978
HIP,11566,3420,19,0.0027559029404073,0.0096146259456872
HIP,35123,3421,18,0.0006046508788131,0.0264577772468328
HIP,21432,3422,10,0.00677674356848,0.0262647084891796
HIP,50486,3423,14,0.0064746541902422,0.0586099438369274
HIP,43614,3424,14,0.0078847147524356,0.0182046722620725
HIP,1192,3425,11,0.0100471973419189,0.0697215422987937
HIP,13765,3426,9,0.0064028883352875,0.0280872341245412
HIP,27695,3427,17,0.0035825055092573,0.017527088522911
HIP,27525,3428,11,0.0049918419681489,0.0124880699440836
HIP,2130,3429,15,0.0011376782786101,0.0064038462005555
HIP,19446,3430,13,0.005359070841223,0.0135485185310244
HIP,4527,3431,13,0.0005868258886039,0.0036029862239956
HIP,14652,3432,16,0.0009527247748337,0.0048713716678321
HIP,20703,3433,16,0.00312424544245,0.0094271190464496
HIP,33785,3434,12,0.0227937661111354,0.0392434522509574
HIP,29983,3435,14,0.0040605836547911,0.0130607346072793
HIP,13508,3436,21,0.0036464522127062,0.0067901266738772
HIP,30846,3437,15,0.0039393338374793,0.0163291227072477
HIP,675,3438,19,0.1780613511800766,0.1417536735534668
HIP,26889,3439,14,0.0069319591857492,0.0195731688290834
HIP,17074,3440,15,0.0037154923193156,0.0080004427582025
HIP,44386,3441,15,0.0008775722817517,0.0035755468998104
HIP,20574,3442,13,0.0035911516752094,0.0090544186532497
HIP,25839,3443,15,0.037737064063549,0.0679015517234802
HIP,8305,3444,8,0.0007296768017113,0.0130689460784196
HIP,29945,3445,14,0.0041062948293983,0.0131697217002511
HIP,15824,3446,16,0.0078953467309474,0.022658921778202
HIP,33377,3447,16,0.0006847389740869,0.0044448780827224
HIP,41855,3448,16,0.0008875227067619,0.0032157364767044
HIP,46162,3449,15,0.0258923005312681,0.03474136069417
HIP,5563,3450,15,0.0047538564540445,0.034752007573843
HIP,33233,3451,14,0.0068647195585072,0.0178389847278594
HIP,8351,3452,7,0.0041779507882893,0.0204988215118646
HIP,47016,3453,16,0.0036263153888285,0.0073067862540483
HIP,45144,3454,14,0.0011668496299535,0.0052777817472815
HIP,1183,3455,17,0.0092776259407401,0.0166936758905649
HIP,24228,3456,17,0.0058360476978123,0.0118128154426813
HIP,6139,3457,11,0.0035815483424812,0.0096282297745347
HIP,12692,3458,17,0.0101714637130498,0.0181381553411483
HIP,27545,3459,14,0.003397399559617,0.0079735852777957
HIP,20303,3460,14,0.0055584819056093,0.0158390533179044
HIP,30318,3461,15,0.0072226719930768,0.0817798152565956
HIP,21427,3462,14,0.0127338767051696,0.0500354431569576
HIP,35919,3463,16,0.005762793123722,0.0108581017702817
HIP,49815,3464,19,0.009075597859919,0.0188182648271322
HIP,38083,3465,13,0.0013496772153303,0.0058432021178305
HIP,42398,3466,13,0.0068839015439152,0.0150710260495543
HIP,7373,3467,9,0.0319918803870677,0.1234077513217926
HIP,42042,3468,11,0.0268079228699207,0.1129046380519867
HIP,20947,3469,15,0.0042239022441208,0.0110375126823782
HIP,17465,3470,12,0.0135561963543295,0.0349653698503971
HIP,10401,3471,9,0.0355962142348289,0.0856435298919677
HIP,31049,3472,13,0.0056289727799594,0.0130235729739069
HIP,42606,3473,11,0.006340994965285,0.0128837889060378
HIP,9794,3474,21,0.0012212506262585,0.0034957646857947
HIP,38991,3475,14,0.0078202560544013,0.0228300392627716
HIP,31890,3476,17,0.0034475696738809,0.0111325262114405
HIP,38472,3477,12,0.0145468013361096,0.0339542627334594
HIP,36567,3478,15,0.006406529340893,0.0143417306244373
HIP,37743,3479,15,0.0064679565839469,0.0220212470740079
HIP,2006,3480,12,0.0020131592173129,0.0084383580833673
HIP,25447,3481,21,0.0023551541380584,0.0053441026248037
HIP,48834,3482,15,0.0016271001659333,0.0317101255059242
HIP,28281,3483,14,0.0056995702907443,0.0204469617456197
HIP,25073,3484,11,0.0007845668005757,0.0045436071231961
HIP,33169,3485,17,0.0010071941651403,0.0133128119632601
HIP,24427,3486,12,0.0094906948506832,0.0274731963872909
HIP,31365,3487,12,0.0085264686495065,0.0163711495697498
HIP,13789,3488,17,0.0028811963275074,0.0111379018053412
HIP,5,3489,15,0.0036007384769618,0.0112814968451857
HIP,27314,3490,8,0.0205579679459333,0.0411348491907119
HIP,36946,3491,18,0.0031154686585068,0.019008720293641
HIP,3222,3492,13,0.0056992168538272,0.0206244643777608
HIP,27081,3493,11,0.0014390542637556,0.0076681510545313
HIP,42624,3494,11,0.002960335696116,0.0077245570719242
HIP,47154,3495,18,0.0007744367467239,0.0023557001259177
HIP,21241,3496,13,0.0019366823835298,0.0075362250208854
HIP,49243,3497,19,0.0012503521284088,0.0040841964073479
HIP,43017,3498,12,0.0011954759247601,0.0053334236145019
HIP,23914,3499,14,0.0217950697988271,0.0355417132377624
HIP,23666,3500,11,0.0250678434967994,0.0551094859838485
HIP,8952,3501,12,0.0196659304201602,0.0347879789769649
HIP,30628,3502,17,0.0061002969741821,0.0132330628111958
HIP,16122,3503,14,0.00104603508953,0.004798870999366
HIP,35168,3504,11,0.0041808751411736,0.0146745853126049
HIP,30928,3505,19,0.0017298269085586,0.0498285442590713
HIP,11083,3506,11,0.0027890235651284,0.0096751824021339
HIP,20590,3507,13,0.0045282114297151,0.0120164006948471
HIP,30600,3508,12,0.0057197464630007,0.0126900132745504
HIP,19308,3509,11,0.0044379453174769,0.0111507680267095
HIP,24721,3510,11,0.0031657756771892,0.0113708032295107
HIP,2144,3511,15,0.0026744999922811,0.0099705941975116
HIP,14592,3512,10,0.0360558293759822,0.1198670789599418
HIP,35460,3513,16,0.0014368034899234,0.0070285499095916
HIP,21569,3514,16,0.0035126558504998,0.0064401947893202
HIP,14563,3515,14,0.0077827842906117,0.0174170974642038
HIP,24670,3516,15,0.0033352449536323,0.0092379441484808
HIP,14251,3517,14,0.0222575720399618,0.0524958260357379
HIP,44281,3518,11,0.031709935516119,0.0790206864476203
HIP,38090,3519,14,0.0006851967191323,0.0030530102085322
HIP,39538,3520,15,0.0011701276525855,0.0053881253115832
HIP,42291,3521,16,0.0045782350935041,0.008170343004167
HIP,15441,3522,11,0.0083417370915412,0.0254302192479372
HIP,29426,3523,16,0.0011098957620561,0.0040698619559407
HIP,22378,3524,13,0.0050515355542302,0.0103855952620506
HIP,39050,3525,13,0.0006856392137706,0.0035622871946543
HIP,38775,3526,15,0.0057739387266337,0.0115718906745314
HIP,47607,3527,14,0.0061723110266029,0.0177130792289972
HIP,13691,3528,11,0.0035428351256996,0.0100875059142708
HIP,31906,3529,15,0.0040069730021059,0.0105720851570367
HIP,37821,3530,15,0.0210814774036407,0.0417518839240074
HIP,21508,3531,12,0.018415318801999,0.0448804832994937
HIP,4727,3532,14,0.0095432307571172,0.0213325060904026
HIP,18761,3533,18,0.0065020159818232,0.0182642936706542
HIP,31473,3534,12,0.0036637990269809,0.0088077997788786
HIP,25291,3535,12,0.0050057652406394,0.0162626355886459
HIP,45916,3536,15,0.0063927751034498,0.0192220918834209
HIP,50144,3537,17,0.0119925113394856,0.0267837420105934
HIP,49161,3538,10,0.0038221029099076,0.0118197975680232
HIP,31301,3539,15,0.0014036967186257,0.0054073669016361
HIP,26017,3540,12,0.0105765908956527,0.023698603734374
HIP,10442,3541,17,0.051360435783863,0.0816503018140792
HIP,31958,3542,13,0.0042500640265643,0.0087452353909611
HIP,37235,3543,15,0.0019969749264419,0.008442934602499
HIP,36216,3544,15,0.005787537433207,0.0199242979288101
HIP,12059,3545,14,0.0063543007709085,0.0134150385856628
HIP,33286,3546,18,0.0053107822313904,0.0141400266438722
HIP,5470,3547,18,0.005173671990633,0.0113693755120038
HIP,50284,3548,11,0.0189395360648632,0.0599129423499107
HIP,19773,3549,19,0.0025585971307009,0.0053034094162285
HIP,989,3550,13,0.0014418886275961,0.0276067517697811
HIP,16623,3551,21,0.0015953333349898,0.0272700209170579
HIP,6044,3552,13,0.0084408232942223,0.0254907831549644
HIP,40112,3553,14,0.0052300514653325,0.0124667445197701
HIP,48215,3554,14,0.0017276536673307,0.0062915128655731
HIP,25814,3555,12,0.0034566025715321,0.0105850296095013
HIP,34128,3556,8,0.0282873511314392,0.0985819920897483
HIP,2907,3557,13,0.0195590313524007,0.039778858423233
HIP,3935,3558,13,0.0109477927908301,0.0294522009789943
HIP,15690,3559,16,0.0037240702658891,0.015084458515048
HIP,22329,3560,12,0.0018258326454088,0.0068900967016816
HIP,34218,3561,14,0.0021485162433236,0.0094481203705072
HIP,31363,3562,14,0.019044516608119,0.0339591652154922
HIP,45218,3563,10,0.017643479630351,0.0358951054513454
HIP,9296,3564,14,0.0042003509588539,0.0122567238286137
HIP,27365,3565,14,0.0098720975220203,0.022899817675352
HIP,28756,3566,11,0.0012063869507983,0.0057966881431639
HIP,16379,3567,11,0.0063370475545525,0.0252425726503133
HIP,27413,3568,12,0.0060162083245813,0.0125905331224203
HIP,6980,3569,10,0.0066939159296453,0.016079157590866
HIP,41502,3570,12,0.0007917597540654,0.0118680326268076
HIP,43953,3571,18,0.0009952731197699,0.0111638000234961
HIP,30195,3572,10,0.0043591652065515,0.0125086028128862
HIP,3561,3573,17,0.0033524453174322,0.0154020376503467
HIP,13088,3574,16,0.0032811383716762,0.0067667523398995
HIP,6059,3575,12,0.0029538173694163,0.0122924465686082
HIP,16915,3576,15,0.0043697655200958,0.0318420641124248
HIP,5689,3577,13,0.015002722851932,0.0297411326318979
HIP,36877,3578,17,0.0010346928611397,0.0112937549129128
HIP,4938,3579,13,0.0124965170398354,0.028386952355504
HIP,9998,3580,13,0.0020154397934675,0.0267277415841817
HIP,39749,3581,9,0.021256124600768,0.07969381660223
HIP,41833,3582,13,0.0106479758396744,0.0266808737069368
HIP,8614,3583,11,0.0036014076322317,0.0088270846754312
HIP,2831,3584,8,0.0189976897090673,0.0826915875077247
HIP,18184,3585,15,0.0225825048983097,0.0429958924651145
HIP,22836,3586,13,0.008619301021099,0.0202868096530437
HIP,9223,3587,8,0.0735193267464637,0.1335154324769973
HIP,28872,3588,11,0.0268139485269784,0.0910792723298072
HIP,40163,3589,13,0.0619286783039569,0.1389034390449524
HIP,43202,3590,12,0.0433688759803772,0.0880599394440651
HIP,4632,3591,15,0.0019117342308163,0.0077943671494722
HIP,1417,3592,11,0.0013996321940794,0.0067905187606811
HIP,15753,3593,9,0.0021396444644778,0.0095646427944302
HIP,21446,3594,11,0.0302929170429706,0.0609716325998306
HIP,14539,3595,14,0.0012382072163745,0.0106750922277569
HIP,23635,3596,13,0.0228234715759754,0.033912431448698
HIP,21945,3597,12,0.0071835592389106,0.025630347430706
HIP,38525,3598,13,0.0052588894031941,0.0128829330205917
HIP,36210,3599,17,0.0080356933176517,0.0144549272954463
HIP,43792,3600,13,0.0063035353086888,0.0161363761872053
HIP,7664,3601,12,0.0110658193007111,0.0332754291594028
HIP,49036,3602,16,0.0067551746033132,0.0129218585789203
HIP,34084,3603,17,0.002034097444266,0.0094992304220795
HIP,47021,3604,17,0.0036489842459559,0.0340716727077961
HIP,12611,3605,16,0.0048550274223089,0.0090665724128484
HIP,30493,3606,11,0.0042621595785021,0.0135014373809099
HIP,49940,3607,9,0.042120911180973,0.1136895641684532
HIP,4430,3608,14,0.0048155281692743,0.015722993761301
HIP,3944,3609,16,0.0034691542387008,0.0102913072332739
HIP,46684,3610,15,0.007696219254285,0.0204031001776456
HIP,10551,3611,10,0.0054418835788965,0.0197448804974555
HIP,36258,3612,12,0.0150766521692276,0.051769632846117
HIP,3838,3613,11,0.0414972193539142,0.0630667433142662
HIP,12107,3614,12,0.0270655527710914,0.0441693663597106
HIP,50293,3615,14,0.0335689857602119,0.0833038538694381
HIP,36590,3616,14,0.0008833428728394,0.0131549146026372
HIP,24546,3617,12,0.0093431128188967,0.0353590883314609
HIP,31454,3618,12,0.007576847448945,0.01777159050107
HIP,44910,3619,13,0.0066486583091318,0.0236489437520504
HIP,39337,3620,10,0.0076992097310721,0.0284672807902097
HIP,38195,3621,11,0.0075728637166321,0.0174012295901775
HIP,38575,3622,17,0.0065350965596735,0.017769630998373
HIP,38961,3623,17,0.0062880897894501,0.013636901974678
HIP,36843,3624,13,0.006665279623121,0.0136706391349434
HIP,22015,3625,13,0.0022005657665431,0.0102026239037513
HIP,11261,3626,16,0.0016743997111916,0.0047945058904588
HIP,8046,3627,12,0.0012583842035382,0.0035317679867148
HIP,35883,3628,19,0.0007574300980195,0.0044390563853085
HIP,23676,3629,16,0.0015082670142874,0.0040616709738969
HIP,21409,3630,13,0.0098423277959227,0.0242751874029636
HIP,4630,3631,14,0.0051577417179942,0.011052606627345
HIP,12370,3632,14,0.0010199883254244,0.0043677701614797
HIP,35741,3633,12,0.0111455963924527,0.0219366662204265
HIP,36121,3634,10,0.0074936607852578,0.0177720263600349
HIP,31202,3635,14,0.0075720208697021,0.0172583293169736
HIP,35380,3636,13,0.0021008879411965,0.0074367872439324
HIP,12434,3637,17,0.0040057864971458,0.011124019511044
HIP,714,3638,14,0.0085851289331913,0.0181224830448627
HIP,3592,3639,14,0.0006348047754727,0.0032143802382051
HIP,48065,3640,11,0.0031112795695662,0.0090404767543077
HIP,41823,3641,16,0.005406895186752,0.0106201656162738
HIP,8256,3642,21,0.0006499945302493,0.0082610389217734
HIP,44950,3643,12,0.0022178057115525,0.0503787584602832
HIP,10649,3644,11,0.0416322872042655,0.080813467502594
HIP,9644,3645,16,0.0115758134052157,0.0238370597362518
HIP,43391,3646,14,0.0203133299946784,0.0324014313519001
HIP,13121,3647,15,0.0012094193371012,0.0042989943176507
HIP,7324,3648,12,0.0235120132565498,0.0892780348658561
HIP,38301,3649,10,0.0075223953463137,0.0252284035086631
HIP,4345,3650,11,0.0010395926656201,0.0032923200633376
HIP,19196,3651,14,0.0069591617211699,0.019775291904807
HIP,3729,3652,9,0.0046512060798704,0.0109185324981808
HIP,15821,3653,12,0.0128768282011151,0.0241403020918369
HIP,21547,3654,13,0.0028778510168194,0.0106185656040906
HIP,44074,3655,15,0.0023255117703229,0.0072612790390849
HIP,28968,3656,12,0.0096815107390284,0.0218744575977325
HIP,40314,3657,16,0.0062757558189332,0.0157054364681243
HIP,16267,3658,14,0.0036135828122496,0.0089790951460599
HIP,49358,3659,19,0.0011273593408986,0.0054419911466538
HIP,37011,3660,11,0.0057402406819164,0.0233622435480356
HIP,14403,3661,15,0.0039109974168241,0.0245870240032672
HIP,10813,3662,12,0.0006483190227299,0.0046678995713591
HIP,42545,3663,15,0.00324337487109,0.0115307234227657
HIP,6324,3664,14,0.0029049611184746,0.009403464384377
HIP,40527,3665,13,0.002638399368152,0.0081703783944249
HIP,37364,3666,12,0.0126226777210831,0.0290642790496349
HIP,24224,3667,12,0.00768339401111,0.0235733184963464
HIP,33267,3668,6,0.0726258978247642,0.2854672074317932
HIP,11444,3669,12,0.0071477442979812,0.0187191311269998
HIP,15035,3670,10,0.0057219816371798,0.0159628167748451
HIP,26479,3671,10,0.0038862456567585,0.0152175892144441
HIP,3686,3672,19,0.0013852125266566,0.0040686102584004
HIP,11832,3673,15,0.0005256441654637,0.0023996937088668
HIP,15560,3674,8,0.0049396031536161,0.0126420091837644
HIP,32194,3675,16,0.0042704055085778,0.0111950896680355
HIP,19203,3676,13,0.0115851135924458,0.0224058423191308
HIP,28563,3677,16,0.0101863741874694,0.0180859193205833
HIP,34206,3678,17,0.0007361924508586,0.0052428310737013
HIP,4235,3679,11,0.0035297106951475,0.0204392373561859
HIP,13764,3680,13,0.0424080491065979,0.0796167403459549
HIP,19720,3681,11,0.0069592287763953,0.0196334309875965
HIP,29396,3682,12,0.0020749953109771,0.0102344881743192
HIP,5959,3683,13,0.0045960028655827,0.0298411715775728
HIP,32039,3684,15,0.0257282387465238,0.023101320490241
HIP,14786,3685,11,0.002305416855961,0.0119853634387254
HIP,10974,3686,13,0.0092759756371378,0.0173145905137062
HIP,3692,3687,10,0.081644095480442,0.0995613783597946
HIP,18961,3688,15,0.0020284729544073,0.0064153540879487
HIP,1126,3689,16,0.0026156676467508,0.0053093237802386
HIP,13873,3690,19,0.0024963372852653,0.0052969735115766
HIP,28082,3691,16,0.0017461923416703,0.0050281537696719
HIP,16944,3692,12,0.0394840724766254,0.0583068244159221
HIP,49790,3693,16,0.0049764001742005,0.0166893228888511
HIP,45955,3694,14,0.0033339112997055,0.0090292282402515
HIP,38215,3695,15,0.0057042362168431,0.0128525244072079
HIP,41637,3696,11,0.0041964179836213,0.012910702265799
HIP,17503,3697,16,0.0014242096804082,0.020159238949418
HIP,46537,3698,12,0.0036923815496265,0.0086630228906869
HIP,15949,3699,10,0.0416696965694427,0.0762476623058319
HIP,4222,3700,14,0.0023236328270286,0.0098862880840897
HIP,49090,3701,15,0.0173189304769039,0.0394831113517284
HIP,27145,3702,15,0.0044996896758675,0.0105748577043414
HIP,26146,3703,14,0.0057674441486597,0.0195609424263238
HIP,12462,3704,19,0.0045886584557592,0.0083863185718655
HIP,34255,3705,16,0.0074669807218015,0.0154530825093388
HIP,48312,3706,14,0.020152848213911,0.0322103686630725
HIP,322,3707,15,0.00468774093315,0.0100824460387229
HIP,18692,3708,18,0.0022368510253727,0.0057879467494785
HIP,3627,3709,14,0.0018227933906018,0.0093117756769061
HIP,42783,3710,15,0.0053629050962626,0.0157289374619722
HIP,31022,3711,7,0.027224501594901,0.1134359613060951
HIP,13980,3712,19,0.0032071575988084,0.0172692462801933
HIP,9683,3713,9,0.0093478029593825,0.0347073674201965
HIP,1405,3714,17,0.0043004187755286,0.0093417568132281
HIP,25005,3715,10,0.0051672658883035,0.0152952959761023
HIP,39995,3716,12,0.0058356472291052,0.0135453483089804
HIP,14725,3717,14,0.0033456585370004,0.0127102062106132
HIP,10823,3718,15,0.002714455127716,0.0083253681659698
HIP,5393,3719,15,0.0201805382966995,0.0469474457204341
HIP,43126,3720,15,0.0012395106023177,0.0100102350115776
HIP,7035,3721,15,0.064404658973217,0.0785455256700515
HIP,19033,3722,13,0.018456932157278,0.0395477339625358
HIP,5997,3723,10,0.0031254207715392,0.0104334810748696
HIP,29846,3724,16,0.0014702336629852,0.0064599118195474
HIP,47665,3725,14,0.0346077904105186,0.0522821731865406
HIP,2990,3726,10,0.0261867977678775,0.0690485388040542
HIP,6823,3727,15,0.0109916366636753,0.0493652261793613
HIP,43014,3728,15,0.0017517242813482,0.0100947422906756
HIP,5361,3729,12,0.0177371930330991,0.0373975187540054
HIP,22181,3730,13,0.0023127251770347,0.0063027483411133
HIP,32947,3731,15,0.0064884326420724,0.0147150978446006
HIP,47800,3732,15,0.0078055895864963,0.0180053450167179
HIP,38653,3733,16,0.0009792882483452,0.0038159240502864
HIP,50241,3734,13,0.001803909195587,0.0096219722181558
HIP,18787,3735,15,0.0010186083381995,0.0054790088906884
HIP,7436,3736,11,0.0287285838276147,0.0639934986829757
HIP,43834,3737,16,0.0014744342770427,0.0041268155910074
HIP,3186,3738,16,0.0014975526137277,0.0178849939256906
HIP,34710,3739,13,0.0021648828405886,0.0062378849834203
HIP,8118,3740,16,0.0009639330091886,0.0067733633331954
HIP,503,3741,13,0.0176671203225851,0.0366298854351043
HIP,46356,3742,15,0.0014825599500909,0.0069783735089004
HIP,44623,3743,12,0.0022726752795279,0.0102999350056052
HIP,42830,3744,18,0.0005675552529282,0.0082039246335625
HIP,12435,3745,15,0.002708003623411,0.0074946274980902
HIP,722,3746,12,0.0155939646065235,0.0255155209451913
HIP,20623,3747,14,0.0256877709180116,0.0362827032804489
HIP,3505,3748,10,0.0332350544631481,0.0980968549847602
HIP,38192,3749,11,0.0101758316159248,0.0235756505280733
HIP,49406,3750,14,0.0055732266046106,0.0164243932813406
HIP,43892,3751,14,0.0068434136919677,0.0172277186065912
HIP,47408,3752,11,0.0102889705449342,0.0270457174628973
HIP,26421,3753,15,0.0025425236672163,0.0148753998801112
HIP,20741,3754,10,0.036666315048933,0.0719622820615768
HIP,967,3755,13,0.0086857499554753,0.0159036535769701
HIP,43418,3756,12,0.0031692890916019,0.0107806837186217
HIP,18112,3757,19,0.0069420109502971,0.0125107131898403
HIP,36484,3758,17,0.0024578589946031,0.0078546870499849
HIP,39128,3759,10,0.0019782739691436,0.0084665957838296
HIP,32152,3760,13,0.0017393185989931,0.0086200879886746
HIP,32854,3761,16,0.0153989046812057,0.0213495623320341
HIP,15418,3762,14,0.0053158709779381,0.0172387324273586
HIP,1841,3763,17,0.0011453262995928,0.0039173727855086
HIP,48626,3764,16,0.0017236432759091,0.0074732536450028
HIP,23105,3765,11,0.0347958281636238,0.1092711016535759
HIP,40807,3766,14,0.0099841272458434,0.0236952006816864
HIP,43427,3767,15,0.0017625009641051,0.00469153188169
HIP,8310,3768,16,0.0006316542858257,0.0043404940515756
HIP,15783,3769,14,0.0042239800095558,0.013851067982614
HIP,44805,3770,16,0.0013348518405109,0.0038644555024802
HIP,8464,3771,13,0.0134571837261319,0.0243179704993963
HIP,24491,3772,10,0.068047285079956,0.2153045237064361
HIP,45239,3773,14,0.0056668785400688,0.0229703560471534
HIP,3724,3774,16,0.0028306457679718,0.005387794226408
HIP,49959,3775,15,0.000960134260822,0.0066884281113743
HIP,42408,3776,14,0.0015419225674122,0.0055906642228364
HIP,18941,3777,15,0.0048822024837136,0.0084034968167543
HIP,39678,3778,17,0.0016396765131503,0.0101293846964836
HIP,15798,3779,13,0.0153139233589172,0.0333936959505081
HIP,41275,3780,13,0.0055030561052262,0.0132291577756404
HIP,14187,3781,13,0.0028983671218156,0.0081240087747573
HIP,9999,3782,12,0.009171181358397,0.04187698289752
HIP,23827,3783,12,0.0043665459379553,0.0133825186640024
HIP,8277,3784,15,0.0042364001274108,0.0103156613186001
HIP,4992,3785,17,0.0051052216440439,0.0151808550581336
HIP,16088,3786,15,0.0034903581254184,0.0102728782221674
HIP,49833,3787,11,0.0081521505489945,0.0212787669152021
HIP,30293,3788,14,0.0077382982708513,0.0573396682739257
HIP,11695,3789,11,0.0062778289429843,0.0459154061973094
HIP,43789,3790,9,0.0125426407903432,0.0336325615644454
HIP,26229,3791,15,0.0080518098548054,0.018757801502943
HIP,48338,3792,17,0.0016726232133805,0.0062883184291422
HIP,13256,3793,16,0.0006245779222808,0.0025455062277615
HIP,44734,3794,14,0.0039758975617587,0.011598315089941
HIP,48634,3795,15,0.0085862074047327,0.0229478925466537
HIP,37676,3796,12,0.0027144090272486,0.0075425948016345
HIP,43725,3797,18,0.0117239281535148,0.0200571045279502
HIP,34390,3798,17,0.0184759832918643,0.0334275923669338
HIP,10963,3799,19,0.0026282919570803,0.0071157421916723
HIP,9199,3800,12,0.0206343755125999,0.0463589690625667
HIP,7535,3801,12,0.0006199878407642,0.0040212743915617
HIP,25781,3802,13,0.001106706331484,0.0040978766046464
HIP,50768,3803,14,0.0278792902827262,0.0814352333545684
HIP,47989,3804,14,0.0276428870856761,0.0482383631169796
HIP,12588,3805,12,0.0009805241134017,0.0045893336646258
HIP,3661,3806,13,0.0089427307248115,0.0202809069305658
HIP,21994,3807,17,0.0027544840704649,0.02217230014503
HIP,36648,3808,12,0.0027584519702941,0.0108664957806468
HIP,19993,3809,14,0.0086324783042073,0.0163071826100349
HIP,39557,3810,17,0.0006971046095713,0.0107461996376514
HIP,9396,3811,16,0.0045186425559222,0.0095320027321577
HIP,21341,3812,16,0.0020262352190911,0.0213366448879241
HIP,45332,3813,15,0.0105106430128216,0.0323262996971607
HIP,42280,3814,15,0.0032539807725697,0.0070505430921912
HIP,31045,3815,16,0.0006987297674641,0.0361916236579418
HIP,3750,3816,14,0.004692843183875,0.0113692013546824
HIP,27937,3817,15,0.0011298555182293,0.0068216184154152
HIP,13568,3818,16,0.0021273428574204,0.0079708965495228
HIP,16549,3819,14,0.0013336305273696,0.0043343384750187
HIP,30050,3820,14,0.0185858272016048,0.0227251201868057
HIP,41743,3821,14,0.0075646270997822,0.0218341723084449
HIP,44597,3822,12,0.0131041258573532,0.0267740041017532
HIP,2692,3823,14,0.0338671021163463,0.0514040328562259
HIP,31060,3824,17,0.0096081793308258,0.01286890078336
HIP,6186,3825,17,0.0018773754127323,0.0047531686723232
HIP,7613,3826,19,0.0172239579260349,0.0239744950085878
HIP,41190,3827,13,0.0011770883575081,0.0024533215910196
HIP,9128,3828,12,0.0308601465076208,0.0498331971466541
HIP,23621,3829,12,0.0161690209060907,0.0323449000716209
HIP,43393,3830,16,0.0006544166244566,0.0033660563640296
HIP,50506,3831,10,0.0203342754393816,0.0553015395998954
HIP,47211,3832,11,0.0313027389347553,0.0835803002119064
HIP,23522,3833,19,0.0097556300461292,0.0217395387589931
HIP,14032,3834,13,0.0218023192137479,0.0437927581369876
HIP,11364,3835,16,0.0077294609509408,0.0139003526419401
HIP,23712,3836,16,0.006034595426172,0.0181699283421039
HIP,1202,3837,11,0.0165666323155164,0.0522698573768138
HIP,27964,3838,15,0.0020229776855558,0.0061012292280793
HIP,40021,3839,14,0.006468447856605,0.018522098660469
HIP,39787,3840,19,0.0006363954744301,0.0054425843991339
HIP,6366,3841,15,0.0160396452993154,0.03782494738698
HIP,7610,3842,14,0.0030770876910537,0.0121995899826288
HIP,29804,3843,15,0.0057386765256524,0.0142280487343668
HIP,26785,3844,13,0.0011970408959314,0.005992092192173
HIP,35220,3845,11,0.0011997574474662,0.0066485861316323
HIP,10671,3846,16,0.001109939883463,0.0036078062839806
HIP,23936,3847,18,0.0005478563252836,0.0019529814599081
HIP,38748,3848,17,0.0069801504723727,0.0170413665473461
HIP,16419,3849,14,0.0404248908162117,0.06805881857872
HIP,40601,3850,17,0.0011505206348374,0.0039681140333414
HIP,6088,3851,13,0.01159995701164,0.0623298399150371
HIP,23426,3852,13,0.0112980585545301,0.0398531705141067
HIP,22726,3853,10,0.0031459461897611,0.0107414759695529
HIP,39283,3854,12,0.0006604290101677,0.0045979744754731
HIP,46270,3855,21,0.0031384013127535,0.0064083053730428
HIP,11517,3856,14,0.0045156078413128,0.0126533824950456
HIP,35279,3857,17,0.0028100870549678,0.0114873414859175
HIP,14937,3858,12,0.0048216371797025,0.0155237400904297
HIP,20176,3859,13,0.0069863111712038,0.0131809655576944
HIP,17555,3860,14,0.0064814118668437,0.019257491454482
HIP,30286,3861,15,0.0047359797172248,0.0095000369474291
HIP,1843,3862,14,0.0060740853659808,0.0131813343614339
HIP,29932,3863,5,0.0170077215880155,0.1006281897425651
HIP,13755,3864,12,0.0150550408288836,0.0258169937878847
HIP,27519,3865,13,0.0144054880365729,0.0317272618412971
HIP,46477,3866,12,0.0032149518374353,0.0074132932350039
HIP,1523,3867,14,0.0223178621381521,0.0540716983377933
HIP,39869,3868,13,0.0042130933143198,0.0147430654615163
HIP,43978,3869,17,0.0011562387226149,0.0046495632268488
HIP,24947,3870,12,0.0042327619157731,0.0369422473013401
HIP,2079,3871,12,0.0026739940512925,0.0099939303472638
HIP,28858,3872,12,0.0039284331724047,0.015480350703001
HIP,48332,3873,14,0.0074511896818876,0.0171121656894683
HIP,6415,3874,15,0.0042183399200439,0.0112805152311921
HIP,22295,3875,11,0.0023937760852277,0.0081299915909767
HIP,39716,3876,11,0.0112798577174544,0.0391245819628238
HIP,43167,3877,12,0.0143521958962082,0.0367221012711524
HIP,44239,3878,16,0.0007920915959402,0.003478453727439
HIP,7799,3879,14,0.0012173443101346,0.0045040054246783
HIP,32949,3880,14,0.0024297554045915,0.0104507198557257
HIP,38486,3881,16,0.0035573225468397,0.0336856916546821
HIP,12102,3882,15,0.0247445963323116,0.0224460884928703
HIP,48826,3883,14,0.026264326646924,0.0581305474042892
HIP,40169,3884,8,0.0006688550929538,0.0127856284379959
HIP,47738,3885,18,0.0017635149415582,0.0049039307050406
HIP,19889,3886,10,0.0037051576655358,0.0133455730974674
HIP,22686,3887,18,0.0022971911821514,0.0077720140106976
HIP,49182,3888,12,0.0029280444141477,0.0144496262073516
HIP,31438,3889,14,0.0029704642947763,0.0089681604877114
HIP,29075,3890,19,0.0099728405475616,0.0173371508717536
HIP,26548,3891,9,0.0037592346780002,0.0131284845992922
HIP,28011,3892,18,0.0015193668659776,0.0038748355582356
HIP,26524,3893,12,0.0012275163317099,0.004304667469114
HIP,46073,3894,15,0.0007050783606246,0.0040740668773651
HIP,14029,3895,13,0.0019380003213882,0.0064094341360032
HIP,14286,3896,11,0.005167375318706,0.0120381312444806
HIP,6689,3897,10,0.0190395191311836,0.0515717417001724
HIP,18074,3898,17,0.0171926841139793,0.0274540726095438
HIP,25361,3899,15,0.0008788320119492,0.0048410203307867
HIP,11789,3900,11,0.0011016769567504,0.0181819275021553
HIP,32249,3901,5,0.0039171972312033,0.0287131275981664
HIP,47713,3902,16,0.0027908943593502,0.0838504508137703
HIP,24317,3903,19,0.0096696708351373,0.0231283642351627
HIP,7198,3904,16,0.0008935116929933,0.0034211771562695
HIP,46429,3905,8,0.073516696691513,0.1335352063179016
HIP,21454,3906,10,0.018493928015232,0.061338011175394
HIP,33727,3907,19,0.0079058082774281,0.01510142814368
HIP,35526,3908,15,0.0109691759571433,0.0201326236128807
HIP,19481,3909,15,0.0009633360896259,0.0037094010040163
HIP,47843,3910,15,0.023075882345438,0.0397779159247875
HIP,45930,3911,13,0.0042822766117751,0.0131980329751968
HIP,11108,3912,9,0.0215447396039962,0.0609027817845344
HIP,18589,3913,13,0.0014159512938931,0.0043617039918899
HIP,5162,3914,18,0.001631810911931,0.0098760807886719
HIP,14099,3915,13,0.0172709617763757,0.0644314065575599
HIP,29007,3916,14,0.0025828727521002,0.0115481605753302
HIP,20307,3917,12,0.0012400604318827,0.006121477112174
HIP,44051,3918,15,0.000740872521419,0.003893541637808
HIP,11070,3919,12,0.0030222779605537,0.0089326566085219
HIP,20150,3920,19,0.0488456934690475,0.0573290288448333
HIP,50613,3921,14,0.0021775071509182,0.0072422330267727
HIP,18551,3922,10,0.0226007439196109,0.0912607833743095
HIP,45638,3923,17,0.0012423297157511,0.0048912558704614
HIP,46105,3924,12,0.0071260086260735,0.0174765214323997
HIP,28032,3925,16,0.0063274884596467,0.009454982355237
HIP,43040,3926,19,0.0010756260016933,0.0033675192389637
HIP,16748,3927,16,0.003010855987668,0.0117139006033539
HIP,30176,3928,16,0.0017513701459392,0.0705312564969062
HIP,8045,3929,13,0.0060974047519266,0.0104844076558947
HIP,11781,3930,14,0.0010938793420791,0.0043307784944772
HIP,12364,3931,13,0.0072978744283318,0.0214776247739791
HIP,26644,3932,19,0.0060772337019443,0.0094711435958743
HIP,17875,3933,16,0.0058897733688354,0.0130174523219466
HIP,23156,3934,15,0.0202135425060987,0.0291464310139417
HIP,4872,3935,12,0.0047341133467853,0.0178353730589151
HIP,20769,3936,14,0.0060211904346942,0.0146569134667515
HIP,46201,3937,12,0.0028884140774607,0.0130275022238492
HIP,37346,3938,16,0.0066397464834153,0.0121530229225754
HIP,1280,3939,14,0.0043698530644178,0.0093395812436938
HIP,14412,3940,13,0.0039678383618593,0.0134872598573565
HIP,2788,3941,11,0.0078335525467991,0.0153437880799174
HIP,12333,3942,13,0.0007057340699248,0.0040865861810743
HIP,47370,3943,14,0.0072001339867711,0.0205319374799728
HIP,5832,3944,12,0.0035557879600673,0.014409196563065
HIP,5554,3945,19,0.0070825712755322,0.0140887396410107
HIP,12782,3946,13,0.0049213897436857,0.0160801112651824
HIP,8356,3947,15,0.005520851816982,0.0137131623923778
HIP,39736,3948,12,0.0055725099518895,0.0153736807405948
HIP,15545,3949,12,0.0031358518172055,0.0090029705315828
HIP,37992,3950,17,0.0055117411538958,0.0152242816984653
HIP,29776,3951,16,0.000728937331587,0.0026627026963979
HIP,36925,3952,12,0.0069509213790297,0.0151916937902569
HIP,21344,3953,10,0.0059180282987654,0.0182153861969709
HIP,9969,3954,16,0.0150898918509483,0.0270578358322381
HIP,16737,3955,6,0.077303871512413,0.2722916305065155
HIP,1559,3956,13,0.0407871305942535,0.1041309535503387
HIP,17383,3957,14,0.0038282943423837,0.006047414150089
HIP,45242,3958,11,0.0015691592125222,0.0068109505809843
HIP,36473,3959,16,0.0005916104419156,0.0061888718046247
HIP,25020,3960,15,0.0350880064070224,0.0715566053986549
HIP,48935,3961,6,0.0526717118918895,0.1197075769305229
HIP,50388,3962,15,0.0030666240490972,0.0144258020445704
HIP,37843,3963,13,0.0030200260225683,0.0119170797988772
HIP,19877,3964,15,0.0054739755578339,0.0137806683778762
HIP,30962,3965,14,0.0041074091568589,0.0159819591790437
HIP,34836,3966,14,0.0037855065893381,0.0084498338401317
HIP,46892,3967,14,0.0781876966357231,0.1330226063728332
HIP,2948,3968,11,0.0008163941092789,0.0179001782089471
HIP,33149,3969,13,0.0114695923402905,0.0248741991817951
HIP,563,3970,12,0.0100456243380904,0.0294064041227102
HIP,4865,3971,12,0.0094919176772236,0.0347520448267459
HIP,23322,3972,14,0.008174629881978,0.0207327157258987
HIP,4096,3973,15,0.0045966333709657,0.0089545873925089
HIP,31465,3974,13,0.0034471843391656,0.0141820143908262
HIP,23851,3975,21,0.0035142654087394,0.0066555775701999
HIP,43656,3976,14,0.0219102185219526,0.0571619868278503
HIP,49935,3977,11,0.0067981122992932,0.043997373431921
HIP,355,3978,10,0.0063039264641702,0.0184999536722898
HIP,13098,3979,12,0.0005958324763923,0.0032054069451987
HIP,19201,3980,15,0.0027011642232537,0.0176585055887699
HIP,36902,3981,11,0.0015840536216273,0.0073354290798306
HIP,11211,3982,17,0.0009273090981878,0.0069215078838169
HIP,27650,3983,11,0.0039998525753617,0.0146133182570338
HIP,21267,3984,11,0.0034072513226419,0.0100740808993577
HIP,9903,3985,14,0.0034979816991835,0.0076743373647332
HIP,25009,3986,19,0.0032832785509526,0.0063823251985013
HIP,40342,3987,11,0.0062025617808103,0.0243985634297132
HIP,22122,3988,16,0.0006191737484186,0.0043297428637743
HIP,18788,3989,14,0.0207517575472593,0.0238345265388488
HIP,10175,3990,9,0.0094016510993242,0.0602772310376167
HIP,2516,3991,14,0.0011631896486505,0.0043394058011472
HIP,40071,3992,14,0.0028690686449408,0.0073170587420463
HIP,34825,3993,13,0.0560406856238842,0.0951550602912902
HIP,37589,3994,11,0.0034779361449182,0.0124880829825997
HIP,14577,3995,13,0.0006634722813032,0.0048780278302729
HIP,37127,3996,18,0.006468104198575,0.0117408242076635
HIP,27134,3997,10,0.0226677656173706,0.0910050645470619
HIP,35417,3998,10,0.0048092496581375,0.0135040869936347
HIP,928,3999,16,0.0032908169087022,0.0103811454027891
HIP,46435,4000,14,0.0025718484539538,0.0130444783717393
HIP,20711,4001,8,0.0043225493282079,0.025696912780404
HIP,32770,4002,13,0.0419459156692028,0.0659352838993072
HIP,31066,4003,12,0.0029895929619669,0.0188654139637947
HIP,27471,4004,12,0.0014919845853,0.0042281616479158
HIP,35362,4005,15,0.002050332725048,0.0063849459402263
HIP,49649,4006,19,0.0845073983073234,0.1109951063990593
HIP,2778,4007,15,0.009971166960895,0.017139583826065
HIP,23023,4008,15,0.0005593992536887,0.0189633276313543
HIP,16093,4009,14,0.0082831820473074,0.0236454159021377
HIP,28125,4010,15,0.0010403400519862,0.0071998918429017
HIP,3402,4011,12,0.0136607689782977,0.0373873487114906
HIP,36069,4012,14,0.0009154974832199,0.0041118510998785
HIP,21626,4013,13,0.0015843688743188,0.0047586355358362
HIP,15408,4014,21,0.0033535785041749,0.0122922305017709
HIP,33572,4015,10,0.0474461987614631,0.0940816029906272
HIP,15671,4016,10,0.072998397052288,0.1207736581563949
HIP,19084,4017,15,0.0028498207684606,0.0094727622345089
HIP,47614,4018,17,0.0011850898154079,0.013071441091597
HIP,33454,4019,17,0.0010026748059317,0.0048815519548952
HIP,14963,4020,15,0.0223958846181631,0.0430425181984901
HIP,22432,4021,16,0.0015679877251386,0.0046333977952599
HIP,11447,4022,12,0.0023738406598567,0.0087880454957485
HIP,6274,4023,17,0.0023800116032361,0.0056551690213382
HIP,40249,4024,15,0.0018869477789849,0.0126370126381516
HIP,38205,4025,14,0.0015110531821846,0.0072938874363899
HIP,5222,4026,19,0.0067294677719473,0.0099409446120262
HIP,1161,4027,17,0.0035633312072604,0.0089460313320159
HIP,5919,4028,15,0.0142349693924188,0.0187373664230108
HIP,30178,4029,13,0.0058068144135177,0.0191948506981134
HIP,329,4030,16,0.0047111916355788,0.0136128515005111
HIP,45142,4031,17,0.0142878917977213,0.0199020430445671
HIP,27446,4032,16,0.006856876425445,0.0632596686482429
HIP,30467,4033,16,0.0152277220040559,0.0329696424305439
HIP,31628,4034,17,0.000986763392575,0.0141318310052156
HIP,70,4035,14,0.0007670883787795,0.0038349621463567
HIP,25189,4036,17,0.0066766482777893,0.0120216654613614
HIP,42540,4037,6,0.0155551629140973,0.0385270975530147
HIP,5577,4038,19,0.0006996081792749,0.0776853039860725
HIP,29418,4039,12,0.0007323469035327,0.0040461104363203
HIP,44023,4040,14,0.001095216255635,0.0048948368057608
HIP,7981,4041,10,0.0130610596388578,0.0395739264786243
HIP,4444,4042,12,0.0034568996634334,0.0118233850225806
HIP,19488,4043,12,0.0030008074827492,0.0142979891970753
HIP,1516,4044,11,0.0037802879232913,0.0085648288950324
HIP,31405,4045,16,0.0031800146680325,0.0132115548476576
HIP,6703,4046,11,0.0048235431313514,0.0164538584649562
HIP,35596,4047,15,0.0038605786394327,0.0093909297138452
HIP,9791,4048,15,0.0004684449522756,0.0040447521023452
HIP,20794,4049,11,0.0010152892209589,0.0065697934478521
HIP,26133,4050,19,0.0136425495147705,0.0173020213842391
HIP,43703,4051,12,0.004224725998938,0.0135307507589459
HIP,48844,4052,12,0.0215492211282253,0.0463508367538452
HIP,34405,4053,15,0.005693161394447,0.0145981227979063
HIP,33709,4054,15,0.0056837853044271,0.0148792136460542
HIP,16378,4055,14,0.0231540091335773,0.0333808846771717
HIP,28473,4056,15,0.0177897810935974,0.0251237135380506
HIP,29676,4057,12,0.0157454404979944,0.0643124282360076
HIP,22898,4058,9,0.004908787086606,0.0200527161359787
HIP,46759,4059,10,0.0074781766161322,0.0211512558162212
HIP,13109,4060,15,0.0029816986061632,0.0076384618878364
HIP,26641,4061,15,0.0036683212965726,0.0113460589200258
HIP,46447,4062,14,0.0036257584579288,0.009059059433639
HIP,49084,4063,7,0.0147105688229203,0.0458114705979824
HIP,31610,4064,15,0.002079393947497,0.0097679961472749
HIP,44641,4065,14,0.0078747356310486,0.0180791430175304
HIP,32552,4066,12,0.0011721646878868,0.0046021766029298
HIP,1613,4067,15,0.001349781290628,0.0061609544791281
HIP,46579,4068,14,0.0007361554307863,0.0039354059845209
HIP,24616,4069,10,0.0013976317131891,0.0185561627149581
HIP,4544,4070,16,0.0012446483597159,0.0044286795891821
HIP,29178,4071,16,0.0043682260438799,0.014888803474605
HIP,11500,4072,12,0.0191340185701847,0.0329126566648483
HIP,26628,4073,12,0.0011504874564707,0.0096693057566881
HIP,1140,4074,16,0.0063670291565358,0.0117196859791874
HIP,48791,4075,9,0.0211913660168647,0.0421140678226947
HIP,1991,4076,16,0.0133906155824661,0.0331831723451614
HIP,12366,4077,15,0.0066717294976115,0.0146925169974565
HIP,34919,4078,11,0.006007311400026,0.0226643942296504
HIP,14388,4079,14,0.0041958638466894,0.0094449892640113
HIP,28242,4080,16,0.0031874924898147,0.0099021727219223
HIP,35969,4081,17,0.0044266846962273,0.0097589241340756
HIP,43556,4082,12,0.0124316168949007,0.0298129357397556
HIP,197,4083,17,0.0153234908357262,0.0359186828136444
HIP,10676,4084,15,0.0020548140164464,0.0105665326118469
HIP,2883,4085,12,0.0112752635031938,0.0238264631479978
HIP,9822,4086,18,0.0033914281520992,0.0243728328496217
HIP,13462,4087,14,0.0065336269326508,0.0140121271833777
HIP,37613,4088,13,0.0258504468947649,0.0551980398595333
HIP,44565,4089,12,0.0006121270707808,0.0032328746747225
HIP,1095,4090,15,0.0015070374356582,0.0312760844826698
HIP,4308,4091,12,0.0068761045113205,0.0226790308952331
HIP,27044,4092,14,0.0011380366049706,0.0083509217947721
HIP,3245,4093,15,0.0045908917672932,0.0104765696451067
HIP,26941,4094,12,0.0008042960544116,0.0064853825606405
HIP,23348,4095,17,0.0013368874788284,0.0044483696110546
HIP,28084,4096,14,0.002961051184684,0.0098240990191698
HIP,19925,4097,12,0.0186140034347772,0.0319425165653228
HIP,42815,4098,13,0.0091222710907459,0.0214777942746877
HIP,30678,4099,15,0.0052589061670005,0.0114697096869349
HIP,47249,4100,15,0.0022731469944119,0.007278109434992
HIP,45552,4101,12,0.0127316135913133,0.0251018442213535
HIP,10336,4102,10,0.0031232922337949,0.017331562936306
HIP,17262,4103,14,0.0025835733395069,0.0071811978705227
HIP,9928,4104,17,0.0009268510038964,0.0063204672187566
HIP,10802,4105,15,0.0029529086314141,0.0119268577545881
HIP,27547,4106,13,0.0043053086847066,0.0141081865876913
HIP,29940,4107,15,0.0070789246819913,0.0282126683741807
HIP,1443,4108,19,0.0019965642131865,0.0047086724080145
HIP,41911,4109,16,0.0069540720432996,0.0142638618126511
HIP,39911,4110,12,0.0050898469053208,0.0105410199612379
HIP,23818,4111,12,0.0100234942510724,0.0265810135751962
HIP,45917,4112,16,0.0138219632208347,0.0274104066193103
HIP,39683,4113,15,0.0101024564355611,0.0290812365710735
HIP,26799,4114,17,0.0042129387147724,0.0091879479587078
HIP,29663,4115,17,0.0019496618770062,0.0055586197413504
HIP,37448,4116,10,0.0383002869784832,0.0695604011416435
HIP,17930,4117,15,0.0075950729660689,0.0184653922915458
HIP,8161,4118,13,0.0017479810630902,0.0174683164805173
HIP,43444,4119,14,0.0021925321780145,0.008182231336832
HIP,16895,4120,12,0.0038943712133914,0.0089191729202866
HIP,26568,4121,13,0.0013936527539044,0.0043646343983709
HIP,19377,4122,13,0.0031554538290947,0.0085215754806995
HIP,6158,4123,17,0.014276803471148,0.0223102252930402
HIP,34263,4124,17,0.0007380800088867,0.0040561091154813
HIP,18860,4125,9,0.0033718512859195,0.0109442211687564
HIP,37117,4126,17,0.004275451414287,0.0094167478382587
HIP,48443,4127,16,0.003647957695648,0.0527349896728992
HIP,40319,4128,16,0.0192824117839336,0.0364404842257499
HIP,15702,4129,15,0.0033017715904861,0.0081403264775872
HIP,41522,4130,8,0.0214774087071418,0.0419004894793033
HIP,30452,4131,13,0.0746388435363769,0.1446362286806106
HIP,3126,4132,13,0.002199525013566,0.0084693459793925
HIP,38933,4133,13,0.0099224857985973,0.0231759902089834
HIP,8340,4134,12,0.0227442644536495,0.0458827391266822
HIP,16913,4135,15,0.0101253446191549,0.0240810979157686
HIP,19879,4136,18,0.0028235102072358,0.0063445661216974
HIP,40051,4137,14,0.0077916709706187,0.0178925618529319
HIP,39358,4138,12,0.0536593124270439,0.0669778361916542
HIP,21246,4139,16,0.0014981226995587,0.0043794941157102
HIP,49033,4140,14,0.0166442431509494,0.0279992055147886
HIP,18918,4141,14,0.0066182231530547,0.0243499632924795
HIP,28413,4142,12,0.0022970156278461,0.0065283332951366
HIP,23603,4143,14,0.0025882055051624,0.0087797027081251
HIP,41135,4144,15,0.0036094228271394,0.0096139265224337
HIP,37903,4145,14,0.0091695627197623,0.0235972721129655
HIP,45894,4146,11,0.020211724564433,0.0542023070156574
HIP,30396,4147,10,0.0062069934792816,0.0282715018838644
HIP,26369,4148,12,0.0030234332662075,0.0128123993054032
HIP,34769,4149,12,0.0383655838668346,0.0858883485198021
HIP,41289,4150,12,0.0091318842023611,0.027463374659419
HIP,7523,4151,16,0.0016296686371788,0.0046412930823862
HIP,36286,4152,15,0.005451294593513,0.01076474878937
HIP,24323,4153,11,0.0011308504035696,0.0487222857773304
HIP,7160,4154,16,0.0034237911459058,0.0105060236528515
HIP,37751,4155,15,0.0045961793512105,0.0113661456853151
HIP,9461,4156,11,0.0015550949610769,0.0084973312914371
HIP,18559,4157,15,0.0063240616582334,0.019485380500555
HIP,39411,4158,15,0.000716769543942,0.005898121278733
HIP,32094,4159,13,0.0119883874431252,0.0285276509821414
HIP,2801,4160,16,0.0095873791724443,0.0173332057893276
HIP,41810,4161,17,0.001061261515133,0.003251782618463
HIP,10452,4162,9,0.0113172587007284,0.0423869006335735
HIP,253,4163,16,0.0160897225141525,0.0228033438324928
HIP,38473,4164,17,0.010874243453145,0.0171693693846464
HIP,36331,4165,10,0.0058869435451924,0.0181336775422096
HIP,40411,4166,19,0.0142537439242005,0.0386674292385578
HIP,40435,4167,16,0.0405130684375762,0.0538611933588981
HIP,28116,4168,15,0.0138304037973284,0.0472845844924449
HIP,16764,4169,17,0.013475771062076,0.0214251410216093
HIP,50013,4170,14,0.0078152297064661,0.016381898894906
HIP,34404,4171,14,0.0006647707195952,0.0041850875131785
HIP,11825,4172,13,0.0044690696522593,0.0158536396920681
HIP,34486,4173,15,0.0161104183644056,0.0397832952439785
HIP,25109,4174,14,0.0057822344824671,0.0140832718461751
HIP,647,4175,19,0.0124631496146321,0.030471496284008
HIP,9496,4176,14,0.0090317856520414,0.0233555845916271
HIP,38743,4177,9,0.0058802417479455,0.0207367110997438
HIP,25691,4178,12,0.0134999472647905,0.027255205437541
HIP,9344,4179,13,0.0027437591925263,0.0103192245587706
HIP,28750,4180,11,0.0184329897165298,0.0472484603524208
HIP,16838,4181,16,0.0015328269219025,0.0049309134483337
HIP,27492,4182,15,0.0036809425801038,0.0114443423226475
HIP,1009,4183,9,0.0150263682007789,0.0322485864162445
HIP,19519,4184,11,0.016660913825035,0.043779756873846
HIP,46395,4185,13,0.0047378065064549,0.0115385679528117
HIP,32009,4186,11,0.0006946611101739,0.0183206349611282
HIP,23186,4187,15,0.0069573041982948,0.0185549929738044
HIP,40947,4188,12,0.0041969385929405,0.0087391436100006
HIP,24090,4189,15,0.0112538924440741,0.0196193438023328
HIP,12533,4190,13,0.0008040514076128,0.0041975448839366
HIP,17148,4191,13,0.0056198318488895,0.0110813649371266
HIP,28703,4192,16,0.0009640324860811,0.0088882418349385
HIP,44247,4193,12,0.0104954773560166,0.0176332350820302
HIP,35334,4194,11,0.0051304935477674,0.0180460512638092
HIP,48061,4195,14,0.0298914574086666,0.0484140031039714
HIP,1210,4196,11,0.0037937769666314,0.0135493939742445
HIP,369,4197,11,0.0015694854082539,0.0056928200647234
HIP,17922,4198,14,0.000617257435806,0.0115967178717255
HIP,1196,4199,14,0.0409402623772621,0.0636237263679504
HIP,16019,4200,16,0.0005947423051111,0.0032903747633099
HIP,23875,4201,16,0.0009412262588739,0.0034346629399806
HIP,16459,4202,13,0.0224414952099323,0.0568616427481174
HIP,8318,4203,15,0.007582786027342,0.0292740128934383
HIP,36197,4204,15,0.0050481418147683,0.0136144626885652
HIP,31259,4205,11,0.0048699360340833,0.0128929400816559
HIP,25293,4206,17,0.0040248921141028,0.0115940058603882
HIP,34341,4207,13,0.0026179559063166,0.0123354410752654
HIP,42791,4208,13,0.0025278984103351,0.0080370334908366
HIP,20361,4209,21,0.0040493458509445,0.0197530053555965
HIP,31558,4210,12,0.0184461809694767,0.034404594451189
HIP,40133,4211,12,0.032724779099226,0.0633628368377685
HIP,11310,4212,10,0.0094170039519667,0.022143755108118
HIP,29452,4213,16,0.0156072741374373,0.028427118435502
HIP,26772,4214,16,0.0035527548752725,0.0272093508392572
HIP,16294,4215,21,0.0014885901473462,0.0038628852926194
HIP,6177,4216,19,0.0033047872129827,0.0071930303238332
HIP,37760,4217,14,0.0222583692520856,0.052518967539072
HIP,21047,4218,15,0.0035363589413464,0.010212761349976
HIP,11628,4219,15,0.0005606868653558,0.0055158976465463
HIP,15324,4220,10,0.1948099285364151,0.3919452726840973
HIP,44370,4221,12,0.0199928078800439,0.0530434362590312
HIP,19490,4222,11,0.0044615496881306,0.0145213473588228
HIP,26142,4223,16,0.0029288723599165,0.0097570428624749
HIP,9263,4224,15,0.0078893341124057,0.014812909066677
HIP,38066,4225,10,0.0034906610380858,0.0170047190040349
HIP,15822,4226,14,0.0050343079492449,0.0116732763126492
HIP,47727,4227,16,0.0011419932125136,0.0037504269275814
HIP,17015,4228,14,0.0019645127467811,0.0073638199828565
HIP,10799,4229,14,0.0019095640163868,0.0069083734415471
HIP,38556,4230,15,0.0041970997117459,0.0256726276129484
HIP,6632,4231,9,0.0102458614856004,0.0416913852095603
HIP,36827,4232,11,0.0342151634395122,0.1051759868860244
HIP,19184,4233,12,0.0012901464942842,0.0070595564320683
HIP,41933,4234,17,0.0035413345322012,0.00941370613873
HIP,2518,4235,14,0.0023164195008575,0.0082500530406832
HIP,43,4236,10,0.0085038002580404,0.0208849050104618
HIP,21218,4237,10,0.0577585026621818,0.1844271570444107
HIP,47001,4238,13,0.001340165734291,0.0063040703535079
HIP,36498,4239,12,0.0137659283354878,0.0372309572994709
HIP,9495,4240,11,0.0061381352134048,0.0194213520735502
HIP,8897,4241,11,0.0010854229331016,0.0175789780914783
HIP,15093,4242,10,0.0091928206384181,0.0345255844295024
HIP,50764,4243,11,0.0061632990837097,0.0211845375597476
HIP,43811,4244,14,0.0018592856358736,0.0108407959342002
HIP,49681,4245,14,0.0030269587878137,0.009155816398561
HIP,18014,4246,16,0.0102225923910737,0.0244316607713699
HIP,41795,4247,14,0.0073595074936747,0.0177574399858713
HIP,49338,4248,12,0.0007900112541392,0.0043154507875442
HIP,29262,4249,13,0.0018076767446473,0.0055795754306018
HIP,46000,4250,11,0.0601614974439144,0.1335746347904205
HIP,50201,4251,10,0.0060860626399517,0.0169191379100084
HIP,31656,4252,12,0.0138511331751942,0.0337068401277065
HIP,512,4253,14,0.0004200494731776,0.0027882209978997
HIP,41253,4254,15,0.0054196836426854,0.0130276512354612
HIP,8039,4255,17,0.0081974361091852,0.0161082036793231
HIP,17769,4256,10,0.0143545158207416,0.036647755652666
HIP,27346,4257,13,0.0458253063261508,0.081422358751297
HIP,11064,4258,15,0.0023720022290945,0.0073426398448646
HIP,12024,4259,12,0.0139344334602355,0.0505817905068397
HIP,34562,4260,16,0.0039359121583402,0.0158173386007547
HIP,6134,4261,17,0.0061448886990547,0.0158418752253055
HIP,24868,4262,16,0.0253845658153295,0.035884253680706
HIP,28460,4263,13,0.0032687175553292,0.0103026777505874
HIP,49680,4264,10,0.0036867754533886,0.017264824360609
HIP,12485,4265,12,0.0223771687597036,0.0453219078481197
HIP,1735,4266,16,0.0007783132605254,0.0046724933199584
HIP,38411,4267,18,0.0026906051207333,0.0171028189361095
HIP,32164,4268,16,0.0028701543342322,0.0063370196148753
HIP,7122,4269,17,0.0022244001738727,0.0096139106899499
HIP,47809,4270,10,0.0038506460841745,0.0181023105978965
HIP,24805,4271,12,0.0123085528612136,0.0306062195450067
HIP,6217,4272,16,0.0007961560040712,0.0554770715534687
HIP,24085,4273,12,0.0176351331174373,0.0418511517345905
HIP,5840,4274,14,0.0076543008908629,0.0180353540927171
HIP,7105,4275,15,0.004711146466434,0.0084275007247924
HIP,4584,4276,13,0.0278205517679452,0.0547130443155765
HIP,26227,4277,13,0.0043938788585364,0.0736919119954109
HIP,8076,4278,10,0.0010456694290041,0.0066833621822297
HIP,5120,4279,12,0.0033791658934205,0.0534344911575317
HIP,38203,4280,10,0.005396035965532,0.0283161215484142
HIP,24313,4281,12,0.0029122123960405,0.0146074071526527
HIP,43541,4282,8,0.0021279545035213,0.0188340526074171
HIP,44601,4283,15,0.0067237592302262,0.0191947538405656
HIP,1500,4284,13,0.0343500152230262,0.0836831778287887
HIP,43341,4285,17,0.0155611997470259,0.0410853773355484
HIP,38837,4286,12,0.013254233635962,0.0455055311322212
HIP,43041,4287,16,0.0075657083652913,0.0154435019940137
HIP,5334,4288,12,0.0207247529178857,0.0514828711748123
HIP,39459,4289,13,0.0158034022897481,0.0321626998484134
HIP,21580,4290,15,0.008237469010055,0.0148140871897339
HIP,37220,4291,14,0.0028593023307621,0.0082595497369766
HIP,31951,4292,15,0.0009156888118013,0.0045851268805563
HIP,23357,4293,14,0.0016408568480983,0.0079607907682657
HIP,27554,4294,15,0.0062593529000878,0.0222274027764797
HIP,36609,4295,11,0.0272088814526796,0.0579367093741893
HIP,41769,4296,9,0.028746897354722,0.1011397093534469
HIP,50803,4297,12,0.0011486419243738,0.0064994008280336
HIP,29674,4298,12,0.0021033366210758,0.0181790143251419
HIP,8276,4299,14,0.0014839281793683,0.0095201460644602
HIP,12903,4300,16,0.0009976308792829,0.0038410511333495
HIP,46192,4301,14,0.0016031573759391,0.0056851212866604
HIP,1057,4302,12,0.0035947386641055,0.0113831041380763
HIP,29882,4303,13,0.0013767263153567,0.005988435819745
HIP,30932,4304,14,0.002447210252285,0.0096006030216813
HIP,15695,4305,7,0.0050175851210951,0.0246692933142185
HIP,8535,4306,14,0.0220161452889442,0.0383891761302948
HIP,47127,4307,14,0.005980237852782,0.0134894708171486
HIP,12625,4308,12,0.0147289186716079,0.0534280128777027
HIP,30076,4309,15,0.006124482024461,0.0176854711025953
HIP,39560,4310,14,0.0084934048354625,0.0180052742362022
HIP,36897,4311,19,0.0024323905818164,0.0056839925236999
HIP,14027,4312,11,0.0127090122550725,0.0343030244112014
HIP,39277,4313,12,0.0218305997550487,0.0333868153393268
HIP,43802,4314,15,0.0030711733270436,0.0256131924688816
HIP,3318,4315,12,0.004160638898611,0.0132332937791943
HIP,3085,4316,14,0.0048275114968419,0.0137396054342389
HIP,3565,4317,14,0.0071010245010256,0.019337298348546
HIP,32675,4318,12,0.0164557490497827,0.0312197413295507
HIP,5224,4319,16,0.0176482591778039,0.024248557165265
HIP,11224,4320,10,0.0036912751384079,0.0177796725183725
HIP,28792,4321,10,0.0050112176686525,0.014992419630289
HIP,45081,4322,15,0.008262082003057,0.0209849458187818
HIP,29405,4323,13,0.0151473898440599,0.0263291876763105
HIP,8033,4324,12,0.0168972630053758,0.0328527688980102
HIP,42844,4325,15,0.0007753436802886,0.0055576059967279
HIP,10606,4326,12,0.0094039589166641,0.0160472895950078
HIP,49854,4327,13,0.0013967629056423,0.0059266830794513
HIP,23542,4328,14,0.0031769743654876,0.0078279366716742
HIP,30960,4329,10,0.0033023124560713,0.0167982578277587
HIP,84,4330,19,0.0017771718557924,0.0114576201885938
HIP,41754,4331,17,0.0067307134158909,0.0172867234796285
HIP,20894,4332,9,0.0044341278262436,0.0167783517390489
HIP,18710,4333,8,0.0516503266990184,0.1525959968566894
HIP,47175,4334,16,0.0103887608274817,0.0239304080605506
HIP,35112,4335,9,0.0082912845537066,0.0234995428472757
HIP,19311,4336,10,0.0275213066488504,0.0978139117360115
HIP,48414,4337,15,0.0006627632537856,0.0539520978927612
HIP,19299,4338,9,0.0048111812211573,0.0171955619007349
HIP,22233,4339,19,0.0034916114527732,0.0067907636985182
HIP,8163,4340,17,0.0049082646146416,0.0175561718642711
HIP,29772,4341,14,0.010415225289762,0.0284015499055385
HIP,9937,4342,17,0.0012091988464817,0.0047507206909358
HIP,49525,4343,15,0.0216814465820789,0.0381786599755287
HIP,46398,4344,13,0.0173048768192529,0.0288955029100179
HIP,25783,4345,13,0.0081751542165875,0.0221653636544942
HIP,26460,4346,10,0.0070470604114234,0.0297057144343853
HIP,50462,4347,14,0.0148011110723018,0.0265595596283674
HIP,14551,4348,15,0.0095843886956572,0.0305819232016801
HIP,6489,4349,16,0.000632326118648,0.0031208782456815
HIP,13051,4350,17,0.0045463126152753,0.016408996656537
HIP,15872,4351,16,0.0033796774223446,0.0149907618761062
HIP,38930,4352,12,0.0090198963880538,0.0238648597151041
HIP,35984,4353,14,0.0029934928752481,0.0088598132133483
HIP,27072,4354,15,0.0072083724662661,0.0227915775030851
HIP,32607,4355,9,0.0038227837067097,0.0702436491847038
HIP,36415,4356,10,0.0187297109514474,0.0299360286444425
HIP,7708,4357,12,0.004995543975383,0.0215291213244199
HIP,30384,4358,13,0.004962723236531,0.0194698832929134
HIP,42296,4359,16,0.0061962231993675,0.0140215577557682
HIP,2112,4360,13,0.0534629598259925,0.0887035876512527
HIP,24385,4361,15,0.057456336915493,0.0634273216128349
HIP,26696,4362,13,0.0068851127289235,0.0190606862306594
HIP,8133,4363,10,0.0198756568133831,0.0553184002637863
HIP,43854,4364,14,0.0013591917231678,0.0046886163763701
HIP,32317,4365,13,0.0052828365005552,0.0149091826751828
HIP,16640,4366,15,0.016023488715291,0.0381666086614131
HIP,43068,4367,16,0.0021495539695024,0.0051638963632285
HIP,25821,4368,12,0.0021621061023324,0.0077503719367086
HIP,34461,4369,17,0.01462441124022,0.0210036765784025
HIP,46427,4370,12,0.0047446521930396,0.025217356160283
HIP,10256,4371,11,0.0049199163913726,0.0202439334243536
HIP,13111,4372,16,0.0481255054473876,0.0540182627737522
HIP,30317,4373,10,0.0636035576462745,0.2153477072715759
HIP,12106,4374,14,0.0036771898157894,0.0083222994580864
HIP,41247,4375,12,0.0156667176634073,0.0946416705846786
HIP,3608,4376,19,0.0013318508863449,0.0708507597446441
HIP,7954,4377,14,0.0054187593050301,0.0161808263510465
HIP,13618,4378,19,0.0017970340559259,0.0038460765499621
HIP,26461,4379,15,0.0048955329693853,0.0336474142968654
HIP,50541,4380,14,0.0180445797741413,0.0373367182910442
HIP,5771,4381,10,0.0185474958270788,0.0558435805141925
HIP,27560,4382,14,0.0055520888417959,0.0140448091551661
HIP,33841,4383,17,0.0071510546840727,0.0131785310804843
HIP,25454,4384,18,0.0034322682768106,0.0169585403054952
HIP,23760,4385,12,0.0042170383967459,0.011589165776968
HIP,43146,4386,10,0.0097486404702067,0.0293804593384265
HIP,32710,4387,17,0.0046157664619386,0.0153610156849026
HIP,15526,4388,12,0.0018405856098979,0.0068859821185469
HIP,48728,4389,14,0.0019326483597978,0.0069383601658046
HIP,10159,4390,19,0.0112965581938624,0.0187594760209321
HIP,14084,4391,13,0.0102840634062886,0.0174934733659029
HIP,45181,4392,13,0.0084744933992624,0.0172375999391078
HIP,5194,4393,14,0.0023328757379204,0.0076169548556208
HIP,17363,4394,13,0.0065677477978169,0.0202425997704267
HIP,15785,4395,12,0.0008136485121212,0.0117327868938446
HIP,33571,4396,14,0.0128342742100358,0.0307030454277992
HIP,35860,4397,13,0.0018187111709266,0.0069585931487381
HIP,27808,4398,15,0.00706343119964,0.0189164839684963
HIP,40732,4399,15,0.0010730073554441,0.0051107890903949
HIP,1425,4400,11,0.0031854889821261,0.0116155035793781
HIP,980,4401,17,0.0029443416278809,0.0082538202404975
HIP,26089,4402,16,0.0169881172478199,0.0341722033917903
HIP,26164,4403,15,0.0034575713798403,0.0103299440816044
HIP,7343,4404,14,0.0163804870098829,0.0345870740711689
HIP,39717,4405,8,0.003849955741316,0.0240034889429807
HIP,40954,4406,16,0.0064290687441825,0.0155023634433746
HIP,24943,4407,14,0.0062511097639799,0.0112865241244435
HIP,20771,4408,16,0.0013185404241085,0.0160139892250299
HIP,4132,4409,16,0.0054677231237292,0.0332117676734924
HIP,3397,4410,17,0.0018493249081075,0.0055925473570823
HIP,38881,4411,10,0.0146424239501357,0.0264252051711082
HIP,27506,4412,10,0.0393756330013275,0.10860026627779
HIP,39935,4413,14,0.0040154275484383,0.0131596606224775
HIP,11837,4414,14,0.0053118476644158,0.0232995152473449
HIP,28162,4415,14,0.0015038867713883,0.004949593450874
HIP,30450,4416,14,0.0161804482340812,0.0244319289922714
HIP,34737,4417,17,0.002574854530394,0.0235953535884618
HIP,16986,4418,14,0.0032004103995859,0.0082898885011672
HIP,321,4419,14,0.0173186641186475,0.0327726863324642
HIP,32853,4420,9,0.0026726247742772,0.0111393267288804
HIP,19402,4421,16,0.0019947821274399,0.0055002779699862
HIP,6346,4422,16,0.0063675204291939,0.0117199691012501
HIP,2472,4423,18,0.0006125688669271,0.026381691917777
HIP,6259,4424,13,0.0028321880381554,0.0100787580013275
HIP,49306,4425,15,0.0313614308834075,0.0432330332696437
HIP,49460,4426,13,0.0220588892698287,0.0325407423079013
HIP,6131,4427,12,0.0032994581852108,0.0102914543822407
HIP,20746,4428,13,0.003974865656346,0.0256128869950771
HIP,33540,4429,11,0.0038012557197362,0.0116592599079012
HIP,25624,4430,15,0.0096968151628971,0.0243330858647823
HIP,46815,4431,9,0.0309064406901597,0.0790728330612182
HIP,13574,4432,14,0.0013869600370526,0.0190638713538646
HIP,46127,4433,16,0.0039501232095062,0.0080415373668074
HIP,9051,4434,15,0.0043915417045354,0.011473529972136
HIP,48799,4435,11,0.0027815862558782,0.0149513576179742
HIP,33066,4436,10,0.0037608111742883,0.0134687069803476
HIP,45800,4437,19,0.002363875741139,0.0074410634115338
HIP,29425,4438,11,0.0435991883277893,0.0671481415629386
HIP,40881,4439,9,0.0040587368421256,0.0169415175914764
HIP,20181,4440,14,0.0021978819277137,0.0149382315576076
HIP,43362,4441,8,0.0020813541486859,0.0193112269043922
HIP,5848,4442,11,0.010922759771347,0.0299548916518688
HIP,40201,4443,18,0.0042303535155951,0.0146936355158686
HIP,32835,4444,10,0.0020466905552893,0.0058826119638979
HIP,7907,4445,12,0.0016168744768947,0.0063722790218889
HIP,32937,4446,8,0.0088261561468243,0.0286757051944732
HIP,34862,4447,14,0.0006092561525292,0.0024652909487485
HIP,16783,4448,10,0.0188579484820365,0.0506701506674289
HIP,14910,4449,11,0.0053674997761845,0.0154736852273345
HIP,33521,4450,16,0.0030886798631399,0.0123539604246616
HIP,15890,4451,11,0.0060201901942491,0.0215368270874023
HIP,9620,4452,13,0.0107855573296546,0.0238325539976358
HIP,4715,4453,14,0.0115860681980848,0.0239700190722942
HIP,17068,4454,11,0.0008501461707055,0.0041190856136381
HIP,34990,4455,13,0.0033111481461673,0.0114985536783933
HIP,33354,4456,14,0.0028808696661144,0.0097350925207138
HIP,44362,4457,13,0.007772849407047,0.0168571136891841
HIP,8016,4458,12,0.0006626712856814,0.004604329355061
HIP,19608,4459,15,0.0060684881173074,0.0154176224023103
HIP,33609,4460,9,0.0044689779169857,0.0202483274042606
HIP,1231,4461,12,0.0015118138398975,0.0058915456756949
HIP,5413,4462,19,0.0024534293916076,0.0050314776599407
HIP,5029,4463,15,0.0187980066984891,0.0270462557673454
HIP,30735,4464,15,0.0034348696935921,0.0085996268317103
HIP,28421,4465,15,0.0048790834844112,0.0084054712206125
HIP,19885,4466,15,0.022427188232541,0.0296869538724422
HIP,3254,4467,13,0.0010126502020284,0.0051662633195519
HIP,33644,4468,16,0.0023452606983482,0.0116882175207138
HIP,21049,4469,12,0.0124352267012,0.0279487185180187
HIP,37781,4470,9,0.0012446793261915,0.011133873835206
HIP,34857,4471,17,0.0067738932557404,0.0144167924299836
HIP,46928,4472,10,0.0016640403773635,0.0042873080819845
HIP,33489,4473,10,0.0026202285662293,0.0092428540810942
HIP,50494,4474,14,0.0031967419199645,0.0082376925274729
HIP,8681,4475,14,0.0180544834583997,0.0274308733642101
HIP,38898,4476,12,0.0625781416893005,0.0714038014411926
HIP,39659,4477,18,0.0023864882532507,0.019176660105586
HIP,16750,4478,16,0.001115649822168,0.0042185126803815
HIP,15735,4479,11,0.0304959341883659,0.0866459161043167
HIP,23624,4480,13,0.0089970808476209,0.0292562507092952
HIP,35804,4481,11,0.0473587550222873,0.15548737347126
HIP,43777,4482,14,0.0107464101165533,0.0368607901036739
HIP,16318,4483,15,0.0052460944280028,0.0136306816712021
HIP,770,4484,17,0.0019061799393966,0.0050053000450134
HIP,22455,4485,13,0.0010609711753204,0.0042266538366675
HIP,9519,4486,12,0.019785376265645,0.0440847240388393
HIP,32445,4487,10,0.0021976835560053,0.0075415219180285
HIP,41189,4488,12,0.0152969015762209,0.0356021597981452
HIP,4516,4489,11,0.000679918739479,0.005064835306257
HIP,49524,4490,13,0.0013797426363453,0.041233841329813
HIP,17754,4491,15,0.0211172364652156,0.044643048197031
HIP,3071,4492,13,0.0079183811321854,0.0187004208564758
HIP,15839,4493,10,0.0576347820460796,0.0765665024518966
HIP,15261,4494,13,0.004875969607383,0.0128970127552747
HIP,20904,4495,17,0.0043169511482119,0.0150688765570521
HIP,5498,4496,15,0.0066970540210604,0.0180615726858377
HIP,31385,4497,10,0.0161240957677364,0.0673314705491066
HIP,6692,4498,15,0.0011295956792309,0.0050644823350012
HIP,5502,4499,17,0.0052148881368339,0.0129441553726792
HIP,18368,4500,17,0.0086666801944375,0.015431310981512
HIP,7507,4501,16,0.0012122315820306,0.0290581192821264
HIP,6002,4502,11,0.0049115694127976,0.0177157968282699
HIP,35082,4503,12,0.0009438947890885,0.0038561364635825
HIP,2806,4504,16,0.0104192858561873,0.0241977218538522
HIP,2664,4505,16,0.0012004557065665,0.0041781086474657
HIP,40170,4506,13,0.0133709209039807,0.0232437569648027
HIP,2136,4507,14,0.0025957238394767,0.0086474735289812
HIP,10867,4508,6,0.0079682217910885,0.3132400512695312
HIP,4755,4509,13,0.0108544277027249,0.0189485158771276
HIP,46062,4510,10,0.0214655064046382,0.0562657006084919
HIP,32500,4511,13,0.0146472854539752,0.0298250820487737
HIP,895,4512,19,0.0243682526051998,0.0381307825446128
HIP,42063,4513,14,0.0164768081158399,0.0332454517483711
HIP,16516,4514,15,0.0033487698528915,0.0112882358953356
HIP,7853,4515,13,0.0006345935398712,0.0039021545089781
HIP,24103,4516,15,0.000971496105194,0.0088275000452995
HIP,34694,4517,16,0.0065690167248249,0.0104645164683461
HIP,12761,4518,15,0.0112633043900132,0.0283525288105011
HIP,21893,4519,13,0.0080451508983969,0.0347992740571498
HIP,933,4520,11,0.0059266071766614,0.0287703312933444
HIP,46381,4521,18,0.0006280918023549,0.0081790788099169
HIP,1553,4522,19,0.003381933318451,0.0611548386514186
HIP,6876,4523,12,0.0138866826891899,0.0303371660411357
HIP,12325,4524,17,0.0108113223686814,0.0171879455447196
HIP,27843,4525,13,0.002061238978058,0.0062445970252156
HIP,35276,4526,14,0.0074407514184713,0.0180625468492507
HIP,5954,4527,11,0.0088633950799703,0.0270616486668586
HIP,28855,4528,10,0.00080921954941,0.0282740294933319
HIP,37642,4529,16,0.0043554767034947,0.0111470930278301
HIP,43012,4530,13,0.0076022250577807,0.0244016181677579
HIP,11925,4531,11,0.0158240869641304,0.0323696509003639
HIP,46111,4532,12,0.0507294386625289,0.1064022928476333
HIP,781,4533,11,0.0096631813794374,0.0274141374975442
HIP,1322,4534,19,0.0502405017614364,0.0842638909816742
HIP,39633,4535,14,0.0086994962766766,0.0208535213023424
HIP,25031,4536,13,0.0057527259923517,0.0131320720538496
HIP,25081,4537,16,0.0005623083561658,0.0060180881991982
HIP,36476,4538,15,0.0102576548233628,0.0204954929649829
HIP,7999,4539,14,0.0045475643128156,0.0112081095576286
HIP,25911,4540,12,0.0041535892523825,0.0144562721252441
HIP,25306,4541,12,0.0015463748713955,0.0078047690913081
HIP,14681,4542,15,0.0028959948103874,0.008112384006381
HIP,24518,4543,14,0.0244225971400737,0.0315162576735019
HIP,45536,4544,16,0.0020643291063606,0.0055150738917291
HIP,1935,4545,14,0.0012312595499679,0.0079665603116154
HIP,25933,4546,11,0.0232519693672657,0.0409543365240097
HIP,22526,4547,12,0.0155158014968037,0.0391869433224201
HIP,30453,4548,15,0.0020512857008725,0.0069510424509644
HIP,27286,4549,13,0.0010438490426167,0.0036060102283954
HIP,48073,4550,14,0.015622628852725,0.0314299203455448
HIP,23191,4551,12,0.0025363080203533,0.0093179587274789
HIP,31014,4552,12,0.0154341077432036,0.0365898646414279
HIP,31451,4553,17,0.0335243307054042,0.0603880323469638
HIP,2250,4554,14,0.0065261479467153,0.0146499713882803
HIP,32423,4555,8,0.0541527681052684,0.1138763949275016
HIP,13586,4556,13,0.0053045828826725,0.0198760237544775
HIP,45908,4557,13,0.0030730464495718,0.0111528066918253
HIP,47917,4558,15,0.0005223690532147,0.0030672738794237
HIP,48029,4559,19,0.0023383796215057,0.048184398561716
HIP,28000,4560,19,0.0011831314768642,0.0665111243724823
HIP,3826,4561,11,0.0050198002718389,0.010224268771708
HIP,48500,4562,13,0.011838324368,0.021911010146141
HIP,21205,4563,12,0.0064110737293958,0.0159189533442258
HIP,16343,4564,13,0.0127613618969917,0.0361553207039833
HIP,25647,4565,17,0.0164250768721103,0.0315868929028511
HIP,30823,4566,17,0.0050068907439708,0.0120814843103289
HIP,47720,4567,17,0.0073387892916798,0.0130575690418481
HIP,46867,4568,13,0.0061429138295352,0.0135699119418859
HIP,15648,4569,13,0.0057359719648957,0.0134053947404026
HIP,41373,4570,13,0.0099110733717679,0.0294335130602121
HIP,14269,4571,15,0.015096272341907,0.0442755706608295
HIP,35548,4572,13,0.0009791709017008,0.0084455218166112
HIP,1588,4573,11,0.0032805898226797,0.0129026724025607
HIP,49026,4574,15,0.0010261961724609,0.0341265127062797
HIP,6859,4575,11,0.0014062043046578,0.0058311782777309
HIP,47224,4576,16,0.0077822124585509,0.0201182793825864
HIP,28911,4577,19,0.0035238417331129,0.0110119767487049
HIP,11569,4578,10,0.0055248043499886,0.0301101841032505
HIP,14552,4579,15,0.0047879368066787,0.0095085892826318
HIP,23670,4580,12,0.0013886475935578,0.0051454524509608
HIP,8074,4581,8,0.0018825959414243,0.0198985189199447
HIP,34614,4582,10,0.0107713621109724,0.0351620502769947
HIP,47237,4583,15,0.0047842636704444,0.0173646844923496
HIP,1542,4584,15,0.0117201171815395,0.020402617752552
HIP,38440,4585,12,0.0070151323452591,0.0148026049137115
HIP,40930,4586,13,0.0014406712725758,0.0058153583668172
HIP,13938,4587,15,0.0056738816201686,0.0111014181748032
HIP,14977,4588,8,0.0033899953123182,0.0108830826357007
HIP,6731,4589,17,0.0029049993027001,0.0191098991781473
HIP,34777,4590,14,0.0020331060513854,0.0080117424950003
HIP,13179,4591,14,0.0018294703913852,0.0058434004895389
HIP,39781,4592,19,0.0032229947391897,0.0074727311730384
HIP,2534,4593,14,0.0021123473998159,0.0053827026858925
HIP,3828,4594,16,0.002937089651823,0.0059462944045662
HIP,6594,4595,18,0.000628747511655,0.0172796361148357
HIP,2053,4596,16,0.0067624384537339,0.0111510111019015
HIP,25848,4597,16,0.0010260362178087,0.0044243815355002
HIP,38395,4598,10,0.0070585245266556,0.0207063518464565
HIP,4774,4599,15,0.0021465301979333,0.0054218648001551
HIP,9848,4600,12,0.0177992358803749,0.039806094020605
HIP,35679,4601,14,0.0623775459825992,0.1757804453372955
HIP,4882,4602,12,0.0280493628233671,0.0368591286242008
HIP,36115,4603,14,0.0031550726853311,0.0092536676675081
HIP,39417,4604,10,0.0164829418063163,0.04512445256114
HIP,49502,4605,15,0.0065528415143489,0.0356761924922466
HIP,35394,4606,15,0.0006634864257648,0.0545119233429431
HIP,1104,4607,14,0.0020334983710199,0.0117964129894971
HIP,38109,4608,14,0.0017808763077482,0.0054159304127097
HIP,8441,4609,13,0.0046153743751347,0.0110528264194726
HIP,15056,4610,12,0.0018400951521471,0.006775701418519
HIP,22622,4611,12,0.0419290475547313,0.0903902500867843
HIP,3706,4612,12,0.0215292014181613,0.0355508551001548
HIP,27673,4613,13,0.0202728081494569,0.1194283068180084
HIP,11662,4614,14,0.0050422232598066,0.0514832064509391
HIP,31847,4615,11,0.0065504047088325,0.0191988814622163
HIP,29471,4616,18,0.009104399010539,0.0205915290862321
HIP,9184,4617,13,0.0062475278973579,0.023359790444374
HIP,27766,4618,14,0.0124562615528702,0.0218030251562595
HIP,46078,4619,15,0.0054344278760254,0.0139624830335378
HIP,45586,4620,13,0.030346093699336,0.0649351999163627
HIP,32242,4621,12,0.0136505644768476,0.0566319823265075
HIP,10056,4622,19,0.0276140663772821,0.037983238697052
HIP,43585,4623,12,0.0042210351675748,0.0218684412539005
HIP,3682,4624,15,0.0030904472805559,0.0087014185264706
HIP,23020,4625,16,0.0046166428364813,0.0129853654652833
HIP,3473,4626,12,0.0066815349273383,0.0207269433885812
HIP,16760,4627,17,0.0005787223926745,0.0036175062414258
HIP,47462,4628,16,0.0025854441337287,0.0063118343241512
HIP,1061,4629,12,0.0092369867488741,0.0329690538346767
HIP,11002,4630,13,0.0248776469379663,0.0524665974080562
HIP,29182,4631,17,0.0005290016997605,0.0049901525489985
HIP,36561,4632,9,0.0242406204342842,0.0424162112176418
HIP,26455,4633,18,0.0011817618506029,0.0072213541716337
HIP,36632,4634,17,0.0007656635716557,0.0037742690183222
HIP,18101,4635,16,0.0112377954646945,0.0249964445829391
HIP,19591,4636,16,0.0049919364973902,0.0160909723490476
HIP,47919,4637,17,0.0030186702497303,0.0065817553550004
HIP,26467,4638,14,0.0058177947066724,0.0145122781395912
HIP,50417,4639,13,0.0138584561645984,0.025336978957057
HIP,25127,4640,14,0.0494403392076492,0.0606349781155586
HIP,48002,4641,18,0.0018149595707654,0.0037534292787313
HIP,47558,4642,10,0.0074746781028807,0.0216168276965618
HIP,26319,4643,15,0.0046621151268482,0.0142647977918386
HIP,37047,4644,12,0.0294657815247774,0.0656211599707603
HIP,6845,4645,19,0.0059220590628683,0.0125840529799461
HIP,49679,4646,13,0.0206879097968339,0.0547026917338371
HIP,49693,4647,11,0.010841678828001,0.0266304928809404
HIP,5756,4648,16,0.0019440551986917,0.0046739927493035
HIP,39665,4649,14,0.0085459928959608,0.0174599085003137
HIP,23476,4650,9,0.0055634411983191,0.0184291917830705
HIP,41862,4651,17,0.0040542930364608,0.0184598192572593
HIP,34261,4652,14,0.0077468752861022,0.0194348115473985
HIP,12230,4653,14,0.0038124308921396,0.0060729528777301
HIP,1575,4654,14,0.0061554783023893,0.0117711145430803
HIP,335,4655,16,0.0006762171979062,0.0025449537206441
HIP,14290,4656,13,0.0008194139227271,0.0233164820820093
HIP,34141,4657,18,0.001341231749393,0.0041892952285707
HIP,15018,4658,15,0.0049463622272014,0.0151003515347838
HIP,2405,4659,11,0.0029147390741854,0.0163838993757963
HIP,35328,4660,16,0.0023964005522429,0.0052667958661913
HIP,37649,4661,15,0.004490534774959,0.0126544600352644
HIP,43954,4662,14,0.0046527693048119,0.0135121038183569
HIP,8379,4663,10,0.0250777024775743,0.0813338905572891
HIP,48474,4664,19,0.0069683445617556,0.0129512660205364
HIP,33940,4665,14,0.0220151599496603,0.055309098213911
HIP,4997,4666,17,0.0007456053863279,0.0066532683558762
HIP,22121,4667,16,0.0016335404943674,0.0055140042677521
HIP,1423,4668,11,0.0061331978067755,0.0169796347618103
HIP,11130,4669,13,0.0292648933827877,0.0458736717700958
HIP,29801,4670,17,0.0015558563172817,0.0132374567911028
HIP,3114,4671,17,0.0167316775768995,0.0254522990435361
HIP,32058,4672,11,0.0027422660496085,0.0153685882687568
HIP,8123,4673,11,0.1333907395601272,0.4649422764778137
HIP,13077,4674,14,0.0029313955456018,0.009203222580254
HIP,50143,4675,11,0.004913053009659,0.0262601245194673
HIP,43750,4676,18,0.0007886684034019,0.0023562498390674
HIP,25607,4677,13,0.014310598373413,0.0324285253882408
HIP,5729,4678,17,0.0166456159204244,0.0504351593554019
HIP,32044,4679,12,0.0053179212845861,0.014923283830285
HIP,26351,4680,17,0.0060371179133653,0.0104063851758837
HIP,11402,4681,13,0.005655528511852,0.0132112903520464
HIP,34094,4682,13,0.0032150454353541,0.0073563428595662
HIP,39739,4683,11,0.0084373606368899,0.0648574978113174
HIP,21637,4684,15,0.0009989963145926,0.0049805915914475
HIP,37378,4685,16,0.0053677721880376,0.0106168668717145
HIP,14034,4686,16,0.002722097095102,0.0059011173434555
HIP,30657,4687,18,0.0087362332269549,0.0177156738936901
HIP,35534,4688,12,0.0733539834618568,0.1672039926052093
HIP,33543,4689,15,0.0008980794227682,0.0234338194131851
HIP,31242,4690,11,0.0039503574371337,0.0147672723978757
HIP,17514,4691,16,0.0034072073176503,0.0106235304847359
HIP,48084,4692,15,0.0027337081264704,0.0117643382400274
HIP,42526,4693,9,0.0788053199648857,0.2754222452640533
HIP,14891,4694,15,0.0057913437485694,0.0142364799976348
HIP,27030,4695,14,0.0065647717565298,0.0143353380262851
HIP,35222,4696,16,0.012102018110454,0.026526179164648
HIP,12010,4697,16,0.0010299861896783,0.0125254662707448
HIP,48263,4698,19,0.0300174057483673,0.0455995500087738
HIP,13014,4699,11,0.0026583934668451,0.0124456174671649
HIP,14765,4700,11,0.0094464970752596,0.0206639636307954
HIP,8077,4701,16,0.0028334986418485,0.0052831503562629
HIP,10871,4702,17,0.0031136365141719,0.019494742155075
HIP,16934,4703,16,0.0008559696143493,0.0310373250395059
HIP,38796,4704,14,0.0014078369131311,0.0115938019007444
HIP,2260,4705,14,0.006997319869697,0.017098655924201
HIP,15797,4706,12,0.0031515681184828,0.0085686920210719
HIP,34704,4707,17,0.0059793745167553,0.0098986653611063
HIP,17311,4708,10,0.002340814564377,0.0100619029253721
HIP,31257,4709,18,0.0061735920608043,0.0122438324615359
HIP,37286,4710,13,0.0069303666241467,0.0147162461653351
HIP,9934,4711,14,0.0009499107254669,0.0076965223997831
HIP,47629,4712,9,0.014457207173109,0.0613644123077392
HIP,12933,4713,17,0.067438505589962,0.0622883178293705
HIP,18651,4714,14,0.0061778901144862,0.0144803458824753
HIP,49626,4715,13,0.003932845313102,0.0089226309210062
HIP,31755,4716,15,0.0064010904170572,0.0131440544500947
HIP,18036,4717,11,0.0044757700525224,0.0115025304257869
HIP,47513,4718,8,0.0214708801358938,0.0780417695641517
HIP,11644,4719,16,0.002532955026254,0.0071138427592813
HIP,9064,4720,17,0.0109979584813117,0.0177168138325214
HIP,20824,4721,16,0.0074766427278518,0.0126914270222187
HIP,33479,4722,14,0.0056136259809136,0.0151347229257225
HIP,41427,4723,11,0.019676849246025,0.0409421920776367
HIP,47902,4724,16,0.0094667710363864,0.0247912276536226
HIP,39783,4725,13,0.0051313675940036,0.0191668309271335
HIP,14152,4726,14,0.008395199663937,0.0194318927824497
HIP,33742,4727,17,0.0128814363852143,0.0188834443688392
HIP,47668,4728,11,0.0028317859396338,0.0118606751784682
HIP,33030,4729,11,0.0160449501127004,0.0391116477549076
HIP,40289,4730,10,0.023570803925395,0.0845297425985336
HIP,50334,4731,11,0.010894943960011,0.0293318852782249
HIP,40784,4732,13,0.0077394186519086,0.0150955216959118
HIP,29432,4733,13,0.0091762254014611,0.0231106858700513
HIP,21716,4734,17,0.0113811967894434,0.0220428947359323
HIP,40785,4735,21,0.0015211271820589,0.0647227019071579
HIP,8982,4736,15,0.0034935600124299,0.0087323021143674
HIP,29158,4737,15,0.00211947504431,0.0062498250044882
HIP,30966,4738,11,0.0025195435155183,0.0092643070966005
HIP,4175,4739,13,0.0042872736230492,0.0131851620972156
HIP,20396,4740,14,0.0008430497837252,0.0179135743528604
HIP,30647,4741,13,0.0095992740243673,0.0204320400953292
HIP,24485,4742,15,0.0079665733501315,0.0156532209366559
HIP,12036,4743,8,0.0105549544095993,0.0450861677527427
HIP,5081,4744,12,0.0124806510284543,0.0291746221482753
HIP,33959,4745,12,0.0009929143125191,0.0051333075389266
HIP,43179,4746,13,0.0119348941370844,0.0284647103399038
HIP,2070,4747,15,0.0017239470034837,0.0069732293486595
HIP,16894,4748,13,0.0065533337183296,0.0217186342924833
HIP,44168,4749,18,0.0034683782141655,0.0120381703600287
HIP,31946,4750,12,0.0011649158550426,0.0052708834409713
HIP,32690,4751,17,0.0033216127194464,0.007975997403264
HIP,7248,4752,13,0.0011712183477357,0.0029334533028304
HIP,7175,4753,17,0.0093460790812969,0.0166817586869001
HIP,41239,4754,8,0.0139335766434669,0.0733270198106765
HIP,44249,4755,16,0.0006708719301968,0.0031057484447956
HIP,9023,4756,11,0.0082427533343434,0.0192970298230648
HIP,29543,4757,12,0.0147351007908582,0.0403588190674781
HIP,39455,4758,13,0.0007900814525783,0.0032604385633021
HIP,43601,4759,16,0.0008510616025887,0.0035581630654633
HIP,35514,4760,19,0.0015304615953937,0.0291176252067089
HIP,41918,4761,8,0.0023698408622294,0.0145665109157562
HIP,10951,4762,13,0.0011048563756048,0.0034149491693824
HIP,21600,4763,15,0.014553059823811,0.0261391159147024
HIP,32234,4764,11,0.0061525199562311,0.0182809568941593
HIP,13119,4765,12,0.0061152456328272,0.0299860853701829
HIP,26804,4766,14,0.003747375216335,0.010101499967277
HIP,4635,4767,11,0.0086221387609839,0.0640307441353797
HIP,10355,4768,16,0.0009814768563956,0.0154077345505356
HIP,31397,4769,15,0.0024471906945109,0.0105671714991331
HIP,47307,4770,16,0.0072875451296567,0.0165455471724271
HIP,28831,4771,17,0.002517283661291,0.0092360833659768
HIP,40933,4772,11,0.0064595085568726,0.0163536295294761
HIP,10097,4773,17,0.0064277769997715,0.0153231499716639
HIP,20166,4774,13,0.010468142107129,0.0295482575893402
HIP,21744,4775,9,0.0450340323150157,0.1277192085981369
HIP,27795,4776,14,0.0011888068402186,0.0047361934557557
HIP,311,4777,10,0.0152843864634633,0.0390518978238105
HIP,184,4778,15,0.0054459073580801,0.0099911782890558
HIP,16081,4779,15,0.056071251630783,0.0648906603455543
HIP,50162,4780,14,0.0019389089429751,0.0059745353646576
HIP,39931,4781,14,0.0025585726834833,0.0112011125311255
HIP,31313,4782,18,0.0075404969975352,0.0118937147781252
HIP,7046,4783,19,0.0023578077089041,0.0105818035081028
HIP,35496,4784,12,0.0033101479057222,0.0203535240143537
HIP,42533,4785,11,0.0047816867008805,0.0427249819040298
HIP,8747,4786,15,0.0094996392726898,0.028110634535551
HIP,38768,4787,15,0.0013061315985396,0.0048873340710997
HIP,18107,4788,13,0.0006378590478561,0.0037796571850776
HIP,23738,4789,16,0.012915251776576,0.0260632075369358
HIP,19318,4790,17,0.0111882481724023,0.0201533250510692
HIP,22580,4791,14,0.0109031610190868,0.0299703404307365
HIP,25303,4792,8,0.0013268487527966,0.0068344743922352
HIP,36723,4793,12,0.0066787544637918,0.0283132717013359
HIP,2983,4794,10,0.0039972648955881,0.0145798530429601
HIP,35154,4795,16,0.0024448842741549,0.0056670787744224
HIP,43511,4796,16,0.0045467228628695,0.0081445248797535
HIP,18972,4797,15,0.0151269361376762,0.0405022576451301
HIP,24727,4798,15,0.0015971004031598,0.0065960832871496
HIP,1858,4799,17,0.005939326249063,0.0159038864076137
HIP,24630,4800,16,0.0021708561107516,0.0600526481866836
HIP,3061,4801,15,0.0088429730385541,0.0254306904971599
HIP,30086,4802,12,0.0156842246651649,0.0445290505886077
HIP,13341,4803,12,0.0042455643415451,0.0132399192079901
HIP,21001,4804,16,0.0367173999547958,0.0424334593117237
HIP,966,4805,15,0.0224959533661603,0.0481711700558662
HIP,6490,4806,15,0.0064010396599769,0.0142679186537861
HIP,47321,4807,17,0.0010909661650657,0.0038660957943648
HIP,29597,4808,11,0.0020315304864197,0.0062399245798587
HIP,18964,4809,12,0.0071513182483613,0.0185867976397275
HIP,11216,4810,16,0.0038940473459661,0.010864321142435
HIP,17811,4811,17,0.0146508738398551,0.0298120956867933
HIP,378,4812,15,0.0243369210511446,0.054414439946413
HIP,42485,4813,15,0.004022913519293,0.0107570001855492
HIP,10279,4814,13,0.0011922604171559,0.0033893885556608
HIP,27194,4815,11,0.0772067457437515,0.1447051167488098
HIP,35511,4816,16,0.0005983664887025,0.0043607512488961
HIP,42272,4817,12,0.0075170085765421,0.019833056256175
HIP,35440,4818,16,0.0005751972785219,0.002689144341275
HIP,32035,4819,14,0.0052817612886428,0.0157461799681186
HIP,44655,4820,13,0.0017708200030028,0.0162488352507352
HIP,22199,4821,14,0.0021273272577673,0.0117337815463542
HIP,50650,4822,15,0.0028723538853228,0.0094923712313175
HIP,26497,4823,15,0.0144555149599909,0.0368525199592113
HIP,3012,4824,16,0.0013038831530138,0.0231969710439443
HIP,38802,4825,16,0.0094691049307584,0.0257193557918071
HIP,7869,4826,19,0.0020412916783243,0.0078567061573266
HIP,44821,4827,13,0.1484984308481216,4.969761371612549
HIP,21206,4828,16,0.0034471601247787,0.0105243269354105
HIP,45774,4829,15,0.0062317573465406,0.0108256796374917
HIP,42338,4830,13,0.0074299643747508,0.0255616325885057
HIP,45585,4831,15,0.0061071375384926,0.0250232554972171
HIP,31743,4832,14,0.0035242056474089,0.0098832910880446
HIP,28611,4833,14,0.0031361882574856,0.0054949028417468
HIP,15052,4834,9,0.0281541142612695,0.0795790627598762
HIP,31727,4835,12,0.0087428269907832,0.0276814866811037
HIP,41825,4836,17,0.0111081339418888,0.0151870241388678
HIP,30011,4837,18,0.001498403144069,0.0097046876326203
HIP,11975,4838,11,0.0035382641945034,0.0129962246865034
HIP,29209,4839,12,0.0021516035776585,0.0091883679851889
HIP,6945,4840,14,0.0016409198287874,0.0090304054319858
HIP,43353,4841,17,0.0103295110166072,0.0345753468573093
HIP,16979,4842,15,0.0024945712648332,0.006593323778361
HIP,8229,4843,10,0.0262003950774669,0.0677102729678154
HIP,41606,4844,15,0.0010197480442002,0.0054853912442922
HIP,18428,4845,15,0.0048571219667792,0.0144943008199334
HIP,33798,4846,13,0.0518651269376277,0.0869444757699966
HIP,8454,4847,14,0.0305371545255184,0.0487466491758823
HIP,41741,4848,11,0.0183387920260429,0.0543453618884086
HIP,38517,4849,14,0.0012910704826936,0.0091365436092019
HIP,36962,4850,12,0.0009546132059767,0.0089709134772419
HIP,37297,4851,15,0.0014947107993066,0.0055893086828291
HIP,1081,4852,16,0.0131964776664972,0.0315589383244514
HIP,19079,4853,10,0.0088455136865377,0.0599921755492687
HIP,25679,4854,14,0.0016075016465038,0.0052987919189035
HIP,20971,4855,14,0.0047212950885295,0.0101481052115559
HIP,21492,4856,13,0.0254309680312871,0.09574506431818
HIP,48436,4857,11,0.0066658952273428,0.0182897895574569
HIP,27220,4858,10,0.0137214111164212,0.0286859180778265
HIP,15063,4859,14,0.0075526153668761,0.0183623768389225
HIP,35807,4860,14,0.0018870657077059,0.0128036933019757
HIP,9001,4861,10,0.0021091036032885,0.0072210375219583
HIP,47869,4862,15,0.0129418577998876,0.0431106463074684
HIP,34817,4863,10,0.0057537192478775,0.0170853026211261
HIP,11552,4864,15,0.0125770093873143,0.0320168435573577
HIP,7336,4865,10,0.0702615082263946,0.2355338633060455
HIP,49462,4866,14,0.0136708049103617,0.033243965357542
HIP,41090,4867,16,0.0011310032568871,0.0066420324146747
HIP,49218,4868,15,0.0035678739659488,0.009817604906857
HIP,48466,4869,16,0.0053594717755913,0.0132536245509982
HIP,6925,4870,14,0.007829850539565,0.0823997780680656
HIP,19077,4871,13,0.0021599838510155,0.0084625333547592
HIP,38324,4872,13,0.005841608159244,0.0162839423865079
HIP,16822,4873,15,0.0036123376339673,0.0094378059729933
HIP,18405,4874,16,0.001107943477109,0.0058355154469609
HIP,11583,4875,14,0.0053951176814734,0.0151787102222442
HIP,3152,4876,12,0.001378049259074,0.0064240880310535
HIP,20986,4877,11,0.0044472091831266,0.0129034630954265
HIP,50454,4878,14,0.0028687987942248,0.0060594379901885
HIP,47995,4879,17,0.0009491067612543,0.0036936232354491
HIP,795,4880,7,0.0179673917591571,0.045811329036951
HIP,17797,4881,11,0.0103840725496411,0.0237487498670816
HIP,12891,4882,12,0.0172119010239839,0.0280468147248029
HIP,40061,4883,17,0.0029921208042651,0.0696427822113037
HIP,42225,4884,14,0.0048183863982558,0.0108500635251402
HIP,6235,4885,13,0.0066706952638924,0.0186364613473415
HIP,8344,4886,15,0.0051166163757443,0.0186222344636917
HIP,34130,4887,10,0.0178232602775096,0.0647609084844589
HIP,742,4888,11,0.034499317407608,0.1248647272586822
HIP,3214,4889,13,0.0106227295473217,0.02423663623631
HIP,40067,4890,11,0.0049338485114276,0.0118432072922587
HIP,38175,4891,11,0.0016901261406019,0.005415013525635
HIP,9275,4892,16,0.0041526975110173,0.0119095286354422
HIP,22887,4893,15,0.003374699736014,0.0093255331739783
HIP,31470,4894,12,0.0070955422706902,0.0154331820085644
HIP,32808,4895,12,0.0033125760965049,0.0088923033326864
HIP,31552,4896,10,0.0363485738635063,0.1200097650289535
HIP,20455,4897,13,0.0051204375922679,0.1389452666044235
HIP,30353,4898,9,0.0079494128003716,0.0265116915106773
HIP,32023,4899,11,0.005545035470277,0.0188014265149831
HIP,26631,4900,12,0.0028904341161251,0.0084499455988407
HIP,22445,4901,12,0.0071533010341227,0.0234910920262336
HIP,14079,4902,15,0.0037853112444281,0.0087559279054403
HIP,6821,4903,8,0.0243697986006736,0.0658996403217315
HIP,1337,4904,16,0.0044311247766017,0.0115272533148527
HIP,27025,4905,17,0.0017721800832077,0.0048091551288962
HIP,33460,4906,15,0.0208026114851236,0.028271036222577
HIP,33378,4907,15,0.0042601325549185,0.0126067753881216
HIP,9751,4908,16,0.0072207078337669,0.0556172542273998
HIP,33064,4909,14,0.0141361355781555,0.0274363700300455
HIP,1686,4910,10,0.0060407840646803,0.0184475760906934
HIP,18045,4911,16,0.0046420497819781,0.0118238320574164
HIP,15718,4912,12,0.0811477303504943,0.264189600944519
HIP,10964,4913,16,0.0047160317189991,0.0125619862228631
HIP,45962,4914,14,0.0781062021851539,0.0906516090035438
HIP,29971,4915,14,0.0037948100361973,0.0136370528489351
HIP,22886,4916,8,0.008555925451219,0.0284994784742593
HIP,49474,4917,11,0.0056766960769891,0.0177460443228483
HIP,8196,4918,13,0.0041592130437493,0.0134431086480617
HIP,4953,4919,19,0.0006685832631774,0.0045247860252857
HIP,3043,4920,12,0.0079106790944933,0.0202791485935449
HIP,37028,4921,18,0.006655863020569,0.0124381994828581
HIP,32027,4922,17,0.0076382393017411,0.0158299896866083
HIP,33220,4923,11,0.0421198941767215,0.0818437039852142
HIP,9763,4924,11,0.0113508040085434,0.0268706995993852
HIP,23037,4925,13,0.0009453073143959,0.0128555325791239
HIP,7144,4926,14,0.0829041004180908,0.1351398676633834
HIP,31180,4927,10,0.0399592965841293,0.105314165353775
HIP,22105,4928,16,0.0020779494661837,0.0065458971075713
HIP,23263,4929,16,0.0051750536076724,0.0110077988356351
HIP,27296,4930,12,0.0289624873548746,0.0555834248661994
HIP,48125,4931,17,0.0050781266763806,0.010255635716021
HIP,17464,4932,15,0.002958720549941,0.0067261145450174
HIP,46039,4933,16,0.008035572245717,0.0223598144948482
HIP,28527,4934,11,0.0043194261379539,0.0086846351623535
HIP,10875,4935,14,0.0026227911002933,0.011259944178164
HIP,12688,4936,9,0.0347724109888076,0.1231271252036094
HIP,48777,4937,15,0.0022212078329175,0.0608423389494419
HIP,23411,4938,13,0.0018049486679956,0.0040653869509696
HIP,25881,4939,13,0.0019434582209214,0.0308848693966865
HIP,3896,4940,12,0.0054575074464082,0.0134472083300352
HIP,31324,4941,13,0.0004654630902223,0.0027513329405337
HIP,25121,4942,19,0.0008618085412308,0.0057308734394609
HIP,28137,4943,12,0.0039233327843248,0.0131373675540089
HIP,38656,4944,17,0.0142146935686469,0.0439714789390563
HIP,18504,4945,14,0.0010805014753714,0.0175123829394578
HIP,29174,4946,16,0.0105085894465446,0.0223542619496583
HIP,18100,4947,14,0.0007069319253787,0.00393942091614
HIP,30128,4948,13,0.0012014681706205,0.0036130645312368
HIP,24155,4949,13,0.0479774586856365,0.0955877006053924
HIP,34039,4950,19,0.001683406648226,0.026585778221488
HIP,653,4951,15,0.0279934201389551,0.0380847938358783
HIP,31008,4952,14,0.020337114110589,0.0297540724277496
HIP,28167,4953,15,0.0055441730655729,0.0138785699382424
HIP,47010,4954,11,0.0182806886732578,0.0314219370484352
HIP,35884,4955,17,0.0033665336668491,0.0098441876471042
HIP,42679,4956,17,0.0321094654500484,0.0502238944172859
HIP,27517,4957,14,0.0024623919744044,0.0090008089318871
HIP,40306,4958,11,0.004877810832113,0.0127887949347496
HIP,37070,4959,12,0.0136664817109704,0.0527733229100704
HIP,13959,4960,19,0.0026300554163753,0.0072891218587756
HIP,6895,4961,11,0.0058834189549088,0.0334808751940727
HIP,30489,4962,14,0.0054954313673079,0.0110929077491164
HIP,48715,4963,11,0.0316542945802211,0.0744851008057594
HIP,35743,4964,13,0.0046074874699115,0.0117618609219789
HIP,47491,4965,19,0.0033868423197418,0.0316971838474273
HIP,44112,4966,14,0.0006178953917697,0.0039430316537618
HIP,9750,4967,19,0.0037487228401005,0.0097210612148046
HIP,16746,4968,15,0.0031469801906496,0.0091703468933701
HIP,32441,4969,15,0.001361102797091,0.0088623082265257
HIP,16159,4970,14,0.0023939704988151,0.0067626475356519
HIP,18740,4971,14,0.0013246237067505,0.0052062626928091
HIP,11495,4972,15,0.0112714637070894,0.0277988761663436
HIP,1015,4973,11,0.0031307919416576,0.0108194639906287
HIP,48637,4974,12,0.0349398106336593,0.0950004085898399
HIP,15070,4975,15,0.0007264533778652,0.0041402075439691
HIP,22394,4976,15,0.0344228893518447,0.0407015457749366
HIP,4357,4977,18,0.031467143446207,0.0389202423393726
HIP,28231,4978,16,0.0006767917657271,0.0032397483009845
HIP,14404,4979,12,0.00240338454023,0.0093624647706747
HIP,23625,4980,14,0.0027243949007242,0.0069203441962599
HIP,38228,4981,19,0.0038259921129792,0.0096424333751201
HIP,41772,4982,10,0.0057669384405016,0.0157121736556291
HIP,50354,4983,14,0.0034434043336659,0.0099203493446111
HIP,21611,4984,11,0.0077664549462497,0.0145566156134009
HIP,14958,4985,14,0.00532889040187,0.0099977115169167
HIP,1467,4986,10,0.0167114548385143,0.0457028672099113
HIP,7318,4987,17,0.0148732336238026,0.0208836365491151
HIP,10086,4988,12,0.0515519827604293,0.0736705362796783
HIP,26080,4989,17,0.0118247661739587,0.0206210669130086
HIP,15482,4990,12,0.0030545566696673,0.0129507826641201
HIP,50581,4991,16,0.0008435527561232,0.0034713963977992
HIP,44341,4992,16,0.0033162261825054,0.0094604203477501
HIP,28328,4993,14,0.0007257119286805,0.0044804350472986
HIP,20816,4994,15,0.0006858267006464,0.0243178941309452
HIP,500,4995,15,0.0007238897960633,0.0044064498506486
HIP,9249,4996,17,0.0139043256640434,0.0227904822677373
HIP,20635,4997,13,0.0010380290914326,0.003437849227339
HIP,2453,4998,14,0.0040374915115535,0.0092621650546789
HIP,3795,4999,15,0.0328560397028923,0.0461235865950584
HIP,23918,5000,11,0.0036067806649953,0.0161189697682857
HIP,28278,5001,13,0.0010186206782236,0.0220803320407867
HIP,10270,5002,15,0.0117283007130026,0.0322903096675872
HIP,27879,5003,15,0.002695582807064,0.0062543251551687
HIP,34831,5004,12,0.0086975432932376,0.0366067625582218
HIP,43241,5005,12,0.0107748452574014,0.0238499902188777
HIP,28178,5006,15,0.0050865882076323,0.0247142352163791
HIP,46851,5007,15,0.0515724457800388,0.0635422766208648
HIP,7219,5008,11,0.0055639799684286,0.073688119649887
HIP,35792,5009,8,0.0173693150281906,0.039887249469757
HIP,42734,5010,14,0.003259761724621,0.0221331939101219
HIP,6125,5011,14,0.0374015904963016,0.0982656851410865
HIP,37951,5012,15,0.0010553953470662,0.0037960691843181
HIP,44841,5013,13,0.0065543409436941,0.0177947077900171
HIP,5460,5014,17,0.0030691896099597,0.0109369587153196
HIP,33302,5015,13,0.0319116488099098,0.0670401006937027
HIP,19396,5016,17,0.0089536234736442,0.0161528028547763
HIP,37814,5017,17,0.0013615419156849,0.0047966921702027
HIP,24587,5018,14,0.0008976369281299,0.0081949522718787
HIP,48097,5019,16,0.0021623596549034,0.0054349773563444
HIP,50478,5020,12,0.0059639844112098,0.0126599064096808
HIP,3900,5021,10,0.0029406293760985,0.0122887678444385
HIP,29107,5022,15,0.0086799012497067,0.0145052298903465
HIP,16929,5023,13,0.0012905478943139,0.0035142637789249
HIP,26870,5024,13,0.0006211417494341,0.002295192098245
HIP,13635,5025,17,0.0025792620144784,0.0083869853988289
HIP,42008,5026,15,0.005978365894407,0.0108038065955042
HIP,16024,5027,15,0.004574014339596,0.0122889066115021
HIP,13353,5028,10,0.09395482391119,0.1395688503980636
HIP,49886,5029,12,0.0056047854013741,0.0207798592746257
HIP,25392,5030,14,0.0082067688927054,0.0177711602300405
HIP,17282,5031,15,0.0046256850473582,0.0134536419063806
HIP,12919,5032,14,0.002175326924771,0.006781589705497
HIP,28354,5033,8,0.067027524113655,0.1248690858483314
HIP,50277,5034,15,0.0014410559087991,0.0092081790789961
HIP,26043,5035,18,0.0004914425662718,0.0020550047047436
HIP,48904,5036,11,0.0052928575314581,0.0149649875238537
HIP,22706,5037,14,0.0015469582285732,0.0091749774292111
HIP,9984,5038,16,0.0090072210878133,0.0158040355890989
HIP,40873,5039,12,0.0075263180769979,0.0173455942422151
HIP,34841,5040,14,0.0007346590864472,0.0086329467594623
HIP,15536,5041,13,0.0166126880794763,0.0455141589045524
HIP,911,5042,19,0.0006962384213693,0.0074168983846902
HIP,29214,5043,10,0.0032057107891887,0.0123685309663414
HIP,18513,5044,14,0.0054831644520163,0.019290829077363
HIP,29654,5045,17,0.0085927387699484,0.0149515271186828
HIP,31765,5046,15,0.006736088078469,0.0177615173161029
HIP,44840,5047,12,0.008477752096951,0.0153311165049672
HIP,48909,5048,16,0.0031561087816953,0.0080550285056233
HIP,14738,5049,19,0.0021400162950158,0.0652060732245445
HIP,1115,5050,14,0.0334438644349575,0.068835325539112
HIP,3843,5051,12,0.0115317599847912,0.0169652923941612
HIP,34483,5052,14,0.0030984634067863,0.0120919216424226
HIP,50339,5053,13,0.0361531749367713,0.092928297817707
HIP,42032,5054,12,0.013827527873218,0.0369290076196193
HIP,2403,5055,17,0.0106833269819617,0.0158482417464256
HIP,22730,5056,13,0.009167518466711,0.025976900011301
HIP,22951,5057,12,0.0055713546462357,0.0172635335475206
HIP,43412,5058,13,0.0045091868378221,0.012851602397859
HIP,29342,5059,16,0.0043811639770865,0.0105980578809976
HIP,12651,5060,17,0.0110263340175151,0.0227806568145751
HIP,22499,5061,17,0.0125375408679246,0.0284846480935812
HIP,147,5062,17,0.0028084353543817,0.019527917727828
HIP,40401,5063,8,0.0045495862141251,0.0155057944357395
HIP,26542,5064,16,0.0039501041173934,0.0362119935452938
HIP,4108,5065,10,0.0110989874228835,0.034504234790802
HIP,8866,5066,14,0.0031961458735167,0.0098435441032052
HIP,25006,5067,10,0.0023608019109815,0.0127396900206804
HIP,12252,5068,11,0.0358265377581119,0.0652336031198501
HIP,36596,5069,14,0.0334935635328292,0.0366574935615062
HIP,35180,5070,18,0.00481857964769,0.0185857359319925
HIP,41665,5071,9,0.0043951063416898,0.0144091239199042
HIP,41508,5072,12,0.0122034223750233,0.0225160811096429
HIP,25936,5073,14,0.003185230307281,0.0101911863312125
HIP,41310,5074,13,0.0057119303382933,0.0126055860891938
HIP,36212,5075,14,0.0077162045054137,0.0160479303449392
HIP,18435,5076,16,0.0009993313578888,0.0051746205426752
HIP,30400,5077,12,0.0083742141723632,0.0318752229213714
HIP,28698,5078,16,0.0022743071895092,0.0048582055605947
HIP,24066,5079,14,0.0040442012250423,0.0104461405426263
HIP,16807,5080,12,0.0118840681388974,0.0198008362203836
HIP,40812,5081,10,0.0022529026027768,0.0064035118557512
HIP,22874,5082,17,0.0006680435617454,0.0052204825915396
HIP,49307,5083,15,0.0007390298414975,0.0029070724267512
HIP,49023,5084,13,0.0007015340961515,0.0378673486411571
HIP,34280,5085,9,0.0064326729625463,0.0239078067243099
HIP,28435,5086,17,0.0080343810841441,0.0244263056665658
HIP,44594,5087,13,0.0062967021949589,0.01426369138062
HIP,6779,5088,12,0.0106884762644767,0.0348519757390022
HIP,7786,5089,15,0.0108150243759155,0.0324962399899959
HIP,6974,5090,12,0.0016767811030149,0.0089496914297342
HIP,3673,5091,8,0.0017367966938763,0.0120694255456328
HIP,195,5092,13,0.0188416969031095,0.0423220098018646
HIP,49118,5093,13,0.007786510977894,0.0224218182265758
HIP,39843,5094,8,0.0786685347557067,0.139805868268013
HIP,26972,5095,11,0.0021099490113556,0.0087816808372735
HIP,25621,5096,17,0.0049809799529612,0.0117048053070902
HIP,7059,5097,15,0.0526474267244339,0.104345217347145
HIP,27253,5098,14,0.0032973133493214,0.0094373971223831
HIP,6430,5099,12,0.0035306273493915,0.0081611592322587
HIP,16126,5100,19,0.0005814957548864,0.0038562989793717
HIP,38603,5101,15,0.0006093958509154,0.024752888828516
HIP,15164,5102,13,0.0215039923787117,0.0416218675673007
HIP,36145,5103,12,0.0302345752716064,0.0628828182816505
HIP,48827,5104,16,0.0020049025770276,0.0102619184181094
HIP,8154,5105,15,0.0045780092477798,0.0112530784681439
HIP,23816,5106,10,0.0073155001737177,0.0248886402696371
HIP,20071,5107,10,0.041158739477396,0.0762397795915603
HIP,8829,5108,12,0.0017358197364956,0.0068572685122489
HIP,494,5109,10,0.0028792435768991,0.0100246025249362
HIP,36850,5110,13,0.0049024545587599,0.0303657390177249
HIP,41158,5111,16,0.0060951747000217,0.0145947402343153
HIP,19418,5112,17,0.0004786354547832,0.0078850528225302
HIP,1760,5113,11,0.0046495404094457,0.045200876891613
HIP,16347,5114,18,0.0038274796679615,0.0178279988467693
HIP,19645,5115,15,0.0037323243450373,0.0073511819355189
HIP,14787,5116,12,0.0066670053638517,0.0456210225820541
HIP,16540,5117,16,0.0118564097210764,0.0193799082189798
HIP,42000,5118,14,0.0030531659722328,0.0074449512176215
HIP,22664,5119,13,0.0167311299592256,0.0355607792735099
HIP,41281,5120,13,0.0028683133423328,0.008642416447401
HIP,1728,5121,14,0.0026997975073754,0.0093653090298175
HIP,17455,5122,18,0.0007538844947703,0.0063278148882091
HIP,8321,5123,17,0.0113051077350974,0.0288268849253654
HIP,17263,5124,13,0.001829451881349,0.0446617752313613
HIP,12238,5125,18,0.0063421176746487,0.012754762545228
HIP,39239,5126,21,0.0035510663874447,0.0118282567709684
HIP,32104,5127,16,0.0020348778925836,0.0096289319917559
HIP,4398,5128,14,0.0332180112600326,0.0800679177045822
HIP,4355,5129,12,0.0028670125175267,0.0128350285813212
HIP,24650,5130,9,0.0256953462958335,0.0511856377124786
HIP,8958,5131,14,0.0285596400499343,0.083430990576744
HIP,2325,5132,12,0.0027198307216167,0.0074095404706895
HIP,24018,5133,10,0.0171726439148187,0.0344614386558532
HIP,682,5134,10,0.0171208027750253,0.0335511118173599
HIP,6389,5135,13,0.0048020579852163,0.014418956823647
HIP,28947,5136,12,0.0307497810572385,0.0555099099874496
HIP,45277,5137,15,0.0263768061995506,0.0591014251112937
HIP,7033,5138,13,0.022574033588171,0.0428491197526454
HIP,34384,5139,17,0.0008994750096462,0.0039836810901761
HIP,48113,5140,14,0.0115778446197509,0.0321331284940242
HIP,18904,5141,17,0.0036148782819509,0.0086029274389147
HIP,14180,5142,14,0.0013639844255521,0.0104162022471427
HIP,8990,5143,13,0.012353210709989,0.0634349435567855
HIP,38876,5144,11,0.0082870563492178,0.0185673534870147
HIP,40607,5145,10,0.0005653643747791,0.0025196345522999
HIP,2107,5146,19,0.0014715244760736,0.0040571391582489
HIP,29834,5147,14,0.0041544428095221,0.0110860336571931
HIP,4346,5148,13,0.0331379137933254,0.070703700184822
HIP,41916,5149,14,0.0033279745839536,0.0246146060526371
HIP,50006,5150,13,0.0308469757437706,0.0967653170228004
HIP,46914,5151,12,0.0049640904180705,0.0230414159595966
HIP,27820,5152,15,0.003961737267673,0.0111177302896976
HIP,46841,5153,16,0.0106822280213236,0.0177791304886341
HIP,40268,5154,21,0.0009279454825446,0.0076785841956734
HIP,3141,5155,14,0.0005358979105949,0.0328302718698978
HIP,43384,5156,14,0.0007292013033293,0.0043144216760993
HIP,49013,5157,12,0.0017599082784727,0.0068983193486928
HIP,36816,5158,21,0.0024505199398845,0.0134213808923959
HIP,8518,5159,13,0.0067811883054673,0.0533521138131618
HIP,21165,5160,13,0.0160030592232942,0.0675735250115394
HIP,22291,5161,15,0.0107815377414226,0.0209628902375698
HIP,35742,5162,15,0.0012579967733472,0.0040598004125058
HIP,24246,5163,12,0.0018289354629814,0.0059995749033987
HIP,24594,5164,8,0.0492019765079021,0.0660946145653724
HIP,23749,5165,14,0.0019693707581609,0.0088651590049266
HIP,6449,5166,12,0.0023522947449237,0.0100733274593949
HIP,14956,5167,10,0.0080958828330039,0.0281065087765455
HIP,30093,5168,15,0.0029169630724936,0.0119776688516139
HIP,46017,5169,16,0.0320932380855083,0.040700227022171
HIP,38243,5170,16,0.0096459276974201,0.0200574789196252
HIP,28026,5171,14,0.0254345797002315,0.0498424209654331
HIP,39583,5172,13,0.0142474938184022,0.0222911462187767
HIP,48528,5173,13,0.0017406115075573,0.0083544664084911
HIP,38179,5174,13,0.0113489739596843,0.0292659550905227
HIP,12474,5175,19,0.004462756216526,0.0095438119024038
HIP,9825,5176,19,0.0031091677956283,0.0086271036416292
HIP,16655,5177,19,0.0007006621453911,0.078979916870594
HIP,27837,5178,14,0.016732707619667,0.0342554524540901
HIP,7474,5179,12,0.0127697689458727,0.025931429117918
HIP,3358,5180,14,0.0015869527123868,0.0154119869694113
HIP,41974,5181,17,0.0097312396392226,0.019845375791192
HIP,814,5182,9,0.0143663864582777,0.0625310838222503
HIP,13582,5183,11,0.0114506715908646,0.0330305993556976
HIP,28573,5184,16,0.0028819604776799,0.009108155965805
HIP,24960,5185,17,0.0044502974487841,0.0151818804442882
HIP,26290,5186,18,0.0020460220985114,0.0058921780437231
HIP,8786,5187,7,0.0341763831675052,0.1036596000194549
HIP,36112,5188,16,0.0268565025180578,0.0428953953087329
HIP,34389,5189,19,0.0024632166605442,0.0074230777099728
HIP,43134,5190,12,0.0117688328027725,0.0341224148869514
HIP,13376,5191,12,0.0061538317240774,0.0141548020765185
HIP,21441,5192,19,0.0089032761752605,0.0145965833216905
HIP,8425,5193,14,0.0008877986110746,0.0054550492204725
HIP,25658,5194,15,0.0008996374090202,0.0051147085614502
HIP,25053,5195,9,0.0077285999432206,0.0184828042984008
HIP,6057,5196,15,0.0079139582812786,0.0145237920805811
HIP,25129,5197,9,0.0033987881615757,0.0113588785752654
HIP,19199,5198,12,0.0019596591591835,0.0066200760193169
HIP,3020,5199,12,0.0076430514454841,0.026187676936388
HIP,29981,5200,19,0.002739492803812,0.0501551628112793
HIP,22636,5201,18,0.000893008953426,0.0066611915826797
HIP,37612,5202,13,0.0157690905034542,0.0310673341155052
HIP,26402,5203,14,0.0061009712517261,0.0145129924640059
HIP,28359,5204,16,0.0038478742353618,0.0074412450194358
HIP,14510,5205,13,0.0039247404783964,0.0133966300636529
HIP,47210,5206,14,0.0029183363076299,0.0073641776107251
HIP,41462,5207,9,0.0157393831759691,0.0402750521898269
HIP,36102,5208,12,0.004670375958085,0.0137897543609142
HIP,31500,5209,14,0.003221126506105,0.0072394828312098
HIP,18943,5210,13,0.0051920325495302,0.0131347281858325
HIP,20886,5211,15,0.0246245302259922,0.0485808029770851
HIP,41141,5212,14,0.0034165163524448,0.0076998439617455
HIP,3038,5213,13,0.0145328594371676,0.0375938713550567
HIP,38225,5214,10,0.0088209835812449,0.0318540297448635
HIP,34329,5215,14,0.0243374109268188,0.0464174821972847
HIP,39569,5216,19,0.0081340055912733,0.0133023243397474
HIP,36093,5217,8,0.0077491528354585,0.0284332539886236
HIP,16070,5218,13,0.0026113260537385,0.0086501501500606
HIP,29584,5219,12,0.0423317737877368,0.0899126827716827
HIP,47485,5220,12,0.0072700763121247,0.0171859227120876
HIP,30436,5221,12,0.0045601087622344,0.0124276215210556
HIP,33364,5222,15,0.0020921295508742,0.017215970903635
HIP,7120,5223,6,0.0776361599564552,0.271392673254013
HIP,33704,5224,14,0.0030157193541526,0.007124294526875
HIP,5048,5225,15,0.0011321796337142,0.00533436704427
HIP,34730,5226,14,0.0095481248572468,0.0229480434209108
HIP,45871,5227,14,0.0036013319622725,0.0099165309220552
HIP,21928,5228,14,0.0022415025159716,0.0084741115570068
HIP,26937,5229,14,0.0105699151754379,0.0208240672945976
HIP,8972,5230,8,0.0072860158979892,0.0232258830219507
HIP,4338,5231,13,0.0081252641975879,0.0196269676089286
HIP,39088,5232,12,0.0018252511508762,0.008140911348164
HIP,45037,5233,11,0.0099889077246189,0.0338046215474605
HIP,2163,5234,12,0.0226457361131906,0.0565034039318561
HIP,13319,5235,15,0.0021282753441482,0.005197606049478
HIP,20022,5236,13,0.0020511897746473,0.0052094371058046
HIP,41235,5237,13,0.0011169855715706,0.004601168911904
HIP,36835,5238,7,0.007655965629965,0.0342892818152904
HIP,32019,5239,19,0.0038421270437538,0.0109596783295273
HIP,21575,5240,14,0.0006380673730745,0.0026903811376541
HIP,32871,5241,14,0.0059923692606389,0.0164734777063131
HIP,44522,5242,12,0.0054192128591239,0.0142369978129863
HIP,37086,5243,14,0.0013269230257719,0.0079863090068101
HIP,20872,5244,11,0.0132692158222198,0.0381043888628482
HIP,22327,5245,15,0.0032983152195811,0.0095921903848648
HIP,22312,5246,15,0.003265026025474,0.0117973182350397
HIP,37696,5247,11,0.0192784145474433,0.0511368028819561
HIP,46499,5248,14,0.0040234103798866,0.0096003077924251
HIP,40571,5249,8,0.0227840840816497,0.0445090942084789
HIP,25805,5250,13,0.0064205308444797,0.0154960285872221
HIP,40542,5251,13,0.0033642624039202,0.0117736533284187
HIP,26528,5252,16,0.001514914794825,0.0042739533819258
HIP,9239,5253,16,0.0034269806928932,0.0090220244601368
HIP,8989,5254,18,0.0006054914556443,0.0025846823118627
HIP,20365,5255,12,0.0038857741747051,0.0114510310813784
HIP,29893,5256,13,0.0163831245154142,0.0326433330774307
HIP,22529,5257,14,0.0078289341181516,0.0267233215272426
HIP,4498,5258,14,0.0049141058698296,0.0133517608046531
HIP,35327,5259,14,0.0041611385531723,0.0118759917095303
HIP,37510,5260,14,0.0009409239282831,0.0035091380123049
HIP,34928,5261,12,0.0016615308122709,0.0072587514296174
HIP,50213,5262,14,0.0036070509813725,0.0061612939462065
HIP,14430,5263,14,0.0012276706984266,0.0047221849672496
HIP,11989,5264,14,0.0329325832426548,0.0478169023990631
HIP,8184,5265,16,0.0122061651200056,0.0262103956192731
HIP,30240,5266,15,0.0031470009125769,0.0070690070278942
HIP,32554,5267,19,0.0358832776546478,0.0546299777925014
HIP,35408,5268,16,0.0070877512916922,0.0219817217439413
HIP,40818,5269,13,0.0059256483800709,0.0199161451309919
HIP,16060,5270,12,0.0331837423145771,0.0545180365443229
HIP,24703,5271,11,0.0023351667914539,0.0069355242885649
HIP,44964,5272,15,0.0020281069446355,0.0059241484850645
HIP,1133,5273,10,0.0203237421810627,0.0509047023952007
HIP,38311,5274,14,0.0057442691177129,0.0109767960384488
HIP,10478,5275,14,0.00175262382254,0.0081961611285805
HIP,12204,5276,15,0.0080583924427628,0.0190890692174434
HIP,19791,5277,17,0.0047848373651504,0.0101504549384117
HIP,13220,5278,17,0.0006225954275578,0.0030702478252351
HIP,1536,5279,9,0.0071470574475824,0.0322221107780933
HIP,9209,5280,14,0.0075972392223775,0.01838612370193
HIP,9883,5281,15,0.0029933685436844,0.0071714362129569
HIP,22398,5282,17,0.0028372711967676,0.0097048347815871
HIP,44895,5283,10,0.0184491518884897,0.0486762188374996
HIP,50086,5284,14,0.0028282708954066,0.0155385304242372
HIP,45519,5285,12,0.0058878636918962,0.0170437842607498
HIP,49997,5286,10,0.0053753927350044,0.0147015107795596
HIP,26257,5287,12,0.0063466895371675,0.0150342695415019
HIP,47289,5288,14,0.0084817614406347,0.0187773276120424
HIP,23550,5289,12,0.0063635683618485,0.0208123512566089
HIP,34170,5290,17,0.0084677869454026,0.0164996311068534
HIP,40689,5291,17,0.0087556866928935,0.0194942653179168
HIP,46635,5292,16,0.0019650771282613,0.0061041070148348
HIP,35691,5293,16,0.0131402239203453,0.023913761600852
HIP,26199,5294,11,0.0028229802846908,0.0101252784952521
HIP,8697,5295,14,0.0031552924774587,0.012652188539505
HIP,22184,5296,11,0.0079573960974812,0.0333095602691173
HIP,30669,5297,12,0.0017179208807647,0.0068121463991701
HIP,44784,5298,15,0.00598278734833,0.0119849909096956
HIP,21721,5299,12,0.0076701557263731,0.0202576816082
HIP,24053,5300,10,0.0201130285859107,0.0777465850114822
HIP,44129,5301,10,0.0113513274118304,0.029045658186078
HIP,4006,5302,10,0.0086621744558215,0.0267595164477825
HIP,16469,5303,16,0.0007093414897099,0.0031761431600898
HIP,42575,5304,14,0.0138206398114562,0.0344964936375618
HIP,39124,5305,18,0.0033692682627588,0.0168480761349201
HIP,47299,5306,11,0.0042034955695271,0.0134501671418547
HIP,16106,5307,14,0.0064503964968025,0.0164370015263557
HIP,13380,5308,19,0.0023079125676304,0.0085894158110022
HIP,10899,5309,21,0.0042677777819335,0.0097690587863326
HIP,29499,5310,15,0.0164133757352828,0.039524994790554
HIP,39713,5311,12,0.0024932578671723,0.0081397732719779
HIP,6776,5312,19,0.0012314426712691,0.0471356697380542
HIP,25074,5313,15,0.0039611351676285,0.0116758337244391
HIP,33226,5314,18,0.0030204441864043,0.0128082642331719
HIP,22164,5315,10,0.0082615800201892,0.0213514771312475
HIP,43907,5316,8,0.0205207243561744,0.0512332543730735
HIP,49923,5317,14,0.0014206593623384,0.0094585698097944
HIP,22116,5318,14,0.001149050425738,0.0183551609516143
HIP,10308,5319,12,0.0017848602728918,0.0071060247719287
HIP,27342,5320,17,0.0030874814838171,0.0109224244952201
HIP,18134,5321,17,0.0027905022725462,0.0070238718762993
HIP,11805,5322,11,0.0045130141079425,0.0142020899802446
HIP,32872,5323,10,0.004412108566612,0.014178404584527
HIP,44860,5324,13,0.0122734978795051,0.0637213513255119
HIP,35673,5325,11,0.0022641771938651,0.0100945429876446
HIP,41634,5326,6,0.0152546297758817,0.0451690629124641
HIP,1236,5327,13,0.0043974881991744,0.0142814796417951
HIP,29260,5328,13,0.0057434071786701,0.0323996134102344
HIP,19400,5329,12,0.000847183575388,0.0111098131164908
HIP,280,5330,10,0.0712247490882873,0.0926349386572837
HIP,17225,5331,13,0.0129054160788655,0.1549857258796692
HIP,6547,5332,14,0.0051212050020694,0.0156948119401931
HIP,4985,5333,14,0.0025090409908443,0.0098084649071097
HIP,48326,5334,12,0.0128319151699543,0.0263972394168376
HIP,22653,5335,18,0.0010560128139331,0.0058536268770694
HIP,31101,5336,17,0.0073960074223577,0.0133104007691144
HIP,25438,5337,16,0.0087806954979896,0.0154430605471134
HIP,1602,5338,15,0.0080569377169013,0.0199341010302305
HIP,22350,5339,11,0.0071072513237595,0.020229049026966
HIP,520,5340,16,0.0006898236460983,0.0359285213053226
HIP,48966,5341,12,0.0320286750793457,0.0841480419039726
HIP,37074,5342,16,0.0005023842677474,0.002766667632386
HIP,14360,5343,16,0.002624487504363,0.0085244663059711
HIP,9075,5344,17,0.0119081111624836,0.0282673202455043
HIP,20278,5345,15,0.0053398343734443,0.0211363695561885
HIP,38549,5346,16,0.000818979809992,0.0031830857042223
HIP,41121,5347,15,0.0022429446689784,0.0068470905534923
HIP,11327,5348,16,0.0065333498641848,0.0177133921533823
HIP,35889,5349,10,0.0090099535882473,0.0309277866035699
HIP,31491,5350,14,0.0018398389220237,0.0077651953324675
HIP,17221,5351,12,0.0085612582042813,0.0186149477958679
HIP,15406,5352,21,0.0034585732501,0.0223947986960411
HIP,17010,5353,16,0.0032806820236146,0.0103619862347841
HIP,41226,5354,14,0.0057729673571884,0.0140089262276887
HIP,50517,5355,12,0.002729401923716,0.0142977945506572
HIP,48993,5356,16,0.0052004940807819,0.0118966586887836
HIP,21057,5357,14,0.000961072044447,0.0093171289190649
HIP,37777,5358,16,0.0032307282090187,0.006141556892544
HIP,23922,5359,16,0.0234160050749778,0.0382318198680877
HIP,17451,5360,10,0.0012477173004299,0.0050437138415873
HIP,25389,5361,18,0.0008227112120948,0.0063894875347614
HIP,17734,5362,19,0.0017897390061989,0.0124313803389668
HIP,5781,5363,13,0.0011787997791543,0.0041597164236009
HIP,32233,5364,13,0.0011059084208682,0.0042390800081193
HIP,33412,5365,12,0.0026815007440745,0.0081679495051503
HIP,44004,5366,9,0.0050775907002389,0.0171972196549177
HIP,38133,5367,15,0.0034688082523643,0.0102664213627576
HIP,28095,5368,15,0.0076201017946004,0.0189631935209035
HIP,26449,5369,17,0.0040071844123303,0.0092167034745216
HIP,26861,5370,15,0.0011933213099837,0.0057382429949939
HIP,45554,5371,15,0.0127376820892095,0.0793579220771789
HIP,49439,5372,14,0.0070867496542632,0.0183059889823198
HIP,20289,5373,14,0.0019663861021399,0.00956298597157
HIP,28773,5374,16,0.0435270592570304,0.0719492956995964
HIP,9065,5375,16,0.0009014761890284,0.0039250990375876
HIP,34440,5376,16,0.0030251187272369,0.0081240125000476
HIP,50534,5377,11,0.0023045924026519,0.0164624117314815
HIP,24618,5378,15,0.0028263886924833,0.0189126208424568
HIP,15699,5379,18,0.0044717164710164,0.011552358046174
HIP,27484,5380,16,0.0024411925114691,0.0056629632599651
HIP,32309,5381,16,0.0081886500120162,0.0151607925072312
HIP,20987,5382,11,0.0057826619595289,0.0413199327886104
HIP,22216,5383,13,0.0025826410856097,0.0061631640419363
HIP,31851,5384,14,0.0259437840431928,0.0586918033659458
HIP,26201,5385,19,0.004148410167545,0.0092423828318715
HIP,36516,5386,13,0.0005056069931015,0.0027299877256155
HIP,39816,5387,17,0.0031527187675237,0.0115009937435388
HIP,25247,5388,14,0.0025020174216479,0.0078578284010291
HIP,9190,5389,8,0.0219076015055179,0.0755935683846473
HIP,31551,5390,15,0.0074052852578461,0.0187915042042732
HIP,37722,5391,15,0.0105958096683025,0.0284306965768337
HIP,8405,5392,12,0.047640636563301,0.2813344299793243
HIP,34960,5393,15,0.0138432821258902,0.0513592287898063
HIP,38969,5394,11,0.0057853632606565,0.0126555478200316
HIP,14635,5395,14,0.0019048417452722,0.0083694541826844
HIP,24559,5396,15,0.0136645212769508,0.0336483269929885
HIP,37260,5397,12,0.017933988943696,0.0439511761069297
HIP,261,5398,14,0.0251897349953651,0.0553193837404251
HIP,33198,5399,12,0.0035732090473175,0.009855905547738
HIP,19887,5400,18,0.0015495732659474,0.0037701476830989
HIP,15562,5401,14,0.0025645804125815,0.0063983546569943
HIP,19235,5402,10,0.012243459932506,0.0401467010378837
HIP,37105,5403,12,0.0078571755439043,0.0260225106030702
HIP,48438,5404,13,0.0022971187718212,0.0059803696349263
HIP,28929,5405,16,0.0022146466653794,0.0062905582599341
HIP,48852,5406,12,0.0070395916700363,0.0199216473847627
HIP,21092,5407,14,0.0045368331484496,0.0085658095777034
HIP,23518,5408,9,0.0149444621056318,0.0420104078948497
HIP,18600,5409,11,0.0795384347438812,0.1223642900586128
HIP,6995,5410,15,0.0028085729572921,0.0125827463343739
HIP,22040,5411,16,0.004092794843018,0.0164204929023981
HIP,47709,5412,15,0.0268457308411598,0.0374875925481319
HIP,1107,5413,14,0.0047881072387099,0.0287054628133773
HIP,18547,5414,15,0.0057017598301172,0.0146324234083294
HIP,48212,5415,18,0.0095935463905334,0.0199119560420513
HIP,27211,5416,10,0.0142121519893407,0.036273568868637
HIP,44406,5417,15,0.0065412381663918,0.0136489085853099
HIP,47912,5418,13,0.0075817247852683,0.0177508313208818
HIP,41430,5419,15,0.0026068245060741,0.0087333312258124
HIP,39212,5420,14,0.0083355624228715,0.017820106819272
HIP,31929,5421,13,0.0073449946939945,0.0200210902839899
HIP,41095,5422,8,0.0016159403603523,0.009784379042685
HIP,31626,5423,13,0.009876842610538,0.0255908891558647
HIP,19891,5424,16,0.0014213405083864,0.0677883401513099
HIP,21345,5425,14,0.0046745813451707,0.010382960550487
HIP,34597,5426,14,0.0343312360346317,0.0468355529010295
HIP,43922,5427,12,0.003486268222332,0.0104403309524059
HIP,5955,5428,17,0.0017547874012961,0.0069534508511424
HIP,23321,5429,16,0.0006362237036228,0.0109352655708789
HIP,15738,5430,13,0.0022785405162721,0.0101497760042548
HIP,23547,5431,15,0.0032056071795523,0.0083092385903
HIP,34891,5432,11,0.0056083113886415,0.0724873021245002
HIP,46810,5433,16,0.004841080866754,0.0158570315688848
HIP,15878,5434,14,0.0110707422718405,0.019824156537652
HIP,28707,5435,13,0.04592752084136,0.0814552307128906
HIP,4658,5436,16,0.0090270331129431,0.0159262530505657
HIP,47148,5437,19,0.0008183908648788,0.0034247557632625
HIP,44244,5438,15,0.0053129573352634,0.0172386448830366
HIP,30828,5439,18,0.0090215429663658,0.0228450279682874
HIP,44642,5440,15,0.0076749809086322,0.0266640372574329
HIP,38612,5441,15,0.0052038850262761,0.0151005927473306
HIP,28216,5442,10,0.0195945911109447,0.0375891774892807
HIP,46372,5443,10,0.039809126406908,0.0781968086957931
HIP,40388,5444,14,0.0039946367032825,0.011116893030703
HIP,35819,5445,17,0.0035459150094538,0.0077746124006807
HIP,32311,5446,11,0.0078719984740018,0.0244451705366373
HIP,2585,5447,14,0.0043832906521856,0.01143161021173
HIP,38801,5448,10,0.0268341526389122,0.0684971734881401
HIP,15583,5449,14,0.0054600313305854,0.0147976456210017
HIP,26533,5450,11,0.0049948818050324,0.0169203598052263
HIP,10306,5451,15,0.0046531525440514,0.0152040598914027
HIP,6030,5452,17,0.0039930194616317,0.0134591404348611
HIP,11075,5453,13,0.0011264816857874,0.0037311615888029
HIP,26414,5454,15,0.0152152115479111,0.0356147289276123
HIP,10911,5455,15,0.0066271321848034,0.0204232074320316
HIP,31005,5456,11,0.0021877302788197,0.0153397247195243
HIP,25575,5457,12,0.0021244417876005,0.0103795006871223
HIP,3638,5458,15,0.0023252957034856,0.0053178924135863
HIP,44136,5459,12,0.0096434922888875,0.0263171195983886
HIP,4691,5460,13,0.0072292634285986,0.0332242399454116
HIP,26507,5461,19,0.0010938209015876,0.005455445498228
HIP,28918,5462,11,0.0087801273912191,0.0227526854723691
HIP,43841,5463,18,0.0015088195214048,0.0034887893125414
HIP,35369,5464,10,0.0055086617358028,0.0182616934180259
HIP,8604,5465,16,0.0063219401054084,0.0115962363779544
HIP,166,5466,17,0.0033676675520837,0.0109631111845374
HIP,6310,5467,16,0.0088382307440042,0.0156792048364877
HIP,29732,5468,19,0.0045145456679165,0.0093040373176336
HIP,30720,5469,11,0.0200208090245723,0.0438736304640769
HIP,37064,5470,14,0.0094176102429628,0.0299322567880153
HIP,5309,5471,13,0.0012032295344397,0.0033558458089828
HIP,361,5472,18,0.0015742038376629,0.0038298435974866
HIP,39549,5473,15,0.0011199939763173,0.0058511979877948
HIP,33373,5474,11,0.001483860774897,0.0069434074684977
HIP,41720,5475,13,0.0012047620257362,0.0042424602434039
HIP,43058,5476,13,0.0041282344609498,0.0117944916710257
HIP,31270,5477,10,0.094555988907814,0.1976514756679535
HIP,42195,5478,14,0.0084863705560565,0.0187462959438562
HIP,2428,5479,14,0.0059882886707782,0.0144479209557175
HIP,45292,5480,14,0.0282584466040134,0.072662353515625
HIP,33340,5481,12,0.0062946402467787,0.0125446170568466
HIP,30942,5482,15,0.0047643226571381,0.0084194475784897
HIP,23091,5483,15,0.0031658255029469,0.0104630272835493
HIP,4644,5484,15,0.0141294235363602,0.0259534958750009
HIP,33724,5485,10,0.0120260128751397,0.0365004427731037
HIP,36671,5486,10,0.0038917264901101,0.0114137018099427
HIP,31984,5487,15,0.013206030242145,0.0304887779057025
HIP,14437,5488,14,0.0007113183382898,0.01051024813205
HIP,27667,5489,10,0.0021638753823935,0.0096031976863741
HIP,14847,5490,15,0.0018700191285461,0.0057745240628719
HIP,36793,5491,19,0.0019373211544007,0.0055927550420165
HIP,30576,5492,12,0.016865536570549,0.0407682955265045
HIP,8272,5493,15,0.0016734147211536,0.0073085110634565
HIP,24204,5494,14,0.0027096669655293,0.0102392807602882
HIP,32524,5495,17,0.0063946153968572,0.0128270927816629
HIP,31508,5496,13,0.0079164700582623,0.0171158500015735
HIP,8359,5497,12,0.000756143243052,0.0043713669292628
HIP,39181,5498,16,0.0112585611641407,0.0439131222665309
HIP,49601,5499,16,0.0066450214944779,0.0148791773244738
HIP,47018,5500,17,0.0113150421530008,0.0233540218323469
HIP,9758,5501,14,0.0052267923019826,0.011686879210174
HIP,14329,5502,15,0.0028912485577166,0.0124024339020252
HIP,32890,5503,16,0.0051499586552381,0.0176661871373653
HIP,3898,5504,11,0.037778303027153,0.0646432787179946
HIP,11111,5505,13,0.0200779661536216,0.0628814995288848
HIP,42138,5506,12,0.0030369483865797,0.0079843243584036
HIP,41355,5507,14,0.0220887642353773,0.0379534885287284
HIP,17423,5508,14,0.0060752923600375,0.0151857808232307
HIP,9113,5509,15,0.0132174994796514,0.0553265288472175
HIP,30513,5510,14,0.0015317184152081,0.0095703890547156
HIP,33494,5511,11,0.006711536552757,0.0331786684691906
HIP,46467,5512,14,0.0034109100233763,0.0077029736712574
HIP,42211,5513,14,0.0027911707293242,0.006978326011449
HIP,45730,5514,14,0.022329855710268,0.0489839352667331
HIP,35001,5515,14,0.0023696224670857,0.0097635490819811
HIP,40532,5516,13,0.0020589611958712,0.0087354611605405
HIP,7247,5517,12,0.0147095639258623,0.0244415663182735
HIP,4694,5518,14,0.0094078909605741,0.016252152621746
HIP,9963,5519,16,0.0152955753728747,0.0209582988172769
HIP,34872,5520,15,0.0092266630381345,0.0225468259304761
HIP,5421,5521,13,0.001080077374354,0.0302414316684007
HIP,10640,5522,19,0.0013895238516852,0.0041278721764683
HIP,12805,5523,14,0.0229111388325691,0.057455625385046
HIP,20551,5524,11,0.0139420954510569,0.0257136840373277
HIP,19794,5525,17,0.0021911098156124,0.0064774672500789
HIP,41470,5526,14,0.0149532435461878,0.0278602186590433
HIP,5239,5527,15,0.0007975103217177,0.0039805523119866
HIP,20213,5528,16,0.0056866547092795,0.0173502024263143
HIP,35987,5529,12,0.009774787351489,0.0317967385053634
HIP,16629,5530,13,0.0052886316552758,0.0317461229860782
HIP,5751,5531,15,0.0112606603652238,0.0306655615568161
HIP,33078,5532,15,0.0031188481952995,0.0070939185097813
HIP,28748,5533,13,0.0038296126294881,0.0105042979121208
HIP,16334,5534,17,0.0025687755551189,0.0054814019240438
HIP,7176,5535,14,0.0107168592512607,0.0179598182439804
HIP,35668,5536,12,0.0092248832806944,0.0282178167253732
HIP,9807,5537,15,0.0145738739520311,0.0401530005037784
HIP,22968,5538,14,0.0007402593037113,0.0034470341634005
HIP,11860,5539,19,0.0037298866081982,0.0074207740835845
HIP,38464,5540,16,0.0027338340878486,0.010843452066183
HIP,26531,5541,15,0.0073280520737171,0.0167698692530393
HIP,49433,5542,14,0.0049878130666911,0.0139006441459059
HIP,44563,5543,16,0.0009237932972609,0.0025717392563819
HIP,38233,5544,15,0.0080721229314804,0.0211224742233753
HIP,25525,5545,18,0.0010225095320492,0.0056598410010337
HIP,28397,5546,15,0.0047154342755675,0.0111316852271556
HIP,9772,5547,9,0.0343642756342887,0.1019793003797531
HIP,26005,5548,15,0.0025277116801589,0.0281726438552141
HIP,13619,5549,15,0.0073473486118018,0.0201358553022146
HIP,25068,5550,10,0.0044567715376615,0.0127200009301304
HIP,12058,5551,10,0.0013070392888039,0.0071111088618636
HIP,49077,5552,12,0.0054295007139444,0.0134299360215663
HIP,50610,5553,19,0.0224084220826625,0.0293928086757659
HIP,27219,5554,12,0.0024050439242273,0.0129934148862957
HIP,3320,5555,11,0.0202572830021381,0.0490678176283836
HIP,3477,5556,13,0.002151443157345,0.008848363533616
HIP,10405,5557,14,0.0017356137977913,0.0071812821552157
HIP,21319,5558,14,0.0021064728498458,0.0058789891190826
HIP,14601,5559,18,0.0024076816625893,0.0192548893392086
HIP,3259,5560,11,0.0258386004716157,0.0694188550114631
HIP,11676,5561,15,0.0040197148919105,0.0099447295069694
HIP,32916,5562,15,0.0039249942637979,0.0074420627206563
HIP,30729,5563,19,0.002312951022759,0.0054414910264313
HIP,31051,5564,17,0.0030282062944024,0.0174585599452257
HIP,31250,5565,14,0.0022253619972616,0.0086743952706456
HIP,37936,5566,14,0.0004666151362471,0.0024489546194672
HIP,13991,5567,14,0.0029937291983515,0.0067739342339336
HIP,35366,5568,14,0.030657410621643,0.062343779951334
HIP,16584,5569,15,0.0042378511279821,0.0094931405037641
HIP,24767,5570,14,0.0049559534527361,0.0146184964105486
HIP,47470,5571,12,0.0265150777995586,0.0549068450927734
HIP,48569,5572,9,0.0439275205135345,0.1293280571699142
HIP,65,5573,15,0.0291536133736372,0.0524108298122882
HIP,15619,5574,12,0.0097737861797213,0.0297728888690471
HIP,4002,5575,17,0.0040557319298386,0.0147446803748607
HIP,3235,5576,16,0.0009402140858583,0.0259071383625268
HIP,6009,5577,16,0.002343516331166,0.015813248232007
HIP,2613,5578,12,0.0012023904128,0.0061830929480493
HIP,16855,5579,15,0.0100553343072533,0.0268895681947469
HIP,18043,5580,12,0.0008124001906253,0.0045310198329389
HIP,17046,5581,18,0.0007234702934511,0.0044246660545468
HIP,48369,5582,19,0.0013399382587522,0.0041621956042945
HIP,29903,5583,17,0.0048380768857896,0.0113531583920121
HIP,38368,5584,14,0.0077530071139335,0.0163936745375394
HIP,37609,5585,8,0.005865772254765,0.0211307238787412
HIP,24512,5586,12,0.0024880659766495,0.0102618727833032
HIP,1889,5587,12,0.0008594489772804,0.0054017333313822
HIP,31788,5588,16,0.0035736705176532,0.0091539258137345
HIP,19397,5589,14,0.0007948221173137,0.0034254402853548
HIP,4330,5590,14,0.0008371250587515,0.0130957812070846
HIP,16512,5591,13,0.0045666494406759,0.0158384684473276
HIP,20654,5592,15,0.0460859239101409,0.0673922300338745
HIP,32005,5593,14,0.0010545301483944,0.0036745518445968
HIP,32083,5594,10,0.0029730256646871,0.0124319568276405
HIP,39384,5595,13,0.0058074011467397,0.0132302539423108
HIP,50357,5596,17,0.0065491185523569,0.0179194472730159
HIP,48932,5597,10,0.0021351282484829,0.0076308152638375
HIP,47643,5598,13,0.0195316728204488,0.075963445007801
HIP,31403,5599,12,0.0069619733840227,0.0176238287240266
HIP,17138,5600,14,0.0015595353906974,0.0048257163725793
HIP,5205,5601,11,0.0052910773083567,0.0194479320198297
HIP,38506,5602,15,0.0007405210053548,0.005908025894314
HIP,47422,5603,17,0.004364083521068,0.0102981375530362
HIP,30981,5604,13,0.0037687129806727,0.011897818185389
HIP,19190,5605,10,0.0063586235046386,0.0377615205943584
HIP,41496,5606,16,0.000709937303327,0.0026358414907008
HIP,19415,5607,12,0.0014231865061447,0.006678741890937
HIP,23332,5608,17,0.0043969615362584,0.0149355679750442
HIP,4757,5609,15,0.0020693931728601,0.0179000385105609
HIP,22053,5610,10,0.0262304805219173,0.0809057280421257
HIP,35469,5611,15,0.0042655942961573,0.0170491207391023
HIP,4958,5612,17,0.0022916500456631,0.0066280714236199
HIP,16198,5613,13,0.0044006295502185,0.0099258879199624
HIP,8170,5614,13,0.0056837606243789,0.0144203640520572
HIP,19967,5615,12,0.0290806759148836,0.1148179769515991
HIP,35523,5616,14,0.0050485949032008,0.0172848738729953
HIP,12342,5617,13,0.0412195511162281,0.0762645378708839
HIP,32503,5618,15,0.0042875818908214,0.0124768475070595
HIP,4828,5619,11,0.0091249253600835,0.0313591733574867
HIP,3637,5620,15,0.0221791882067918,0.0395522974431514
HIP,29855,5621,11,0.0251175202429294,0.0861936658620834
HIP,29946,5622,16,0.018905159085989,0.0544645264744758
HIP,45308,5623,9,0.0038624289445579,0.0118441823869943
HIP,19002,5624,11,0.0017893078038468,0.0051741767674684
HIP,1803,5625,16,0.009565488435328,0.0146051021292805
HIP,41946,5626,15,0.0007062142831273,0.0059026931412518
HIP,14028,5627,14,0.0073716244660317,0.0148963052779436
HIP,14547,5628,17,0.02301562204957,0.0355030559003353
HIP,18370,5629,15,0.0076042828150093,0.0187256950885057
HIP,4821,5630,14,0.0151838408783078,0.0347649417817592
HIP,32768,5631,12,0.0035271947272121,0.0108564095571637
HIP,13881,5632,12,0.0112477047368884,0.0315974131226539
HIP,8926,5633,16,0.0113089196383953,0.0191955342888832
HIP,41816,5634,11,0.0079352064058184,0.0398481003940105
HIP,42666,5635,11,0.0099029010161757,0.0313809812068939
HIP,37085,5636,12,0.019889086484909,0.038476139307022
HIP,15885,5637,21,0.0134930107742547,0.0229759961366653
HIP,47466,5638,12,0.0012599226320162,0.0064329761080443
HIP,38725,5639,14,0.0197623372077941,0.0366180650889873
HIP,26887,5640,11,0.0597051903605461,0.1131787970662117
HIP,24215,5641,14,0.0088987313210964,0.0183996930718421
HIP,15859,5642,14,0.0061540063470602,0.0592147186398506
HIP,9126,5643,12,0.0007285557803697,0.004435914568603
HIP,11350,5644,14,0.001432113116607,0.0084043629467487
HIP,27001,5645,15,0.0029111071489751,0.0064948718063533
HIP,46049,5646,15,0.0052810790948569,0.0752734094858169
HIP,47303,5647,10,0.0051304213702678,0.016824759542942
HIP,16427,5648,11,0.0162061471492052,0.0349131822586059
HIP,7829,5649,12,0.0017306763911619,0.0069583831354975
HIP,43827,5650,14,0.1201881915330886,0.110467180609703
HIP,29744,5651,14,0.0028500061016529,0.0091559765860438
HIP,37043,5652,14,0.001317320857197,0.0112760141491889
HIP,40006,5653,17,0.0037182371597737,0.0113910567015409
HIP,49908,5654,12,0.0043486859649419,0.0190245136618614
HIP,19456,5655,13,0.0066245780326426,0.0542382970452308
HIP,36564,5656,14,0.0062016462907195,0.0174509659409523
HIP,36714,5657,15,0.0045774276368319,0.0102584538981318
HIP,33258,5658,13,0.001720730564557,0.0077446182258427
HIP,48236,5659,16,0.0027841650880873,0.0074897441081702
HIP,7262,5660,15,0.0037071898113936,0.0175314713269472
HIP,14522,5661,16,0.0101734101772308,0.0196670200675725
HIP,27550,5662,14,0.0038079570513218,0.0152472369372844
HIP,9801,5663,16,0.0047833900898694,0.0119559289887547
HIP,17837,5664,9,0.0064580626785755,0.029379516839981
HIP,28070,5665,17,0.0032446929253637,0.0113976169377565
HIP,33620,5666,11,0.0025962078943848,0.0077413991093635
HIP,1966,5667,15,0.0005482027190737,0.0030903401784598
HIP,9107,5668,12,0.0277143195271492,0.0559059418737888
HIP,26342,5669,11,0.002408750122413,0.0104050794616341
HIP,24394,5670,16,0.0037480103783309,0.0095502836629748
HIP,11443,5671,17,0.0059350216761231,0.0226808935403823
HIP,50146,5672,16,0.0055540576577186,0.0124397231265902
HIP,46619,5673,15,0.0007852021954022,0.0058428798802196
HIP,22349,5674,17,0.0063281944021582,0.0154317170381546
HIP,43283,5675,16,0.0070916446857154,0.0143653368577361
HIP,17848,5676,13,0.0055459402501583,0.0823765844106674
HIP,47409,5677,11,0.0054889936000108,0.0142853697761893
HIP,20614,5678,13,0.012843944132328,0.0283970087766647
HIP,29890,5679,8,0.0142090078443288,0.0468547046184539
HIP,35127,5680,11,0.0080288769677281,0.0191016979515552
HIP,31219,5681,14,0.0083405347540974,0.0201347637921571
HIP,33672,5682,11,0.0184834469109773,0.0266820602118968
HIP,2018,5683,16,0.0033468795008957,0.0089976182207465
HIP,26654,5684,11,0.0033702282235026,0.0202262662351131
HIP,50414,5685,12,0.0329182036221027,0.0758610516786575
HIP,4436,5686,17,0.005266077350825,0.0118960663676261
HIP,24869,5687,12,0.0091853104531764,0.0201282128691673
HIP,25186,5688,12,0.0296121109277009,0.0814608484506607
HIP,7695,5689,12,0.0034598011989146,0.0090356869623065
HIP,5274,5690,16,0.0014903489500284,0.0546140931546688
HIP,32555,5691,16,0.0023833326995372,0.0072240862064063
HIP,31469,5692,19,0.0404390282928943,0.0574764758348465
HIP,32718,5693,15,0.0084931477904319,0.017196511849761
HIP,47033,5694,14,0.0056032836437225,0.0230645276606082
HIP,1532,5695,11,0.0236559063196182,0.0850514099001884
HIP,43523,5696,12,0.0117816003039479,0.0266953743994236
HIP,15248,5697,14,0.0033766131382435,0.0109823513776063
HIP,22978,5698,13,0.0019321808358654,0.0076403240673244
HIP,22681,5699,13,0.0008945554145611,0.0051432033069431
HIP,23839,5700,16,0.0038537103682756,0.0214283373206853
HIP,32567,5701,16,0.0005804380052722,0.0032200245186686
HIP,23335,5702,12,0.0069022686220705,0.0180214177817106
HIP,42680,5703,12,0.0055377534590661,0.0192177966237068
HIP,34077,5704,13,0.0069469613954424,0.0194376613944768
HIP,15642,5705,13,0.0109859434887766,0.0193459726870059
HIP,15198,5706,14,0.0017334162257611,0.0130859492346644
HIP,25667,5707,15,0.0102333351969718,0.0191484317183494
HIP,4448,5708,16,0.001573784626089,0.004155408591032
HIP,36285,5709,14,0.0058460570871829,0.0118001950904726
HIP,11661,5710,14,0.0022319627460092,0.0085964752361178
HIP,49587,5711,13,0.0039278790354728,0.0082497587427496
HIP,21934,5712,19,0.0025279547553509,0.0058462307788431
HIP,35484,5713,12,0.0088259680196642,0.025463543832302
HIP,47114,5714,16,0.0025074852164834,0.0063554737716913
HIP,8042,5715,16,0.0118618486449122,0.0215030685067176
HIP,6573,5716,11,0.008208398707211,0.0159636121243238
HIP,45078,5717,11,0.0287307761609554,0.0639972537755966
HIP,11208,5718,14,0.0039180242456495,0.0101960524916648
HIP,27193,5719,16,0.0070424051955342,0.0175105687230825
HIP,26025,5720,16,0.0024135587736964,0.0081024207174777
HIP,49685,5721,16,0.0009167481912299,0.0181371085345745
HIP,47480,5722,13,0.0051972456276416,0.0118188327178359
HIP,41701,5723,17,0.0029276637360453,0.0389831848442554
HIP,9912,5724,20,0.0055302581749856,0.0112191792577505
HIP,49991,5725,14,0.0314313247799873,0.0788849145174026
HIP,6128,5726,14,0.0037032288964837,0.0099814515560865
HIP,19045,5727,13,0.0041243429295718,0.0149968294426798
HIP,47962,5728,13,0.003478534752503,0.0111838756129145
HIP,39428,5729,12,0.0146914785727858,0.0373574793338775
HIP,47658,5730,12,0.0162120629101991,0.0307286530733108
HIP,13019,5731,12,0.0091348905116319,0.0262230243533849
HIP,13774,5732,15,0.0077947042882442,0.0176070183515548
HIP,19838,5733,16,0.0009474483085796,0.0063897804357111
HIP,43197,5734,13,0.0032007892150431,0.0134836621582508
HIP,32391,5735,11,0.0050703035667538,0.0181208662688732
HIP,47238,5736,10,0.0052670948207378,0.0431418791413307
HIP,33518,5737,12,0.0009022245649248,0.0051839728839695
HIP,17235,5738,8,0.0007355740526691,0.0133218439295887
HIP,8230,5739,18,0.0011064785066992,0.0032346409279853
HIP,47162,5740,13,0.0014953047502785,0.0059835128486156
HIP,50767,5741,16,0.0037425234913825,0.0161621682345867
HIP,7334,5742,14,0.0162195824086666,0.0424235872924327
HIP,16346,5743,16,0.010895213112235,0.0260241571813821
HIP,14135,5744,11,0.03975835070014,0.1144419237971305
HIP,22376,5745,12,0.020086120814085,0.0406710281968116
HIP,36450,5746,11,0.0019050501286983,0.0098222643136978
HIP,16531,5747,12,0.0091383401304483,0.0284939464181661
HIP,4640,5748,16,0.0067814253270626,0.0344350337982177
HIP,6603,5749,10,0.013602347113192,0.0369588136672973
HIP,27535,5750,21,0.0039438745006918,0.0125426184386014
HIP,39511,5751,15,0.0078073199838399,0.029350446537137
HIP,13262,5752,14,0.020571194589138,0.03948475420475
HIP,40610,5753,12,0.0010943243978545,0.0066157625988125
HIP,25501,5754,13,0.0183062590658664,0.0391540378332138
HIP,50292,5755,18,0.0017376666655763,0.0060227997601032
HIP,30904,5756,14,0.003058043308556,0.0098269814625382
HIP,34052,5757,17,0.0051962058059871,0.0179838985204696
HIP,33484,5758,11,0.0054788216948509,0.0203012190759181
HIP,50438,5759,15,0.0048694782890379,0.0107575878500938
HIP,42074,5760,21,0.0011494347127154,0.0661136358976364
HIP,22674,5761,15,0.0050069638527929,0.0205538738518953
HIP,42964,5762,14,0.0034700990654528,0.0100985718891024
HIP,5316,5763,14,0.0015840864507481,0.0204713996499776
HIP,6279,5764,15,0.0532517023384571,0.0940099582076072
HIP,45057,5765,15,0.0036801425740122,0.0142336934804916
HIP,44524,5766,14,0.0048804022371768,0.0141149563714861
HIP,47274,5767,15,0.0060272496193647,0.0183705687522888
HIP,16415,5768,13,0.0036841379478573,0.0067688007839024
HIP,4967,5769,15,0.0050587537698447,0.0125771695747971
HIP,30848,5770,10,0.0269270446151494,0.0675620883703231
HIP,26927,5771,14,0.0005455783684737,0.0101215383037924
HIP,9504,5772,15,0.0027697528712451,0.0082146935164928
HIP,13720,5773,10,0.0016715916572138,0.0136780282482504
HIP,11182,5774,17,0.0187706314027309,0.0420517660677433
HIP,20483,5775,10,0.002317116362974,0.0086542200297117
HIP,27991,5776,14,0.0042351223528385,0.0104340016841888
HIP,27177,5777,16,0.0029391967691481,0.0098154982551932
HIP,28447,5778,14,0.0045224428176879,0.0131669752299785
HIP,28341,5779,14,0.0046386811882257,0.009201887063682
HIP,29168,5780,8,0.0040030777454376,0.0273216869682073
HIP,36154,5781,10,0.0019877150189131,0.0075465934351086
HIP,23811,5782,9,0.011514376848936,0.0366936661303043
HIP,5368,5783,16,0.0034442455507814,0.009009432978928
HIP,43071,5784,18,0.0116178905591368,0.024837676435709
HIP,34517,5785,13,0.0075823757797479,0.018426651135087
HIP,44801,5786,16,0.0072522815316915,0.0349426604807376
HIP,2356,5787,12,0.0030239564366638,0.0086107766255736
HIP,42462,5788,14,0.0036857703235,0.0082572437822818
HIP,22466,5789,12,0.0108780991286039,0.0270090494304895
HIP,21160,5790,11,0.01884157769382,0.0425811558961868
HIP,26081,5791,17,0.0061463229358196,0.0184986907988786
HIP,41850,5792,15,0.0020181816071271,0.0119789699092507
HIP,718,5793,10,0.06168058142066,0.0852746441960334
HIP,19141,5794,11,0.0009651568252593,0.0059956712648272
HIP,21803,5795,19,0.0037686564028263,0.0100667709484696
HIP,2450,5796,11,0.0012177993776276,0.0060425526462495
HIP,21183,5797,14,0.0028122547082602,0.0103132659569382
HIP,17622,5798,16,0.0114408647641539,0.0284069124609231
HIP,40778,5799,11,0.015544956550002,0.0502313375473022
HIP,13093,5800,14,0.0131316017359495,0.0253778249025344
HIP,20106,5801,16,0.0083744153380393,0.023633861914277
HIP,28155,5802,11,0.0061979936435818,0.0250297170132398
HIP,46552,5803,18,0.0104963956400752,0.0271728951483964
HIP,1488,5804,19,0.0035254009999334,0.0078752189874649
HIP,12185,5805,12,0.0061386548914015,0.0141418809071183
HIP,7888,5806,13,0.0193593557924032,0.0437398664653301
HIP,43890,5807,10,0.0029168622568249,0.0093638366088271
HIP,26077,5808,9,0.0139749599620699,0.0344026833772659
HIP,32082,5809,15,0.0061699650250375,0.015296465717256
HIP,31698,5810,12,0.0210696384310722,0.0508013851940631
HIP,27180,5811,16,0.0012367198942229,0.0042124851606786
HIP,14845,5812,15,0.0010447180829942,0.0096841659396886
HIP,237,5813,10,0.0172683000564575,0.068376675248146
HIP,44706,5814,14,0.0256855152547359,0.0275773685425519
HIP,40192,5815,21,0.0032005193643271,0.0158643200993537
HIP,41953,5816,12,0.0139122968539595,0.0262575354427099
HIP,28679,5817,18,0.0011410205624997,0.0070976773276925
HIP,35190,5818,17,0.0062927356921136,0.0165220089256763
HIP,2193,5819,12,0.0106480289250612,0.0280900541692972
HIP,10302,5820,17,0.0087543260306119,0.0147349536418914
HIP,24364,5821,15,0.0241629127413034,0.0556628629565238
HIP,32776,5822,15,0.0096594709903001,0.0281100627034902
HIP,19705,5823,17,0.0057075936347246,0.0186647642403841
HIP,26270,5824,16,0.0054480615071952,0.0139438109472393
HIP,22977,5825,13,0.0037207941059023,0.0168800391256809
HIP,25289,5826,15,0.0027611032128334,0.0164198912680149
HIP,25854,5827,16,0.0023430110886693,0.012399910017848
HIP,41601,5828,14,0.0046182936057448,0.0210673194378614
HIP,17414,5829,14,0.0171254053711891,0.0347017981112003
HIP,6148,5830,15,0.0127312494441866,0.0280932076275348
HIP,50092,5831,16,0.0174374338239431,0.0319040827453136
HIP,26814,5832,17,0.0005514090298675,0.0027580116875469
HIP,29702,5833,12,0.0044172778725624,0.0124421324580907
HIP,45490,5834,14,0.0016554727917537,0.0090851616114377
HIP,45206,5835,12,0.0025142224039882,0.0096706608310341
HIP,11778,5836,14,0.0069222450256347,0.0257637295871973
HIP,23878,5837,15,0.0032790405675768,0.0100073534995317
HIP,50711,5838,8,0.0206254161894321,0.0758810862898826
HIP,49233,5839,19,0.0024890005588531,0.0151077108457684
HIP,33629,5840,14,0.0017921350663527,0.0055804778821766
HIP,19747,5841,18,0.014589712023735,0.0278583467006683
HIP,15154,5842,15,0.0222363267093896,0.049720611423254
HIP,47874,5843,5,0.0155252758413553,0.0483677424490451
HIP,26958,5844,13,0.0076278103515505,0.0167013015598058
HIP,36578,5845,11,0.0058988314121961,0.0160464774817228
HIP,36575,5846,12,0.0016914115985855,0.005483980756253
HIP,18718,5847,12,0.0035043773241341,0.0106149865314364
HIP,11993,5848,16,0.0071652075275778,0.0150755643844604
HIP,39132,5849,11,0.0032127916347235,0.0186156202107667
HIP,6068,5850,14,0.0717893540859222,0.1343568265438079
HIP,7186,5851,14,0.014280280098319,0.0316573195159435
HIP,29201,5852,13,0.0028645251877605,0.0080397967249155
HIP,12430,5853,13,0.0035213874652981,0.0108991423621773
HIP,1684,5854,16,0.0025525281671434,0.0072134691290557
HIP,23001,5855,13,0.0027032657526433,0.0103586511686444
HIP,26547,5856,17,0.0019601038657128,0.0053964434191584
HIP,16253,5857,12,0.0029720414895564,0.0117554739117622
HIP,36936,5858,16,0.0100906565785408,0.0153464032337069
HIP,37960,5859,11,0.0336436741054058,0.0814131125807762
HIP,38328,5860,12,0.0040057878941297,0.012283282354474
HIP,46991,5861,10,0.008306018076837,0.0273621473461389
HIP,46522,5862,14,0.0024013340007513,0.0106625100597739
HIP,41237,5863,13,0.0163973793387413,0.0317065492272377
HIP,25862,5864,14,0.0071049672551453,0.017093164846301
HIP,50839,5865,11,0.0120862601324915,0.0277329962700605
HIP,16372,5866,15,0.0014349169796332,0.0077138366177678
HIP,10419,5867,17,0.0083153378218412,0.0165207888931036
HIP,21301,5868,15,0.0046266592107713,0.0324020497500896
HIP,8098,5869,15,0.0093451272696256,0.0197335910052061
HIP,1319,5870,10,0.0016369773074984,0.0095156021416187
HIP,35089,5871,11,0.0052514979615807,0.0189534928649663
HIP,41038,5872,13,0.0035606706514954,0.0121301356703042
HIP,13627,5873,15,0.0034451966639608,0.0152358431369066
HIP,5511,5874,15,0.0041064424440264,0.0092023834586143
HIP,24814,5875,12,0.0021830382756888,0.0107884677127003
HIP,17630,5876,9,0.0046163680963218,0.0144043462350964
HIP,10380,5877,21,0.00070209603291,0.0026793261058628
HIP,6023,5878,12,0.1070064678788185,0.1911050677299499
HIP,6901,5879,10,0.0141347637400031,0.0371115542948246
HIP,50324,5880,16,0.0005814830074086,0.0032574427314102
HIP,22980,5881,12,0.0252822432667017,0.0618190541863441
HIP,8687,5882,15,0.0160712338984012,0.0291112270206213
HIP,32184,5883,10,0.0021426565945148,0.019707778468728
HIP,49167,5884,21,0.0022031373810023,0.013399695046246
HIP,909,5885,14,0.0011342366924509,0.0071328622289001
HIP,50826,5886,15,0.0047693103551864,0.0089172841981053
HIP,48592,5887,16,0.0111669525504112,0.0455578155815601
HIP,14328,5888,15,0.0146912261843681,0.0485989302396774
HIP,39363,5889,14,0.0017654814291745,0.0080896075814962
HIP,5022,5890,17,0.0023159449920058,0.0085756815969944
HIP,44538,5891,15,0.0104762716218829,0.0297371186316013
HIP,30596,5892,14,0.0044981804676353,0.0125262401998043
HIP,32993,5893,18,0.0089398883283138,0.0195731874555349
HIP,25406,5894,14,0.0172981712967157,0.0333819203078746
HIP,27106,5895,13,0.0052452376112341,0.0192084591835737
HIP,1592,5896,17,0.0329073444008827,0.0674644634127616
HIP,42737,5897,14,0.0013990212464705,0.0092240627855062
HIP,41658,5898,21,0.0013812857214361,0.0658290237188339
HIP,44673,5899,18,0.011128400452435,0.0239493548870086
HIP,36867,5900,12,0.0016284823650494,0.0063557373359799
HIP,14299,5901,13,0.0041007851250469,0.0152252148836851
HIP,11937,5902,15,0.0266566183418035,0.0447709001600742
HIP,85,5903,15,0.0112579958513379,0.0241757370531559
HIP,6611,5904,14,0.0029326914809644,0.0089414706453681
HIP,34643,5905,14,0.0195028837770223,0.0376361161470413
HIP,37580,5906,10,0.005814288277179,0.0634833648800849
HIP,18154,5907,11,0.0042812642641365,0.0293300095945596
HIP,21044,5908,14,0.0065055233426392,0.0174908060580492
HIP,45978,5909,14,0.0195415653288364,0.0382181517779827
HIP,12444,5910,14,0.0009477896383032,0.0081495456397533
HIP,1368,5911,16,0.0027943020686507,0.0081534711644053
HIP,49018,5912,8,0.0062693022191524,0.0172471515834331
HIP,43109,5913,13,0.0354648679494857,0.0706208422780036
HIP,11153,5914,14,0.0038105375133454,0.0088299373164772
HIP,18085,5915,13,0.0026813123840838,0.018381729722023
HIP,20844,5916,8,0.0521382354199886,0.0768249034881591
HIP,49859,5917,16,0.0084475837647914,0.0200362503528594
HIP,38624,5918,11,0.0456227846443653,0.125894084572792
HIP,21610,5919,14,0.0051201833412051,0.0169228054583072
HIP,6564,5920,16,0.0010253960499539,0.0144072258844971
HIP,29921,5921,10,0.0029967373702675,0.0107718370854854
HIP,48644,5922,14,0.0118678146973252,0.0223639402538537
HIP,45126,5923,13,0.0063930694013834,0.0189701151102781
HIP,48873,5924,20,0.0031528787221759,0.0169246103614568
HIP,28502,5925,15,0.0125796245411038,0.0211580954492092
HIP,33073,5926,13,0.0015987001825124,0.0061554969288408
HIP,30716,5927,12,0.00117224722635,0.0065645114518702
HIP,5155,5928,14,0.0010920026106759,0.0042847143486142
HIP,4971,5929,14,0.0074815526604652,0.0211221668869256
HIP,23860,5930,14,0.0043110814876854,0.0101673519238829
HIP,6850,5931,12,0.0165414381772279,0.0326913855969905
HIP,49399,5932,13,0.0138833681121468,0.1522056609392166
HIP,47914,5933,8,0.0457643680274486,0.1215716749429702
HIP,42974,5934,19,0.004590842872858,0.0095104090869426
HIP,1897,5935,5,0.0031403175089508,0.0137308994308114
HIP,7650,5936,19,0.0037797139957547,0.0102928047999739
HIP,39304,5937,14,0.0010985656408593,0.003812025533989
HIP,47564,5938,15,0.0031486607622355,0.009567198343575
HIP,46812,5939,13,0.13498255610466,1.298308491706848
HIP,35966,5940,11,0.0054563358426094,0.0255474597215652
HIP,11133,5941,14,0.0021540068555623,0.0134690711274743
HIP,35592,5942,15,0.0103425476700067,0.0296485852450132
HIP,21413,5943,17,0.0174965281039476,0.0329540148377418
HIP,29027,5944,10,0.1644256860017776,0.1874816268682479
HIP,28610,5945,10,0.02455835044384,0.1226649582386016
HIP,19831,5946,14,0.0334224998950958,0.0836367607116699
HIP,11609,5947,17,0.004481132607907,0.0102290855720639
HIP,17261,5948,14,0.0090573038905859,0.0183441508561372
HIP,32429,5949,12,0.0067893401719629,0.017661141231656
HIP,16292,5950,11,0.0026604344602674,0.0196635518223047
HIP,17846,5951,14,0.0044003832153975,0.0125993937253952
HIP,36103,5952,12,0.0057489657774567,0.0120103331282734
HIP,23247,5953,14,0.0023869110736995,0.0085843717679381
HIP,25921,5954,10,0.0037137868348509,0.0173716861754655
HIP,5453,5955,12,0.016242491081357,0.0372208207845687
HIP,19573,5956,13,0.0068954741582274,0.0191965047270059
HIP,46777,5957,16,0.0102315079420804,0.0169695951044559
HIP,12259,5958,16,0.0102746151387691,0.0277564134448766
HIP,42233,5959,10,0.0009599980548955,0.0056495647877454
HIP,50040,5960,13,0.0117833158001303,0.0292504094541072
HIP,4328,5961,8,0.0824934542179107,0.1557320803403854
HIP,37267,5962,10,0.0118096517398953,0.0673496946692466
HIP,35054,5963,15,0.0004868900869041,0.0030951029621064
HIP,23510,5964,13,0.0060576475225389,0.0139661077409982
HIP,34459,5965,15,0.0148328179493546,0.0357849113643169
HIP,40130,5966,16,0.0063555962406098,0.0140024740248918
HIP,4393,5967,12,0.001512918388471,0.0068886531516909
HIP,26140,5968,14,0.0120696742087602,0.0467332825064659
HIP,38385,5969,15,0.0011556299868971,0.0045587318018078
HIP,32906,5970,11,0.0153636699542403,0.0364786088466644
HIP,41143,5971,15,0.0020560268312692,0.0120626734569668
HIP,29406,5972,11,0.0055485162883996,0.0121162757277488
HIP,10985,5973,10,0.0082982750609517,0.0249916799366474
HIP,13020,5974,10,0.0294557977467775,0.078030988574028
HIP,3560,5975,15,0.0038689272478222,0.0109448730945587
HIP,35230,5976,16,0.0060737477615475,0.0155984498560428
HIP,30569,5977,16,0.0009381989948451,0.0053785550408065
HIP,29177,5978,13,0.0046439026482403,0.011868130415678
HIP,5483,5979,13,0.0041220816783607,0.0146671934053301
HIP,36712,5980,8,0.0064215543679893,0.0210786685347557
HIP,35166,5981,12,0.0213802028447389,0.0420351512730121
HIP,14201,5982,18,0.002044971100986,0.0096698403358459
HIP,708,5983,9,0.0322907380759716,0.0890325307846069
HIP,8150,5984,15,0.0045913220383226,0.0128923840820789
HIP,39179,5985,16,0.0050107813440263,0.0098643712699413
HIP,22541,5986,13,0.0229876842349767,0.043010726571083
HIP,36934,5987,12,0.0043854392133653,0.0150088937953114
HIP,38710,5988,15,0.0098287668079137,0.0204695109277963
HIP,45605,5989,16,0.0031967598479241,0.0071562230587005
HIP,44789,5990,15,0.0052771624177694,0.0258371848613023
HIP,422,5991,16,0.0050337435677647,0.0123710632324218
HIP,18155,5992,14,0.003539758734405,0.0106177683919668
HIP,35235,5993,15,0.0448649264872074,0.0830610617995262
HIP,5559,5994,13,0.0215051677078008,0.0360883958637714
HIP,49015,5995,15,0.0070206867530941,0.0149364620447158
HIP,44034,5996,12,0.0020465552806854,0.0071808695793151
HIP,39625,5997,16,0.0011690086685121,0.0036200541071593
HIP,32997,5998,8,0.0066819838248193,0.0208504442125558
HIP,33070,5999,15,0.0021302767563611,0.0045136902481317
HIP,4887,6000,16,0.0023693325929343,0.0051807132549583
HIP,9843,6001,17,0.002843527123332,0.0107302051037549
HIP,12898,6002,17,0.0141798891127109,0.032228484749794
HIP,12612,6003,14,0.0212420877069234,0.0325826033949852
HIP,45834,6004,17,0.0053622028790414,0.012934885919094
HIP,7890,6005,11,0.0031591893639415,0.0074089583940804
HIP,41331,6006,17,0.0027766248676925,0.0088790534064173
HIP,39957,6007,16,0.0005875983042642,0.0027897187974303
HIP,13398,6008,11,0.0022001317702233,0.0087759979069232
HIP,45748,6009,13,0.0157416276633739,0.030966393649578
HIP,39037,6010,13,0.0008408969151787,0.0032294576521962
HIP,42720,6011,15,0.004073204472661,0.014654766768217
HIP,23374,6012,10,0.0013685011072084,0.0065762014128267
HIP,49618,6013,12,0.0129254953935742,0.0266342423856258
HIP,36839,6014,17,0.0303190890699625,0.056364007294178
HIP,23605,6015,15,0.0040487684309482,0.0095730870962142
HIP,41779,6016,15,0.0443337149918079,0.0837585180997848
HIP,34963,6017,13,0.0129795186221599,0.0276831183582544
HIP,33185,6018,16,0.0065366793423891,0.0233634747564792
HIP,26486,6019,11,0.0038799454923719,0.0091574415564537
HIP,41892,6020,19,0.003308827523142,0.0089752590283751
HIP,43320,6021,16,0.0015024272724986,0.0040106964297592
HIP,4883,6022,19,0.0507796704769134,0.0518825016915798
HIP,9146,6023,13,0.0084995292127132,0.0113867046311497
HIP,27950,6024,13,0.0038317346479743,0.0098256431519985
HIP,21909,6025,15,0.0057385419495403,0.0145604209974408
HIP,27236,6026,14,0.0048735430464148,0.0114060845226049
HIP,22108,6027,13,0.0011871036840602,0.0042485948652029
HIP,47308,6028,10,0.0071117435581982,0.0167991761118173
HIP,38825,6029,14,0.0018082673195749,0.0068817040883004
HIP,19484,6030,12,0.0195770468562841,0.0381772518157959
HIP,43312,6031,17,0.0042783520184457,0.0125531759113073
HIP,46600,6032,14,0.0019157043425366,0.0066708009690046
HIP,30287,6033,10,0.0490027256309986,0.1793076395988464
HIP,1486,6034,10,0.0073360106907784,0.0184212792664766
HIP,49274,6035,15,0.0028964888770133,0.0107531938701868
HIP,4759,6036,14,0.052333764731884,0.0611274540424346
HIP,39764,6037,15,0.015155853703618,0.028393717482686
HIP,43776,6038,19,0.0031296664383262,0.0056906435638666
HIP,47228,6039,13,0.0018652807921171,0.009209968149662
HIP,12753,6040,14,0.0032834617886692,0.0114089716225862
HIP,42374,6041,14,0.0048206476494669,0.0105108860880136
HIP,25067,6042,14,0.0284052044153213,0.0961556509137153
HIP,18595,6043,14,0.0027380106039345,0.0088383508846163
HIP,22702,6044,17,0.0121462326496839,0.0265910886228084
HIP,13615,6045,12,0.0122671676799654,0.0275381915271282
HIP,47716,6046,11,0.0021839328110218,0.0090203918516635
HIP,39196,6047,11,0.0094016557559371,0.0288901943713426
HIP,21285,6048,10,0.0021706521511077,0.0101399784907698
HIP,50463,6049,19,0.0027476851828396,0.0073038241825997
HIP,30232,6050,17,0.0026980785187333,0.0304495021700859
HIP,23643,6051,14,0.0010694998782128,0.0055007766932249
HIP,18279,6052,15,0.0020592338405549,0.005208823364228
HIP,42580,6053,18,0.0024537646677345,0.0094968033954501
HIP,5110,6054,12,0.0060117044486105,0.0163462124764919
HIP,3075,6055,14,0.0507002286612987,0.0731767863035202
HIP,42929,6056,14,0.0104730743914842,0.0212879870086908
HIP,34838,6057,19,0.1417568922042846,0.1143590062856674
HIP,38130,6058,16,0.0052107367664575,0.0104419719427824
HIP,47963,6059,11,0.0320207364857196,0.0426556766033172
HIP,12921,6060,11,0.0030003117863088,0.0134237203747034
HIP,21625,6061,10,0.0536006242036819,0.1159127429127693
HIP,37698,6062,9,0.005697201937437,0.0195814166218042
HIP,28919,6063,10,0.0123204849660396,0.0477661713957786
HIP,33221,6064,14,0.0010847653029486,0.0043130717240273
HIP,34043,6065,10,0.0016820471500977,0.0065801981836557
HIP,22843,6066,19,0.0009723498369567,0.0125580755993723
HIP,31204,6067,16,0.0057704420760273,0.0106508051976561
HIP,49496,6068,12,0.014093117788434,0.0300131700932979
HIP,25747,6069,13,0.0052078180015087,0.0130041614174842
HIP,7947,6070,10,0.0145785715430974,0.0366073958575725
HIP,7207,6071,12,0.0164381098002195,0.0350056141614913
HIP,27221,6072,19,0.0040056481957435,0.0083137974143028
HIP,46252,6073,12,0.00123370019719,0.0055369744077324
HIP,39278,6074,17,0.0111536886543035,0.0163119416683912
HIP,24469,6075,12,0.0159755740314722,0.0430315285921096
HIP,9749,6076,17,0.0005711918347515,0.0078507103025913
HIP,5667,6077,11,0.0493304096162319,0.079953983426094
HIP,29892,6078,11,0.0017122917342931,0.0139853088185191
HIP,7588,6079,12,0.006161278579384,0.0168426241725683
HIP,27860,6080,10,0.0028445387724786,0.0071891830302774
HIP,23808,6081,14,0.0026780520565807,0.0072905328124761
HIP,31693,6082,8,0.0187862031161785,0.0820612534880638
HIP,40531,6083,14,0.0114197740331292,0.0314945168793201
HIP,2979,6084,16,0.029168676584959,0.0435482189059257
HIP,25634,6085,17,0.0055359182879328,0.0101567944511771
HIP,26621,6086,18,0.0195404477417469,0.026502326130867
HIP,24109,6087,16,0.0032879984937608,0.0083789844065904
HIP,25604,6088,15,0.0012960275635123,0.0065181083045899
HIP,44277,6089,16,0.0037663604598492,0.0109048010781407
HIP,47367,6090,12,0.000689415144734,0.0035068006254732
HIP,24414,6091,14,0.0085365418344736,0.0248059816658496
HIP,23124,6092,16,0.0011053819907829,0.0049305660650134
HIP,12306,6093,13,0.0059409602545201,0.0172829218208789
HIP,5327,6094,11,0.0036173241678625,0.0083164954558014
HIP,38791,6095,14,0.0157893318682909,0.0316663719713687
HIP,20343,6096,12,0.0007856310112401,0.0053029665723443
HIP,42817,6097,11,0.0056846928782761,0.0213600061833858
HIP,36976,6098,11,0.0364139378070831,0.0549240857362747
HIP,44447,6099,12,0.0034658387303352,0.0102816401049494
HIP,44853,6100,15,0.001672322046943,0.0077375075779855
HIP,2222,6101,15,0.0008432827307842,0.006049336399883
HIP,48750,6102,19,0.0042536323890089,0.01353495195508
HIP,37437,6103,14,0.0016535418108105,0.0048511186614632
HIP,42079,6104,10,0.012812515720725,0.0378537327051162
HIP,31761,6105,13,0.0275100115686655,0.0621336176991462
HIP,9979,6106,17,0.0086832186207175,0.0153193138539791
HIP,43990,6107,12,0.0080570867285132,0.0226993598043918
HIP,12901,6108,19,0.0014509038301184,0.0038006855174899
HIP,8307,6109,11,0.0054564424790441,0.018009865656495
HIP,27631,6110,12,0.003580818651244,0.0129926707595586
HIP,21868,6111,8,0.0209481939673423,0.0655720606446266
HIP,30882,6112,8,0.0083188153803348,0.0187102388590574
HIP,2958,6113,15,0.0059501859359443,0.0106239421293139
HIP,30978,6114,16,0.001716879196465,0.0048512103967368
HIP,24095,6115,11,0.008609240874648,0.0315910167992115
HIP,4749,6116,14,0.0419509783387184,0.063720129430294
HIP,26317,6117,15,0.0013986926060169,0.0052673178724944
HIP,36201,6118,10,0.0136018386110663,0.0417110919952392
HIP,13424,6119,12,0.0022576409392058,0.0078607434406876
HIP,34878,6120,10,0.0066333594731986,0.0193216316401958
HIP,50011,6121,16,0.0014717718586325,0.0044049681164324
HIP,43613,6122,13,0.0069300425238907,0.0179490875452756
HIP,42151,6123,12,0.0141349025070667,0.0301079228520393
HIP,2847,6124,14,0.0092156482860445,0.032961405813694
HIP,7733,6125,15,0.0007389361853711,0.0030331087764352
HIP,38485,6126,8,0.0682423189282417,0.2151257246732711
HIP,30344,6127,13,0.0032801337074488,0.0088069047778844
HIP,42910,6128,10,0.0043504741042852,0.0155637683346867
HIP,14503,6129,14,0.0051167500205338,0.0147393196821212
HIP,10013,6130,12,0.0023338492028415,0.007337630726397
HIP,42599,6131,14,0.0129480278119444,0.0227713584899902
HIP,28893,6132,9,0.0143972942605614,0.0621207579970359
HIP,39216,6133,15,0.0006697013159282,0.0022382335737347
HIP,9156,6134,15,0.0051227402873337,0.0128187388181686
HIP,3351,6135,15,0.0010941848158836,0.0050537246279418
HIP,31342,6136,13,0.0013197709340602,0.006106732878834
HIP,23233,6137,14,0.0521929673850536,0.0673945397138595
HIP,41055,6138,10,0.0166816674172878,0.0389438569545745
HIP,8000,6139,16,0.0029044009279459,0.0259677469730377
HIP,48444,6140,14,0.007116749882698,0.0162729918956756
HIP,36853,6141,15,0.0007299379794858,0.0239577945321798
HIP,4934,6142,12,0.0023336559534072,0.0085439216345548
HIP,23859,6143,16,0.0023292358964681,0.0062807225622236
HIP,27660,6144,15,0.0077252709306776,0.0141021348536014
HIP,7849,6145,11,0.0039264326915144,0.0097742266952991
HIP,17483,6146,18,0.0026085372082889,0.010847776196897
HIP,49877,6147,10,0.0016229951288551,0.0055235102772712
HIP,35927,6148,13,0.0056167403236031,0.0158259402960538
HIP,49455,6149,15,0.0061875353567302,0.0187940504401922
HIP,21668,6150,15,0.0014102823333814,0.0068843248300254
HIP,12029,6151,12,0.0080087231472134,0.0187641140073537
HIP,29008,6152,6,0.0170879531651735,0.0578157529234886
HIP,27237,6153,16,0.0055234762839972,0.0160873364657163
HIP,13311,6154,11,0.0107238804921507,0.0255977716296911
HIP,33227,6155,13,0.0012427774490788,0.0027126288041472
HIP,32533,6156,12,0.0284664705395698,0.0623369589447975
HIP,28366,6157,10,0.0021229088306427,0.0056587434373795
HIP,39328,6158,8,0.0015518604777753,0.0111714750528335
HIP,50505,6159,7,0.004083595238626,0.0109978718683123
HIP,41773,6160,12,0.0082325786352157,0.0204584412276744
HIP,48721,6161,12,0.016040975227952,0.0512556098401546
HIP,6345,6162,14,0.0037334852386265,0.016061745584011
HIP,20501,6163,11,0.0006808909820392,0.0034820325672626
HIP,29662,6164,16,0.0056547163985669,0.0309500638395547
HIP,44812,6165,12,0.0039852056652307,0.014176563359797
HIP,31437,6166,16,0.0035359868779778,0.0111205084249377
HIP,18455,6167,14,0.0047902255319058,0.0116670625284314
HIP,36681,6168,14,0.0037831356748938,0.0128233665600419
HIP,43230,6169,15,0.0084558259695768,0.0218538157641887
HIP,761,6170,14,0.0337897390127182,0.0427203364670276
HIP,11793,6171,15,0.0077427057549357,0.0159202944487333
HIP,30391,6172,17,0.0007110686274245,0.0060949842445552
HIP,39047,6173,11,0.0049938904121518,0.0454984493553638
HIP,15134,6174,12,0.0059291976504027,0.0180501844733953
HIP,11082,6175,14,0.0092932423576712,0.0259121563285589
HIP,13099,6176,15,0.0038284445181488,0.0099146673455834
HIP,6910,6177,15,0.0016715000383555,0.006733960006386
HIP,32568,6178,16,0.0004569090378936,0.00361610786058
HIP,30014,6179,12,0.0033206057269126,0.0110276043415069
HIP,16207,6180,17,0.0034114464651793,0.0440642982721328
HIP,29999,6181,10,0.005537346471101,0.018228406086564
HIP,40386,6182,13,0.0114667005836963,0.0221302956342697
HIP,29249,6183,15,0.00734021095559,0.0150293167680501
HIP,22303,6184,15,0.0048162783496081,0.0110810874029994
HIP,44971,6185,12,0.0221359934657812,0.0512643754482269
HIP,33928,6186,15,0.0486002303659915,0.0644489675760269
HIP,7747,6187,10,0.0090950150042772,0.0279290657490491
HIP,34661,6188,16,0.0015058869030326,0.0286643207073211
HIP,10729,6189,16,0.0008835744811221,0.0183631088584661
HIP,25995,6190,14,0.0035476479679346,0.0094929998740553
HIP,47129,6191,15,0.0042231334373354,0.0199200268834829
HIP,47403,6192,14,0.0062992004677653,0.0174169652163982
HIP,34679,6193,10,0.0016649899771437,0.0077064367942512
HIP,19080,6194,14,0.0129876369610428,0.0260659772902727
HIP,29112,6195,14,0.0080373017117381,0.0199369844049215
HIP,21669,6196,19,0.007045688573271,0.0140935741364955
HIP,29857,6197,16,0.0123798754066228,0.0248129367828369
HIP,45463,6198,15,0.0080541018396615,0.0207437667995691
HIP,31274,6199,10,0.0119433812797069,0.0337144397199153
HIP,4216,6200,12,0.0310975350439548,0.095058262348175
HIP,36565,6201,10,0.048579815775156,0.0602991431951522
HIP,1014,6202,14,0.0084402440115809,0.0192661099135875
HIP,39073,6203,13,0.0012833166401833,0.0412180945277214
HIP,44570,6204,16,0.0038187287282198,0.0114750545471906
HIP,14645,6205,12,0.0039273337461054,0.0165428612381219
HIP,4839,6206,10,0.0108809694647789,0.0237916372716426
HIP,5176,6207,13,0.0014980456326156,0.004755278583616
HIP,40290,6208,11,0.0063071711920201,0.0275470316410064
HIP,26383,6209,14,0.0020865937694907,0.0082480004057288
HIP,8436,6210,17,0.0052683567628264,0.013129754923284
HIP,46355,6211,15,0.0022807754576206,0.0108304321765899
HIP,44980,6212,17,0.0171494558453559,0.0506102293729782
HIP,1936,6213,14,0.0046668853610754,0.0120010850951075
HIP,20805,6214,9,0.0206106062978506,0.0391035676002502
HIP,25520,6215,12,0.006092017982155,0.0133066829293966
HIP,34655,6216,18,0.0028232883196324,0.0122726140543818
HIP,43775,6217,15,0.0227895099669694,0.0498147271573543
HIP,24296,6218,14,0.0046675796620547,0.0119109470397233
HIP,28347,6219,14,0.0019394389819353,0.007101587485522
HIP,3680,6220,15,0.0031883597839623,0.0170308873057365
HIP,31773,6221,9,0.0395118445158004,0.1872145682573318
HIP,13637,6222,12,0.001450807088986,0.0121810175478458
HIP,1293,6223,19,0.0279503036290407,0.0392738245427608
HIP,17491,6224,15,0.0030217019375413,0.0062444768846035
HIP,12960,6225,14,0.0287548843771219,0.0594191960990428
HIP,25111,6226,16,0.006464447826147,0.013707828707993
HIP,26230,6227,11,0.0119194714352488,0.0236332956701517
HIP,41684,6228,15,0.0265657771378755,0.0456666648387908
HIP,17815,6229,16,0.0009769236203283,0.0051885489374399
HIP,32982,6230,10,0.1687891483306884,1.0884000062942505
HIP,22778,6231,11,0.0006865775212645,0.0032914879266172
HIP,37179,6232,15,0.0032121138647198,0.0088645787909626
HIP,32869,6233,11,0.0039703734219074,0.0133273927494883
HIP,5359,6234,12,0.012027021497488,0.0318197719752788
HIP,35650,6235,15,0.0050574643537402,0.013434431515634
HIP,18458,6236,11,0.0021107776556164,0.0083729149773716
HIP,5621,6237,16,0.0036051615606993,0.0241261329501867
HIP,622,6238,14,0.0117630325257778,0.0318851694464683
HIP,34594,6239,17,0.0041161454282701,0.0120361363515257
HIP,16660,6240,10,0.0156879089772701,0.0365799255669117
HIP,1543,6241,15,0.0014214032562449,0.007494896184653
HIP,44869,6242,19,0.0021516338456422,0.006455719936639
HIP,18685,6243,13,0.0018471786752343,0.0050130197778344
HIP,18035,6244,10,0.0054093729704618,0.0546720996499061
HIP,40276,6245,14,0.0202466249465942,0.0463659577071666
HIP,5762,6246,17,0.0022393630351871,0.0068879453465342
HIP,11996,6247,12,0.0059139085933566,0.0150572853162884
HIP,22026,6248,16,0.0069289207458496,0.0179009232670068
HIP,4712,6249,17,0.0036821532994508,0.0186910387128591
HIP,48781,6250,12,0.0008502468699589,0.0119285648688673
HIP,14198,6251,13,0.0093832220882177,0.0194887518882751
HIP,49718,6252,13,0.0209442414343357,0.0291746146976947
HIP,48230,6253,11,0.0014832458691671,0.0045086122117936
HIP,23887,6254,14,0.0080630769953131,0.020534349605441
HIP,34525,6255,11,0.003069672267884,0.017180910333991
HIP,2127,6256,16,0.0078179445117712,0.0169747769832611
HIP,29175,6257,14,0.0045152874663472,0.0116543769836425
HIP,45437,6258,11,0.0027823504060506,0.0069227539934217
HIP,27762,6259,15,0.0036180212628096,0.0097978310659527
HIP,41553,6260,14,0.0054849768057465,0.0124141806736588
HIP,3122,6261,14,0.000981330871582,0.0036809085868299
HIP,5796,6262,15,0.0059363511390984,0.0176557675004005
HIP,17794,6263,14,0.0209080502390861,0.0380349270999431
HIP,3413,6264,12,0.0530434362590312,0.0622138641774654
HIP,7162,6265,16,0.005388350225985,0.0115905525162816
HIP,22652,6266,8,0.0018273536115884,0.0199489258229732
HIP,40662,6267,15,0.0090917972847819,0.0222641099244356
HIP,27913,6268,14,0.0399702861905097,0.1103588193655014
HIP,33462,6269,11,0.026566170156002,0.0615469925105571
HIP,38867,6270,15,0.003356099827215,0.0092549156397581
HIP,31130,6271,19,0.0094540948048233,0.020334118977189
HIP,15936,6272,12,0.000895345583558,0.0087613631039857
HIP,10637,6273,15,0.0008931367192417,0.0035462898667901
HIP,9207,6274,13,0.0022770478390157,0.00579604646191
HIP,28220,6275,11,0.0037835345137864,0.0110456906259059
HIP,26217,6276,12,0.0119893895462155,0.0303175132721662
HIP,39359,6277,16,0.0037866865750402,0.0075529012829065
HIP,32330,6278,10,0.010507876984775,0.0340370573103427
HIP,4679,6279,10,0.0042211171239614,0.015510537661612
HIP,48185,6280,16,0.001206460990943,0.0055192555300891
HIP,45942,6281,14,0.0046148002147674,0.0516297407448291
HIP,14064,6282,16,0.002380521968007,0.010128678753972
HIP,8867,6283,12,0.0055382079444825,0.0116088036447763
HIP,41297,6284,12,0.003468400798738,0.0132273007184267
HIP,4951,6285,11,0.0155509049072861,0.0555679015815258
HIP,9770,6286,14,0.0065763602033257,0.014193071052432
HIP,17084,6287,12,0.0059724859893321,0.0213800221681594
HIP,10032,6288,15,0.0046114367432892,0.01067775208503
HIP,7326,6289,14,0.0083266822621226,0.0213746950030326
HIP,13377,6290,10,0.0135501101613044,0.0363403782248497
HIP,50196,6291,18,0.0121980970725417,0.024893557652831
HIP,27129,6292,12,0.0493860729038715,0.081114612519741
HIP,44588,6293,12,0.0383462607860565,0.1276477724313736
HIP,16694,6294,18,0.0009366237791255,0.0025800561998039
HIP,3626,6295,18,0.0129007874056696,0.0130056617781519
HIP,35499,6296,17,0.0019973516464233,0.0083101037889719
HIP,8117,6297,12,0.0186747275292873,0.0388626977801322
HIP,22962,6298,19,0.0021209914702922,0.0136799272149801
HIP,41136,6299,10,0.01409453433007,0.0371212624013423
HIP,47704,6300,16,0.0019653141498565,0.0059944922104477
HIP,48108,6301,12,0.0009988927049562,0.0067243473604321
HIP,2243,6302,10,0.0280748214572668,0.0645207688212394
HIP,5812,6303,12,0.0063432450406253,0.0175624433904886
HIP,14919,6304,12,0.0092577002942562,0.0190667510032653
HIP,30623,6305,14,0.0032550990581512,0.0094032566994428
HIP,15629,6306,17,0.0130274947732687,0.0253355465829372
HIP,13887,6307,19,0.0021668579429388,0.0083452723920345
HIP,17399,6308,16,0.0010673565557226,0.0062433760613203
HIP,6420,6309,16,0.0076207830570638,0.012308731675148
HIP,3063,6310,15,0.0031989216804504,0.0117762815207242
HIP,3031,6311,12,0.0034542880021035,0.0068545001558959
HIP,16808,6312,15,0.0081228679046034,0.0160445552319288
HIP,39357,6313,19,0.0006585876108147,0.0038263567257672
HIP,27803,6314,13,0.0067658363841474,0.0149961980059742
HIP,28393,6315,14,0.0009478224092163,0.0175297372043132
HIP,49133,6316,16,0.0026405230164527,0.0089995190501213
HIP,29719,6317,16,0.0111195957288146,0.0277757849544286
HIP,1248,6318,15,0.0065313326194882,0.0220268387347459
HIP,5715,6319,12,0.003367542522028,0.0125937080010771
HIP,19122,6320,14,0.0125152170658111,0.0400085113942623
HIP,23090,6321,15,0.0076226382516324,0.0192862581461668
HIP,48384,6322,11,0.0019455895526334,0.0062356418929994
HIP,11383,6323,13,0.0079921362921595,0.0346481204032897
HIP,39527,6324,19,0.001502092462033,0.0071969833225011
HIP,35400,6325,14,0.0032814210280776,0.0273952055722475
HIP,24237,6326,11,0.0037640323862433,0.0141540169715881
HIP,11549,6327,14,0.0073942998424172,0.0159645173698663
HIP,48552,6328,16,0.0006944008637219,0.0033037336543202
HIP,29156,6329,11,0.0012193659786134,0.0588549003005027
HIP,39585,6330,13,0.0416767187416553,0.0764195546507835
HIP,37319,6331,16,0.0026337835006415,0.0073122447356581
HIP,50687,6332,16,0.0007282662554644,0.0177110210061073
HIP,15618,6333,19,0.0290352255105972,0.0428642816841602
HIP,44574,6334,14,0.0083987200632691,0.0237004067748785
HIP,16108,6335,11,0.003691655350849,0.0122570842504501
HIP,32626,6336,13,0.0097420010715723,0.0244472194463014
HIP,498,6337,16,0.0120235076174139,0.0418623499572277
HIP,29923,6338,12,0.0037387278862297,0.0120016038417816
HIP,10075,6339,11,0.0024860848207026,0.0085636209696531
HIP,12605,6340,11,0.0436982214450836,0.0828331485390663
HIP,47975,6341,8,0.0264390744268894,0.0719473734498024
HIP,46260,6342,16,0.0061835888773202,0.0171940922737121
HIP,27851,6343,19,0.0005634388071484,0.004431108944118
HIP,31897,6344,16,0.0012405237648636,0.0098978402093052
HIP,29747,6345,13,0.0052518751472234,0.0152501221746206
HIP,47499,6346,13,0.0174768287688493,0.0328050851821899
HIP,4149,6347,16,0.0193864218890666,0.0330425463616848
HIP,16144,6348,15,0.0006560071487911,0.0024170174729079
HIP,33869,6349,17,0.0037942319177091,0.0061041456647217
HIP,20375,6350,11,0.0108357919380068,0.0506276898086071
HIP,40879,6351,12,0.0041932077147066,0.0140166888013482
HIP,24336,6352,18,0.0019701467826962,0.0042830100283026
HIP,31396,6353,12,0.0091625861823558,0.024480490013957
HIP,27840,6354,15,0.0061378465034067,0.0125871105119585
HIP,23490,6355,16,0.0327645614743232,0.0457750484347343
HIP,26200,6356,17,0.0376710146665573,0.0442192554473876
HIP,38963,6357,14,0.0023390611167997,0.0090441117063164
HIP,6350,6358,11,0.0045804167166352,0.0123634478077292
HIP,12225,6359,14,0.0010726621840149,0.0042439112439751
HIP,19170,6360,13,0.0438688099384307,0.0771561115980148
HIP,37970,6361,16,0.0109870275482535,0.0195722710341215
HIP,30586,6362,14,0.0036731306463479,0.0110843097791075
HIP,7322,6363,17,0.0079073999077081,0.0140654854476451
HIP,42015,6364,16,0.0014471604954451,0.0040459856390953
HIP,14181,6365,9,0.0057076746597886,0.0197580866515636
HIP,42281,6366,16,0.006265802308917,0.0243685282766819
HIP,21921,6367,12,0.0059233703650534,0.0177566930651664
HIP,13931,6368,15,0.005062507931143,0.0120720183476805
HIP,12170,6369,14,0.0023323437198996,0.0094523495063185
HIP,41698,6370,16,0.0023770683910697,0.007018229458481
HIP,3940,6371,10,0.0021862285211682,0.0095979142934083
HIP,48008,6372,15,0.0021924800239503,0.0058202226646244
HIP,47681,6373,16,0.0021521626040339,0.006099360063672
HIP,23838,6374,11,0.0073839426040649,0.0209851749241352
HIP,39587,6375,14,0.0067497636191546,0.0187774281948804
HIP,29395,6376,13,0.0051569719798862,0.012610288336873
HIP,4718,6377,13,0.0007368322694674,0.0028427401557564
HIP,38904,6378,15,0.0082504423335194,0.023694859817624
HIP,30194,6379,16,0.0008094696095213,0.0069817090407013
HIP,20242,6380,17,0.0196373146027326,0.0397521182894706
HIP,34688,6381,16,0.0049216765910387,0.0105028683319687
HIP,37129,6382,13,0.0044726403430104,0.014799484051764
HIP,22756,6383,12,0.0049119661562144,0.0126091055572032
HIP,39487,6384,16,0.0009569893009029,0.0035157294478267
HIP,14731,6385,16,0.0043331831693649,0.0136031406000256
HIP,38131,6386,13,0.0041228639893233,0.0149679062888026
HIP,11354,6387,12,0.0100522795692086,0.0259073581546545
HIP,32053,6388,17,0.0096233738586306,0.0132429655641317
HIP,15748,6389,14,0.0086606880649924,0.0186705868691205
HIP,21735,6390,16,0.0114640574902296,0.0171341933310031
HIP,38013,6391,16,0.0063790520653128,0.0103067280724644
HIP,24690,6392,11,0.0162606593221426,0.060561154037714
HIP,6257,6393,16,0.0060121910646557,0.0147175472229719
HIP,10390,6394,19,0.0047787688672542,0.0125144207850098
HIP,14569,6395,13,0.0188596453517675,0.0346099771559238
HIP,8304,6396,10,0.0743373408913612,0.1587939113378524
HIP,48360,6397,11,0.0030307648703455,0.0093459449708461
HIP,46402,6398,16,0.0085061592981219,0.0132174063473939
HIP,44590,6399,11,0.0278531070798635,0.1217553243041038
HIP,30210,6400,13,0.0030239762272685,0.0106942877173423
HIP,8235,6401,14,0.0010419688187539,0.0180938709527254
HIP,5251,6402,18,0.0014105257578194,0.0144397551193833
HIP,16227,6403,12,0.0033967399504035,0.0121565498411655
HIP,14105,6404,13,0.0179394092410802,0.0330220982432365
HIP,44304,6405,5,0.0292061250656843,0.0663686022162437
HIP,20157,6406,18,0.0085097318515181,0.0186477452516555
HIP,23410,6407,19,0.0013203419512137,0.0041281464509665
HIP,41869,6408,11,0.0044153765775263,0.0139384558424353
HIP,26516,6409,12,0.0021972346585243,0.0073832655325531
HIP,41388,6410,14,0.0169699992984533,0.027876503765583
HIP,12727,6411,16,0.0046369661577045,0.0116668529808521
HIP,26162,6412,15,0.0140662770718336,0.0345812551677227
HIP,31488,6413,17,0.0095414649695158,0.0162656754255294
HIP,15260,6414,11,0.0176492799073457,0.0433063469827175
HIP,24913,6415,11,0.018154788762331,0.032670971006155
HIP,33156,6416,15,0.0285395290702581,0.0576714426279068
HIP,4918,6417,17,0.0103805819526314,0.0297387074679136
HIP,40125,6418,13,0.0076113902032375,0.0191923584789037
HIP,27776,6419,11,0.04226990416646,0.0650838911533355
HIP,20912,6420,12,0.0113961240276694,0.029942587018013
HIP,50070,6421,13,0.0124313859269022,0.0270408634096384
HIP,42168,6422,10,0.0018893951782956,0.0093104066327214
HIP,38558,6423,19,0.0005723785725422,0.0038045388646423
HIP,50264,6424,14,0.0043526994995772,0.0116274608299136
HIP,6212,6425,17,0.0170987620949745,0.0231034848839044
HIP,49423,6426,13,0.0090648988261818,0.0363928899168968
HIP,13237,6427,11,0.0054490584880113,0.0194362644106149
HIP,43402,6428,15,0.0037741570267826,0.0080360705032944
HIP,11239,6429,15,0.005782650783658,0.0110264755785465
HIP,31490,6430,11,0.0187551863491535,0.0338312275707721
HIP,23206,6431,13,0.0008560708374716,0.0061213728040456
HIP,16496,6432,12,0.0351959355175495,0.0973168984055519
HIP,33668,6433,16,0.0006105445791035,0.0025878548622131
HIP,35849,6434,15,0.0205693449825048,0.0392901003360748
HIP,25114,6435,15,0.0045702583156526,0.0126664526760578
HIP,36269,6436,14,0.0043204901739954,0.0122030554339289
HIP,23316,6437,17,0.0006543924100697,0.0036653322167694
HIP,12743,6438,11,0.0078140487894415,0.0212934222072362
HIP,48115,6439,17,0.0005719873006455,0.0112943686544895
HIP,42721,6440,15,0.0036556874401867,0.0095436163246631
HIP,18637,6441,14,0.0080557540059089,0.0162408277392387
HIP,27983,6442,9,0.0035691345110535,0.0132616329938173
HIP,3037,6443,17,0.003439615946263,0.0147956870496273
HIP,28780,6444,10,0.0143712824210524,0.0435312651097774
HIP,8830,6445,13,0.0017840889049693,0.008800278417766
HIP,28434,6446,17,0.0047671743668615,0.0148422503843903
HIP,42507,6447,11,0.0137913450598716,0.0311580821871757
HIP,43970,6448,11,0.0192375630140304,0.0508248955011367
HIP,47928,6449,16,0.0034669968299567,0.0103401076048612
HIP,16141,6450,12,0.0021007214672863,0.0101462956517934
HIP,39482,6451,16,0.0183135792613029,0.0322397351264953
HIP,47041,6452,16,0.0095095820724964,0.0147811146453022
HIP,8993,6453,15,0.0110876718536019,0.0484053082764148
HIP,34177,6454,16,0.0056201512925326,0.0309675931930542
HIP,10383,6455,15,0.0031547758262604,0.0631278455257415
HIP,14991,6456,16,0.0012038650456815,0.014737294986844
HIP,19760,6457,12,0.0053635835647583,0.0182679370045661
HIP,31813,6458,17,0.0006061740568839,0.0141717717051506
HIP,31834,6459,16,0.0049169640988111,0.0119660617783665
HIP,29316,6460,8,0.0015248672571033,0.0085611473768949
HIP,12255,6461,16,0.0111195808276534,0.0231686662882566
HIP,45811,6462,13,0.0072811148129403,0.0174237601459026
HIP,17052,6463,11,0.0086612775921821,0.0238796398043632
HIP,27917,6464,9,0.0083871576935052,0.033887080848217
HIP,27214,6465,12,0.000528783770278,0.0035076318308711
HIP,24330,6466,11,0.0041674715466797,0.0135639533400535
HIP,7572,6467,12,0.0264614280313253,0.0580859705805778
HIP,25769,6468,14,0.0018026862526312,0.0063869701698422
HIP,30671,6469,17,0.0022062910720705,0.0058412626385688
HIP,32464,6470,11,0.0024346092250198,0.0097506446763873
HIP,35850,6471,14,0.0022012433037161,0.012460796162486
HIP,34010,6472,10,0.0009446421172469,0.0143958125263452
HIP,30360,6473,9,0.0082884198054671,0.0177418608218431
HIP,36019,6474,8,0.0235059484839439,0.0647213533520698
HIP,3006,6475,9,0.0064314045011997,0.0258068554103374
HIP,46371,6476,10,0.0195626411586999,0.0545007511973381
HIP,8713,6477,13,0.0007977540954016,0.0175083242356777
HIP,10134,6478,12,0.0128594487905502,0.0344802290201187
HIP,28537,6479,15,0.003329764585942,0.0120466332882642
HIP,7214,6480,16,0.0106714814901351,0.0278439167886972
HIP,43113,6481,13,0.0367917530238628,0.0847234949469566
HIP,43231,6482,17,0.0019170037703588,0.0088926181197166
HIP,19821,6483,17,0.0014116626698523,0.0047678584232926
HIP,42582,6484,16,0.0042277472093701,0.0085420757532119
HIP,36227,6485,10,0.0026523622218519,0.0218373816460371
HIP,45429,6486,11,0.0012516684364527,0.0055918311700224
HIP,39259,6487,14,0.0004746586782857,0.0026896954514086
HIP,25270,6488,19,0.0012534689158201,0.0056766406632959
HIP,42081,6489,10,0.0051605850458145,0.0322048738598823
HIP,40952,6490,21,0.0028383417520672,0.0745248645544052
HIP,20333,6491,13,0.01081158593297,0.021876199170947
HIP,7053,6492,14,0.0013639767421409,0.0104162422940135
HIP,18598,6493,19,0.0038703873287886,0.0078419242054224
HIP,9790,6494,13,0.0118951620534062,0.0305939931422472
HIP,32664,6495,17,0.0067279054783284,0.0295310709625482
HIP,44513,6496,15,0.0073605393990874,0.0136027680709958
HIP,45708,6497,15,0.0013156635686755,0.0059321387670934
HIP,39177,6498,10,0.013283853419125,0.0475540496408939
HIP,27743,6499,13,0.0131005933508276,0.0268943086266517
HIP,7891,6500,17,0.00135096849408,0.0048521729186177
HIP,38480,6501,13,0.0022177032660692,0.0067460634745657
HIP,12172,6502,14,0.0344999991357326,0.0785661563277244
HIP,44530,6503,11,0.0018229645211249,0.0154876336455345
HIP,39672,6504,13,0.0069358013570308,0.0267572440207004
HIP,12154,6505,18,0.0010238093091174,0.0026325930375605
HIP,24135,6506,19,0.0139693357050418,0.0192373469471931
HIP,47375,6507,17,0.0024842768907546,0.0054103406146168
HIP,17960,6508,13,0.0017754697473719,0.0059680896811187
HIP,29708,6509,18,0.0021029238123446,0.0108173917979002
HIP,907,6510,14,0.0113499546423554,0.0268657859414815
HIP,19550,6511,13,0.0010924040107056,0.0060756956227123
HIP,23933,6512,14,0.0087406691163778,0.0228303391486406
HIP,4419,6513,15,0.0539621785283088,0.1068406850099563
HIP,50540,6514,15,0.0036301070358604,0.0088211884722113
HIP,49471,6515,18,0.0038319083396345,0.0132409408688545
HIP,28512,6516,14,0.0046985638327896,0.0117266392335295
HIP,37997,6517,16,0.0040857451967895,0.0126952398568391
HIP,24154,6518,14,0.0022959655616432,0.0075791794806718
HIP,18566,6519,14,0.0026569797191768,0.0087205460295081
HIP,12134,6520,10,0.0187933892011642,0.0618247352540493
HIP,33549,6521,9,0.0110307252034544,0.0367032811045646
HIP,15674,6522,12,0.0070792553015053,0.0170846283435821
HIP,22713,6523,13,0.0126793524250388,0.036803726106882
HIP,42992,6524,16,0.0045625227503478,0.0117189036682248
HIP,42254,6525,17,0.002932887757197,0.0078718187287449
HIP,26278,6526,18,0.0047136456705629,0.0149506200104951
HIP,27945,6527,17,0.0087593626230955,0.0153377298265695
HIP,34092,6528,16,0.0036617498844861,0.0073182168416678
HIP,31200,6529,16,0.0006270660087466,0.0062509207054972
HIP,7154,6530,14,0.0073323394171893,0.0157201029360294
HIP,21792,6531,14,0.0095339473336935,0.0249709878116846
HIP,730,6532,15,0.0031444875057786,0.0095261875540018
HIP,9981,6533,17,0.0060663782060146,0.0534790232777595
HIP,2270,6534,14,0.0057888040319085,0.0137796839699149
HIP,8362,6535,11,0.0030624682549387,0.0077869957312941
HIP,4072,6536,13,0.0121101140975952,0.0285638272762298
HIP,18177,6537,19,0.0039421939291059,0.0101029630750417
HIP,6001,6538,13,0.0030000412371009,0.0083547262474894
HIP,49975,6539,11,0.0093701034784317,0.0272373966872692
HIP,7031,6540,16,0.0038262724410742,0.0098065258935093
HIP,25475,6541,13,0.0053255045786499,0.0185218062251806
HIP,25028,6542,17,0.0077220695093274,0.0131115969270467
HIP,46176,6543,17,0.0014053067425265,0.0063470643945038
HIP,15719,6544,10,0.005769174080342,0.016703613102436
HIP,36360,6545,8,0.0096069872379302,0.0380469225347042
HIP,6224,6546,10,0.0011108058970421,0.0059144026599824
HIP,34124,6547,18,0.005806490778923,0.0160149298608303
HIP,28004,6548,11,0.0083550130948424,0.0226056892424821
HIP,9198,6549,15,0.0115720247849822,0.0213866289705038
HIP,47072,6550,19,0.0014454696793109,0.0060892100445926
HIP,44891,6551,9,0.0163494199514389,0.0339815393090248
HIP,42279,6552,12,0.0011338340118527,0.0096239363774657
HIP,30996,6553,12,0.0040984456427395,0.0175980199128389
HIP,26378,6554,12,0.0150333084166049,0.036776777356863
HIP,25029,6555,16,0.0048316828906536,0.0110562480986118
HIP,35662,6556,10,0.0016781961312517,0.0090351700782775
HIP,38970,6557,11,0.0099959149956703,0.031455174088478
HIP,19780,6558,17,0.0223366618156433,0.0445023365318775
HIP,45195,6559,15,0.0010196012444794,0.0042537455447018
HIP,33617,6560,17,0.0023416583426296,0.0056124273687601
HIP,47203,6561,19,0.0015731316525489,0.0040917298756539
HIP,19444,6562,14,0.0010880042100325,0.0041794055141508
HIP,38029,6563,16,0.0035648620687425,0.0233716908842325
HIP,40165,6564,17,0.019337460398674,0.0252799466252326
HIP,19175,6565,11,0.0125892823562026,0.0344266705214977
HIP,21346,6566,15,0.0055735842324793,0.0199581384658813
HIP,28023,6567,16,0.0425432994961738,0.0552588030695915
HIP,11138,6568,13,0.0126354172825813,0.0278257168829441
HIP,39939,6569,15,0.0054809087887406,0.0152427889406681
HIP,30448,6570,14,0.0033268979750573,0.0135805448517203
HIP,15715,6571,15,0.009230556897819,0.0222049038857221
HIP,5331,6572,13,0.0017069979803636,0.0050533446483314
HIP,6453,6573,13,0.0010063597001135,0.0312071852385997
HIP,18159,6574,16,0.0009956192225217,0.003563676495105
HIP,33760,6575,14,0.0592146515846252,0.0999059379100799
HIP,44958,6576,16,0.0087213171645998,0.015800716355443
HIP,21172,6577,11,0.0016502977814525,0.0042417254298925
HIP,15989,6578,10,0.0064712618477642,0.0207791607826948
HIP,37435,6579,13,0.0260369013994932,0.0840759724378585
HIP,4833,6580,20,0.0031650993041694,0.0173194464296102
HIP,49405,6581,14,0.0033131428062915,0.0080263996496796
HIP,41245,6582,6,0.0059350780211389,0.1641800701618194
HIP,6262,6583,7,0.0116963004693388,0.0387980937957763
HIP,35447,6584,11,0.0046004983596503,0.0140208322554826
HIP,38977,6585,14,0.003630799241364,0.005982348229736
HIP,32118,6586,13,0.0089405653998255,0.0393193289637565
HIP,12433,6587,14,0.0035870834253728,0.009467614814639
HIP,10623,6588,17,0.0097432453185319,0.0178239438682794
HIP,40926,6589,14,0.0009139967150986,0.0041510472074151
HIP,19089,6590,13,0.0119155654683709,0.0259474571794271
HIP,36503,6591,16,0.0032401834614574,0.0080711068585515
HIP,42628,6592,11,0.0105686224997043,0.0487859062850475
HIP,352,6593,9,0.0032376002054661,0.0120944809168577
HIP,40958,6594,12,0.0188076831400394,0.0424505472183227
HIP,5537,6595,13,0.0026037178467959,0.007548538967967
HIP,2588,6596,12,0.0159308072179555,0.0475633405148983
HIP,34000,6597,14,0.0117615070194005,0.023924445733428
HIP,25366,6598,17,0.0075863930396735,0.0156149771064519
HIP,38383,6599,17,0.0039593023248016,0.0098618390038609
HIP,12394,6600,13,0.0051756286993622,0.0114129241555929
HIP,49637,6601,16,0.0037140301428735,0.0133331101387739
HIP,25391,6602,17,0.0013728966005146,0.0048104804009199
HIP,26376,6603,19,0.0243548117578029,0.0347222797572612
HIP,21974,6604,13,0.0260761864483356,0.0594101026654243
HIP,46740,6605,14,0.0066956356167793,0.0141236446797847
HIP,46722,6606,15,0.0122940745204687,0.0276967696845531
HIP,36354,6607,15,0.0010019794572144,0.0029602767899632
HIP,10014,6608,13,0.0037554181180894,0.0235839914530515
HIP,48335,6609,12,0.0121428566053509,0.027929700911045
HIP,20883,6610,12,0.0095073031261563,0.0278754886239767
HIP,809,6611,14,0.0061477976851165,0.0141841899603605
HIP,20715,6612,16,0.0130429659038782,0.0398029498755931
HIP,24082,6613,14,0.0019081840291619,0.0086760874837636
HIP,27056,6614,16,0.0051036085933446,0.0124820312485098
HIP,27926,6615,10,0.0024398854002356,0.0110046816989779
HIP,17041,6616,14,0.0021896583493798,0.0081837261095643
HIP,28594,6617,13,0.0027613996062427,0.0107120443135499
HIP,2013,6618,17,0.0012054124381393,0.0047320295125246
HIP,37996,6619,19,0.0007558554643765,0.0054723774082958
HIP,14863,6620,9,0.0115230027586221,0.0554782785475254
HIP,26008,6621,14,0.0178412962704896,0.0369040817022323
HIP,26469,6622,14,0.0074654472991824,0.0120614496991038
HIP,25353,6623,16,0.0029973916243761,0.0078738518059253
HIP,27114,6624,14,0.0079357093200087,0.0158378146588802
HIP,18793,6625,11,0.0013217777013778,0.0063758064061403
HIP,23364,6626,14,0.0012186814565211,0.0090415906161069
HIP,39029,6627,17,0.0013013189891353,0.0050862585194408
HIP,22086,6628,15,0.0013693097280338,0.0051655885763466
HIP,32963,6629,13,0.0107197863981127,0.0212914943695068
HIP,19947,6630,11,0.003833370283246,0.0126496432349085
HIP,38417,6631,12,0.0231897421181201,0.0401649363338947
HIP,9540,6632,16,0.0032819877378642,0.0077072563581168
HIP,18552,6633,14,0.0032305696513503,0.0096395974978804
HIP,94,6634,12,0.0114348959177732,0.0229117628186941
HIP,33171,6635,14,0.0005325000383891,0.0030396070796996
HIP,31767,6636,14,0.0052877445705235,0.0340953059494495
HIP,46671,6637,13,0.0167855806648731,0.038893524557352
HIP,35202,6638,13,0.0020493001211434,0.0084437960758805
HIP,871,6639,15,0.0021864634472876,0.0069432221353054
HIP,38882,6640,15,0.0160084515810012,0.0456681102514267
HIP,42147,6641,13,0.0084303896874189,0.017790438607335
HIP,7942,6642,13,0.001292965025641,0.0055055599659681
HIP,35790,6643,18,0.0013136565685272,0.0043958988972008
HIP,15107,6644,12,0.0013554764445871,0.006364298518747
HIP,40551,6645,15,0.0083148945122957,0.0250580180436372
HIP,38467,6646,13,0.0149170709773898,0.0385684631764888
HIP,32264,6647,13,0.0010451602283865,0.003238255623728
HIP,45124,6648,9,0.0117251276969909,0.0357579477131366
HIP,8347,6649,17,0.0101478174328804,0.0177642703056335
HIP,274,6650,12,0.0344799980521202,0.0788764283061027
HIP,8293,6651,11,0.0121133597567677,0.0273909512907266
HIP,3185,6652,15,0.0077062500640749,0.0155897010117769
HIP,20624,6653,10,0.0150134274736046,0.0678456500172615
HIP,44619,6654,12,0.0189575795084238,0.0446856245398521
HIP,45984,6655,14,0.0095101865008473,0.0200807936489582
HIP,15756,6656,14,0.0087469043210148,0.0191754028201103
HIP,44804,6657,11,0.0302889756858348,0.0757022723555564
HIP,43972,6658,11,0.0089986948296427,0.0333478227257728
HIP,42917,6659,14,0.0047768573276698,0.0142670823261141
HIP,4501,6660,9,0.0011328370310366,0.0065433080308139
HIP,35620,6661,16,0.0007459468906745,0.0024825348518788
HIP,7632,6662,15,0.0010759150609374,0.0055749784223735
HIP,28977,6663,10,0.0140329003334045,0.0473780818283557
HIP,7314,6664,13,0.0026849631685763,0.0098530817776918
HIP,49256,6665,14,0.031787022948265,0.1012993901968002
HIP,24780,6666,14,0.0018763124244287,0.009392574429512
HIP,21381,6667,16,0.0088314106687903,0.017024690285325
HIP,14295,6668,12,0.0187379922717809,0.0517556704580783
HIP,3993,6669,12,0.0379105545580387,0.0825720727443695
HIP,12904,6670,14,0.0008561554714106,0.0045641674660146
HIP,26196,6671,16,0.0043488228693604,0.0142187708988785
HIP,33188,6672,14,0.0032021410297602,0.0088922958821058
HIP,10809,6673,17,0.0007541910163126,0.0053078858181834
HIP,22418,6674,14,0.001935212756507,0.0089298347011208
HIP,45524,6675,13,0.0049449205398559,0.0121281081810593
HIP,21750,6676,12,0.0029640959110111,0.0123350480571389
HIP,25699,6677,11,0.142841637134552,0.2565408051013946
HIP,41971,6678,16,0.0043158009648323,0.0127346357330679
HIP,31041,6679,14,0.0130750080570578,0.0344104468822479
HIP,1740,6680,15,0.0202629882842302,0.0444871261715889
HIP,2253,6681,10,0.0274863727390766,0.0668750628829002
HIP,39608,6682,16,0.0038838111795485,0.0089455675333738
HIP,47177,6683,19,0.0005704570212401,0.0036814198829233
HIP,45937,6684,12,0.0057235285639762,0.0177788212895393
HIP,13680,6685,16,0.0012615479063242,0.0097911516204476
HIP,2975,6686,11,0.0325465723872184,0.0429602079093456
HIP,20923,6687,11,0.0031859618611633,0.0096412478014826
HIP,23693,6688,12,0.0201814118772745,0.0498808622360229
HIP,22073,6689,13,0.0120010012760758,0.0354386009275913
HIP,37356,6690,16,0.0024140449240803,0.0066836224868893
HIP,15246,6691,16,0.006831036414951,0.0151914888992905
HIP,26617,6692,21,0.0017418098868802,0.0050196712836623
HIP,21510,6693,14,0.0010906148236244,0.0072717959992587
HIP,30523,6694,8,0.0021093608811497,0.0177915170788764
HIP,3821,6695,16,0.0007562889950349,0.0029605138115584
HIP,44154,6696,12,0.0605167932808399,0.0706300139427185
HIP,29739,6697,16,0.0008195911068469,0.0030333632603287
HIP,33715,6698,16,0.0170338787138462,0.0277146641165018
HIP,11702,6699,12,0.0063712075352668,0.0195851437747478
HIP,42550,6700,14,0.0032768484670668,0.01134077552706
HIP,25340,6701,16,0.0042170593515038,0.0140273096039891
HIP,29325,6702,17,0.0056311660446226,0.0127428285777568
HIP,32369,6703,11,0.003757886821404,0.0116973305121064
HIP,36519,6704,13,0.0007287350599654,0.0050172763876616
HIP,37236,6705,13,0.0055760461837053,0.0224550981074571
HIP,42373,6706,16,0.0274534523487091,0.0358414761722087
HIP,15132,6707,8,0.0048748385161161,0.0305248759686946
HIP,47698,6708,14,0.0035829623229801,0.0255607180297374
HIP,2465,6709,15,0.0006904551992192,0.0059342090971767
HIP,33850,6710,14,0.001296506030485,0.0046731350012123
HIP,3455,6711,5,0.0321237817406654,0.0775104686617851
HIP,31585,6712,11,0.0045698182657361,0.0399766750633716
HIP,19677,6713,19,0.0122327310964465,0.0339525677263736
HIP,7605,6714,11,0.0164952464401721,0.0370921455323696
HIP,2621,6715,10,0.0181063488125801,0.0732623636722564
HIP,33301,6716,19,0.0039070472121238,0.0086583420634269
HIP,48117,6717,15,0.01024482678622,0.0182662066072225
HIP,47695,6718,12,0.0111221522092819,0.0338309034705162
HIP,5906,6719,12,0.008816035464406,0.0275541525334119
HIP,7107,6720,15,0.0084713725373148,0.0206019952893257
HIP,21379,6721,14,0.0082398755475878,0.0200748797506093
HIP,8497,6722,21,0.0047015734016895,0.0101906424388289
HIP,44949,6723,12,0.0083755804225802,0.0159647222608327
HIP,21761,6724,13,0.0177646335214376,0.0646375939249992
HIP,42652,6725,14,0.0020161655265837,0.0072693563997745
HIP,3267,6726,14,0.0071721388958394,0.0167289990931749
HIP,20502,6727,17,0.0043324218131601,0.0094171119853854
HIP,13933,6728,17,0.0045546456240117,0.0125113930553197
HIP,40961,6729,10,0.0059199933893978,0.0220658611506223
HIP,42381,6730,10,0.0088650612160563,0.022348353639245
HIP,6631,6731,17,0.0008866086718626,0.0040050577372312
HIP,11532,6732,11,0.0016367103671655,0.0292055122554302
HIP,26562,6733,11,0.0071901367045938,0.0406370051205158
HIP,16734,6734,13,0.0104594202712178,0.0596205070614814
HIP,50522,6735,17,0.0065823099575936,0.0277817603200674
HIP,18359,6736,16,0.0071476730518043,0.0165580213069915
HIP,20013,6737,13,0.0121744684875011,0.0225639306008815
HIP,3008,6738,13,0.0046589537523686,0.0208824630826711
HIP,21620,6739,18,0.0022942887153476,0.0094204135239124
HIP,12040,6740,12,0.0306637324392795,0.0627878606319427
HIP,4848,6741,15,0.0047412705607712,0.0122715514153242
HIP,6486,6742,18,0.0015998501330614,0.005744453985244
HIP,13939,6743,13,0.0014946010196581,0.0047005331143736
HIP,16249,6744,13,0.0016346159391105,0.0074792904779314
HIP,27475,6745,14,0.0052965134382247,0.0110344495624303
HIP,11342,6746,9,0.0138087160885334,0.0574829839169979
HIP,49734,6747,18,0.0021743807010352,0.0045943711884319
HIP,26218,6748,15,0.0039795297197997,0.0112547865137457
HIP,34889,6749,10,0.0026269673835486,0.0107926968485116
HIP,24111,6750,15,0.0009816845413297,0.0055544627830386
HIP,31823,6751,13,0.0170202124863863,0.1391150802373886
HIP,47930,6752,15,0.0031876710709184,0.0109512219205498
HIP,15972,6753,13,0.0022483342327177,0.0090531585738062
HIP,38587,6754,12,0.0079072555527091,0.0215965509414672
HIP,44677,6755,18,0.0025653303600847,0.0200469307601451
HIP,19527,6756,11,0.0084632784128189,0.0250547006726264
HIP,24984,6757,16,0.0077445856295526,0.0224946234375238
HIP,21100,6758,15,0.0033209873363375,0.0085009504109621
HIP,48141,6759,12,0.0287992749363183,0.1043855920433998
HIP,47579,6760,14,0.0005974626983515,0.0029749125242233
HIP,33766,6761,12,0.0313606075942516,0.0601253174245357
HIP,9517,6762,10,0.0295065212994813,0.083901435136795
HIP,31957,6763,12,0.0012197905452921,0.005720926914364
HIP,8284,6764,10,0.0230201687663793,0.0677841231226921
HIP,17611,6765,12,0.0092372428625822,0.0242070481181144
HIP,14294,6766,12,0.026427112519741,0.0744144469499588
HIP,16011,6767,16,0.0080985398963093,0.0125234583392739
HIP,32457,6768,17,0.0142748290672898,0.0248348899185657
HIP,46440,6769,17,0.0009458640706725,0.004383678548038
HIP,4806,6770,11,0.0097181349992752,0.0259924754500389
HIP,46677,6771,11,0.0085018193349242,0.0203560553491115
HIP,43774,6772,14,0.0041694161482155,0.0099706016480922
HIP,20026,6773,5,0.0159840062260627,0.0977309942245483
HIP,5371,6774,11,0.0087659787386655,0.0470876693725585
HIP,38667,6775,13,0.0141054149717092,0.0404088050127029
HIP,7347,6776,19,0.0020636867266148,0.0652639716863632
HIP,18186,6777,19,0.0009179970365948,0.004320743959397
HIP,24837,6778,15,0.0009899240685626,0.0098770977929234
HIP,3540,6779,15,0.001182589912787,0.0064152423292398
HIP,43617,6780,18,0.0217030979692935,0.0261696316301822
HIP,32747,6781,14,0.0070778457447886,0.0112219499424099
HIP,13791,6782,11,0.0209167543798685,0.0488737933337688
HIP,23481,6783,11,0.0072511788457632,0.0205149017274379
HIP,38990,6784,16,0.003679848043248,0.0108368219807744
HIP,26073,6785,11,0.0075535587966442,0.0225697141140699
HIP,40157,6786,12,0.0243674796074628,0.048541784286499
HIP,26757,6787,16,0.0029136552475392,0.0059356070123612
HIP,246,6788,11,0.002005242742598,0.007429112214595
HIP,50637,6789,14,0.0048117293044924,0.0144600253552198
HIP,35033,6790,10,0.0041779051534831,0.0140165481716394
HIP,2977,6791,11,0.0049343286082148,0.0143960891291499
HIP,11325,6792,10,0.0019521721405908,0.0063501107506453
HIP,46998,6793,13,0.0123476758599281,0.0358199141919612
HIP,38779,6794,14,0.001728375791572,0.0241230279207229
HIP,36957,6795,15,0.0076189506798982,0.0194397289305925
HIP,49766,6796,16,0.0765643045306205,0.0947379916906356
HIP,36635,6797,13,0.0007782229804433,0.0049295360222458
HIP,216,6798,12,0.007486033719033,0.046723686158657
HIP,50674,6799,15,0.0072176707908511,0.015768639743328
HIP,28199,6800,18,0.0125711755827069,0.0250282082706689
HIP,16303,6801,17,0.0061599258333444,0.0271891374140977
HIP,23473,6802,14,0.0038619730621576,0.0060827187262475
HIP,41093,6803,16,0.0013379309093579,0.0039530009962618
HIP,17255,6804,11,0.028978981077671,0.0614102855324745
HIP,1451,6805,19,0.0023311388213187,0.0054299561306834
HIP,37152,6806,16,0.0012666924158111,0.027461664751172
HIP,7159,6807,17,0.002782626543194,0.0094529939815402
HIP,37254,6808,8,0.0191835146397352,0.0209249146282672
HIP,1848,6809,13,0.006627133116126,0.0153395207598805
HIP,11721,6810,13,0.0016566964332014,0.0089963916689157
HIP,8176,6811,14,0.0078077418729662,0.02044546790421
HIP,18533,6812,11,0.0067998119629919,0.0195681564509868
HIP,42636,6813,15,0.0106975873932242,0.0325975865125656
HIP,5493,6814,15,0.0010354600381106,0.0059077502228319
HIP,35449,6815,11,0.012718210928142,0.0353057086467742
HIP,14682,6816,17,0.0034860335290431,0.0110544869676232
HIP,33853,6817,15,0.0027975894045084,0.0110099976882338
HIP,25968,6818,14,0.0049339435063302,0.0153825785964727
HIP,25398,6819,15,0.0021716824267059,0.0070347618311643
HIP,38200,6820,12,0.0186679158359766,0.0515043139457702
HIP,45243,6821,11,0.0032094654161483,0.0124457543715834
HIP,15828,6822,12,0.003626728663221,0.0097328694537281
HIP,41785,6823,17,0.0074562649242579,0.0129498103633522
HIP,9515,6824,16,0.0027469000779092,0.008631301112473
HIP,46751,6825,16,0.0058351000770926,0.0124871544539928
HIP,47254,6826,10,0.0060899113304913,0.0572112277150154
HIP,42293,6827,13,0.0021190440747886,0.0138181215152144
HIP,13390,6828,11,0.0084959091618657,0.0237637311220169
HIP,27972,6829,12,0.0018885611789301,0.0093004340305924
HIP,48920,6830,14,0.0037633408792316,0.0080851735547184
HIP,40308,6831,14,0.0135895386338233,0.0288275517523288
HIP,43830,6832,15,0.0137202413752675,0.0310110654681921
HIP,40656,6833,11,0.0007976346532814,0.007153027690947
HIP,37783,6834,12,0.0217012856155633,0.0417428985238075
HIP,13827,6835,15,0.0143557852134108,0.0260438844561576
HIP,465,6836,15,0.0134685253724455,0.0245597790926694
HIP,27402,6837,10,0.001018262701109,0.0066229063086211
HIP,34265,6838,16,0.0014044934650883,0.0056463656947016
HIP,44232,6839,15,0.0174893680959939,0.0394398719072341
HIP,49209,6840,14,0.0011200211010873,0.0175675358623266
HIP,15650,6841,14,0.0037165938410907,0.0085223540663719
HIP,33223,6842,9,0.0149798085913062,0.0421157926321029
HIP,33579,6843,15,0.0343158841133117,0.0626239031553268
HIP,31707,6844,12,0.0012001142604276,0.0046942895278334
HIP,40878,6845,18,0.0011563235893845,0.00353853427805
HIP,7983,6846,11,0.0086063742637634,0.0222601536661386
HIP,37809,6847,18,0.0029657483100891,0.0200893487781286
HIP,11154,6848,17,0.0004341150925029,0.0064421538263559
HIP,47271,6849,13,0.0012042125454172,0.0063578593544662
HIP,50514,6850,13,0.0069255707785487,0.0211491156369447
HIP,48091,6851,14,0.009319101460278,0.0200524628162384
HIP,35462,6852,10,0.0092894854024052,0.0310539100319147
HIP,7755,6853,17,0.0049477070569992,0.0084709990769624
HIP,17605,6854,14,0.0068187010474503,0.0199119504541158
HIP,25714,6855,15,0.0165324248373508,0.0596048831939697
HIP,44212,6856,13,0.0119229005649685,0.0294698067009449
HIP,37033,6857,15,0.0146809965372085,0.0341198109090328
HIP,42295,6858,12,0.000821987283416,0.0041052740998566
HIP,49714,6859,10,0.014799446798861,0.0363042131066322
HIP,45412,6860,10,0.0040564993396401,0.0117421885952353
HIP,48817,6861,15,0.0515221394598484,0.0611488223075866
HIP,34806,6862,12,0.0118360025808215,0.0277024134993553
HIP,24376,6863,14,0.0033603268675506,0.0065748123452067
HIP,57,6864,12,0.0037911045365035,0.0115889469161629
HIP,2954,6865,14,0.0048258062452077,0.0131169250234961
HIP,2170,6866,12,0.0009801156120374,0.0050684339366853
HIP,6339,6867,14,0.0108242593705654,0.0378907583653926
HIP,39965,6868,15,0.0045199287123978,0.0104128289967775
HIP,40801,6869,10,0.0044280090369284,0.0167068112641572
HIP,23424,6870,11,0.029845105484128,0.062703862786293
HIP,48951,6871,17,0.003861186793074,0.0072333230637013
HIP,25439,6872,12,0.0041859210468828,0.0095504773780703
HIP,37229,6873,8,0.0226976629346609,0.0711806938052177
HIP,15156,6874,15,0.0024930539075285,0.0073246341198682
HIP,44438,6875,12,0.0110112633556127,0.0203702915459871
HIP,28019,6876,13,0.0100306598469614,0.0231973733752965
HIP,29906,6877,11,0.0030972664244472,0.018166659399867
HIP,12775,6878,15,0.0009281560778617,0.0041370694525539
HIP,36998,6879,15,0.0085256928578019,0.0149054387584328
HIP,37306,6880,12,0.0038006433751434,0.0154583118855953
HIP,8179,6881,10,0.0269694179296493,0.0822050124406814
HIP,1915,6882,16,0.0117436870932579,0.0248594433069229
HIP,45399,6883,19,0.0016504420200362,0.0084503423422575
HIP,15238,6884,12,0.005743711721152,0.0135536594316363
HIP,7452,6885,12,0.0008476739749312,0.0041938940994441
HIP,19662,6886,15,0.0044638821855187,0.0085461577400565
HIP,33817,6887,11,0.0262793619185686,0.0449346043169498
HIP,34271,6888,10,0.0124226175248622,0.0386490523815155
HIP,31750,6889,14,0.043910227715969,0.074360579252243
HIP,41913,6890,16,0.0057470025494694,0.0161733422428369
HIP,50774,6891,13,0.0065043582580983,0.0122640253975987
HIP,48060,6892,13,0.005443359259516,0.0337513089179992
HIP,7872,6893,15,0.0017476790817454,0.0390294753015041
HIP,24789,6894,14,0.0418101549148559,0.0631536692380905
HIP,47793,6895,15,0.0042946790345013,0.0297960340976715
HIP,24392,6896,11,0.0017141689313575,0.0105484696105122
HIP,33158,6897,15,0.0125460335984826,0.0205707736313343
HIP,44282,6898,12,0.0015859827399253,0.0053745270706713
HIP,15200,6899,19,0.0058547384105622,0.0126283736899495
HIP,25894,6900,15,0.0010060786735266,0.0079134814441204
HIP,32489,6901,15,0.0170026756823062,0.0285409316420555
HIP,41339,6902,12,0.0040140482597053,0.0099774822592735
HIP,6144,6903,12,0.0065224072895944,0.0146667324006557
HIP,612,6904,11,0.0039482456631958,0.0109196649864315
HIP,32133,6905,14,0.0029266255442053,0.0069816117174923
HIP,49627,6906,10,0.1018739268183708,0.2266025245189666
HIP,6923,6907,10,0.00177614367567,0.0184098687022924
HIP,14706,6908,16,0.0036864401772618,0.0100401528179645
HIP,12229,6909,19,0.0032293978147208,0.0090558966621756
HIP,39650,6910,11,0.0054193413816392,0.0170123614370822
HIP,32396,6911,13,0.0047025419771671,0.0298950430005788
HIP,12728,6912,14,0.0023063898552209,0.0090279411524534
HIP,32272,6913,16,0.0032647491898387,0.008421704173088
HIP,35206,6914,16,0.0019486880628392,0.0047630378976464
HIP,24696,6915,14,0.0282790474593639,0.0824197083711624
HIP,49922,6916,14,0.0039485627785325,0.0057646860368549
HIP,14494,6917,13,0.0014273602282628,0.0077081001363694
HIP,15258,6918,14,0.0034596424084156,0.0104885688051581
HIP,10335,6919,16,0.0088914614170789,0.0153643386438488
HIP,14553,6920,16,0.0012550508836284,0.0052293590269982
HIP,32913,6921,19,0.0048016146756708,0.0102402102202177
HIP,44392,6922,10,0.0059646698646247,0.0206122063100337
HIP,36054,6923,14,0.00496810907498,0.0135775581002235
HIP,8955,6924,12,0.0030340044759213,0.0089648654684424
HIP,31240,6925,12,0.009753605350852,0.0298436358571052
HIP,43761,6926,13,0.0072503350675106,0.018128041177988
HIP,17444,6927,19,0.0023789268452674,0.0050893602892756
HIP,48494,6928,16,0.0010508163832128,0.00360684026964
HIP,193,6929,17,0.0091811036691069,0.0179868172854185
HIP,27499,6930,15,0.0019867899827659,0.0062224501743912
HIP,21907,6931,13,0.0099653676152229,0.0208604671061038
HIP,2961,6932,14,0.0151319336146116,0.0403820052742958
HIP,26381,6933,11,0.0039255577139556,0.0084546338766813
HIP,35186,6934,12,0.0358131416141986,0.077507846057415
HIP,32550,6935,13,0.0011823404347524,0.0049183149822056
HIP,10784,6936,18,0.0115804970264434,0.0241509787738323
HIP,43959,6937,19,0.0021124053746461,0.067367285490036
HIP,13681,6938,13,0.0133473919704556,0.0270830076187849
HIP,34212,6939,14,0.0005210592644289,0.0037885680794715
HIP,45231,6940,5,0.00289140897803,0.0309970546513795
HIP,3470,6941,15,0.0018618914764374,0.0066667865030467
HIP,16645,6942,5,0.0026253622490912,0.013190341182053
HIP,29789,6943,19,0.0006658193306066,0.0045466101728379
HIP,46362,6944,12,0.0291348658502101,0.0354485176503658
HIP,37103,6945,11,0.0053119235672056,0.0260833594948053
HIP,30116,6946,15,0.0017033948097378,0.0056626484729349
HIP,8942,6947,12,0.0019946072716265,0.0087869213894009
HIP,31983,6948,16,0.0039550694637,0.0102271484211087
HIP,34431,6949,15,0.0006070678355172,0.0026850358117371
HIP,48277,6950,15,0.0050446768291294,0.0112181352451443
HIP,23618,6951,15,0.0019558910280466,0.0067546288482844
HIP,4991,6952,16,0.006022117100656,0.0145782129839062
HIP,14679,6953,15,0.0012865527532994,0.0045818430371582
HIP,19522,6954,15,0.0106194568797945,0.0977790430188179
HIP,2650,6955,13,0.0374905616044998,0.0587391220033168
HIP,13875,6956,12,0.0116271097213029,0.0327121168375015
HIP,49738,6957,17,0.0220647007226943,0.0358336418867111
HIP,19073,6958,15,0.0030324896797537,0.0072591328062117
HIP,31737,6959,10,0.0591805502772331,0.1192036047577858
HIP,1549,6960,13,0.0129239009693264,0.0286770444363355
HIP,43552,6961,12,0.0041795433498919,0.0113386493176221
HIP,13470,6962,13,0.0089255692437291,0.0219065174460411
HIP,31602,6963,15,0.0016003559576347,0.0053777359426021
HIP,48241,6964,12,0.0020040704403072,0.008682326413691
HIP,43174,6965,14,0.0012137060984969,0.0171343386173248
HIP,30683,6966,19,0.0013349568471312,0.0039012981578707
HIP,40031,6967,17,0.0011523179709911,0.0041625476442277
HIP,43189,6968,15,0.0356056317687034,0.0632502511143684
HIP,33977,6969,17,0.0007783370092511,0.0070646647363901
HIP,8571,6970,12,0.0064774388447403,0.0194908212870359
HIP,11579,6971,6,0.0760862603783607,0.2864516079425812
HIP,20259,6972,15,0.0603643171489238,0.0827450156211853
HIP,35735,6973,13,0.003989434801042,0.0183639619499444
HIP,45109,6974,13,0.0072740730829536,0.0191632620990276
HIP,31319,6975,12,0.0009051673114299,0.0052490555681288
HIP,47539,6976,12,0.0468180850148201,0.0696170702576637
HIP,35122,6977,14,0.0017037543002516,0.0071836998686194
HIP,15743,6978,10,0.008483849465847,0.0274817645549774
HIP,45087,6979,16,0.0082433093339204,0.0181299615651369
HIP,18593,6980,7,0.0063851159065961,0.0247823484241962
HIP,32689,6981,16,0.0080914609134197,0.0141914123669266
HIP,27057,6982,14,0.0048942980356514,0.0112675065174698
HIP,46212,6983,14,0.0024837891105562,0.0158617924898862
HIP,42763,6984,10,0.0227339658886194,0.0819151774048805
HIP,49872,6985,15,0.0004942424129694,0.0029040041845291
HIP,46845,6986,13,0.0070596612058579,0.0177608598023653
HIP,10385,6987,15,0.0118686277419328,0.048586681485176
HIP,31529,6988,13,0.0054331575520336,0.0139014469459652
HIP,36724,6989,19,0.0044557722285389,0.0067480085417628
HIP,33090,6990,8,0.0081834141165018,0.0371587164700031
HIP,23434,6991,16,0.001540352939628,0.0043038385920226
HIP,47544,6992,14,0.0026824681553989,0.0063428306020796
HIP,16311,6993,13,0.0063155624084174,0.0241502281278371
HIP,2506,6994,16,0.0128894746303558,0.0285348165780305
HIP,3115,6995,13,0.0036868911702185,0.0118043813854455
HIP,27539,6996,16,0.0059804185293614,0.022446421906352
HIP,40862,6997,16,0.005628177896142,0.0123823033645749
HIP,12104,6998,17,0.0030194749124348,0.0062594823539257
HIP,32052,6999,12,0.0044696698896586,0.0162204876542091
HIP,3137,7000,14,0.0068457801826298,0.0166473966091871
HIP,48155,7001,10,0.0638256967067718,0.0813698098063469
HIP,24460,7002,13,0.0134066455066204,0.0268665105104446
HIP,27640,7003,17,0.0081832306459546,0.0157102961093187
HIP,3437,7004,18,0.0116204805672168,0.0210775807499885
HIP,26831,7005,13,0.0054523609578609,0.0255804173648357
HIP,40171,7006,10,0.0081965113058686,0.0268991850316524
HIP,8070,7007,12,0.0065886578522622,0.0235953871160745
HIP,15249,7008,12,0.0059421574696898,0.0139522785320878
HIP,13746,7009,16,0.0013430621474981,0.0047106659039855
HIP,47780,7010,13,0.0156675577163696,0.0350614972412586
HIP,37873,7011,13,0.0053524919785559,0.0126697998493909
HIP,45034,7012,13,0.0406405441462993,0.0764275938272476
HIP,30075,7013,12,0.0121300714090466,0.0319473668932914
HIP,49881,7014,21,0.0015362383564934,0.0094220684841275
HIP,45876,7015,16,0.0083535769954323,0.0241026915609836
HIP,3192,7016,13,0.0453772768378257,0.0858613774180412
HIP,48094,7017,14,0.0025111539289355,0.0086042024195194
HIP,35363,7018,14,0.0049133854918181,0.0169086083769798
HIP,14078,7019,15,0.0082357265055179,0.0300078112632036
HIP,50591,7020,15,0.0037148522678762,0.0103463744744658
HIP,264,7021,13,0.0020447571296244,0.0085521964356303
HIP,17956,7022,15,0.0064221336506307,0.0210931506007909
HIP,34950,7023,14,0.0047093820758163,0.0109974462538957
HIP,13354,7024,14,0.0011609308421611,0.0040283999405801
HIP,1454,7025,15,0.004528438206762,0.0108414618298411
HIP,25430,7026,13,0.0075463135726749,0.0189189575612545
HIP,1743,7027,18,0.0014774408191442,0.0095997778698802
HIP,11019,7028,16,0.0081894882023334,0.0852111056447029
HIP,44713,7029,21,0.0064413049258291,0.0126248896121978
HIP,14999,7030,12,0.0129381688311696,0.0276183430105447
HIP,10457,7031,14,0.0102693922817707,0.0398039780557155
HIP,44018,7032,16,0.0103693157434463,0.0192062929272651
HIP,1911,7033,14,0.0017829544376581,0.0076247560791671
HIP,6570,7034,14,0.0011399532668292,0.017514806240797
HIP,28556,7035,16,0.0055651608854532,0.0300663504749536
HIP,20653,7036,13,0.0055699744261801,0.0130771631374955
HIP,17738,7037,12,0.0009678010246716,0.0070375748910009
HIP,491,7038,16,0.0100087318569421,0.0150132048875093
HIP,127,7039,14,0.0036003913264721,0.0090144220739603
HIP,17381,7040,15,0.0041038114577531,0.0113643370568752
HIP,44008,7041,10,0.0011302107013761,0.0066156238317489
HIP,46595,7042,16,0.056070290505886,0.0571767874062061
HIP,47358,7043,8,0.0245898887515068,0.0685952678322792
HIP,43545,7044,16,0.0023760909680277,0.0067384811118245
HIP,47590,7045,15,0.003181466134265,0.0094655407592654
HIP,16923,7046,12,0.0113440817221999,0.0334517881274223
HIP,23113,7047,14,0.0034616221673786,0.011170451529324
HIP,1194,7048,15,0.0175449829548597,0.030720142647624
HIP,23106,7049,15,0.0039526806212961,0.0074910651892423
HIP,34024,7050,11,0.0067039313726127,0.0230404026806354
HIP,38895,7051,13,0.0113320210948586,0.0286309979856014
HIP,50526,7052,17,0.0041571469046175,0.0091122472658753
HIP,23902,7053,13,0.0029409055132418,0.0101869711652398
HIP,14683,7054,14,0.040390271693468,0.0634833723306655
HIP,49064,7055,16,0.0293222218751907,0.0437961965799331
HIP,22579,7056,8,0.0229044333100318,0.0438287742435932
HIP,21392,7057,19,0.0034473459236323,0.0655319020152092
HIP,12749,7058,14,0.0036014290526509,0.013934763148427
HIP,4920,7059,9,0.0120676197111606,0.0287331901490688
HIP,24699,7060,14,0.0030889979097992,0.0087760519236326
HIP,8928,7061,15,0.0059137637726962,0.0117871770635247
HIP,38035,7062,15,0.0074238367378711,0.0194277502596378
HIP,4944,7063,11,0.0048989593051373,0.0129876118153333
HIP,34285,7064,15,0.0043556075543165,0.016597855836153
HIP,2575,7065,10,0.0722285583615303,0.1640099734067917
HIP,45227,7066,16,0.0086338333785533,0.0194888785481452
HIP,27332,7067,14,0.0009212046279571,0.0050810747779905
HIP,38393,7068,14,0.0052294903434813,0.0276742782443761
HIP,24241,7069,15,0.0095429858192801,0.0239287428557872
HIP,37439,7070,17,0.0041602454148232,0.0116314925253391
HIP,9121,7071,13,0.0036421238910406,0.0267703179270029
HIP,5462,7072,21,0.0015391046181321,0.0650319829583168
HIP,6712,7073,13,0.0011897883377969,0.0053033493459224
HIP,5131,7074,9,0.0352656692266464,0.1269673407077789
HIP,2904,7075,16,0.0029715325217694,0.0085706748068332
HIP,18424,7076,9,0.0062342807650566,0.0748380795121193
HIP,8764,7077,14,0.024789897724986,0.042699497193098
HIP,41555,7078,13,0.001482798717916,0.0061013954691588
HIP,17602,7079,14,0.0032101441174745,0.0071258801035583
HIP,50788,7080,14,0.0225329715758562,0.0465776063501834
HIP,23949,7081,16,0.0006988717941567,0.0412931591272354
HIP,34351,7082,11,0.0021357527002692,0.0063789817504584
HIP,27952,7083,14,0.002082408638671,0.0066571226343512
HIP,1278,7084,14,0.0068224109709262,0.0266086217015981
HIP,34561,7085,15,0.00351671455428,0.0136303603649139
HIP,31515,7086,15,0.0030495391692966,0.0091971028596162
HIP,3911,7087,13,0.0293235071003437,0.0489405579864978
HIP,29646,7088,13,0.002505860524252,0.0066153975203633
HIP,42048,7089,13,0.001108844182454,0.0413231663405895
HIP,39178,7090,11,0.0052739968523383,0.0127100637182593
HIP,5201,7091,12,0.0007035866146907,0.0043332390487194
HIP,49122,7092,14,0.0006814342923462,0.0040605119429528
HIP,39119,7093,16,0.001817938289605,0.006932919844985
HIP,25661,7094,11,0.0118674878031015,0.0346376523375511
HIP,16045,7095,16,0.0024677237961441,0.0051612234674394
HIP,10886,7096,10,0.0021624544169753,0.0115330060943961
HIP,32282,7097,8,0.003631055355072,0.0120677920058369
HIP,17615,7098,17,0.0133492453023791,0.0213050618767738
HIP,155,7099,17,0.0010857525048777,0.0047141113318502
HIP,46363,7100,8,0.0183618739247322,0.0388726890087127
HIP,15789,7101,10,0.0122296158224344,0.0263243876397609
HIP,25590,7102,13,0.0242358725517988,0.039267212152481
HIP,1390,7103,12,0.002316519152373,0.0081791402772068
HIP,35861,7104,15,0.0122957155108451,0.0365646667778492
HIP,50312,7105,17,0.0050664972513914,0.013059657998383
HIP,40115,7106,14,0.0050940061919391,0.0164537671953439
HIP,43363,7107,10,0.004840828012675,0.0126946484670043
HIP,43857,7108,15,0.0072295046411454,0.0222028605639934
HIP,20117,7109,19,0.0082606272771954,0.0156384874135255
HIP,40680,7110,16,0.0010219861287623,0.0039152866229414
HIP,27438,7111,14,0.0203213095664978,0.0483966656029224
HIP,6181,7112,17,0.001357908709906,0.0100555242970585
HIP,8233,7113,12,0.0007556269410997,0.0042858538217842
HIP,47799,7114,14,0.0014721361221745,0.0460985749959945
HIP,26245,7115,15,0.0054615582339465,0.0162180121988058
HIP,41820,7116,16,0.0023438171483576,0.0048185056075453
HIP,23034,7117,16,0.0013509633718058,0.0047506703995168
HIP,26512,7118,12,0.0010235838126391,0.0043171755969524
HIP,16575,7119,13,0.019776776432991,0.0361375696957111
HIP,34138,7120,16,0.0004874704754911,0.0702138319611549
HIP,46856,7121,16,0.0041866856627166,0.0122020654380321
HIP,25760,7122,19,0.0122927604243159,0.0164384972304105
HIP,4238,7123,13,0.0101704839617013,0.0211478397250175
HIP,28053,7124,10,0.0261061452329158,0.1452962458133697
HIP,42496,7125,13,0.0023934885393828,0.007566359359771
HIP,8943,7126,14,0.0010915247257798,0.0049047241918742
HIP,24610,7127,9,0.0151457637548446,0.0424780398607254
HIP,30180,7128,12,0.0010692905634641,0.0092980731278657
HIP,37336,7129,14,0.0115624452009797,0.0195761285722255
HIP,48870,7130,12,0.0033741453662514,0.0076324203982949
HIP,15359,7131,12,0.0013953923480585,0.0098797949030995
HIP,4202,7132,14,0.0012325115967541,0.0103717111051082
HIP,33912,7133,14,0.0108508607372641,0.0202563982456922
HIP,6381,7134,19,0.0024006539024412,0.0054997648112475
HIP,22324,7135,17,0.0046980176120996,0.0101734511554241
HIP,40343,7136,16,0.0071907555684447,0.0148958628997206
HIP,19578,7137,12,0.0208995267748832,0.0481053702533245
HIP,1524,7138,12,0.0155656905844807,0.0380456000566482
HIP,18096,7139,16,0.0034965814556926,0.0098851202055811
HIP,42266,7140,17,0.002876735990867,0.019202409312129
HIP,35205,7141,15,0.0244836993515491,0.022305030375719
HIP,10140,7142,16,0.0279242247343063,0.0315528400242328
HIP,25075,7143,17,0.0020733813289552,0.0065801907330751
HIP,22254,7144,13,0.0026776024606078,0.0108636869117617
HIP,45607,7145,15,0.0012451958609744,0.0060639041475951
HIP,36886,7146,15,0.0034503042697906,0.0107008321210742
HIP,25459,7147,5,0.0270210839807987,0.0688757002353668
HIP,34804,7148,15,0.0085052466019988,0.0168749652802944
HIP,42169,7149,10,0.0090598873794078,0.0221031866967678
HIP,47891,7150,15,0.0484009124338626,0.0640664622187614
HIP,24561,7151,17,0.0006206993712112,0.0143069131299853
HIP,9950,7152,13,0.0006006917101331,0.0029922525864094
HIP,7007,7153,11,0.0014502139529213,0.0057654115371406
HIP,49889,7154,14,0.0103459116071462,0.0217141937464475
HIP,46918,7155,19,0.0011479172389954,0.00530965346843
HIP,40851,7156,15,0.0091825937852263,0.0211737733334302
HIP,17887,7157,13,0.0044997641816735,0.015738783404231
HIP,36984,7158,16,0.0034343448933213,0.010644881054759
HIP,49759,7159,15,0.0159854907542467,0.0257454011589288
HIP,44735,7160,10,0.0423357896506786,0.0781167894601821
HIP,31172,7161,16,0.0025413846597075,0.0062672421336174
HIP,40010,7162,18,0.0110668251290917,0.0192830599844455
HIP,27572,7163,16,0.0032435175962746,0.0109367994591593
HIP,12098,7164,12,0.0092408638447523,0.0214781463146209
HIP,41798,7165,12,0.012955822981894,0.0309262461960315
HIP,40642,7166,14,0.0040656207129359,0.0085206152871251
HIP,10174,7167,14,0.0063403719104826,0.0152375120669603
HIP,49469,7168,10,0.0016375854611396,0.0074534025043249
HIP,33406,7169,15,0.0033604772761464,0.0099832899868488
HIP,48252,7170,16,0.0040336693637073,0.0116540445014834
HIP,12945,7171,11,0.0187720637768507,0.0421875566244125
HIP,11527,7172,12,0.001678216503933,0.008112808689475
HIP,14902,7173,19,0.0028368036728352,0.0095991613343358
HIP,2710,7174,12,0.0014949126634746,0.0092910937964916
HIP,3636,7175,14,0.0075289481319487,0.0163491237908601
HIP,47909,7176,12,0.0059744510799646,0.0164266247302293
HIP,47993,7177,16,0.0042412411421537,0.0112594002857804
HIP,37816,7178,10,0.0493670590221881,0.1713123321533203
HIP,31213,7179,16,0.0041263019666075,0.0093676149845123
HIP,48812,7180,16,0.005237485282123,0.0114826234057545
HIP,28590,7181,15,0.0071419565938413,0.0147416405379772
HIP,44526,7182,12,0.009011042304337,0.0272275172173976
HIP,37817,7183,16,0.0062326546758413,0.0140377962961792
HIP,10102,7184,16,0.0050140153616666,0.0112743964418768
HIP,42692,7185,14,0.0034538703039288,0.0098786484450101
HIP,30804,7186,19,0.0016816540155559,0.0132705923169851
HIP,38372,7187,17,0.0092914653941988,0.0125457076355814
HIP,18717,7188,10,0.0344123840332031,0.0839566215872764
HIP,33341,7189,12,0.034451924264431,0.0801780894398689
HIP,19128,7190,14,0.0020132157951593,0.0049414061941206
HIP,35152,7191,14,0.0026308100204914,0.0072160535492002
HIP,46411,7192,19,0.0514423958957195,0.0615352056920528
HIP,37212,7193,16,0.0075127473101019,0.0132570816203951
HIP,30186,7194,17,0.0190961901098489,0.0444908551871776
HIP,30984,7195,10,0.0029039334040135,0.0122530851513147
HIP,4038,7196,14,0.0262832529842853,0.0447616837918758
HIP,26360,7197,18,0.0008361593354493,0.0024060700088739
HIP,11755,7198,14,0.0021094023250043,0.0065052849240601
HIP,26385,7199,14,0.0095836678519845,0.0271043330430984
HIP,6857,7200,12,0.0238007213920354,0.0462864637374877
HIP,16363,7201,17,0.0003796899400185,0.0064667449332773
HIP,12171,7202,13,0.0134946601465344,0.0274219419807195
HIP,24230,7203,13,0.0021395729854702,0.0088976956903934
HIP,49223,7204,14,0.0015918567078188,0.0059715928509831
HIP,5125,7205,11,0.0125210704281926,0.0685460492968559
HIP,41539,7206,11,0.0176738016307353,0.0507887862622737
HIP,30393,7207,19,0.0073539395816624,0.0144960023462772
HIP,50123,7208,15,0.0060905306600034,0.0204954445362091
HIP,38184,7209,17,0.0039685703814029,0.0087833749130368
HIP,8396,7210,10,0.0017688672523945,0.0068685775622725
HIP,49902,7211,10,0.000950654328335,0.0152404969558119
HIP,43389,7212,17,0.004001080058515,0.0087745944038033
HIP,37128,7213,19,0.0016825997736304,0.0051448275335133
HIP,18125,7214,19,0.0007606936851516,0.0056295045651495
HIP,45162,7215,10,0.0023034126497805,0.0097675481811165
HIP,45988,7216,14,0.0021263328380882,0.0119226053357124
HIP,15212,7217,18,0.0052273520268499,0.0156649500131607
HIP,50425,7218,15,0.0343177132308483,0.0542105436325073
HIP,33806,7219,12,0.0047636469826102,0.0094090672209858
HIP,7619,7220,14,0.0022451041731983,0.0085042854771018
HIP,9266,7221,14,0.003433832200244,0.0246640555560588
HIP,4981,7222,11,0.0046122227795422,0.0161822605878114
HIP,16197,7223,15,0.0047273472882807,0.0183943342417478
HIP,17705,7224,16,0.0090157017111778,0.0211197510361671
HIP,47751,7225,13,0.0115735521540045,0.0236071292310953
HIP,47280,7226,16,0.0039639784954488,0.0105161415413022
HIP,507,7227,11,0.0095579223707318,0.0241933111101388
HIP,42334,7228,12,0.0089912461116909,0.0217664688825607
HIP,41566,7229,12,0.0128341065719723,0.0355922020971775
HIP,14986,7230,13,0.0167984627187252,0.0329051055014133
HIP,39744,7231,14,0.0193083267658948,0.0363208875060081
HIP,47024,7232,15,0.0045592640526592,0.011320156045258
HIP,2761,7233,14,0.0065538361668586,0.019455587491393
HIP,26144,7234,14,0.0007052911096252,0.0050157834775745
HIP,36016,7235,6,0.0027150206733494,0.0410040915012359
HIP,10330,7236,11,0.0037714990321546,0.0165858566761016
HIP,49160,7237,14,0.0070485617034137,0.0235603526234626
HIP,39107,7238,17,0.0038872093427926,0.0107348067685961
HIP,30956,7239,13,0.0177321229130029,0.0391488969326019
HIP,46616,7240,14,0.00467783305794,0.01170623768121
HIP,47384,7241,16,0.0021191136911511,0.0062811565585434
HIP,30402,7242,16,0.0006544473581016,0.0038655367679893
HIP,6333,7243,20,0.0026205435860902,0.0131760835647583
HIP,3909,7244,17,0.0044259172864258,0.0129840997979044
HIP,44353,7245,18,0.004541699308902,0.0072568268515169
HIP,7081,7246,12,0.0020486488938331,0.0222056303173303
HIP,20598,7247,13,0.00526476604864,0.031533807516098
HIP,5653,7248,14,0.010069765150547,0.022629739716649
HIP,30072,7249,12,0.0065448940731585,0.020159438252449
HIP,35601,7250,18,0.0058411275967955,0.0232229158282279
HIP,21436,7251,14,0.0113681638613343,0.0391693040728569
HIP,23648,7252,12,0.0015874858945608,0.0042393058538436
HIP,28999,7253,11,0.0254690628498792,0.0574710592627525
HIP,46962,7254,9,0.0008931207121349,0.0069172326475381
HIP,37897,7255,14,0.0067273452877998,0.0272232592105865
HIP,40449,7256,14,0.006194875575602,0.0164981111884117
HIP,15870,7257,15,0.0091357268393039,0.0247318856418132
HIP,8763,7258,10,0.0091842487454414,0.0244530607014894
HIP,14686,7259,16,0.0004750617954414,0.002190259983763
HIP,34728,7260,10,0.0238530561327934,0.0841873362660408
HIP,23041,7261,12,0.0096482979133725,0.0226624272763729
HIP,18211,7262,11,0.0021967908833175,0.0063905813731253
HIP,5503,7263,13,0.0014948864700272,0.0080600911751389
HIP,27076,7264,15,0.0067980741150677,0.0219226125627756
HIP,17070,7265,12,0.0093574309721589,0.0211986042559146
HIP,6362,7266,14,0.0080692134797573,0.0201068893074989
HIP,21528,7267,16,0.0036927284672856,0.0132586853578686
HIP,44996,7268,14,0.0065144267864525,0.0169481392949819
HIP,10577,7269,17,0.0064903693273663,0.0119979511946439
HIP,30039,7270,19,0.0039991894736886,0.0082906689494848
HIP,20881,7271,12,0.0121707515791058,0.0511583052575588
HIP,46369,7272,19,0.1883366852998733,0.1466690748929977
HIP,38632,7273,15,0.00627031782642,0.0162245724350214
HIP,45502,7274,16,0.007691228762269,0.0130476122722029
HIP,39726,7275,12,0.0100080715492367,0.0285445414483547
HIP,26585,7276,15,0.0044329613447189,0.0088832750916481
HIP,46181,7277,13,0.017598271369934,0.0427763871848583
HIP,28429,7278,12,0.004759247880429,0.0184300504624843
HIP,5457,7279,18,0.0034824665635824,0.0198158975690603
HIP,4482,7280,15,0.004902796819806,0.0125945629552006
HIP,47017,7281,12,0.003150931559503,0.0096934214234352
HIP,29888,7282,17,0.0010730673093348,0.0036946104373782
HIP,45017,7283,12,0.0042859567329287,0.0128281470388174
HIP,11010,7284,18,0.0079850126057863,0.0150381224229931
HIP,29891,7285,16,0.0053529567085206,0.0115788131952285
HIP,38282,7286,11,0.0062368097715079,0.0223276540637016
HIP,3721,7287,15,0.0014356537722051,0.0077002299949526
HIP,41912,7288,19,0.0017344191437587,0.0078285736963152
HIP,29805,7289,13,0.0033523673191666,0.0145578263327479
HIP,44613,7290,11,0.0016472473507747,0.0068893055431544
HIP,10448,7291,11,0.0091869393363595,0.0308621730655431
HIP,35325,7292,16,0.0029727295041084,0.0082728713750839
HIP,28258,7293,18,0.0052646058611571,0.0149616952985525
HIP,41977,7294,14,0.0012214954476803,0.0044494187459349
HIP,21515,7295,12,0.003799425670877,0.0149568086490035
HIP,48424,7296,11,0.0019958124030381,0.021908888593316
HIP,31144,7297,16,0.0036223053466528,0.0073687923140823
HIP,2505,7298,11,0.0027565045747905,0.0089884418994188
HIP,5403,7299,11,0.0098660159856081,0.0216443110257387
HIP,36819,7300,11,0.0032544052228331,0.0075424499809741
HIP,6085,7301,12,0.0027765119448304,0.0112401954829692
HIP,2400,7302,12,0.0073540676385164,0.0180969256907701
HIP,28562,7303,15,0.015111019834876,0.0238155107945203
HIP,19793,7304,13,0.0034025465138256,0.0087428987026214
HIP,46902,7305,12,0.0169696062803268,0.0329986698925495
HIP,14214,7306,11,0.0054060509428381,0.0161223821341991
HIP,15155,7307,14,0.0051028039306402,0.0169214159250259
HIP,22160,7308,8,0.0019456064328551,0.0134651875123381
HIP,189,7309,17,0.0043082325719296,0.0102184293791651
HIP,25622,7310,13,0.0772123411297798,0.1225314289331436
HIP,22346,7311,14,0.0227247886359691,0.0651029720902443
HIP,41594,7312,14,0.0009690160513855,0.017753392457962
HIP,4769,7313,14,0.0072474055923521,0.0152929164469242
HIP,24159,7314,13,0.0121831912547349,0.0316680632531642
HIP,22497,7315,10,0.0226230658590793,0.0695715919137001
HIP,34895,7316,16,0.0076927496120333,0.0226641241461038
HIP,31061,7317,12,0.002882095053792,0.0093105351552367
HIP,43882,7318,15,0.0098236799240112,0.0185736920684576
HIP,49329,7319,11,0.0045286365784704,0.0400312915444374
HIP,34113,7320,16,0.0035268391948193,0.0100229978561401
HIP,260,7321,14,0.0025013918057084,0.108450211584568
HIP,23552,7322,16,0.0122000370174646,0.0259608514606952
HIP,11069,7323,7,0.0130784343928098,0.0372720584273338
HIP,27250,7324,13,0.0051532397046685,0.0142713170498609
HIP,44944,7325,15,0.0010300826979801,0.004614945501089
HIP,31803,7326,11,0.0120948562398552,0.0239280574023723
HIP,8784,7327,10,0.0755237266421318,0.1508829444646835
HIP,37944,7328,21,0.0005947063327766,0.0026180536951869
HIP,4224,7329,12,0.0088129378855228,0.0204623062163591
HIP,33147,7330,11,0.0053963572718203,0.0148854386061429
HIP,3120,7331,17,0.0017901044338941,0.0055141993798315
HIP,30177,7332,10,0.020273907110095,0.0660090669989585
HIP,24533,7333,14,0.0070677571929991,0.0203212983906269
HIP,8760,7334,14,0.0005643180920742,0.0032451206352561
HIP,26413,7335,16,0.0011810737196356,0.0071634757332503
HIP,12566,7336,13,0.0039136065170168,0.0100829675793647
HIP,45166,7337,10,0.0055468105711042,0.0218768399208784
HIP,910,7338,15,0.0130917616188526,0.0223890636116266
HIP,50688,7339,16,0.0053056851029396,0.009545762091875
HIP,3708,7340,10,0.0103422068059444,0.0378864966332912
HIP,21681,7341,15,0.015086555853486,0.0358201079070568
HIP,26656,7342,15,0.0129174767062067,0.0345012582838535
HIP,9640,7343,14,0.0060127223841845,0.0130900172516703
HIP,12764,7344,10,0.0018893864471465,0.0054420619271695
HIP,26522,7345,12,0.0173925254493951,0.0393157191574573
HIP,34651,7346,12,0.0004494035092648,0.0031921588815748
HIP,19354,7347,12,0.0046512740664184,0.0139740761369466
HIP,45492,7348,15,0.000914791598916,0.0054752747528254
HIP,40976,7349,16,0.0013490533456206,0.0047857025638222
HIP,17831,7350,11,0.020875534042716,0.05237478017807
HIP,29141,7351,14,0.0046467538923025,0.0138500370085239
HIP,815,7352,10,0.0017569124465808,0.0058804843574762
HIP,34748,7353,11,0.0013953339075669,0.0109851406887173
HIP,22236,7354,15,0.0018747035646811,0.0059149339795112
HIP,34662,7355,17,0.0056869820691645,0.0135593125596642
HIP,28579,7356,15,0.0044705783948302,0.0106377704069018
HIP,4970,7357,12,0.0039798668585717,0.013054659590125
HIP,41125,7358,15,0.0034308573231101,0.0174336433410644
HIP,13813,7359,18,0.0054427394643425,0.0153342774137854
HIP,25906,7360,12,0.0037289757747203,0.011938452720642
HIP,18544,7361,8,0.0531648807227611,0.1449194848537445
HIP,7502,7362,14,0.0020684821065515,0.0104364119470119
HIP,26166,7363,16,0.0055268532596528,0.0138277346268296
HIP,33028,7364,11,0.002857589861378,0.0090391421690583
HIP,30530,7365,19,0.0037718387320637,0.0105555076152086
HIP,25671,7366,15,0.0148927746340632,0.0357572138309478
HIP,37886,7367,17,0.0046808016486465,0.0128145180642604
HIP,18264,7368,10,0.0366209335625171,0.1195926815271377
HIP,24875,7369,14,0.0028150929138064,0.0070668435655534
HIP,41408,7370,12,0.0020832561422139,0.0085159931331872
HIP,22301,7371,14,0.008228525519371,0.0199951939284801
HIP,10882,7372,16,0.0007307477644644,0.0026205948088318
HIP,24123,7373,12,0.0020380963105708,0.0073886904865503
HIP,34955,7374,11,0.0045250700786709,0.0142403924837708
HIP,27161,7375,15,0.003079974791035,0.0061389016918838
HIP,5189,7376,17,0.0010541954543441,0.0032881174702197
HIP,25952,7377,11,0.0031887306831777,0.0117708900943398
HIP,41870,7378,16,0.0034918384626507,0.0106548313051462
HIP,666,7379,14,0.0062361368909478,0.0168401282280683
HIP,24827,7380,16,0.0016071022255346,0.0042833513580262
HIP,10337,7381,14,0.0047857058234512,0.0151149369776248
HIP,7793,7382,9,0.004462334793061,0.0121025247499346
HIP,44903,7383,12,0.0026385590899735,0.0080420207232236
HIP,10792,7384,15,0.0153920520097017,0.0516993030905723
HIP,36869,7385,18,0.0066122501157224,0.0148248244076967
HIP,22716,7386,21,0.0064715226180851,0.0109130963683128
HIP,31988,7387,11,0.0022251817863434,0.0161679089069366
HIP,20454,7388,19,0.0007550698937848,0.0037392524536699
HIP,28387,7389,10,0.0295039135962724,0.0643437430262565
HIP,26892,7390,11,0.0059255743399262,0.0230356529355049
HIP,812,7391,16,0.0090218614786863,0.0245814118534326
HIP,37766,7392,15,0.0101702511310577,0.0179239306598901
HIP,35144,7393,14,0.001757088699378,0.0077457199804484
HIP,39590,7394,16,0.0283683594316244,0.0406530834734439
HIP,3171,7395,12,0.0161770656704902,0.0340511314570903
HIP,14726,7396,11,0.0310676172375679,0.1189359277486801
HIP,16239,7397,11,0.0225135032087564,0.0538833439350128
HIP,22077,7398,14,0.0017217404674738,0.0040659857913851
HIP,1578,7399,15,0.0254519470036029,0.0353186093270778
HIP,33808,7400,10,0.0085349343717098,0.024471215903759
HIP,24114,7401,17,0.0056090750731527,0.0100559517741203
HIP,9786,7402,15,0.008037325926125,0.0197341050952672
HIP,5546,7403,12,0.0182614419609308,0.047254305332899
HIP,30737,7404,15,0.0034331965725868,0.0100496597588062
HIP,2576,7405,10,0.0138191590085625,0.0324762314558029
HIP,28449,7406,12,0.005669068545103,0.0137098701670765
HIP,26282,7407,9,0.0692166835069656,0.1816883534193039
HIP,36338,7408,11,0.0024783529806882,0.0164131075143814
HIP,40161,7409,16,0.0007636144291609,0.0027863404247909
HIP,43072,7410,11,0.000757070898544,0.0057977670803666
HIP,32649,7411,19,0.0017224109033122,0.0072843222878873
HIP,2555,7412,16,0.0066697089932858,0.0146832186728715
HIP,49862,7413,13,0.0071762753650546,0.0165882911533117
HIP,33365,7414,13,0.0059682298451662,0.0237707216292619
HIP,28966,7415,14,0.0227531138807535,0.0472059361636638
HIP,25878,7416,11,0.0368239358067512,0.0747638493776321
HIP,31987,7417,14,0.0062097241170704,0.0153674548491835
HIP,22645,7418,19,0.0020863655954599,0.0099174445495009
HIP,16032,7419,12,0.0025172408204525,0.0169902313500642
HIP,5708,7420,12,0.0127991624176502,0.0298931747674942
HIP,6294,7421,15,0.0006653435411863,0.0241989251226186
HIP,12081,7422,16,0.0109373098239302,0.0300356224179267
HIP,5012,7423,17,0.0190285425633192,0.0430565662682056
HIP,33812,7424,16,0.0087586203590035,0.0158373154699802
HIP,35185,7425,12,0.0094315083697438,0.0270707290619611
HIP,20102,7426,15,0.002366977976635,0.0075897425413131
HIP,31935,7427,13,0.0127470046281814,0.0637978240847587
HIP,25577,7428,10,0.0021996418945491,0.0087851006537675
HIP,31227,7429,14,0.015836639329791,0.0317213609814643
HIP,23867,7430,13,0.0030916284304112,0.0108841368928551
HIP,10966,7431,11,0.0009195007733069,0.0040130126290023
HIP,12846,7432,14,0.0073652835562825,0.0155465025454759
HIP,22632,7433,12,0.0044122235849499,0.0161691363900899
HIP,17485,7434,14,0.0023214218672364,0.0069277575239539
HIP,48698,7435,15,0.0027537373825907,0.0174702983349561
HIP,19654,7436,13,0.0056536202318966,0.0128821777179837
HIP,3833,7437,17,0.0043467548675835,0.0114622805267572
HIP,25338,7438,14,0.0015989274252206,0.0055445726029574
HIP,34327,7439,16,0.0006249916041269,0.0038874531164765
HIP,1489,7440,10,0.0063196276314556,0.016553534194827
HIP,43033,7441,14,0.0258653685450553,0.0342529490590095
HIP,25003,7442,14,0.0053218272514641,0.0180622208863496
HIP,37834,7443,18,0.0022007396910339,0.0053202770650386
HIP,41034,7444,19,0.0022039467003196,0.0052799805998802
HIP,47576,7445,16,0.0073837446980178,0.0145399207249283
HIP,2927,7446,19,0.0015778847737237,0.0041099027730524
HIP,39775,7447,14,0.0070389141328632,0.0202406495809555
HIP,40795,7448,9,0.0070878048427402,0.021587785333395
HIP,37210,7449,10,0.0067898593842983,0.0215639267116785
HIP,16013,7450,12,0.0130056859925389,0.0264320522546768
HIP,21250,7451,15,0.00823774933815,0.0171013008803129
HIP,43911,7452,10,0.0178779046982526,0.0555610954761505
HIP,41079,7453,16,0.0082854172214865,0.0165538098663091
HIP,21522,7454,15,0.0052617187611758,0.0151561228558421
HIP,48238,7455,10,0.0012694289907813,0.0053517101332545
HIP,35191,7456,18,0.0030876114033162,0.0246677547693252
HIP,27989,7457,14,0.0087459571659564,0.0187807437032461
HIP,37225,7458,11,0.0226828698068857,0.0736554414033889
HIP,12700,7459,14,0.0122515317052602,0.0316979512572288
HIP,32891,7460,12,0.0029109786264598,0.0085787791758775
HIP,29036,7461,13,0.0016054952284321,0.0074971145950257
HIP,46215,7462,14,0.0224991794675588,0.0464733690023422
HIP,36536,7463,10,0.0088856602087616,0.0283309239894151
HIP,21104,7464,12,0.0036746801342815,0.0131457857787609
HIP,26174,7465,15,0.0035638753324747,0.0154659543186426
HIP,2830,7466,15,0.0203816331923007,0.0486952140927314
HIP,40493,7467,11,0.0065161273814737,0.0193499699234962
HIP,4050,7468,16,0.0024243756197392,0.0065892622806131
HIP,38981,7469,12,0.0130573660135269,0.0280099473893642
HIP,3886,7470,11,0.003333066124469,0.0131177669391036
HIP,50238,7471,14,0.0120997065678238,0.0290896855294704
HIP,43745,7472,8,0.0014491330366581,0.018128028139472
HIP,37818,7473,5,0.006539964582771,0.0259814485907554
HIP,37785,7474,13,0.0090825436636805,0.0191624239087104
HIP,32385,7475,15,0.0046015093103051,0.0337284542620182
HIP,34747,7476,14,0.0009914581896737,0.0080291647464036
HIP,20949,7477,15,0.0072452826425433,0.0154046462848782
HIP,3984,7478,15,0.0028634218033403,0.0153223183006048
HIP,31080,7479,14,0.0084473434835672,0.0196020863950252
HIP,46286,7480,10,0.0047577056102454,0.0409082174301147
HIP,15490,7481,14,0.0117781125009059,0.0229766163975
HIP,29848,7482,13,0.0036563966423273,0.0080236671492457
HIP,41939,7483,19,0.0046257539652287,0.0148012926802039
HIP,24693,7484,19,0.00340051879175,0.0580685958266258
HIP,26791,7485,14,0.005649774800986,0.011372834444046
HIP,15509,7486,15,0.0010071158176288,0.0035755571443587
HIP,45544,7487,13,0.0053586098365485,0.0257270913571119
HIP,5761,7488,13,0.0141471233218908,0.0340374857187271
HIP,1012,7489,16,0.0038931313902139,0.0089740650728344
HIP,33297,7490,13,0.00178055500146,0.008108670823276
HIP,4252,7491,12,0.01279834844172,0.0220307558774948
HIP,6178,7492,14,0.0017740830080583,0.0069025941193103
HIP,45706,7493,12,0.0095408894121646,0.0136673524975776
HIP,8263,7494,14,0.0086546288803219,0.0220255255699157
HIP,27086,7495,12,0.0052890894003212,0.0150157613679766
HIP,44433,7496,15,0.0019881450571119,0.0151913650333881
HIP,29259,7497,10,0.0222841128706932,0.0723374634981155
HIP,45718,7498,18,0.0025321366265416,0.0188257750123739
HIP,5779,7499,14,0.0024889891501516,0.0084206815809011
HIP,4464,7500,16,0.0018534145783632,0.0093136886134743
HIP,10267,7501,14,0.0069824513047933,0.0190261006355285
HIP,31392,7502,17,0.0062701599672436,0.0152594782412052
HIP,42746,7503,10,0.0303848050534725,0.0848794430494308
HIP,12890,7504,19,0.0010033784201368,0.0046414420939981
HIP,17957,7505,12,0.0148462075740098,0.0307905003428459
HIP,2878,7506,11,0.0014485175488516,0.0051950281485915
HIP,9024,7507,11,0.0185472350567579,0.0442542023956775
HIP,14668,7508,10,0.0072875702753663,0.0290710087865591
HIP,1419,7509,15,0.0061189937405288,0.0144768040627241
HIP,47916,7510,17,0.0015359425451606,0.0053014778532087
HIP,37055,7511,8,0.0080727012827992,0.0182882640510797
HIP,22277,7512,10,0.0141935115680098,0.0400016978383064
HIP,35901,7513,17,0.0028729925397783,0.0393839366734027
HIP,28263,7514,8,0.0518633797764778,0.1461075395345688
HIP,11876,7515,14,0.0185982584953308,0.0386796779930591
HIP,22068,7516,16,0.0010153253097087,0.0043943491764366
HIP,44969,7517,17,0.0022737600374966,0.0101141538470983
HIP,14424,7518,12,0.0018928481731563,0.0073088495992124
HIP,47954,7519,12,0.0084743900224566,0.0246917754411697
HIP,30121,7520,16,0.0252034720033407,0.0470239445567131
HIP,47829,7521,11,0.0091504799202084,0.0192740447819232
HIP,49095,7522,14,0.0023441056255251,0.0052509242668747
HIP,21538,7523,12,0.0035411980934441,0.0102494368329644
HIP,14876,7524,16,0.0099367797374725,0.0204436127096414
HIP,36448,7525,13,0.0133639639243483,0.0372489318251609
HIP,37757,7526,18,0.0053194253705441,0.0205898042768239
HIP,6099,7527,16,0.0013786316849291,0.0058324187994003
HIP,15170,7528,13,0.010359913110733,0.0254454612731933
HIP,7228,7529,15,0.0074441558681428,0.0197121016681194
HIP,47257,7530,13,0.0061622876673936,0.016029180958867
HIP,48655,7531,14,0.0024079573340713,0.0066048824228346
HIP,31023,7532,15,0.0148820299655199,0.0253565106540918
HIP,10243,7533,14,0.0094825681298971,0.0206304676830768
HIP,26857,7534,18,0.0014277250738814,0.0033540711738169
HIP,18744,7535,14,0.0019240684341639,0.009866639971733
HIP,30276,7536,17,0.002740561729297,0.0108934072777628
HIP,49558,7537,19,0.0306782629340887,0.0615887753665447
HIP,24070,7538,8,0.0024060541763901,0.0139233209192752
HIP,47441,7539,14,0.0210641007870435,0.0378528982400894
HIP,18120,7540,14,0.0065539865754544,0.0147866811603307
HIP,24761,7541,14,0.0201734993606805,0.0329734720289707
HIP,9908,7542,17,0.0118272202089428,0.0169741921126842
HIP,16441,7543,14,0.0038083863910287,0.0138262538239359
HIP,28467,7544,12,0.0264839436858892,0.0608874894678592
HIP,10423,7545,14,0.0231185965240001,0.0293730627745389
HIP,21468,7546,10,0.0213270206004381,0.0491712726652622
HIP,3951,7547,11,0.0082166008651256,0.0244550742208957
HIP,19167,7548,14,0.006013115402311,0.0122702689841389
HIP,49284,7549,12,0.0338300019502639,0.0678106993436813
HIP,33739,7550,10,0.0037271545734256,0.0188271068036556
HIP,23938,7551,12,0.0027502153534442,0.0096621857956051
HIP,47355,7552,16,0.0034529417753219,0.0099741341546177
HIP,33900,7553,13,0.0073961461894214,0.0182142630219459
HIP,11265,7554,14,0.0036936819087713,0.0125973913818597
HIP,17450,7555,13,0.0294454153627157,0.0625541657209396
HIP,30626,7556,14,0.0134369581937789,0.0242858603596687
HIP,39435,7557,12,0.0030661565251648,0.0090844240039587
HIP,6597,7558,16,0.0021171679254621,0.0050773662514984
HIP,25731,7559,16,0.0095582073554396,0.0186877250671386
HIP,20061,7560,13,0.0016395155107602,0.0133114485070109
HIP,19348,7561,11,0.0062685799784958,0.0211293771862983
HIP,31434,7562,13,0.0038639376871287,0.0158268101513385
HIP,20054,7563,14,0.0125395888462662,0.03153583034873
HIP,44668,7564,12,0.00336245726794,0.0103049483150243
HIP,26950,7565,9,0.0006602216162718,0.005815249402076
HIP,9628,7566,12,0.0097003756090998,0.0187216661870479
HIP,1891,7567,13,0.0006407732726074,0.0027013754006475
HIP,11140,7568,17,0.0108783096075057,0.0176833104342222
HIP,27652,7569,10,0.0229705907404422,0.0731762871146202
HIP,14752,7570,9,0.0129747446626424,0.0549231953918933
HIP,48525,7571,5,0.0100605869665741,0.0317126624286174
HIP,9536,7572,14,0.0044453302398324,0.0100781554356217
HIP,47606,7573,16,0.003616185626015,0.0130168544128537
HIP,37224,7574,17,0.0005895366775803,0.0070691448636353
HIP,21456,7575,12,0.0285859070718288,0.0443542450666427
HIP,32435,7576,19,0.001871631713584,0.0070990184321999
HIP,16156,7577,18,0.001602278323844,0.0059935133904218
HIP,46864,7578,12,0.0128474086523056,0.0277679581195116
HIP,25887,7579,16,0.0024572913534939,0.0060522914864122
HIP,33784,7580,10,0.0107162492349743,0.0326735340058803
HIP,35616,7581,10,0.0026174604427069,0.0182678624987602
HIP,45578,7582,19,0.0021552401594817,0.007379719056189
HIP,16624,7583,14,0.0149987516924738,0.0223816037178039
HIP,4306,7584,12,0.0094708548858761,0.0300407037138938
HIP,4167,7585,19,0.0005172201781533,0.0992852449417114
HIP,8898,7586,16,0.0051485374569892,0.0110820839181542
HIP,3986,7587,13,0.0007535049808211,0.004493145737797
HIP,23559,7588,12,0.0040370584465563,0.0153168588876724
HIP,47217,7589,13,0.0077472818084061,0.018263079226017
HIP,20675,7590,17,0.0115640545263886,0.020867995917797
HIP,4617,7591,17,0.0203156284987926,0.0235668718814849
HIP,12847,7592,14,0.0035702257882803,0.0073524052277207
HIP,6652,7593,14,0.001673640217632,0.0233503766357898
HIP,6890,7594,11,0.0064551271498203,0.0253180991858243
HIP,3907,7595,13,0.0144187323749065,0.0631609484553337
HIP,2628,7596,19,0.0038895662873983,0.0103568099439144
HIP,26911,7597,15,0.0011959460098296,0.0063240234740078
HIP,7368,7598,19,0.0066911242902278,0.0136659163981676
HIP,14153,7599,17,0.0047174603678286,0.0101974327117204
HIP,9974,7600,12,0.0619091726839542,0.0790935158729553
HIP,44592,7601,17,0.0006847449112683,0.006095765158534
HIP,18316,7602,12,0.0054404521360993,0.0131473056972026
HIP,29845,7603,10,0.0045414380729198,0.027852589264512
HIP,4209,7604,14,0.0061614634469151,0.0145373158156871
HIP,24079,7605,11,0.0123929427936673,0.0241265278309583
HIP,43991,7606,14,0.010780032724142,0.0228331107646226
HIP,38163,7607,16,0.001317175803706,0.0073363590054214
HIP,12756,7608,14,0.0009675496257841,0.0086645977571606
HIP,45475,7609,12,0.0571898557245731,0.09197998046875
HIP,7353,7610,15,0.0012637750478461,0.0046616517938673
HIP,31864,7611,20,0.0078559592366218,0.0146888121962547
HIP,845,7612,13,0.0183218847960233,0.0382027402520179
HIP,44254,7613,14,0.005183485802263,0.0178770031780004
HIP,1790,7614,14,0.0013386196224018,0.0065355617552995
HIP,36739,7615,13,0.0030066082254052,0.0094178467988967
HIP,30750,7616,11,0.0076849516481161,0.0220443550497293
HIP,46658,7617,15,0.0368888899683952,0.0526748336851596
HIP,42001,7618,16,0.0014619538560509,0.0050885304808616
HIP,35456,7619,11,0.0095363911241292,0.030432604253292
HIP,47863,7620,14,0.0215507075190544,0.0381227433681488
HIP,31416,7621,16,0.0019131446024402,0.0051202056929469
HIP,23804,7622,14,0.0039472198113799,0.0099440431222319
HIP,49604,7623,12,0.0103222299367189,0.0237929578870534
HIP,28375,7624,17,0.0026183214504271,0.030451675876975
HIP,33291,7625,14,0.0223214216530323,0.0364470109343528
HIP,43738,7626,12,0.0121441315859556,0.0271535124629735
HIP,22603,7627,13,0.0033380694221705,0.0090539567172527
HIP,50108,7628,16,0.0044756331481039,0.008973129093647
HIP,45212,7629,14,0.001648977631703,0.0045724138617515
HIP,44606,7630,16,0.001311806961894,0.0040022549219429
HIP,31088,7631,14,0.0014716195873916,0.007527575828135
HIP,42621,7632,15,0.0184845551848411,0.0718854740262031
HIP,7468,7633,18,0.041163258254528,0.0451318174600601
HIP,10120,7634,12,0.0069266315549612,0.0204417239874601
HIP,38555,7635,13,0.0042720981873571,0.0157093703746795
HIP,48596,7636,10,0.0005555882817134,0.027610033750534
HIP,4382,7637,15,0.0010094003519043,0.0069036837667226
HIP,44057,7638,13,0.0012968111550435,0.0044029019773006
HIP,49999,7639,14,0.009199240244925,0.0185883548110723
HIP,24728,7640,13,0.006365206092596,0.018504137173295
HIP,25211,7641,14,0.0006410663481801,0.0035292645916342
HIP,6572,7642,16,0.0058620735071599,0.014508306980133
HIP,20382,7643,12,0.0025502764619886,0.0075993193313479
HIP,32394,7644,14,0.0154194524511694,0.022992393001914
HIP,7255,7645,15,0.0025141863152384,0.0069953254424035
HIP,20248,7646,11,0.0009412641520611,0.0054386374540627
HIP,49389,7647,16,0.0022866753861308,0.0103890942409634
HIP,38785,7648,18,0.0032521204557269,0.0067090117372572
HIP,49135,7649,15,0.0046892999671399,0.0130228213965892
HIP,47818,7650,11,0.0109287146478891,0.0280799102038145
HIP,47804,7651,14,0.0004514694155659,0.0035113061312586
HIP,28204,7652,16,0.0235284175723791,0.035783514380455
HIP,18381,7653,19,0.0035047745332121,0.0124210687354207
HIP,47875,7654,11,0.003971483092755,0.0164619013667106
HIP,23848,7655,16,0.0131013449281454,0.0309533141553401
HIP,43365,7656,11,0.0085800355300307,0.023752337321639
HIP,48792,7657,14,0.0063746254891157,0.0569241233170032
HIP,42259,7658,14,0.0021297635976225,0.0069538941606879
HIP,37681,7659,16,0.0030594589188694,0.0107020577415823
HIP,2515,7660,13,0.0029651636723428,0.013081275857985
HIP,27440,7661,16,0.0036970763467252,0.0081573529168963
HIP,35172,7662,17,0.0026677025016397,0.006407116074115
HIP,25739,7663,15,0.0055728815495967,0.0178768429905176
HIP,5716,7664,21,0.0013544359244406,0.0088049890473485
HIP,1697,7665,9,0.0149846607819199,0.0418040007352829
HIP,38914,7666,14,0.003248892724514,0.0060028466396033
HIP,12060,7667,7,0.0022217561490833,0.0144341187551617
HIP,39244,7668,12,0.0119471754878759,0.0365355089306831
HIP,43298,7669,12,0.0089183617383241,0.0233138129115104
HIP,7912,7670,19,0.0021156871225684,0.005297826603055
HIP,8627,7671,14,0.0027403146959841,0.0112047279253602
HIP,18078,7672,19,0.0083363130688667,0.0144535144791007
HIP,9419,7673,14,0.0118997171521186,0.0251742079854011
HIP,5005,7674,10,0.0112818125635385,0.0562841594219207
HIP,43785,7675,14,0.0015284720575436,0.0080606555566191
HIP,3304,7676,16,0.0008932504570111,0.0152846770361065
HIP,19640,7677,12,0.0028554913587868,0.0087487511336803
HIP,47588,7678,16,0.0017123216530308,0.0045969537459313
HIP,17395,7679,14,0.0006945575005374,0.006903741043061
HIP,19244,7680,13,0.0252799559384584,0.0517542250454425
HIP,44088,7681,15,0.0054961740970611,0.075372613966465
HIP,43937,7682,13,0.007974631153047,0.023518968373537
HIP,10381,7683,14,0.0050076004117727,0.0133050307631492
HIP,44448,7684,19,0.0032866878900676,0.0107272956520318
HIP,50226,7685,16,0.0033108468633145,0.006700383964926
HIP,50307,7686,17,0.0016312738880515,0.0043159550987184
HIP,17407,7687,14,0.0040554567240178,0.1434109359979629
HIP,42333,7688,10,0.0296708736568689,0.0504126921296119
HIP,41043,7689,14,0.0024817192461341,0.0061978385783731
HIP,14661,7690,18,0.0038935241755098,0.0069381603971123
HIP,13372,7691,15,0.0123961111530661,0.0511154122650623
HIP,39917,7692,11,0.0019729691557586,0.0111862737685441
HIP,8880,7693,8,0.0356313213706016,0.0571933053433895
HIP,45688,7694,17,0.0074935252778232,0.0172187313437461
HIP,5844,7695,15,0.0119212986901402,0.0330616347491741
HIP,42021,7696,15,0.0019248734461143,0.0176564082503318
HIP,44221,7697,12,0.013494343496859,0.0322064794600009
HIP,616,7698,13,0.0091260308399796,0.017401261255145
HIP,44481,7699,14,0.0007452519494108,0.0114059774205088
HIP,32579,7700,19,0.0033121020533144,0.0084129814058542
HIP,11719,7701,14,0.0033406466245651,0.007419747300446
HIP,1768,7702,11,0.0035628944169729,0.0093656061217188
HIP,43651,7703,14,0.0085438573732972,0.0253321677446365
HIP,17510,7704,15,0.0177587680518627,0.0569319389760494
HIP,38220,7705,11,0.0008340635104104,0.0044088861905038
HIP,29448,7706,15,0.0036352442111819,0.0103950630873441
HIP,47081,7707,17,0.0032745541539043,0.005896050017327
HIP,47239,7708,14,0.0369133204221725,0.0405216142535209
HIP,34794,7709,16,0.0022143884561955,0.0064656604081392
HIP,28588,7710,14,0.0029330314137041,0.0094905151054263
HIP,10797,7711,15,0.0020442679524421,0.0061881565488874
HIP,37762,7712,15,0.0062680225819349,0.0129192396998405
HIP,37606,7713,15,0.0019251307239755,0.0059291766956448
HIP,12221,7714,15,0.0038459347561001,0.0074286232702434
HIP,50834,7715,15,0.000666850421112,0.004034299403429
HIP,10131,7716,19,0.000517786538694,0.098222516477108
HIP,39637,7717,14,0.0015685496618971,0.0056592342443764
HIP,31595,7718,14,0.002942468971014,0.0073302360251545
HIP,32003,7719,17,0.001195635064505,0.0052139018662273
HIP,41051,7720,14,0.0136898020282387,0.0152705833315849
HIP,39020,7721,16,0.0008857999928295,0.0033181563485413
HIP,33522,7722,10,0.0055900872685015,0.0197063814848661
HIP,32604,7723,12,0.0016996120102703,0.0085534090176224
HIP,19612,7724,10,0.0174133609980344,0.0717242285609245
HIP,46487,7725,9,0.0147408163174986,0.0380557961761951
HIP,48986,7726,11,0.0020391116850078,0.0089379828423261
HIP,38500,7727,15,0.0034073379356414,0.0150403697043657
HIP,33112,7728,14,0.0014495438663288,0.0038539469242095
HIP,4932,7729,11,0.0048645981587469,0.0128694605082273
HIP,6702,7730,15,0.0020641819573938,0.0089180711656808
HIP,38088,7731,13,0.0207096431404352,0.0503471046686172
HIP,37144,7732,10,0.0382955633103847,0.0733119919896125
HIP,14089,7733,15,0.0123850721865892,0.026463346555829
HIP,48803,7734,16,0.0049528102390468,0.0102913603186607
HIP,30751,7735,12,0.0005796666955575,0.0039620460011065
HIP,18669,7736,16,0.0080707604065537,0.0202916637063026
HIP,27305,7737,13,0.0131183741614222,0.0268079731613397
HIP,894,7738,18,0.0065170992165803,0.0096570281311869
HIP,26936,7739,19,0.0455536805093288,0.0541288591921329
HIP,8,7740,12,0.0066589103080332,0.021469147875905
HIP,3307,7741,11,0.0061487024649977,0.0186836719512939
HIP,35491,7742,13,0.010301211848855,0.0223365910351276
HIP,28205,7743,11,0.00197633379139,0.0053625614382326
HIP,32610,7744,9,0.0066524688154459,0.022412534803152
HIP,25709,7745,10,0.0052447621710598,0.0146336024627089
HIP,28811,7746,14,0.0082267606630921,0.0184246208518743
HIP,40148,7747,15,0.0069221896119415,0.0160641372203826
HIP,20265,7748,16,0.0022728329058736,0.0075053721666336
HIP,36535,7749,16,0.0024572694674134,0.0074425903148949
HIP,7698,7750,12,0.0150488512590527,0.0344771519303321
HIP,36485,7751,14,0.0068356688134372,0.0191813129931688
HIP,42675,7752,14,0.006119237281382,0.0118843680247664
HIP,35197,7753,13,0.0012125971261411,0.0058824471198022
HIP,36122,7754,13,0.0548386685550212,0.1124073639512062
HIP,44927,7755,14,0.0055519025772809,0.0134433126077055
HIP,17370,7756,10,0.0033090112265199,0.0158645901829004
HIP,24757,7757,12,0.0006122147315181,0.0036807996220886
HIP,44531,7758,15,0.000980014912784,0.0045225410722196
HIP,37221,7759,13,0.0037818788550794,0.0126961283385753
HIP,11295,7760,15,0.0036081282887607,0.0151921529322862
HIP,37442,7761,13,0.0060586752369999,0.0135385440662503
HIP,49070,7762,12,0.0105863446369767,0.0190198104828596
HIP,21751,7763,16,0.0006821438437327,0.0738098472356796
HIP,7636,7764,12,0.0027872861828655,0.0078686103224754
HIP,9230,7765,12,0.0027439533732831,0.0075348881073296
HIP,47846,7766,12,0.0119638489559292,0.0271921269595623
HIP,33446,7767,9,0.0208912380039691,0.0461355969309806
HIP,1378,7768,16,0.0099306842312216,0.0154672302305698
HIP,43637,7769,17,0.0028382330201566,0.0178207997232675
HIP,39553,7770,14,0.0030822821427136,0.0084833223372697
HIP,20174,7771,17,0.0008010392193682,0.002852288307622
HIP,41614,7772,16,0.0014317992608994,0.0048460001125931
HIP,5311,7773,19,0.0017434366745874,0.0141535084694623
HIP,47245,7774,15,0.0010337800486013,0.019282029941678
HIP,5839,7775,14,0.0022987064439803,0.0055446680635213
HIP,8892,7776,11,0.0054246569052338,0.0129102645441889
HIP,13228,7777,14,0.0031076094601303,0.0092322342097759
HIP,14268,7778,16,0.0074630435556173,0.0154009889811277
HIP,48296,7779,13,0.0005498670507222,0.0026909091975539
HIP,6762,7780,16,0.0014248006045818,0.0046042334288358
HIP,39273,7781,16,0.0036723751109093,0.0087605686858296
HIP,42851,7782,14,0.0009870383655652,0.0048218150623142
HIP,12506,7783,14,0.0058321133255958,0.0129312491044402
HIP,17924,7784,11,0.0125930169597268,0.0261852219700813
HIP,12063,7785,14,0.0207866616547107,0.0483860708773136
HIP,50740,7786,14,0.0016814309637993,0.0060132960788905
HIP,29910,7787,19,0.0005802189116366,0.0044138664379715
HIP,7927,7788,13,0.0276054330170154,0.0558939613401889
HIP,41751,7789,15,0.0028820403385907,0.015951519832015
HIP,23638,7790,17,0.0044988677836954,0.0141846928745508
HIP,50708,7791,8,0.0208230949938297,0.0638405084609985
HIP,43100,7792,14,0.0030746825505048,0.0083086062222719
HIP,34273,7793,16,0.0009914089459925,0.0044315778650343
HIP,44786,7794,14,0.0054948609322309,0.0115866493433713
HIP,9996,7795,17,0.0020431757438927,0.0057701589539647
HIP,18217,7796,12,0.0023760721087455,0.0131612829864025
HIP,7784,7797,15,0.0012029403587803,0.0057216230779886
HIP,32529,7798,16,0.0069079375825822,0.0204699598252773
HIP,47794,7799,13,0.0122536495327949,0.0207325592637062
HIP,35993,7800,21,0.0031034129206091,0.0196578353643417
HIP,11470,7801,17,0.0401037745177745,0.0748170837759971
HIP,39745,7802,15,0.0029005813412368,0.0065156160853803
HIP,43598,7803,15,0.0102532338351011,0.0171722508966922
HIP,9170,7804,15,0.0023989723995327,0.0100569054484367
HIP,44729,7805,10,0.0055699916556477,0.0177224837243556
HIP,24143,7806,17,0.0039597866125404,0.0122312679886817
HIP,9491,7807,10,0.001664993702434,0.0077063990756869
HIP,46109,7808,13,0.0040716882795095,0.0091625358909368
HIP,43875,7809,19,0.002914675977081,0.0100865410640835
HIP,16891,7810,16,0.0020953998900949,0.0045539480634033
HIP,13811,7811,12,0.0533775240182876,0.0622302740812301
HIP,15995,7812,14,0.0013498949119821,0.0175288841128349
HIP,33751,7813,16,0.0020986881572753,0.0080470638349652
HIP,18300,7814,13,0.00343454699032,0.0068278983235359
HIP,11560,7815,9,0.0106803532689809,0.0444025360047817
HIP,46767,7816,15,0.0201567281037569,0.039827823638916
HIP,41027,7817,15,0.014572350308299,0.0329842902719974
HIP,26219,7818,14,0.0040196338668465,0.0085856225341558
HIP,37290,7819,16,0.0056029250845313,0.0149369025602936
HIP,14598,7820,14,0.0136595843359828,0.0460361279547214
HIP,16416,7821,14,0.0209918357431888,0.049831960350275
HIP,13524,7822,19,0.0029517652001231,0.02940284460783
HIP,27341,7823,16,0.0022561363875865,0.0053859064355492
HIP,44874,7824,18,0.0007176523213274,0.0022667902521789
HIP,38832,7825,17,0.0135572310537099,0.0223990492522716
HIP,11394,7826,16,0.0013947779079899,0.0084505518898367
HIP,5171,7827,15,0.0059436727315187,0.0106325354427099
HIP,42703,7828,10,0.0142796309664845,0.03344551846385
HIP,21708,7829,15,0.0019334154203534,0.0586697645485401
HIP,26521,7830,11,0.0174287743866443,0.0548185035586357
HIP,18880,7831,10,0.0016718806000426,0.0069081159308552
HIP,3824,7832,12,0.0494602732360363,0.2814047038555145
HIP,31653,7833,11,0.0847504213452339,0.1866803914308548
HIP,12374,7834,18,0.005422806367278,0.0204308647662401
HIP,47578,7835,11,0.0276178494095802,0.0868456438183784
HIP,20849,7836,12,0.0155009198933839,0.0473788566887378
HIP,21665,7837,14,0.0081536369398236,0.0196956973522901
HIP,2142,7838,13,0.0073799164965748,0.0179628785699605
HIP,36705,7839,17,0.0102791665121912,0.033339824527502
HIP,8741,7840,11,0.0292168799787759,0.0779682323336601
HIP,9641,7841,12,0.0008540836861357,0.0092765809968113
HIP,30541,7842,11,0.0030360845848917,0.0152611881494522
HIP,33581,7843,15,0.0011985688470304,0.0063675595447421
HIP,13059,7844,9,0.0083288317546248,0.0251137893646955
HIP,20602,7845,19,0.0122413216158747,0.0340548940002918
HIP,7298,7846,18,0.0064363977871835,0.010465377010405
HIP,20685,7847,17,0.0293070245534181,0.0498728454113006
HIP,30410,7848,11,0.0010107781272381,0.0273083839565515
HIP,36930,7849,18,0.0009983794298022,0.0056445864029228
HIP,20848,7850,15,0.0809076875448226,0.1234126538038253
HIP,39862,7851,10,0.0254190620034933,0.096038244664669
HIP,968,7852,15,0.0040254481136798,0.0132631603628396
HIP,43758,7853,15,0.002386815380305,0.0063330153934657
HIP,39364,7854,12,0.0088845277205109,0.034765139222145
HIP,9237,7855,16,0.0015297842910513,0.0076398751698434
HIP,16924,7856,15,0.003489721333608,0.0069647077471017
HIP,49414,7857,8,0.0194421336054801,0.0468085259199142
HIP,32970,7858,16,0.001143584260717,0.0037025318015366
HIP,17685,7859,16,0.0019556563347578,0.0602450296282768
HIP,438,7860,15,0.0036609915550798,0.0091029442846775
HIP,16127,7861,16,0.0007513848831877,0.0059270686469972
HIP,38012,7862,12,0.0008346255053766,0.004363851621747
HIP,26060,7863,15,0.0034814763348549,0.008094772696495
HIP,24974,7864,11,0.0065640099346637,0.0172659717500209
HIP,25012,7865,12,0.0226515084505081,0.0458563566207885
HIP,47888,7866,11,0.0017102516721934,0.0056314165703952
HIP,15321,7867,11,0.0016147885471582,0.005998364649713
HIP,43178,7868,11,0.0153158325701951,0.0477285757660865
HIP,91,7869,10,0.0477593690156936,0.0850571915507316
HIP,47401,7870,14,0.0056471778079867,0.0138476667925715
HIP,26377,7871,13,0.0158001706004142,0.0303764473646879
HIP,36481,7872,19,0.0036548869684338,0.0080645913258194
HIP,30215,7873,14,0.0096297468990087,0.0251114591956138
HIP,1989,7874,10,0.0400112569332122,0.1519633084535598
HIP,18896,7875,16,0.0073266616091132,0.0177907384932041
HIP,22880,7876,15,0.001618020934984,0.0102141434326767
HIP,16283,7877,14,0.0043965661898255,0.0156490243971347
HIP,33201,7878,11,0.0010092532029375,0.0136058386415243
HIP,27248,7879,15,0.0060214381664991,0.0155699681490659
HIP,9812,7880,12,0.0040251868776977,0.014691337943077
HIP,4196,7881,15,0.0011999491835013,0.0052660927176475
HIP,37923,7882,11,0.006615534890443,0.0194595027714967
HIP,7570,7883,12,0.0118659762665629,0.0309899188578128
HIP,39844,7884,15,0.0219866782426834,0.0270716603845357
HIP,32907,7885,12,0.0183011498302221,0.0413326025009155
HIP,41011,7886,11,0.0050497804768383,0.0239118542522192
HIP,36908,7887,11,0.0023914217017591,0.0069262702018022
HIP,11314,7888,12,0.0031651889439672,0.008489916101098
HIP,24685,7889,10,0.001829239539802,0.0079508190974593
HIP,11372,7890,12,0.0028253546915948,0.0074383434839546
HIP,7469,7891,14,0.0015663809608668,0.0057422989048063
HIP,20065,7892,15,0.0120692057535052,0.0483727268874645
HIP,50696,7893,9,0.005940624512732,0.0147387525066733
HIP,28753,7894,12,0.0031416458077728,0.0127250617370009
HIP,44548,7895,15,0.0017949234461411,0.0050197858363389
HIP,31361,7896,13,0.001596650108695,0.0081774871796369
HIP,17439,7897,19,0.0023113002534955,0.0056302342563867
HIP,2969,7898,10,0.0092203691601753,0.0256225615739822
HIP,50200,7899,14,0.0006446460611186,0.003402377013117
HIP,11686,7900,14,0.0038959307130426,0.0069269454106688
HIP,50756,7901,12,0.0143327452242374,0.0464437454938888
HIP,35356,7902,18,0.0061284992843866,0.0144438985735178
HIP,21032,7903,13,0.011130653321743,0.0289340913295745
HIP,8600,7904,13,0.0045836749486625,0.0137785952538251
HIP,6700,7905,19,0.0028539067134261,0.0082761291414499
HIP,35238,7906,16,0.0099419569596648,0.015439354814589
HIP,3193,7907,19,0.0517638027667999,0.072789192199707
HIP,46259,7908,14,0.0175517257302999,0.0265977438539266
HIP,43568,7909,17,0.0072586829774081,0.0178693458437919
HIP,35989,7910,11,0.0017832433804869,0.0055177481845021
HIP,37674,7911,13,0.0061524831689894,0.016582166776061
HIP,30147,7912,16,0.0014952365309,0.0043714959174394
HIP,2602,7913,15,0.0072160777635872,0.0136192794889211
HIP,49449,7914,13,0.0065887905657291,0.0414423644542694
HIP,2543,7915,15,0.0010813263943418,0.0046310140751302
HIP,42401,7916,7,0.0022834045812487,0.0283188968896865
HIP,12284,7917,14,0.0182042233645916,0.0310616306960582
HIP,4187,7918,10,0.0010774558177217,0.007418795954436
HIP,2404,7919,19,0.0012489282526075,0.0040618646889925
HIP,21444,7920,10,0.0030814574565738,0.0160850752145051
HIP,20384,7921,9,0.0308690220117568,0.067153625190258
HIP,44047,7922,12,0.0025452557019889,0.0097321858629584
HIP,43289,7923,11,0.0034424606710672,0.0101249311119318
HIP,17520,7924,12,0.0660077407956123,0.1505423933267593
HIP,50342,7925,14,0.0031882850453257,0.0098442528396844
HIP,1098,7926,14,0.0091517306864261,0.0190930049866437
HIP,37151,7927,15,0.0101783024147152,0.0261256136000156
HIP,13937,7928,11,0.0052351518534123,0.0190876051783561
HIP,37889,7929,14,0.0138519424945116,0.0267001520842313
HIP,35713,7930,14,0.0050116437487304,0.0130496211349964
HIP,27680,7931,17,0.0040247123688459,0.0201615691184997
HIP,15850,7932,14,0.0039364481344819,0.0263965241611003
HIP,36916,7933,9,0.0332660861313343,0.1027910485863685
HIP,5340,7934,19,0.0014687112998217,0.0040788515470921
HIP,40815,7935,15,0.0017469367012381,0.0053629535250365
HIP,5431,7936,16,0.0018631148850545,0.0051075564697384
HIP,28983,7937,14,0.0229244902729988,0.0576479062438011
HIP,47438,7938,18,0.0183453746140003,0.0274896081537008
HIP,27486,7939,15,0.0214220471680164,0.0282834600657224
HIP,38242,7940,11,0.0045966627076268,0.0136076249182224
HIP,3015,7941,17,0.013094175606966,0.026050454005599
HIP,22439,7942,16,0.0033024586737155,0.0081475274637341
HIP,594,7943,14,0.0072679636068642,0.016266705468297
HIP,41734,7944,13,0.00093401101185,0.0039647100493311
HIP,953,7945,12,0.0043998816981911,0.022486163303256
HIP,22634,7946,10,0.007550420705229,0.0196736995130777
HIP,36789,7947,21,0.0024078614078462,0.0055900677107274
HIP,6918,7948,13,0.0133005594834685,0.1536179780960083
HIP,11053,7949,14,0.0014082397101446,0.0089959325268864
HIP,37662,7950,14,0.0054236510768532,0.0135515434667468
HIP,49492,7951,17,0.0155161917209625,0.0184950828552246
HIP,32934,7952,16,0.0039658965542912,0.0104657327756285
HIP,29811,7953,13,0.0718516036868095,0.1326150000095367
HIP,23385,7954,16,0.0113615421578288,0.0272411033511161
HIP,19649,7955,17,0.0022199808154255,0.0050481595098972
HIP,32955,7956,17,0.0031813078094273,0.0095392847433686
HIP,17885,7957,10,0.0012945948401466,0.0093666864559054
HIP,24687,7958,14,0.0036855279467999,0.0077287200838327
HIP,28720,7959,13,0.0135476579889655,0.027721943333745
HIP,43273,7960,12,0.005372071173042,0.0163480434566736
HIP,10510,7961,12,0.0171519294381141,0.0312946438789367
HIP,7586,7962,19,0.0017765550874173,0.0050462465733289
HIP,38676,7963,16,0.0092827845364809,0.0172484945505857
HIP,21016,7964,13,0.0037715921644121,0.0318087264895439
HIP,42156,7965,14,0.0104067651554942,0.0330807492136955
HIP,37887,7966,10,0.0315449982881546,0.0455753840506076
HIP,42428,7967,12,0.0087030185386538,0.0228271801024675
HIP,49452,7968,15,0.0037353897932916,0.0075335069559514
HIP,24454,7969,13,0.0028064544312655,0.0121175218373537
HIP,10462,7970,14,0.0049284873530268,0.0122301448136568
HIP,38213,7971,12,0.0102182431146502,0.0284169893711805
HIP,23803,7972,12,0.0042589916847646,0.0176927503198385
HIP,25320,7973,11,0.0093182511627674,0.0309793166816234
HIP,29707,7974,15,0.0185718908905982,0.0593246482312679
HIP,2349,7975,17,0.0028862808831036,0.0086353663355112
HIP,38864,7976,10,0.0023989167530089,0.0085497507825493
HIP,30253,7977,13,0.0048622763715684,0.0125978589057922
HIP,42313,7978,14,0.0085698841139674,0.02287451736629
HIP,26346,7979,8,0.0033032824285328,0.0179389677941799
HIP,15961,7980,12,0.0007969739381223,0.0119486711919307
HIP,15026,7981,10,0.0094991447404026,0.0247171223163604
HIP,41395,7982,13,0.001491385162808,0.0282436795532703
HIP,30040,7983,15,0.0036083427257835,0.0083081284537911
HIP,19433,7984,15,0.0021249558776617,0.0051889959722757
HIP,44390,7985,13,0.0122710512951016,0.0263876095414161
HIP,23254,7986,17,0.0093623790889978,0.0166828669607639
HIP,35931,7987,7,0.0125703290104866,0.0532392263412475
HIP,16327,7988,11,0.002667280845344,0.010989636182785
HIP,24573,7989,19,0.0023934536147862,0.0494730025529861
HIP,6701,7990,14,0.0025478764437139,0.0088126147165894
HIP,2271,7991,12,0.0036203877534717,0.012348499149084
HIP,2484,7992,15,0.0090951593592762,0.0229317303746938
HIP,36245,7993,13,0.0264515336602926,0.0510899536311626
HIP,8515,7994,17,0.0031280613038688,0.0081898542121052
HIP,32162,7995,14,0.0088157262653112,0.0258502308279275
HIP,42569,7996,14,0.0045870174653828,0.0106169674545526
HIP,37728,7997,14,0.0047683301381766,0.0110723813995718
HIP,41486,7998,16,0.0037305429577827,0.0132711166515946
HIP,45874,7999,13,0.0452337488532066,0.0816921070218086
HIP,36633,8000,15,0.0011654935078695,0.0066233649849891
HIP,41083,8001,12,0.0063220327720046,0.0396612845361232
HIP,36247,8002,14,0.137785255908966,0.1310715824365615
HIP,4742,8003,16,0.0105315698310732,0.021770054474473
HIP,37934,8004,12,0.0128335207700729,0.0398444645106792
HIP,32422,8005,13,0.0112234782427549,0.0223373789340257
HIP,12725,8006,14,0.0416585057973861,0.0851877778768539
HIP,28122,8007,9,0.0183656215667724,0.0437934398651123
HIP,31691,8008,12,0.0989650785923004,0.2418302446603775
HIP,8472,8009,13,0.0023314333520829,0.0088664507493376
HIP,44717,8010,10,0.0618966072797775,0.224716231226921
HIP,19819,8011,15,0.003900671377778,0.0134284058585762
HIP,36751,8012,17,0.0117963915690779,0.0211255699396133
HIP,31298,8013,16,0.0021700330544263,0.0064175580628216
HIP,6932,8014,14,0.0048808837309479,0.0087601142004132
HIP,48139,8015,15,0.0012553526321426,0.0272772777825593
HIP,2563,8016,12,0.0028679051902145,0.0097912913188338
HIP,32068,8017,13,0.0040903794579207,0.0107370465993881
HIP,25614,8018,5,0.0017588479677215,0.0216238535940647
HIP,30184,8019,12,0.0033904719166457,0.0113231632858514
HIP,27087,8020,15,0.0073460242711007,0.0175213366746902
HIP,44946,8021,13,0.0324569270014762,0.0726829841732978
HIP,46720,8022,15,0.0030230190604925,0.0116580296307802
HIP,36787,8023,12,0.0047201514244079,0.0123011320829391
HIP,29138,8024,17,0.0053674229420721,0.012086427770555
HIP,13636,8025,15,0.0056298444978892,0.0118850348517298
HIP,8848,8026,12,0.0193428397178649,0.0365680232644081
HIP,3242,8027,18,0.004779556300491,0.021929545328021
HIP,39193,8028,12,0.0109190559014678,0.0262373518198728
HIP,2776,8029,17,0.0006046744529157,0.0113105783239007
HIP,14492,8030,14,0.0081926640123128,0.0227799788117408
HIP,43871,8031,12,0.0124122416600584,0.0356455110013484
HIP,31785,8032,15,0.0029007871635258,0.0084235714748501
HIP,2422,8033,17,0.0023067672736942,0.0055793621577322
HIP,2787,8034,11,0.0030647756066173,0.0098940841853618
HIP,37436,8035,16,0.0059756389819085,0.0170088578015565
HIP,12639,8036,13,0.0013770251534879,0.0059604798443615
HIP,7684,8037,18,0.0018634853186085,0.0091326106339693
HIP,32436,8038,16,0.000971317407675,0.0048364517278969
HIP,19902,8039,13,0.0056763542816042,0.015525690279901
HIP,5079,8040,15,0.0017639226280152,0.0070889461785554
HIP,33270,8041,10,0.0375318489968776,0.0688588470220565
HIP,14239,8042,11,0.0214275531470775,0.0639442205429077
HIP,41607,8043,13,0.0042880880646407,0.0147724645212292
HIP,30250,8044,11,0.007381132338196,0.0324130021035671
HIP,23101,8045,12,0.0019120390061289,0.0090714814141392
HIP,17468,8046,14,0.0173448249697685,0.0349206998944282
HIP,6909,8047,15,0.0074138147756457,0.0148936742916703
HIP,4472,8048,19,0.0251169186085462,0.0362105928361415
HIP,25199,8049,15,0.0072511741891503,0.0256513953208923
HIP,47465,8050,19,0.0036924662999808,0.019924271851778
HIP,42871,8051,13,0.0366260036826133,0.0927848294377327
HIP,29181,8052,19,0.0049157780595123,0.010785000398755
HIP,19179,8053,12,0.0026445302646607,0.0088126258924603
HIP,9229,8054,15,0.0075901504606008,0.0216270349919796
HIP,10588,8055,14,0.006618186365813,0.0177129041403532
HIP,47729,8056,12,0.0019866868387907,0.0066163865849375
HIP,37761,8057,9,0.0088868299499154,0.0271475780755281
HIP,22860,8058,14,0.0025749895721673,0.0116962930187582
HIP,48199,8059,14,0.0134263010695576,0.0256350021809339
HIP,8917,8060,16,0.0065963864326477,0.0640350133180618
HIP,30995,8061,17,0.0017323405481874,0.0046071079559624
HIP,27998,8062,10,0.0112194465473294,0.0282709561288356
HIP,45433,8063,13,0.0109765725210309,0.0203835032880306
HIP,7101,8064,15,0.003676707856357,0.0112945176661014
HIP,12779,8065,11,0.0023933448828756,0.006107460707426
HIP,30043,8066,17,0.0008308196556754,0.0043018981814384
HIP,19315,8067,13,0.0034520155750215,0.0085601601749658
HIP,32421,8068,11,0.0263971891254186,0.0445222370326519
HIP,49350,8069,12,0.0123068215325474,0.0279083792120218
HIP,9964,8070,12,0.0050357789732515,0.0153109412640333
HIP,27594,8071,15,0.0043254229240119,0.0139153944328427
HIP,48758,8072,15,0.0009333170601166,0.0288231130689382
HIP,135,8073,10,0.0060772774741053,0.023808242753148
HIP,20337,8074,16,0.0015212500002235,0.0045706331729888
HIP,13080,8075,19,0.0015735473716631,0.0051548089832067
HIP,25643,8076,15,0.0132727278396487,0.0329351425170898
HIP,47675,8077,19,0.0173190291970968,0.0441857427358627
HIP,2320,8078,13,0.0125070549547672,0.0358279198408126
HIP,17344,8079,16,0.0009491778328083,0.0143651831895113
HIP,16596,8080,14,0.0022636500652879,0.0091139506548643
HIP,35907,8081,15,0.0286986045539379,0.0531887635588645
HIP,50008,8082,12,0.00095883582253,0.0114075671881437
HIP,14121,8083,11,0.0200326368212699,0.0514574013650417
HIP,32592,8084,14,0.0029550795443356,0.0073411967605352
HIP,8787,8085,14,0.0045612454414367,0.0121880657970905
HIP,36007,8086,16,0.004731660708785,0.0131320869550108
HIP,45862,8087,12,0.013186328113079,0.0277811754494905
HIP,21159,8088,12,0.0228127837181091,0.0460961200296878
HIP,7124,8089,12,0.0092285173013806,0.0294925309717655
HIP,4666,8090,12,0.0082365237176418,0.0236410163342952
HIP,44683,8091,13,0.0036309675779193,0.0135161150246858
HIP,15831,8092,11,0.0074180467054247,0.0365794450044631
HIP,39313,8093,11,0.0316580571234226,0.0848449021577835
HIP,38794,8094,17,0.0029978074599057,0.0138925360515713
HIP,13956,8095,14,0.0092788357287645,0.0183846615254879
HIP,39287,8096,10,0.0073946937918663,0.0285674165934324
HIP,45091,8097,12,0.0026930975727736,0.0088013587519526
HIP,5283,8098,14,0.0306147690862417,0.0839164555072784
HIP,30189,8099,10,0.0072249663062393,0.0176348518580198
HIP,3732,8100,11,0.0353802628815174,0.0636319071054458
HIP,8949,8101,13,0.0126703921705484,0.0269134696573019
HIP,32734,8102,17,0.0104635721072554,0.0238765142858028
HIP,50525,8103,14,0.0131274247542023,0.0253512077033519
HIP,16684,8104,14,0.0456737019121646,0.0641532316803932
HIP,13156,8105,13,0.0079587548971176,0.0237179826945066
HIP,31188,8106,14,0.0067323646508157,0.0192549563944339
HIP,16171,8107,15,0.0084917321801185,0.0245575942099094
HIP,25855,8108,12,0.0009165841038338,0.0041054817847907
HIP,2867,8109,16,0.0070348316803574,0.0640826746821403
HIP,17343,8110,13,0.0270405337214469,0.0431475043296813
HIP,6529,8111,16,0.0023340045008808,0.0054572774097323
HIP,2099,8112,17,0.0032092807814478,0.0102167055010795
HIP,15884,8113,14,0.0047088349238038,0.0130851296707987
HIP,4147,8114,11,0.0017903090920299,0.0063880318775773
HIP,1038,8115,18,0.0037689548917114,0.0179643761366605
HIP,9164,8116,17,0.0061504510231316,0.0092694740742445
HIP,40558,8117,16,0.0038519636727869,0.0104404455050826
HIP,5129,8118,17,0.0161635279655456,0.029899775981903
HIP,27159,8119,9,0.0237843338400125,0.0503985658288002
HIP,11344,8120,12,0.0162454340606927,0.0362784676253795
HIP,20238,8121,10,0.0220080334693193,0.0425740927457809
HIP,8059,8122,8,0.0067192381247878,0.0238037593662738
HIP,48226,8123,11,0.0024330879095941,0.0067740641534328
HIP,42885,8124,11,0.0064148120582103,0.0212350990623235
HIP,39160,8125,17,0.002634892007336,0.0116709219291806
HIP,44765,8126,12,0.0070281499065458,0.0199254676699638
HIP,14053,8127,16,0.0033612407278269,0.0092921983450651
HIP,39499,8128,12,0.0049262517131865,0.0125071043148636
HIP,48648,8129,13,0.0229596532881259,0.0367022231221199
HIP,215,8130,17,0.0059345173649489,0.0127399414777755
HIP,6033,8131,13,0.0043632718734443,0.0131437545642256
HIP,34117,8132,18,0.0009968286613002,0.0026039080694317
HIP,49654,8133,11,0.0050279260613024,0.0120481345802545
HIP,34605,8134,17,0.0053160213865339,0.0084774130955338
HIP,5544,8135,15,0.0228089895099401,0.057035606354475
HIP,16526,8136,16,0.01001145131886,0.0182285141199827
HIP,50272,8137,6,0.0719648376107215,0.2836004793643951
HIP,48352,8138,19,0.0006079065497033,0.0024927372578531
HIP,25516,8139,18,0.0031275819055736,0.0093001229688525
HIP,30439,8140,12,0.0130241215229034,0.0238167699426412
HIP,2035,8141,13,0.0020239681471139,0.0059699811972677
HIP,39623,8142,14,0.0063011278398334,0.0167910829186439
HIP,38658,8143,16,0.0008518570102751,0.0035084374248981
HIP,35644,8144,18,0.0021518026478588,0.0091325175017118
HIP,50000,8145,15,0.0066707557998597,0.013476513326168
HIP,30503,8146,8,0.0035388579126447,0.0173599198460578
HIP,6411,8147,12,0.0094890790060162,0.0212926007807254
HIP,40787,8148,10,0.0310082286596298,0.050510823726654
HIP,38717,8149,17,0.0013785832561552,0.0162932369858026
HIP,28289,8150,15,0.0017519274260848,0.0069853174500167
HIP,26793,8151,11,0.0038203373551368,0.0138264549896121
HIP,1147,8152,10,0.0132564948871731,0.0435905754566192
HIP,15655,8153,12,0.0028596327174454,0.0085748136043548
HIP,12703,8154,15,0.0050128754228353,0.0099512739107012
HIP,12379,8155,12,0.0134747037664055,0.0335142537951469
HIP,19508,8156,16,0.0096122846007347,0.0150224613025784
HIP,47797,8157,12,0.0209733508527278,0.0604441799223423
HIP,8696,8158,19,0.002375389682129,0.0056321285665035
HIP,26010,8159,16,0.0022829673252999,0.0048258886672556
HIP,23715,8160,14,0.0189886204898357,0.0339206680655479
HIP,24885,8161,12,0.006750313565135,0.0162354484200477
HIP,34323,8162,15,0.0050965496338903,0.0127190127968788
HIP,2592,8163,16,0.0089890360832214,0.0151906413957476
HIP,13744,8164,12,0.0018848577747121,0.0070877224206924
HIP,23849,8165,13,0.0007401388720609,0.0044242655858397
HIP,24804,8166,14,0.0012119426392018,0.0052912761457264
HIP,19412,8167,13,0.0031970683485269,0.0100023010745644
HIP,35733,8168,13,0.0007208220195025,0.0041160159744322
HIP,5376,8169,12,0.0038842852227389,0.008690882474184
HIP,10428,8170,13,0.0006024214671924,0.0030057048425078
HIP,18088,8171,13,0.0056138737127184,0.0150813311338424
HIP,33819,8172,13,0.0253101903945207,0.0316510200500488
HIP,11029,8173,14,0.0064517934806644,0.0149628762155771
HIP,46027,8174,14,0.0017081447876989,0.0108316279947757
HIP,50703,8175,12,0.0040568369440734,0.0104782497510313
HIP,25367,8176,13,0.001660399721004,0.0050222100690007
HIP,8265,8177,12,0.0158757772296667,0.0468236096203327
HIP,33746,8178,15,0.0065703876316547,0.0143684726208448
HIP,41146,8179,14,0.0013443249044939,0.0050362395122647
HIP,7705,8180,11,0.0138035118579864,0.0405931659042835
HIP,41996,8181,14,0.0150199038907885,0.031311847269535
HIP,6924,8182,13,0.0285904631018638,0.0597437694668769
HIP,24253,8183,11,0.0427758805453777,0.1619511544704437
HIP,41069,8184,19,0.0539309531450271,0.0990414023399353
HIP,9328,8185,13,0.0046643516980111,0.0144005231559276
HIP,10745,8186,12,0.0007769287331029,0.0042905644513666
HIP,38235,8187,12,0.0251011792570352,0.0620121918618679
HIP,38147,8188,13,0.0145619716495275,0.0308496002107858
HIP,48858,8189,17,0.0034230055753141,0.0182612128555774
HIP,19289,8190,12,0.0155967343598604,0.0400800630450248
HIP,40529,8191,10,0.0318558402359485,0.0828930139541626
HIP,41900,8192,8,0.0417635701596736,0.1426241993904113
HIP,3462,8193,6,0.0141037059947848,0.0586120001971721
HIP,16983,8194,18,0.0394190140068531,0.0430456474423408
HIP,30207,8195,18,0.004198286216706,0.0083832368254661
HIP,11381,8196,12,0.010712681338191,0.0452006049454212
HIP,14987,8197,11,0.0006019489374011,0.0426902659237384
HIP,10635,8198,14,0.0085884928703308,0.0265309773385524
HIP,17445,8199,14,0.0021409487817436,0.0132091464474797
HIP,12619,8200,16,0.0007653930224478,0.0028806247282773
HIP,36522,8201,15,0.0018003480508923,0.0067822909913957
HIP,29204,8202,15,0.0066443807445466,0.0190670974552631
HIP,41426,8203,10,0.0327789261937141,0.0687204450368881
HIP,34247,8204,11,0.0021397843956947,0.0107015818357467
HIP,14745,8205,17,0.0020325283985584,0.0187339410185813
HIP,6075,8206,16,0.004365062341094,0.0094570089131593
HIP,14259,8207,18,0.0099124060943722,0.0199889037758111
HIP,47442,8208,12,0.0042884112335741,0.0365290381014347
HIP,36818,8209,8,0.0219378918409347,0.0608086846768856
HIP,49142,8210,13,0.0249572750180959,0.0475898161530494
HIP,5412,8211,10,0.0026769614778459,0.0110459709540009
HIP,32473,8212,10,0.0081450063735246,0.0264184456318616
HIP,2589,8213,13,0.0060803685337305,0.0242157187312841
HIP,28840,8214,14,0.0238460078835487,0.0356377027928829
HIP,15905,8215,16,0.0015517324209213,0.0061064660549163
HIP,21867,8216,13,0.0110814897343516,0.0230689570307731
HIP,43258,8217,10,0.0301885195076465,0.0833129733800888
HIP,15257,8218,10,0.00712710339576,0.0166218429803848
HIP,28194,8219,17,0.0081877708435058,0.0152762942016124
HIP,43416,8220,12,0.0026910458691418,0.0099445320665836
HIP,22458,8221,12,0.0013135849731042,0.0083357375115156
HIP,6464,8222,13,0.0016135378973558,0.0055494434200227
HIP,12436,8223,13,0.0055599473416805,0.0169129408895969
HIP,11885,8224,16,0.0099544506520032,0.014788401313126
HIP,42519,8225,16,0.0046472833491861,0.0109371365979313
HIP,35125,8226,12,0.0014331970596686,0.0077469144016504
HIP,6000,8227,16,0.0053285202011466,0.0106973135843873
HIP,38077,8228,8,0.0009076482383534,0.0073442202992737
HIP,37548,8229,11,0.001982165267691,0.0066764219664037
HIP,26635,8230,14,0.0023180497810244,0.0143167115747928
HIP,44620,8231,17,0.0071799959987401,0.0171667914837598
HIP,37347,8232,15,0.0071076992899179,0.0176374875009059
HIP,43428,8233,14,0.0387708432972431,0.0386936627328395
HIP,4016,8234,12,0.0025052696000784,0.0113672446459531
HIP,17979,8235,13,0.0053197215311229,0.014419243671
HIP,10067,8236,14,0.0007611111504957,0.0035258387215435
HIP,22662,8237,16,0.002976531162858,0.0077081811614334
HIP,2386,8238,16,0.0007456827443093,0.0033540402073413
HIP,26956,8239,11,0.0050406609661877,0.0237784534692764
HIP,23479,8240,19,0.0004690344794653,0.002069127280265
HIP,22429,8241,16,0.0070577799342572,0.0155544811859726
HIP,45065,8242,11,0.0016767478082329,0.0091266771778464
HIP,19850,8243,14,0.0066318400204181,0.0132954707369208
HIP,11619,8244,14,0.0130710061639547,0.0298318490386009
HIP,13557,8245,14,0.0337178707122802,0.0798882246017456
HIP,35283,8246,16,0.0008749057305976,0.0032058677170425
HIP,26161,8247,12,0.0074589285068213,0.0176435634493827
HIP,45440,8248,13,0.0010099256178364,0.0041920025832951
HIP,5193,8249,15,0.0012932998361065,0.0051558534614741
HIP,46090,8250,16,0.0034462809562683,0.0103944232687354
HIP,26561,8251,9,0.0852111876010894,0.2213469594717025
HIP,10399,8252,15,0.0007849727990105,0.0036121918819844
HIP,1093,8253,12,0.0372108817100524,0.0788425728678703
HIP,20973,8254,14,0.007905101403594,0.0196781512349843
HIP,39709,8255,13,0.0012270326260477,0.0042959824204444
HIP,35270,8256,13,0.003020929172635,0.01011932361871
HIP,31822,8257,12,0.0022499759215861,0.0090319151058793
HIP,15041,8258,12,0.0013832845725119,0.0097971707582473
HIP,12830,8259,12,0.0069973818026483,0.0175183787941932
HIP,50270,8260,15,0.0103588942438364,0.0268057584762573
HIP,10377,8261,16,0.0140645336359739,0.0257421992719173
HIP,19994,8262,12,0.0075439065694808,0.0198084712028503
HIP,49519,8263,13,0.0011102225398644,0.0060637597925961
HIP,10515,8264,13,0.0024016380775719,0.0124758277088403
HIP,50538,8265,12,0.0229285098612308,0.0524323061108589
HIP,22793,8266,16,0.0019205512944608,0.009370126761496
HIP,21268,8267,19,0.0079625686630606,0.016620073467493
HIP,50681,8268,18,0.0013013960560783,0.0039659193716943
HIP,48692,8269,12,0.0051459041424095,0.0121606942266225
HIP,7732,8270,16,0.0080469381064176,0.0184160303324461
HIP,32400,8271,18,0.0031409375369548,0.0073767243884503
HIP,22437,8272,13,0.0268556401133537,0.0572831816971302
HIP,33847,8273,16,0.0023435968905687,0.0052133817225694
HIP,33431,8274,14,0.0027400306425988,0.0068895281292498
HIP,42102,8275,15,0.009973095729947,0.0180889293551445
HIP,7240,8276,19,0.002818870358169,0.0109550263732671
HIP,50489,8277,14,0.0044153057970106,0.0103463130071759
HIP,757,8278,13,0.0038710290100425,0.0126422410830855
HIP,10639,8279,14,0.0011177767300978,0.0083764372393488
HIP,35586,8280,17,0.0116370059549808,0.016786066815257
HIP,4796,8281,12,0.0105960192158818,0.0265899766236543
HIP,16993,8282,9,0.0340227149426937,0.0535860210657119
HIP,20547,8283,18,0.0290745459496974,0.0374164842069149
HIP,22663,8284,12,0.0031959495972841,0.0121534634381532
HIP,2233,8285,13,0.0068670962937176,0.0153481280431151
HIP,12640,8286,13,0.0167879443615674,0.0284126941114664
HIP,10088,8287,16,0.0011306698434054,0.0157843176275491
HIP,22610,8288,12,0.0083277504891157,0.024899948388338
HIP,45663,8289,14,0.0040411869995296,0.0091333957388997
HIP,50263,8290,13,0.1828389316797256,0.2408419251441955
HIP,45885,8291,12,0.0188025459647178,0.0529665648937225
HIP,11536,8292,12,0.0433348938822746,0.0754991099238395
HIP,24279,8293,10,0.0070126350037753,0.0243440717458724
HIP,2564,8294,14,0.0029801677446812,0.0082356370985507
HIP,32928,8295,11,0.0040456773713231,0.0088048409670591
HIP,6323,8296,14,0.0078490721061825,0.0200879890471696
HIP,49341,8297,12,0.0071508106775581,0.0149199124425649
HIP,49842,8298,13,0.0054558236151933,0.0255603305995464
HIP,28678,8299,14,0.0126414243131876,0.0237770974636077
HIP,33306,8300,15,0.0030274216551333,0.0086928075179457
HIP,47226,8301,13,0.0055234003812074,0.0133568523451685
HIP,6003,8302,12,0.0157192442566156,0.0437469072639942
HIP,29571,8303,12,0.0225458703935146,0.0376747287809848
HIP,7194,8304,16,0.004849606193602,0.0112556582316756
HIP,17595,8305,15,0.0070071499794721,0.0147943096235394
HIP,39066,8306,14,0.0011891435133293,0.00416941056028
HIP,28641,8307,14,0.0024267968256026,0.0154673755168914
HIP,34798,8308,12,0.0030841354746371,0.0111426813527941
HIP,18664,8309,12,0.0009973112028092,0.0095584299415349
HIP,23271,8310,17,0.0005663004121743,0.0142557211220264
HIP,12560,8311,15,0.0013324549654498,0.0057340688072144
HIP,30670,8312,17,0.0082781082019209,0.015988852828741
HIP,16266,8313,14,0.0029938498046249,0.0092602921649813
HIP,49245,8314,12,0.0115043157711625,0.0358458086848259
HIP,13970,8315,8,0.0802430137991905,0.1686243265867233
HIP,36982,8316,9,0.0027173559647053,0.0120751308277249
HIP,17627,8317,15,0.0155020374804735,0.0399561524391174
HIP,6220,8318,13,0.0008609335054643,0.0037343762814998
HIP,23499,8319,13,0.014943866059184,0.0264957547187805
HIP,13324,8320,10,0.0042624562047421,0.0272893235087394
HIP,16255,8321,13,0.0014034941559657,0.0048675634898245
HIP,16193,8322,15,0.0423117689788341,0.0512058101594448
HIP,37477,8323,15,0.0013865513028576,0.0073529458604753
HIP,47748,8324,10,0.0094057107344269,0.0355900861322879
HIP,7561,8325,13,0.0082011809572577,0.0166528429836034
HIP,1053,8326,8,0.0077271196059882,0.0241935420781373
HIP,42816,8327,17,0.0038698548451066,0.0082276063039898
HIP,43172,8328,13,0.0350052081048488,0.0750350356101989
HIP,31179,8329,10,0.0065659945830702,0.0128078404814004
HIP,50521,8330,10,0.022614262998104,0.0398237705230712
HIP,5871,8331,15,0.0076521029695868,0.0232881214469671
HIP,21396,8332,14,0.0027912915684282,0.0059675564989447
HIP,1059,8333,11,0.0046055885031819,0.0128657547757029
HIP,692,8334,16,0.0565196089446544,0.0587270930409431
HIP,24593,8335,17,0.0117720253765583,0.0231291335076093
HIP,10719,8336,13,0.0025213269982486,0.0114753507077693
HIP,20233,8337,14,0.0037063448689877,0.0174696445465087
HIP,4580,8338,15,0.0007938151829876,0.0045751272700726
HIP,35606,8339,12,0.0105110080912709,0.0211403332650661
HIP,15942,8340,12,0.1071429625153541,0.1934173107147216
HIP,19359,8341,11,0.0485305786132812,0.078762799501419
HIP,32790,8342,18,0.0022446170914918,0.0062569831497967
HIP,34526,8343,13,0.0032344055362045,0.0098927672952413
HIP,18607,8344,16,0.0032407287508249,0.0192117486149072
HIP,37652,8345,12,0.0450521893799304,0.0988577827811241
HIP,27718,8346,14,0.0304190386086702,0.043641161173582
HIP,23094,8347,15,0.0020543674472719,0.0064211632125079
HIP,29557,8348,15,0.0035667705815285,0.0097526777535676
HIP,33447,8349,14,0.0018879532581195,0.0093712406232953
HIP,27936,8350,9,0.0330920740962028,0.1125875189900398
HIP,39021,8351,11,0.0014424920082092,0.0074874362908303
HIP,11545,8352,15,0.0104044852778315,0.0204816907644271
HIP,12301,8353,13,0.0065004797652363,0.02460846491158
HIP,6649,8354,12,0.0184435676783323,0.0283188708126544
HIP,38572,8355,8,0.0038181338459253,0.0252071861177682
HIP,23461,8356,17,0.0274501536041498,0.0499901510775089
HIP,50077,8357,10,0.0029633569065481,0.0095646390691399
HIP,6005,8358,15,0.0070645520463585,0.0162608046084642
HIP,6082,8359,14,0.0072895092889666,0.0166782326996326
HIP,41548,8360,16,0.0009262608364224,0.0043944180943071
HIP,41482,8361,17,0.0015920420410111,0.0092628123238682
HIP,11400,8362,14,0.0100811040028929,0.0297690127044916
HIP,48631,8363,15,0.0013308696215972,0.0046907616779208
HIP,26305,8364,16,0.0038466420955955,0.0112713472917675
HIP,25986,8365,15,0.0068011926487088,0.020033773034811
HIP,50140,8366,19,0.0032406514510512,0.007238264195621
HIP,24088,8367,15,0.0005430225282907,0.0026138401590287
HIP,31398,8368,15,0.0026092045009136,0.0076794009655714
HIP,33827,8369,13,0.0175054259598255,0.0560648366808891
HIP,44710,8370,13,0.0116869807243347,0.0217632800340652
HIP,25823,8371,17,0.0044327229261398,0.0075375204905867
HIP,47062,8372,15,0.0007369248778559,0.0151887359097599
HIP,9414,8373,20,0.0011668924707919,0.0160875953733921
HIP,34860,8374,15,0.0061354292556643,0.0275526791810989
HIP,1357,8375,11,0.004205085337162,0.012948190793395
HIP,37827,8376,14,0.0221298485994339,0.0401413403451442
HIP,14395,8377,16,0.0017876060446724,0.0049680066294968
HIP,13552,8378,10,0.0057899407111108,0.0166170578449964
HIP,24639,8379,11,0.0201877057552337,0.0469703562557697
HIP,49924,8380,16,0.0110903847962617,0.0182685945183038
HIP,14710,8381,13,0.0035584806464612,0.0089070266112685
HIP,25985,8382,13,0.0406136661767959,0.06559769064188
HIP,49650,8383,14,0.0007889109547249,0.0034138881601393
HIP,2334,8384,15,0.005813708063215,0.0219858046621084
HIP,47136,8385,15,0.0107531994581222,0.0786103755235672
HIP,32315,8386,11,0.0058570522814989,0.0168284364044666
HIP,24600,8387,16,0.0032624322921037,0.0104353260248899
HIP,1816,8388,12,0.0113842161372303,0.0495854206383228
HIP,9423,8389,12,0.0084289945662021,0.0207552183419466
HIP,46844,8390,10,0.0330441333353519,0.0903848111629486
HIP,725,8391,11,0.0593607425689697,0.151411771774292
HIP,11831,8392,13,0.0165719259530305,0.033441886305809
HIP,28184,8393,14,0.0036746663972735,0.0127555821090936
HIP,11301,8394,13,0.0032365170773118,0.0145851029083132
HIP,38187,8395,9,0.002581046661362,0.0105520021170377
HIP,49631,8396,9,0.0032173024956136,0.0149721950292587
HIP,15095,8397,11,0.0017957075033336,0.009016390889883
HIP,45110,8398,11,0.0080911433324217,0.0183665473014116
HIP,46762,8399,15,0.0006770879845134,0.0022809174843132
HIP,32389,8400,14,0.0026180502027273,0.0103903971612453
HIP,39586,8401,14,0.0009355385554954,0.0076732658781111
HIP,21670,8402,11,0.0057098735123872,0.0231103431433439
HIP,18160,8403,12,0.0146620739251375,0.034222986549139
HIP,40447,8404,15,0.0033451910130679,0.0092499777674674
HIP,16052,8405,14,0.0076883807778358,0.0177647043019533
HIP,36321,8406,10,0.0114607838913798,0.0264644138514995
HIP,6648,8407,12,0.0024572510737925,0.008266806602478
HIP,18603,8408,17,0.0028772724326699,0.0083395894616842
HIP,33411,8409,21,0.0062032984569668,0.0129674123600125
HIP,33303,8410,20,0.0012413315707817,0.016139380633831
HIP,1234,8411,16,0.0118677448481321,0.0441915765404701
HIP,40838,8412,14,0.0018501232843846,0.0083368495106697
HIP,14853,8413,16,0.0057261581532657,0.0197056271135807
HIP,29849,8414,15,0.0046481639146804,0.0331775806844234
HIP,49882,8415,17,0.0039966255426406,0.0376480594277381
HIP,2254,8416,12,0.0140079772099852,0.0246696416288614
HIP,16325,8417,19,0.0345714762806892,0.0565093904733657
HIP,11842,8418,17,0.0038216081447899,0.0087420055642724
HIP,15835,8419,11,0.0731784403324127,0.0946413874626159
HIP,10370,8420,15,0.0136008905246853,0.0356394313275814
HIP,5986,8421,15,0.0091799516230821,0.0177204422652721
HIP,15255,8422,15,0.0022318353876471,0.0086943721398711
HIP,6951,8423,10,0.0021754219196736,0.0073067862540483
HIP,16062,8424,10,0.0014607013436034,0.0066468664444983
HIP,3646,8425,18,0.0011805990943685,0.0054660523310303
HIP,10689,8426,10,0.0056024994701147,0.0201551057398319
HIP,34944,8427,14,0.0022487211972475,0.0068052615970373
HIP,44661,8428,14,0.008381737396121,0.0193085744976997
HIP,17401,8429,12,0.0113205723464488,0.0251254327595233
HIP,28140,8430,14,0.1097365245223045,0.1912374496459961
HIP,27711,8431,14,0.0055661993101239,0.0119616882875561
HIP,34173,8432,11,0.0041910191066563,0.018018715083599
HIP,44543,8433,14,0.0073632556013762,0.0178100448101758
HIP,473,8434,14,0.0083701498806476,0.0237500444054603
HIP,1770,8435,11,0.0042675998993217,0.0119084743782877
HIP,29243,8436,8,0.0231506563723087,0.0787210017442703
HIP,28973,8437,11,0.0020990865305066,0.009098089300096
HIP,36983,8438,10,0.0096945399418473,0.0220014620572328
HIP,4543,8439,12,0.004534414038062,0.0102785546332597
HIP,14505,8440,13,0.0038787035737186,0.0113795017823576
HIP,41057,8441,8,0.0222748424857854,0.0774512588977813
HIP,24459,8442,14,0.1370895951986313,0.1310612112283706
HIP,13711,8443,8,0.0108555210754275,0.0388968214392662
HIP,34332,8444,10,0.0039190789684653,0.0124642262235283
HIP,3528,8445,16,0.0012059027794748,0.0041604018770158
HIP,21025,8446,17,0.0102932499721646,0.0199109837412834
HIP,6115,8447,15,0.0033940845169126,0.0087956953793764
HIP,32386,8448,14,0.0217318814247846,0.0397025980055332
HIP,2122,8449,16,0.0013057885225862,0.0070902854204177
HIP,21113,8450,16,0.0277364663779735,0.0444743819534778
HIP,49993,8451,12,0.0169483423233032,0.0325251370668411
HIP,15947,8452,10,0.0020396937616169,0.0174636337906122
HIP,17317,8453,16,0.0161011815071105,0.0227842200547456
HIP,43036,8454,14,0.0023213690146803,0.0065393196418881
HIP,16559,8455,8,0.024341320618987,0.0795613825321197
HIP,45960,8456,13,0.0092160860076546,0.0274396277964115
HIP,28483,8457,10,0.0021634744480252,0.0200298391282558
HIP,16998,8458,19,0.0099536478519439,0.0157740134745836
HIP,22358,8459,11,0.0138080334290862,0.0323241204023361
HIP,25157,8460,13,0.009799575433135,0.0274414829909801
HIP,43724,8461,9,0.0517707169055938,0.1766156107187271
HIP,2475,8462,10,0.0365220084786415,0.1100228577852249
HIP,1263,8463,16,0.0028754114173352,0.005905884783715
HIP,17690,8464,13,0.0064243874512612,0.0177969895303249
HIP,34168,8465,17,0.001138663268648,0.006629052106291
HIP,21272,8466,16,0.0017093558562919,0.0052399919368326
HIP,18632,8467,12,0.0057438090443611,0.0151130389422178
HIP,40313,8468,16,0.0006789010949432,0.004356107674539
HIP,11905,8469,10,0.0016787648200988,0.0097177112475037
HIP,21577,8470,19,0.0036237628664821,0.0145619623363018
HIP,26738,8471,14,0.0141748702153563,0.0263732708990573
HIP,37628,8472,10,0.0067097130231559,0.0328018963336944
HIP,43586,8473,14,0.0027821341063827,0.0080724293366074
HIP,26856,8474,12,0.0100939851254224,0.0255499891936779
HIP,23465,8475,14,0.0116174975410103,0.0254572704434394
HIP,37009,8476,10,0.009259732440114,0.0258474610745906
HIP,29264,8477,17,0.0010719989659264,0.003862076671794
HIP,39108,8478,13,0.0192079115658998,0.0333982743322849
HIP,36830,8479,18,0.00061382149579,0.0221819151192903
HIP,24549,8480,15,0.0523558035492897,0.0582441799342632
HIP,6481,8481,14,0.0025091336574405,0.008169112727046
HIP,50496,8482,9,0.0198491066694259,0.0439620353281497
HIP,30613,8483,15,0.0009195482707582,0.0034310349728912
HIP,13700,8484,16,0.0064951255917549,0.0596904568374156
HIP,20924,8485,17,0.0006021117442287,0.0139397708699107
HIP,41851,8486,13,0.0733110606670379,0.1321590989828109
HIP,42171,8487,14,0.0015702365199103,0.0108043365180492
HIP,4364,8488,16,0.0005280775949358,0.0022963865194469
HIP,49761,8489,12,0.0146705890074372,0.0393709391355514
HIP,34313,8490,14,0.0139602469280362,0.0269894320517778
HIP,37605,8491,13,0.001070030266419,0.0064090974628925
HIP,48786,8492,14,0.0050646257586777,0.0201090183109045
HIP,18991,8493,16,0.0122528038918972,0.0270484518259763
HIP,20642,8494,12,0.0007829705136828,0.0041185109876096
HIP,20251,8495,11,0.0063854870386421,0.0136956740170717
HIP,43227,8496,8,0.0149995256215333,0.042244017124176
HIP,15969,8497,12,0.0140108661726117,0.0280008725821971
HIP,9340,8498,11,0.0008872240432538,0.0026384047232568
HIP,908,8499,16,0.0013648299500346,0.0060681891627609
HIP,6087,8500,13,0.0189724843949079,0.0728526264429092
HIP,39902,8501,16,0.0020644525066018,0.0079287709668278
HIP,38515,8502,13,0.0393356271088123,0.0535621754825115
HIP,40456,8503,15,0.0045638047158718,0.0124712400138378
HIP,13086,8504,9,0.0247210040688514,0.0496123097836971
HIP,48423,8505,9,0.0039645577780902,0.070734903216362
HIP,6108,8506,15,0.0050312099047005,0.013797353953123
HIP,31899,8507,8,0.0050876401364803,0.0133437598124146
HIP,5375,8508,9,0.1234812289476394,0.2417816072702407
HIP,16374,8509,19,0.0008763630175963,0.0465043447911739
HIP,21849,8510,18,0.0011365831596776,0.0036481679417192
HIP,35549,8511,17,0.0006275110063143,0.0043647699058055
HIP,41160,8512,15,0.001897438429296,0.0211790949106216
HIP,14556,8513,15,0.020366096869111,0.0753036364912986
HIP,19251,8514,16,0.0039190798997879,0.0112564610317349
HIP,7972,8515,11,0.1610092967748642,0.2700025737285614
HIP,44361,8516,13,0.0044227531179785,0.0118582816794514
HIP,17121,8517,13,0.0359525494277477,0.0596753805875778
HIP,44650,8518,11,0.0041770190000534,0.0220138542354106
HIP,27798,8519,18,0.002390437759459,0.0077315997332334
HIP,43974,8520,15,0.0010629126336425,0.0051850392483174
HIP,11060,8521,11,0.0064707165583968,0.0180352125316858
HIP,22631,8522,17,0.0005423534894362,0.0031458782032132
HIP,48023,8523,15,0.0040424694307148,0.0084592318162322
HIP,7998,8524,15,0.0128901237621903,0.0275374706834554
HIP,47908,8525,10,0.0224798433482646,0.0480884537100791
HIP,30457,8526,17,0.0027487345505505,0.0083310659974813
HIP,6944,8527,13,0.0185753237456083,0.0425089448690414
HIP,46574,8528,16,0.0008322619833052,0.0034331765491515
HIP,24792,8529,16,0.0034181678202003,0.0112477103248238
HIP,25395,8530,13,0.0028283100109547,0.0076667848043143
HIP,5085,8531,14,0.0015186365926638,0.0082780076190829
HIP,20487,8532,17,0.0024063086602836,0.0102905267849564
HIP,49995,8533,14,0.0025919226463884,0.0096614928916096
HIP,524,8534,9,0.0057345540262758,0.026265412569046
HIP,46071,8535,18,0.0034341835416853,0.0089287608861923
HIP,29046,8536,19,0.0045200120657682,0.0225829202681779
HIP,3311,8537,10,0.0549191497266292,0.0875259339809417
HIP,23057,8538,13,0.0086831068620085,0.0255416445434093
HIP,26415,8539,12,0.0474672503769397,0.0817352458834648
HIP,39409,8540,15,0.0383225604891777,0.0704086050391197
HIP,27867,8541,10,0.0349004045128822,0.0626237317919731
HIP,12763,8542,19,0.0015199047047644,0.014117700047791
HIP,50677,8543,12,0.005096127744764,0.0139969205483794
HIP,42884,8544,13,0.0108936671167612,0.0257764942944049
HIP,30055,8545,13,0.0018966459902003,0.0102168954908847
HIP,7867,8546,14,0.0066559403203427,0.0139962090179324
HIP,11487,8547,13,0.0153655977919697,0.0380600355565547
HIP,40218,8548,17,0.0080622714012861,0.0128417583182454
HIP,45566,8549,14,0.0012644026428461,0.0066599026322364
HIP,5077,8550,13,0.0009426550823263,0.0042041349224746
HIP,31639,8551,16,0.0079146660864353,0.0157834719866514
HIP,28901,8552,14,0.0066529777832329,0.020316744223237
HIP,1619,8553,11,0.0076542724855244,0.0225757155567407
HIP,42895,8554,14,0.0028152002487331,0.011463101953268
HIP,38803,8555,11,0.0101997097954154,0.0341156087815761
HIP,44140,8556,13,0.0198452193289995,0.053847286850214
HIP,198,8557,17,0.0020204978063702,0.0058730887249112
HIP,11916,8558,12,0.0051706680096685,0.0165580995380878
HIP,14170,8559,17,0.0081331320106983,0.0132678132504224
HIP,15193,8560,15,0.0244464129209518,0.0480351820588111
HIP,37312,8561,16,0.0056869308464229,0.0125123113393783
HIP,17050,8562,13,0.0053312038071453,0.0193533673882484
HIP,22733,8563,5,0.0079442728310823,0.0441451109945774
HIP,3643,8564,17,0.0035606618039309,0.0084392679855227
HIP,25377,8565,15,0.007727222982794,0.0200433265417814
HIP,32833,8566,15,0.0104237664490938,0.0167598202824592
HIP,7064,8567,14,0.035734336823225,0.0373647101223468
HIP,43048,8568,14,0.0067525203339755,0.0175166931003332
HIP,24554,8569,18,0.0068309274502098,0.0148895932361483
HIP,22947,8570,16,0.0014960499247536,0.0041613141074776
HIP,35226,8571,11,0.0022758056875318,0.0065010515972971
HIP,12452,8572,16,0.0027975267730653,0.0076497024856507
HIP,6557,8573,12,0.0300204623490571,0.0619770623743534
HIP,46978,8574,13,0.0205167941749095,0.0443392843008041
HIP,23511,8575,17,0.0019942382350564,0.0066352258436381
HIP,19424,8576,12,0.0069798743352293,0.0235395543277263
HIP,42036,8577,14,0.0029142289422452,0.0075429850257933
HIP,7608,8578,11,0.0085057662799954,0.019534507766366
HIP,27013,8579,12,0.009178576990962,0.0292534381151199
HIP,26101,8580,18,0.0024379228707402,0.0090519748628139
HIP,13226,8581,17,0.0009201648063026,0.004209890961647
HIP,9882,8582,11,0.046960312873125,0.134364441037178
HIP,37153,8583,6,0.0082994746044278,0.0213522259145975
HIP,30162,8584,11,0.0084611214697361,0.0711700245738029
HIP,46937,8585,10,0.0019031155388802,0.0068076425231993
HIP,12247,8586,12,0.044637706130743,0.1137901246547699
HIP,18092,8587,12,0.0123491333797574,0.0545643344521522
HIP,44429,8588,14,0.001043428434059,0.0048325029201805
HIP,30283,8589,11,0.0016198201337829,0.0067693176679313
HIP,27737,8590,18,0.0015216127503663,0.0035272482782602
HIP,44578,8591,12,0.0019073174335062,0.0083560002967715
HIP,44299,8592,15,0.0101354420185089,0.0233106780797243
HIP,418,8593,13,0.0006995248841121,0.0040945508517324
HIP,23394,8594,8,0.006982825230807,0.0382784269750118
HIP,30585,8595,11,0.0033017669338732,0.0156134171411395
HIP,47222,8596,21,0.0044870087876915,0.0182042941451072
HIP,35039,8597,13,0.0036068712361156,0.009761587716639
HIP,16185,8598,12,0.0143240131437778,0.029462432488799
HIP,44859,8599,14,0.0055036186240613,0.0129216387867927
HIP,17304,8600,5,0.001573561807163,0.0079771429300308
HIP,24017,8601,10,0.005736865568906,0.0259979888796806
HIP,2037,8602,13,0.0257701147347688,0.0491124615073204
HIP,39817,8603,16,0.0035561006516218,0.0096045481041073
HIP,11125,8604,13,0.0094014788046479,0.0189739987254142
HIP,15858,8605,11,0.0047320537269115,0.0123989237472414
HIP,42440,8606,12,0.0058372127823531,0.0166898425668478
HIP,48719,8607,13,0.0156279094517231,0.1371222734451294
HIP,38255,8608,14,0.0012292871251702,0.0041695302352309
HIP,43646,8609,16,0.0040749898180365,0.0112607358023524
HIP,32091,8610,18,0.0095383934676647,0.0201386027038097
HIP,4054,8611,15,0.0007056104950606,0.0030714359600096
HIP,17374,8612,8,0.0175279676914215,0.0677193328738212
HIP,6803,8613,14,0.1373402327299118,0.1292522400617599
HIP,12879,8614,10,0.0021252941805869,0.0072803404182195
HIP,37849,8615,17,0.0027838838286697,0.0066676698625087
HIP,27697,8616,16,0.0034150965511798,0.007567279972136
HIP,15395,8617,14,0.001372123719193,0.0088466173037886
HIP,37049,8618,16,0.0047618052922189,0.010543018579483
HIP,11148,8619,13,0.0069801877252757,0.0183720849454402
HIP,13008,8620,16,0.0062388246878981,0.02061696536839
HIP,36394,8621,13,0.0012333753984421,0.0059609049931168
HIP,32766,8622,19,0.0017153149237856,0.026054510846734
HIP,12607,8623,15,0.0056476993486285,0.010520739480853
HIP,6329,8624,12,0.0054615051485598,0.0248279683291912
HIP,14968,8625,16,0.0016391029348596,0.0145655842497944
HIP,10351,8626,12,0.0089355893433094,0.0204942766577005
HIP,16475,8627,13,0.0107160732150077,0.023308653384447
HIP,6733,8628,14,0.0025625363923609,0.0080024870112538
HIP,20197,8629,14,0.0048138783313333,0.0116657270118594
HIP,12082,8630,11,0.0030654303263872,0.0181510206311941
HIP,5541,8631,15,0.0145679768174886,0.0255971532315015
HIP,27533,8632,16,0.0277154128998518,0.0597303584218025
HIP,18205,8633,15,0.0009865151951089,0.029928121715784
HIP,14811,8634,13,0.0059672715142369,0.0117297731339931
HIP,828,8635,16,0.0120993657037615,0.0468938611447811
HIP,37585,8636,13,0.0054931137710809,0.0146984895691275
HIP,9905,8637,16,0.0199021100997924,0.0587282441556453
HIP,9686,8638,11,0.0068212584592401,0.0198625400662422
HIP,23225,8639,14,0.0051859025843441,0.0161177217960357
HIP,26534,8640,17,0.0030912840738892,0.0101757543161511
HIP,21599,8641,17,0.0043637454509735,0.0091413706541061
HIP,45816,8642,16,0.0007709401543252,0.0362589173018932
HIP,50029,8643,10,0.0011897968361154,0.0065052141435444
HIP,21556,8644,14,0.025384847074747,0.0363517068326473
HIP,40280,8645,19,0.0129697816446423,0.0336647816002368
HIP,12672,8646,10,0.0301752537488937,0.0608923956751823
HIP,13140,8647,17,0.0049895071424543,0.0119636841118335
HIP,37480,8648,11,0.0094332043081521,0.0215805899351835
HIP,4055,8649,13,0.0129740759730339,0.0319848209619522
HIP,35561,8650,12,0.0379904769361019,0.0823381543159484
HIP,22627,8651,13,0.0017494288040325,0.0062997322529554
HIP,18822,8652,13,0.0042015947401523,0.0132768778130412
HIP,26930,8653,10,0.0090782446786761,0.0209343172609806
HIP,19376,8654,16,0.0011134129017591,0.0037230749148875
HIP,13021,8655,13,0.0009134332649409,0.0068184630945324
HIP,39012,8656,15,0.0024909803178161,0.0078841047361493
HIP,11046,8657,18,0.0189920626580715,0.0268111266195774
HIP,47624,8658,16,0.0008954545482993,0.0037411083467304
HIP,8145,8659,12,0.0047598504461348,0.0143626471981406
HIP,3531,8660,10,0.0088249742984771,0.0398387908935546
HIP,34110,8661,14,0.0108943982049822,0.0400870703160762
HIP,30631,8662,13,0.0194868855178356,0.0365409106016159
HIP,44465,8663,11,0.0120126279070973,0.0308885537087917
HIP,16406,8664,15,0.00290357042104,0.0077024777419865
HIP,50818,8665,14,0.0154716689139604,0.0248199682682752
HIP,43139,8666,14,0.0035243581514805,0.0103970421478152
HIP,16618,8667,12,0.0032194990199059,0.0122916679829359
HIP,50832,8668,8,0.0039922231808304,0.0148856211453676
HIP,42651,8669,15,0.0066706957295536,0.0157026760280132
HIP,46587,8670,17,0.0036310602445155,0.0081192729994654
HIP,37725,8671,17,0.0059730005450546,0.0545910410583019
HIP,1148,8672,13,0.0011511001503095,0.003705866402015
HIP,45352,8673,11,0.0062767728231847,0.017153488472104
HIP,40868,8674,12,0.0015177999157458,0.0045373821631073
HIP,29869,8675,10,0.0016987590352073,0.0066145546734333
HIP,46919,8676,14,0.0097346864640712,0.0483591444790363
HIP,47306,8677,15,0.0032600795384496,0.0101591246202588
HIP,23048,8678,14,0.0114896390587091,0.0362170524895191
HIP,10949,8679,14,0.0278254952281713,0.0440520606935024
HIP,26432,8680,12,0.0051667192019522,0.0167370941489934
HIP,45903,8681,13,0.0089033506810665,0.0223411750048398
HIP,34952,8682,15,0.0044934335164725,0.0115269962698221
HIP,12480,8683,8,0.0190472621470689,0.0496736243367195
HIP,32437,8684,14,0.0052874712273478,0.0128595186397433
HIP,640,8685,11,0.006215657107532,0.0171748250722885
HIP,44211,8686,13,0.0295946411788463,0.0925902724266052
HIP,13373,8687,13,0.0043513691052794,0.0147038726136088
HIP,11965,8688,13,0.004378548823297,0.0146909244358539
HIP,40009,8689,12,0.0114384926855564,0.042546771466732
HIP,394,8690,19,0.0005128980847075,0.0988155379891395
HIP,24666,8691,17,0.007058372721076,0.0177399478852748
HIP,43480,8692,10,0.0402030572295188,0.0780479088425636
HIP,48943,8693,15,0.0013344772160053,0.0038091870956122
HIP,11189,8694,14,0.0037199188955128,0.0060828095301985
HIP,45861,8695,17,0.008456353098154,0.0173779390752315
HIP,16659,8696,19,0.0009877857519313,0.0059946556575596
HIP,17426,8697,13,0.0056490735150873,0.0113173574209213
HIP,50597,8698,16,0.0040917890146374,0.0204824768006801
HIP,33271,8699,12,0.010730966925621,0.0227284468710422
HIP,13204,8700,8,0.0250201001763343,0.0689141228795051
HIP,16354,8701,13,0.0028550333809107,0.0120278690010309
HIP,6444,8702,12,0.0053585171699523,0.0106735453009605
HIP,36919,8703,12,0.0184559766203165,0.0350215099751949
HIP,4314,8704,8,0.0012256030458956,0.0066035334020853
HIP,47638,8705,13,0.0057077631354331,0.0131150791421532
HIP,8669,8706,16,0.0069954907521605,0.0180946122854948
HIP,9301,8707,21,0.0041673970408737,0.0093668475747108
HIP,7341,8708,9,0.0042886515147984,0.0221922453492879
HIP,14976,8709,16,0.0032872862648218,0.0074520013295114
HIP,528,8710,9,0.0088314311578869,0.033581968396902
HIP,3939,8711,14,0.0018755180062726,0.0096032060682773
HIP,37107,8712,14,0.0169193018227815,0.0476788990199565
HIP,3333,8713,12,0.0120380884036421,0.0302002411335706
HIP,22740,8714,15,0.0065973228774964,0.018032157793641
HIP,23278,8715,17,0.008599404245615,0.01951933093369
HIP,35684,8716,13,0.0082944417372345,0.0186101105064153
HIP,15541,8717,18,0.0095803895965218,0.0230547059327363
HIP,19108,8718,16,0.0161132104694843,0.0235578883439302
HIP,29339,8719,16,0.0007593325572088,0.0034163207747042
HIP,30059,8720,11,0.020881813019514,0.0520793125033378
HIP,15869,8721,14,0.0020652436651289,0.0058904299512505
HIP,28226,8722,11,0.0025216192007064,0.0204610377550125
HIP,50556,8723,12,0.0015716791385784,0.0053992019966244
HIP,1717,8724,14,0.1272574365139007,0.1145329773426055
HIP,1499,8725,12,0.0021043673623353,0.006819212809205
HIP,36487,8726,10,0.0035206633619964,0.0095439851284027
HIP,5725,8727,12,0.0064081219024956,0.0148746026679873
HIP,15113,8728,17,0.004189952276647,0.0204777121543884
HIP,49830,8729,15,0.0090816402807831,0.0200421549379825
HIP,41780,8730,10,0.0033297836780548,0.0168215651065111
HIP,28457,8731,14,0.0082860263064503,0.0236588530242443
HIP,5767,8732,11,0.0066920802928507,0.0215510483831167
HIP,25093,8733,15,0.0103446450084447,0.0283443629741668
HIP,25034,8734,14,0.0083458982408046,0.0209867935627698
HIP,40023,8735,13,0.0011716139269992,0.0041966917924582
HIP,18026,8736,12,0.0038016263861209,0.0131987817585468
HIP,16753,8737,14,0.0030399181414395,0.0112495413050055
HIP,29934,8738,15,0.00216596131213,0.0051730289123952
HIP,28822,8739,14,0.0032521998509764,0.0116024008020758
HIP,38615,8740,5,0.0155286528170108,0.0465325079858303
HIP,15460,8741,16,0.0051103336736559,0.0112175708636641
HIP,21102,8742,16,0.0065931817516684,0.0107630686834454
HIP,24739,8743,12,0.0010699112899601,0.0086803417652845
HIP,5589,8744,21,0.0019542479421943,0.012147007510066
HIP,26316,8745,14,0.0094126379117369,0.022606436163187
HIP,13320,8746,13,0.0083007542416453,0.0198268536478281
HIP,50133,8747,15,0.0055385143496096,0.0152439726516604
HIP,27512,8748,16,0.0017273522680625,0.0083455657586455
HIP,19728,8749,9,0.0016465154476463,0.0083429878577589
HIP,44654,8750,8,0.0231694113463163,0.0641566887497901
HIP,38031,8751,17,0.0067181806080043,0.0106046851724386
HIP,24607,8752,10,0.0124209905043244,0.0297418031841516
HIP,11886,8753,14,0.0084817418828606,0.0149605302140116
HIP,33488,8754,15,0.0119206057861447,0.0208535231649875
HIP,22591,8755,14,0.0103655867278575,0.0281306114047765
HIP,17111,8756,13,0.0068851085379719,0.0180763695389032
HIP,49002,8757,16,0.0012669439893215,0.0179820377379655
HIP,5750,8758,17,0.0051937364041805,0.0113634979352355
HIP,29133,8759,10,0.0017052305629476,0.0072151459753513
HIP,40832,8760,12,0.0021544247865676,0.0503204837441444
HIP,12637,8761,16,0.0131418956443667,0.0209313482046127
HIP,20586,8762,13,0.0014708546223118,0.0282433684915304
HIP,17803,8763,13,0.0195978339761495,0.0545539259910583
HIP,34066,8764,18,0.0032802240457385,0.0063036824576556
HIP,43373,8765,9,0.0042521716095507,0.0171553287655115
HIP,24998,8766,10,0.01717284694314,0.0453999005258083
HIP,6861,8767,12,0.0405504591763019,0.0672136917710304
HIP,30423,8768,14,0.0032997897360473,0.0065553812310099
HIP,631,8769,14,0.001160048181191,0.0040792333893477
HIP,27829,8770,12,0.0054592713713645,0.0270546544343233
HIP,17284,8771,17,0.0009753187187016,0.0051074214279651
HIP,723,8772,13,0.027410740032792,0.092586912214756
HIP,17176,8773,11,0.003350282786414,0.0202484391629695
HIP,4290,8774,12,0.0207325518131256,0.0605800785124301
HIP,12422,8775,11,0.0299913864582777,0.0848483219742775
HIP,16158,8776,16,0.0040156338363885,0.0086442613974213
HIP,15968,8777,15,0.0055734477937221,0.0137567380443215
HIP,8218,8778,9,0.1157121285796165,0.2795073986053467
HIP,24769,8779,17,0.018625870347023,0.0292641390115022
HIP,42084,8780,10,0.0031206912826746,0.0165290236473083
HIP,24453,8781,17,0.0004761448071803,0.0110553046688437
HIP,21535,8782,10,0.0073046241886913,0.0263401810079813
HIP,9516,8783,15,0.0314991325139999,0.0535409301519393
HIP,40860,8784,13,0.0018939491128548,0.0057382220402359
HIP,42430,8785,15,0.0019331942312419,0.0089248484000563
HIP,15548,8786,14,0.0023357574827969,0.0085051832720637
HIP,26160,8787,13,0.0332137048244476,0.0837095603346824
HIP,8652,8788,15,0.0088752591982483,0.0179874990135431
HIP,48706,8789,18,0.0028144950047135,0.0075717032887041
HIP,16999,8790,18,0.0007245184970088,0.0023385088425129
HIP,28658,8791,16,0.0093934377655386,0.0134104127064347
HIP,26423,8792,15,0.0006928200018592,0.0034618424251675
HIP,34062,8793,16,0.0022352426312863,0.0079566752538084
HIP,46556,8794,15,0.0125419739633798,0.025643466040492
HIP,36089,8795,10,0.0048990780487656,0.0300536993891
HIP,9255,8796,10,0.0054492130875587,0.01887658983469
HIP,37784,8797,12,0.0076710316352546,0.0255505070090293
HIP,20412,8798,16,0.012424087151885,0.0463542342185974
HIP,17936,8799,12,0.0040440973825752,0.0115285394713282
HIP,48509,8800,15,0.0070159365423023,0.020674867555499
HIP,41845,8801,14,0.0012930046068504,0.0063827843405306
HIP,25,8802,13,0.0381004437804222,0.0588556416332721
HIP,41290,8803,10,0.0059860125184059,0.0155514413490891
HIP,38892,8804,9,0.0039781145751476,0.0162281226366758
HIP,19143,8805,11,0.0084245568141341,0.0200242456048727
HIP,36778,8806,10,0.0020189541392028,0.0057562054134905
HIP,46959,8807,19,0.0082730967551469,0.0136370826512575
HIP,20206,8808,16,0.0026182956062257,0.0152682932093739
HIP,341,8809,10,0.002878206083551,0.014687861315906
HIP,14772,8810,15,0.0243742577731609,0.0404890738427639
HIP,797,8811,15,0.0235227961093187,0.0536958947777748
HIP,48742,8812,19,0.0035917812492698,0.0661002025008201
HIP,4490,8813,15,0.0021762321703135,0.0062525691464543
HIP,33533,8814,7,0.0129883689805865,0.037277765572071
HIP,14446,8815,14,0.004781768657267,0.0146008981391787
HIP,49944,8816,20,0.0026175731327384,0.0131624387577176
HIP,15397,8817,11,0.0007854095310904,0.0044222101569175
HIP,3650,8818,14,0.0018589823739603,0.0238662250339984
HIP,7811,8819,18,0.0005456486833281,0.0081167314201593
HIP,45925,8820,17,0.0026334933936595,0.0234135035425424
HIP,38520,8821,13,0.0041281231679022,0.0118341445922851
HIP,50383,8822,15,0.0175278093665838,0.0345806740224361
HIP,37467,8823,8,0.033778753131628,0.0983637049794197
HIP,39864,8824,12,0.0353364534676075,0.0744167938828468
HIP,22644,8825,12,0.0161613523960113,0.0327350199222564
HIP,5836,8826,12,0.0034989404957741,0.0136183658614754
HIP,38745,8827,14,0.0047582173720002,0.0141664668917655
HIP,39478,8828,15,0.0006897527491673,0.025397365912795
HIP,8560,8829,12,0.0018334244377911,0.0072992770001292
HIP,45368,8830,16,0.0038694131653755,0.0108752436935901
HIP,15453,8831,15,0.0041147042065858,0.0082268910482525
HIP,1555,8832,12,0.0063031632453203,0.0136201838031411
HIP,19892,8833,10,0.0385451801121234,0.1182831823825836
HIP,17177,8834,14,0.0062260925769805,0.0117912273854017
HIP,42587,8835,17,0.0018823751015588,0.0110037066042423
HIP,48612,8836,16,0.0062869908288121,0.0129767777398228
HIP,38591,8837,8,0.0055496036075055,0.0258388016372919
HIP,10679,8838,10,0.0169946663081645,0.0366746261715889
HIP,16390,8839,11,0.0062718563713133,0.0214909464120864
HIP,9257,8840,15,0.0011749304831027,0.0058072237297892
HIP,1498,8841,14,0.0033207174856215,0.0088119292631745
HIP,36128,8842,11,0.0163228772580623,0.0466832965612411
HIP,18990,8843,14,0.0014277305454015,0.1094953045248985
HIP,17251,8844,10,0.006113477051258,0.0171839836984872
HIP,6810,8845,14,0.002559722168371,0.0099001182243227
HIP,40773,8846,15,0.0190493427217006,0.0270045269280672
HIP,40882,8847,16,0.0049932794645428,0.0107671106234192
HIP,30831,8848,14,0.002205072203651,0.0081469742581248
HIP,18479,8849,12,0.0039381799288094,0.0147204315289855
HIP,26181,8850,15,0.0028581318911165,0.0469201654195785
HIP,12513,8851,16,0.0072071002796292,0.0207415092736482
HIP,39520,8852,16,0.005672937259078,0.0109193474054336
HIP,25418,8853,14,0.0148698948323726,0.0309208948165178
HIP,1529,8854,14,0.0010946809779852,0.0040112463757395
HIP,13652,8855,16,0.0080392947420477,0.0226208660751581
HIP,17641,8856,15,0.0050597600638866,0.009525429457426
HIP,41386,8857,8,0.0106861172243952,0.0344194322824478
HIP,2782,8858,16,0.0134438229724764,0.0312248077243566
HIP,40677,8859,16,0.0068856133148074,0.0199890732765197
HIP,8925,8860,16,0.0038040331564843,0.0072103971615433
HIP,46400,8861,14,0.0067573240958154,0.0151188261806964
HIP,31670,8862,14,0.0123589839786291,0.0187255926430225
HIP,39040,8863,11,0.0203603226691484,0.0424033775925636
HIP,24457,8864,14,0.002955358242616,0.0074435956776142
HIP,21173,8865,17,0.0061523262411355,0.0185241997241973
HIP,34268,8866,13,0.0242962203919887,0.0531764850020408
HIP,26552,8867,19,0.0026202665176242,0.0054514999501407
HIP,1992,8868,11,0.0051932148635387,0.0090970173478126
HIP,50840,8869,13,0.0094630885869264,0.0266807917505502
HIP,22695,8870,14,0.0314452834427356,0.0547041185200214
HIP,19246,8871,10,0.0115381842479109,0.0227427724748849
HIP,8385,8872,19,0.0131254801526665,0.0193498879671096
HIP,30946,8873,15,0.0100968377664685,0.0208571627736091
HIP,428,8874,12,0.0178075395524501,0.0462434142827987
HIP,11938,8875,11,0.0463495962321758,0.0619319789111614
HIP,11038,8876,12,0.0011775750899687,0.0061991354450583
HIP,13000,8877,9,0.0010828190715983,0.0071220998652279
HIP,4824,8878,14,0.0065730442292988,0.017431903630495
HIP,158,8879,17,0.002728106919676,0.0071539343334734
HIP,1462,8880,16,0.0040451376698911,0.009841495193541
HIP,34924,8881,10,0.0013551220763474,0.0080111306160688
HIP,23117,8882,12,0.0039620790630578,0.0191937368363142
HIP,47143,8883,14,0.02967388369143,0.0833217278122901
HIP,34855,8884,15,0.0048373825848102,0.0119665656238794
HIP,36435,8885,21,0.0022905650548636,0.0051236883737146
HIP,12080,8886,12,0.0099420547485351,0.0206202026456594
HIP,49880,8887,9,0.0030685602687299,0.0125575438141822
HIP,31686,8888,12,0.0088874297216534,0.0313076972961425
HIP,48168,8889,13,0.014482669532299,0.0421144664287567
HIP,35250,8890,15,0.0055129011161625,0.0138514898717403
HIP,15350,8891,10,0.0019463413627818,0.0078862886875867
HIP,24626,8892,17,0.0077482615597546,0.0158775653690099
HIP,20607,8893,15,0.0078390026465058,0.020530829206109
HIP,17259,8894,14,0.0241660457104444,0.0434839352965354
HIP,49696,8895,9,0.006373640615493,0.0275348406285047
HIP,7477,8896,10,0.0029679706785827,0.0131029598414897
HIP,7822,8897,15,0.0093929432332515,0.0165616534650325
HIP,3080,8898,12,0.1256380379199981,0.3113833367824554
HIP,14016,8899,14,0.0019363861065357,0.0112464604899287
HIP,1855,8900,9,0.0038224442396312,0.0168351158499717
HIP,10272,8901,16,0.0089306496083736,0.0139005817472934
HIP,30234,8902,16,0.0048635983839631,0.0093228705227375
HIP,49285,8903,14,0.0040118941105902,0.0094301700592041
HIP,35142,8904,13,0.0051800338551402,0.0260046012699604
HIP,13234,8905,9,0.0023217785637825,0.0103039667010307
HIP,27804,8906,13,0.0045574065297842,0.016019582748413
HIP,28541,8907,14,0.0054399212822318,0.0182100571691989
HIP,35272,8908,14,0.0004370215174276,0.0028812598902732
HIP,11259,8909,8,0.0025942532811313,0.0195287559181451
HIP,14354,8910,11,0.0005181572050787,0.0017674525734037
HIP,27227,8911,7,0.0129654193297028,0.0538088306784629
HIP,35513,8912,12,0.0037421302404254,0.0122442860156297
HIP,21883,8913,13,0.0341285839676857,0.1310731917619705
HIP,15829,8914,8,0.0009184903465211,0.0084098065271973
HIP,23066,8915,14,0.0038875339087098,0.0110186086967587
HIP,1174,8916,11,0.0067211994901299,0.0209512095898389
HIP,34625,8917,15,0.0015398005489259,0.0056841382756829
HIP,20865,8918,12,0.0024030329659581,0.0110864834859967
HIP,39589,8919,16,0.000582760432735,0.0617218539118766
HIP,19512,8920,18,0.0065112202428281,0.0126411532983183
HIP,49769,8921,19,0.0011765963863581,0.0672861412167549
HIP,3873,8922,19,0.0035226854961365,0.0152022633701562
HIP,24012,8923,17,0.0120802521705627,0.021497007459402
HIP,24849,8924,14,0.0197171028703451,0.0522218346595764
HIP,17633,8925,13,0.00658391835168,0.0164925083518028
HIP,30889,8926,14,0.0164120737463235,0.0399059727787971
HIP,19087,8927,16,0.0096611846238374,0.0454879514873027
HIP,22267,8928,15,0.0010715854587033,0.0060380571521818
HIP,1452,8929,14,0.0039432453922927,0.0099372258409857
HIP,33833,8930,14,0.0150861972942948,0.0313208848237991
HIP,47477,8931,15,0.0210944768041372,0.0482210181653499
HIP,21121,8932,12,0.0072024026885628,0.0183674972504377
HIP,21971,8933,13,0.0009598972974345,0.005857496522367
HIP,28159,8934,14,0.0010868456447497,0.0038168290629982
HIP,29559,8935,12,0.0097563192248344,0.018576992675662
HIP,44198,8936,13,0.0072859833016991,0.0218020360916852
HIP,33235,8937,17,0.0077327233739197,0.0171455722302198
HIP,42706,8938,17,0.0014176244148984,0.007472347933799
HIP,21101,8939,12,0.0117886420339345,0.0260268580168485
HIP,35331,8940,15,0.0085684936493635,0.0156919714063406
HIP,36932,8941,14,0.0050636483356356,0.0126163326203823
HIP,25734,8942,18,0.0057484493590891,0.0162268057465553
HIP,1164,8943,13,0.002557887462899,0.0113590704277157
HIP,26020,8944,12,0.0020950499456375,0.0078157531097531
HIP,24276,8945,15,0.0010540877701714,0.0058960476890206
HIP,13760,8946,14,0.0014923716662451,0.004672136157751
HIP,1709,8947,18,0.0023953777272254,0.0132709704339504
HIP,49619,8948,17,0.0020123703870922,0.006510451901704
HIP,46370,8949,12,0.0120608825236558,0.0332291610538959
HIP,8439,8950,13,0.0082063572481274,0.0221323519945144
HIP,9025,8951,16,0.0093492055311799,0.013365033082664
HIP,20978,8952,16,0.0009676481131464,0.0034217310603708
HIP,33510,8953,13,0.0040901890024542,0.0109946010634303
HIP,3370,8954,12,0.0067325583659112,0.0174523685127496
HIP,20596,8955,9,0.004622824024409,0.012106517329812
HIP,10246,8956,13,0.0114802187308669,0.0263312738388776
HIP,9743,8957,14,0.003518836107105,0.0093597508966922
HIP,10318,8958,19,0.0004989742301404,0.0023696508724242
HIP,47202,8959,11,0.00091198598966,0.0045771934092044
HIP,33552,8960,11,0.0216957200318574,0.04700917750597
HIP,5071,8961,8,0.0036762934178113,0.0183597039431333
HIP,32522,8962,12,0.0050590983591973,0.0144093567505478
HIP,39013,8963,18,0.0028363768942654,0.0065375575795769
HIP,43354,8964,14,0.0033572437241673,0.0067124092020094
HIP,25825,8965,15,0.0011289714602753,0.0045654913410544
HIP,12258,8966,9,0.0604690723121166,0.1487025767564773
HIP,32411,8967,13,0.0068980013020336,0.0219840314239263
HIP,26581,8968,17,0.0047781206667423,0.0087684709578752
HIP,43780,8969,18,0.0038238444831222,0.0163320899009704
HIP,47074,8970,19,0.003668924793601,0.0106823286041617
HIP,34396,8971,14,0.0025607766583561,0.0154621610417962
HIP,7886,8972,10,0.0062756552360951,0.0208230856806039
HIP,42348,8973,10,0.0051666470244526,0.0164218712598085
HIP,15923,8974,11,0.0069010080769658,0.0269902441650629
HIP,37126,8975,17,0.0056837764568626,0.025165632367134
HIP,49553,8976,13,0.0068727657198905,0.0147085506469011
HIP,31575,8977,19,0.002963172039017,0.0097225969657301
HIP,46261,8978,10,0.0058475430123507,0.0194691624492406
HIP,44708,8979,11,0.0104605499655008,0.0363673605024814
HIP,30929,8980,10,0.0085795391350984,0.0379709117114543
HIP,15897,8981,11,0.0215481780469417,0.0458213128149509
HIP,49286,8982,14,0.0024914760142564,0.0100740464404225
HIP,29865,8983,18,0.0050518135540187,0.0156554989516735
HIP,12772,8984,14,0.0013337541604414,0.0041943434625864
HIP,44915,8985,15,0.0130863431841135,0.0231119319796562
HIP,50672,8986,13,0.0122238118201494,0.0320718958973884
HIP,33209,8987,16,0.0063413954339921,0.0181873440742492
HIP,13045,8988,12,0.0028880857862532,0.0102624744176864
HIP,36727,8989,11,0.0049478849396109,0.0223848167806863
HIP,49195,8990,15,0.0026554809883236,0.0064074196852743
HIP,26427,8991,16,0.0022301967255771,0.0053945067338645
HIP,14644,8992,13,0.0015058723511174,0.0077128778211772
HIP,3099,8993,13,0.0047116731293499,0.0139177069067955
HIP,16080,8994,12,0.015586270019412,0.028572741895914
HIP,12969,8995,11,0.0130312107503414,0.0318208895623683
HIP,20528,8996,10,0.0122739281505346,0.0564169734716415
HIP,50088,8997,16,0.0067021092399954,0.014861618168652
HIP,2304,8998,10,0.0037655266933143,0.0137754483148455
HIP,39089,8999,12,0.0036144948098808,0.0094347475096583
HIP,29860,9000,10,0.0101784616708755,0.0258042737841606
HIP,21317,9001,16,0.0136102838441729,0.0239799562841653
HIP,38782,9002,13,0.0030713330488651,0.0099728489294648
HIP,23957,9003,7,0.0085428915917873,0.1106026619672775
HIP,41252,9004,18,0.006492871325463,0.0178220998495817
HIP,28101,9005,14,0.0018374692881479,0.0052757016383111
HIP,2230,9006,15,0.0026416210457682,0.0073324590921401
HIP,29239,9007,10,0.0095191542059183,0.0313825048506259
HIP,47029,9008,14,0.0010670324554666,0.0042888973839581
HIP,2360,9009,11,0.0026156599633395,0.0118243759498
HIP,6321,9010,10,0.0054955333471298,0.0117617566138505
HIP,23870,9011,9,0.0043559493497014,0.0171966068446636
HIP,32705,9012,14,0.0024502610322088,0.0057504307478666
HIP,11713,9013,15,0.0032875551842153,0.0084694474935531
HIP,39302,9014,10,0.0019679525867104,0.0080970982089638
HIP,41895,9015,16,0.0255507938563823,0.0689086019992828
HIP,12121,9016,12,0.0027792619075626,0.0074754245579242
HIP,2252,9017,15,0.0083969049155712,0.0170047152787446
HIP,39705,9018,15,0.006239834241569,0.0147605678066611
HIP,27592,9019,15,0.0058666481636464,0.0144388359040021
HIP,23282,9020,14,0.0040239808149635,0.0119171710684895
HIP,49187,9021,16,0.0015118196606636,0.0057308599352836
HIP,37768,9022,11,0.0180113650858402,0.0501539632678031
HIP,32297,9023,15,0.000696059083566,0.0248251985758543
HIP,15531,9024,16,0.0023691111709922,0.0082099437713623
HIP,39003,9025,15,0.0007270829519256,0.0182891711592674
HIP,25873,9026,13,0.0156301781535148,0.0252162963151931
HIP,3820,9027,17,0.0033247589599341,0.0106124803423881
HIP,5144,9028,14,0.0051169712096452,0.018444936722517
HIP,11490,9029,15,0.0056823375634849,0.0190286412835121
HIP,49270,9030,11,0.0209857765585184,0.0622606873512268
HIP,24248,9031,13,0.0008972571813501,0.0062853442505002
HIP,22820,9032,17,0.0009796292288228,0.0033889017067849
HIP,49202,9033,16,0.0019524818053469,0.0285357031971216
HIP,25069,9034,15,0.0049886484630405,0.0134683968499302
HIP,27939,9035,16,0.0006053119432181,0.0061154165305197
HIP,28319,9036,11,0.0006131623522378,0.0051835016347467
HIP,858,9037,12,0.0028574881143867,0.0121615445241332
HIP,16566,9038,18,0.0100323930382728,0.0236678775399923
HIP,5787,9039,16,0.0094404034316539,0.0173700600862503
HIP,48855,9040,14,0.0016286470927298,0.0053709531202912
HIP,23505,9041,19,0.0062713311053812,0.0156330112367868
HIP,16636,9042,10,0.053480576723814,0.1638526320457458
HIP,8631,9043,14,0.0039661759510636,0.0100163919851183
HIP,236,9044,12,0.0501326359808445,0.0621226504445076
HIP,46233,9045,15,0.0060678618028759,0.011665778234601
HIP,21717,9046,8,0.0303412284702062,0.0844546854496002
HIP,46246,9047,13,0.010126425884664,0.0272453296929597
HIP,23834,9048,15,0.0049719912931323,0.0123225599527359
HIP,1401,9049,11,0.0038457103073596,0.0114661753177642
HIP,28022,9050,10,0.0569067969918251,0.1503920555114746
HIP,27818,9051,17,0.008343419060111,0.0179202146828174
HIP,16043,9052,17,0.0050396863371133,0.013069505803287
HIP,39500,9053,14,0.0231104046106338,0.044923223555088
HIP,3655,9054,14,0.0148549424484372,0.0335843488574028
HIP,37803,9055,11,0.0091036781668663,0.0260445661842823
HIP,40488,9056,15,0.0192282665520906,0.0458309575915336
HIP,13459,9057,14,0.0046600075438618,0.0104135610163211
HIP,4575,9058,16,0.0014962421264499,0.0046477960422635
HIP,46571,9059,11,0.0048807859420776,0.0202938858419656
HIP,35885,9060,15,0.0097257355228066,0.0311361365020275
HIP,11435,9061,15,0.0047927084378898,0.0340072847902774
HIP,7082,9062,13,0.0013962069060653,0.0412204228341579
HIP,41806,9063,9,0.0287657622247934,0.0738787949085235
HIP,42654,9064,17,0.0057167680934071,0.0090493755415081
HIP,21677,9065,14,0.0021123846527189,0.0078460657969117
HIP,46387,9066,16,0.0044349646195769,0.0117921466007828
HIP,23644,9067,15,0.0010334369726479,0.0045408415608108
HIP,50664,9068,13,0.0184785388410091,0.0427524261176586
HIP,23964,9069,15,0.0148563152179121,0.0521825328469276
HIP,50253,9070,18,0.000676566385664,0.002003960777074
HIP,21657,9071,17,0.0063806194812059,0.0161263383924961
HIP,25817,9072,11,0.0299373231828212,0.0778125077486038
HIP,42801,9073,13,0.005201153922826,0.0146172856912016
HIP,15601,9074,13,0.0011350775603204,0.0078639667481184
HIP,32987,9075,11,0.0031661242246627,0.0102419154718518
HIP,2634,9076,11,0.0096540991216897,0.0245944205671548
HIP,1769,9077,16,0.0009824859444051,0.0036353047471493
HIP,34986,9078,12,0.0051934476941823,0.014870349317789
HIP,16263,9079,14,0.0100412834435701,0.016660202294588
HIP,41097,9080,11,0.0153245879337191,0.0384250357747077
HIP,34192,9081,9,0.0092533426359295,0.0620999857783317
HIP,13877,9082,17,0.0026608279440551,0.0128558138385415
HIP,43455,9083,16,0.0051271892152726,0.0114652588963508
HIP,13391,9084,14,0.0316300690174102,0.050117440521717
HIP,3573,9085,11,0.0397584736347198,0.0845335572957992
HIP,45273,9086,18,0.0017361580394208,0.0093871196731925
HIP,35248,9087,15,0.0026589976623654,0.008589569479227
HIP,36335,9088,16,0.0011688884114846,0.0102798836305737
HIP,35705,9089,13,0.0012222179211676,0.0053801201283931
HIP,29236,9090,14,0.0023572703357785,0.009231842122972
HIP,28288,9091,18,0.0097389761358499,0.0181177705526351
HIP,49914,9092,7,0.0132862078025937,0.0381279066205024
HIP,30113,9093,11,0.0015393757494166,0.0133553640916943
HIP,5440,9094,21,0.0006207222468219,0.00739366421476
HIP,21571,9095,11,0.0009180803899653,0.0026238195132464
HIP,48544,9096,16,0.0080870613455772,0.014111396856606
HIP,44314,9097,16,0.007990289479494,0.0128973023965954
HIP,24226,9098,14,0.0041202129796147,0.0113552119582891
HIP,32428,9099,12,0.0107341930270195,0.0230444092303514
HIP,22527,9100,12,0.0050719194114208,0.0150799136608839
HIP,38085,9101,17,0.0079709095880389,0.0181778986006975
HIP,11085,9102,13,0.0039851549081504,0.0086516262963414
HIP,391,9103,8,0.0020596720278263,0.0195113457739353
HIP,5806,9104,11,0.0272079985588789,0.0581545308232307
HIP,5146,9105,9,0.003062630072236,0.0130731351673603
HIP,39347,9106,10,0.0112777855247259,0.0496442429721355
HIP,41228,9107,14,0.0082162152975797,0.0252018198370933
HIP,18178,9108,7,0.0040312660858035,0.0117243696004152
HIP,15658,9109,13,0.0029704326298087,0.0112102525308728
HIP,1761,9110,16,0.0006588845863007,0.0030850747134536
HIP,33367,9111,15,0.013514713384211,0.0486854687333107
HIP,22773,9112,10,0.0054897647351026,0.0153401121497154
HIP,31625,9113,16,0.0091884452849626,0.0154950600117445
HIP,26517,9114,15,0.0015215288149192,0.0055217379704117
HIP,8513,9115,12,0.000754443812184,0.0039455252699553
HIP,46760,9116,19,0.0036523230373859,0.0123503124341368
HIP,11326,9117,13,0.0137237692251801,0.0356907807290554
HIP,35579,9118,10,0.0091253751888871,0.0193519163876771
HIP,42176,9119,10,0.0912815108895301,0.2368287891149521
HIP,2007,9120,12,0.0015735884662717,0.008475137874484
HIP,36697,9121,16,0.001303183613345,0.0042126062326133
HIP,20474,9122,14,0.0006470402004197,0.0086776344105601
HIP,20535,9123,13,0.0056587602011859,0.0172796733677387
HIP,6630,9124,14,0.0015643864171579,0.0058490661904215
HIP,24267,9125,15,0.0103275654837489,0.0279159005731344
HIP,26243,9126,13,0.0215892381966114,0.0415818691253662
HIP,13794,9127,14,0.0019200417445972,0.0077149160206317
HIP,28489,9128,12,0.0430001392960548,0.102108247578144
HIP,41280,9129,16,0.0054447902366518,0.0115510644391179
HIP,44698,9130,15,0.0060459370724856,0.019727811217308
HIP,9437,9131,11,0.0158375781029462,0.0321113839745521
HIP,22480,9132,15,0.0040801498107612,0.0135231101885437
HIP,38406,9133,15,0.001730078482069,0.0199443213641643
HIP,46992,9134,19,0.0034818137064576,0.0077402717433869
HIP,12694,9135,13,0.00495594041422,0.0135539611801505
HIP,39896,9136,12,0.0025907300878316,0.0080256415531039
HIP,15309,9137,15,0.0020905835554003,0.0119688492268323
HIP,3912,9138,14,0.0024133878760039,0.0098647251725196
HIP,37956,9139,14,0.0077935666777193,0.0163698829710483
HIP,28723,9140,16,0.0049338173121213,0.0094745112583041
HIP,36551,9141,11,0.0046675940975546,0.0158215574920177
HIP,30761,9142,12,0.0046425941400229,0.0180723909288644
HIP,43799,9143,10,0.0012897080741822,0.0054610441438853
HIP,4524,9144,16,0.0064730700105428,0.0186271611601114
HIP,13979,9145,9,0.0152680212631821,0.0430175699293613
HIP,29843,9146,15,0.0084564499557018,0.016740147024393
HIP,47982,9147,17,0.0015826877206563,0.0088479574769735
HIP,8012,9148,16,0.0008048035670071,0.0364692918956279
HIP,42973,9149,11,0.0017929587047547,0.005243225954473
HIP,18929,9150,13,0.0011134832166135,0.0033591745886951
HIP,50282,9151,10,0.0120612531900405,0.0293548721820116
HIP,14179,9152,14,0.0120635656639933,0.0328621938824653
HIP,6,9153,16,0.0005477910744957,0.003288700710982
HIP,34660,9154,12,0.0152761209756135,0.0335450284183025
HIP,14312,9155,16,0.005535093601793,0.0128492088988423
HIP,35427,9156,15,0.0128992218524217,0.0322578735649585
HIP,11150,9157,8,0.0452853702008724,0.2203322499990463
HIP,23454,9158,16,0.0018907863413915,0.0056351260282099
HIP,30209,9159,17,0.0062226969748735,0.0140194334089756
HIP,50530,9160,13,0.0055774454958736,0.0248246621340513
HIP,144,9161,17,0.0023984462022781,0.0052584265358746
HIP,19149,9162,15,0.0062248297035694,0.0113624250516295
HIP,47584,9163,16,0.0035483101382851,0.0099801998585462
HIP,47454,9164,10,0.0032502801623195,0.0126985954120755
HIP,44979,9165,13,0.0035165364388376,0.0110176345333457
HIP,35896,9166,10,0.0578953139483928,0.1202361583709716
HIP,23882,9167,13,0.0150135997682809,0.0253732614219188
HIP,23988,9168,13,0.0068779862485826,0.0191728770732879
HIP,16536,9169,16,0.0081972423940896,0.0380367673933506
HIP,2821,9170,12,0.0008578597335144,0.0036548287607729
HIP,4445,9171,14,0.0016100165667012,0.0046795117668807
HIP,16815,9172,12,0.0056249215267598,0.0301535464823246
HIP,39760,9173,14,0.0132711250334978,0.0248057525604963
HIP,15904,9174,17,0.002844036091119,0.0076667312532663
HIP,33269,9175,17,0.0017070114845409,0.0116757145151495
HIP,9413,9176,17,0.0129315415397286,0.0235270839184522
HIP,19845,9177,13,0.0093436408787965,0.0215161778032779
HIP,46036,9178,14,0.0016182808903977,0.0061664744280278
HIP,35434,9179,10,0.0213600732386112,0.0643783286213874
HIP,33602,9180,17,0.0067977500148117,0.0104676745831966
HIP,41593,9181,16,0.0046055181883275,0.0116400718688964
HIP,9753,9182,15,0.004247008357197,0.0123853422701358
HIP,3446,9183,15,0.0060589155182242,0.0134469885379076
HIP,19329,9184,16,0.0094455704092979,0.0313270837068557
HIP,11472,9185,17,0.0068824482150375,0.015989338979125
HIP,49527,9186,12,0.0159521419554948,0.0522560887038707
HIP,33042,9187,14,0.0030255494639277,0.0088412379845976
HIP,17413,9188,15,0.0056115463376045,0.0116350883617997
HIP,16387,9189,15,0.0050530796870589,0.0170528162270784
HIP,44571,9190,8,0.052134733647108,0.1499225795269012
HIP,2844,9191,10,0.0091207791119813,0.0193537063896656
HIP,17515,9192,14,0.0009012966766022,0.003837059251964
HIP,13163,9193,16,0.004617117345333,0.0125816604122519
HIP,14102,9194,15,0.0074284966103732,0.023664403706789
HIP,5765,9195,14,0.0060073002241551,0.0111154559999704
HIP,3383,9196,14,0.0025674640201032,0.0076516885310411
HIP,41926,9197,10,0.0075663179159164,0.0311585124582052
HIP,39676,9198,14,0.007786008529365,0.013467744924128
HIP,28864,9199,15,0.0050739767029881,0.0187602173537015
HIP,48130,9200,15,0.0024971580132842,0.0126289436593651
HIP,45080,9201,7,0.0192170571535825,0.0451552718877792
HIP,41365,9202,14,0.0008347339462488,0.0039490973576903
HIP,47467,9203,12,0.0018370603211224,0.0070927715860307
HIP,12387,9204,14,0.0012610448757186,0.0093562006950378
HIP,36651,9205,14,0.018324889242649,0.0302230790257453
HIP,1667,9206,16,0.0041395123116672,0.0101646175608038
HIP,23737,9207,15,0.0037489403039216,0.0136285172775387
HIP,4495,9208,19,0.0024450176861137,0.0159420482814311
HIP,21675,9209,9,0.0073640993796288,0.0312139596790075
HIP,4391,9210,16,0.0083139855414628,0.0166836567223072
HIP,24290,9211,11,0.0008067821618169,0.0067841704003512
HIP,4424,9212,18,0.0010173612972721,0.0056258784607052
HIP,34331,9213,14,0.0037124541122466,0.0108148390427231
HIP,44934,9214,12,0.0084231374785304,0.0258239824324846
HIP,17863,9215,15,0.008013729006052,0.0163096785545349
HIP,24937,9216,13,0.0107783367857337,0.0263552851974964
HIP,25955,9217,12,0.0089688468724489,0.0187149588018655
HIP,919,9218,12,0.0364730358123779,0.0606105253100395
HIP,7551,9219,14,0.0007984297699294,0.0029846963007003
HIP,30262,9220,18,0.0012790922774001,0.0032708009239286
HIP,32305,9221,15,0.0044223726727068,0.0085631422698497
HIP,20802,9222,13,0.0063027944415807,0.0521412752568721
HIP,20126,9223,16,0.0102921091020107,0.0224884264171123
HIP,33774,9224,11,0.0074656079523265,0.0225140638649463
HIP,31194,9225,17,0.0054870108142495,0.014237499795854
HIP,16621,9226,14,0.0012406896566972,0.0058921091258525
HIP,1924,9227,14,0.0006723552360199,0.0024935537949204
HIP,29235,9228,17,0.0063395514152944,0.0179057251662015
HIP,3386,9229,15,0.0127636808902025,0.0247946474701166
HIP,31879,9230,12,0.0245735999196767,0.0600378885865211
HIP,49751,9231,14,0.0008703202474862,0.0076703960075974
HIP,38859,9232,9,0.0111821340397,0.034242246299982
HIP,12030,9233,12,0.0043970760889351,0.022341676056385
HIP,33477,9234,10,0.0048719923943281,0.0180209968239069
HIP,5494,9235,17,0.0411997362971305,0.050739087164402
HIP,48810,9236,5,0.0015582542400807,0.0078788343816995
HIP,26610,9237,13,0.0212583523243665,0.0565210506319999
HIP,50518,9238,15,0.0042510642670094,0.0116750849410891
HIP,34774,9239,12,0.0020755473524332,0.0078607257455587
HIP,8275,9240,8,0.0098122060298919,0.0212220698595047
HIP,36311,9241,12,0.0010641609551385,0.006409908644855
HIP,14975,9242,15,0.0075554456561803,0.0153757557272911
HIP,15709,9243,12,0.0028868194203823,0.0304565876722335
HIP,27956,9244,11,0.0029965895228087,0.0098413061350584
HIP,27360,9245,12,0.0069508948363363,0.0160931330174207
HIP,25867,9246,14,0.0045518707484006,0.018330929800868
HIP,44585,9247,15,0.0046213283203542,0.0098808202892541
HIP,3215,9248,13,0.027119031175971,0.0826868191361427
HIP,11670,9249,16,0.0079857064411044,0.0225727502256631
HIP,36370,9250,15,0.0006334058125503,0.0542074926197528
HIP,25650,9251,10,0.0117205316200852,0.0275534614920616
HIP,16348,9252,13,0.0009648074046708,0.0043696598149836
HIP,46347,9253,18,0.0044242017902433,0.0148463146761059
HIP,27586,9254,16,0.0007734195678494,0.0026158855762332
HIP,35979,9255,17,0.012582154944539,0.0183149743825197
HIP,39847,9256,10,0.0708411186933517,0.0922470986843109
HIP,897,9257,10,0.0011654186528176,0.0107883671298623
HIP,21117,9258,11,0.0058322115801274,0.0150062097236514
HIP,27045,9259,14,0.002607008209452,0.0066454820334911
HIP,19054,9260,19,0.0129749309271574,0.0217421911656856
HIP,4923,9261,16,0.0082262493669986,0.0201975684612989
HIP,43103,9262,10,0.0729913562536239,0.1412860602140426
HIP,13440,9263,12,0.0111786620691418,0.0239501930773258
HIP,40410,9264,12,0.0013804343761876,0.0062603200785815
HIP,35155,9265,13,0.0137160988524556,0.0329382829368114
HIP,36433,9266,16,0.0085857957601547,0.0172549113631248
HIP,2109,9267,17,0.01468385476619,0.0229002777487039
HIP,36009,9268,14,0.0025045936927199,0.0112446192651987
HIP,38108,9269,14,0.0209604501724243,0.0320539250969886
HIP,13387,9270,14,0.0008640326559543,0.004289012402296
HIP,31974,9271,14,0.0757296085357666,0.1080586165189743
HIP,49248,9272,15,0.0041049979627132,0.0262431986629962
HIP,18827,9273,11,0.0005821273080073,0.0042160009033977
HIP,2043,9274,15,0.0009086663485504,0.0047394898720085
HIP,45961,9275,14,0.0005858167423866,0.0031876869034022
HIP,29881,9276,13,0.0008588301716372,0.0039676059968769
HIP,13135,9277,16,0.0006625161040574,0.0038771459367126
HIP,29079,9278,12,0.0171662680804729,0.0397655442357063
HIP,34258,9279,16,0.0054625920020043,0.013611726462841
HIP,48303,9280,16,0.0009230669820681,0.005864065606147
HIP,40697,9281,16,0.0352522358298301,0.0810905918478965
HIP,39681,9282,14,0.0060860556550323,0.0123460022732615
HIP,29822,9283,11,0.0050973054021596,0.0181958712637424
HIP,8402,9284,15,0.00997812487185,0.022650146856904
HIP,24175,9285,12,0.0025429420638829,0.009590521454811
HIP,37384,9286,11,0.0048283115029335,0.0156815964728593
HIP,30753,9287,12,0.0200073756277561,0.0608017668128013
HIP,34296,9288,15,0.014834682457149,0.0275905560702085
HIP,29035,9289,15,0.0074989115819334,0.018349664285779
HIP,44694,9290,15,0.0041264179162681,0.011042502708733
HIP,12410,9291,14,0.0066904542036354,0.0152701530605554
HIP,49299,9292,15,0.0013665286824107,0.0061812899075448
HIP,8036,9293,12,0.0062557929195463,0.0204172320663929
HIP,27267,9294,17,0.0262947399169206,0.0462207533419132
HIP,819,9295,14,0.032572466880083,0.0773921459913253
HIP,35614,9296,13,0.0018991404213011,0.0091649685055017
HIP,4236,9297,16,0.0049144150689244,0.0096767544746398
HIP,23911,9298,13,0.0027616617735475,0.0096737816929817
HIP,11438,9299,14,0.0026960200630128,0.0086192553862929
HIP,49019,9300,16,0.0025692300405353,0.0063709639944136
HIP,9045,9301,5,0.0029458303470164,0.0228662975132465
HIP,37034,9302,12,0.0189519505947828,0.0356809608638286
HIP,381,9303,12,0.0039823395200073,0.0094342231750488
HIP,14030,9304,11,0.0282679218798875,0.0825716704130172
HIP,8343,9305,19,0.0043049165979027,0.0081362901255488
HIP,2529,9306,15,0.0440241992473602,0.0793474838137626
HIP,10182,9307,15,0.0012622682843357,0.0057088835164904
HIP,34311,9308,14,0.0105538582429289,0.0270357467234134
HIP,12871,9309,11,0.0025707201566547,0.0121654449030756
HIP,27192,9310,16,0.0503141582012176,0.0719971284270286
HIP,12731,9311,10,0.0022304877638816,0.0135500775650143
HIP,24694,9312,12,0.0019971984438598,0.0080660199746489
HIP,44157,9313,16,0.00074112880975,0.0026697779539972
HIP,24720,9314,13,0.002083086175844,0.0072137005627155
HIP,34223,9315,17,0.0086475508287549,0.0178099051117897
HIP,7847,9316,16,0.0043463446199893,0.0137647856026887
HIP,43214,9317,15,0.006832814309746,0.0111325355246663
HIP,15809,9318,18,0.0005654668202623,0.0022862311452627
HIP,19922,9319,10,0.0069574536755681,0.0179532803595066
HIP,17896,9320,13,0.0067696734331548,0.0198233965784311
HIP,478,9321,15,0.0044831871055066,0.0098477294668555
HIP,6174,9322,13,0.0083568412810564,0.0228720735758543
HIP,49978,9323,8,0.0287084802985191,0.0837602987885475
HIP,45070,9324,12,0.0307418350130319,0.0497064553201198
HIP,11843,9325,18,0.0016869792016223,0.0105588855221867
HIP,1302,9326,13,0.0338160805404186,0.0613026022911071
HIP,19216,9327,15,0.0026512744370847,0.006768362596631
HIP,9427,9328,15,0.0045719584450125,0.0190628990530967
HIP,25174,9329,10,0.001948288292624,0.0187722947448492
HIP,15621,9330,17,0.003594392677769,0.0182635877281427
HIP,29991,9331,13,0.0072655095718801,0.0238178074359893
HIP,16457,9332,19,0.022470511496067,0.0346547774970531
HIP,25319,9333,14,0.0058444100432097,0.0152892330661416
HIP,40301,9334,21,0.002668745117262,0.0767252966761589
HIP,10978,9335,19,0.0005200022133067,0.0979793816804885
HIP,46202,9336,12,0.0078625502064824,0.0217534024268388
HIP,15168,9337,15,0.0081684552133083,0.0189798045903444
HIP,43578,9338,19,0.0006421975558623,0.0027050953358411
HIP,12882,9339,14,0.004053296521306,0.0156107023358345
HIP,35546,9340,13,0.0042062592692673,0.0092688100412487
HIP,24961,9341,5,0.0019893643911927,0.0224516168236732
HIP,11796,9342,15,0.0078746285289525,0.0196203831583261
HIP,17716,9343,19,0.0031378343701362,0.0262940488755702
HIP,10163,9344,15,0.0023228556383401,0.0057630259543657
HIP,27915,9345,12,0.00351342279464,0.0127937886863946
HIP,7232,9346,13,0.0082579469308257,0.0242565646767616
HIP,21501,9347,15,0.0052933720871806,0.0117296008393168
HIP,22501,9348,11,0.0054232943803071,0.0223792325705289
HIP,46121,9349,16,0.0033537563867866,0.0068812412209808
HIP,34001,9350,11,0.0025915736332535,0.0102746188640594
HIP,7930,9351,13,0.0104830889031291,0.035218708217144
HIP,29234,9352,14,0.0075391680002212,0.0169291161000728
HIP,47123,9353,13,0.0068732118234038,0.0191015247255563
HIP,7172,9354,11,0.0171259604394435,0.0442999862134456
HIP,13826,9355,12,0.003482847707346,0.0126366820186376
HIP,10570,9356,11,0.0030267732217907,0.009593928232789
HIP,29416,9357,15,0.0011779312044382,0.0048510329797863
HIP,16139,9358,12,0.0049308282323181,0.0148733984678983
HIP,5648,9359,11,0.0088211903348565,0.0517989955842494
HIP,44179,9360,18,0.0023537382949143,0.0123032256960868
HIP,36391,9361,11,0.0515495538711547,0.076794296503067
HIP,27102,9362,18,0.0044676116667687,0.0092018293216824
HIP,1070,9363,11,0.0023428057320415,0.012979507446289
HIP,34954,9364,11,0.0063497414812445,0.0437477380037307
HIP,7716,9365,13,0.0082760220393538,0.0179502852261066
HIP,31776,9366,14,0.0046260887756943,0.1121596693992614
HIP,29806,9367,12,0.0028086442034691,0.0088441427797079
HIP,2176,9368,12,0.0036006541922688,0.0115120960399508
HIP,46122,9369,11,0.0195414070039987,0.0514416582882404
HIP,48109,9370,11,0.0084250280633568,0.0285289268940687
HIP,23974,9371,16,0.0046837828122079,0.011908771470189
HIP,33339,9372,11,0.0081344665959477,0.0310067068785429
HIP,44116,9373,14,0.0015673878369852,0.0058397124521434
HIP,40997,9374,14,0.0301765669137239,0.0621658936142921
HIP,12900,9375,18,0.0013795369304716,0.0035780617035925
HIP,3330,9376,8,0.0569734573364257,0.0728335529565811
HIP,41416,9377,11,0.0047188936732709,0.0133177703246474
HIP,20336,9378,14,0.031201584264636,0.0757788643240928
HIP,21459,9379,18,0.0038297828286886,0.0080847581848502
HIP,19777,9380,19,0.0039239437319338,0.0102359801530838
HIP,30691,9381,16,0.0184324961155653,0.019755270332098
HIP,44769,9382,15,0.0013384068151935,0.0055712638422846
HIP,34354,9383,16,0.0134354960173368,0.0222737789154052
HIP,29948,9384,12,0.0205765832215547,0.0594198107719421
HIP,34997,9385,15,0.0040408517234027,0.0085897166281938
HIP,22573,9386,13,0.0016658732201904,0.0085839694365859
HIP,5722,9387,13,0.00535444682464,0.0183359030634164
HIP,18433,9388,16,0.0081003671512007,0.0205562375485897
HIP,19738,9389,17,0.0433175340294837,0.051848579198122
HIP,6493,9390,15,0.0208923909813165,0.0478693768382072
HIP,47207,9391,13,0.0121806329116225,0.0630048140883445
HIP,31830,9392,10,0.0351052395999431,0.1068144366145134
HIP,30057,9393,17,0.0057767895050346,0.0110298357903957
HIP,45318,9394,17,0.068162091076374,0.0634606629610061
HIP,7370,9395,13,0.0011341430945321,0.0043955114670097
HIP,29449,9396,14,0.0155440401285886,0.0346077308058738
HIP,45447,9397,13,0.006678563542664,0.0145756043493747
HIP,24387,9398,9,0.0059966533444821,0.0221209377050399
HIP,48234,9399,19,0.0012948577059432,0.0046599432826042
HIP,27977,9400,14,0.0072922809049487,0.0216611307114362
HIP,46321,9401,11,0.000726971833501,0.0034303311258554
HIP,22148,9402,17,0.0026745367795228,0.0105331782251596
HIP,30606,9403,14,0.0006962139741517,0.0035484945401549
HIP,29641,9404,17,0.0039724642410874,0.0089619802311062
HIP,13243,9405,16,0.0006111208349466,0.0030654447618871
HIP,32397,9406,13,0.0009552511619403,0.0041150287725031
HIP,20115,9407,16,0.0064286305569112,0.0146625852212309
HIP,13912,9408,19,0.00075236603152,0.0044422862119972
HIP,41216,9409,19,0.0007436262094415,0.0057949060574173
HIP,4335,9410,15,0.0056149563752114,0.0114835444837808
HIP,23649,9411,14,0.0009117962326854,0.0052510993555188
HIP,14248,9412,12,0.0045192167162895,0.016916986554861
HIP,24969,9413,19,0.0012563199270516,0.003668590914458
HIP,15506,9414,14,0.0006987628294155,0.0042073442600667
HIP,9896,9415,14,0.0014460624661296,0.0105173401534557
HIP,16319,9416,14,0.0120427068322896,0.0233516003936529
HIP,25494,9417,14,0.007784788031131,0.019251650199294
HIP,8592,9418,15,0.0032685827463865,0.0099322563037276
HIP,37937,9419,10,0.0034797319676727,0.012850041501224
HIP,12348,9420,16,0.0046886429190635,0.0130774648860096
HIP,27257,9421,12,0.0074064647778868,0.0202611107379198
HIP,13734,9422,16,0.0006951835821382,0.0026579441037029
HIP,42826,9423,12,0.0079697286710143,0.0182835217565298
HIP,31769,9424,13,0.0249524116516113,0.0299579128623008
HIP,31631,9425,16,0.0101748295128345,0.0415954738855361
HIP,43203,9426,15,0.0027453585062175,0.0115961180999875
HIP,9615,9427,17,0.0043303878046572,0.0109224300831556
HIP,38296,9428,12,0.0010523506207391,0.0063808406703174
HIP,30379,9429,13,0.0032378726173192,0.009826642461121
HIP,18325,9430,16,0.0085109341889619,0.0212905388325452
HIP,40355,9431,13,0.0008229875238612,0.0043895402923226
HIP,18165,9432,10,0.0063961101695895,0.0235079415142536
HIP,44795,9433,11,0.0094712357968091,0.0292975474148988
HIP,38570,9434,14,0.003203532891348,0.0065893526189029
HIP,38868,9435,15,0.0049048168584704,0.013015498407185
HIP,41120,9436,14,0.0074996319599449,0.020368417724967
HIP,30736,9437,12,0.0004935341421514,0.0044896714389324
HIP,34507,9438,14,0.0047616083174943,0.0281122047454118
HIP,30492,9439,16,0.0012115268036723,0.0099217193201184
HIP,37731,9440,10,0.0039664329960942,0.0195799190551042
HIP,36470,9441,14,0.0037072272971272,0.012083001434803
HIP,45464,9442,15,0.0064078546129167,0.0143049415200948
HIP,16724,9443,13,0.0379144921898841,0.0830386728048324
HIP,39403,9444,12,0.0664926022291183,0.1048010140657424
HIP,32612,9445,14,0.0034108588006347,0.0088596791028976
HIP,45046,9446,13,0.0131386332213878,0.0372843854129314
HIP,50608,9447,14,0.0132831390947103,0.0263455677777528
HIP,43652,9448,19,0.0061591076664626,0.0112790623679757
HIP,8365,9449,15,0.0074533796869218,0.0219312570989131
HIP,4986,9450,18,0.0094699217006564,0.0224020536988973
HIP,14252,9451,15,0.0070368833839893,0.0165642313659191
HIP,30463,9452,12,0.0306845139712095,0.0552979446947574
HIP,7070,9453,17,0.0026537624653428,0.0089994966983795
HIP,45819,9454,10,0.005423532333225,0.013750840909779
HIP,24308,9455,8,0.1012063845992088,0.2294422835111618
HIP,12669,9456,10,0.0067699174396693,0.0207505673170089
HIP,23757,9457,10,0.0019498757319524,0.0072986027225852
HIP,30466,9458,19,0.0018758996156975,0.0047292434610426
HIP,18404,9459,10,0.0222097970545291,0.0494402535259723
HIP,39521,9460,12,0.0046325344592332,0.0245375521481037
HIP,24747,9461,18,0.0090466542169451,0.017760545015335
HIP,33523,9462,14,0.0051294350996613,0.010124297812581
HIP,8802,9463,10,0.020760741084814,0.0712532252073288
HIP,2466,9464,16,0.0022003618068993,0.0109789492562413
HIP,10325,9465,16,0.0043824682943522,0.0136353438720107
HIP,3525,9466,13,0.0257176533341407,0.1368832886219024
HIP,22744,9467,18,0.0043560760095715,0.0146919414401054
HIP,11900,9468,15,0.0032397357281297,0.0136227998882532
HIP,31862,9469,16,0.0104136383160948,0.039981972426176
HIP,42515,9470,12,0.0027323004323989,0.0078428946435451
HIP,46612,9471,10,0.0053592948243021,0.0151985539123415
HIP,4853,9472,12,0.0062624481506645,0.0164573043584823
HIP,33382,9473,16,0.0051470519974827,0.0126039115712046
HIP,16573,9474,12,0.008952428586781,0.0239467248320579
HIP,21882,9475,17,0.0024498763959854,0.0074112969450652
HIP,34534,9476,12,0.0082409214228391,0.0319401919841766
HIP,28520,9477,12,0.0075951335020363,0.0281673800200223
HIP,8487,9478,13,0.0015730245504528,0.0282133761793375
HIP,46940,9479,7,0.0557374693453311,0.0875196084380149
HIP,50427,9480,14,0.0377522073686122,0.0640746653079986
HIP,29387,9481,12,0.0006303076515905,0.0035040276125073
HIP,47098,9482,15,0.0060320668853819,0.0141114080324769
HIP,20297,9483,17,0.0023132918868213,0.0068244975991547
HIP,2571,9484,13,0.0160586591809988,0.1397683322429657
HIP,14330,9485,14,0.0101851252838969,0.0305592138320207
HIP,39897,9486,18,0.0031919535249471,0.0089907683432102
HIP,47522,9487,14,0.0195202119648456,0.0412392057478427
HIP,36979,9488,12,0.0033574544358998,0.0130886984989047
HIP,39442,9489,11,0.0141778690740466,0.032657116651535
HIP,40972,9490,10,0.0138010904192924,0.0400107093155384
HIP,46610,9491,16,0.0029768617823719,0.0103590078651905
HIP,15029,9492,11,0.0089088575914502,0.0264424476772546
HIP,48339,9493,12,0.0039558061398565,0.0115139558911323
HIP,30073,9494,16,0.00488200224936,0.0128209674730896
HIP,32323,9495,18,0.0026624237652868,0.0063811773434281
HIP,43580,9496,13,0.0290255267173051,0.061631616204977
HIP,10627,9497,13,0.0089920945465564,0.0267419386655092
HIP,27131,9498,15,0.003846475854516,0.0102127660065889
HIP,22993,9499,8,0.0470956712961196,0.0721749737858772
HIP,39784,9500,15,0.0044561517424881,0.0095269046723842
HIP,26106,9501,11,0.01323520578444,0.0401866361498832
HIP,36100,9502,15,0.0073793716728687,0.0403679274022579
HIP,41623,9503,17,0.0040409606881439,0.0081819854676723
HIP,19322,9504,12,0.0223418455570936,0.0386766120791435
HIP,6609,9505,11,0.0049566789530217,0.0122511871159076
HIP,28801,9506,17,0.0064720013178884,0.020446864888072
HIP,26067,9507,19,0.0010357587598264,0.0045359218493103
HIP,29194,9508,17,0.0064027868211269,0.0194569136947393
HIP,36120,9509,14,0.020774733275175,0.0388799384236335
HIP,2525,9510,14,0.0064951502718031,0.0133328894153237
HIP,33519,9511,10,0.0464297831058502,0.0718403458595275
HIP,1702,9512,15,0.0172683745622634,0.027714354917407
HIP,29606,9513,16,0.0044996999204158,0.0116827441379427
HIP,4164,9514,11,0.0357486642897129,0.0899646282196044
HIP,29442,9515,14,0.0009146510274149,0.0060491738840937
HIP,19317,9516,14,0.0042901877313852,0.0148740466684103
HIP,42125,9517,13,0.0043460708111524,0.0147051820531487
HIP,15586,9518,18,0.0131590012460947,0.0221391580998897
HIP,74,9519,14,0.0111400838941335,0.0361487381160259
HIP,18919,9520,13,0.0204833839088678,0.039298128336668
HIP,49968,9521,15,0.0058059659786522,0.0120011884719133
HIP,49851,9522,13,0.0067383158020675,0.0132560133934021
HIP,40934,9523,16,0.0083400588482618,0.0421497635543346
HIP,6121,9524,16,0.0025702347047626,0.0064734569750726
HIP,1927,9525,14,0.0011504723224788,0.0179729927331209
HIP,19615,9526,14,0.020576624199748,0.0490727946162223
HIP,14650,9527,11,0.02759550511837,0.0828579366207122
HIP,24440,9528,12,0.0300145614892244,0.0620890446007251
HIP,42405,9529,15,0.0055708209984004,0.0163019485771656
HIP,32381,9530,10,0.002676582429558,0.0088933436200022
HIP,31336,9531,19,0.0007667653844691,0.0127590131014585
HIP,28015,9532,12,0.0300901066511869,0.0612803697586059
HIP,16641,9533,16,0.0016195336356759,0.0045436122454702
HIP,16030,9534,18,0.0198964960873127,0.0279859006404876
HIP,19651,9535,14,0.0397493727505207,0.067761018872261
HIP,29412,9536,15,0.0098565435037016,0.0279030967503786
HIP,21986,9537,12,0.0048507042229175,0.0128509141504764
HIP,14045,9538,11,0.0028882077895104,0.0146242408081889
HIP,31828,9539,14,0.0034994299057871,0.0093637630343437
HIP,9299,9540,14,0.010109769180417,0.0283104367554187
HIP,24490,9541,13,0.0099241472780704,0.0298956967890262
HIP,39075,9542,12,0.0083588762208819,0.0200113411992788
HIP,35060,9543,11,0.002345303306356,0.0096719125285744
HIP,15222,9544,13,0.004227471537888,0.0090481247752904
HIP,13191,9545,14,0.000572269258555,0.0103175435215234
HIP,47322,9546,13,0.0013762088492512,0.0036694617010653
HIP,36068,9547,14,0.0017446400597691,0.0103897647932171
HIP,45915,9548,13,0.0046700094826519,0.0100241843611001
HIP,24692,9549,13,0.0034263168927282,0.0109781799837946
HIP,22193,9550,11,0.0256073735654354,0.0574739389121532
HIP,21333,9551,15,0.0033142508473247,0.0201995056122541
HIP,17549,9552,14,0.0018660187488421,0.0100599285215139
HIP,24865,9553,14,0.0071662468835711,0.0170071497559547
HIP,18196,9554,16,0.0018273312598466,0.0057286457158625
HIP,9222,9555,13,0.0049914675764739,0.0119734508916735
HIP,2429,9556,15,0.0121403923258185,0.0312373526394367
HIP,46282,9557,14,0.0397479869425296,0.0999153107404708
HIP,7114,9558,11,0.0134959621354937,0.0357770733535289
HIP,2010,9559,8,0.0779989883303642,0.1393299847841262
HIP,41458,9560,14,0.0018278800416737,0.0118792615830898
HIP,33837,9561,15,0.0012703866232186,0.0071583641692996
HIP,24212,9562,18,0.0022037723101675,0.0094747943803668
HIP,18606,9563,17,0.0045150122605264,0.0099112316966056
HIP,10266,9564,10,0.0093254158273339,0.0209774896502494
HIP,6371,9565,15,0.0077610905282199,0.0196690987795591
HIP,12012,9566,17,0.0016432121628895,0.0045842318795621
HIP,45539,9567,11,0.0013436418958008,0.0046988511458039
HIP,48542,9568,16,0.0080473665148019,0.013993882574141
HIP,18091,9569,12,0.0040240860544145,0.0142352217808365
HIP,39327,9570,13,0.0124964015558362,0.0292087066918611
HIP,4411,9571,17,0.0066712289117276,0.053758468478918
HIP,8921,9572,12,0.0013199150562286,0.0117181632667779
HIP,31540,9573,13,0.0061663137748837,0.0171953812241554
HIP,27381,9574,12,0.003799861529842,0.0133445793762803
HIP,5682,9575,11,0.0054305298253893,0.0127369444817304
HIP,7128,9576,15,0.0251750983297824,0.0234138593077659
HIP,42730,9577,18,0.0064276624470949,0.0131029328331351
HIP,4152,9578,16,0.0026677520945668,0.0063427570275962
HIP,36028,9579,13,0.0035642217844724,0.0148083716630935
HIP,24461,9580,13,0.0051481504924595,0.0273990798741579
HIP,24582,9581,14,0.0046277828514575,0.0256820898503065
HIP,44170,9582,14,0.0039873500354588,0.0161090791225433
HIP,10311,9583,16,0.0035021025687456,0.0093491878360509
HIP,23395,9584,12,0.0163640324026346,0.0309817064553499
HIP,41452,9585,13,0.0140860844403505,0.0398999340832233
HIP,28654,9586,14,0.0029253377579152,0.0230319611728191
HIP,36341,9587,12,0.0622617676854133,0.0712148025631904
HIP,20500,9588,14,0.0016351738013327,0.0054096020758152
HIP,22933,9589,13,0.0074831754900515,0.0202881731092929
HIP,12949,9590,12,0.0026327157393097,0.0097989700734615
HIP,46108,9591,13,0.0011349483393132,0.0036106216721236
HIP,2119,9592,16,0.0199720952659845,0.0348179899156093
HIP,21403,9593,10,0.0078138895332813,0.0277272928506135
HIP,13561,9594,11,0.0079689417034387,0.0249608978629112
HIP,848,9595,10,0.0044682258740067,0.0130036761984229
HIP,15665,9596,21,0.0014218894066289,0.0672104880213737
HIP,46275,9597,15,0.0057355314493179,0.0189761463552713
HIP,297,9598,18,0.0005860860692337,0.0081915091723203
HIP,4140,9599,14,0.0062099681235849,0.0176455788314342
HIP,41618,9600,19,0.0058755548670887,0.0125420289114117
HIP,26139,9601,14,0.0109538622200489,0.0321566946804523
HIP,1270,9602,13,0.004168955143541,0.0977598950266838
HIP,28,9603,12,0.0577606484293937,0.0705674290657043
HIP,15438,9604,16,0.0205716826021671,0.0372644737362861
HIP,46690,9605,17,0.0015658601187169,0.0056101391091942
HIP,11590,9606,16,0.0015106260543689,0.0285625588148832
HIP,28904,9607,11,0.0101382378488779,0.0235436912626028
HIP,8505,9608,11,0.012591035105288,0.039359726011753
HIP,39097,9609,13,0.0029695152770727,0.0076742647215723
HIP,17828,9610,11,0.0073728635907173,0.0413354858756065
HIP,1653,9611,13,0.0021401506382972,0.0053596436046063
HIP,50528,9612,13,0.0029587124008685,0.0080748591572046
HIP,13757,9613,14,0.0015913643874228,0.0059651732444763
HIP,47682,9614,13,0.0181809961795806,0.045396763831377
HIP,2581,9615,13,0.021718630567193,0.045073501765728
HIP,26998,9616,13,0.0114337923005223,0.0220519173890352
HIP,21144,9617,14,0.003795368829742,0.0678673163056373
HIP,4506,9618,14,0.0039594145491719,0.0120875407010316
HIP,40329,9619,12,0.0005522478022612,0.0044327387586236
HIP,36583,9620,17,0.0082171717658638,0.0174483191221952
HIP,25945,9621,16,0.037848487496376,0.0433251857757568
HIP,21380,9622,12,0.0041955984197556,0.0166264846920967
HIP,3420,9623,17,0.0015553525881841,0.0086170881986618
HIP,8818,9624,13,0.0018847619649022,0.0059351036325097
HIP,46461,9625,16,0.0015195419546216,0.00437981961295
HIP,9332,9626,14,0.009742964990437,0.0294532179832458
HIP,35181,9627,14,0.0008983545703813,0.0047292429953813
HIP,1367,9628,16,0.0006909284275025,0.0033611680846661
HIP,28282,9629,18,0.0013567900750786,0.0073534902185201
HIP,22775,9630,15,0.0381501503288745,0.0577983707189559
HIP,46847,9631,16,0.0006447110790759,0.0025686817243695
HIP,42446,9632,12,0.024669224396348,0.0581610947847366
HIP,42483,9633,14,0.0007692529470659,0.0053703421726822
HIP,3711,9634,17,0.0171540696173906,0.0268731713294982
HIP,6892,9635,15,0.0083008976653218,0.0159390680491924
HIP,14242,9636,11,0.0031369924545288,0.007931831292808
HIP,18966,9637,13,0.0557335391640663,0.1086011081933975
HIP,50281,9638,16,0.0051032276824116,0.0152337383478879
HIP,17453,9639,17,0.0007735360995866,0.0037416496779769
HIP,9616,9640,10,0.0048879198729991,0.0179892610758543
HIP,15974,9641,13,0.0143225379288196,0.039252258837223
HIP,33348,9642,14,0.0171382464468479,0.0202761534601449
HIP,42667,9643,8,0.0027839839458465,0.0086523415520787
HIP,36729,9644,15,0.0010492355795577,0.0047727320343256
HIP,18604,9645,17,0.0119562996551394,0.0232861414551734
HIP,26249,9646,17,0.0056545902043581,0.0129163973033428
HIP,41409,9647,11,0.0015243147499859,0.0057544130831956
HIP,36449,9648,14,0.0037100273184478,0.0090225478634238
HIP,37234,9649,15,0.0024143869522958,0.0080960458144545
HIP,25206,9650,12,0.0153386266902089,0.0368892885744571
HIP,37031,9651,9,0.0016266062157228,0.0082546584308147
HIP,19254,9652,15,0.0099271852523088,0.0169730223715305
HIP,9321,9653,19,0.0056658242829144,0.0115247881039977
HIP,30783,9654,15,0.0060527231544256,0.0145889017730951
HIP,42723,9655,11,0.0078925024718046,0.0254537407308816
HIP,13148,9656,11,0.010284574702382,0.0381097756326198
HIP,50094,9657,16,0.005212552845478,0.010814307257533
HIP,48556,9658,14,0.0060628079809248,0.0195950157940387
HIP,38493,9659,15,0.0429393649101257,0.0904150977730751
HIP,35137,9660,13,0.0061375326476991,0.0138812754303216
HIP,17195,9661,15,0.0006058937869966,0.0050012771971523
HIP,4170,9662,15,0.0058467965573072,0.0125330323353409
HIP,29305,9663,12,0.0070762769319117,0.0171654373407363
HIP,32751,9664,9,0.0053896778263151,0.0208766236901283
HIP,37397,9665,14,0.0222681146115064,0.0402534380555152
HIP,31777,9666,8,0.102232776582241,0.208173781633377
HIP,17470,9667,17,0.0018973564729094,0.0047011259011924
HIP,48984,9668,14,0.0108354780822992,0.017097657546401
HIP,19798,9669,15,0.0023858598433434,0.0766973495483398
HIP,41461,9670,9,0.0053027332760393,0.0206051040440797
HIP,22654,9671,13,0.0062014092691242,0.0146982884034514
HIP,36405,9672,8,0.0154427289962768,0.0680745616555213
HIP,31181,9673,13,0.0036557703278958,0.0090187070891261
HIP,17024,9674,17,0.0065871039405465,0.0280966684222221
HIP,29667,9675,11,0.0046288217417895,0.0216640755534172
HIP,27794,9676,15,0.0078147863969206,0.0288236923515796
HIP,19506,9677,15,0.0054597267881035,0.0127588100731372
HIP,49513,9678,13,0.0044703548774123,0.0121378954499959
HIP,40780,9679,12,0.003073725150898,0.0083889905363321
HIP,30446,9680,12,0.0106648635119199,0.0285750608891248
HIP,24919,9681,8,0.0132012069225311,0.045434933155775
HIP,46877,9682,15,0.0176998917013406,0.0396266691386699
HIP,14270,9683,11,0.0094904340803623,0.020985035225749
HIP,36621,9684,16,0.0022253040224313,0.0074625229462981
HIP,21912,9685,13,0.0151782697066664,0.0509778000414371
HIP,35710,9686,18,0.0020391636062413,0.0050373398698866
HIP,45972,9687,11,0.0056836362928152,0.0240789223462343
HIP,10940,9688,12,0.0037599806673824,0.0110300108790397
HIP,11763,9689,11,0.000809404591564,0.0044264961034059
HIP,15631,9690,14,0.0073885140009224,0.0193546544760465
HIP,49726,9691,10,0.0016207996523007,0.0140278143808245
HIP,4809,9692,8,0.0257870405912399,0.068683311343193
HIP,21810,9693,12,0.0053703165613114,0.0136750815436244
HIP,27516,9694,11,0.0019113074522465,0.0088218776509165
HIP,50548,9695,12,0.0042118565179407,0.0106152836233377
HIP,36558,9696,17,0.0023874156177043,0.009702262468636
HIP,35193,9697,13,0.0020504610147327,0.0075116991065442
HIP,37410,9698,14,0.0881815105676651,0.1369664967060089
HIP,48656,9699,12,0.0041123093105852,0.0089225564152002
HIP,16698,9700,14,0.0157542265951633,0.0382494777441024
HIP,40205,9701,13,0.0176682025194168,0.1283868700265884
HIP,1868,9702,16,0.0007924259407445,0.0707909539341926
HIP,2804,9703,19,0.0022514902520924,0.0057492582127451
HIP,5926,9704,15,0.0071555902250111,0.0110542373731732
HIP,27781,9705,19,0.0016517640324309,0.0085061602294445
HIP,44357,9706,10,0.0110348211601376,0.0269042588770389
HIP,9832,9707,15,0.0036436538212001,0.0102035738527774
HIP,20378,9708,18,0.0443645864725112,0.0453036800026893
HIP,32924,9709,17,0.0018389733741059,0.00728151621297
HIP,16950,9710,18,0.0030990045052021,0.0088602909818291
HIP,17116,9711,11,0.0051574283279478,0.0119913853704929
HIP,25597,9712,10,0.0012605417286977,0.0062348917126655
HIP,409,9713,12,0.0040289121679961,0.0090649230405688
HIP,34226,9714,8,0.0261254422366619,0.0716668963432312
HIP,11013,9715,14,0.0034408392384648,0.0099854934960603
HIP,19650,9716,15,0.0039023796562105,0.0099254623055458
HIP,36431,9717,13,0.000721805205103,0.004170287400484
HIP,19836,9718,12,0.0040763742290437,0.0113809462636709
HIP,996,9719,15,0.0040793172083795,0.0136091783642768
HIP,829,9720,15,0.0004885196103714,0.0040968456305563
HIP,19917,9721,17,0.0044612349011003,0.0111093092709779
HIP,17125,9722,17,0.0030083677265793,0.0104700308293104
HIP,38561,9723,8,0.0037215321790426,0.0172001514583826
HIP,45890,9724,11,0.0313260704278945,0.1351727843284607
HIP,412,9725,14,0.0201286189258098,0.0376461409032344
HIP,21234,9726,13,0.0037289808969944,0.0145828044041991
HIP,39617,9727,15,0.0027790225576609,0.0076935575343668
HIP,3689,9728,17,0.0023922133259475,0.0069557740353047
HIP,35212,9729,17,0.0057569812051951,0.0118912458419799
HIP,33773,9730,14,0.0091844061389565,0.0319326855242252
HIP,7893,9731,15,0.0334647148847579,0.0808738246560096
HIP,45882,9732,16,0.0212043281644582,0.0603355839848518
HIP,10092,9733,10,0.0042730821296572,0.0130701418966054
HIP,2811,9734,16,0.0038849515840411,0.0079105962067842
HIP,42751,9735,15,0.0014396401820704,0.0048805219121277
HIP,47953,9736,16,0.0033069215714931,0.006752832327038
HIP,39750,9737,15,0.0043623242527246,0.0114209158346056
HIP,8296,9738,14,0.0541689395904541,0.0689181089401245
HIP,33017,9739,14,0.0015746270073577,0.0061704143881797
HIP,17161,9740,9,0.0232856422662735,0.0504108369350433
HIP,24094,9741,16,0.0071456707082688,0.0213442612439394
HIP,28808,9742,14,0.0159816015511751,0.048502042889595
HIP,5459,9743,14,0.0020098378881812,0.0060317758470773
HIP,50797,9744,13,0.0105424765497446,0.0262166205793619
HIP,50570,9745,14,0.0006247948622331,0.0033202026970684
HIP,22620,9746,10,0.0012690263101831,0.0193413458764553
HIP,6228,9747,15,0.0031874305568635,0.0097900507971644
HIP,29261,9748,11,0.0029377525206655,0.0109373135492205
HIP,39777,9749,15,0.0042407200671732,0.029251106083393
HIP,16449,9750,13,0.0103077581152319,0.0224320460110902
HIP,49508,9751,12,0.0058171381242573,0.0169639494270086
HIP,21347,9752,13,0.0016037881141528,0.005541720893234
HIP,16000,9753,17,0.0062801958993077,0.0135161215439438
HIP,23766,9754,13,0.0029594697989523,0.0102385459467768
HIP,32876,9755,14,0.0292465314269065,0.0614151693880558
HIP,37418,9756,16,0.0110694272443652,0.0216054059565067
HIP,26599,9757,13,0.0079518286511302,0.0265495162457227
HIP,27946,9758,14,0.0086889704689383,0.0235580652952194
HIP,8845,9759,15,0.00502092204988,0.013285438530147
HIP,32460,9760,9,0.0037125498056411,0.0105693824589252
HIP,2188,9761,13,0.0209020804613828,0.0416597500443458
HIP,27479,9762,15,0.0010083566885441,0.0041034161113202
HIP,3621,9763,16,0.0015028060879558,0.0052062273025512
HIP,5948,9764,16,0.0013236673548817,0.0056056138128042
HIP,22321,9765,19,0.0020629449281841,0.0137142343446612
HIP,40047,9766,11,0.048891544342041,0.0764848515391349
HIP,40675,9767,11,0.0020950355101376,0.0058768009766936
HIP,28223,9768,14,0.0020449750591069,0.0072511718608438
HIP,21596,9769,11,0.0054190927185118,0.0123002510517835
HIP,42682,9770,19,0.0017083815764635,0.0063168252818286
HIP,21081,9771,16,0.0042989100329577,0.0128415757790207
HIP,39546,9772,13,0.0102311177179217,0.0286222286522388
HIP,9507,9773,12,0.011660311371088,0.0428610257804393
HIP,47484,9774,9,0.0307101309299469,0.0573539771139621
HIP,50822,9775,13,0.0046632122248411,0.0150723783299326
HIP,9953,9776,11,0.0011080341646447,0.0076820557005703
HIP,11459,9777,16,0.0011492224875837,0.0034388725180178
HIP,46454,9778,12,0.0037942985072731,0.0084165260195732
HIP,15879,9779,17,0.0028693124186247,0.0082968100905418
HIP,37644,9780,12,0.0006233062595129,0.0061011454090476
HIP,36078,9781,10,0.0093629779294133,0.0429358854889869
HIP,23451,9782,18,0.0008228180231526,0.0049361586570739
HIP,42391,9783,12,0.0050291651859879,0.017115144059062
HIP,41424,9784,15,0.0044518099166452,0.0116560459136962
HIP,4673,9785,18,0.0036190717946738,0.0089605459943413
HIP,44346,9786,16,0.0089212022721767,0.0140206636860966
HIP,30619,9787,15,0.0015255071921274,0.0055053946562111
HIP,44257,9788,17,0.041381761431694,0.067411407828331
HIP,44768,9789,16,0.0016311192885041,0.0051242359913885
HIP,2678,9790,10,0.006696191150695,0.017284432426095
HIP,19325,9791,8,0.0071741370484232,0.0201836191117763
HIP,34551,9792,13,0.0011699118185788,0.0059297704137861
HIP,25385,9793,13,0.0014503311831504,0.0129326535388827
HIP,37481,9794,13,0.0578510574996471,0.1070142164826393
HIP,11631,9795,15,0.0009976525325328,0.0177336260676383
HIP,7965,9796,19,0.0024244291707873,0.007696340791881
HIP,28077,9797,12,0.0068230191245675,0.0219139289110898
HIP,48718,9798,16,0.0011204410111531,0.0040307687595486
HIP,9747,9799,12,0.0155594768002629,0.0244296211749315
HIP,3582,9800,16,0.0151717355474829,0.022708274424076
HIP,38204,9801,8,0.0210424717515707,0.0618136338889598
HIP,11964,9802,14,0.0036281449720263,0.0165085177868604
HIP,1435,9803,8,0.022240187972784,0.0442961119115352
HIP,19689,9804,13,0.0074211205355823,0.0268313325941562
HIP,34650,9805,11,0.0048173209652304,0.0147130507975816
HIP,16792,9806,10,0.0073480773717164,0.0177101865410804
HIP,43325,9807,15,0.0085638482123613,0.024750230833888
HIP,32080,9808,8,0.0247026570141315,0.0569309927523136
HIP,49413,9809,13,0.0006187846302054,0.0030201650224626
HIP,23214,9810,11,0.0077642095275223,0.0224921368062496
HIP,24643,9811,21,0.0015000032726675,0.0095151104032993
HIP,15931,9812,17,0.0087823029607534,0.0136299729347229
HIP,46949,9813,10,0.0293724872171878,0.1315936595201492
HIP,9071,9814,17,0.0022666787263005,0.0075054373592138
HIP,19733,9815,14,0.0009405565215274,0.0071514826267957
HIP,49390,9816,17,0.0029628430493175,0.0082222102209925
HIP,38460,9817,9,0.0013377367286011,0.0064253415912389
HIP,11792,9818,15,0.0034852584358304,0.011725453659892
HIP,12721,9819,14,0.0075573283247649,0.0174803081899881
HIP,35666,9820,15,0.0014394104946404,0.0046783480793237
HIP,7103,9821,12,0.0065910550765693,0.0211404748260974
HIP,34713,9822,14,0.0006597337778657,0.0039469259791076
HIP,3784,9823,8,0.0520855598151683,0.0700008049607276
HIP,34772,9824,11,0.0041949874721467,0.0125458352267742
HIP,26600,9825,13,0.009381977841258,0.0213882494717836
HIP,21151,9826,19,0.0052863252349197,0.0112541504204273
HIP,23347,9827,14,0.0262878891080617,0.0511065050959587
HIP,35011,9828,10,0.0634650513529777,0.1276801377534866
HIP,22280,9829,15,0.0005083174328319,0.003068923484534
HIP,23110,9830,15,0.0056961760856211,0.0127444062381982
HIP,34264,9831,13,0.0074148150160908,0.0196432080119848
HIP,4443,9832,18,0.0313857421278953,0.0390860475599765
HIP,42378,9833,18,0.0023426162078976,0.0117164393886923
HIP,13250,9834,10,0.02810575440526,0.0642605870962143
HIP,31876,9835,15,0.0040250006131827,0.0116077242419123
HIP,10972,9836,5,0.0218137428164482,0.0700993165373802
HIP,50603,9837,15,0.0538591705262661,0.090980663895607
HIP,24716,9838,13,0.0066386279650032,0.0142922475934028
HIP,47221,9839,9,0.0011224040063098,0.0077605033293366
HIP,45021,9840,10,0.0100099192932248,0.0290799979120492
HIP,16883,9841,15,0.0041742650792002,0.0105628874152898
HIP,12881,9842,13,0.00861606746912,0.0211869832128286
HIP,19694,9843,11,0.0040820324793457,0.0125586995854973
HIP,45907,9844,10,0.0137985870242118,0.0366654284298419
HIP,16598,9845,14,0.0017099843826144,0.006453844718635
HIP,48324,9846,19,0.0038429561536759,0.0073056230321526
HIP,43932,9847,11,0.0006156194722279,0.0034045663196593
HIP,50384,9848,15,0.0027312159072607,0.0066797793842852
HIP,41238,9849,10,0.0503244698047637,0.0876639857888221
HIP,35296,9850,14,0.0035748251248151,0.0099192401394248
HIP,2869,9851,15,0.0022550618741661,0.0066823395900428
HIP,985,9852,12,0.0027551704552024,0.0094196740537881
HIP,42620,9853,12,0.0137643814086914,0.0429762490093708
HIP,10064,9854,12,0.0298637878149747,0.0661420151591301
HIP,39289,9855,18,0.0090757394209504,0.0226068533957004
HIP,43722,9856,13,0.0187716707587242,0.029424138367176
HIP,12066,9857,11,0.008750113658607,0.0207084957510232
HIP,42829,9858,13,0.017990531399846,0.0565505996346473
HIP,42218,9859,16,0.0014070775359869,0.004257867578417
HIP,30212,9860,17,0.0017484711715951,0.0056037027388811
HIP,32033,9861,13,0.0013250164920464,0.0067130434326827
HIP,48597,9862,12,0.0084266811609268,0.0371891781687736
HIP,31468,9863,14,0.0039853998459875,0.0073295128531754
HIP,38339,9864,15,0.0012629848206415,0.0051408060826361
HIP,11363,9865,15,0.0090401759371161,0.0211136676371097
HIP,37257,9866,13,0.0033983779139816,0.0128310322761535
HIP,2003,9867,10,0.0118527980521321,0.0374962948262691
HIP,27008,9868,12,0.0080482382327318,0.0184618346393108
HIP,2189,9869,15,0.0145585741847753,0.0236202552914619
HIP,32903,9870,16,0.0008178490097634,0.0043220091611146
HIP,11256,9871,14,0.0008992005023173,0.0148644912987947
HIP,15469,9872,15,0.0139738386496901,0.0394303239881992
HIP,8156,9873,19,0.0014430681476369,0.0165338329970836
HIP,40394,9874,15,0.0032730263192206,0.0123179862275719
HIP,44973,9875,12,0.0167397353798151,0.041721872985363
HIP,9343,9876,14,0.0089791938662529,0.0200784280896186
HIP,11707,9877,14,0.0060936659574508,0.0183724611997604
HIP,35964,9878,8,0.0197464413940906,0.0445680879056453
HIP,38407,9879,11,0.0190077312290668,0.0465248264372348
HIP,6013,9880,13,0.0025539032649248,0.0180444549769163
HIP,44586,9881,18,0.0225280970335006,0.0304841697216033
HIP,47810,9882,12,0.008607012219727,0.0233978629112243
HIP,15523,9883,18,0.0017457396024838,0.0060015567578375
HIP,39122,9884,14,0.0116597088053822,0.0623183064162731
HIP,48739,9885,14,0.0132243419066071,0.0252472069114446
HIP,48534,9886,13,0.008724040351808,0.0211224686354398
HIP,45258,9887,14,0.0452688038349151,0.0552951879799366
HIP,20667,9888,9,0.0114953452721238,0.0272813960909843
HIP,22210,9889,17,0.0110198417678475,0.016714846715331
HIP,36606,9890,10,0.0169150717556476,0.0333950147032737
HIP,29098,9891,12,0.0233794581145048,0.0484326519072055
HIP,879,9892,14,0.0103109497576951,0.020510010421276
HIP,36243,9893,14,0.0062016192823648,0.0136580327525734
HIP,20035,9894,13,0.0010521634249016,0.0077524911612272
HIP,7946,9895,8,0.0225913524627685,0.0657076463103294
HIP,22675,9896,14,0.0032312718685716,0.0087073147296905
HIP,37623,9897,14,0.0153330424800515,0.0283059813082218
HIP,15064,9898,10,0.0166192948818206,0.0367640033364295
HIP,8110,9899,14,0.0006820809794589,0.0033603205811232
HIP,31721,9900,13,0.0035908059217035,0.0075460723601281
HIP,19898,9901,16,0.0047713052481412,0.0090198395773768
HIP,39664,9902,16,0.0016875993460416,0.0096541764214634
HIP,32931,9903,18,0.001171771204099,0.0050416896119713
HIP,24953,9904,15,0.0079878158867359,0.0202368050813674
HIP,38151,9905,15,0.000980683369562,0.0043647582642734
HIP,3568,9906,13,0.005535346455872,0.0137076815590262
HIP,35711,9907,13,0.0058647217229008,0.0141970878466963
HIP,24093,9908,9,0.0014790358254685,0.0079057365655899
HIP,32081,9909,17,0.0124481078237295,0.0222078207880258
HIP,24706,9910,14,0.0095955897122621,0.0184758938848972
HIP,27054,9911,11,0.1978990584611892,0.347912847995758
HIP,47855,9912,12,0.000947946566157,0.0055832634679973
HIP,8332,9913,10,0.0093587897717952,0.0335292667150497
HIP,31661,9914,13,0.0041618430987,0.0120299933478236
HIP,36462,9915,17,0.0111178327351808,0.0172717999666929
HIP,43339,9916,12,0.0030012773349881,0.0123406527563929
HIP,35395,9917,11,0.0037615871988236,0.0094431219622492
HIP,5130,9918,17,0.0396379828453063,0.0577083528041839
HIP,37896,9919,14,0.0015111818211153,0.008773642592132
HIP,38786,9920,12,0.0126983430236577,0.026577390730381
HIP,16649,9921,16,0.0009106623474508,0.0037721469998359
HIP,7943,9922,9,0.0019533107988536,0.008699893951416
HIP,19656,9923,11,0.0027269530110061,0.0142103238031268
HIP,9335,9924,10,0.005846541840583,0.0215888042002916
HIP,22319,9925,19,0.0025594728067517,0.0072350068949162
HIP,46185,9926,11,0.0041242251172661,0.012979538179934
HIP,19691,9927,12,0.0124416816979646,0.037063043564558
HIP,8461,9928,8,0.0152846975252032,0.0227331947535276
HIP,22096,9929,13,0.0038310633972287,0.0061902054585516
HIP,10236,9930,15,0.0077533046714961,0.0226796306669712
HIP,45001,9931,16,0.0396258831024169,0.047718234360218
HIP,4413,9932,15,0.0078701395541429,0.021364951506257
HIP,31815,9933,13,0.0010438821045681,0.0028494687285274
HIP,48452,9934,15,0.0018826882587745,0.0082303946837782
HIP,11352,9935,13,0.0014384700916707,0.0180968940258026
HIP,2973,9936,15,0.0069253593683242,0.0158799588680267
HIP,48298,9937,15,0.0053051514551043,0.011528699658811
HIP,2225,9938,15,0.0040672430768609,0.0108888940885663
HIP,13883,9939,13,0.0054097650572657,0.0154794882982969
HIP,13441,9940,12,0.0125839216634631,0.0278449729084968
HIP,23327,9941,10,0.0073461504653096,0.0219806302338838
HIP,48629,9942,11,0.0047633624635636,0.0112068271264433
HIP,19895,9943,14,0.0149474199861288,0.0545450001955032
HIP,17283,9944,12,0.0086309993639588,0.0231878515332937
HIP,14734,9945,12,0.0020294955465942,0.0074612740427255
HIP,50784,9946,15,0.0029022379312664,0.0076292785815894
HIP,576,9947,17,0.0031001651659607,0.0068825585767626
HIP,35443,9948,13,0.0010163951665163,0.0081571480259299
HIP,4542,9949,16,0.0104839419946074,0.016235226765275
HIP,20811,9950,17,0.0009904761100187,0.0133020048961043
HIP,8474,9951,10,0.0031540291383862,0.0166916660964489
HIP,17425,9952,12,0.0423141531646251,0.0816978588700294
HIP,5737,9953,18,0.0163787398487329,0.0277980659157037
HIP,32335,9954,16,0.0098464069887995,0.022073982283473
HIP,9316,9955,14,0.0066696940921247,0.018803484737873
HIP,13983,9956,14,0.0007319176802411,0.004450290929526
HIP,31077,9957,16,0.0005573465023189,0.0033258353359997
HIP,38207,9958,11,0.0466691218316555,0.127562865614891
HIP,14720,9959,12,0.0081770243123173,0.04130345210433
HIP,15272,9960,13,0.0060377055779099,0.0147313382476568
HIP,36384,9961,16,0.0008682272164151,0.031376976519823
HIP,14558,9962,12,0.0389750674366951,0.0825192034244537
HIP,29993,9963,12,0.0090584745630621,0.0408322215080261
HIP,21458,9964,13,0.033177763223648,0.0622943006455898
HIP,23658,9965,11,0.009583001025021,0.0173540860414505
HIP,120,9966,16,0.0007806442445144,0.0068021491169929
HIP,27036,9967,10,0.0019319602288305,0.0056223045103251
HIP,34151,9968,8,0.0201943516731262,0.0473284013569355
HIP,30921,9969,16,0.0013049095869064,0.0041199796833097
HIP,16173,9970,14,0.0421445332467556,0.0611308068037033
HIP,4131,9971,12,0.0088133495301008,0.0211681313812732
HIP,47790,9972,12,0.0127833802253007,0.0351628847420215
HIP,38831,9973,15,0.0140825724229216,0.0201631765812635
HIP,31406,9974,19,0.0006665819091722,0.0030951048247516
HIP,46167,9975,16,0.0021138384472578,0.0065825567580759
HIP,42399,9976,17,0.0091660544276237,0.0185476541519165
HIP,23730,9977,17,0.0082127349451184,0.0189294125884771
HIP,7457,9978,16,0.0041999327950179,0.0107809575274586
HIP,34139,9979,16,0.000565978931263,0.0044809225946664
HIP,29183,9980,14,0.0024385980796068,0.0240617841482162
HIP,14823,9981,18,0.0011598614510148,0.0027424155268818
HIP,38985,9982,16,0.0058739404194056,0.0129331229254603
HIP,46383,9983,12,0.019382419064641,0.0436806343495845
HIP,2290,9984,15,0.0033191284164786,0.0081623801961541
HIP,29873,9985,10,0.071773461997509,0.0930427759885788
HIP,17634,9986,15,0.0032147904857993,0.0160429254174232
HIP,47664,9987,21,0.0022064638324081,0.0050716558471322
HIP,8462,9988,16,0.0027251420542597,0.0082175564020872
HIP,44883,9989,14,0.0032807819079607,0.0115853305906057
HIP,13227,9990,15,0.0108344070613384,0.0283240545541048
HIP,3514,9991,14,0.0034610189031809,0.0091826049610972
HIP,14097,9992,21,0.0021859563421458,0.0744391232728958
HIP,15529,9993,18,0.0051003927364945,0.022276246920228
HIP,25595,9994,21,0.0020666574127972,0.074577122926712
HIP,20113,9995,17,0.0022023131605237,0.0063036917708814
HIP,35926,9996,12,0.0016103275120258,0.0066618560813367
HIP,7997,9997,13,0.0014385053655132,0.0066957101225852
HIP,32425,9998,12,0.0052546127699315,0.0152636328712105
HIP,25394,9999,14,0.0036542995367199,0.0146946469321846
