model,dataset_index,sample_index,number_of_atoms,force_mae_eV_per_angstrom,hessian_mae_eV_per_angstrom2
EquiformerV2 AD with Hessian training,35070,0,14,0.0074986759573221,0.0612353198230266
EquiformerV2 AD with Hessian training,2284,1,13,0.0114827612414956,0.0508103743195533
EquiformerV2 AD with Hessian training,13332,2,13,0.0068827182985842,0.0591776184737682
EquiformerV2 AD with Hessian training,14281,3,11,0.0181792359799146,0.0767751783132553
EquiformerV2 AD with Hessian training,46110,4,15,0.0115205328911542,0.0335473641753196
EquiformerV2 AD with Hessian training,33249,5,17,0.0076245632953941,0.0261149741709232
EquiformerV2 AD with Hessian training,35938,6,14,0.0028309498447924,0.0172982290387153
EquiformerV2 AD with Hessian training,47043,7,15,0.0025442941114306,0.0204800777137279
EquiformerV2 AD with Hessian training,25642,8,14,0.0070185717195272,0.0295538268983364
EquiformerV2 AD with Hessian training,35177,9,10,0.005562238395214,0.1176477000117302
EquiformerV2 AD with Hessian training,50102,10,19,0.0032037135679274,0.0133823519572615
EquiformerV2 AD with Hessian training,2674,11,14,0.0082506071776151,0.0297407452017068
EquiformerV2 AD with Hessian training,34598,12,17,0.0104634147137403,0.0313642136752605
EquiformerV2 AD with Hessian training,12843,13,19,0.0048360275104641,0.0212092380970716
EquiformerV2 AD with Hessian training,1375,14,14,0.0032324930652976,0.0191224738955497
EquiformerV2 AD with Hessian training,42274,15,11,0.0165731366723775,0.078030951321125
EquiformerV2 AD with Hessian training,11899,16,14,0.0126151740550994,0.0516440011560916
EquiformerV2 AD with Hessian training,24768,17,12,0.0331252440810203,0.0954831689596176
EquiformerV2 AD with Hessian training,25701,18,11,0.0194567199796438,0.170433908700943
EquiformerV2 AD with Hessian training,17250,19,15,0.0103734927251935,0.0353398360311985
EquiformerV2 AD with Hessian training,26833,20,10,0.0089019322767853,0.0602689385414123
EquiformerV2 AD with Hessian training,12656,21,14,0.0102677913382649,0.0571344345808029
EquiformerV2 AD with Hessian training,4221,22,21,0.0119889341294765,0.0245254188776016
EquiformerV2 AD with Hessian training,16177,23,12,0.0051652886904776,0.1261664181947708
EquiformerV2 AD with Hessian training,25283,24,15,0.003152692457661,0.024229273200035
EquiformerV2 AD with Hessian training,39339,25,14,0.0079862168058753,0.0316308811306953
EquiformerV2 AD with Hessian training,9739,26,10,0.0309819430112838,0.1779377162456512
EquiformerV2 AD with Hessian training,41691,27,18,0.0035600133705884,0.0149844344705343
EquiformerV2 AD with Hessian training,42843,28,14,0.0050813602283596,0.0182893276214599
EquiformerV2 AD with Hessian training,17903,29,15,0.018818661570549,0.0659829229116439
EquiformerV2 AD with Hessian training,48588,30,12,0.0111280875280499,0.0537059158086776
EquiformerV2 AD with Hessian training,30815,31,12,0.0049180360510945,0.0315382443368434
EquiformerV2 AD with Hessian training,29115,32,18,0.0045037637464702,0.0189418159425258
EquiformerV2 AD with Hessian training,40,33,11,0.0077175917103886,0.0585474520921707
EquiformerV2 AD with Hessian training,32597,34,15,0.0039576259441673,0.0183861702680587
EquiformerV2 AD with Hessian training,16626,35,9,0.0222735367715358,0.3168184757232666
EquiformerV2 AD with Hessian training,37271,36,12,0.0158880110830068,0.0563515312969684
EquiformerV2 AD with Hessian training,29570,37,17,0.0054781730286777,0.021722313016653
EquiformerV2 AD with Hessian training,26756,38,16,0.0041499584913253,0.0185904633253812
EquiformerV2 AD with Hessian training,27834,39,14,0.023116922006011,0.0871094688773155
EquiformerV2 AD with Hessian training,522,40,16,0.0078074946068227,0.0344878584146499
EquiformerV2 AD with Hessian training,45251,41,14,0.0085062142461538,0.0360910594463348
EquiformerV2 AD with Hessian training,13633,42,12,0.0049281041137874,0.0247631724923849
EquiformerV2 AD with Hessian training,17617,43,12,0.0383274443447589,0.1375065594911575
EquiformerV2 AD with Hessian training,42551,44,13,0.0037573776207864,0.0271291770040988
EquiformerV2 AD with Hessian training,17297,45,14,0.0064053307287395,0.0263570994138717
EquiformerV2 AD with Hessian training,44139,46,14,0.0053047905676066,0.0474092364311218
EquiformerV2 AD with Hessian training,9584,47,17,0.004291103221476,0.0180430486798286
EquiformerV2 AD with Hessian training,10389,48,15,0.0039322534576058,0.0208547413349151
EquiformerV2 AD with Hessian training,11231,49,15,0.0057546417228877,0.0273588802665472
EquiformerV2 AD with Hessian training,40666,50,15,0.0082977069541811,0.0613552443683147
EquiformerV2 AD with Hessian training,32583,51,11,0.0257719289511442,0.0912370458245277
EquiformerV2 AD with Hessian training,20294,52,15,0.0137968752533197,0.0654377341270446
EquiformerV2 AD with Hessian training,30061,53,16,0.012156369164586,0.0386290773749351
EquiformerV2 AD with Hessian training,16990,54,14,0.0041337902657687,0.019924309104681
EquiformerV2 AD with Hessian training,42360,55,16,0.0479961708188056,0.1613632440567016
EquiformerV2 AD with Hessian training,24047,56,14,0.0050451275892555,0.0224435869604349
EquiformerV2 AD with Hessian training,16190,57,11,0.0062332195229828,0.3358221650123596
EquiformerV2 AD with Hessian training,15628,58,15,0.0123640960082411,0.0396843142807483
EquiformerV2 AD with Hessian training,26057,59,11,0.0139298075810074,0.0727364867925643
EquiformerV2 AD with Hessian training,1838,60,19,0.0210933703929185,0.0461520515382289
EquiformerV2 AD with Hessian training,48003,61,15,0.0233638137578964,0.0555025711655616
EquiformerV2 AD with Hessian training,17598,62,13,0.0189620312303304,0.0818013250827789
EquiformerV2 AD with Hessian training,21961,63,16,0.0084534883499145,0.0251290276646614
EquiformerV2 AD with Hessian training,2974,64,12,0.0373014360666275,0.1089566051959991
EquiformerV2 AD with Hessian training,49367,65,11,0.0125648146495223,0.0718119665980339
EquiformerV2 AD with Hessian training,40887,66,11,0.010574365966022,0.0736104995012283
EquiformerV2 AD with Hessian training,1995,67,9,0.0069531137123703,0.142146959900856
EquiformerV2 AD with Hessian training,25175,68,15,0.0517661646008491,0.1257753372192382
EquiformerV2 AD with Hessian training,28105,69,10,0.0162932537496089,0.2638077139854431
EquiformerV2 AD with Hessian training,12579,70,16,0.0297181904315948,0.0526342578232288
EquiformerV2 AD with Hessian training,50014,71,12,0.0119121428579092,0.0516576841473579
EquiformerV2 AD with Hessian training,13360,72,19,0.0061179087497293,0.0272569544613361
EquiformerV2 AD with Hessian training,33776,73,17,0.0027722013182938,0.0130987921729683
EquiformerV2 AD with Hessian training,36882,74,11,0.011356046423316,0.0755275040864944
EquiformerV2 AD with Hessian training,10607,75,12,0.0147850709035992,0.0575267672538757
EquiformerV2 AD with Hessian training,2111,76,14,0.0673541650176048,0.1187964379787445
EquiformerV2 AD with Hessian training,6687,77,11,0.0095627401024103,0.0668885856866836
EquiformerV2 AD with Hessian training,16328,78,15,0.0034094636794179,0.0157178454101085
EquiformerV2 AD with Hessian training,22215,79,14,0.0091261239722371,0.0511310063302516
EquiformerV2 AD with Hessian training,11994,80,12,0.0081816660240292,0.0673678815364837
EquiformerV2 AD with Hessian training,37342,81,16,0.0030383269768208,0.0130477463826537
EquiformerV2 AD with Hessian training,43966,82,10,0.0134864980354905,0.0938118323683738
EquiformerV2 AD with Hessian training,46769,83,16,0.0051685720682144,0.0292250160127878
EquiformerV2 AD with Hessian training,36826,84,19,0.0027970226947218,0.0110722975805401
EquiformerV2 AD with Hessian training,11804,85,19,0.0039261206984519,0.0151775162667036
EquiformerV2 AD with Hessian training,28681,86,10,0.0164611916989088,0.5017605423927307
EquiformerV2 AD with Hessian training,43485,87,16,0.0137357059866189,0.0534213259816169
EquiformerV2 AD with Hessian training,47511,88,15,0.008136935532093,0.051990482956171
EquiformerV2 AD with Hessian training,5267,89,9,0.0232736617326736,0.269163429737091
EquiformerV2 AD with Hessian training,39361,90,14,0.0036561042070388,0.0608064569532871
EquiformerV2 AD with Hessian training,19372,91,13,0.0172822438180446,0.0757269561290741
EquiformerV2 AD with Hessian training,1949,92,16,0.0026038100477308,0.0141020715236663
EquiformerV2 AD with Hessian training,9702,93,17,0.0066724340431392,0.024932125583291
EquiformerV2 AD with Hessian training,15485,94,11,0.0063827843405306,0.0432540141046047
EquiformerV2 AD with Hessian training,21838,95,17,0.0110729467123746,0.0318968519568443
EquiformerV2 AD with Hessian training,43645,96,16,0.0120553327724337,0.0405953712761402
EquiformerV2 AD with Hessian training,13327,97,14,0.0451263152062892,0.0857025310397148
EquiformerV2 AD with Hessian training,22789,98,15,0.0034692110493779,0.0492035821080207
EquiformerV2 AD with Hessian training,15413,99,11,0.0079204551875591,0.0545058846473693
EquiformerV2 AD with Hessian training,28010,100,15,0.0177276581525802,0.0455565676093101
EquiformerV2 AD with Hessian training,15698,101,12,0.0039928653277456,0.0304393004626035
EquiformerV2 AD with Hessian training,38361,102,13,0.0285060405731201,0.0959655866026878
EquiformerV2 AD with Hessian training,20249,103,15,0.0102436253800988,0.0496282875537872
EquiformerV2 AD with Hessian training,18821,104,8,0.0332181341946125,0.5819671154022217
EquiformerV2 AD with Hessian training,39354,105,15,0.019665552303195,0.0513590350747108
EquiformerV2 AD with Hessian training,3025,106,14,0.0200253706425428,0.068092331290245
EquiformerV2 AD with Hessian training,7123,107,15,0.0066961301490664,0.0253685470670461
EquiformerV2 AD with Hessian training,9049,108,14,0.0109616788104176,0.0493712127208709
EquiformerV2 AD with Hessian training,7802,109,15,0.0585314333438873,0.1189650222659111
EquiformerV2 AD with Hessian training,36977,110,12,0.0073191607370972,0.0457447506487369
EquiformerV2 AD with Hessian training,18993,111,12,0.0019079898484051,0.0271700229495763
EquiformerV2 AD with Hessian training,39091,112,14,0.0092268455773592,0.0428709276020526
EquiformerV2 AD with Hessian training,35420,113,10,0.0189199615269899,0.0730276703834533
EquiformerV2 AD with Hessian training,27944,114,14,0.0110246744006872,0.0379101075232028
EquiformerV2 AD with Hessian training,20270,115,12,0.0077665564604103,0.0419317819178104
EquiformerV2 AD with Hessian training,12324,116,8,0.0059848092496395,0.0989435538649559
EquiformerV2 AD with Hessian training,39286,117,14,0.0105124171823263,0.0509163998067379
EquiformerV2 AD with Hessian training,35559,118,12,0.0084889149293303,0.112047255039215
EquiformerV2 AD with Hessian training,2087,119,14,0.0152259161695837,0.0492855794727802
EquiformerV2 AD with Hessian training,29519,120,17,0.0063933110795915,0.0171916838735342
EquiformerV2 AD with Hessian training,14840,121,16,0.0101333893835544,0.0451561026275157
EquiformerV2 AD with Hessian training,46667,122,11,0.1351422369480133,0.3089298605918884
EquiformerV2 AD with Hessian training,10469,123,13,0.0049320496618747,0.0246897600591182
EquiformerV2 AD with Hessian training,23184,124,13,0.0067287334240973,0.0323669873178005
EquiformerV2 AD with Hessian training,2251,125,10,0.0046458360739052,0.0378146693110466
EquiformerV2 AD with Hessian training,2493,126,10,0.0119998203590512,0.2046863883733749
EquiformerV2 AD with Hessian training,31105,127,16,0.0016944146482273,0.0116636883467435
EquiformerV2 AD with Hessian training,20311,128,13,0.0045004542917013,0.026642370969057
EquiformerV2 AD with Hessian training,35660,129,18,0.0036074090749025,0.0149479145184159
EquiformerV2 AD with Hessian training,46637,130,11,0.0415701568126678,0.2765891253948211
EquiformerV2 AD with Hessian training,41937,131,13,0.0058852043002843,0.1085691750049591
EquiformerV2 AD with Hessian training,17348,132,13,0.0449156463146209,0.1818748265504837
EquiformerV2 AD with Hessian training,44741,133,10,0.0398121438920497,0.3533506393432617
EquiformerV2 AD with Hessian training,20410,134,12,0.0033293375745415,0.024819154292345
EquiformerV2 AD with Hessian training,42370,135,16,0.0033217277377843,0.0119741326197981
EquiformerV2 AD with Hessian training,22400,136,17,0.0030564456246793,0.0160011462867259
EquiformerV2 AD with Hessian training,21917,137,16,0.0141875883564352,0.0412876345217227
EquiformerV2 AD with Hessian training,31296,138,18,0.0045476034283638,0.0208190288394689
EquiformerV2 AD with Hessian training,11515,139,17,0.0151030542328953,0.0467462390661239
EquiformerV2 AD with Hessian training,14723,140,10,0.0148802706971764,0.2467059046030044
EquiformerV2 AD with Hessian training,38694,141,13,0.0039884401485323,0.0220122691243886
EquiformerV2 AD with Hessian training,10731,142,21,0.0028156940825283,0.0095800710842013
EquiformerV2 AD with Hessian training,44701,143,14,0.0485978126525878,0.1147329062223434
EquiformerV2 AD with Hessian training,40579,144,12,0.0042176563292741,0.045833371579647
EquiformerV2 AD with Hessian training,39319,145,13,0.0102205593138933,0.0684661865234375
EquiformerV2 AD with Hessian training,10382,146,14,0.0081587554886937,0.045984897762537
EquiformerV2 AD with Hessian training,30800,147,12,0.0038140916731208,0.1059144809842109
EquiformerV2 AD with Hessian training,50052,148,15,0.0070300777442753,0.0343184731900692
EquiformerV2 AD with Hessian training,5686,149,13,0.0085962675511837,0.0461175590753555
EquiformerV2 AD with Hessian training,48550,150,16,0.0144379921257495,0.0372738726437091
EquiformerV2 AD with Hessian training,33962,151,10,0.0989449247717857,0.1902093142271042
EquiformerV2 AD with Hessian training,10924,152,19,0.0025123464874923,0.0108601320534944
EquiformerV2 AD with Hessian training,1129,153,13,0.0171499345451593,0.0684900656342506
EquiformerV2 AD with Hessian training,41116,154,19,0.0037946996744722,0.0113719496876001
EquiformerV2 AD with Hessian training,4589,155,16,0.0036337366327643,0.0427997000515461
EquiformerV2 AD with Hessian training,1410,156,13,0.0094988215714693,0.0454572141170501
EquiformerV2 AD with Hessian training,3607,157,17,0.0066403239034116,0.0296688880771398
EquiformerV2 AD with Hessian training,18810,158,11,0.0055326940491795,0.1681380569934845
EquiformerV2 AD with Hessian training,12622,159,12,0.0154250496998429,0.0854334086179733
EquiformerV2 AD with Hessian training,24050,160,19,0.0046602902002632,0.0161301605403423
EquiformerV2 AD with Hessian training,39502,161,11,0.016251016408205,0.122142344713211
EquiformerV2 AD with Hessian training,21985,162,11,0.0369841083884239,0.1355886757373809
EquiformerV2 AD with Hessian training,38182,163,12,0.0029243417084217,0.0356486067175865
EquiformerV2 AD with Hessian training,27797,164,17,0.0194120556116104,0.0435695685446262
EquiformerV2 AD with Hessian training,43778,165,16,0.0051606721244752,0.0279885400086641
EquiformerV2 AD with Hessian training,29497,166,14,0.0164522565901279,0.0544812642037868
EquiformerV2 AD with Hessian training,26366,167,14,0.0063404873944818,0.0316164419054985
EquiformerV2 AD with Hessian training,42414,168,12,0.026346543803811,0.1494244039058685
EquiformerV2 AD with Hessian training,37769,169,13,0.0119409495964646,0.0451618432998657
EquiformerV2 AD with Hessian training,25791,170,17,0.0056443843059241,0.0227612257003784
EquiformerV2 AD with Hessian training,29429,171,11,0.0075868838466703,0.0459497906267643
EquiformerV2 AD with Hessian training,27678,172,11,0.0052316300570964,0.0395139567553997
EquiformerV2 AD with Hessian training,24975,173,16,0.005443088710308,0.0319377519190311
EquiformerV2 AD with Hessian training,31191,174,15,0.0211561080068349,0.0676781013607978
EquiformerV2 AD with Hessian training,42950,175,14,0.009297682903707,0.0420418046414852
EquiformerV2 AD with Hessian training,12290,176,13,0.0051284455694258,0.0356652736663818
EquiformerV2 AD with Hessian training,39798,177,13,0.0087748365476727,0.0370728150010108
EquiformerV2 AD with Hessian training,38512,178,16,0.0112448390573263,0.0297823622822761
EquiformerV2 AD with Hessian training,22016,179,16,0.0029725830536335,0.0121552608907222
EquiformerV2 AD with Hessian training,21896,180,16,0.0025622972752898,0.0135748153552412
EquiformerV2 AD with Hessian training,5892,181,17,0.0115130254998803,0.0360343419015407
EquiformerV2 AD with Hessian training,34711,182,13,0.0115581220015883,0.043001502752304
EquiformerV2 AD with Hessian training,35764,183,14,0.0106970565393567,0.0409543924033641
EquiformerV2 AD with Hessian training,27724,184,16,0.0053268512710928,0.0271750595420599
EquiformerV2 AD with Hessian training,31310,185,16,0.0055905892513692,0.045020867139101
EquiformerV2 AD with Hessian training,5165,186,12,0.0060120918788015,0.0361455231904983
EquiformerV2 AD with Hessian training,2441,187,12,0.0247571188956499,0.062650054693222
EquiformerV2 AD with Hessian training,48282,188,17,0.01622817479074,0.0370809286832809
EquiformerV2 AD with Hessian training,34553,189,14,0.0071826302446424,0.0587087869644165
EquiformerV2 AD with Hessian training,3806,190,14,0.0097415586933493,0.0349556170403957
EquiformerV2 AD with Hessian training,22661,191,12,0.015151378698647,0.0952762812376022
EquiformerV2 AD with Hessian training,21336,192,13,0.0184372998774051,0.0724748522043228
EquiformerV2 AD with Hessian training,44803,193,12,0.007777371443808,0.0344676375389099
EquiformerV2 AD with Hessian training,9796,194,9,0.019074847921729,0.1108263880014419
EquiformerV2 AD with Hessian training,20121,195,16,0.0111799258738756,0.0447347313165664
EquiformerV2 AD with Hessian training,28069,196,12,0.0039897984825074,0.0275409612804651
EquiformerV2 AD with Hessian training,31496,197,10,0.0226660780608654,0.2169432640075683
EquiformerV2 AD with Hessian training,30100,198,17,0.0047041201032698,0.0187470111995935
EquiformerV2 AD with Hessian training,44223,199,10,0.0245283469557762,0.1410237699747085
EquiformerV2 AD with Hessian training,21266,200,19,0.0043836184777319,0.0136278998106718
EquiformerV2 AD with Hessian training,28136,201,17,0.0065764314495027,0.0303507577627897
EquiformerV2 AD with Hessian training,10788,202,14,0.0047686477191746,0.0251795332878828
EquiformerV2 AD with Hessian training,6574,203,17,0.0107766250148415,0.0304565448313951
EquiformerV2 AD with Hessian training,35823,204,14,0.0070088002830743,0.0302628278732299
EquiformerV2 AD with Hessian training,22791,205,19,0.0051837195642292,0.0182610172778368
EquiformerV2 AD with Hessian training,24571,206,11,0.0015394386136904,0.0073761180974543
EquiformerV2 AD with Hessian training,41122,207,12,0.0084788370877504,0.0406314805150032
EquiformerV2 AD with Hessian training,9277,208,15,0.0178009383380413,0.0623399317264556
EquiformerV2 AD with Hessian training,19815,209,17,0.0156519003212451,0.0374092943966388
EquiformerV2 AD with Hessian training,46254,210,13,0.0439445748925209,0.118899255990982
EquiformerV2 AD with Hessian training,49804,211,14,0.0511428192257881,0.0893347412347793
EquiformerV2 AD with Hessian training,30888,212,19,0.0072195949032902,0.0166638065129518
EquiformerV2 AD with Hessian training,4021,213,14,0.0193644408136606,0.0929454639554023
EquiformerV2 AD with Hessian training,39058,214,14,0.0030814239289611,0.0180995650589466
EquiformerV2 AD with Hessian training,6401,215,16,0.0151447933167219,0.0357641167938709
EquiformerV2 AD with Hessian training,41975,216,16,0.0046511711552739,0.0139548517763614
EquiformerV2 AD with Hessian training,23628,217,14,0.0179167315363883,0.0635678768157959
EquiformerV2 AD with Hessian training,38645,218,14,0.0045652384869754,0.019876804202795
EquiformerV2 AD with Hessian training,3434,219,12,0.013926925137639,0.0641861110925674
EquiformerV2 AD with Hessian training,34070,220,13,0.0070574986748397,0.0324796885251998
EquiformerV2 AD with Hessian training,4818,221,15,0.011110289953649,0.0448783114552497
EquiformerV2 AD with Hessian training,32655,222,8,0.0294676683843135,0.4120401442050934
EquiformerV2 AD with Hessian training,40231,223,9,0.0062556811608374,0.0467464104294776
EquiformerV2 AD with Hessian training,14377,224,13,0.0102216694504022,0.0352000072598457
EquiformerV2 AD with Hessian training,38901,225,18,0.0019169005099684,0.0085153840482234
EquiformerV2 AD with Hessian training,25188,226,18,0.0094182714819908,0.0324690416455268
EquiformerV2 AD with Hessian training,9803,227,14,0.0184980668127536,0.0433429889380931
EquiformerV2 AD with Hessian training,41132,228,12,0.0384392738342285,0.1291210204362869
EquiformerV2 AD with Hessian training,39752,229,11,0.0178566481918096,0.1632194966077804
EquiformerV2 AD with Hessian training,40269,230,11,0.0048677450977265,0.0288813523948192
EquiformerV2 AD with Hessian training,3049,231,16,0.0028815339319407,0.0194282922893762
EquiformerV2 AD with Hessian training,7139,232,14,0.0158312302082777,0.0541181005537509
EquiformerV2 AD with Hessian training,18665,233,17,0.0133287841454148,0.0383220799267292
EquiformerV2 AD with Hessian training,4403,234,14,0.0535922907292842,0.0782258287072181
EquiformerV2 AD with Hessian training,20507,235,16,0.004411949776113,0.0139029445126652
EquiformerV2 AD with Hessian training,6553,236,13,0.0146268550306558,0.0562722198665142
EquiformerV2 AD with Hessian training,7533,237,13,0.0148125113919377,0.0641871467232704
EquiformerV2 AD with Hessian training,18484,238,15,0.0115003259852528,0.0340903624892234
EquiformerV2 AD with Hessian training,47667,239,15,0.0142576741054654,0.059209119528532
EquiformerV2 AD with Hessian training,37201,240,15,0.0183391310274601,0.0505107417702674
EquiformerV2 AD with Hessian training,15721,241,12,0.0200979877263307,0.0716787725687027
EquiformerV2 AD with Hessian training,46771,242,14,0.0072642592713236,0.0444572418928146
EquiformerV2 AD with Hessian training,12377,243,19,0.0043908357620239,0.0167196225374937
EquiformerV2 AD with Hessian training,19546,244,16,0.002198573667556,0.0146894194185733
EquiformerV2 AD with Hessian training,41943,245,14,0.0080465292558074,0.0314461663365364
EquiformerV2 AD with Hessian training,33736,246,10,0.00571129610762,0.0737608447670936
EquiformerV2 AD with Hessian training,8651,247,14,0.0073004835285246,0.0301686059683561
EquiformerV2 AD with Hessian training,42912,248,10,0.0500721409916877,0.1935018599033355
EquiformerV2 AD with Hessian training,44452,249,12,0.0099286148324608,0.0409095101058483
EquiformerV2 AD with Hessian training,27605,250,17,0.0359425991773605,0.0699841305613517
EquiformerV2 AD with Hessian training,9159,251,9,0.0427989698946476,0.3347180187702179
EquiformerV2 AD with Hessian training,36079,252,14,0.0049210237339138,0.0295888893306255
EquiformerV2 AD with Hessian training,32724,253,15,0.0079186977818608,0.0362318493425846
EquiformerV2 AD with Hessian training,46888,254,6,0.0207388494163751,0.5050415992736816
EquiformerV2 AD with Hessian training,35418,255,14,0.0044883489608764,0.019310962408781
EquiformerV2 AD with Hessian training,12510,256,14,0.0066890902817249,0.060695968568325
EquiformerV2 AD with Hessian training,36077,257,14,0.0073648509569466,0.0352486930787563
EquiformerV2 AD with Hessian training,31905,258,9,0.0072409668937325,0.2101495712995529
EquiformerV2 AD with Hessian training,18866,259,14,0.0058455602265894,0.0274151042103767
EquiformerV2 AD with Hessian training,19316,260,12,0.0076925223693251,0.046176541596651
EquiformerV2 AD with Hessian training,29376,261,14,0.0173360873013734,0.0649730563163757
EquiformerV2 AD with Hessian training,20088,262,15,0.0415913313627243,0.0869195014238357
EquiformerV2 AD with Hessian training,29899,263,19,0.0057096700184047,0.0165547840297222
EquiformerV2 AD with Hessian training,14866,264,16,0.0195317920297384,0.0569915510714054
EquiformerV2 AD with Hessian training,21643,265,12,0.0088737132027745,0.0484422445297241
EquiformerV2 AD with Hessian training,25707,266,12,0.0080590546131134,0.0392143540084362
EquiformerV2 AD with Hessian training,50184,267,15,0.0093473652377724,0.0410480350255966
EquiformerV2 AD with Hessian training,45146,268,13,0.0038552484475076,0.0330959931015968
EquiformerV2 AD with Hessian training,37482,269,14,0.0355658642947673,0.0689177140593528
EquiformerV2 AD with Hessian training,41729,270,13,0.0129660461097955,0.0577651634812355
EquiformerV2 AD with Hessian training,40260,271,15,0.0038101740647107,0.0202393122017383
EquiformerV2 AD with Hessian training,37291,272,10,0.011301152408123,0.3022709786891937
EquiformerV2 AD with Hessian training,15291,273,14,0.0160696785897016,0.0447492152452468
EquiformerV2 AD with Hessian training,10146,274,19,0.0056777731515467,0.020820265635848
EquiformerV2 AD with Hessian training,47868,275,14,0.0152404690161347,0.0731905326247215
EquiformerV2 AD with Hessian training,35428,276,12,0.0040354621596634,0.0405975095927715
EquiformerV2 AD with Hessian training,35617,277,11,0.0241940859705209,0.1179122179746627
EquiformerV2 AD with Hessian training,4344,278,12,0.0071562663652002,0.079582966864109
EquiformerV2 AD with Hessian training,23317,279,15,0.010150353424251,0.0410424806177616
EquiformerV2 AD with Hessian training,22383,280,16,0.0075121410191059,0.0316973552107811
EquiformerV2 AD with Hessian training,18790,281,14,0.0139441806823015,0.0552797578275203
EquiformerV2 AD with Hessian training,27521,282,14,0.0086725736036896,0.0392716526985168
EquiformerV2 AD with Hessian training,22325,283,12,0.0380323454737663,0.1178311258554458
EquiformerV2 AD with Hessian training,11933,284,12,0.0484059266746044,0.2039622515439987
EquiformerV2 AD with Hessian training,5754,285,13,0.0097947958856821,0.0682352036237716
EquiformerV2 AD with Hessian training,318,286,16,0.0049636801704764,0.0253971386700868
EquiformerV2 AD with Hessian training,21743,287,12,0.0226550363004207,0.0849942937493324
EquiformerV2 AD with Hessian training,26792,288,14,0.0075633767992258,0.0347871147096157
EquiformerV2 AD with Hessian training,19044,289,14,0.0074786744080483,0.0449673570692539
EquiformerV2 AD with Hessian training,42848,290,14,0.0061124535277485,0.0193545613437891
EquiformerV2 AD with Hessian training,32284,291,15,0.0087618296965956,0.0307298433035612
EquiformerV2 AD with Hessian training,21628,292,16,0.007042858749628,0.0440632663667202
EquiformerV2 AD with Hessian training,9798,293,12,0.0870345160365104,0.1970273852348327
EquiformerV2 AD with Hessian training,50297,294,13,0.0274693295359611,0.0867484137415885
EquiformerV2 AD with Hessian training,17574,295,14,0.0124367522075772,0.0513652972877025
EquiformerV2 AD with Hessian training,2917,296,13,0.0354162417352199,0.1137980297207832
EquiformerV2 AD with Hessian training,16151,297,17,0.0042043942958116,0.0193856507539749
EquiformerV2 AD with Hessian training,50646,298,11,0.0082922242581844,0.1467805355787277
EquiformerV2 AD with Hessian training,40081,299,18,0.0031766516622155,0.0111153265461325
EquiformerV2 AD with Hessian training,37180,300,15,0.0597365014255046,0.0916696190834045
EquiformerV2 AD with Hessian training,48701,301,13,0.0041729379445314,0.0334359370172023
EquiformerV2 AD with Hessian training,27290,302,13,0.0120027754455804,0.0577238574624061
EquiformerV2 AD with Hessian training,13294,303,16,0.0049742148257792,0.0190062224864959
EquiformerV2 AD with Hessian training,20005,304,16,0.0025214392226189,0.0136983329430222
EquiformerV2 AD with Hessian training,27301,305,12,0.0317112989723682,0.1096834242343902
EquiformerV2 AD with Hessian training,5253,306,14,0.0166427511721849,0.0994902849197387
EquiformerV2 AD with Hessian training,28813,307,12,0.0106496131047606,0.0542402155697345
EquiformerV2 AD with Hessian training,37139,308,12,0.0200226325541734,0.0604036226868629
EquiformerV2 AD with Hessian training,18392,309,12,0.0543262623250484,0.1137787476181984
EquiformerV2 AD with Hessian training,34349,310,17,0.0096779996529221,0.0283540561795234
EquiformerV2 AD with Hessian training,13482,311,10,0.0141566144302487,0.0898052379488945
EquiformerV2 AD with Hessian training,8411,312,16,0.0077850795350968,0.0241556577384471
EquiformerV2 AD with Hessian training,13671,313,15,0.0054625552147626,0.0214896202087402
EquiformerV2 AD with Hessian training,21572,314,11,0.0358160138130188,0.1548462808132171
EquiformerV2 AD with Hessian training,32950,315,14,0.0082529056817293,0.0343044586479663
EquiformerV2 AD with Hessian training,30742,316,12,0.0458918027579784,0.1442818641662597
EquiformerV2 AD with Hessian training,21557,317,11,0.0270803589373826,0.1376454383134842
EquiformerV2 AD with Hessian training,5272,318,18,0.0104833822697401,0.0270863398909568
EquiformerV2 AD with Hessian training,16500,319,16,0.0057305498048663,0.0201779026538133
EquiformerV2 AD with Hessian training,34519,320,13,0.0134882954880595,0.1035256534814834
EquiformerV2 AD with Hessian training,16609,321,16,0.0122214537113904,0.039334736764431
EquiformerV2 AD with Hessian training,24107,322,13,0.0253107827156782,0.1021493598818779
EquiformerV2 AD with Hessian training,12848,323,17,0.00334531837143,0.0182763505727052
EquiformerV2 AD with Hessian training,33025,324,16,0.0118446741253137,0.0533172488212585
EquiformerV2 AD with Hessian training,41052,325,16,0.0094819013029336,0.0351150184869766
EquiformerV2 AD with Hessian training,40156,326,17,0.0069880192168056,0.031527679413557
EquiformerV2 AD with Hessian training,12028,327,14,0.0453790389001369,0.0821420103311538
EquiformerV2 AD with Hessian training,31111,328,10,0.0371498018503189,0.1700097918510437
EquiformerV2 AD with Hessian training,9350,329,14,0.0102942921221256,0.0556929744780063
EquiformerV2 AD with Hessian training,42432,330,11,0.0147939147427678,0.0684607699513435
EquiformerV2 AD with Hessian training,3156,331,14,0.0062031312845647,0.0354404561221599
EquiformerV2 AD with Hessian training,25431,332,14,0.0091530298814177,0.0265027415007352
EquiformerV2 AD with Hessian training,16147,333,10,0.0149908037856221,0.0856141149997711
EquiformerV2 AD with Hessian training,2619,334,10,0.0339320749044418,0.4328407347202301
EquiformerV2 AD with Hessian training,27595,335,11,0.0281130652874708,0.1202016472816467
EquiformerV2 AD with Hessian training,17000,336,14,0.0571978092193603,0.1059799268841743
EquiformerV2 AD with Hessian training,16371,337,11,0.0065466091036796,0.0287871845066547
EquiformerV2 AD with Hessian training,40725,338,15,0.0151123106479644,0.0491918362677097
EquiformerV2 AD with Hessian training,35087,339,14,0.0580294467508792,0.1243936792016029
EquiformerV2 AD with Hessian training,26150,340,19,0.0044013345614075,0.0173195209354162
EquiformerV2 AD with Hessian training,7250,341,17,0.0616769269108772,0.0933115258812904
EquiformerV2 AD with Hessian training,36700,342,14,0.0313211865723133,0.1097337529063224
EquiformerV2 AD with Hessian training,13355,343,12,0.0036011247429996,0.0247431397438049
EquiformerV2 AD with Hessian training,47258,344,16,0.0095827160403132,0.0340884327888488
EquiformerV2 AD with Hessian training,25735,345,17,0.0066664945334196,0.0233694724738597
EquiformerV2 AD with Hessian training,49326,346,10,0.0818888917565345,0.344715416431427
EquiformerV2 AD with Hessian training,20823,347,14,0.0136052360758185,0.0537753328680992
EquiformerV2 AD with Hessian training,28411,348,12,0.0182485878467559,0.0845528468489646
EquiformerV2 AD with Hessian training,26391,349,15,0.0169019475579261,0.0690215080976486
EquiformerV2 AD with Hessian training,21935,350,9,0.0587052330374717,0.3037643432617187
EquiformerV2 AD with Hessian training,26506,351,12,0.0165629461407661,0.0675037801265716
EquiformerV2 AD with Hessian training,39504,352,12,0.0140242641791701,0.0525436997413635
EquiformerV2 AD with Hessian training,4047,353,18,0.0354105159640312,0.0723507106304168
EquiformerV2 AD with Hessian training,46503,354,17,0.010520645417273,0.0357896387577056
EquiformerV2 AD with Hessian training,38422,355,11,0.0139715252444148,0.0690482854843139
EquiformerV2 AD with Hessian training,38245,356,21,0.0021894448436796,0.0084419222548604
EquiformerV2 AD with Hessian training,32300,357,14,0.0054555921815335,0.0660825744271278
EquiformerV2 AD with Hessian training,12580,358,15,0.0161309465765953,0.0423116125166416
EquiformerV2 AD with Hessian training,38058,359,14,0.006137466058135,0.0270181093364954
EquiformerV2 AD with Hessian training,25443,360,14,0.006265761796385,0.0392058528959751
EquiformerV2 AD with Hessian training,17919,361,12,0.0114384042099118,0.0673365294933319
EquiformerV2 AD with Hessian training,12214,362,16,0.0040698312222957,0.0184792373329401
EquiformerV2 AD with Hessian training,50577,363,17,0.0056432979181408,0.023965710774064
EquiformerV2 AD with Hessian training,15218,364,16,0.0034995856694877,0.0129360808059573
EquiformerV2 AD with Hessian training,35135,365,18,0.0116621889173984,0.0309716947376728
EquiformerV2 AD with Hessian training,11981,366,11,0.0170347243547439,0.1136057302355766
EquiformerV2 AD with Hessian training,32254,367,14,0.0042903092689812,0.0749978423118591
EquiformerV2 AD with Hessian training,3970,368,13,0.012665438465774,0.0484723597764968
EquiformerV2 AD with Hessian training,27898,369,19,0.0029961194377392,0.010734143666923
EquiformerV2 AD with Hessian training,40919,370,14,0.0143553288653492,0.0505657196044921
EquiformerV2 AD with Hessian training,34499,371,16,0.0037634125910699,0.0245011616498231
EquiformerV2 AD with Hessian training,19165,372,12,0.0080332839861512,0.0320840589702129
EquiformerV2 AD with Hessian training,15104,373,12,0.0252853073179721,0.0908130556344986
EquiformerV2 AD with Hessian training,13620,374,14,0.0136582683771848,0.0713841617107391
EquiformerV2 AD with Hessian training,14580,375,12,0.0030393553897738,0.0279904417693614
EquiformerV2 AD with Hessian training,37675,376,10,0.0980748534202575,0.3483398854732513
EquiformerV2 AD with Hessian training,37162,377,11,0.0126467999070882,0.0974747538566589
EquiformerV2 AD with Hessian training,6349,378,9,0.0179261825978755,0.423384815454483
EquiformerV2 AD with Hessian training,550,379,15,0.0098868776112794,0.052263606339693
EquiformerV2 AD with Hessian training,47435,380,13,0.0091497749090194,0.0358935669064521
EquiformerV2 AD with Hessian training,1138,381,14,0.0276412293314933,0.0874039530754089
EquiformerV2 AD with Hessian training,32545,382,14,0.0145243862643837,0.0561762787401676
EquiformerV2 AD with Hessian training,46685,383,14,0.0126694003120064,0.0505206026136875
EquiformerV2 AD with Hessian training,12068,384,14,0.0156604647636413,0.0385034270584583
EquiformerV2 AD with Hessian training,10872,385,16,0.0025168089196085,0.0424112081527709
EquiformerV2 AD with Hessian training,19298,386,12,0.0130669865757226,0.0816772878170013
EquiformerV2 AD with Hessian training,466,387,16,0.0040724980644881,0.0234642755240201
EquiformerV2 AD with Hessian training,12548,388,16,0.0039309049025177,0.0195951759815216
EquiformerV2 AD with Hessian training,42935,389,15,0.0185925494879484,0.0393899269402027
EquiformerV2 AD with Hessian training,48468,390,12,0.0374379567801952,0.119658812880516
EquiformerV2 AD with Hessian training,6501,391,13,0.0121561791747808,0.052640326321125
EquiformerV2 AD with Hessian training,22679,392,13,0.0261671431362628,0.0775998458266258
EquiformerV2 AD with Hessian training,25569,393,11,0.0083841662853956,0.0397792942821979
EquiformerV2 AD with Hessian training,41746,394,15,0.00457518780604,0.0197603534907102
EquiformerV2 AD with Hessian training,1767,395,14,0.0187856834381818,0.0581211261451244
EquiformerV2 AD with Hessian training,23283,396,17,0.0071219806559383,0.0286981035023927
EquiformerV2 AD with Hessian training,5337,397,12,0.005919374525547,0.0287667270749807
EquiformerV2 AD with Hessian training,26849,398,10,0.0719908624887466,0.2035973519086837
EquiformerV2 AD with Hessian training,8149,399,15,0.0091521274298429,0.0288507770746946
EquiformerV2 AD with Hessian training,34503,400,13,0.0180334169417619,0.0672105774283409
EquiformerV2 AD with Hessian training,14040,401,10,0.0163388736546039,0.0877278819680213
EquiformerV2 AD with Hessian training,12292,402,10,0.0126863317564129,0.0627782121300697
EquiformerV2 AD with Hessian training,38968,403,19,0.003725552232936,0.0142720304429531
EquiformerV2 AD with Hessian training,35147,404,15,0.016061246395111,0.0546270310878753
EquiformerV2 AD with Hessian training,5545,405,15,0.0040773199871182,0.0541019439697265
EquiformerV2 AD with Hessian training,48111,406,19,0.0478973649442195,0.0633143335580825
EquiformerV2 AD with Hessian training,38491,407,16,0.0112830828875303,0.0313755422830581
EquiformerV2 AD with Hessian training,27911,408,15,0.0087192812934517,0.0339582413434982
EquiformerV2 AD with Hessian training,19736,409,11,0.0336738228797912,0.1237052306532859
EquiformerV2 AD with Hessian training,11614,410,15,0.0053645470179617,0.0258298330008983
EquiformerV2 AD with Hessian training,14898,411,11,0.0160280633717775,0.22896508872509
EquiformerV2 AD with Hessian training,34457,412,15,0.0135470181703567,0.0315184108912944
EquiformerV2 AD with Hessian training,34359,413,5,0.0125431213527917,0.4632987380027771
EquiformerV2 AD with Hessian training,20344,414,14,0.0083593865856528,0.0586890578269958
EquiformerV2 AD with Hessian training,29950,415,17,0.0086830453947186,0.0313507169485092
EquiformerV2 AD with Hessian training,5304,416,19,0.0025603498797863,0.0152591336518526
EquiformerV2 AD with Hessian training,6016,417,18,0.003409226424992,0.016128059476614
EquiformerV2 AD with Hessian training,31265,418,17,0.0100335637107491,0.0317512974143028
EquiformerV2 AD with Hessian training,24383,419,12,0.0184977483004331,0.1353705674409866
EquiformerV2 AD with Hessian training,26765,420,14,0.0180613659322261,0.0805900394916534
EquiformerV2 AD with Hessian training,49041,421,12,0.0045671868138015,0.0253860857337713
EquiformerV2 AD with Hessian training,47105,422,17,0.0167906768620014,0.0475599132478237
EquiformerV2 AD with Hessian training,36496,423,16,0.0098021104931831,0.0270859133452177
EquiformerV2 AD with Hessian training,27575,424,12,0.002319122897461,0.0252728927880525
EquiformerV2 AD with Hessian training,17978,425,14,0.0205373745411634,0.0597896017134189
EquiformerV2 AD with Hessian training,44306,426,16,0.0060758306644856,0.0265707112848758
EquiformerV2 AD with Hessian training,249,427,14,0.0082244360819458,0.0393690057098865
EquiformerV2 AD with Hessian training,48172,428,15,0.0238479562103748,0.0702346339821815
EquiformerV2 AD with Hessian training,44835,429,11,0.0037287715822458,0.02574766241014
EquiformerV2 AD with Hessian training,9718,430,17,0.0053277886472642,0.0231234598904848
EquiformerV2 AD with Hessian training,29987,431,13,0.0079763913527131,0.0287253037095069
EquiformerV2 AD with Hessian training,9632,432,16,0.0086365891620516,0.0246846564114093
EquiformerV2 AD with Hessian training,26527,433,21,0.0027931416407227,0.0107873557135462
EquiformerV2 AD with Hessian training,30203,434,14,0.0076125990599393,0.0328575782477855
EquiformerV2 AD with Hessian training,1266,435,14,0.0138533897697925,0.0846354588866233
EquiformerV2 AD with Hessian training,19291,436,12,0.004364835564047,0.0265492107719182
EquiformerV2 AD with Hessian training,31827,437,19,0.0083852624520659,0.0224650986492633
EquiformerV2 AD with Hessian training,9036,438,14,0.0079733813181519,0.0513416901230812
EquiformerV2 AD with Hessian training,34667,439,13,0.0210049003362655,0.0764006972312927
EquiformerV2 AD with Hessian training,38172,440,14,0.0042339782230556,0.0222097337245941
EquiformerV2 AD with Hessian training,32730,441,14,0.0069244322367012,0.0609088987112045
EquiformerV2 AD with Hessian training,49636,442,15,0.012613913975656,0.0327315852046012
EquiformerV2 AD with Hessian training,3569,443,13,0.0068625058047473,0.0437683500349521
EquiformerV2 AD with Hessian training,37703,444,14,0.0072074206545948,0.0184272453188896
EquiformerV2 AD with Hessian training,39639,445,13,0.0043108286336064,0.03558149933815
EquiformerV2 AD with Hessian training,5666,446,16,0.0079290233552455,0.0439775846898555
EquiformerV2 AD with Hessian training,49331,447,17,0.0044013978913426,0.024542212486267
EquiformerV2 AD with Hessian training,35962,448,15,0.0083259642124176,0.0303694549947977
EquiformerV2 AD with Hessian training,44507,449,15,0.0053101419471204,0.022292174398899
EquiformerV2 AD with Hessian training,404,450,15,0.01282190810889,0.0496996082365512
EquiformerV2 AD with Hessian training,18766,451,11,0.01950597576797,0.1251123398542404
EquiformerV2 AD with Hessian training,40377,452,15,0.0160115081816911,0.0375151224434375
EquiformerV2 AD with Hessian training,40955,453,14,0.0165884736925363,0.0704599916934967
EquiformerV2 AD with Hessian training,25372,454,14,0.0112615982070565,0.0441716946661472
EquiformerV2 AD with Hessian training,3241,455,12,0.0124945621937513,0.0370289012789726
EquiformerV2 AD with Hessian training,9261,456,15,0.0190605744719505,0.0652968883514404
EquiformerV2 AD with Hessian training,25159,457,19,0.0020759096369147,0.0100140953436493
EquiformerV2 AD with Hessian training,3814,458,17,0.0058742179535329,0.0223500076681375
EquiformerV2 AD with Hessian training,3888,459,14,0.0037338528782129,0.0181261282414197
EquiformerV2 AD with Hessian training,21853,460,11,0.0027630664408206,0.0280533675104379
EquiformerV2 AD with Hessian training,46291,461,15,0.0155552895739674,0.03374695032835
EquiformerV2 AD with Hessian training,42411,462,14,0.0511658415198326,0.0645924732089042
EquiformerV2 AD with Hessian training,45573,463,14,0.0166439451277256,0.0530057810246944
EquiformerV2 AD with Hessian training,45007,464,13,0.0108761694282293,0.0467462465167045
EquiformerV2 AD with Hessian training,44190,465,15,0.0101349903270602,0.0459466613829135
EquiformerV2 AD with Hessian training,26015,466,14,0.0120537485927343,0.0422041080892086
EquiformerV2 AD with Hessian training,46416,467,17,0.0034902556799352,0.0158873479813337
EquiformerV2 AD with Hessian training,3816,468,9,0.0083560245111584,0.0512519925832748
EquiformerV2 AD with Hessian training,29297,469,14,0.0185100100934505,0.0427629053592681
EquiformerV2 AD with Hessian training,21412,470,13,0.0315242856740951,0.1280710399150848
EquiformerV2 AD with Hessian training,44092,471,13,0.007184452842921,0.0402587316930294
EquiformerV2 AD with Hessian training,2906,472,12,0.0123786712065339,0.0442034713923931
EquiformerV2 AD with Hessian training,45392,473,16,0.0473247095942497,0.0832985714077949
EquiformerV2 AD with Hessian training,19722,474,14,0.0050010788254439,0.0289141796529293
EquiformerV2 AD with Hessian training,32796,475,14,0.01973732188344,0.0509073436260223
EquiformerV2 AD with Hessian training,28172,476,18,0.0312001407146453,0.0549314878880977
EquiformerV2 AD with Hessian training,12770,477,19,0.0020771801937371,0.0102788023650646
EquiformerV2 AD with Hessian training,7340,478,10,0.0107900388538837,0.0923191383481025
EquiformerV2 AD with Hessian training,5998,479,9,0.0302885547280311,0.1903491020202636
EquiformerV2 AD with Hessian training,46555,480,13,0.00251872302033,0.0171988401561975
EquiformerV2 AD with Hessian training,49210,481,15,0.0044387727975845,0.0615497231483459
EquiformerV2 AD with Hessian training,43118,482,17,0.0019548656418919,0.0158998351544141
EquiformerV2 AD with Hessian training,46391,483,13,0.0766864418983459,0.1512861996889114
EquiformerV2 AD with Hessian training,24472,484,13,0.0166007261723279,0.0553066320717334
EquiformerV2 AD with Hessian training,27760,485,16,0.0126049611717462,0.0383402369916439
EquiformerV2 AD with Hessian training,17916,486,10,0.0135242519900202,0.0714745968580246
EquiformerV2 AD with Hessian training,11233,487,16,0.0076218368485569,0.0307918731123209
EquiformerV2 AD with Hessian training,16920,488,16,0.0096163749694824,0.04202401638031
EquiformerV2 AD with Hessian training,4572,489,11,0.0192287564277648,0.1004827991127967
EquiformerV2 AD with Hessian training,18295,490,13,0.0189442634582519,0.1137793287634849
EquiformerV2 AD with Hessian training,3411,491,15,0.008794573135674,0.0470030307769775
EquiformerV2 AD with Hessian training,31308,492,13,0.0103548737242817,0.047153040766716
EquiformerV2 AD with Hessian training,7929,493,14,0.0059696487151086,0.032468594610691
EquiformerV2 AD with Hessian training,41380,494,12,0.0132230091840028,0.0664127245545387
EquiformerV2 AD with Hessian training,40451,495,13,0.0040031420066952,0.0303330887109041
EquiformerV2 AD with Hessian training,10458,496,12,0.0150019200518727,0.063154399394989
EquiformerV2 AD with Hessian training,23325,497,11,0.0150038311257958,0.062018021941185
EquiformerV2 AD with Hessian training,20136,498,15,0.0110860643908381,0.0319919399917125
EquiformerV2 AD with Hessian training,42899,499,14,0.0072118965908885,0.0305557306855916
EquiformerV2 AD with Hessian training,7602,500,17,0.0106922984123229,0.0334872975945472
EquiformerV2 AD with Hessian training,13777,501,19,0.0262210331857204,0.0318893082439899
EquiformerV2 AD with Hessian training,46598,502,12,0.0045999446883797,0.026524756103754
EquiformerV2 AD with Hessian training,2934,503,13,0.0177088379859924,0.0751712694764137
EquiformerV2 AD with Hessian training,14566,504,14,0.0034246072173118,0.0211610943078994
EquiformerV2 AD with Hessian training,26091,505,11,0.015081507153809,0.1729000210762024
EquiformerV2 AD with Hessian training,30649,506,13,0.0045186509378254,0.0299296211451292
EquiformerV2 AD with Hessian training,7871,507,12,0.0143994521349668,0.0636566653847694
EquiformerV2 AD with Hessian training,7099,508,14,0.0071881394833326,0.0410290248692035
EquiformerV2 AD with Hessian training,25414,509,12,0.0043620471842586,0.0289879199117422
EquiformerV2 AD with Hessian training,25060,510,11,0.0371222272515296,0.1165850609540939
EquiformerV2 AD with Hessian training,283,511,14,0.0802067518234252,0.1022673174738884
EquiformerV2 AD with Hessian training,33166,512,16,0.0094607435166835,0.0468718968331813
EquiformerV2 AD with Hessian training,23102,513,13,0.0178175214678049,0.053605381399393
EquiformerV2 AD with Hessian training,25043,514,14,0.0247728545218706,0.0887745693325996
EquiformerV2 AD with Hessian training,31304,515,19,0.0029968058224767,0.0154570071026682
EquiformerV2 AD with Hessian training,38059,516,12,0.0084600467234849,0.0443096682429313
EquiformerV2 AD with Hessian training,20563,517,14,0.1024403795599937,0.1596488505601883
EquiformerV2 AD with Hessian training,16879,518,10,0.0092846676707267,0.0448245182633399
EquiformerV2 AD with Hessian training,4826,519,19,0.0024703978560864,0.0109006594866514
EquiformerV2 AD with Hessian training,30343,520,12,0.0180317852646112,0.0495977066457271
EquiformerV2 AD with Hessian training,38519,521,10,0.1321297883987426,0.44599249958992
EquiformerV2 AD with Hessian training,40439,522,14,0.0114444755017757,0.0619770251214504
EquiformerV2 AD with Hessian training,606,523,16,0.0027414318174123,0.0229110661894083
EquiformerV2 AD with Hessian training,30861,524,21,0.0038995200302451,0.0150635857135057
EquiformerV2 AD with Hessian training,4713,525,14,0.007406348362565,0.038205612450838
EquiformerV2 AD with Hessian training,40492,526,15,0.0090881716459989,0.0336740687489509
EquiformerV2 AD with Hessian training,23943,527,11,0.0180492680519819,0.1302815526723861
EquiformerV2 AD with Hessian training,23297,528,14,0.0137906456366181,0.0446591638028621
EquiformerV2 AD with Hessian training,22619,529,19,0.2087894529104232,0.1219185665249824
EquiformerV2 AD with Hessian training,22030,530,15,0.0033115311525762,0.0498139597475528
EquiformerV2 AD with Hessian training,33932,531,15,0.0054048239253461,0.0297113973647356
EquiformerV2 AD with Hessian training,46028,532,14,0.0126793226227164,0.0380651354789733
EquiformerV2 AD with Hessian training,7476,533,14,0.0024264389649033,0.0165595486760139
EquiformerV2 AD with Hessian training,5678,534,10,0.0535327792167663,0.2735189795494079
EquiformerV2 AD with Hessian training,49412,535,12,0.0213561654090881,0.0524352118372917
EquiformerV2 AD with Hessian training,50751,536,14,0.0041837012395262,0.0248281676322221
EquiformerV2 AD with Hessian training,4776,537,12,0.0030072678346186,0.0189851745963096
EquiformerV2 AD with Hessian training,48036,538,14,0.0086749251931905,0.0400157086551189
EquiformerV2 AD with Hessian training,30817,539,11,0.0307153649628162,0.116886481642723
EquiformerV2 AD with Hessian training,22930,540,17,0.0100871678441762,0.0310369953513145
EquiformerV2 AD with Hessian training,35767,541,16,0.0034494993742555,0.0229607596993446
EquiformerV2 AD with Hessian training,21732,542,11,0.0435169413685798,0.1147724613547325
EquiformerV2 AD with Hessian training,16300,543,12,0.0071841571480035,0.0343881845474243
EquiformerV2 AD with Hessian training,37000,544,13,0.0255242530256509,0.0597276613116264
EquiformerV2 AD with Hessian training,19344,545,10,0.0139373987913131,0.0876536220312118
EquiformerV2 AD with Hessian training,50524,546,8,0.0186674185097217,0.1025911793112754
EquiformerV2 AD with Hessian training,25695,547,14,0.0058952355757355,0.0304850284010171
EquiformerV2 AD with Hessian training,24613,548,10,0.0120572810992598,0.1922989338636398
EquiformerV2 AD with Hessian training,38965,549,14,0.0161580722779035,0.0600018948316574
EquiformerV2 AD with Hessian training,5206,550,14,0.0159696768969297,0.0532941669225692
EquiformerV2 AD with Hessian training,25553,551,16,0.0039108768105506,0.0127120064571499
EquiformerV2 AD with Hessian training,45436,552,16,0.0182307995855808,0.0849882960319519
EquiformerV2 AD with Hessian training,22847,553,10,0.0285727716982364,0.162092387676239
EquiformerV2 AD with Hessian training,26768,554,8,0.0780105739831924,0.3347955644130707
EquiformerV2 AD with Hessian training,38696,555,16,0.0035218428820371,0.0243607256561517
EquiformerV2 AD with Hessian training,8891,556,15,0.0127766197547316,0.0485891178250312
EquiformerV2 AD with Hessian training,48250,557,16,0.0021316925995051,0.0126273287460207
EquiformerV2 AD with Hessian training,14927,558,15,0.0055095767602324,0.0218294560909271
EquiformerV2 AD with Hessian training,13964,559,13,0.0046177431941032,0.0296792089939117
EquiformerV2 AD with Hessian training,4983,560,8,0.0147294178605079,0.099974513053894
EquiformerV2 AD with Hessian training,10354,561,10,0.1078071296215057,0.2822856307029724
EquiformerV2 AD with Hessian training,37388,562,19,0.0132452687248587,0.0394065342843532
EquiformerV2 AD with Hessian training,818,563,11,0.0227443166077137,0.0809813290834426
EquiformerV2 AD with Hessian training,34111,564,14,0.0074322181753814,0.1670844703912735
EquiformerV2 AD with Hessian training,10366,565,10,0.0129034984856843,0.239396646618843
EquiformerV2 AD with Hessian training,18127,566,17,0.0096434727311134,0.0247673671692609
EquiformerV2 AD with Hessian training,7009,567,17,0.0117806438356637,0.0337538793683052
EquiformerV2 AD with Hessian training,10186,568,17,0.0085895247757434,0.0262541864067316
EquiformerV2 AD with Hessian training,43121,569,12,0.0054080910049378,0.0320106893777847
EquiformerV2 AD with Hessian training,30291,570,13,0.0127955479547381,0.0585316754877567
EquiformerV2 AD with Hessian training,1994,571,11,0.0036777977366,0.0219638664275407
EquiformerV2 AD with Hessian training,9236,572,10,0.0305252131074666,0.1693187057971954
EquiformerV2 AD with Hessian training,9588,573,13,0.0035493564791977,0.0206073559820652
EquiformerV2 AD with Hessian training,23792,574,14,0.0036043403670191,0.0153729924932122
EquiformerV2 AD with Hessian training,9228,575,16,0.0095934756100177,0.0324804708361625
EquiformerV2 AD with Hessian training,24708,576,9,0.0129216648638248,0.1061424612998962
EquiformerV2 AD with Hessian training,3707,577,12,0.0114852078258991,0.0557061545550823
EquiformerV2 AD with Hessian training,31629,578,16,0.0085347015410661,0.0350359193980693
EquiformerV2 AD with Hessian training,28030,579,10,0.014356605708599,0.0828836262226104
EquiformerV2 AD with Hessian training,10185,580,12,0.0030506695620715,0.0285842660814523
EquiformerV2 AD with Hessian training,48276,581,14,0.0163461063057184,0.1025982201099395
EquiformerV2 AD with Hessian training,23807,582,16,0.0089048184454441,0.0392957217991352
EquiformerV2 AD with Hessian training,28482,583,12,0.0249023512005805,0.0895163118839263
EquiformerV2 AD with Hessian training,16385,584,16,0.0122581962496042,0.0446177087724208
EquiformerV2 AD with Hessian training,3811,585,11,0.0081420419737696,0.0548659302294254
EquiformerV2 AD with Hessian training,16117,586,15,0.0186037495732307,0.0554730519652366
EquiformerV2 AD with Hessian training,6010,587,14,0.0035279146395623,0.0183315984904766
EquiformerV2 AD with Hessian training,41703,588,15,0.0075164814479649,0.0401037372648716
EquiformerV2 AD with Hessian training,38397,589,19,0.0025262848939746,0.0125646963715553
EquiformerV2 AD with Hessian training,31504,590,16,0.0055623166263103,0.0269339028745889
EquiformerV2 AD with Hessian training,19855,591,16,0.005338221322745,0.0286839939653873
EquiformerV2 AD with Hessian training,13612,592,19,0.0022271301131695,0.0114397853612899
EquiformerV2 AD with Hessian training,43348,593,17,0.0080277491360902,0.0262738857418298
EquiformerV2 AD with Hessian training,33329,594,19,0.0040845684707164,0.0176942814141511
EquiformerV2 AD with Hessian training,32383,595,14,0.0126861678436398,0.0491405166685581
EquiformerV2 AD with Hessian training,41040,596,6,0.0195342376828193,0.4973145425319671
EquiformerV2 AD with Hessian training,35520,597,12,0.0105558009818196,0.0413744337856769
EquiformerV2 AD with Hessian training,20575,598,14,0.0109026217833161,0.0438416339457035
EquiformerV2 AD with Hessian training,28052,599,13,0.0064471601508557,0.1292701512575149
EquiformerV2 AD with Hessian training,44160,600,10,0.0155265256762504,0.1617837846279144
EquiformerV2 AD with Hessian training,18816,601,7,0.0266444198787212,0.535607099533081
EquiformerV2 AD with Hessian training,9007,602,17,0.0358996577560901,0.0514884702861309
EquiformerV2 AD with Hessian training,27419,603,14,0.0087994532659649,0.0367821678519248
EquiformerV2 AD with Hessian training,18442,604,13,0.0060235406272113,0.0354107394814491
EquiformerV2 AD with Hessian training,40216,605,14,0.0099139511585235,0.050079271197319
EquiformerV2 AD with Hessian training,21394,606,15,0.0121835535392165,0.0426379442214965
EquiformerV2 AD with Hessian training,19362,607,16,0.0180154722183942,0.0862496420741081
EquiformerV2 AD with Hessian training,38983,608,14,0.0220314264297485,0.066760703921318
EquiformerV2 AD with Hessian training,20825,609,10,0.014550189487636,0.1620518416166305
EquiformerV2 AD with Hessian training,29802,610,12,0.0214540790766477,0.0700700879096984
EquiformerV2 AD with Hessian training,14980,611,10,0.0303142126649618,0.4193000793457031
EquiformerV2 AD with Hessian training,119,612,17,0.0027079693973064,0.0127692949026823
EquiformerV2 AD with Hessian training,49114,613,14,0.0072117056697607,0.0490629151463508
EquiformerV2 AD with Hessian training,36911,614,15,0.0196424983441829,0.0548996366560459
EquiformerV2 AD with Hessian training,30230,615,11,0.0256656184792518,0.1416797190904617
EquiformerV2 AD with Hessian training,46460,616,16,0.0180992167443037,0.0536625571548938
EquiformerV2 AD with Hessian training,31979,617,10,0.0072635249234735,0.2473171055316925
EquiformerV2 AD with Hessian training,32362,618,19,0.0042020063847303,0.0122380442917346
EquiformerV2 AD with Hessian training,16813,619,14,0.0603025406599044,0.1110588610172271
EquiformerV2 AD with Hessian training,9783,620,14,0.025617741048336,0.0586169585585594
EquiformerV2 AD with Hessian training,50418,621,11,0.0552512146532535,0.1329713761806488
EquiformerV2 AD with Hessian training,28830,622,11,0.007607368286699,0.146925151348114
EquiformerV2 AD with Hessian training,47295,623,15,0.0076871123164892,0.0261847712099552
EquiformerV2 AD with Hessian training,4276,624,13,0.021069286391139,0.0743584036827087
EquiformerV2 AD with Hessian training,5187,625,11,0.0235885307192802,0.120622418820858
EquiformerV2 AD with Hessian training,45944,626,13,0.007368825841695,0.0460407361388206
EquiformerV2 AD with Hessian training,46604,627,10,0.0615697279572486,0.1243993714451789
EquiformerV2 AD with Hessian training,13698,628,16,0.0216494183987379,0.0594487264752388
EquiformerV2 AD with Hessian training,20989,629,19,0.0101692145690321,0.0252897124737501
EquiformerV2 AD with Hessian training,48078,630,17,0.0022828560322523,0.0160479862242937
EquiformerV2 AD with Hessian training,41616,631,12,0.0032050146255642,0.0356982126832008
EquiformerV2 AD with Hessian training,24412,632,13,0.0219893977046012,0.0720383450388908
EquiformerV2 AD with Hessian training,40070,633,12,0.0169237125664949,0.0572886131703853
EquiformerV2 AD with Hessian training,31237,634,12,0.0077469847165048,0.0392670705914497
EquiformerV2 AD with Hessian training,1283,635,17,0.0041468231938779,0.0254350434988737
EquiformerV2 AD with Hessian training,9148,636,11,0.0229642186313867,0.1099535152316093
EquiformerV2 AD with Hessian training,5916,637,13,0.0093546649441123,0.0469176396727561
EquiformerV2 AD with Hessian training,25853,638,19,0.0025264844298362,0.0097898682579398
EquiformerV2 AD with Hessian training,24353,639,19,0.035976342856884,0.0635040625929832
EquiformerV2 AD with Hessian training,26085,640,16,0.0109187690541148,0.0297790300101041
EquiformerV2 AD with Hessian training,3057,641,14,0.0084905726835131,0.0414334088563919
EquiformerV2 AD with Hessian training,45,642,13,0.0119566647335886,0.0610640123486518
EquiformerV2 AD with Hessian training,9478,643,14,0.010784363374114,0.0398352369666099
EquiformerV2 AD with Hessian training,29963,644,10,0.0779339671134948,0.1947861760854721
EquiformerV2 AD with Hessian training,24365,645,13,0.0100236441940069,0.0450827926397323
EquiformerV2 AD with Hessian training,15280,646,14,0.0046464963816106,0.0246328469365835
EquiformerV2 AD with Hessian training,43576,647,17,0.0054825241677463,0.0183760486543178
EquiformerV2 AD with Hessian training,2207,648,14,0.0044259345158934,0.0222719851881265
EquiformerV2 AD with Hessian training,23036,649,14,0.0026658638380467,0.0154409259557724
EquiformerV2 AD with Hessian training,44794,650,14,0.0087263360619544,0.0382370874285697
EquiformerV2 AD with Hessian training,20326,651,17,0.0083034578710794,0.0390272811055183
EquiformerV2 AD with Hessian training,25482,652,16,0.0037966738454997,0.0316819623112678
EquiformerV2 AD with Hessian training,30818,653,16,0.0182058941572904,0.0506067052483558
EquiformerV2 AD with Hessian training,25321,654,14,0.0097117042168974,0.0333817489445209
EquiformerV2 AD with Hessian training,38262,655,14,0.0090550603345036,0.0744836330413818
EquiformerV2 AD with Hessian training,18518,656,16,0.0021561975590884,0.0127269644290208
EquiformerV2 AD with Hessian training,26338,657,15,0.0523407272994518,0.1347308307886123
EquiformerV2 AD with Hessian training,3763,658,8,0.0823336392641067,0.4546133577823639
EquiformerV2 AD with Hessian training,50210,659,14,0.0138755589723587,0.0563519150018692
EquiformerV2 AD with Hessian training,36123,660,15,0.0052079046145081,0.0229028407484293
EquiformerV2 AD with Hessian training,47368,661,15,0.0094455014914274,0.0286162421107292
EquiformerV2 AD with Hessian training,20038,662,13,0.0142394676804542,0.0555302165448665
EquiformerV2 AD with Hessian training,42512,663,12,0.0106746172532439,0.1257174909114837
EquiformerV2 AD with Hessian training,48660,664,16,0.0042747757397592,0.0171714331954717
EquiformerV2 AD with Hessian training,24779,665,11,0.0057219523005187,0.0534588396549224
EquiformerV2 AD with Hessian training,10441,666,11,0.020868819206953,0.1368876844644546
EquiformerV2 AD with Hessian training,33989,667,14,0.0119167584925889,0.0448066964745521
EquiformerV2 AD with Hessian training,37600,668,19,0.0370490178465843,0.0503606423735618
EquiformerV2 AD with Hessian training,41542,669,17,0.0035219173878431,0.0156392678618431
EquiformerV2 AD with Hessian training,22986,670,12,0.0279293097555637,0.0976578742265701
EquiformerV2 AD with Hessian training,48991,671,12,0.0172672066837549,0.0804015472531318
EquiformerV2 AD with Hessian training,30153,672,17,0.0121405711397528,0.0290704388171434
EquiformerV2 AD with Hessian training,27674,673,15,0.0114698037505149,0.0371903404593467
EquiformerV2 AD with Hessian training,47721,674,15,0.0054795206524431,0.0208647511899471
EquiformerV2 AD with Hessian training,1749,675,13,0.0069376290775835,0.0448914691805839
EquiformerV2 AD with Hessian training,41983,676,19,0.007180817425251,0.0272475387901067
EquiformerV2 AD with Hessian training,11737,677,15,0.002690166933462,0.0206242389976978
EquiformerV2 AD with Hessian training,4783,678,15,0.0033499989658594,0.0202342607080936
EquiformerV2 AD with Hessian training,42180,679,15,0.0318849794566631,0.047299351543188
EquiformerV2 AD with Hessian training,21851,680,11,0.0071629867888987,0.0435043573379516
EquiformerV2 AD with Hessian training,4189,681,14,0.0453700758516788,0.1343775540590286
EquiformerV2 AD with Hessian training,29130,682,11,0.0067139496095478,0.0498639270663261
EquiformerV2 AD with Hessian training,42603,683,12,0.0091472184285521,0.0659895613789558
EquiformerV2 AD with Hessian training,24236,684,16,0.0073811686597764,0.0378590114414691
EquiformerV2 AD with Hessian training,33238,685,14,0.0178523026406765,0.0812689065933227
EquiformerV2 AD with Hessian training,9639,686,10,0.0059177111834287,0.0476279817521572
EquiformerV2 AD with Hessian training,21915,687,15,0.0033832143526524,0.0199772845953702
EquiformerV2 AD with Hessian training,42166,688,12,0.0404506511986255,0.1096944734454155
EquiformerV2 AD with Hessian training,24377,689,11,0.0289993528276681,0.1241490766406059
EquiformerV2 AD with Hessian training,35047,690,17,0.0031416930723935,0.0170137695968151
EquiformerV2 AD with Hessian training,14422,691,16,0.0044414694420993,0.0171316992491483
EquiformerV2 AD with Hessian training,40152,692,15,0.005059971474111,0.0412720628082752
EquiformerV2 AD with Hessian training,47775,693,14,0.0152822909876704,0.0580996721982955
EquiformerV2 AD with Hessian training,48077,694,15,0.0169821139425039,0.0363065600395202
EquiformerV2 AD with Hessian training,1026,695,15,0.0162509679794311,0.0391915254294872
EquiformerV2 AD with Hessian training,1222,696,15,0.0201181359589099,0.0540832579135894
EquiformerV2 AD with Hessian training,40616,697,11,0.012595061212778,0.0668702349066734
EquiformerV2 AD with Hessian training,22379,698,15,0.0062085287645459,0.0266441907733678
EquiformerV2 AD with Hessian training,36512,699,11,0.0137688294053077,0.078442670404911
EquiformerV2 AD with Hessian training,48949,700,14,0.0042450781911611,0.0232266709208488
EquiformerV2 AD with Hessian training,13632,701,10,0.0269651282578706,0.1535876095294952
EquiformerV2 AD with Hessian training,28996,702,11,0.0233956947922706,0.0763174295425415
EquiformerV2 AD with Hessian training,44865,703,13,0.0115354405716061,0.0805389955639839
EquiformerV2 AD with Hessian training,19072,704,16,0.0203428044915199,0.0562396384775638
EquiformerV2 AD with Hessian training,8862,705,12,0.0087325368076562,0.0412697494029998
EquiformerV2 AD with Hessian training,22659,706,5,0.0356311351060867,0.5293382406234741
EquiformerV2 AD with Hessian training,33758,707,14,0.005302685778588,0.0245842039585113
EquiformerV2 AD with Hessian training,19043,708,14,0.0255477000027894,0.0645887702703476
EquiformerV2 AD with Hessian training,18041,709,14,0.0122301066294312,0.0531606785953044
EquiformerV2 AD with Hessian training,45802,710,17,0.0129301082342863,0.0289605744183063
EquiformerV2 AD with Hessian training,21405,711,18,0.0146530251950025,0.0324282795190811
EquiformerV2 AD with Hessian training,16140,712,11,0.026375101879239,0.0922054648399353
EquiformerV2 AD with Hessian training,8873,713,19,0.0066511160694062,0.0216531679034233
EquiformerV2 AD with Hessian training,13379,714,13,0.0200355108827352,0.0593109764158725
EquiformerV2 AD with Hessian training,49629,715,17,0.0055043250322341,0.0261332727968692
EquiformerV2 AD with Hessian training,47430,716,14,0.0230049006640911,0.0725559964776039
EquiformerV2 AD with Hessian training,36242,717,12,0.003936312161386,0.1444812566041946
EquiformerV2 AD with Hessian training,30685,718,9,0.0668477714061737,0.2358914166688919
EquiformerV2 AD with Hessian training,13727,719,14,0.0072713936679065,0.021689673885703
EquiformerV2 AD with Hessian training,3493,720,14,0.0275965631008148,0.0719137862324714
EquiformerV2 AD with Hessian training,50405,721,9,0.0222697798162698,0.1365299671888351
EquiformerV2 AD with Hessian training,27599,722,14,0.0063829431310296,0.0362646505236625
EquiformerV2 AD with Hessian training,23192,723,17,0.0103013403713703,0.0404461994767189
EquiformerV2 AD with Hessian training,19596,724,12,0.0850753113627433,0.1541567146778106
EquiformerV2 AD with Hessian training,23741,725,14,0.0121469656005501,0.0524985082447528
EquiformerV2 AD with Hessian training,39658,726,15,0.003518330398947,0.0241733565926551
EquiformerV2 AD with Hessian training,42158,727,16,0.0329576581716537,0.0646941363811492
EquiformerV2 AD with Hessian training,1932,728,15,0.0061635053716599,0.0293444544076919
EquiformerV2 AD with Hessian training,22080,729,14,0.009805591776967,0.0361592881381511
EquiformerV2 AD with Hessian training,26648,730,14,0.0049478556029498,0.0275270901620388
EquiformerV2 AD with Hessian training,11568,731,12,0.0319725461304187,0.1038833409547805
EquiformerV2 AD with Hessian training,6076,732,11,0.0111149922013282,0.1044220030307769
EquiformerV2 AD with Hessian training,8482,733,16,0.0051339780911803,0.0279416870325803
EquiformerV2 AD with Hessian training,16355,734,11,0.0267020724713802,0.0955263003706932
EquiformerV2 AD with Hessian training,22370,735,13,0.0179575737565755,0.0612008199095726
EquiformerV2 AD with Hessian training,4803,736,16,0.003416771069169,0.0243487562984228
EquiformerV2 AD with Hessian training,42271,737,12,0.0108601944521069,0.0778984874486923
EquiformerV2 AD with Hessian training,25092,738,15,0.0115680741146206,0.0444243401288986
EquiformerV2 AD with Hessian training,22628,739,15,0.0063920631073415,0.0277311969548463
EquiformerV2 AD with Hessian training,40626,740,12,0.0087832137942314,0.0383645929396152
EquiformerV2 AD with Hessian training,35261,741,12,0.0092042135074734,0.117000862956047
EquiformerV2 AD with Hessian training,3563,742,11,0.0195707622915506,0.0926873236894607
EquiformerV2 AD with Hessian training,8807,743,16,0.0052204034291207,0.0213928464800119
EquiformerV2 AD with Hessian training,20570,744,12,0.0175555441528558,0.0946085825562477
EquiformerV2 AD with Hessian training,33756,745,15,0.0090624270960688,0.0608357153832912
EquiformerV2 AD with Hessian training,4102,746,10,0.0123157398775219,0.0706458687782287
EquiformerV2 AD with Hessian training,41372,747,11,0.0148692205548286,0.2214555442333221
EquiformerV2 AD with Hessian training,17772,748,13,0.0056917490437626,0.091504156589508
EquiformerV2 AD with Hessian training,17233,749,13,0.017568277195096,0.0679123401641845
EquiformerV2 AD with Hessian training,19933,750,13,0.0059977280907332,0.1262471377849578
EquiformerV2 AD with Hessian training,43636,751,11,0.0044626593589782,0.0298951622098684
EquiformerV2 AD with Hessian training,48105,752,16,0.0149746984243392,0.0294722523540258
EquiformerV2 AD with Hessian training,40865,753,11,0.0077364058233797,0.0543352216482162
EquiformerV2 AD with Hessian training,23421,754,13,0.0251514632254838,0.0782442092895507
EquiformerV2 AD with Hessian training,22721,755,17,0.0215043518692255,0.0505875386297702
EquiformerV2 AD with Hessian training,20413,756,14,0.0105662066489458,0.0346973054111003
EquiformerV2 AD with Hessian training,30441,757,13,0.0133462930098176,0.0484996065497398
EquiformerV2 AD with Hessian training,29256,758,13,0.0071641970425844,0.0309411287307739
EquiformerV2 AD with Hessian training,49845,759,14,0.0104113658890128,0.044215403497219
EquiformerV2 AD with Hessian training,13639,760,15,0.0044451472349464,0.0180535316467285
EquiformerV2 AD with Hessian training,10334,761,11,0.0037808017805218,0.022782502695918
EquiformerV2 AD with Hessian training,14528,762,11,0.0178549271076917,0.0716269388794899
EquiformerV2 AD with Hessian training,25371,763,16,0.0048624286428093,0.028595358133316
EquiformerV2 AD with Hessian training,24584,764,16,0.004774126689881,0.0236304253339767
EquiformerV2 AD with Hessian training,27857,765,13,0.0127353360876441,0.0572687163949012
EquiformerV2 AD with Hessian training,44426,766,11,0.0736461132764816,0.1954253315925598
EquiformerV2 AD with Hessian training,46038,767,13,0.0114281503483653,0.0560261458158493
EquiformerV2 AD with Hessian training,15355,768,16,0.0056078927591443,0.0309275686740875
EquiformerV2 AD with Hessian training,26780,769,11,0.0475152172148227,0.1033631488680839
EquiformerV2 AD with Hessian training,25294,770,15,0.0086474427953362,0.0343922637403011
EquiformerV2 AD with Hessian training,19126,771,13,0.0104400068521499,0.0610653162002563
EquiformerV2 AD with Hessian training,38292,772,17,0.0207035802304744,0.0688676163554191
EquiformerV2 AD with Hessian training,34875,773,18,0.0061057861894369,0.0183784868568182
EquiformerV2 AD with Hessian training,32407,774,16,0.009758005850017,0.0273446291685104
EquiformerV2 AD with Hessian training,38178,775,17,0.0144877722486853,0.0294082891196012
EquiformerV2 AD with Hessian training,38124,776,13,0.0082465698942542,0.0309639666229486
EquiformerV2 AD with Hessian training,9210,777,15,0.0286509674042463,0.0719998404383659
EquiformerV2 AD with Hessian training,11419,778,15,0.0053044958040118,0.0222607720643281
EquiformerV2 AD with Hessian training,16510,779,16,0.0046950448304414,0.0188155341893434
EquiformerV2 AD with Hessian training,49628,780,18,0.0027871336787939,0.0089901518076658
EquiformerV2 AD with Hessian training,49567,781,13,0.0072651505470275,0.0352775193750858
EquiformerV2 AD with Hessian training,35483,782,14,0.0219615250825881,0.0467127747833728
EquiformerV2 AD with Hessian training,5731,783,14,0.0052891047671437,0.0293725989758968
EquiformerV2 AD with Hessian training,41285,784,14,0.009047714062035,0.0693559944629669
EquiformerV2 AD with Hessian training,47699,785,16,0.0049102688208222,0.0154443895444273
EquiformerV2 AD with Hessian training,5320,786,16,0.0163408480584621,0.0489349551498889
EquiformerV2 AD with Hessian training,29127,787,13,0.0093978838995099,0.0451401360332965
EquiformerV2 AD with Hessian training,3291,788,17,0.0294069107621908,0.0787296965718269
EquiformerV2 AD with Hessian training,46141,789,16,0.0047410856932401,0.0185762885957956
EquiformerV2 AD with Hessian training,10365,790,11,0.0501691065728664,0.208693116903305
EquiformerV2 AD with Hessian training,44626,791,10,0.0060789147391915,0.0662557259202003
EquiformerV2 AD with Hessian training,25164,792,18,0.0099111506715416,0.033229824155569
EquiformerV2 AD with Hessian training,22326,793,14,0.0040907440707087,0.0206752102822065
EquiformerV2 AD with Hessian training,25456,794,16,0.0032184459269046,0.0131109962239861
EquiformerV2 AD with Hessian training,3180,795,15,0.0053263143636286,0.0223587043583393
EquiformerV2 AD with Hessian training,24488,796,13,0.0084321666508913,0.0916659012436866
EquiformerV2 AD with Hessian training,50364,797,8,0.0567225441336631,0.3112967312335968
EquiformerV2 AD with Hessian training,9052,798,10,0.0112717263400554,0.0579362511634826
EquiformerV2 AD with Hessian training,47256,799,19,0.002684113336727,0.0117164747789502
EquiformerV2 AD with Hessian training,25040,800,12,0.0066308276727795,0.0704348757863044
EquiformerV2 AD with Hessian training,40040,801,12,0.0399752333760261,0.1300273984670639
EquiformerV2 AD with Hessian training,32572,802,15,0.0109644485637545,0.0468025095760822
EquiformerV2 AD with Hessian training,39567,803,13,0.0048154215328395,0.0229387413710355
EquiformerV2 AD with Hessian training,8593,804,17,0.0042216517031192,0.0172390826046466
EquiformerV2 AD with Hessian training,2653,805,19,0.004293720703572,0.0193705093115568
EquiformerV2 AD with Hessian training,12953,806,12,0.0456071309745311,0.1622949540615081
EquiformerV2 AD with Hessian training,10368,807,17,0.0073218536563217,0.0222140066325664
EquiformerV2 AD with Hessian training,14397,808,14,0.0029762827325612,0.0173947028815746
EquiformerV2 AD with Hessian training,39953,809,13,0.0092957988381385,0.0504056774079799
EquiformerV2 AD with Hessian training,30164,810,11,0.0083904145285487,0.0508542656898498
EquiformerV2 AD with Hessian training,49431,811,16,0.0138909127563238,0.0397519208490848
EquiformerV2 AD with Hessian training,40188,812,12,0.0066137621179223,0.1051833108067512
EquiformerV2 AD with Hessian training,26095,813,13,0.0077210743911564,0.0438640341162681
EquiformerV2 AD with Hessian training,20253,814,14,0.0164525173604488,0.0896333456039428
EquiformerV2 AD with Hessian training,18785,815,19,0.0122456150129437,0.0312663167715072
EquiformerV2 AD with Hessian training,10392,816,16,0.007173310033977,0.0239367727190256
EquiformerV2 AD with Hessian training,39248,817,14,0.0097419759258627,0.0635458752512931
EquiformerV2 AD with Hessian training,20347,818,14,0.0026315716095268,0.0178464204072952
EquiformerV2 AD with Hessian training,45253,819,13,0.043707475066185,0.0917257815599441
EquiformerV2 AD with Hessian training,34466,820,13,0.0040489891543984,0.0259162969887256
EquiformerV2 AD with Hessian training,39878,821,11,0.0110664973035454,0.0607704184949398
EquiformerV2 AD with Hessian training,784,822,17,0.0059775100089609,0.023496888577938
EquiformerV2 AD with Hessian training,35140,823,8,0.0232000723481178,0.3498853147029876
EquiformerV2 AD with Hessian training,44987,824,16,0.0118202995508909,0.0383338518440723
EquiformerV2 AD with Hessian training,25316,825,10,0.0170863363891839,0.1146662533283233
EquiformerV2 AD with Hessian training,11484,826,15,0.0083156246691942,0.0266632121056318
EquiformerV2 AD with Hessian training,10196,827,12,0.0070720314979553,0.04152437672019
EquiformerV2 AD with Hessian training,2890,828,14,0.0084858797490596,0.0444974713027477
EquiformerV2 AD with Hessian training,47387,829,17,0.0042258878238499,0.0222481172531843
EquiformerV2 AD with Hessian training,20558,830,15,0.0024205746594816,0.0162472110241651
EquiformerV2 AD with Hessian training,14764,831,16,0.0035131254699081,0.0153473848477005
EquiformerV2 AD with Hessian training,29330,832,12,0.0056361649185419,0.0300376918166875
EquiformerV2 AD with Hessian training,45801,833,10,0.0110510764643549,0.1027112528681755
EquiformerV2 AD with Hessian training,22054,834,12,0.0105217164382338,0.0557083673775196
EquiformerV2 AD with Hessian training,9348,835,12,0.0040698978118598,0.0477968342602252
EquiformerV2 AD with Hessian training,33558,836,13,0.0111964363604784,0.0481663644313812
EquiformerV2 AD with Hessian training,32295,837,12,0.0563996843993663,0.1153580248355865
EquiformerV2 AD with Hessian training,37089,838,12,0.0048329285345971,0.0296707917004823
EquiformerV2 AD with Hessian training,19106,839,17,0.0312947630882263,0.0630588084459304
EquiformerV2 AD with Hessian training,34982,840,14,0.0213490705937147,0.0441835485398769
EquiformerV2 AD with Hessian training,526,841,12,0.0192398559302091,0.1064528748393058
EquiformerV2 AD with Hessian training,49314,842,13,0.021881541237235,0.0862537547945976
EquiformerV2 AD with Hessian training,17855,843,11,0.0069250944070518,0.0448675379157066
EquiformerV2 AD with Hessian training,28056,844,16,0.0253481976687908,0.0670710057020187
EquiformerV2 AD with Hessian training,40880,845,14,0.006954638287425,0.0328843854367733
EquiformerV2 AD with Hessian training,4807,846,14,0.0170297939330339,0.0777806341648101
EquiformerV2 AD with Hessian training,712,847,12,0.0139724630862474,0.0780524536967277
EquiformerV2 AD with Hessian training,33590,848,6,0.0423612780869007,0.5171153545379639
EquiformerV2 AD with Hessian training,20748,849,16,0.0077804266475141,0.033194649964571
EquiformerV2 AD with Hessian training,42710,850,13,0.0100998142734169,0.0318214744329452
EquiformerV2 AD with Hessian training,49237,851,18,0.0023759512696415,0.011643118225038
EquiformerV2 AD with Hessian training,72,852,14,0.0173051748424768,0.0634405761957168
EquiformerV2 AD with Hessian training,14337,853,14,0.0052177100442349,0.0157049819827079
EquiformerV2 AD with Hessian training,23972,854,14,0.0038795156870037,0.0207317937165498
EquiformerV2 AD with Hessian training,7195,855,15,0.0236153714358806,0.0692429617047309
EquiformerV2 AD with Hessian training,31146,856,17,0.0029723849147558,0.014533014036715
EquiformerV2 AD with Hessian training,12401,857,12,0.0325731448829174,0.1822460144758224
EquiformerV2 AD with Hessian training,40663,858,14,0.0353622771799564,0.0872931256890297
EquiformerV2 AD with Hessian training,27754,859,14,0.033388040959835,0.0915297269821167
EquiformerV2 AD with Hessian training,42023,860,11,0.0447176992893219,0.2967372238636017
EquiformerV2 AD with Hessian training,22294,861,15,0.018131785094738,0.0569145046174526
EquiformerV2 AD with Hessian training,41951,862,16,0.0190983787178993,0.0857207179069519
EquiformerV2 AD with Hessian training,49835,863,9,0.030019287019968,0.2665306627750397
EquiformerV2 AD with Hessian training,39711,864,12,0.025394357740879,0.085439808666706
EquiformerV2 AD with Hessian training,37991,865,18,0.0040373001247644,0.0167404934763908
EquiformerV2 AD with Hessian training,10634,866,14,0.0040327161550521,0.0251180436462163
EquiformerV2 AD with Hessian training,5662,867,10,0.0142999365925788,0.1489116102457046
EquiformerV2 AD with Hessian training,10314,868,13,0.0087250769138336,0.0335650444030761
EquiformerV2 AD with Hessian training,15285,869,12,0.0159613769501447,0.0671616718173027
EquiformerV2 AD with Hessian training,6714,870,13,0.0023470544256269,0.0172965936362743
EquiformerV2 AD with Hessian training,25793,871,16,0.0062549989670515,0.0285147633403539
EquiformerV2 AD with Hessian training,40685,872,14,0.0107338670641183,0.0307363588362932
EquiformerV2 AD with Hessian training,45152,873,11,0.0169395543634891,0.1400251537561416
EquiformerV2 AD with Hessian training,32109,874,18,0.0473623313009738,0.0875427946448326
EquiformerV2 AD with Hessian training,45393,875,18,0.0276482794433832,0.0501885116100311
EquiformerV2 AD with Hessian training,30693,876,17,0.0107528856024146,0.0324249677360057
EquiformerV2 AD with Hessian training,29623,877,16,0.0113323545083403,0.0455021001398563
EquiformerV2 AD with Hessian training,28946,878,14,0.0165927801281213,0.0609438456594944
EquiformerV2 AD with Hessian training,14386,879,11,0.0390868075191974,0.1273657381534576
EquiformerV2 AD with Hessian training,38596,880,12,0.0179247036576271,0.0759011358022689
EquiformerV2 AD with Hessian training,49574,881,14,0.0336881764233112,0.0526359416544437
EquiformerV2 AD with Hessian training,8612,882,12,0.0137697327882051,0.0686874166131019
EquiformerV2 AD with Hessian training,37542,883,11,0.1614235788583755,0.3123717904090881
EquiformerV2 AD with Hessian training,18699,884,12,0.016248095780611,0.0509401783347129
EquiformerV2 AD with Hessian training,44932,885,12,0.0112933116033673,0.0418236069381237
EquiformerV2 AD with Hessian training,35046,886,13,0.014627618715167,0.0722633674740791
EquiformerV2 AD with Hessian training,22697,887,11,0.0509265959262847,0.2185510396957397
EquiformerV2 AD with Hessian training,23179,888,14,0.0177321676164865,0.0588854663074016
EquiformerV2 AD with Hessian training,21746,889,19,0.0121640125289559,0.0334864668548107
EquiformerV2 AD with Hessian training,48884,890,14,0.0052469517104327,0.0379538759589195
EquiformerV2 AD with Hessian training,33670,891,17,0.0027002377901226,0.0167514439672231
EquiformerV2 AD with Hessian training,12564,892,10,0.0186779983341693,0.3336853682994842
EquiformerV2 AD with Hessian training,37365,893,16,0.0146698653697967,0.0352571420371532
EquiformerV2 AD with Hessian training,24503,894,16,0.0109109282493591,0.0387940295040607
EquiformerV2 AD with Hessian training,12616,895,14,0.0352039784193038,0.0852641612291336
EquiformerV2 AD with Hessian training,5901,896,14,0.0063973842188715,0.0407343991100788
EquiformerV2 AD with Hessian training,43484,897,16,0.0049698534421622,0.0253785476088523
EquiformerV2 AD with Hessian training,21480,898,11,0.007265442982316,0.0503371506929397
EquiformerV2 AD with Hessian training,22953,899,15,0.010817046277225,0.0410544760525226
EquiformerV2 AD with Hessian training,401,900,10,0.0306158494204282,0.2452076822519302
EquiformerV2 AD with Hessian training,48017,901,13,0.0482221469283103,0.0968015491962432
EquiformerV2 AD with Hessian training,14167,902,8,0.0324850343167781,0.1618296056985855
EquiformerV2 AD with Hessian training,42764,903,11,0.0113976392894983,0.074242889881134
EquiformerV2 AD with Hessian training,9618,904,13,0.0088728442788124,0.0895975083112716
EquiformerV2 AD with Hessian training,17845,905,13,0.0021199411712586,0.0162481050938367
EquiformerV2 AD with Hessian training,46325,906,12,0.0097054140642285,0.0552809387445449
EquiformerV2 AD with Hessian training,14185,907,5,0.0079733934253454,0.7553161978721619
EquiformerV2 AD with Hessian training,2546,908,10,0.0245798341929912,0.3188118636608124
EquiformerV2 AD with Hessian training,36241,909,14,0.0154195073992013,0.0477816425263881
EquiformerV2 AD with Hessian training,6168,910,16,0.0082786520943045,0.0318696498870849
EquiformerV2 AD with Hessian training,19503,911,15,0.0081244735047221,0.0341942235827446
EquiformerV2 AD with Hessian training,30812,912,13,0.0203797947615385,0.0621132142841815
EquiformerV2 AD with Hessian training,35552,913,17,0.0059599177911877,0.0262765754014253
EquiformerV2 AD with Hessian training,5033,914,17,0.0077505628578364,0.0334608815610408
EquiformerV2 AD with Hessian training,613,915,12,0.0056693642400205,0.0327261686325073
EquiformerV2 AD with Hessian training,20341,916,18,0.0028764947783201,0.0108701260760426
EquiformerV2 AD with Hessian training,12598,917,16,0.0033541962038725,0.012587540782988
EquiformerV2 AD with Hessian training,26339,918,10,0.360851913690567,1.2945144176483154
EquiformerV2 AD with Hessian training,27726,919,16,0.0166793297976255,0.039842665195465
EquiformerV2 AD with Hessian training,40668,920,9,0.0116042140871286,0.1094604432582855
EquiformerV2 AD with Hessian training,9105,921,17,0.0061378269456326,0.0283934436738491
EquiformerV2 AD with Hessian training,44456,922,10,0.023605141788721,0.2815625369548797
EquiformerV2 AD with Hessian training,23845,923,11,0.0217869561165571,0.1107563748955726
EquiformerV2 AD with Hessian training,24220,924,14,0.0081114051863551,0.0407061390578746
EquiformerV2 AD with Hessian training,39170,925,11,0.0439881198108196,0.103075198829174
EquiformerV2 AD with Hessian training,16524,926,13,0.0046015926636755,0.0281605552881956
EquiformerV2 AD with Hessian training,29555,927,16,0.0054076849482953,0.0229305792599916
EquiformerV2 AD with Hessian training,4849,928,10,0.0060190572403371,0.2980827093124389
EquiformerV2 AD with Hessian training,22322,929,15,0.0234620254486799,0.0597286634147167
EquiformerV2 AD with Hessian training,31840,930,15,0.0090491427108645,0.0461944118142128
EquiformerV2 AD with Hessian training,47004,931,17,0.0066381390206515,0.0237889792770147
EquiformerV2 AD with Hessian training,38492,932,16,0.0072893816977739,0.0298125483095645
EquiformerV2 AD with Hessian training,1282,933,14,0.0051452815532684,0.0238900650292634
EquiformerV2 AD with Hessian training,32929,934,11,0.0096492702141404,0.1269089430570602
EquiformerV2 AD with Hessian training,20998,935,16,0.0073534524999558,0.0249621532857418
EquiformerV2 AD with Hessian training,8005,936,16,0.0049572633579373,0.0235780552029609
EquiformerV2 AD with Hessian training,41203,937,13,0.0116425193846225,0.0418721884489059
EquiformerV2 AD with Hessian training,2447,938,12,0.0341446585953235,0.0724612921476364
EquiformerV2 AD with Hessian training,41901,939,13,0.0167517606168985,0.090717077255249
EquiformerV2 AD with Hessian training,4407,940,17,0.0023011337034404,0.0156229948624968
EquiformerV2 AD with Hessian training,16221,941,13,0.018357316032052,0.0723981335759162
EquiformerV2 AD with Hessian training,29347,942,11,0.0114864660426974,0.1155582144856453
EquiformerV2 AD with Hessian training,12056,943,14,0.0023620901629328,0.0166409388184547
EquiformerV2 AD with Hessian training,42772,944,13,0.0066630253568291,0.0345192663371562
EquiformerV2 AD with Hessian training,33589,945,15,0.0147100482136011,0.0372291803359985
EquiformerV2 AD with Hessian training,5404,946,15,0.0082839699462056,0.0241257715970277
EquiformerV2 AD with Hessian training,40595,947,16,0.0617104135453701,0.0902100950479507
EquiformerV2 AD with Hessian training,33937,948,11,0.0108338352292776,0.1073508635163307
EquiformerV2 AD with Hessian training,21066,949,15,0.0342424362897872,0.0848556607961654
EquiformerV2 AD with Hessian training,12712,950,17,0.0058922758325934,0.0259523894637823
EquiformerV2 AD with Hessian training,38754,951,9,0.0224021803587675,0.2671601176261902
EquiformerV2 AD with Hessian training,40796,952,17,0.0071605127304792,0.0228801351040601
EquiformerV2 AD with Hessian training,9347,953,14,0.0250160917639732,0.0971782132983207
EquiformerV2 AD with Hessian training,31772,954,15,0.0084189241752028,0.036611545830965
EquiformerV2 AD with Hessian training,14321,955,14,0.0034367258194833,0.0205981489270925
EquiformerV2 AD with Hessian training,19951,956,16,0.008325794711709,0.034066304564476
EquiformerV2 AD with Hessian training,23699,957,12,0.0336337983608245,0.0910109505057334
EquiformerV2 AD with Hessian training,23207,958,10,0.0267875324934721,0.0897114425897598
EquiformerV2 AD with Hessian training,36447,959,15,0.0089502213522791,0.0294458456337451
EquiformerV2 AD with Hessian training,33568,960,10,0.0047720824368298,0.035121776163578
EquiformerV2 AD with Hessian training,23016,961,13,0.0073732514865696,0.0738183408975601
EquiformerV2 AD with Hessian training,37621,962,13,0.0049990443512797,0.0438270904123783
EquiformerV2 AD with Hessian training,10316,963,13,0.0045118620619177,0.0223113354295492
EquiformerV2 AD with Hessian training,36530,964,17,0.0055304137058556,0.0174730159342288
EquiformerV2 AD with Hessian training,39641,965,19,0.0237001068890094,0.0501169338822364
EquiformerV2 AD with Hessian training,35030,966,15,0.0119259664788842,0.0416034385561943
EquiformerV2 AD with Hessian training,2891,967,11,0.0028547975234687,0.0265577584505081
EquiformerV2 AD with Hessian training,1145,968,14,0.0257952865213155,0.0628867447376251
EquiformerV2 AD with Hessian training,20868,969,8,0.0389730930328369,0.5173206329345703
EquiformerV2 AD with Hessian training,23249,970,15,0.0073932982049882,0.0292184520512819
EquiformerV2 AD with Hessian training,35996,971,11,0.0030898610129952,0.0276208687573671
EquiformerV2 AD with Hessian training,42548,972,12,0.0155681539326906,0.0727448090910911
EquiformerV2 AD with Hessian training,6606,973,15,0.0184302143752574,0.0602917410433292
EquiformerV2 AD with Hessian training,24275,974,12,0.0133125195279717,0.065708689391613
EquiformerV2 AD with Hessian training,323,975,14,0.0164415165781974,0.0585214048624038
EquiformerV2 AD with Hessian training,42107,976,14,0.010010315105319,0.0417996048927307
EquiformerV2 AD with Hessian training,37251,977,15,0.0231415946036577,0.0708437040448188
EquiformerV2 AD with Hessian training,29661,978,19,0.0018401184352114,0.0099139539524912
EquiformerV2 AD with Hessian training,46492,979,15,0.0204340312629938,0.0710555464029312
EquiformerV2 AD with Hessian training,19431,980,15,0.0201105549931526,0.0505620129406452
EquiformerV2 AD with Hessian training,24511,981,16,0.008637823164463,0.0341391451656818
EquiformerV2 AD with Hessian training,21633,982,19,0.0056401803158223,0.0247186180204153
EquiformerV2 AD with Hessian training,18902,983,13,0.0089464271441102,0.0472899638116359
EquiformerV2 AD with Hessian training,39115,984,8,0.0082888547331094,0.1005464047193527
EquiformerV2 AD with Hessian training,31498,985,14,0.0095625426620244,0.0634653344750404
EquiformerV2 AD with Hessian training,26331,986,12,0.0041535031050443,0.0216239392757415
EquiformerV2 AD with Hessian training,11923,987,15,0.0327176079154014,0.0929054617881774
EquiformerV2 AD with Hessian training,22709,988,15,0.0207763146609067,0.055921584367752
EquiformerV2 AD with Hessian training,1101,989,12,0.0156496427953243,0.1036014482378959
EquiformerV2 AD with Hessian training,31657,990,16,0.0031721412669867,0.0129229351878166
EquiformerV2 AD with Hessian training,48944,991,10,0.0156251490116119,0.1343984752893448
EquiformerV2 AD with Hessian training,26945,992,11,0.0825986489653587,0.1985030323266983
EquiformerV2 AD with Hessian training,9596,993,14,0.0069802561774849,0.0310323853045701
EquiformerV2 AD with Hessian training,396,994,17,0.0120995668694376,0.0259713474661111
EquiformerV2 AD with Hessian training,9464,995,13,0.0133327022194862,0.0840268954634666
EquiformerV2 AD with Hessian training,5988,996,12,0.0114897890016436,0.0639920383691787
EquiformerV2 AD with Hessian training,4022,997,16,0.007274898700416,0.0343158915638923
EquiformerV2 AD with Hessian training,30213,998,16,0.0030448648612946,0.0188738238066434
EquiformerV2 AD with Hessian training,8987,999,13,0.0023037286009639,0.0157646927982568
EquiformerV2 AD with Hessian training,17553,1000,16,0.0145191196352243,0.0658231154084205
EquiformerV2 AD with Hessian training,34055,1001,13,0.0315160527825355,0.0900323539972305
EquiformerV2 AD with Hessian training,16338,1002,16,0.0037187018897384,0.0149445701390504
EquiformerV2 AD with Hessian training,9287,1003,13,0.0222429130226373,0.0758104920387268
EquiformerV2 AD with Hessian training,29660,1004,15,0.0395069643855094,0.1167334169149398
EquiformerV2 AD with Hessian training,25613,1005,15,0.0189922042191028,0.0566235594451427
EquiformerV2 AD with Hessian training,35223,1006,12,0.0371218658983707,0.1224680319428443
EquiformerV2 AD with Hessian training,46828,1007,15,0.0090626794844865,0.0388850457966327
EquiformerV2 AD with Hessian training,26823,1008,18,0.0017058751545846,0.0092820255085825
EquiformerV2 AD with Hessian training,8312,1009,14,0.0081165330484509,0.0354722812771797
EquiformerV2 AD with Hessian training,11960,1010,16,0.0288199093192815,0.0737903118133544
EquiformerV2 AD with Hessian training,43577,1011,19,0.0049109938554465,0.019692650064826
EquiformerV2 AD with Hessian training,43337,1012,15,0.0285853426903486,0.0511552281677722
EquiformerV2 AD with Hessian training,38950,1013,21,0.0182470101863145,0.0421583093702793
EquiformerV2 AD with Hessian training,23890,1014,13,0.0167322196066379,0.0735036730766296
EquiformerV2 AD with Hessian training,17056,1015,15,0.0149705847725272,0.0393795892596244
EquiformerV2 AD with Hessian training,41881,1016,15,0.0729545876383781,0.1225494220852851
EquiformerV2 AD with Hessian training,15088,1017,14,0.0169751923531293,0.0555430464446544
EquiformerV2 AD with Hessian training,27329,1018,10,0.0301013849675655,0.1224543303251266
EquiformerV2 AD with Hessian training,42255,1019,14,0.0155287804082036,0.0463642887771129
EquiformerV2 AD with Hessian training,5738,1020,9,0.0097729209810495,0.0658632889389991
EquiformerV2 AD with Hessian training,777,1021,19,0.0032010145951062,0.011490250006318
EquiformerV2 AD with Hessian training,8973,1022,15,0.0090763056650757,0.0342538841068744
EquiformerV2 AD with Hessian training,29567,1023,13,0.0378277413547039,0.0782835632562637
EquiformerV2 AD with Hessian training,13151,1024,10,0.033516526222229,0.1415369063615799
EquiformerV2 AD with Hessian training,13056,1025,11,0.0072805560193955,0.1240201294422149
EquiformerV2 AD with Hessian training,6319,1026,11,0.0071118180640041,0.0375443510711193
EquiformerV2 AD with Hessian training,5490,1027,8,0.0234353058040142,0.1609530597925186
EquiformerV2 AD with Hessian training,30976,1028,15,0.0089967930689454,0.0376540422439575
EquiformerV2 AD with Hessian training,37828,1029,11,0.0115664172917604,0.1621925234794616
EquiformerV2 AD with Hessian training,19110,1030,12,0.0041790697723627,0.025254052132368
EquiformerV2 AD with Hessian training,9151,1031,13,0.0452283211052417,0.1852163821458816
EquiformerV2 AD with Hessian training,1336,1032,14,0.0080044530332088,0.0387245938181877
EquiformerV2 AD with Hessian training,49478,1033,17,0.0121116200461983,0.0397298373281955
EquiformerV2 AD with Hessian training,30356,1034,11,0.0057506375014781,0.0472545437514781
EquiformerV2 AD with Hessian training,36223,1035,9,0.0113657489418983,0.3891032338142395
EquiformerV2 AD with Hessian training,15259,1036,14,0.0056069195270538,0.0308732688426971
EquiformerV2 AD with Hessian training,115,1037,14,0.013832937926054,0.0568390600383281
EquiformerV2 AD with Hessian training,3044,1038,15,0.0062823453918099,0.0382429882884025
EquiformerV2 AD with Hessian training,17745,1039,14,0.0041126632131636,0.0226837862282991
EquiformerV2 AD with Hessian training,15284,1040,16,0.0120945926755666,0.0418685153126716
EquiformerV2 AD with Hessian training,49812,1041,10,0.013464119285345,0.3192681968212127
EquiformerV2 AD with Hessian training,18736,1042,16,0.0109469667077064,0.0493883155286312
EquiformerV2 AD with Hessian training,22375,1043,21,0.0018758815713226,0.0088148433715105
EquiformerV2 AD with Hessian training,31457,1044,19,0.0097925001755356,0.0211959797888994
EquiformerV2 AD with Hessian training,8167,1045,16,0.0236300509423017,0.0769678130745887
EquiformerV2 AD with Hessian training,45548,1046,16,0.012215219438076,0.0380696840584278
EquiformerV2 AD with Hessian training,1184,1047,11,0.0115324240177869,0.1050379052758216
EquiformerV2 AD with Hessian training,45852,1048,11,0.0050735506229102,0.0860660523176193
EquiformerV2 AD with Hessian training,5255,1049,16,0.0063410811126232,0.0265398658812046
EquiformerV2 AD with Hessian training,50599,1050,14,0.008841123431921,0.0452460646629333
EquiformerV2 AD with Hessian training,855,1051,15,0.0163313411176204,0.0544095784425735
EquiformerV2 AD with Hessian training,29694,1052,13,0.0066048549488186,0.040840059518814
EquiformerV2 AD with Hessian training,4661,1053,12,0.0062615284696221,0.0425971820950508
EquiformerV2 AD with Hessian training,28126,1054,14,0.0085476897656917,0.0570450536906719
EquiformerV2 AD with Hessian training,20484,1055,14,0.0088568227365612,0.0456431545317173
EquiformerV2 AD with Hessian training,12939,1056,17,0.0185121838003397,0.0453228615224361
EquiformerV2 AD with Hessian training,50251,1057,11,0.0157832335680723,0.2003564983606338
EquiformerV2 AD with Hessian training,19339,1058,14,0.007424646988511,0.0393135882914066
EquiformerV2 AD with Hessian training,21684,1059,11,0.0075188456103205,0.0529391467571258
EquiformerV2 AD with Hessian training,32388,1060,10,0.0199627131223678,0.0717407464981079
EquiformerV2 AD with Hessian training,4509,1061,10,0.0164787247776985,0.1041831150650978
EquiformerV2 AD with Hessian training,8498,1062,17,0.0030853450298309,0.0129795260727405
EquiformerV2 AD with Hessian training,12479,1063,11,0.0872167721390724,0.2771291434764862
EquiformerV2 AD with Hessian training,41021,1064,8,0.037961296737194,0.5027053952217102
EquiformerV2 AD with Hessian training,30239,1065,12,0.0089859347790479,0.0386574119329452
EquiformerV2 AD with Hessian training,1206,1066,13,0.025293355807662,0.0646114721894264
EquiformerV2 AD with Hessian training,8216,1067,16,0.0040970589034259,0.0172679293900728
EquiformerV2 AD with Hessian training,39696,1068,12,0.004572614096105,0.0264614783227443
EquiformerV2 AD with Hessian training,13712,1069,13,0.0063304677605628,0.114904947578907
EquiformerV2 AD with Hessian training,13160,1070,11,0.0335540510714054,0.1083918064832687
EquiformerV2 AD with Hessian training,19739,1071,12,0.0170901082456111,0.079384334385395
EquiformerV2 AD with Hessian training,25329,1072,14,0.0145298102870583,0.0678251683712005
EquiformerV2 AD with Hessian training,23609,1073,15,0.0077949473634362,0.0389992520213127
EquiformerV2 AD with Hessian training,12440,1074,11,0.0067101791501045,0.1276080906391143
EquiformerV2 AD with Hessian training,8506,1075,10,0.0259127058088779,0.2052880525588989
EquiformerV2 AD with Hessian training,43801,1076,14,0.0048503349535167,0.0355618186295032
EquiformerV2 AD with Hessian training,36996,1077,14,0.0096781244501471,0.0553014762699604
EquiformerV2 AD with Hessian training,44711,1078,12,0.0282725729048252,0.0800103470683097
EquiformerV2 AD with Hessian training,37603,1079,16,0.0036853577475994,0.0133157735690474
EquiformerV2 AD with Hessian training,1526,1080,11,0.0127778407186269,0.0696164667606353
EquiformerV2 AD with Hessian training,34664,1081,15,0.010018995963037,0.0386742576956748
EquiformerV2 AD with Hessian training,3240,1082,15,0.0055127474479377,0.0236548110842704
EquiformerV2 AD with Hessian training,11808,1083,15,0.0097308456897735,0.0301232747733593
EquiformerV2 AD with Hessian training,50617,1084,13,0.0130752399563789,0.0642884075641632
EquiformerV2 AD with Hessian training,48632,1085,12,0.0230315793305635,0.0929170846939086
EquiformerV2 AD with Hessian training,14468,1086,16,0.0073384074494242,0.0257409270852804
EquiformerV2 AD with Hessian training,15939,1087,12,0.0048963683657348,0.029273621737957
EquiformerV2 AD with Hessian training,10803,1088,14,0.0061491602100431,0.0569044984877109
EquiformerV2 AD with Hessian training,11634,1089,14,0.0092692719772458,0.0430348217487335
EquiformerV2 AD with Hessian training,4097,1090,17,0.0117715597152709,0.0435233227908611
EquiformerV2 AD with Hessian training,19312,1091,16,0.0037807337939739,0.0181350223720073
EquiformerV2 AD with Hessian training,8387,1092,12,0.0103613417595624,0.0532831139862537
EquiformerV2 AD with Hessian training,10654,1093,15,0.0062698875553905,0.0326346457004547
EquiformerV2 AD with Hessian training,30265,1094,14,0.012643527239561,0.0482760481536388
EquiformerV2 AD with Hessian training,49045,1095,15,0.0042536142282187,0.0248532593250274
EquiformerV2 AD with Hessian training,25481,1096,14,0.0047359601594507,0.0251380335539579
EquiformerV2 AD with Hessian training,12304,1097,13,0.0192151088267564,0.0933675020933151
EquiformerV2 AD with Hessian training,20047,1098,14,0.0138740101829171,0.0579588152468204
EquiformerV2 AD with Hessian training,18345,1099,10,0.0310464147478342,0.4194222688674927
EquiformerV2 AD with Hessian training,836,1100,15,0.0322414673864841,0.0812965109944343
EquiformerV2 AD with Hessian training,23788,1101,18,0.0198698304593563,0.0389698073267936
EquiformerV2 AD with Hessian training,26659,1102,12,0.004903866443783,0.0316256769001483
EquiformerV2 AD with Hessian training,8547,1103,14,0.0196616537868976,0.0661151781678199
EquiformerV2 AD with Hessian training,13477,1104,14,0.0078264558687806,0.0443953052163124
EquiformerV2 AD with Hessian training,32188,1105,15,0.003291119588539,0.0201712902635335
EquiformerV2 AD with Hessian training,2106,1106,14,0.0084724146872758,0.0279760565608739
EquiformerV2 AD with Hessian training,19278,1107,10,0.0111487032845616,0.1907777935266494
EquiformerV2 AD with Hessian training,35257,1108,13,0.0117710325866937,0.0625678077340126
EquiformerV2 AD with Hessian training,3282,1109,10,0.0228578746318817,0.3620274066925049
EquiformerV2 AD with Hessian training,15334,1110,9,0.033147282898426,0.1188052892684936
EquiformerV2 AD with Hessian training,45523,1111,8,0.014887012541294,0.3333683013916015
EquiformerV2 AD with Hessian training,43699,1112,13,0.0068575604818761,0.0339633673429489
EquiformerV2 AD with Hessian training,35073,1113,15,0.0053292457014322,0.055778868496418
EquiformerV2 AD with Hessian training,42718,1114,14,0.0082653546705842,0.0296307876706123
EquiformerV2 AD with Hessian training,31249,1115,16,0.0089166723191738,0.0247357450425624
EquiformerV2 AD with Hessian training,30762,1116,14,0.0093313660472631,0.0510524921119213
EquiformerV2 AD with Hessian training,27389,1117,8,0.0429036021232605,0.407093346118927
EquiformerV2 AD with Hessian training,40452,1118,15,0.0065981815569102,0.0378087684512138
EquiformerV2 AD with Hessian training,23828,1119,16,0.0021725117694586,0.0108956545591354
EquiformerV2 AD with Hessian training,35613,1120,13,0.0126523589715361,0.071560338139534
EquiformerV2 AD with Hessian training,3669,1121,13,0.0169193465262651,0.0616051107645034
EquiformerV2 AD with Hessian training,39030,1122,11,0.0479804761707782,0.1468726396560669
EquiformerV2 AD with Hessian training,21570,1123,10,0.0047120000235736,0.0380771644413471
EquiformerV2 AD with Hessian training,10537,1124,11,0.0041415626183152,0.0264763310551643
EquiformerV2 AD with Hessian training,12094,1125,12,0.0180732570588588,0.0753863006830215
EquiformerV2 AD with Hessian training,24177,1126,12,0.0266629084944725,0.1171072274446487
EquiformerV2 AD with Hessian training,26556,1127,13,0.0051746703684329,0.0395124293863773
EquiformerV2 AD with Hessian training,14721,1128,12,0.0054156659170985,0.0428421795368194
EquiformerV2 AD with Hessian training,40459,1129,15,0.0126631446182727,0.045232206583023
EquiformerV2 AD with Hessian training,4273,1130,15,0.0036433909554034,0.0220714956521987
EquiformerV2 AD with Hessian training,3537,1131,11,0.0027812579646706,0.0242972988635301
EquiformerV2 AD with Hessian training,36233,1132,15,0.0085316663607954,0.0739579498767852
EquiformerV2 AD with Hessian training,19242,1133,11,0.003628974314779,0.0295402444899082
EquiformerV2 AD with Hessian training,3060,1134,14,0.0039930064231157,0.0260000880807638
EquiformerV2 AD with Hessian training,39971,1135,15,0.0029799090698361,0.0226992685347795
EquiformerV2 AD with Hessian training,44790,1136,11,0.0162849742919206,0.080421581864357
EquiformerV2 AD with Hessian training,42478,1137,15,0.0033843978308141,0.0565750896930694
EquiformerV2 AD with Hessian training,43735,1138,14,0.0091640027239918,0.0352774150669574
EquiformerV2 AD with Hessian training,19811,1139,15,0.0123720671981573,0.0450247749686241
EquiformerV2 AD with Hessian training,241,1140,12,0.0194530393928289,0.1644690185785293
EquiformerV2 AD with Hessian training,19049,1141,14,0.0179307777434587,0.0932315289974212
EquiformerV2 AD with Hessian training,45161,1142,14,0.0027337044011801,0.0152149721980094
EquiformerV2 AD with Hessian training,20530,1143,13,0.0074104093946516,0.0487284399569034
EquiformerV2 AD with Hessian training,19843,1144,15,0.0054792049340903,0.0236742757260799
EquiformerV2 AD with Hessian training,27703,1145,16,0.0150276031345129,0.0395095758140087
EquiformerV2 AD with Hessian training,29006,1146,14,0.0033422298729419,0.0272868629544973
EquiformerV2 AD with Hessian training,16833,1147,13,0.0222019348293542,0.0817293673753738
EquiformerV2 AD with Hessian training,31886,1148,14,0.02090759947896,0.0519213080406188
EquiformerV2 AD with Hessian training,39827,1149,14,0.0067914854735136,0.0335522852838039
EquiformerV2 AD with Hessian training,23044,1150,16,0.0060230186209082,0.0295663345605134
EquiformerV2 AD with Hessian training,4976,1151,14,0.0236392170190811,0.0646232739090919
EquiformerV2 AD with Hessian training,41919,1152,16,0.0080871945247054,0.0230012238025665
EquiformerV2 AD with Hessian training,48568,1153,13,0.0364239588379859,0.0736170336604118
EquiformerV2 AD with Hessian training,42287,1154,15,0.0120164640247821,0.0356786511838436
EquiformerV2 AD with Hessian training,43000,1155,16,0.0027350015006959,0.0228105019778013
EquiformerV2 AD with Hessian training,46069,1156,11,0.0438474267721176,0.1987635344266891
EquiformerV2 AD with Hessian training,31262,1157,12,0.0046637910418212,0.0917233824729919
EquiformerV2 AD with Hessian training,11807,1158,12,0.0117410337552428,0.0537453182041645
EquiformerV2 AD with Hessian training,35897,1159,8,0.0228987988084554,0.0956822037696838
EquiformerV2 AD with Hessian training,16279,1160,19,0.0420260615646839,0.0587740279734134
EquiformerV2 AD with Hessian training,30361,1161,14,0.0116297891363501,0.0418450459837913
EquiformerV2 AD with Hessian training,1050,1162,14,0.0189839210361242,0.0679448992013931
EquiformerV2 AD with Hessian training,11675,1163,16,0.0025954667944461,0.0110318548977375
EquiformerV2 AD with Hessian training,7936,1164,10,0.0092423940077424,0.0498387329280376
EquiformerV2 AD with Hessian training,21617,1165,15,0.0082692690193653,0.0358605869114398
EquiformerV2 AD with Hessian training,30470,1166,12,0.0096992040053009,0.0453417673707008
EquiformerV2 AD with Hessian training,1247,1167,14,0.0052688177675008,0.0321952775120735
EquiformerV2 AD with Hessian training,30326,1168,18,0.0043252403847873,0.0202851947396993
EquiformerV2 AD with Hessian training,16708,1169,14,0.0052786855958402,0.039473507553339
EquiformerV2 AD with Hessian training,37491,1170,12,0.0155183374881744,0.0748897269368171
EquiformerV2 AD with Hessian training,11288,1171,12,0.0059383660554885,0.0533784925937652
EquiformerV2 AD with Hessian training,33038,1172,7,0.0057883253321051,0.0750759690999984
EquiformerV2 AD with Hessian training,14011,1173,14,0.0251801963895559,0.061196319758892
EquiformerV2 AD with Hessian training,12894,1174,14,0.0105481455102562,0.0478334501385688
EquiformerV2 AD with Hessian training,17430,1175,14,0.0090066995471715,0.0226234439760446
EquiformerV2 AD with Hessian training,29774,1176,8,0.0169617682695388,0.1274584233760833
EquiformerV2 AD with Hessian training,41299,1177,19,0.0067055495455861,0.0205884221941232
EquiformerV2 AD with Hessian training,5720,1178,13,0.0501425564289093,0.0915733873844146
EquiformerV2 AD with Hessian training,25388,1179,15,0.0111999781802296,0.036278661340475
EquiformerV2 AD with Hessian training,43025,1180,17,0.0213281046599149,0.0513399764895439
EquiformerV2 AD with Hessian training,43483,1181,16,0.014579564332962,0.0310210119932889
EquiformerV2 AD with Hessian training,20903,1182,8,0.0909559577703476,0.5433254241943359
EquiformerV2 AD with Hessian training,13473,1183,11,0.003296376671642,0.0317750014364719
EquiformerV2 AD with Hessian training,18383,1184,13,0.0096504148095846,0.0710619315505027
EquiformerV2 AD with Hessian training,43695,1185,18,0.0105586713179945,0.0315717682242393
EquiformerV2 AD with Hessian training,5647,1186,13,0.0036414093337953,0.0215397607535123
EquiformerV2 AD with Hessian training,35150,1187,14,0.0030987851787358,0.0222932491451501
EquiformerV2 AD with Hessian training,11102,1188,11,0.015124044381082,0.0658291429281234
EquiformerV2 AD with Hessian training,7349,1189,13,0.0148486774414777,0.0482135973870754
EquiformerV2 AD with Hessian training,35536,1190,9,0.0123223438858985,0.0739453583955764
EquiformerV2 AD with Hessian training,37950,1191,14,0.0054266853258013,0.024692952632904
EquiformerV2 AD with Hessian training,34756,1192,17,0.0199121870100498,0.047691810876131
EquiformerV2 AD with Hessian training,6117,1193,19,0.007030751556158,0.024327939376235
EquiformerV2 AD with Hessian training,26503,1194,12,0.0132806748151779,0.0710066333413124
EquiformerV2 AD with Hessian training,20976,1195,20,0.0456070452928543,0.0462950430810451
EquiformerV2 AD with Hessian training,31429,1196,14,0.0059275669045746,0.0276838522404432
EquiformerV2 AD with Hessian training,11476,1197,11,0.0139155033975839,0.1117369905114173
EquiformerV2 AD with Hessian training,31950,1198,15,0.0042509720660746,0.0563055053353309
EquiformerV2 AD with Hessian training,4203,1199,14,0.0581586882472038,0.1441298872232437
EquiformerV2 AD with Hessian training,24704,1200,13,0.0216511879116296,0.0577143505215644
EquiformerV2 AD with Hessian training,28045,1201,12,0.0048865377902984,0.046985886991024
EquiformerV2 AD with Hessian training,16487,1202,17,0.0118375662714242,0.0344349220395088
EquiformerV2 AD with Hessian training,11648,1203,15,0.0094508295878767,0.0467300601303577
EquiformerV2 AD with Hessian training,18872,1204,12,0.0111752962693572,0.0370423719286918
EquiformerV2 AD with Hessian training,44401,1205,18,0.0028111631982028,0.0089818574488163
EquiformerV2 AD with Hessian training,4040,1206,13,0.0221756491810083,0.083082765340805
EquiformerV2 AD with Hessian training,50030,1207,15,0.0063213463872671,0.0307066515088081
EquiformerV2 AD with Hessian training,27744,1208,16,0.0292961299419403,0.0434313677251338
EquiformerV2 AD with Hessian training,11729,1209,16,0.0094944629818201,0.0267552472651004
EquiformerV2 AD with Hessian training,24098,1210,18,0.0069871256127953,0.0260904170572757
EquiformerV2 AD with Hessian training,28433,1211,15,0.0084326760843396,0.056436363607645
EquiformerV2 AD with Hessian training,18421,1212,11,0.0124257393181324,0.0981564372777938
EquiformerV2 AD with Hessian training,39441,1213,11,0.007183670066297,0.0458346679806709
EquiformerV2 AD with Hessian training,41861,1214,18,0.0122605897486209,0.0394575931131839
EquiformerV2 AD with Hessian training,5057,1215,14,0.0340528823435306,0.0886577367782592
EquiformerV2 AD with Hessian training,18857,1216,8,0.0091353673487901,0.2444264143705368
EquiformerV2 AD with Hessian training,23698,1217,13,0.009184755384922,0.053288709372282
EquiformerV2 AD with Hessian training,21304,1218,14,0.0097159761935472,0.0409650467336177
EquiformerV2 AD with Hessian training,18,1219,14,0.0217272322624921,0.0479587391018867
EquiformerV2 AD with Hessian training,24732,1220,16,0.011335339397192,0.0629095882177352
EquiformerV2 AD with Hessian training,47369,1221,19,0.0054169604554772,0.0180217828601598
EquiformerV2 AD with Hessian training,46948,1222,15,0.0116705829277634,0.0387610979378223
EquiformerV2 AD with Hessian training,38404,1223,10,0.03525947406888,0.1239468082785606
EquiformerV2 AD with Hessian training,15484,1224,8,0.0308373011648654,0.4237499535083771
EquiformerV2 AD with Hessian training,46183,1225,12,0.0193379074335098,0.0971533507108688
EquiformerV2 AD with Hessian training,7006,1226,19,0.0121750552207231,0.0368403419852256
EquiformerV2 AD with Hessian training,14432,1227,16,0.011649452149868,0.0463394001126289
EquiformerV2 AD with Hessian training,30953,1228,15,0.0071038478054106,0.0258985888212919
EquiformerV2 AD with Hessian training,46603,1229,15,0.0150111224502325,0.0482813008129596
EquiformerV2 AD with Hessian training,38854,1230,15,0.0042531355284154,0.019675362855196
EquiformerV2 AD with Hessian training,21933,1231,10,0.0100716315209865,0.0877419859170913
EquiformerV2 AD with Hessian training,30456,1232,8,0.0412228852510452,0.5251240730285645
EquiformerV2 AD with Hessian training,33921,1233,14,0.0042687212117016,0.0185513366013765
EquiformerV2 AD with Hessian training,29975,1234,11,0.017576690763235,0.1838961690664291
EquiformerV2 AD with Hessian training,19104,1235,18,0.0022016586735844,0.0095845498144626
EquiformerV2 AD with Hessian training,20572,1236,10,0.032752763479948,0.1220787018537521
EquiformerV2 AD with Hessian training,24585,1237,14,0.011747277341783,0.0373908169567585
EquiformerV2 AD with Hessian training,27424,1238,17,0.0054416609928011,0.0191504545509815
EquiformerV2 AD with Hessian training,18095,1239,16,0.0445932410657405,0.0778736025094986
EquiformerV2 AD with Hessian training,39476,1240,15,0.0492602959275245,0.1033723950386047
EquiformerV2 AD with Hessian training,45008,1241,10,0.0149645572528243,0.0829462632536888
EquiformerV2 AD with Hessian training,14282,1242,11,0.0155067844316363,0.087849736213684
EquiformerV2 AD with Hessian training,29258,1243,13,0.0091398516669869,0.0420881658792495
EquiformerV2 AD with Hessian training,48410,1244,14,0.0256999060511589,0.079019509255886
EquiformerV2 AD with Hessian training,16804,1245,13,0.0146230123937129,0.0492685250937938
EquiformerV2 AD with Hessian training,28349,1246,16,0.0032827351242303,0.0234337486326694
EquiformerV2 AD with Hessian training,4169,1247,8,0.0171421859413385,0.1250363737344741
EquiformerV2 AD with Hessian training,15433,1248,19,0.0027516449335962,0.0098302736878395
EquiformerV2 AD with Hessian training,38752,1249,15,0.0067510982044041,0.0471630357205867
EquiformerV2 AD with Hessian training,600,1250,21,0.0058022318407893,0.0154526112601161
EquiformerV2 AD with Hessian training,45951,1251,12,0.0153201604261994,0.0848305225372314
EquiformerV2 AD with Hessian training,16395,1252,12,0.0044555054046213,0.0242672767490148
EquiformerV2 AD with Hessian training,16568,1253,13,0.0109376264736056,0.0569848082959651
EquiformerV2 AD with Hessian training,7078,1254,12,0.0087018879130482,0.1456912159919738
EquiformerV2 AD with Hessian training,24381,1255,15,0.0036579249426722,0.0205000061541795
EquiformerV2 AD with Hessian training,13345,1256,14,0.0071773077361285,0.0320805348455905
EquiformerV2 AD with Hessian training,20591,1257,10,0.0344182476401329,0.2339865565299987
EquiformerV2 AD with Hessian training,1158,1258,16,0.0074155195616185,0.031979065388441
EquiformerV2 AD with Hessian training,19059,1259,13,0.0347861051559448,0.0983089730143547
EquiformerV2 AD with Hessian training,19026,1260,16,0.0136878136545419,0.0307106841355562
EquiformerV2 AD with Hessian training,25698,1261,13,0.0028696709778159,0.0158710610121488
EquiformerV2 AD with Hessian training,49150,1262,16,0.0123681332916021,0.0428853966295719
EquiformerV2 AD with Hessian training,45772,1263,17,0.0024635051377117,0.0142876338213682
EquiformerV2 AD with Hessian training,5633,1264,11,0.0117855267599225,0.0753539875149726
EquiformerV2 AD with Hessian training,17357,1265,11,0.0052293795160949,0.0290206894278526
EquiformerV2 AD with Hessian training,14230,1266,14,0.0036781590897589,0.0274386201053857
EquiformerV2 AD with Hessian training,44487,1267,14,0.0054116290993988,0.0241406764835119
EquiformerV2 AD with Hessian training,37952,1268,9,0.0183413363993167,0.2199261337518692
EquiformerV2 AD with Hessian training,41929,1269,11,0.0226943157613277,0.2327609807252884
EquiformerV2 AD with Hessian training,35379,1270,20,0.0115032400935888,0.0282660461962223
EquiformerV2 AD with Hessian training,50842,1271,18,0.017804617062211,0.0511997006833553
EquiformerV2 AD with Hessian training,25490,1272,18,0.0291195008903741,0.050112061202526
EquiformerV2 AD with Hessian training,19274,1273,16,0.0051346886903047,0.0183939281851053
EquiformerV2 AD with Hessian training,37608,1274,17,0.0022874113637953,0.0133556462824344
EquiformerV2 AD with Hessian training,27004,1275,16,0.0027973870746791,0.013091268017888
EquiformerV2 AD with Hessian training,20276,1276,12,0.0757293328642845,0.1669811755418777
EquiformerV2 AD with Hessian training,49066,1277,15,0.0161629486829042,0.0406771935522556
EquiformerV2 AD with Hessian training,12746,1278,14,0.0083808563649654,0.0455697774887084
EquiformerV2 AD with Hessian training,25427,1279,12,0.0073060900904238,0.0268746837973594
EquiformerV2 AD with Hessian training,14613,1280,14,0.0271654240787029,0.0903466343879699
EquiformerV2 AD with Hessian training,19530,1281,13,0.0045050578191876,0.0283096469938755
EquiformerV2 AD with Hessian training,45342,1282,13,0.0055955708958208,0.0280207451432943
EquiformerV2 AD with Hessian training,6971,1283,13,0.0264743976294994,0.0973895490169525
EquiformerV2 AD with Hessian training,26122,1284,14,0.0041785333305597,0.0302573312073946
EquiformerV2 AD with Hessian training,39900,1285,12,0.0037327327299863,0.0237267594784498
EquiformerV2 AD with Hessian training,36555,1286,17,0.0126354349777102,0.0315168462693691
EquiformerV2 AD with Hessian training,3480,1287,12,0.0082510458305478,0.0367846302688121
EquiformerV2 AD with Hessian training,34007,1288,8,0.0919851660728454,0.5370709300041199
EquiformerV2 AD with Hessian training,2930,1289,8,0.0138974850997328,0.3295626640319824
EquiformerV2 AD with Hessian training,10906,1290,15,0.0094566298648715,0.038121972233057
EquiformerV2 AD with Hessian training,383,1291,13,0.0109823821112513,0.0573279857635498
EquiformerV2 AD with Hessian training,11071,1292,7,0.0149154737591743,0.5936172604560852
EquiformerV2 AD with Hessian training,32511,1293,8,0.0073147094808518,0.0507807917892932
EquiformerV2 AD with Hessian training,12337,1294,12,0.0132244257256388,0.0711432695388794
EquiformerV2 AD with Hessian training,44428,1295,13,0.026719955727458,0.0596097894012928
EquiformerV2 AD with Hessian training,35902,1296,19,0.0086870975792407,0.0227702744305133
EquiformerV2 AD with Hessian training,2248,1297,18,0.0032709566876292,0.0112896393984556
EquiformerV2 AD with Hessian training,10670,1298,13,0.0044872774742543,0.0256671551614999
EquiformerV2 AD with Hessian training,6926,1299,12,0.0082027316093444,0.0504102818667888
EquiformerV2 AD with Hessian training,7050,1300,14,0.0219270549714565,0.0521899163722991
EquiformerV2 AD with Hessian training,13733,1301,16,0.0116563122719526,0.0437342412769794
EquiformerV2 AD with Hessian training,32178,1302,14,0.023192822933197,0.0671380013227462
EquiformerV2 AD with Hessian training,49742,1303,11,0.0052150986157357,0.023919653147459
EquiformerV2 AD with Hessian training,18117,1304,12,0.0382549352943897,0.1361363381147384
EquiformerV2 AD with Hessian training,27742,1305,14,0.0085534853860735,0.0300566926598548
EquiformerV2 AD with Hessian training,48055,1306,15,0.0035347382072359,0.0539545267820358
EquiformerV2 AD with Hessian training,46749,1307,17,0.0078657772392034,0.0270949807018041
EquiformerV2 AD with Hessian training,30604,1308,15,0.005313117057085,0.0268778372555971
EquiformerV2 AD with Hessian training,39861,1309,13,0.0280701629817485,0.1167306452989578
EquiformerV2 AD with Hessian training,9436,1310,14,0.0087604913860559,0.103208377957344
EquiformerV2 AD with Hessian training,914,1311,12,0.0337819680571556,0.0894559696316719
EquiformerV2 AD with Hessian training,25152,1312,14,0.003198453458026,0.0171228758990764
EquiformerV2 AD with Hessian training,47361,1313,19,0.0027716443873941,0.0126729430630803
EquiformerV2 AD with Hessian training,25359,1314,19,0.0080430768430233,0.0210094451904296
EquiformerV2 AD with Hessian training,2056,1315,14,0.0133160594850778,0.0421201288700103
EquiformerV2 AD with Hessian training,32413,1316,10,0.0696403235197067,0.3099620938301086
EquiformerV2 AD with Hessian training,2091,1317,12,0.017037684097886,0.0802538841962814
EquiformerV2 AD with Hessian training,37515,1318,16,0.0066815186291933,0.0328068807721138
EquiformerV2 AD with Hessian training,5870,1319,14,0.0588884875178337,0.1051630675792694
EquiformerV2 AD with Hessian training,24951,1320,10,0.0176807176321744,0.1521310657262802
EquiformerV2 AD with Hessian training,1143,1321,17,0.006847649347037,0.0307076964527368
EquiformerV2 AD with Hessian training,48778,1322,16,0.0048160161823034,0.0234090182930231
EquiformerV2 AD with Hessian training,11061,1323,15,0.0077146533876657,0.0380455255508422
EquiformerV2 AD with Hessian training,3536,1324,17,0.0181685481220483,0.049279611557722
EquiformerV2 AD with Hessian training,29531,1325,19,0.0038736937567591,0.0148645341396331
EquiformerV2 AD with Hessian training,49788,1326,13,0.0039284350350499,0.0403573177754879
EquiformerV2 AD with Hessian training,26586,1327,12,0.0045588249340653,0.0350873805582523
EquiformerV2 AD with Hessian training,26485,1328,15,0.0018621027702465,0.0094527257606387
EquiformerV2 AD with Hessian training,27666,1329,13,0.0397786907851696,0.097838319838047
EquiformerV2 AD with Hessian training,20201,1330,15,0.0040420684963464,0.0263075232505798
EquiformerV2 AD with Hessian training,30924,1331,13,0.0047443695366382,0.0293245650827884
EquiformerV2 AD with Hessian training,43218,1332,16,0.0064574228599667,0.0251447763293981
EquiformerV2 AD with Hessian training,21008,1333,11,0.002804618095979,0.0267863571643829
EquiformerV2 AD with Hessian training,2663,1334,17,0.0026918237563222,0.0130669614300131
EquiformerV2 AD with Hessian training,24991,1335,13,0.0077119637280702,0.0377745851874351
EquiformerV2 AD with Hessian training,13630,1336,11,0.0045524383895099,0.0244321692734956
EquiformerV2 AD with Hessian training,34462,1337,17,0.0059942416846752,0.0282179173082113
EquiformerV2 AD with Hessian training,43869,1338,16,0.0079153180122375,0.0218895059078931
EquiformerV2 AD with Hessian training,22621,1339,9,0.0153765268623828,0.3921327888965606
EquiformerV2 AD with Hessian training,45626,1340,16,0.0078530199825763,0.0286840703338384
EquiformerV2 AD with Hessian training,30768,1341,13,0.008471006527543,0.0406977906823158
EquiformerV2 AD with Hessian training,26896,1342,13,0.0160455852746963,0.059920847415924
EquiformerV2 AD with Hessian training,31000,1343,21,0.0025098880287259,0.0132861267775297
EquiformerV2 AD with Hessian training,33178,1344,13,0.026194853708148,0.1203707456588745
EquiformerV2 AD with Hessian training,18499,1345,17,0.0049201790243387,0.0172134563326835
EquiformerV2 AD with Hessian training,7652,1346,5,0.0515081994235515,0.920569121837616
EquiformerV2 AD with Hessian training,47971,1347,10,0.0140959210693836,0.3915349841117859
EquiformerV2 AD with Hessian training,40227,1348,14,0.0048451898619532,0.049893420189619
EquiformerV2 AD with Hessian training,19904,1349,15,0.0241658594459295,0.0859431251883506
EquiformerV2 AD with Hessian training,20841,1350,12,0.0040810746140778,0.0253919120877981
EquiformerV2 AD with Hessian training,7565,1351,14,0.0138181364163756,0.1369784474372863
EquiformerV2 AD with Hessian training,43550,1352,15,0.0372265130281448,0.0742849558591842
EquiformerV2 AD with Hessian training,309,1353,15,0.0327432379126548,0.0674072802066803
EquiformerV2 AD with Hessian training,36893,1354,13,0.0059994044713675,0.0362742766737937
EquiformerV2 AD with Hessian training,39578,1355,11,0.0131025379523634,0.1483358889818191
EquiformerV2 AD with Hessian training,23815,1356,17,0.0084240650758147,0.0271864682435989
EquiformerV2 AD with Hessian training,30555,1357,13,0.0066823377273976,0.0414161197841167
EquiformerV2 AD with Hessian training,36813,1358,17,0.0251138694584369,0.0574213564395904
EquiformerV2 AD with Hessian training,1601,1359,15,0.0209095776081085,0.0538464002311229
EquiformerV2 AD with Hessian training,42329,1360,16,0.017926724627614,0.0731283202767372
EquiformerV2 AD with Hessian training,37694,1361,14,0.0088808191940188,0.0381379202008247
EquiformerV2 AD with Hessian training,1343,1362,9,0.0337323546409606,0.1565838754177093
EquiformerV2 AD with Hessian training,9187,1363,15,0.0059152306057512,0.0241372529417276
EquiformerV2 AD with Hessian training,21123,1364,13,0.0145253101363778,0.077612966299057
EquiformerV2 AD with Hessian training,9192,1365,9,0.0188010428100824,0.1081471517682075
EquiformerV2 AD with Hessian training,49522,1366,14,0.0161201357841491,0.1564356982707977
EquiformerV2 AD with Hessian training,41436,1367,14,0.0047295219264924,0.0310212485492229
EquiformerV2 AD with Hessian training,16120,1368,16,0.0170257724821567,0.0519745759665966
EquiformerV2 AD with Hessian training,45559,1369,13,0.0043084030039608,0.038249347358942
EquiformerV2 AD with Hessian training,3468,1370,12,0.002871110336855,0.0226896852254867
EquiformerV2 AD with Hessian training,44725,1371,15,0.0042491857893764,0.0637670010328292
EquiformerV2 AD with Hessian training,11171,1372,15,0.0101497340947389,0.0365110412240028
EquiformerV2 AD with Hessian training,5977,1373,17,0.0068743815645575,0.024974500760436
EquiformerV2 AD with Hessian training,35126,1374,11,0.0397723764181137,0.1096365675330162
EquiformerV2 AD with Hessian training,46013,1375,14,0.021766485646367,0.0530250295996665
EquiformerV2 AD with Hessian training,40751,1376,14,0.0079518985003232,0.0346158593893051
EquiformerV2 AD with Hessian training,42854,1377,14,0.0074369730427861,0.1185518279671669
EquiformerV2 AD with Hessian training,20295,1378,14,0.0034550847485661,0.0274117086082696
EquiformerV2 AD with Hessian training,20467,1379,14,0.0048913480713963,0.0492132380604743
EquiformerV2 AD with Hessian training,7393,1380,14,0.0091622928157448,0.0390779338777065
EquiformerV2 AD with Hessian training,19637,1381,16,0.0016970791621133,0.011677561327815
EquiformerV2 AD with Hessian training,11780,1382,21,0.0031800928991287,0.0113242547959089
EquiformerV2 AD with Hessian training,14750,1383,10,0.0180457755923271,0.1081066206097602
EquiformerV2 AD with Hessian training,23996,1384,15,0.0099729057401418,0.0435327962040901
EquiformerV2 AD with Hessian training,47266,1385,14,0.0154414493590593,0.0708939880132675
EquiformerV2 AD with Hessian training,2900,1386,15,0.0170423462986946,0.0602211914956569
EquiformerV2 AD with Hessian training,31482,1387,17,0.02151988632977,0.0616386383771896
EquiformerV2 AD with Hessian training,46554,1388,18,0.0170876700431108,0.0349938981235027
EquiformerV2 AD with Hessian training,5401,1389,14,0.0056922934018075,0.0294691305607557
EquiformerV2 AD with Hessian training,48883,1390,10,0.0096953157335519,0.0730665251612663
EquiformerV2 AD with Hessian training,13751,1391,12,0.0039277020841836,0.0210072919726371
EquiformerV2 AD with Hessian training,46923,1392,18,0.0336686372756958,0.0582144558429718
EquiformerV2 AD with Hessian training,21815,1393,13,0.0296221207827329,0.0795772150158882
EquiformerV2 AD with Hessian training,16184,1394,19,0.003156466409564,0.0133291957899928
EquiformerV2 AD with Hessian training,22218,1395,14,0.0021374761126935,0.0148345753550529
EquiformerV2 AD with Hessian training,34854,1396,21,0.007940680719912,0.0219411700963974
EquiformerV2 AD with Hessian training,40093,1397,13,0.0072944075800478,0.0366588979959487
EquiformerV2 AD with Hessian training,35161,1398,17,0.0107392705976963,0.0304116513580083
EquiformerV2 AD with Hessian training,6983,1399,12,0.0062882849015295,0.0412660017609596
EquiformerV2 AD with Hessian training,27814,1400,13,0.0045738867484033,0.0280996412038803
EquiformerV2 AD with Hessian training,44399,1401,15,0.0121889896690845,0.0498089455068111
EquiformerV2 AD with Hessian training,43344,1402,13,0.0264185909181833,0.0698808431625366
EquiformerV2 AD with Hessian training,14165,1403,21,0.0039665084332227,0.013115900568664
EquiformerV2 AD with Hessian training,30733,1404,13,0.0157215073704719,0.0723078250885009
EquiformerV2 AD with Hessian training,6812,1405,17,0.0088206026703119,0.0206838753074407
EquiformerV2 AD with Hessian training,20513,1406,14,0.0127891777083277,0.0481862127780914
EquiformerV2 AD with Hessian training,17002,1407,17,0.0029373362194746,0.0173358637839555
EquiformerV2 AD with Hessian training,49658,1408,15,0.020069520920515,0.0611376948654651
EquiformerV2 AD with Hessian training,48188,1409,13,0.0141726890578866,0.0479945614933967
EquiformerV2 AD with Hessian training,29897,1410,14,0.0213151052594184,0.0643799379467964
EquiformerV2 AD with Hessian training,14949,1411,11,0.0072532715275883,0.031944029033184
EquiformerV2 AD with Hessian training,9168,1412,16,0.0037758531980216,0.015901505947113
EquiformerV2 AD with Hessian training,8493,1413,9,0.0158004388213157,0.069909855723381
EquiformerV2 AD with Hessian training,46001,1414,11,0.0139879779890179,0.1392165422439575
EquiformerV2 AD with Hessian training,1675,1415,13,0.04344392567873,0.1086469590663909
EquiformerV2 AD with Hessian training,1341,1416,10,0.0100088696926832,0.0857530236244201
EquiformerV2 AD with Hessian training,11386,1417,15,0.009576017037034,0.0473273657262325
EquiformerV2 AD with Hessian training,25606,1418,12,0.0077428743243217,0.0461988560855388
EquiformerV2 AD with Hessian training,29752,1419,18,0.002795931417495,0.0139220412820577
EquiformerV2 AD with Hessian training,8092,1420,13,0.0126976147294044,0.048831183463335
EquiformerV2 AD with Hessian training,8546,1421,14,0.0630640387535095,0.112067773938179
EquiformerV2 AD with Hessian training,19342,1422,15,0.0239186771214008,0.066980056464672
EquiformerV2 AD with Hessian training,43261,1423,11,0.00308926589787,0.0214011203497648
EquiformerV2 AD with Hessian training,25875,1424,13,0.0294361785054206,0.0788231790065765
EquiformerV2 AD with Hessian training,43349,1425,16,0.0053292168304324,0.0213622823357582
EquiformerV2 AD with Hessian training,26206,1426,10,0.0094304652884602,0.0795502439141273
EquiformerV2 AD with Hessian training,44868,1427,14,0.0079457517713308,0.0363766886293888
EquiformerV2 AD with Hessian training,36713,1428,13,0.0182791892439126,0.0504334196448326
EquiformerV2 AD with Hessian training,45924,1429,17,0.0112020391970872,0.0261133965104818
EquiformerV2 AD with Hessian training,42806,1430,13,0.0122280893847346,0.0481702052056789
EquiformerV2 AD with Hessian training,3742,1431,13,0.0220724046230316,0.0696239024400711
EquiformerV2 AD with Hessian training,37053,1432,14,0.0058063794858753,0.0294073112308979
EquiformerV2 AD with Hessian training,29558,1433,15,0.0030557489953935,0.0197691936045885
EquiformerV2 AD with Hessian training,2603,1434,12,0.0156018482521176,0.0957344397902488
EquiformerV2 AD with Hessian training,11157,1435,11,0.0142085393890738,0.1205080449581146
EquiformerV2 AD with Hessian training,49897,1436,15,0.0046622338704764,0.063069187104702
EquiformerV2 AD with Hessian training,32221,1437,17,0.0103499041870236,0.0297987889498472
EquiformerV2 AD with Hessian training,43123,1438,12,0.0053732045926153,0.1427742093801498
EquiformerV2 AD with Hessian training,17388,1439,17,0.0056811058893799,0.0204388927668333
EquiformerV2 AD with Hessian training,11716,1440,15,0.0062089059501886,0.0529861338436603
EquiformerV2 AD with Hessian training,17240,1441,12,0.0163899902254343,0.0722980573773384
EquiformerV2 AD with Hessian training,13621,1442,14,0.0088966628536582,0.0476097017526626
EquiformerV2 AD with Hessian training,24843,1443,17,0.0024820032995194,0.0155441239476203
EquiformerV2 AD with Hessian training,19310,1444,12,0.0082837212830781,0.0469967238605022
EquiformerV2 AD with Hessian training,31346,1445,14,0.0047274054959416,0.0223997235298156
EquiformerV2 AD with Hessian training,31455,1446,19,0.0395151786506176,0.0612788312137126
EquiformerV2 AD with Hessian training,17869,1447,15,0.0103324577212333,0.0549956113100051
EquiformerV2 AD with Hessian training,14501,1448,15,0.0211151968687772,0.0714114308357238
EquiformerV2 AD with Hessian training,45877,1449,19,0.0031621190719306,0.0131722148507833
EquiformerV2 AD with Hessian training,37115,1450,15,0.0094355912879109,0.0379209145903587
EquiformerV2 AD with Hessian training,29907,1451,19,0.0128937326371669,0.0350046642124652
EquiformerV2 AD with Hessian training,8851,1452,14,0.0038604065775871,0.0165381599217653
EquiformerV2 AD with Hessian training,26035,1453,11,0.0082204341888427,0.0559915229678154
EquiformerV2 AD with Hessian training,33694,1454,12,0.0181426666676998,0.0587566681206226
EquiformerV2 AD with Hessian training,9590,1455,12,0.0058477926068007,0.0474642403423786
EquiformerV2 AD with Hessian training,14997,1456,14,0.0077725565060973,0.0374029427766799
EquiformerV2 AD with Hessian training,10424,1457,19,0.0026515764184296,0.0139050325378775
EquiformerV2 AD with Hessian training,36831,1458,15,0.0031254438217729,0.0174261536449193
EquiformerV2 AD with Hessian training,2332,1459,10,0.0053773298859596,0.0799335911870002
EquiformerV2 AD with Hessian training,17880,1460,15,0.003243611427024,0.0211080554872751
EquiformerV2 AD with Hessian training,1351,1461,7,0.0181510001420974,0.5327848792076111
EquiformerV2 AD with Hessian training,6688,1462,13,0.0084829311817884,0.0366388708353042
EquiformerV2 AD with Hessian training,28682,1463,16,0.04500013589859,0.0972976684570312
EquiformerV2 AD with Hessian training,23118,1464,14,0.0103496899828314,0.0487287417054176
EquiformerV2 AD with Hessian training,5770,1465,12,0.0131892831996083,0.0683749020099639
EquiformerV2 AD with Hessian training,48867,1466,14,0.0181178599596023,0.0674963667988777
EquiformerV2 AD with Hessian training,4511,1467,19,0.0092721711844205,0.0220268946141004
EquiformerV2 AD with Hessian training,42943,1468,9,0.0135940602049231,0.1559188067913055
EquiformerV2 AD with Hessian training,45445,1469,11,0.0228699930012226,0.0627971962094307
EquiformerV2 AD with Hessian training,16654,1470,11,0.0529167689383029,0.2163968384265899
EquiformerV2 AD with Hessian training,46752,1471,14,0.0033617769367992,0.018150633201003
EquiformerV2 AD with Hessian training,29668,1472,12,0.0108973002061247,0.0476024597883224
EquiformerV2 AD with Hessian training,9125,1473,21,0.001983719645068,0.0084581226110458
EquiformerV2 AD with Hessian training,24553,1474,16,0.0093348259106278,0.0421860702335834
EquiformerV2 AD with Hessian training,15588,1475,9,0.0289503708481788,0.2555057108402252
EquiformerV2 AD with Hessian training,16458,1476,13,0.0043406845070421,0.0311215203255414
EquiformerV2 AD with Hessian training,32439,1477,15,0.0203783754259347,0.0672941654920578
EquiformerV2 AD with Hessian training,7489,1478,13,0.0135462787002325,0.0612877570092678
EquiformerV2 AD with Hessian training,47740,1479,9,0.0254683811217546,0.422488272190094
EquiformerV2 AD with Hessian training,48206,1480,14,0.0099655902013182,0.0396134182810783
EquiformerV2 AD with Hessian training,36958,1481,11,0.0085477279499173,0.0534195639193058
EquiformerV2 AD with Hessian training,39219,1482,14,0.0181550309062004,0.0632160156965255
EquiformerV2 AD with Hessian training,5380,1483,9,0.0076854028739035,0.1022306829690933
EquiformerV2 AD with Hessian training,41970,1484,15,0.0188555512577295,0.0497557707130909
EquiformerV2 AD with Hessian training,16988,1485,19,0.0187692511826753,0.0453306809067726
EquiformerV2 AD with Hessian training,3406,1486,11,0.0054763969965279,0.1360743939876556
EquiformerV2 AD with Hessian training,47520,1487,13,0.0041746711358428,0.0304984878748655
EquiformerV2 AD with Hessian training,10740,1488,10,0.0601262710988521,0.224575936794281
EquiformerV2 AD with Hessian training,17565,1489,15,0.0040387916378676,0.021665571257472
EquiformerV2 AD with Hessian training,16314,1490,9,0.0071923192590475,0.3861929476261139
EquiformerV2 AD with Hessian training,46349,1491,14,0.003649195190519,0.0193459037691354
EquiformerV2 AD with Hessian training,50122,1492,15,0.0083065899088978,0.0310395825654268
EquiformerV2 AD with Hessian training,2221,1493,13,0.0252096038311719,0.0769970640540123
EquiformerV2 AD with Hessian training,41517,1494,12,0.0443517118692398,0.1273411810398101
EquiformerV2 AD with Hessian training,2893,1495,16,0.0142541183158755,0.0582748726010322
EquiformerV2 AD with Hessian training,8455,1496,15,0.0614240244030952,0.1500802040100097
EquiformerV2 AD with Hessian training,24297,1497,10,0.0185568258166313,0.3881646692752838
EquiformerV2 AD with Hessian training,16404,1498,17,0.0024436614476144,0.0152944074943661
EquiformerV2 AD with Hessian training,19632,1499,17,0.0117040295153856,0.0331615358591079
EquiformerV2 AD with Hessian training,48910,1500,15,0.0032673552632331,0.0167325902730226
EquiformerV2 AD with Hessian training,28315,1501,11,0.0306764841079711,0.1213103681802749
EquiformerV2 AD with Hessian training,28737,1502,11,0.0049307961016893,0.0310462061315774
EquiformerV2 AD with Hessian training,25631,1503,13,0.0025994474999606,0.0141259804368019
EquiformerV2 AD with Hessian training,49446,1504,13,0.0144700305536389,0.0661457031965255
EquiformerV2 AD with Hessian training,21797,1505,12,0.0256557222455739,0.1125586703419685
EquiformerV2 AD with Hessian training,10101,1506,15,0.010546919889748,0.0520745776593685
EquiformerV2 AD with Hessian training,34518,1507,12,0.0075974590145051,0.07770486921072
EquiformerV2 AD with Hessian training,20867,1508,18,0.0029618050903081,0.016003718599677
EquiformerV2 AD with Hessian training,232,1509,17,0.0032990109175443,0.0151218557730317
EquiformerV2 AD with Hessian training,2298,1510,16,0.0087756682187318,0.0269441343843936
EquiformerV2 AD with Hessian training,695,1511,17,0.0046219234354794,0.019554529339075
EquiformerV2 AD with Hessian training,5712,1512,15,0.0120016736909747,0.0336234755814075
EquiformerV2 AD with Hessian training,35746,1513,11,0.009868630208075,0.0576257482171058
EquiformerV2 AD with Hessian training,18273,1514,13,0.0055111730471253,0.0290983188897371
EquiformerV2 AD with Hessian training,19627,1515,10,0.0272754337638616,0.1802663207054138
EquiformerV2 AD with Hessian training,42674,1516,16,0.0300945173949003,0.0846437290310859
EquiformerV2 AD with Hessian training,1736,1517,10,0.0538359507918357,0.268661767244339
EquiformerV2 AD with Hessian training,30931,1518,12,0.009782456792891,0.0431056804955005
EquiformerV2 AD with Hessian training,47974,1519,14,0.0096972249448299,0.1089795678853988
EquiformerV2 AD with Hessian training,18081,1520,12,0.0027832405176013,0.0278168637305498
EquiformerV2 AD with Hessian training,4015,1521,18,0.0014087178278714,0.0079469932243227
EquiformerV2 AD with Hessian training,41218,1522,19,0.0023305159993469,0.0106179816648364
EquiformerV2 AD with Hessian training,12138,1523,16,0.0074130883440375,0.0337643213570117
EquiformerV2 AD with Hessian training,18752,1524,15,0.0025565274991095,0.0172516964375972
EquiformerV2 AD with Hessian training,15705,1525,11,0.0325920432806015,0.1369384676218032
EquiformerV2 AD with Hessian training,11956,1526,13,0.0047296872362494,0.0276627112179994
EquiformerV2 AD with Hessian training,44455,1527,15,0.0176917556673288,0.0778226554393768
EquiformerV2 AD with Hessian training,19541,1528,16,0.0036626812070608,0.0124684339389204
EquiformerV2 AD with Hessian training,16442,1529,5,0.0102678546682,0.5333390831947327
EquiformerV2 AD with Hessian training,8011,1530,16,0.0072152051143348,0.0273128952831029
EquiformerV2 AD with Hessian training,9292,1531,16,0.0059320032596588,0.0213797111064195
EquiformerV2 AD with Hessian training,25349,1532,19,0.0579573363065719,0.101343847811222
EquiformerV2 AD with Hessian training,30066,1533,16,0.0056115998886525,0.0262716058641672
EquiformerV2 AD with Hessian training,24502,1534,11,0.0095448987558484,0.1036399379372596
EquiformerV2 AD with Hessian training,5553,1535,14,0.0753271505236625,0.1406659185886383
EquiformerV2 AD with Hessian training,50288,1536,12,0.0064281127415597,0.0368954688310623
EquiformerV2 AD with Hessian training,34570,1537,10,0.0075649316422641,0.1641650646924972
EquiformerV2 AD with Hessian training,22163,1538,11,0.0072212778031826,0.0597251690924167
EquiformerV2 AD with Hessian training,50147,1539,11,0.0046110777184367,0.0312443394213914
EquiformerV2 AD with Hessian training,18602,1540,15,0.0137323625385761,0.0491820909082889
EquiformerV2 AD with Hessian training,28763,1541,14,0.0092746429145336,0.040584810078144
EquiformerV2 AD with Hessian training,6263,1542,12,0.0071741258725523,0.0314122252166271
EquiformerV2 AD with Hessian training,31135,1543,15,0.0240814536809921,0.0724525600671768
EquiformerV2 AD with Hessian training,35383,1544,14,0.0235797278583049,0.0669060051441192
EquiformerV2 AD with Hessian training,15377,1545,14,0.029558615759015,0.1087152585387229
EquiformerV2 AD with Hessian training,35097,1546,15,0.0089991902932524,0.0402892902493476
EquiformerV2 AD with Hessian training,27544,1547,11,0.0060569182969629,0.0405693128705024
EquiformerV2 AD with Hessian training,1074,1548,11,0.0169506911188364,0.0641567781567573
EquiformerV2 AD with Hessian training,45712,1549,19,0.0087802112102508,0.0232940930873155
EquiformerV2 AD with Hessian training,13758,1550,14,0.024434121325612,0.0706721171736717
EquiformerV2 AD with Hessian training,1590,1551,10,0.00833270419389,0.0517425388097763
EquiformerV2 AD with Hessian training,21098,1552,13,0.0282710213214159,0.0751961097121238
EquiformerV2 AD with Hessian training,15150,1553,14,0.0037880449090152,0.0223914571106433
EquiformerV2 AD with Hessian training,35841,1554,12,0.0156020736321806,0.0727114453911781
EquiformerV2 AD with Hessian training,31267,1555,19,0.0033719076309353,0.0113200647756457
EquiformerV2 AD with Hessian training,8661,1556,18,0.0035324527416378,0.0137084666639566
EquiformerV2 AD with Hessian training,21278,1557,15,0.009708160534501,0.0495498888194561
EquiformerV2 AD with Hessian training,2292,1558,14,0.005936277564615,0.0429831519722938
EquiformerV2 AD with Hessian training,31350,1559,18,0.0057938583195209,0.0226067826151847
EquiformerV2 AD with Hessian training,37534,1560,19,0.0047832853160798,0.01934808306396
EquiformerV2 AD with Hessian training,27315,1561,14,0.0066060135141015,0.0395885147154331
EquiformerV2 AD with Hessian training,45241,1562,17,0.0172878000885248,0.0512023717164993
EquiformerV2 AD with Hessian training,44388,1563,17,0.0058964546769857,0.0167706310749053
EquiformerV2 AD with Hessian training,20678,1564,11,0.0175498649477958,0.1114164218306541
EquiformerV2 AD with Hessian training,5800,1565,19,0.0018706105183809,0.0136618083342909
EquiformerV2 AD with Hessian training,8390,1566,17,0.0130634158849716,0.0359041169285774
EquiformerV2 AD with Hessian training,27055,1567,15,0.0058796140365302,0.0218147244304418
EquiformerV2 AD with Hessian training,17274,1568,13,0.0309941712766885,0.0585574097931385
EquiformerV2 AD with Hessian training,3546,1569,14,0.0025697825476527,0.017610041424632
EquiformerV2 AD with Hessian training,5329,1570,17,0.0022708785254508,0.0145394522696733
EquiformerV2 AD with Hessian training,37354,1571,7,0.0159186106175184,0.1279428154230117
EquiformerV2 AD with Hessian training,21233,1572,13,0.0046362881548702,0.0314749591052532
EquiformerV2 AD with Hessian training,13924,1573,12,0.0106832906603813,0.0845649018883705
EquiformerV2 AD with Hessian training,3683,1574,10,0.0224690828472375,0.2121886312961578
EquiformerV2 AD with Hessian training,29159,1575,11,0.0080160070210695,0.057514164596796
EquiformerV2 AD with Hessian training,32698,1576,14,0.0053049339912831,0.0320003032684326
EquiformerV2 AD with Hessian training,48158,1577,13,0.0064416010864079,0.0402331240475177
EquiformerV2 AD with Hessian training,18457,1578,12,0.010353204794228,0.0436503738164901
EquiformerV2 AD with Hessian training,46938,1579,15,0.0075420304201543,0.0311655309051275
EquiformerV2 AD with Hessian training,30407,1580,12,0.0309338103979825,0.0848327130079269
EquiformerV2 AD with Hessian training,18625,1581,14,0.003541589481756,0.025431752204895
EquiformerV2 AD with Hessian training,995,1582,17,0.0087543157860636,0.028284091502428
EquiformerV2 AD with Hessian training,14409,1583,13,0.0054019037634134,0.0240291971713304
EquiformerV2 AD with Hessian training,16861,1584,11,0.0061740931123495,0.0392322428524494
EquiformerV2 AD with Hessian training,23014,1585,12,0.0335883386433124,0.1030604764819145
EquiformerV2 AD with Hessian training,36534,1586,17,0.0057536507956683,0.022499831393361
EquiformerV2 AD with Hessian training,15912,1587,10,0.0075982613489031,0.0707622021436691
EquiformerV2 AD with Hessian training,9002,1588,15,0.008232420310378,0.0293248370289802
EquiformerV2 AD with Hessian training,27294,1589,10,0.0060789627023041,0.0763527378439903
EquiformerV2 AD with Hessian training,27819,1590,13,0.0104119423776865,0.0534986928105354
EquiformerV2 AD with Hessian training,32986,1591,15,0.0271198190748691,0.0842939764261245
EquiformerV2 AD with Hessian training,19571,1592,15,0.0027486397884786,0.0203368421643972
EquiformerV2 AD with Hessian training,27473,1593,17,0.0135356495156884,0.0311713237315416
EquiformerV2 AD with Hessian training,42359,1594,21,0.0026093604974448,0.0100151607766747
EquiformerV2 AD with Hessian training,27407,1595,16,0.0225726049393415,0.0711878538131713
EquiformerV2 AD with Hessian training,31839,1596,10,0.0153707647696137,0.0885265991091728
EquiformerV2 AD with Hessian training,24714,1597,13,0.0612085312604904,0.1530099809169769
EquiformerV2 AD with Hessian training,19363,1598,13,0.005915040615946,0.1215440779924392
EquiformerV2 AD with Hessian training,48200,1599,16,0.0103590842336416,0.0332955904304981
EquiformerV2 AD with Hessian training,50739,1600,13,0.0344470180571079,0.1076219677925109
EquiformerV2 AD with Hessian training,9179,1601,10,0.0131397927179932,0.1215018928050994
EquiformerV2 AD with Hessian training,36219,1602,12,0.0097698960453271,0.039157286286354
EquiformerV2 AD with Hessian training,38749,1603,12,0.0059615150094032,0.031026704236865
EquiformerV2 AD with Hessian training,43439,1604,13,0.0246366504579782,0.0620175153017044
EquiformerV2 AD with Hessian training,43543,1605,13,0.0116440169513225,0.0436191409826278
EquiformerV2 AD with Hessian training,49475,1606,16,0.0067382790148258,0.0285086836665868
EquiformerV2 AD with Hessian training,4515,1607,15,0.0193624254316091,0.0758992135524749
EquiformerV2 AD with Hessian training,44697,1608,10,0.0458085164427757,0.1308591812849044
EquiformerV2 AD with Hessian training,2976,1609,9,0.0315524265170097,0.3196107745170593
EquiformerV2 AD with Hessian training,16446,1610,10,0.0087784631177783,0.0698290690779686
EquiformerV2 AD with Hessian training,14002,1611,19,0.005106883123517,0.0221626628190279
EquiformerV2 AD with Hessian training,942,1612,13,0.0149846840649843,0.0553987771272659
EquiformerV2 AD with Hessian training,45405,1613,16,0.0088096763938665,0.0262127351015806
EquiformerV2 AD with Hessian training,14829,1614,11,0.0328514948487281,0.3038654625415802
EquiformerV2 AD with Hessian training,26541,1615,15,0.0159755703061819,0.0624500699341297
EquiformerV2 AD with Hessian training,7838,1616,14,0.0075636082328855,0.0308324582874774
EquiformerV2 AD with Hessian training,2600,1617,18,0.0052194497548043,0.0204506237059831
EquiformerV2 AD with Hessian training,938,1618,17,0.0237781517207622,0.0407038778066635
EquiformerV2 AD with Hessian training,12120,1619,18,0.0025127534754574,0.0103037767112255
EquiformerV2 AD with Hessian training,44056,1620,16,0.0102130128070712,0.0240770112723112
EquiformerV2 AD with Hessian training,28232,1621,16,0.005388711579144,0.0234858561307191
EquiformerV2 AD with Hessian training,40297,1622,9,0.0147729460150003,0.1678937375545501
EquiformerV2 AD with Hessian training,8688,1623,11,0.0181976463645696,0.0653164014220237
EquiformerV2 AD with Hessian training,8597,1624,16,0.0072001917287707,0.028777165338397
EquiformerV2 AD with Hessian training,23428,1625,13,0.0217137821018695,0.0806688070297241
EquiformerV2 AD with Hessian training,25802,1626,18,0.0349363461136817,0.0632650330662727
EquiformerV2 AD with Hessian training,4834,1627,15,0.0050480696372687,0.0244653783738613
EquiformerV2 AD with Hessian training,43866,1628,10,0.02186169475317,0.1344926804304123
EquiformerV2 AD with Hessian training,30077,1629,14,0.0160903129726648,0.0414420329034328
EquiformerV2 AD with Hessian training,33426,1630,17,0.0088339103385806,0.0232608169317245
EquiformerV2 AD with Hessian training,26400,1631,18,0.0024561823811382,0.0083003714680671
EquiformerV2 AD with Hessian training,23443,1632,9,0.038112286478281,0.1465213745832443
EquiformerV2 AD with Hessian training,47781,1633,19,0.1489365547895431,0.1146577149629592
EquiformerV2 AD with Hessian training,16166,1634,16,0.0034355390816926,0.0162772089242935
EquiformerV2 AD with Hessian training,43272,1635,14,0.0068710860796272,0.0337686873972415
EquiformerV2 AD with Hessian training,36036,1636,17,0.0031652129255235,0.0150398714467883
EquiformerV2 AD with Hessian training,42841,1637,13,0.0271007195115089,0.0780322700738906
EquiformerV2 AD with Hessian training,42888,1638,16,0.0196556281298398,0.0536646731197834
EquiformerV2 AD with Hessian training,25656,1639,11,0.0128234103322029,0.0952489525079727
EquiformerV2 AD with Hessian training,14619,1640,11,0.0036372407339513,0.0439169034361839
EquiformerV2 AD with Hessian training,39975,1641,15,0.0441264919936656,0.1037910431623458
EquiformerV2 AD with Hessian training,18422,1642,8,0.0105439377948641,0.313195139169693
EquiformerV2 AD with Hessian training,23991,1643,13,0.0107840243726968,0.0569618940353393
EquiformerV2 AD with Hessian training,10084,1644,14,0.0139457657933235,0.0515048131346702
EquiformerV2 AD with Hessian training,15926,1645,10,0.0990659445524215,0.1886336952447891
EquiformerV2 AD with Hessian training,49898,1646,16,0.0400924496352672,0.0644083395600318
EquiformerV2 AD with Hessian training,42640,1647,11,0.0335667207837104,0.123124711215496
EquiformerV2 AD with Hessian training,18648,1648,21,0.0069060358218848,0.0236287713050842
EquiformerV2 AD with Hessian training,21963,1649,12,0.0324236154556274,0.1121495068073272
EquiformerV2 AD with Hessian training,30474,1650,12,0.0138772837817668,0.0727812796831131
EquiformerV2 AD with Hessian training,15330,1651,16,0.0022666824515908,0.0145228523761034
EquiformerV2 AD with Hessian training,29469,1652,19,0.0089532071724534,0.0259509216994047
EquiformerV2 AD with Hessian training,13192,1653,19,0.0081526255235075,0.0199650302529335
EquiformerV2 AD with Hessian training,41641,1654,13,0.0203589424490928,0.07481300085783
EquiformerV2 AD with Hessian training,29777,1655,15,0.0091614760458469,0.0371356792747974
EquiformerV2 AD with Hessian training,34921,1656,14,0.0083373831585049,0.0426546894013881
EquiformerV2 AD with Hessian training,35649,1657,17,0.0129009000957012,0.0357289686799049
EquiformerV2 AD with Hessian training,6154,1658,12,0.007003977894783,0.0473916754126548
EquiformerV2 AD with Hessian training,20666,1659,15,0.0053317109122872,0.0221287943422794
EquiformerV2 AD with Hessian training,26246,1660,17,0.0079352352768182,0.035255778580904
EquiformerV2 AD with Hessian training,20203,1661,12,0.0196563843637704,0.1150873675942421
EquiformerV2 AD with Hessian training,33749,1662,10,0.036410417407751,0.2116306573152542
EquiformerV2 AD with Hessian training,13267,1663,16,0.0033399972598999,0.023499084636569
EquiformerV2 AD with Hessian training,14790,1664,14,0.0039049289189279,0.0209399163722991
EquiformerV2 AD with Hessian training,23772,1665,13,0.0498053431510925,0.0906761065125465
EquiformerV2 AD with Hessian training,40097,1666,9,0.0063759894110262,0.0824595689773559
EquiformerV2 AD with Hessian training,30731,1667,14,0.0028181388042867,0.0208815410733222
EquiformerV2 AD with Hessian training,40378,1668,17,0.0077158003114163,0.0252111740410327
EquiformerV2 AD with Hessian training,2160,1669,12,0.009316973388195,0.0440803058445453
EquiformerV2 AD with Hessian training,45293,1670,16,0.0051990542560815,0.0265385005623102
EquiformerV2 AD with Hessian training,8640,1671,15,0.018360685557127,0.0641658902168273
EquiformerV2 AD with Hessian training,47907,1672,21,0.0027413587085902,0.0098577113822102
EquiformerV2 AD with Hessian training,22519,1673,10,0.0165082924067974,0.1134727522730827
EquiformerV2 AD with Hessian training,44430,1674,13,0.0334560275077819,0.104647971689701
EquiformerV2 AD with Hessian training,10310,1675,10,0.0177275650203228,0.1732298731803894
EquiformerV2 AD with Hessian training,5386,1676,19,0.0026058715302497,0.0124987186864018
EquiformerV2 AD with Hessian training,28079,1677,15,0.0019922170322388,0.0161596313118934
EquiformerV2 AD with Hessian training,19619,1678,13,0.0225039441138505,0.0863116681575775
EquiformerV2 AD with Hessian training,16585,1679,10,0.042012732475996,0.1321540176868438
EquiformerV2 AD with Hessian training,88,1680,13,0.0380341634154319,0.0932842418551445
EquiformerV2 AD with Hessian training,10150,1681,9,0.0102891325950622,0.1090742796659469
EquiformerV2 AD with Hessian training,50182,1682,14,0.0146173890680074,0.0540756024420261
EquiformerV2 AD with Hessian training,17523,1683,17,0.0057381908409297,0.0154694402590394
EquiformerV2 AD with Hessian training,25674,1684,15,0.0125031974166631,0.0464024916291236
EquiformerV2 AD with Hessian training,48988,1685,14,0.0051747602410614,0.027047986164689
EquiformerV2 AD with Hessian training,19171,1686,13,0.0171764176338911,0.1087141633033752
EquiformerV2 AD with Hessian training,50369,1687,10,0.3909814953804016,1.635749578475952
EquiformerV2 AD with Hessian training,15956,1688,16,0.0681191384792327,0.0998663380742073
EquiformerV2 AD with Hessian training,7303,1689,10,0.0114571787416934,0.3029627501964569
EquiformerV2 AD with Hessian training,47623,1690,14,0.0484222695231437,0.0986101999878883
EquiformerV2 AD with Hessian training,33327,1691,11,0.0265821292996406,0.1136918291449546
EquiformerV2 AD with Hessian training,49271,1692,16,0.0016307572368532,0.0114392628893256
EquiformerV2 AD with Hessian training,4479,1693,14,0.0064833052456378,0.0328460559248924
EquiformerV2 AD with Hessian training,38376,1694,14,0.0082158464938402,0.0495669655501842
EquiformerV2 AD with Hessian training,30955,1695,15,0.0047059352509677,0.0201914627104997
EquiformerV2 AD with Hessian training,3720,1696,17,0.0109878713265061,0.0413396507501602
EquiformerV2 AD with Hessian training,38720,1697,11,0.0039496682584285,0.0292161926627159
EquiformerV2 AD with Hessian training,45340,1698,16,0.0046997047029435,0.0227226093411445
EquiformerV2 AD with Hessian training,29220,1699,12,0.0127273658290505,0.0455531738698482
EquiformerV2 AD with Hessian training,10848,1700,16,0.0036622988991439,0.0444260835647583
EquiformerV2 AD with Hessian training,28486,1701,15,0.015243262052536,0.0517039112746715
EquiformerV2 AD with Hessian training,45014,1702,17,0.0074416440911591,0.0485511757433414
EquiformerV2 AD with Hessian training,37664,1703,16,0.0034739598631858,0.0222289748489856
EquiformerV2 AD with Hessian training,16922,1704,16,0.0030146620701998,0.0125441653653979
EquiformerV2 AD with Hessian training,26672,1705,14,0.005631900858134,0.059586688876152
EquiformerV2 AD with Hessian training,28206,1706,11,0.00845308881253,0.1301045268774032
EquiformerV2 AD with Hessian training,12621,1707,14,0.0045292880386114,0.0330321416258811
EquiformerV2 AD with Hessian training,12155,1708,9,0.0577294863760471,0.1651638597249984
EquiformerV2 AD with Hessian training,44842,1709,12,0.0444170422852039,0.117281787097454
EquiformerV2 AD with Hessian training,33730,1710,15,0.0062175071798264,0.0286394245922565
EquiformerV2 AD with Hessian training,19095,1711,15,0.0090414304286241,0.0417397581040859
EquiformerV2 AD with Hessian training,4600,1712,19,0.0033993383403867,0.0139014478772878
EquiformerV2 AD with Hessian training,16697,1713,11,0.0111150639131665,0.0524894706904888
EquiformerV2 AD with Hessian training,16967,1714,10,0.0093817161396145,0.1559231281280517
EquiformerV2 AD with Hessian training,19940,1715,19,0.0028105378150939,0.0126993097364902
EquiformerV2 AD with Hessian training,35259,1716,16,0.0138951633125543,0.0422774218022823
EquiformerV2 AD with Hessian training,31285,1717,16,0.0027694548480212,0.0123189287260174
EquiformerV2 AD with Hessian training,38439,1718,17,0.0143734030425548,0.0294161345809698
EquiformerV2 AD with Hessian training,8475,1719,15,0.0056641078554093,0.0466958992183208
EquiformerV2 AD with Hessian training,14641,1720,12,0.028597543016076,0.091665469110012
EquiformerV2 AD with Hessian training,15499,1721,13,0.0036097306292504,0.0153026953339576
EquiformerV2 AD with Hessian training,10214,1722,12,0.0148466862738132,0.0585376769304275
EquiformerV2 AD with Hessian training,34133,1723,12,0.0210323370993137,0.071127563714981
EquiformerV2 AD with Hessian training,39645,1724,13,0.0081680696457624,0.0332542136311531
EquiformerV2 AD with Hessian training,43198,1725,17,0.0067434604279696,0.0194022078067064
EquiformerV2 AD with Hessian training,6483,1726,13,0.0439775548875331,0.1098870635032653
EquiformerV2 AD with Hessian training,4779,1727,11,0.0125956442207098,0.2423024773597717
EquiformerV2 AD with Hessian training,703,1728,19,0.0056807240471243,0.0165172275155782
EquiformerV2 AD with Hessian training,15676,1729,17,0.005456636659801,0.0229876916855573
EquiformerV2 AD with Hessian training,48585,1730,14,0.0415781028568744,0.101437471807003
EquiformerV2 AD with Hessian training,48851,1731,17,0.0060885078273713,0.0268204417079687
EquiformerV2 AD with Hessian training,9026,1732,14,0.0267910733819007,0.063194140791893
EquiformerV2 AD with Hessian training,1681,1733,12,0.0193471349775791,0.0790144577622413
EquiformerV2 AD with Hessian training,36994,1734,13,0.0245366934686899,0.0680122748017311
EquiformerV2 AD with Hessian training,33676,1735,12,0.0045423842966556,0.0280017498880624
EquiformerV2 AD with Hessian training,23752,1736,16,0.0068128942511975,0.0255885478109121
EquiformerV2 AD with Hessian training,32686,1737,16,0.0104660801589488,0.0447794012725353
EquiformerV2 AD with Hessian training,15188,1738,13,0.0124562066048383,0.0471582673490047
EquiformerV2 AD with Hessian training,34003,1739,15,0.0091725038364529,0.044151846319437
EquiformerV2 AD with Hessian training,9259,1740,12,0.0112656680867075,0.0496935322880744
EquiformerV2 AD with Hessian training,43151,1741,15,0.0078273015096783,0.0366072207689285
EquiformerV2 AD with Hessian training,7675,1742,15,0.0145019944757223,0.0560810007154941
EquiformerV2 AD with Hessian training,7501,1743,11,0.0061430321075022,0.0408144518733024
EquiformerV2 AD with Hessian training,8417,1744,16,0.0027650098782032,0.0159930288791656
EquiformerV2 AD with Hessian training,40888,1745,15,0.0161061249673366,0.0528035089373588
EquiformerV2 AD with Hessian training,2655,1746,14,0.0089053101837635,0.0498677641153335
EquiformerV2 AD with Hessian training,49171,1747,14,0.0069775567390024,0.0461378395557403
EquiformerV2 AD with Hessian training,42186,1748,18,0.0148785132914781,0.0328202582895755
EquiformerV2 AD with Hessian training,33562,1749,13,0.0301524493843317,0.0808126032352447
EquiformerV2 AD with Hessian training,48009,1750,14,0.0161515846848487,0.0499374233186244
EquiformerV2 AD with Hessian training,4736,1751,17,0.0057605821639299,0.0235738847404718
EquiformerV2 AD with Hessian training,5261,1752,16,0.004464266821742,0.0202453397214412
EquiformerV2 AD with Hessian training,1010,1753,12,0.0031750109046697,0.0231678709387779
EquiformerV2 AD with Hessian training,20050,1754,16,0.0062221083790063,0.0218996554613113
EquiformerV2 AD with Hessian training,49971,1755,19,0.0147832399234175,0.0346980281174182
EquiformerV2 AD with Hessian training,39580,1756,10,0.005659760441631,0.0669574737548828
EquiformerV2 AD with Hessian training,6439,1757,10,0.0147419264540076,0.1360175311565399
EquiformerV2 AD with Hessian training,16656,1758,13,0.0175512041896581,0.0930116027593612
EquiformerV2 AD with Hessian training,21558,1759,13,0.0050517730414867,0.0231811329722404
EquiformerV2 AD with Hessian training,31075,1760,18,0.0031100008636713,0.0150811048224568
EquiformerV2 AD with Hessian training,1458,1761,10,0.0260899551212787,0.0868970453739166
EquiformerV2 AD with Hessian training,32024,1762,12,0.0248389560729265,0.0896991193294525
EquiformerV2 AD with Hessian training,43566,1763,17,0.0088421124964952,0.0302351880818605
EquiformerV2 AD with Hessian training,43968,1764,11,0.0128664346411824,0.0792129561305046
EquiformerV2 AD with Hessian training,26909,1765,11,0.0208575241267681,0.091395616531372
EquiformerV2 AD with Hessian training,44151,1766,10,0.0491705350577831,0.3571546971797943
EquiformerV2 AD with Hessian training,15464,1767,18,0.0135469492524862,0.0302054602652788
EquiformerV2 AD with Hessian training,49810,1768,16,0.0180691946297884,0.0576456524431705
EquiformerV2 AD with Hessian training,41353,1769,12,0.0073086437769234,0.0462529323995113
EquiformerV2 AD with Hessian training,14904,1770,16,0.0097426613792777,0.0270354505628347
EquiformerV2 AD with Hessian training,17461,1771,17,0.0243724528700113,0.0660438761115074
EquiformerV2 AD with Hessian training,41580,1772,11,0.0142745180055499,0.0967674180865287
EquiformerV2 AD with Hessian training,20175,1773,16,0.0051680784672498,0.0191021766513586
EquiformerV2 AD with Hessian training,26730,1774,10,0.0102977966889739,0.0685953572392463
EquiformerV2 AD with Hessian training,9106,1775,11,0.0142351193353533,0.0708963349461555
EquiformerV2 AD with Hessian training,11409,1776,12,0.0109715592116117,0.0456853508949279
EquiformerV2 AD with Hessian training,21322,1777,17,0.0027178896125406,0.0152821438387036
EquiformerV2 AD with Hessian training,48575,1778,16,0.0123369647189974,0.0407890938222408
EquiformerV2 AD with Hessian training,32877,1779,8,0.0330515876412391,0.1679776310920715
EquiformerV2 AD with Hessian training,43225,1780,14,0.0076014250516891,0.0239061433821916
EquiformerV2 AD with Hessian training,41311,1781,13,0.0075966883450746,0.0321140736341476
EquiformerV2 AD with Hessian training,4767,1782,17,0.006770534440875,0.0231890585273504
EquiformerV2 AD with Hessian training,22098,1783,13,0.0163333900272846,0.0399776995182037
EquiformerV2 AD with Hessian training,39070,1784,14,0.0150079391896724,0.0452311113476753
EquiformerV2 AD with Hessian training,3785,1785,12,0.0225692894309759,0.0896887108683586
EquiformerV2 AD with Hessian training,47253,1786,14,0.0080700172111392,0.0292787104845047
EquiformerV2 AD with Hessian training,30739,1787,13,0.0051184887997806,0.0322460979223251
EquiformerV2 AD with Hessian training,22048,1788,12,0.0071522868238389,0.0327362939715385
EquiformerV2 AD with Hessian training,16370,1789,11,0.0087491739541292,0.0536311976611614
EquiformerV2 AD with Hessian training,30504,1790,15,0.0068681798875331,0.0298162624239921
EquiformerV2 AD with Hessian training,39622,1791,10,0.0398102886974811,0.1150443404912948
EquiformerV2 AD with Hessian training,44042,1792,11,0.0234989877790212,0.200349748134613
EquiformerV2 AD with Hessian training,49735,1793,17,0.0058802906423807,0.0254792999476194
EquiformerV2 AD with Hessian training,45583,1794,10,0.0101401042193174,0.068949356675148
EquiformerV2 AD with Hessian training,29969,1795,13,0.0227882824838161,0.077136255800724
EquiformerV2 AD with Hessian training,27994,1796,16,0.0028327694162726,0.0137953860685229
EquiformerV2 AD with Hessian training,45025,1797,9,0.031879685819149,0.1604512929916381
EquiformerV2 AD with Hessian training,50722,1798,16,0.0188660528510808,0.0478577278554439
EquiformerV2 AD with Hessian training,32059,1799,12,0.0173530783504247,0.1120442301034927
EquiformerV2 AD with Hessian training,20442,1800,15,0.0208415389060974,0.0613564029335975
EquiformerV2 AD with Hessian training,15428,1801,16,0.0076392889022827,0.0243558585643768
EquiformerV2 AD with Hessian training,32198,1802,16,0.0050997138023376,0.030740151181817
EquiformerV2 AD with Hessian training,35706,1803,14,0.0171866081655025,0.0575954318046569
EquiformerV2 AD with Hessian training,395,1804,15,0.0050577553920447,0.0323155224323272
EquiformerV2 AD with Hessian training,17768,1805,12,0.0086064720526337,0.0415984913706779
EquiformerV2 AD with Hessian training,20755,1806,16,0.0044258954003453,0.0160357654094696
EquiformerV2 AD with Hessian training,23584,1807,12,0.008775619789958,0.0429053232073783
EquiformerV2 AD with Hessian training,38679,1808,14,0.03091886267066,0.1187484115362167
EquiformerV2 AD with Hessian training,27396,1809,14,0.0065306043252348,0.0361669473350048
EquiformerV2 AD with Hessian training,787,1810,15,0.0048554190434515,0.0296561177819967
EquiformerV2 AD with Hessian training,33887,1811,13,0.0405082404613494,0.0804175734519958
EquiformerV2 AD with Hessian training,7842,1812,19,0.0036617442965507,0.0161029938608407
EquiformerV2 AD with Hessian training,11496,1813,15,0.0207542963325977,0.05221763625741
EquiformerV2 AD with Hessian training,39909,1814,6,0.096896044909954,0.7021032571792603
EquiformerV2 AD with Hessian training,3451,1815,8,0.0518243126571178,0.3304344713687897
EquiformerV2 AD with Hessian training,6633,1816,13,0.0055917678400874,0.0389678739011287
EquiformerV2 AD with Hessian training,41225,1817,14,0.018846882507205,0.0729951933026313
EquiformerV2 AD with Hessian training,16445,1818,11,0.0095487907528877,0.0666199773550033
EquiformerV2 AD with Hessian training,40095,1819,11,0.0117906406521797,0.1004640460014343
EquiformerV2 AD with Hessian training,23154,1820,12,0.0042340504005551,0.0271879099309444
EquiformerV2 AD with Hessian training,39497,1821,14,0.0051404768601059,0.0365331061184406
EquiformerV2 AD with Hessian training,44707,1822,11,0.0203353632241487,0.1276522278785705
EquiformerV2 AD with Hessian training,34445,1823,12,0.0299930647015571,0.1693392544984817
EquiformerV2 AD with Hessian training,42264,1824,14,0.0113481041043996,0.069678246974945
EquiformerV2 AD with Hessian training,11134,1825,14,0.0094913747161626,0.0451359488070011
EquiformerV2 AD with Hessian training,37767,1826,12,0.0106105441227555,0.0517639480531215
EquiformerV2 AD with Hessian training,47142,1827,15,0.0073211989365518,0.0319333113729953
EquiformerV2 AD with Hessian training,24481,1828,12,0.0076381000690162,0.0353228151798248
EquiformerV2 AD with Hessian training,44327,1829,10,0.0094106160104274,0.0557651706039905
EquiformerV2 AD with Hessian training,31959,1830,15,0.0053926357068121,0.0697851404547691
EquiformerV2 AD with Hessian training,33925,1831,6,0.0224955473095178,0.650514543056488
EquiformerV2 AD with Hessian training,16995,1832,14,0.0036381967365741,0.02462088316679
EquiformerV2 AD with Hessian training,16735,1833,17,0.0111845592036843,0.0360066629946231
EquiformerV2 AD with Hessian training,13587,1834,13,0.0068412777036428,0.0355909131467342
EquiformerV2 AD with Hessian training,36823,1835,6,0.022867003455758,0.573282778263092
EquiformerV2 AD with Hessian training,48385,1836,13,0.0084323612973093,0.0616014078259468
EquiformerV2 AD with Hessian training,48921,1837,16,0.0071206740103662,0.0303809847682714
EquiformerV2 AD with Hessian training,38691,1838,12,0.0046015093103051,0.0250662341713905
EquiformerV2 AD with Hessian training,987,1839,15,0.0041105663403868,0.0232781376689672
EquiformerV2 AD with Hessian training,5917,1840,13,0.0282191131263971,0.0621111802756786
EquiformerV2 AD with Hessian training,33170,1841,10,0.004655975382775,0.0685412585735321
EquiformerV2 AD with Hessian training,39445,1842,15,0.0053052562288939,0.022151606157422
EquiformerV2 AD with Hessian training,3853,1843,13,0.0055649634450674,0.0391459316015243
EquiformerV2 AD with Hessian training,33401,1844,11,0.0144412601366639,0.0971555486321449
EquiformerV2 AD with Hessian training,43845,1845,16,0.0064520817250013,0.0283664371818304
EquiformerV2 AD with Hessian training,6261,1846,17,0.0074464967474341,0.022488435730338
EquiformerV2 AD with Hessian training,6959,1847,11,0.0151655385270714,0.0982889458537101
EquiformerV2 AD with Hessian training,3040,1848,19,0.0038333400152623,0.0145759414881467
EquiformerV2 AD with Hessian training,17578,1849,13,0.005377244669944,0.0271437019109725
EquiformerV2 AD with Hessian training,37610,1850,13,0.0500333271920681,0.0911983475089073
EquiformerV2 AD with Hessian training,29199,1851,16,0.0164553802460432,0.0542017631232738
EquiformerV2 AD with Hessian training,4745,1852,19,0.0086039118468761,0.0375513918697834
EquiformerV2 AD with Hessian training,30211,1853,12,0.0050914008170366,0.0389883071184158
EquiformerV2 AD with Hessian training,12927,1854,12,0.0070166918449103,0.0747259259223938
EquiformerV2 AD with Hessian training,14879,1855,11,0.0159569140523672,0.0815873444080352
EquiformerV2 AD with Hessian training,25560,1856,8,0.0397092513740062,0.2507914006710052
EquiformerV2 AD with Hessian training,42954,1857,12,0.0084863239899277,0.0872727409005165
EquiformerV2 AD with Hessian training,47572,1858,17,0.0081342570483684,0.03237209841609
EquiformerV2 AD with Hessian training,6719,1859,12,0.0070720412768423,0.0447728969156742
EquiformerV2 AD with Hessian training,45129,1860,16,0.0405593737959861,0.0572353601455688
EquiformerV2 AD with Hessian training,9930,1861,17,0.0052101942710578,0.0215481203049421
EquiformerV2 AD with Hessian training,27700,1862,12,0.012396365404129,0.0530092567205429
EquiformerV2 AD with Hessian training,36015,1863,17,0.0079343495890498,0.0239853672683239
EquiformerV2 AD with Hessian training,23435,1864,14,0.0252543464303016,0.0624166242778301
EquiformerV2 AD with Hessian training,16453,1865,15,0.0211732499301433,0.0527890957891941
EquiformerV2 AD with Hessian training,36159,1866,13,0.0138799995183944,0.0585353188216686
EquiformerV2 AD with Hessian training,20873,1867,13,0.0063833761960268,0.0551119893789291
EquiformerV2 AD with Hessian training,25096,1868,13,0.0043406840413808,0.0220015626400709
EquiformerV2 AD with Hessian training,10584,1869,15,0.0031019391026347,0.0201961696147918
EquiformerV2 AD with Hessian training,4838,1870,17,0.0191396754235029,0.0446030236780643
EquiformerV2 AD with Hessian training,36900,1871,12,0.0047799977473914,0.0423304103314876
EquiformerV2 AD with Hessian training,46346,1872,14,0.0159419160336256,0.0492116212844848
EquiformerV2 AD with Hessian training,8870,1873,10,0.0125500569120049,0.2425984740257263
EquiformerV2 AD with Hessian training,30017,1874,11,0.0103753823786973,0.0650131180882453
EquiformerV2 AD with Hessian training,26595,1875,14,0.0096480194479227,0.1180878728628158
EquiformerV2 AD with Hessian training,46384,1876,13,0.0032597100362181,0.0196468587964773
EquiformerV2 AD with Hessian training,32119,1877,16,0.0059169605374336,0.0251148045063018
EquiformerV2 AD with Hessian training,8585,1878,12,0.0093200970441102,0.1241421177983284
EquiformerV2 AD with Hessian training,4525,1879,15,0.0104950005188584,0.0368492007255554
EquiformerV2 AD with Hessian training,14497,1880,10,0.0328461192548275,0.291562020778656
EquiformerV2 AD with Hessian training,28014,1881,16,0.0211455412209033,0.044634535908699
EquiformerV2 AD with Hessian training,37538,1882,15,0.0029631324578076,0.0171636901795864
EquiformerV2 AD with Hessian training,14562,1883,13,0.0042480663396418,0.0448637120425701
EquiformerV2 AD with Hessian training,1080,1884,15,0.0086702741682529,0.0306234713643789
EquiformerV2 AD with Hessian training,26554,1885,15,0.0083499550819396,0.0247632171958684
EquiformerV2 AD with Hessian training,14021,1886,13,0.0286817159503698,0.1110215112566948
EquiformerV2 AD with Hessian training,47252,1887,11,0.0118724452331662,0.075702279806137
EquiformerV2 AD with Hessian training,30314,1888,15,0.014488304965198,0.0611961744725704
EquiformerV2 AD with Hessian training,24819,1889,8,0.0096676787361502,0.1064797639846801
EquiformerV2 AD with Hessian training,36963,1890,12,0.0198062267154455,0.0526152476668357
EquiformerV2 AD with Hessian training,38300,1891,16,0.0065838173031806,0.0360547304153442
EquiformerV2 AD with Hessian training,7688,1892,13,0.0060751312412321,0.0403626896440982
EquiformerV2 AD with Hessian training,33814,1893,10,0.0093932673335075,0.3344772160053253
EquiformerV2 AD with Hessian training,19992,1894,15,0.0058189458213746,0.0265073999762535
EquiformerV2 AD with Hessian training,29314,1895,10,0.0235472898930311,0.118834838271141
EquiformerV2 AD with Hessian training,47489,1896,9,0.0117425210773944,0.2738152146339416
EquiformerV2 AD with Hessian training,12814,1897,16,0.018217584118247,0.0548592917621135
EquiformerV2 AD with Hessian training,24421,1898,13,0.0084269372746348,0.0574139393866062
EquiformerV2 AD with Hessian training,42923,1899,11,0.0335037074983119,0.1029542684555053
EquiformerV2 AD with Hessian training,49143,1900,15,0.0200400054454803,0.0562912188470363
EquiformerV2 AD with Hessian training,11118,1901,12,0.0205138195306062,0.0852938890457153
EquiformerV2 AD with Hessian training,8616,1902,17,0.0052043511532247,0.0254614800214767
EquiformerV2 AD with Hessian training,27123,1903,16,0.0050811152905225,0.0201760027557611
EquiformerV2 AD with Hessian training,29198,1904,17,0.0198452752083539,0.0396431386470794
EquiformerV2 AD with Hessian training,14583,1905,11,0.0384159162640571,0.1140170320868492
EquiformerV2 AD with Hessian training,47856,1906,14,0.0071139023639261,0.0449924953281879
EquiformerV2 AD with Hessian training,33935,1907,16,0.0098733678460121,0.0338919833302497
EquiformerV2 AD with Hessian training,13885,1908,18,0.0173647943884134,0.0507934316992759
EquiformerV2 AD with Hessian training,6221,1909,11,0.0177783146500587,0.1866483390331268
EquiformerV2 AD with Hessian training,16809,1910,12,0.0043011493980884,0.0268210489302873
EquiformerV2 AD with Hessian training,38564,1911,14,0.0082819089293479,0.0604137368500232
EquiformerV2 AD with Hessian training,876,1912,14,0.0175401661545038,0.0496177412569522
EquiformerV2 AD with Hessian training,33034,1913,15,0.0036082454025745,0.0205717552453279
EquiformerV2 AD with Hessian training,29765,1914,15,0.0094173429533839,0.051682461053133
EquiformerV2 AD with Hessian training,35302,1915,14,0.0213541239500045,0.058868758380413
EquiformerV2 AD with Hessian training,30455,1916,13,0.0051583740860223,0.0329159311950206
EquiformerV2 AD with Hessian training,18313,1917,12,0.0040458054281771,0.0252837259322404
EquiformerV2 AD with Hessian training,14480,1918,16,0.0075035095214843,0.0329861752688884
EquiformerV2 AD with Hessian training,17866,1919,15,0.0084579586982727,0.0253913011401891
EquiformerV2 AD with Hessian training,39874,1920,14,0.0070958486758172,0.1173578202724456
EquiformerV2 AD with Hessian training,1835,1921,15,0.0247612278908491,0.065118134021759
EquiformerV2 AD with Hessian training,2741,1922,16,0.013767453841865,0.0533478707075119
EquiformerV2 AD with Hessian training,45542,1923,11,0.0044392691925168,0.1839006692171096
EquiformerV2 AD with Hessian training,31549,1924,13,0.0094723338261246,0.0452439561486244
EquiformerV2 AD with Hessian training,9545,1925,15,0.0203558467328548,0.0694327130913734
EquiformerV2 AD with Hessian training,45528,1926,14,0.0042158439755439,0.0315723866224288
EquiformerV2 AD with Hessian training,24985,1927,16,0.0278390273451805,0.0611290670931339
EquiformerV2 AD with Hessian training,9311,1928,12,0.0066020502708852,0.0363753698766231
EquiformerV2 AD with Hessian training,33162,1929,14,0.0391076505184173,0.1389780789613723
EquiformerV2 AD with Hessian training,20397,1930,16,0.0126634836196899,0.0493260771036148
EquiformerV2 AD with Hessian training,36057,1931,10,0.0256217736750841,0.1411733627319336
EquiformerV2 AD with Hessian training,25804,1932,14,0.0073353704065084,0.0339346081018447
EquiformerV2 AD with Hessian training,9942,1933,19,0.0455449745059013,0.0579360425472259
EquiformerV2 AD with Hessian training,19162,1934,11,0.0421723462641239,0.1379646509885788
EquiformerV2 AD with Hessian training,1326,1935,16,0.0233624782413244,0.0874481201171875
EquiformerV2 AD with Hessian training,7394,1936,12,0.0087134884670376,0.0508512817323207
EquiformerV2 AD with Hessian training,13721,1937,12,0.0213714689016342,0.0840901732444763
EquiformerV2 AD with Hessian training,9693,1938,21,0.0049627185799181,0.0172994583845138
EquiformerV2 AD with Hessian training,41255,1939,9,0.0419572480022907,0.2252055406570434
EquiformerV2 AD with Hessian training,832,1940,13,0.0107687851414084,0.0617354698479175
EquiformerV2 AD with Hessian training,45045,1941,11,0.0159849505871534,0.0964473560452461
EquiformerV2 AD with Hessian training,47393,1942,15,0.0225633308291435,0.0424901358783245
EquiformerV2 AD with Hessian training,8855,1943,11,0.0135391633957624,0.0721985772252082
EquiformerV2 AD with Hessian training,2432,1944,19,0.0037450403906404,0.0166657399386167
EquiformerV2 AD with Hessian training,44005,1945,14,0.0146786803379654,0.0693067908287048
EquiformerV2 AD with Hessian training,18492,1946,14,0.0056642573326826,0.0333617627620697
EquiformerV2 AD with Hessian training,11768,1947,16,0.0062115080654621,0.0223884209990501
EquiformerV2 AD with Hessian training,6335,1948,14,0.0174825116991996,0.0511991903185844
EquiformerV2 AD with Hessian training,8135,1949,11,0.0108393533155322,0.0671439096331596
EquiformerV2 AD with Hessian training,46379,1950,15,0.0049859900027513,0.0249904301017522
EquiformerV2 AD with Hessian training,49974,1951,14,0.0182393603026866,0.0791288390755653
EquiformerV2 AD with Hessian training,12878,1952,12,0.0038430930580943,0.0309881400316953
EquiformerV2 AD with Hessian training,28274,1953,18,0.0045319590717554,0.0205797236412763
EquiformerV2 AD with Hessian training,37994,1954,12,0.0071026533842086,0.0360290296375751
EquiformerV2 AD with Hessian training,7725,1955,16,0.0054254606366157,0.0228654090315103
EquiformerV2 AD with Hessian training,19737,1956,18,0.0338386185467243,0.0543936565518379
EquiformerV2 AD with Hessian training,15873,1957,10,0.0375465117394924,0.1970069110393524
EquiformerV2 AD with Hessian training,36186,1958,14,0.0126827955245971,0.0526472702622413
EquiformerV2 AD with Hessian training,15480,1959,16,0.007555085234344,0.0237461235374212
EquiformerV2 AD with Hessian training,40977,1960,12,0.008461364544928,0.0541740171611309
EquiformerV2 AD with Hessian training,19604,1961,14,0.0074541312642395,0.0394630916416645
EquiformerV2 AD with Hessian training,22405,1962,13,0.0040526124648749,0.040009468793869
EquiformerV2 AD with Hessian training,13303,1963,12,0.0029960605315864,0.0282006915658712
EquiformerV2 AD with Hessian training,27904,1964,21,0.007056925445795,0.0182869490236043
EquiformerV2 AD with Hessian training,1622,1965,16,0.0073656775057315,0.0242641363292932
EquiformerV2 AD with Hessian training,23722,1966,13,0.0092651341110467,0.0749891400337219
EquiformerV2 AD with Hessian training,44916,1967,14,0.0033283254597336,0.020493583753705
EquiformerV2 AD with Hessian training,22500,1968,10,0.0346234552562236,0.2385252565145492
EquiformerV2 AD with Hessian training,45003,1969,17,0.0170801877975463,0.0458101853728294
EquiformerV2 AD with Hessian training,49262,1970,12,0.0370664782822132,0.0870333686470985
EquiformerV2 AD with Hessian training,49555,1971,14,0.0138014797121286,0.0584819205105304
EquiformerV2 AD with Hessian training,9486,1972,17,0.0076813953928649,0.0274663120508193
EquiformerV2 AD with Hessian training,32711,1973,11,0.0433538034558296,0.1029581427574157
EquiformerV2 AD with Hessian training,4117,1974,14,0.0073287542909383,0.0478769615292549
EquiformerV2 AD with Hessian training,11455,1975,19,0.0030688699334859,0.0135023957118391
EquiformerV2 AD with Hessian training,5246,1976,17,0.0090972315520048,0.0324162580072879
EquiformerV2 AD with Hessian training,43976,1977,13,0.0411880649626255,0.1158210933208465
EquiformerV2 AD with Hessian training,9706,1978,13,0.019958795979619,0.0774773359298706
EquiformerV2 AD with Hessian training,9305,1979,12,0.0230994541198015,0.0739511922001838
EquiformerV2 AD with Hessian training,38080,1980,17,0.0116691570729017,0.0331239737570285
EquiformerV2 AD with Hessian training,32661,1981,19,0.0099786836653947,0.0205631125718355
EquiformerV2 AD with Hessian training,40279,1982,14,0.0139385545626282,0.0424331463873386
EquiformerV2 AD with Hessian training,24835,1983,15,0.004688314627856,0.0205137114971876
EquiformerV2 AD with Hessian training,27557,1984,17,0.0078908149152994,0.027001092210412
EquiformerV2 AD with Hessian training,42951,1985,16,0.0118326237425208,0.0383335277438163
EquiformerV2 AD with Hessian training,26065,1986,15,0.0062802918255329,0.0342242680490016
EquiformerV2 AD with Hessian training,44120,1987,10,0.0082887690514326,0.0511920675635337
EquiformerV2 AD with Hessian training,25630,1988,11,0.0062718130648136,0.0618869848549366
EquiformerV2 AD with Hessian training,50033,1989,16,0.0171314142644405,0.0493523888289928
EquiformerV2 AD with Hessian training,20431,1990,10,0.0110866222530603,0.1340423673391342
EquiformerV2 AD with Hessian training,9455,1991,9,0.0073880897834897,0.2614484131336212
EquiformerV2 AD with Hessian training,17698,1992,17,0.0052699074149131,0.0198418945074081
EquiformerV2 AD with Hessian training,25288,1993,14,0.0068646627478301,0.0270678680390119
EquiformerV2 AD with Hessian training,16892,1994,13,0.0077408659271895,0.0370182059705257
EquiformerV2 AD with Hessian training,32839,1995,9,0.0225234907120466,0.2218644618988037
EquiformerV2 AD with Hessian training,38789,1996,11,0.020450534299016,0.1159110143780708
EquiformerV2 AD with Hessian training,43475,1997,14,0.0169287305325269,0.0508831217885017
EquiformerV2 AD with Hessian training,37476,1998,5,0.0569505468010902,0.6849035024642944
EquiformerV2 AD with Hessian training,14217,1999,14,0.0028984167147427,0.0167618133127689
EquiformerV2 AD with Hessian training,10410,2000,14,0.0071800728328526,0.0323352441191673
EquiformerV2 AD with Hessian training,19012,2001,14,0.0037620919756591,0.0230355449020862
EquiformerV2 AD with Hessian training,29863,2002,15,0.0023519780952483,0.0199067033827304
EquiformerV2 AD with Hessian training,20391,2003,9,0.0273715648800134,0.1897195130586624
EquiformerV2 AD with Hessian training,24379,2004,11,0.006414845585823,0.0413523688912391
EquiformerV2 AD with Hessian training,4349,2005,14,0.0138946948572993,0.0554026588797569
EquiformerV2 AD with Hessian training,9761,2006,11,0.0390495024621486,0.1275427639484405
EquiformerV2 AD with Hessian training,20021,2007,14,0.0081407604739069,0.0291798096150159
EquiformerV2 AD with Hessian training,22932,2008,15,0.0090713016688823,0.0471795573830604
EquiformerV2 AD with Hessian training,6877,2009,14,0.0209070779383182,0.0607028603553772
EquiformerV2 AD with Hessian training,13064,2010,17,0.0019773263484239,0.0112215178087353
EquiformerV2 AD with Hessian training,23673,2011,18,0.0273797065019607,0.0619310699403286
EquiformerV2 AD with Hessian training,24401,2012,10,0.0060801142826676,0.0765889510512352
EquiformerV2 AD with Hessian training,10908,2013,14,0.0040883217006921,0.02794786170125
EquiformerV2 AD with Hessian training,10349,2014,12,0.0036703310906887,0.0244002602994442
EquiformerV2 AD with Hessian training,46052,2015,13,0.0037762927822768,0.0141182914376258
EquiformerV2 AD with Hessian training,6236,2016,14,0.0065983231179416,0.0212295893579721
EquiformerV2 AD with Hessian training,28976,2017,15,0.0076612713746726,0.0377517640590667
EquiformerV2 AD with Hessian training,9282,2018,17,0.0093590123578906,0.0196906048804521
EquiformerV2 AD with Hessian training,45402,2019,11,0.0083498805761337,0.0667080804705619
EquiformerV2 AD with Hessian training,23114,2020,12,0.0288340784609317,0.0828136801719665
EquiformerV2 AD with Hessian training,37985,2021,17,0.0029114494100213,0.0160149428993463
EquiformerV2 AD with Hessian training,6725,2022,14,0.0047147027216851,0.0326702259480953
EquiformerV2 AD with Hessian training,5784,2023,13,0.0043512377887964,0.0299348011612892
EquiformerV2 AD with Hessian training,9724,2024,10,0.0154680181294679,0.3163395226001739
EquiformerV2 AD with Hessian training,30247,2025,14,0.0114781688898801,0.0743739008903503
EquiformerV2 AD with Hessian training,1980,2026,16,0.0082112681120634,0.0383211970329284
EquiformerV2 AD with Hessian training,37101,2027,14,0.0052838963456451,0.0294844023883342
EquiformerV2 AD with Hessian training,24661,2028,14,0.0027049880009144,0.0185875836759805
EquiformerV2 AD with Hessian training,8842,2029,13,0.0185398980975151,0.0465723536908626
EquiformerV2 AD with Hessian training,14342,2030,11,0.044817142188549,0.1629062443971634
EquiformerV2 AD with Hessian training,16736,2031,9,0.0316013395786285,0.1613090485334396
EquiformerV2 AD with Hessian training,42182,2032,11,0.0299417320638895,0.1320684403181076
EquiformerV2 AD with Hessian training,22364,2033,17,0.0038700983859598,0.0153142791241407
EquiformerV2 AD with Hessian training,28480,2034,14,0.0070814895443618,0.0729323327541351
EquiformerV2 AD with Hessian training,17248,2035,13,0.0206985622644424,0.073248840868473
EquiformerV2 AD with Hessian training,21869,2036,16,0.0148823633790016,0.0295676793903112
EquiformerV2 AD with Hessian training,46709,2037,17,0.0065573481842875,0.0248463656753301
EquiformerV2 AD with Hessian training,15393,2038,13,0.0285332258790731,0.1159457862377166
EquiformerV2 AD with Hessian training,1833,2039,14,0.0057217068970203,0.0329157635569572
EquiformerV2 AD with Hessian training,4972,2040,12,0.0041208956390619,0.0283910557627677
EquiformerV2 AD with Hessian training,34,2041,15,0.0063113705255091,0.0334124155342578
EquiformerV2 AD with Hessian training,6768,2042,13,0.0080212708562612,0.0347093157470226
EquiformerV2 AD with Hessian training,31607,2043,15,0.0037387881893664,0.0458101816475391
EquiformerV2 AD with Hessian training,31883,2044,12,0.0068471324630081,0.0755695328116417
EquiformerV2 AD with Hessian training,19878,2045,15,0.0066077867522835,0.0573698095977306
EquiformerV2 AD with Hessian training,46789,2046,10,0.0338908284902572,0.1128811687231063
EquiformerV2 AD with Hessian training,16639,2047,14,0.0345155298709869,0.1268360316753387
EquiformerV2 AD with Hessian training,13786,2048,17,0.0092172222211956,0.0318212769925594
EquiformerV2 AD with Hessian training,26475,2049,11,0.0096766119822859,0.0658211782574653
EquiformerV2 AD with Hessian training,26241,2050,17,0.0041500222869217,0.0170996356755495
EquiformerV2 AD with Hessian training,38602,2051,12,0.0157148875296115,0.1017917096614837
EquiformerV2 AD with Hessian training,12529,2052,16,0.003680984955281,0.0242037400603294
EquiformerV2 AD with Hessian training,11759,2053,9,0.0137010579928755,0.0754415392875671
EquiformerV2 AD with Hessian training,21542,2054,15,0.0055986298248171,0.0226425286382436
EquiformerV2 AD with Hessian training,49215,2055,15,0.0052235606126487,0.0264558158814907
EquiformerV2 AD with Hessian training,24445,2056,10,0.0097787864506244,0.0693634152412414
EquiformerV2 AD with Hessian training,29771,2057,15,0.0087898140773177,0.0407788008451461
EquiformerV2 AD with Hessian training,8549,2058,15,0.0206183325499296,0.0732248649001121
EquiformerV2 AD with Hessian training,4024,2059,14,0.0181767493486404,0.0745550245046615
EquiformerV2 AD with Hessian training,10364,2060,15,0.0121238129213452,0.0347279757261276
EquiformerV2 AD with Hessian training,13076,2061,14,0.0274432003498077,0.0805955752730369
EquiformerV2 AD with Hessian training,4272,2062,11,0.0041649043560028,0.0295669790357351
EquiformerV2 AD with Hessian training,6928,2063,14,0.0114547424018383,0.0464585572481155
EquiformerV2 AD with Hessian training,38702,2064,13,0.0120731657370924,0.0605517029762268
EquiformerV2 AD with Hessian training,19391,2065,11,0.0327695421874523,0.217596635222435
EquiformerV2 AD with Hessian training,5661,2066,16,0.0032066784333437,0.0238407887518405
EquiformerV2 AD with Hessian training,2192,2067,9,0.0109733780845999,0.0716707929968833
EquiformerV2 AD with Hessian training,1189,2068,12,0.0121538545936346,0.0389935337007045
EquiformerV2 AD with Hessian training,5297,2069,12,0.0155427129939198,0.1832092404365539
EquiformerV2 AD with Hessian training,10542,2070,13,0.0183208547532558,0.0749031007289886
EquiformerV2 AD with Hessian training,18238,2071,13,0.0347673520445823,0.1467423141002655
EquiformerV2 AD with Hessian training,7959,2072,16,0.0084849307313561,0.025139681994915
EquiformerV2 AD with Hessian training,3917,2073,15,0.0205952208489179,0.0864945128560066
EquiformerV2 AD with Hessian training,8874,2074,13,0.0095592755824327,0.0549219101667404
EquiformerV2 AD with Hessian training,4555,2075,11,0.0071722851134836,0.1471955478191375
EquiformerV2 AD with Hessian training,45575,2076,12,0.0040041683241724,0.0241704322397708
EquiformerV2 AD with Hessian training,21041,2077,21,0.0048197568394243,0.0145505536347627
EquiformerV2 AD with Hessian training,29468,2078,16,0.0070583773776888,0.0271117445081472
EquiformerV2 AD with Hessian training,7268,2079,14,0.0171429794281721,0.0370365492999553
EquiformerV2 AD with Hessian training,29312,2080,12,0.0414303950965404,0.119848184287548
EquiformerV2 AD with Hessian training,28629,2081,13,0.0071823452599346,0.0351402200758457
EquiformerV2 AD with Hessian training,5208,2082,17,0.0068312413059175,0.0274390801787376
EquiformerV2 AD with Hessian training,47113,2083,14,0.0103369643911719,0.0588463433086872
EquiformerV2 AD with Hessian training,47900,2084,13,0.0073156296275556,0.0382053889334201
EquiformerV2 AD with Hessian training,26019,2085,13,0.0056111551821231,0.0301025472581386
EquiformerV2 AD with Hessian training,10265,2086,13,0.0024435471277683,0.018655776977539
EquiformerV2 AD with Hessian training,12582,2087,11,0.015612794086337,0.0687704905867576
EquiformerV2 AD with Hessian training,36767,2088,16,0.0032356437295675,0.0128551917150616
EquiformerV2 AD with Hessian training,201,2089,18,0.0038972073234617,0.0149835254997015
EquiformerV2 AD with Hessian training,14807,2090,11,0.0109626054763793,0.0552325770258903
EquiformerV2 AD with Hessian training,8279,2091,12,0.0386108309030532,0.2568747699260711
EquiformerV2 AD with Hessian training,18137,2092,16,0.005443594418466,0.0178082585334777
EquiformerV2 AD with Hessian training,17788,2093,12,0.0064900973811745,0.0372041389346122
EquiformerV2 AD with Hessian training,38910,2094,14,0.0580422207713127,0.1436962038278579
EquiformerV2 AD with Hessian training,44703,2095,12,0.0080489665269851,0.0391994155943393
EquiformerV2 AD with Hessian training,26601,2096,16,0.0098023153841495,0.0270927492529153
EquiformerV2 AD with Hessian training,17418,2097,12,0.0122040556743741,0.0499082244932651
EquiformerV2 AD with Hessian training,3547,2098,16,0.0033065848983824,0.0128981648012995
EquiformerV2 AD with Hessian training,47353,2099,15,0.0036358637735247,0.0175127852708101
EquiformerV2 AD with Hessian training,19626,2100,19,0.0066709113307297,0.0280389562249183
EquiformerV2 AD with Hessian training,44071,2101,14,0.0128335384652018,0.0532380118966102
EquiformerV2 AD with Hessian training,2658,2102,16,0.0214841105043888,0.0536471977829933
EquiformerV2 AD with Hessian training,11446,2103,15,0.0049080685712397,0.0247121322900056
EquiformerV2 AD with Hessian training,32159,2104,11,0.0028357163537293,0.0251211412250995
EquiformerV2 AD with Hessian training,25513,2105,11,0.0425630509853363,0.2744275331497192
EquiformerV2 AD with Hessian training,33422,2106,12,0.0386137515306472,0.1170162409543991
EquiformerV2 AD with Hessian training,21370,2107,6,0.1165251731872558,0.7232003211975098
EquiformerV2 AD with Hessian training,8962,2108,14,0.032284215092659,0.0913951843976974
EquiformerV2 AD with Hessian training,48013,2109,16,0.0059734615497291,0.023379223421216
EquiformerV2 AD with Hessian training,27433,2110,12,0.0264030322432518,0.0850497558712959
EquiformerV2 AD with Hessian training,10148,2111,16,0.0104802688583731,0.037805188447237
EquiformerV2 AD with Hessian training,36569,2112,13,0.0076129240915179,0.046436820179224
EquiformerV2 AD with Hessian training,45176,2113,14,0.0092581631615757,0.0344073772430419
EquiformerV2 AD with Hessian training,22020,2114,8,0.0086564868688583,0.1023105755448341
EquiformerV2 AD with Hessian training,39863,2115,16,0.004491411615163,0.0177343767136335
EquiformerV2 AD with Hessian training,4000,2116,14,0.0127682061865925,0.0351798050105571
EquiformerV2 AD with Hessian training,31113,2117,12,0.0113377589732408,0.0560142435133457
EquiformerV2 AD with Hessian training,33780,2118,16,0.0146232172846794,0.0296515095978975
EquiformerV2 AD with Hessian training,5118,2119,18,0.0040658181533217,0.0159986484795808
EquiformerV2 AD with Hessian training,35355,2120,17,0.0114629166200757,0.0343398042023181
EquiformerV2 AD with Hessian training,21629,2121,19,0.0072387610562145,0.0213304385542869
EquiformerV2 AD with Hessian training,23662,2122,11,0.0238875448703765,0.1146914437413215
EquiformerV2 AD with Hessian training,39101,2123,10,0.0189743489027023,0.0988338589668273
EquiformerV2 AD with Hessian training,3157,2124,11,0.0183672830462455,0.1242835223674774
EquiformerV2 AD with Hessian training,3390,2125,10,0.0253132469952106,0.1750694215297699
EquiformerV2 AD with Hessian training,12866,2126,13,0.0223129969090223,0.0815219283103942
EquiformerV2 AD with Hessian training,48367,2127,15,0.0158359128981828,0.0527443885803222
EquiformerV2 AD with Hessian training,14694,2128,13,0.0138082141056656,0.0452615842223167
EquiformerV2 AD with Hessian training,2344,2129,11,0.0168127156794071,0.1705810725688934
EquiformerV2 AD with Hessian training,22554,2130,15,0.0351921506226062,0.0721084251999855
EquiformerV2 AD with Hessian training,28168,2131,15,0.0173927955329418,0.0577865950763225
EquiformerV2 AD with Hessian training,8457,2132,13,0.0125625832006335,0.0873551145195961
EquiformerV2 AD with Hessian training,4916,2133,14,0.0242913234978914,0.0724785551428794
EquiformerV2 AD with Hessian training,49424,2134,7,0.047111377120018,0.5115471482276917
EquiformerV2 AD with Hessian training,32250,2135,15,0.0061689829453825,0.0337740518152713
EquiformerV2 AD with Hessian training,42257,2136,15,0.003208277048543,0.0169468317180871
EquiformerV2 AD with Hessian training,32169,2137,16,0.0036709632258862,0.0201827157288789
EquiformerV2 AD with Hessian training,9941,2138,13,0.0254853200167417,0.0814446583390235
EquiformerV2 AD with Hessian training,33160,2139,13,0.0077545032836496,0.042086761444807
EquiformerV2 AD with Hessian training,671,2140,13,0.0071522993966937,0.0478619672358036
EquiformerV2 AD with Hessian training,23532,2141,13,0.0063658356666564,0.0308964401483535
EquiformerV2 AD with Hessian training,29901,2142,13,0.0070540523156523,0.0369693972170352
EquiformerV2 AD with Hessian training,40982,2143,16,0.0032744277268648,0.0216751955449581
EquiformerV2 AD with Hessian training,16632,2144,13,0.0069567575119435,0.0360967069864273
EquiformerV2 AD with Hessian training,12393,2145,12,0.0119112692773342,0.0494026951491832
EquiformerV2 AD with Hessian training,22034,2146,11,0.0326948352158069,0.1457515358924865
EquiformerV2 AD with Hessian training,45374,2147,16,0.0105850053951144,0.0355085171759128
EquiformerV2 AD with Hessian training,36785,2148,12,0.0077642551623284,0.0971781387925148
EquiformerV2 AD with Hessian training,48068,2149,12,0.0075983637943863,0.0402392856776714
EquiformerV2 AD with Hessian training,49154,2150,17,0.0118224816396832,0.0321521647274494
EquiformerV2 AD with Hessian training,30994,2151,5,0.0485311783850193,0.5174234509468079
EquiformerV2 AD with Hessian training,13736,2152,14,0.0038546863943338,0.0295875314623117
EquiformerV2 AD with Hessian training,10206,2153,10,0.0082272663712501,0.3322840929031372
EquiformerV2 AD with Hessian training,50835,2154,16,0.0052780732512474,0.019639428704977
EquiformerV2 AD with Hessian training,46926,2155,10,0.0202190317213535,0.0885398015379905
EquiformerV2 AD with Hessian training,5383,2156,14,0.0062151863239705,0.0383429415524005
EquiformerV2 AD with Hessian training,5418,2157,8,0.045282170176506,0.5547038316726685
EquiformerV2 AD with Hessian training,21517,2158,14,0.0231792647391557,0.0804545581340789
EquiformerV2 AD with Hessian training,13549,2159,14,0.0075960499234497,0.0338448397815227
EquiformerV2 AD with Hessian training,21852,2160,8,0.0120294615626335,0.2305109202861786
EquiformerV2 AD with Hessian training,1456,2161,13,0.0119150821119546,0.058839838951826
EquiformerV2 AD with Hessian training,15868,2162,16,0.0096507053822278,0.0387108623981475
EquiformerV2 AD with Hessian training,2152,2163,15,0.0056016216985881,0.0242533739656209
EquiformerV2 AD with Hessian training,29353,2164,19,0.0050391503609716,0.0178878791630268
EquiformerV2 AD with Hessian training,21970,2165,15,0.0036939177662134,0.017234943807125
EquiformerV2 AD with Hessian training,28793,2166,13,0.0117894811555743,0.0791794136166572
EquiformerV2 AD with Hessian training,23029,2167,15,0.0212114118039608,0.074369303882122
EquiformerV2 AD with Hessian training,12617,2168,13,0.0081778364256024,0.0475135929882526
EquiformerV2 AD with Hessian training,4081,2169,16,0.0018058393616229,0.0111854700371623
EquiformerV2 AD with Hessian training,14574,2170,15,0.0114942155778408,0.0886510610580444
EquiformerV2 AD with Hessian training,1808,2171,19,0.0039387000724673,0.0146870166063308
EquiformerV2 AD with Hessian training,17320,2172,19,0.055112425237894,0.0723203271627426
EquiformerV2 AD with Hessian training,27416,2173,16,0.0141274128109216,0.0394024662673473
EquiformerV2 AD with Hessian training,11710,2174,10,0.0798683986067771,0.3503542244434356
EquiformerV2 AD with Hessian training,40482,2175,14,0.0665299221873283,0.1192187219858169
EquiformerV2 AD with Hessian training,49067,2176,15,0.01373743545264,0.0429748222231864
EquiformerV2 AD with Hessian training,11431,2177,12,0.071761317551136,0.1501461863517761
EquiformerV2 AD with Hessian training,48202,2178,16,0.0031942925415933,0.015404088422656
EquiformerV2 AD with Hessian training,39873,2179,16,0.0025712926872074,0.0169186200946569
EquiformerV2 AD with Hessian training,13519,2180,17,0.0175650473684072,0.0523422434926033
EquiformerV2 AD with Hessian training,50786,2181,13,0.0048851571045815,0.0246668569743633
EquiformerV2 AD with Hessian training,31560,2182,13,0.0082550002261996,0.0422235094010829
EquiformerV2 AD with Hessian training,37990,2183,16,0.0052283629775047,0.0234419051557779
EquiformerV2 AD with Hessian training,40776,2184,11,0.05554174259305,0.2056488990783691
EquiformerV2 AD with Hessian training,4073,2185,14,0.0120694385841488,0.0563081949949264
EquiformerV2 AD with Hessian training,13450,2186,19,0.0067994468845427,0.0273031648248434
EquiformerV2 AD with Hessian training,18586,2187,16,0.0132022751495242,0.0396102331578731
EquiformerV2 AD with Hessian training,36677,2188,10,0.0239632185548543,0.1323124915361404
EquiformerV2 AD with Hessian training,4647,2189,13,0.079201266169548,0.1109677553176879
EquiformerV2 AD with Hessian training,9021,2190,19,0.0061149639077484,0.0220243073999881
EquiformerV2 AD with Hessian training,30205,2191,5,0.0122015792876482,0.7453633546829224
EquiformerV2 AD with Hessian training,20745,2192,11,0.0159166269004344,0.1997414678335189
EquiformerV2 AD with Hessian training,38123,2193,12,0.0103170340880751,0.0612330213189125
EquiformerV2 AD with Hessian training,18068,2194,18,0.0081093497574329,0.0222274344414472
EquiformerV2 AD with Hessian training,22380,2195,12,0.0064217457547783,0.039863746613264
EquiformerV2 AD with Hessian training,44742,2196,10,0.0122417556121945,0.2532373964786529
EquiformerV2 AD with Hessian training,21884,2197,15,0.0043209311552345,0.0235440600663423
EquiformerV2 AD with Hessian training,33563,2198,12,0.0031495981384068,0.0251473374664783
EquiformerV2 AD with Hessian training,31674,2199,16,0.0142482575029134,0.0493369437754154
EquiformerV2 AD with Hessian training,9680,2200,7,0.0230352096259593,0.5652133226394653
EquiformerV2 AD with Hessian training,35116,2201,12,0.0092014474794268,0.0392131172120571
EquiformerV2 AD with Hessian training,19014,2202,16,0.0102564869448542,0.0704028084874153
EquiformerV2 AD with Hessian training,15060,2203,17,0.0167257562279701,0.044466059654951
EquiformerV2 AD with Hessian training,16716,2204,16,0.0393552705645561,0.0703088864684104
EquiformerV2 AD with Hessian training,46952,2205,13,0.0063932123593986,0.0346034727990627
EquiformerV2 AD with Hessian training,48392,2206,15,0.0087596978992223,0.0449718870222568
EquiformerV2 AD with Hessian training,13511,2207,15,0.0145274195820093,0.0539144240319728
EquiformerV2 AD with Hessian training,838,2208,12,0.0110677117481827,0.07791718095541
EquiformerV2 AD with Hessian training,33570,2209,17,0.016548404470086,0.0429749973118305
EquiformerV2 AD with Hessian training,4300,2210,9,0.0557874031364917,0.2354873269796371
EquiformerV2 AD with Hessian training,12423,2211,8,0.039372906088829,0.5128775835037231
EquiformerV2 AD with Hessian training,20509,2212,11,0.0050023985095322,0.0389206185936927
EquiformerV2 AD with Hessian training,21520,2213,14,0.0203526280820369,0.0681763663887977
EquiformerV2 AD with Hessian training,6461,2214,13,0.0170787554234266,0.0456951633095741
EquiformerV2 AD with Hessian training,8202,2215,13,0.0101735023781657,0.0716650336980819
EquiformerV2 AD with Hessian training,30333,2216,14,0.0085997357964515,0.0249935071915388
EquiformerV2 AD with Hessian training,7174,2217,14,0.0189083293080329,0.0703697502613067
EquiformerV2 AD with Hessian training,6879,2218,12,0.0176034066826105,0.0571306198835372
EquiformerV2 AD with Hessian training,5976,2219,17,0.0130114750936627,0.0245875902473926
EquiformerV2 AD with Hessian training,36139,2220,16,0.0040492722764611,0.0305379889905452
EquiformerV2 AD with Hessian training,607,2221,15,0.0814319998025894,0.1293841451406479
EquiformerV2 AD with Hessian training,35973,2222,13,0.0061323940753936,0.0396028198301792
EquiformerV2 AD with Hessian training,30148,2223,11,0.0059538944624364,0.2219771593809127
EquiformerV2 AD with Hessian training,25539,2224,13,0.0020634233951568,0.0168270841240882
EquiformerV2 AD with Hessian training,23463,2225,16,0.0028538990300148,0.012302010320127
EquiformerV2 AD with Hessian training,46376,2226,16,0.0037705122958868,0.0195438507944345
EquiformerV2 AD with Hessian training,6595,2227,11,0.0045048594474792,0.1501933634281158
EquiformerV2 AD with Hessian training,7908,2228,12,0.007002483587712,0.0454789735376834
EquiformerV2 AD with Hessian training,12791,2229,13,0.0140380254015326,0.0478603541851043
EquiformerV2 AD with Hessian training,34621,2230,15,0.0084662735462188,0.0359710305929183
EquiformerV2 AD with Hessian training,19683,2231,14,0.0033096387051045,0.0206606965512037
EquiformerV2 AD with Hessian training,4397,2232,15,0.0086754309013485,0.0545647703111171
EquiformerV2 AD with Hessian training,44550,2233,12,0.0078031080774962,0.0353497862815856
EquiformerV2 AD with Hessian training,31858,2234,13,0.0175205692648887,0.0929815992712974
EquiformerV2 AD with Hessian training,39344,2235,21,0.0083968406543135,0.0255032666027545
EquiformerV2 AD with Hessian training,13182,2236,11,0.1977269500494003,0.4535577595233917
EquiformerV2 AD with Hessian training,50221,2237,14,0.009577203541994,0.0459792390465736
EquiformerV2 AD with Hessian training,17537,2238,16,0.0027208621613681,0.0142869502305984
EquiformerV2 AD with Hessian training,22422,2239,10,0.0059873387217521,0.0407562181353569
EquiformerV2 AD with Hessian training,31044,2240,18,0.0029520182870328,0.0093317087739706
EquiformerV2 AD with Hessian training,26168,2241,12,0.0836666822433471,0.2106328904628753
EquiformerV2 AD with Hessian training,6668,2242,13,0.0040395958349108,0.0293381940573453
EquiformerV2 AD with Hessian training,4262,2243,16,0.0108238253742456,0.0375744365155696
EquiformerV2 AD with Hessian training,26775,2244,12,0.0070967194624245,0.0430240407586097
EquiformerV2 AD with Hessian training,25272,2245,17,0.0127274096012115,0.0352181494235992
EquiformerV2 AD with Hessian training,49194,2246,10,0.0050538768991827,0.0427346564829349
EquiformerV2 AD with Hessian training,17736,2247,14,0.0051872115582227,0.0226902216672897
EquiformerV2 AD with Hessian training,50743,2248,16,0.0139353601261973,0.0428339131176471
EquiformerV2 AD with Hessian training,30721,2249,14,0.0077357846312224,0.0321180485188961
EquiformerV2 AD with Hessian training,20544,2250,15,0.0046416358090937,0.0240074526518583
EquiformerV2 AD with Hessian training,46239,2251,13,0.0140667911618947,0.0451768711209297
EquiformerV2 AD with Hessian training,32262,2252,16,0.0118897212669253,0.0421753004193306
EquiformerV2 AD with Hessian training,11862,2253,16,0.0061434833332896,0.0259714033454656
EquiformerV2 AD with Hessian training,50691,2254,12,0.0578179508447647,0.1484745591878891
EquiformerV2 AD with Hessian training,32318,2255,13,0.0093220230191946,0.0437078215181827
EquiformerV2 AD with Hessian training,4190,2256,16,0.0034598535858094,0.0163541827350854
EquiformerV2 AD with Hessian training,14315,2257,13,0.0057945158332586,0.0359126664698123
EquiformerV2 AD with Hessian training,4517,2258,12,0.0196959767490625,0.0765445008873939
EquiformerV2 AD with Hessian training,46312,2259,15,0.0052922004833817,0.0244938153773546
EquiformerV2 AD with Hessian training,24024,2260,12,0.0056176395155489,0.0341812260448932
EquiformerV2 AD with Hessian training,36252,2261,11,0.0162884835153818,0.1536649167537689
EquiformerV2 AD with Hessian training,34619,2262,12,0.0070114433765411,0.0267684813588857
EquiformerV2 AD with Hessian training,27714,2263,15,0.0131174512207508,0.0382856950163841
EquiformerV2 AD with Hessian training,17385,2264,12,0.0215669106692075,0.0873146951198577
EquiformerV2 AD with Hessian training,1365,2265,16,0.0443994663655757,0.1604760438203811
EquiformerV2 AD with Hessian training,14015,2266,14,0.006483772303909,0.0408669747412204
EquiformerV2 AD with Hessian training,39228,2267,16,0.0126766934990882,0.0392362289130687
EquiformerV2 AD with Hessian training,2984,2268,13,0.004502885043621,0.0277022216469049
EquiformerV2 AD with Hessian training,16169,2269,14,0.0135808363556861,0.0474299527704715
EquiformerV2 AD with Hessian training,30200,2270,15,0.0031972711440175,0.0175115335732698
EquiformerV2 AD with Hessian training,10058,2271,15,0.0337105467915535,0.0485921613872051
EquiformerV2 AD with Hessian training,39420,2272,19,0.0066323624923825,0.0261150673031806
EquiformerV2 AD with Hessian training,38221,2273,12,0.0097855823114514,0.0554466135799884
EquiformerV2 AD with Hessian training,2943,2274,16,0.0075597795657813,0.025711789727211
EquiformerV2 AD with Hessian training,31148,2275,15,0.023113964125514,0.085242822766304
EquiformerV2 AD with Hessian training,14491,2276,13,0.0427438803017139,0.1228602901101112
EquiformerV2 AD with Hessian training,1620,2277,14,0.0193035379052162,0.0671915784478187
EquiformerV2 AD with Hessian training,50164,2278,13,0.0476026460528373,0.1521968692541122
EquiformerV2 AD with Hessian training,41564,2279,21,0.0062124473042786,0.0139055671170353
EquiformerV2 AD with Hessian training,13289,2280,9,0.0075206644833087,0.3015994131565094
EquiformerV2 AD with Hessian training,7179,2281,9,0.0213276948779821,0.3544136881828308
EquiformerV2 AD with Hessian training,15775,2282,14,0.0356868915259838,0.1035666614770889
EquiformerV2 AD with Hessian training,19538,2283,18,0.0070071099326014,0.0213939901441335
EquiformerV2 AD with Hessian training,13389,2284,16,0.007642894051969,0.0391247272491455
EquiformerV2 AD with Hessian training,21236,2285,14,0.0379444658756256,0.1201923340559005
EquiformerV2 AD with Hessian training,8806,2286,11,0.0121362237259745,0.1207701042294502
EquiformerV2 AD with Hessian training,11377,2287,16,0.0037729265168309,0.0247266460210084
EquiformerV2 AD with Hessian training,35800,2288,12,0.0287736002355813,0.1428858041763305
EquiformerV2 AD with Hessian training,27871,2289,12,0.0089522460475564,0.0440975315868854
EquiformerV2 AD with Hessian training,23901,2290,15,0.0648538842797279,0.1037036553025245
EquiformerV2 AD with Hessian training,19452,2291,14,0.0033059902489185,0.0170260816812515
EquiformerV2 AD with Hessian training,14334,2292,15,0.0129196802154183,0.0435360968112945
EquiformerV2 AD with Hessian training,7748,2293,9,0.0148749332875013,0.3033917248249054
EquiformerV2 AD with Hessian training,42439,2294,12,0.0148682594299316,0.057973101735115
EquiformerV2 AD with Hessian training,30883,2295,16,0.0172314476221799,0.0478386022150516
EquiformerV2 AD with Hessian training,34548,2296,14,0.0179193597286939,0.0629567056894302
EquiformerV2 AD with Hessian training,49590,2297,14,0.0077229738235473,0.0320924893021583
EquiformerV2 AD with Hessian training,19422,2298,11,0.0252925157546997,0.1168677806854248
EquiformerV2 AD with Hessian training,13403,2299,13,0.0169132072478532,0.0620341934263706
EquiformerV2 AD with Hessian training,48548,2300,12,0.0389002636075019,0.091688722372055
EquiformerV2 AD with Hessian training,16761,2301,18,0.0129068717360496,0.0375541187822818
EquiformerV2 AD with Hessian training,23740,2302,12,0.0035408260300755,0.0281854793429374
EquiformerV2 AD with Hessian training,30792,2303,6,0.0159721747040748,0.557094156742096
EquiformerV2 AD with Hessian training,21856,2304,14,0.0760473310947418,0.1338290572166443
EquiformerV2 AD with Hessian training,47319,2305,10,0.0113270990550518,0.1490617543458938
EquiformerV2 AD with Hessian training,22229,2306,12,0.0068228738382458,0.041638545691967
EquiformerV2 AD with Hessian training,7257,2307,11,0.0150155164301395,0.0885756760835647
EquiformerV2 AD with Hessian training,8778,2308,15,0.021667405962944,0.0528096109628677
EquiformerV2 AD with Hessian training,12246,2309,14,0.006180209107697,0.0299915522336959
EquiformerV2 AD with Hessian training,45919,2310,13,0.0067459675483405,0.0372798703610897
EquiformerV2 AD with Hessian training,17573,2311,15,0.0325190983712673,0.0844393521547317
EquiformerV2 AD with Hessian training,10878,2312,16,0.0093104485422372,0.0443970821797847
EquiformerV2 AD with Hessian training,22197,2313,14,0.0108197107911109,0.0270907338708639
EquiformerV2 AD with Hessian training,11656,2314,12,0.011668830178678,0.0557646229863166
EquiformerV2 AD with Hessian training,21232,2315,15,0.0117450971156358,0.0560848601162433
EquiformerV2 AD with Hessian training,24229,2316,11,0.0104460986331105,0.0653546079993248
EquiformerV2 AD with Hessian training,13986,2317,11,0.0164145641028881,0.1953893601894378
EquiformerV2 AD with Hessian training,33144,2318,10,0.007043179590255,0.0832241997122764
EquiformerV2 AD with Hessian training,811,2319,19,0.0052345623262226,0.0146222775802016
EquiformerV2 AD with Hessian training,45022,2320,17,0.0338404402136802,0.0756171196699142
EquiformerV2 AD with Hessian training,22701,2321,10,0.1496423929929733,0.2858314514160156
EquiformerV2 AD with Hessian training,3717,2322,14,0.0217504482716321,0.1021962016820907
EquiformerV2 AD with Hessian training,41879,2323,13,0.0144449016079306,0.0422662943601608
EquiformerV2 AD with Hessian training,29566,2324,13,0.040040910243988,0.1080096215009689
EquiformerV2 AD with Hessian training,12391,2325,14,0.0172665361315011,0.0448309853672981
EquiformerV2 AD with Hessian training,36765,2326,19,0.0254208743572235,0.0530714653432369
EquiformerV2 AD with Hessian training,40219,2327,14,0.0401629768311977,0.0937508717179298
EquiformerV2 AD with Hessian training,29658,2328,17,0.0076248571276664,0.0253956466913223
EquiformerV2 AD with Hessian training,10177,2329,18,0.0087177101522684,0.0273086484521627
EquiformerV2 AD with Hessian training,2623,2330,12,0.0032608031760901,0.0246153902262449
EquiformerV2 AD with Hessian training,4548,2331,14,0.0074486252851784,0.0366580188274383
EquiformerV2 AD with Hessian training,15337,2332,13,0.0069923815317451,0.0518234856426715
EquiformerV2 AD with Hessian training,24982,2333,16,0.0083380676805973,0.0540618561208248
EquiformerV2 AD with Hessian training,5374,2334,16,0.0038885977119207,0.0173692796379327
EquiformerV2 AD with Hessian training,10130,2335,16,0.008264672011137,0.0243481658399105
EquiformerV2 AD with Hessian training,22426,2336,16,0.0073651922866702,0.0327415950596332
EquiformerV2 AD with Hessian training,31966,2337,14,0.0054846284911036,0.0286854896694421
EquiformerV2 AD with Hessian training,41771,2338,14,0.0133947832509875,0.0880877822637558
EquiformerV2 AD with Hessian training,33225,2339,14,0.0349139980971813,0.1032619625329971
EquiformerV2 AD with Hessian training,6769,2340,16,0.0175327453762292,0.0558400154113769
EquiformerV2 AD with Hessian training,44656,2341,17,0.0073641347698867,0.0287102498114109
EquiformerV2 AD with Hessian training,20114,2342,12,0.0081560090184211,0.0489167049527168
EquiformerV2 AD with Hessian training,29767,2343,10,0.0190654247999191,0.2042329460382461
EquiformerV2 AD with Hessian training,45792,2344,16,0.0288799088448286,0.0753202810883522
EquiformerV2 AD with Hessian training,45178,2345,17,0.0304693970829248,0.0814357697963714
EquiformerV2 AD with Hessian training,8264,2346,13,0.0063487794250249,0.037525501102209
EquiformerV2 AD with Hessian training,36668,2347,16,0.0080096637830138,0.025703364983201
EquiformerV2 AD with Hessian training,34231,2348,16,0.0046136146411299,0.0151659995317459
EquiformerV2 AD with Hessian training,26559,2349,16,0.0155442543327808,0.0458212383091449
EquiformerV2 AD with Hessian training,44837,2350,11,0.0034822754096239,0.0276486277580261
EquiformerV2 AD with Hessian training,24738,2351,19,0.0032656763214617,0.0111102862283587
EquiformerV2 AD with Hessian training,21886,2352,14,0.0095154484733939,0.0375213883817195
EquiformerV2 AD with Hessian training,3301,2353,15,0.0211209915578365,0.0708306580781936
EquiformerV2 AD with Hessian training,37945,2354,12,0.0032110270112752,0.0253700744360685
EquiformerV2 AD with Hessian training,22612,2355,12,0.0295733157545328,0.0898301973938942
EquiformerV2 AD with Hessian training,16257,2356,6,0.0620083808898925,0.6202881932258606
EquiformerV2 AD with Hessian training,18011,2357,13,0.0128676453605294,0.054520808160305
EquiformerV2 AD with Hessian training,14851,2358,15,0.0235070716589689,0.06748628616333
EquiformerV2 AD with Hessian training,20202,2359,14,0.0317588374018669,0.0874946489930152
EquiformerV2 AD with Hessian training,45423,2360,14,0.0036176380235701,0.0182572342455387
EquiformerV2 AD with Hessian training,46421,2361,15,0.0064387824386358,0.0645205080509185
EquiformerV2 AD with Hessian training,6300,2362,16,0.0076048928312957,0.0313749574124813
EquiformerV2 AD with Hessian training,49058,2363,12,0.0129034155979752,0.0556280463933944
EquiformerV2 AD with Hessian training,31127,2364,15,0.0039192354306578,0.0199535675346851
EquiformerV2 AD with Hessian training,24425,2365,16,0.0039498810656368,0.0168167985975742
EquiformerV2 AD with Hessian training,10231,2366,14,0.0150490459054708,0.0356612205505371
EquiformerV2 AD with Hessian training,14059,2367,13,0.0094807362183928,0.053115215152502
EquiformerV2 AD with Hessian training,19268,2368,8,0.0434088222682476,0.2740508317947387
EquiformerV2 AD with Hessian training,33275,2369,14,0.0026418324559926,0.0180199481546878
EquiformerV2 AD with Hessian training,38635,2370,17,0.0066662360914051,0.0234447102993726
EquiformerV2 AD with Hessian training,26027,2371,12,0.0054968511685729,0.0404105000197887
EquiformerV2 AD with Hessian training,32187,2372,19,0.0020057063084095,0.0100929960608482
EquiformerV2 AD with Hessian training,32376,2373,11,0.0137700531631708,0.0679865330457687
EquiformerV2 AD with Hessian training,7141,2374,13,0.0157574228942394,0.0724578648805618
EquiformerV2 AD with Hessian training,31020,2375,10,0.0156538188457489,0.0897227302193641
EquiformerV2 AD with Hessian training,37982,2376,8,0.0691356360912323,0.2123988419771194
EquiformerV2 AD with Hessian training,39699,2377,19,0.0131660085171461,0.034063670784235
EquiformerV2 AD with Hessian training,46034,2378,14,0.0082086017355322,0.0409512184560298
EquiformerV2 AD with Hessian training,32050,2379,15,0.0091762449592351,0.0428091771900653
EquiformerV2 AD with Hessian training,37857,2380,14,0.0068471562117338,0.0348539389669895
EquiformerV2 AD with Hessian training,13417,2381,12,0.0059910784475505,0.0425068140029907
EquiformerV2 AD with Hessian training,8573,2382,12,0.0169965494424104,0.0954345613718032
EquiformerV2 AD with Hessian training,30125,2383,16,0.0109522249549627,0.0575579926371574
EquiformerV2 AD with Hessian training,17500,2384,14,0.0526609197258949,0.1229188442230224
EquiformerV2 AD with Hessian training,28823,2385,12,0.0084335077553987,0.0747273862361908
EquiformerV2 AD with Hessian training,25137,2386,15,0.0101660005748271,0.0377471633255481
EquiformerV2 AD with Hessian training,27150,2387,13,0.0141274407505989,0.0537169203162193
EquiformerV2 AD with Hessian training,22302,2388,15,0.0044008204713463,0.0244095940142869
EquiformerV2 AD with Hessian training,29482,2389,15,0.0150244729593396,0.0385683216154575
EquiformerV2 AD with Hessian training,7593,2390,19,0.0057153366506099,0.0261835940182209
EquiformerV2 AD with Hessian training,34348,2391,13,0.0144176883623003,0.0669370293617248
EquiformerV2 AD with Hessian training,977,2392,12,0.0035864487290382,0.0217813458293676
EquiformerV2 AD with Hessian training,4732,2393,11,0.0056339777074754,0.048752874135971
EquiformerV2 AD with Hessian training,27510,2394,11,0.0050784973427653,0.032013401389122
EquiformerV2 AD with Hessian training,44409,2395,14,0.0055662570521235,0.0290806144475936
EquiformerV2 AD with Hessian training,23743,2396,11,0.0107315927743911,0.0929579883813858
EquiformerV2 AD with Hessian training,16216,2397,15,0.0256384648382663,0.1130924522876739
EquiformerV2 AD with Hessian training,39256,2398,11,0.0193274319171905,0.1235943660140037
EquiformerV2 AD with Hessian training,7005,2399,10,0.021339826285839,0.1261070221662521
EquiformerV2 AD with Hessian training,21700,2400,11,0.0088945301249623,0.17290660738945
EquiformerV2 AD with Hessian training,9651,2401,15,0.0117020951583981,0.0653677806258201
EquiformerV2 AD with Hessian training,47290,2402,12,0.033661987632513,0.0940597206354141
EquiformerV2 AD with Hessian training,34837,2403,12,0.0149160539731383,0.0540801100432872
EquiformerV2 AD with Hessian training,31478,2404,19,0.0210233572870492,0.0385397113859653
EquiformerV2 AD with Hessian training,28438,2405,13,0.0056633576750755,0.0255376994609832
EquiformerV2 AD with Hessian training,17735,2406,11,0.0088189914822578,0.056966558098793
EquiformerV2 AD with Hessian training,47363,2407,13,0.0099106188863515,0.0547487996518611
EquiformerV2 AD with Hessian training,25474,2408,18,0.0110130766406655,0.0250564943999052
EquiformerV2 AD with Hessian training,36801,2409,14,0.0072255521081388,0.0306325647979974
EquiformerV2 AD with Hessian training,11506,2410,19,0.014478906057775,0.0511724390089511
EquiformerV2 AD with Hessian training,7485,2411,14,0.0049313199706375,0.0353873670101165
EquiformerV2 AD with Hessian training,45125,2412,15,0.0151717057451605,0.069771833717823
EquiformerV2 AD with Hessian training,16782,2413,16,0.0039561269804835,0.0209777038544416
EquiformerV2 AD with Hessian training,24055,2414,12,0.0056360410526394,0.0482476316392421
EquiformerV2 AD with Hessian training,30381,2415,16,0.0165682770311832,0.0511134602129459
EquiformerV2 AD with Hessian training,17721,2416,17,0.0091068288311362,0.0392505228519439
EquiformerV2 AD with Hessian training,28300,2417,15,0.006243878044188,0.023662531748414
EquiformerV2 AD with Hessian training,17798,2418,19,0.0020145196467638,0.0115724457427859
EquiformerV2 AD with Hessian training,16613,2419,8,0.0411946512758731,0.5275058746337891
EquiformerV2 AD with Hessian training,9988,2420,18,0.0022211601026356,0.0100853880867362
EquiformerV2 AD with Hessian training,14591,2421,14,0.034784086048603,0.0940036252140998
EquiformerV2 AD with Hessian training,23300,2422,12,0.0095848804339766,0.0819333419203758
EquiformerV2 AD with Hessian training,43143,2423,16,0.0390265807509422,0.0914559885859489
EquiformerV2 AD with Hessian training,41914,2424,19,0.002562770852819,0.0125099867582321
EquiformerV2 AD with Hessian training,13840,2425,15,0.0120937880128622,0.0367645770311355
EquiformerV2 AD with Hessian training,20768,2426,15,0.004302370827645,0.0219611302018165
EquiformerV2 AD with Hessian training,33606,2427,19,0.0080132959410548,0.0246613156050443
EquiformerV2 AD with Hessian training,17944,2428,15,0.0167701318860054,0.0522616244852542
EquiformerV2 AD with Hessian training,14220,2429,13,0.0078736254945397,0.0346519723534584
EquiformerV2 AD with Hessian training,12499,2430,17,0.0085495552048087,0.0381727144122123
EquiformerV2 AD with Hessian training,4954,2431,15,0.0049026845954358,0.0198283642530441
EquiformerV2 AD with Hessian training,31409,2432,15,0.0034844339825212,0.0249698627740144
EquiformerV2 AD with Hessian training,47598,2433,9,0.0373621881008148,0.1434160619974136
EquiformerV2 AD with Hessian training,19347,2434,16,0.0047660358250141,0.0214515887200832
EquiformerV2 AD with Hessian training,47788,2435,13,0.0081751914694905,0.0299206208437681
EquiformerV2 AD with Hessian training,5745,2436,16,0.0037906421348452,0.0252296868711709
EquiformerV2 AD with Hessian training,44147,2437,14,0.0083307242020964,0.0294582396745681
EquiformerV2 AD with Hessian training,39698,2438,13,0.017842574045062,0.0661342516541481
EquiformerV2 AD with Hessian training,17427,2439,13,0.0038021735381335,0.0302843563258647
EquiformerV2 AD with Hessian training,36444,2440,15,0.0042902827262878,0.0234501548111438
EquiformerV2 AD with Hessian training,19577,2441,16,0.0177457369863986,0.0410720556974411
EquiformerV2 AD with Hessian training,10749,2442,12,0.0390467643737793,0.1153705865144729
EquiformerV2 AD with Hessian training,35289,2443,12,0.00443642353639,0.052969679236412
EquiformerV2 AD with Hessian training,48679,2444,12,0.0094542540609836,0.0930709168314933
EquiformerV2 AD with Hessian training,27158,2445,14,0.0358887016773223,0.0818242207169532
EquiformerV2 AD with Hessian training,50230,2446,11,0.0097050452604889,0.1270239949226379
EquiformerV2 AD with Hessian training,16622,2447,11,0.0028253411874175,0.0281459931284189
EquiformerV2 AD with Hessian training,14931,2448,18,0.0016594242770224,0.007852641865611
EquiformerV2 AD with Hessian training,8834,2449,21,0.0076058567501604,0.0179542414844036
EquiformerV2 AD with Hessian training,10922,2450,11,0.0061973626725375,0.0473668687045574
EquiformerV2 AD with Hessian training,48756,2451,12,0.0160969588905572,0.0731648579239845
EquiformerV2 AD with Hessian training,48865,2452,15,0.0064006699249148,0.0251482278108596
EquiformerV2 AD with Hessian training,28029,2453,11,0.0125142345204949,0.126828983426094
EquiformerV2 AD with Hessian training,31970,2454,13,0.0102025363594293,0.0412802435457706
EquiformerV2 AD with Hessian training,5785,2455,15,0.0145741729065775,0.0532564111053943
EquiformerV2 AD with Hessian training,43122,2456,14,0.0138276237994432,0.0565502569079399
EquiformerV2 AD with Hessian training,38424,2457,12,0.0354793705046176,0.0865298360586166
EquiformerV2 AD with Hessian training,21694,2458,15,0.0133309755474329,0.0388652496039867
EquiformerV2 AD with Hessian training,12701,2459,15,0.0041121332906186,0.02123006246984
EquiformerV2 AD with Hessian training,36375,2460,12,0.0083239264786243,0.0573860853910446
EquiformerV2 AD with Hessian training,8565,2461,15,0.0082957642152905,0.0421674586832523
EquiformerV2 AD with Hessian training,28198,2462,14,0.0227897092700004,0.0459035858511924
EquiformerV2 AD with Hessian training,42022,2463,6,0.0051878541707992,0.0617167390882968
EquiformerV2 AD with Hessian training,27380,2464,11,0.0363235287368297,0.1943861991167068
EquiformerV2 AD with Hessian training,21162,2465,17,0.0074768681079149,0.022853685542941
EquiformerV2 AD with Hessian training,405,2466,17,0.0052872989326715,0.0229911208152771
EquiformerV2 AD with Hessian training,49411,2467,10,0.0094212600961327,0.0692549496889114
EquiformerV2 AD with Hessian training,48316,2468,16,0.0066571049392223,0.0298491809517145
EquiformerV2 AD with Hessian training,513,2469,17,0.0340515300631523,0.0551687180995941
EquiformerV2 AD with Hessian training,501,2470,10,0.0136453490704298,0.2129006534814834
EquiformerV2 AD with Hessian training,39591,2471,16,0.0041210292838513,0.0192838814109563
EquiformerV2 AD with Hessian training,35374,2472,15,0.0070479130372405,0.0315968543291091
EquiformerV2 AD with Hessian training,21936,2473,12,0.0048219673335552,0.0423573143780231
EquiformerV2 AD with Hessian training,12885,2474,12,0.0062055685557425,0.0522380881011486
EquiformerV2 AD with Hessian training,42521,2475,6,0.1145903542637825,0.697812020778656
EquiformerV2 AD with Hessian training,19523,2476,12,0.0384295359253883,0.1247543320059776
EquiformerV2 AD with Hessian training,48356,2477,17,0.0092573026195168,0.0411779880523681
EquiformerV2 AD with Hessian training,47023,2478,10,0.0185672212392091,0.0987449437379837
EquiformerV2 AD with Hessian training,18194,2479,14,0.0076524992473423,0.0345819145441055
EquiformerV2 AD with Hessian training,8360,2480,12,0.0105647863820195,0.0461665131151676
EquiformerV2 AD with Hessian training,4141,2481,13,0.0135527662932872,0.065119095146656
EquiformerV2 AD with Hessian training,30166,2482,16,0.0136742843315005,0.0483627133071422
EquiformerV2 AD with Hessian training,24508,2483,13,0.0067048990167677,0.0434539467096328
EquiformerV2 AD with Hessian training,22474,2484,12,0.0028938788454979,0.0330832451581954
EquiformerV2 AD with Hessian training,24261,2485,14,0.023704083636403,0.062375396490097
EquiformerV2 AD with Hessian training,18079,2486,19,0.0132838310673832,0.0342266708612442
EquiformerV2 AD with Hessian training,49128,2487,12,0.0135584902018308,0.0859968736767768
EquiformerV2 AD with Hessian training,48551,2488,10,0.0049785934388637,0.0426405593752861
EquiformerV2 AD with Hessian training,27689,2489,14,0.0043733771890401,0.0254084095358848
EquiformerV2 AD with Hessian training,3726,2490,13,0.0187203586101531,0.0718954205513
EquiformerV2 AD with Hessian training,39552,2491,16,0.0035698700230568,0.0194115601480007
EquiformerV2 AD with Hessian training,7355,2492,15,0.005563389044255,0.0270073637366294
EquiformerV2 AD with Hessian training,1576,2493,11,0.0065654562786221,0.0434065535664558
EquiformerV2 AD with Hessian training,18212,2494,17,0.0067734271287918,0.0239200536161661
EquiformerV2 AD with Hessian training,39438,2495,14,0.0715889409184455,0.1315428614616394
EquiformerV2 AD with Hessian training,50787,2496,12,0.0030578640289604,0.0216193553060293
EquiformerV2 AD with Hessian training,7088,2497,15,0.0096507081761956,0.0448483675718307
EquiformerV2 AD with Hessian training,4856,2498,17,0.018331654369831,0.0535035207867622
EquiformerV2 AD with Hessian training,10074,2499,9,0.0237216111272573,0.1584927588701248
EquiformerV2 AD with Hessian training,40953,2500,18,0.002847108291462,0.0139492349699139
EquiformerV2 AD with Hessian training,21729,2501,17,0.0130534563213586,0.0358151458203792
EquiformerV2 AD with Hessian training,6176,2502,12,0.0083761485293507,0.0353836715221405
EquiformerV2 AD with Hessian training,24051,2503,14,0.0081253238022327,0.0299264080822467
EquiformerV2 AD with Hessian training,37853,2504,18,0.0293022226542234,0.0468322969973087
EquiformerV2 AD with Hessian training,48964,2505,17,0.0120337251573801,0.0263971947133541
EquiformerV2 AD with Hessian training,7812,2506,12,0.013017444871366,0.0341069661080837
EquiformerV2 AD with Hessian training,2654,2507,12,0.0051296013407409,0.024303475394845
EquiformerV2 AD with Hessian training,47223,2508,18,0.0341390334069728,0.0580168031156063
EquiformerV2 AD with Hessian training,50203,2509,19,0.0144041879102587,0.0354993343353271
EquiformerV2 AD with Hessian training,5083,2510,12,0.0070847026072442,0.1017228960990905
EquiformerV2 AD with Hessian training,34886,2511,13,0.0050840200856328,0.0246391426771879
EquiformerV2 AD with Hessian training,21745,2512,15,0.0042394190095365,0.0223745759576559
EquiformerV2 AD with Hessian training,40146,2513,10,0.0060666832141578,0.0651767253875732
EquiformerV2 AD with Hessian training,40654,2514,15,0.0034034538548439,0.020762687548995
EquiformerV2 AD with Hessian training,24602,2515,14,0.0081762243062257,0.0408565513789653
EquiformerV2 AD with Hessian training,18242,2516,19,0.1982457637786865,0.1221228092908859
EquiformerV2 AD with Hessian training,27368,2517,15,0.0017195417312905,0.0092751551419496
EquiformerV2 AD with Hessian training,33295,2518,15,0.0132429068908095,0.0453406162559986
EquiformerV2 AD with Hessian training,11464,2519,10,0.0060097933746874,0.0502494908869266
EquiformerV2 AD with Hessian training,38528,2520,16,0.0032084311824291,0.013098725117743
EquiformerV2 AD with Hessian training,45584,2521,12,0.0172193460166454,0.1086842194199562
EquiformerV2 AD with Hessian training,42849,2522,14,0.0111629627645015,0.0461726672947406
EquiformerV2 AD with Hessian training,38070,2523,12,0.0163266398012638,0.0606548190116882
EquiformerV2 AD with Hessian training,41446,2524,9,0.0108596384525299,0.461174726486206
EquiformerV2 AD with Hessian training,40420,2525,10,0.0112917125225067,0.133723646402359
EquiformerV2 AD with Hessian training,18634,2526,17,0.0044887154363095,0.0201845150440931
EquiformerV2 AD with Hessian training,23679,2527,11,0.015966460108757,0.1546238362789154
EquiformerV2 AD with Hessian training,50247,2528,14,0.0092050908133387,0.0418670289218425
EquiformerV2 AD with Hessian training,28825,2529,12,0.0040991804562509,0.0291161425411701
EquiformerV2 AD with Hessian training,17379,2530,10,0.0243960469961166,0.2077363431453704
EquiformerV2 AD with Hessian training,39821,2531,16,0.0025186261627823,0.0123240621760487
EquiformerV2 AD with Hessian training,47235,2532,19,0.0088330302387475,0.0232894252985715
EquiformerV2 AD with Hessian training,47730,2533,16,0.004075329285115,0.0140652628615498
EquiformerV2 AD with Hessian training,33035,2534,18,0.0030020724516361,0.0145595399662852
EquiformerV2 AD with Hessian training,41813,2535,14,0.0046962345950305,0.0699641853570938
EquiformerV2 AD with Hessian training,32606,2536,11,0.0154347857460379,0.0684789940714836
EquiformerV2 AD with Hessian training,46412,2537,13,0.0194353479892015,0.0548254773020744
EquiformerV2 AD with Hessian training,12593,2538,14,0.0074280379340052,0.030931344255805
EquiformerV2 AD with Hessian training,1718,2539,10,0.0130799943581223,0.2806822061538696
EquiformerV2 AD with Hessian training,29624,2540,18,0.0179248694330453,0.0512460358440876
EquiformerV2 AD with Hessian training,212,2541,15,0.0032117487862706,0.0213674679398536
EquiformerV2 AD with Hessian training,14816,2542,15,0.0074328794144093,0.0317967757582664
EquiformerV2 AD with Hessian training,19580,2543,15,0.0060816314071416,0.0244882572442293
EquiformerV2 AD with Hessian training,25213,2544,10,0.0178400129079818,0.1711771041154861
EquiformerV2 AD with Hessian training,20604,2545,17,0.0102908033877611,0.0295264814049005
EquiformerV2 AD with Hessian training,10235,2546,12,0.0084193423390388,0.0519637130200862
EquiformerV2 AD with Hessian training,22780,2547,12,0.0039311265572905,0.0466458722949028
EquiformerV2 AD with Hessian training,27793,2548,11,0.0092904800549149,0.066158190369606
EquiformerV2 AD with Hessian training,21223,2549,13,0.042140956968069,0.1077106297016143
EquiformerV2 AD with Hessian training,42939,2550,14,0.0759227946400642,0.1353893727064132
EquiformerV2 AD with Hessian training,34826,2551,11,0.0047953608445823,0.0760986506938934
EquiformerV2 AD with Hessian training,44400,2552,13,0.0055779363028705,0.0377067103981971
EquiformerV2 AD with Hessian training,16226,2553,16,0.0044835982844233,0.0309486947953701
EquiformerV2 AD with Hessian training,45470,2554,11,0.0639714002609252,0.2137491255998611
EquiformerV2 AD with Hessian training,48175,2555,13,0.0243454333394765,0.0711118653416633
EquiformerV2 AD with Hessian training,14171,2556,19,0.0038052059244364,0.0156992599368095
EquiformerV2 AD with Hessian training,38284,2557,11,0.0187990795820951,0.0737483501434326
EquiformerV2 AD with Hessian training,19611,2558,15,0.0167458616197109,0.052940584719181
EquiformerV2 AD with Hessian training,39519,2559,12,0.0263421032577753,0.0766224935650825
EquiformerV2 AD with Hessian training,17213,2560,14,0.0172663833945989,0.0429295413196086
EquiformerV2 AD with Hessian training,23919,2561,16,0.0111264288425445,0.0378812812268734
EquiformerV2 AD with Hessian training,21029,2562,13,0.0068976702168583,0.0494203902781009
EquiformerV2 AD with Hessian training,43207,2563,12,0.0200095064938068,0.0857821330428123
EquiformerV2 AD with Hessian training,7261,2564,8,0.0056164897978305,0.0486157536506652
EquiformerV2 AD with Hessian training,35076,2565,14,0.004225417971611,0.0327963158488273
EquiformerV2 AD with Hessian training,14455,2566,16,0.0052217259071767,0.0250893738120794
EquiformerV2 AD with Hessian training,15723,2567,18,0.0082242069765925,0.0248268824070692
EquiformerV2 AD with Hessian training,15091,2568,14,0.0077218203805387,0.030164610594511
EquiformerV2 AD with Hessian training,40523,2569,16,0.0165273174643516,0.0702207684516906
EquiformerV2 AD with Hessian training,1744,2570,13,0.0067844172008335,0.0299237556755542
EquiformerV2 AD with Hessian training,43135,2571,19,0.0071413861587643,0.0317671410739421
EquiformerV2 AD with Hessian training,44060,2572,16,0.0080795651301741,0.0339928567409515
EquiformerV2 AD with Hessian training,23025,2573,14,0.0148686002939939,0.0502908863127231
EquiformerV2 AD with Hessian training,6326,2574,14,0.0075010163709521,0.0398457236588001
EquiformerV2 AD with Hessian training,31331,2575,15,0.0095977280288934,0.0301141124218702
EquiformerV2 AD with Hessian training,25144,2576,13,0.0192004907876253,0.0660284534096717
EquiformerV2 AD with Hessian training,10197,2577,16,0.0051077855750918,0.0260809566825628
EquiformerV2 AD with Hessian training,18789,2578,12,0.0079315053299069,0.0369444489479064
EquiformerV2 AD with Hessian training,38357,2579,14,0.0195026881992816,0.0763994231820106
EquiformerV2 AD with Hessian training,42337,2580,13,0.0058290171436965,0.0307128485292196
EquiformerV2 AD with Hessian training,26426,2581,16,0.0037555794697254,0.0142086250707507
EquiformerV2 AD with Hessian training,38155,2582,13,0.0067128404043614,0.0375518798828125
EquiformerV2 AD with Hessian training,12603,2583,11,0.0068328827619552,0.0423886142671108
EquiformerV2 AD with Hessian training,7626,2584,19,0.0064308112487196,0.0177187770605087
EquiformerV2 AD with Hessian training,7926,2585,11,0.0105501478537917,0.1252912580966949
EquiformerV2 AD with Hessian training,24675,2586,14,0.0102151567116379,0.0612208060920238
EquiformerV2 AD with Hessian training,32277,2587,16,0.0182735361158847,0.0468284673988819
EquiformerV2 AD with Hessian training,14989,2588,12,0.0037427090574055,0.0321823917329311
EquiformerV2 AD with Hessian training,44099,2589,8,0.0327219180762767,0.1562775522470474
EquiformerV2 AD with Hessian training,44587,2590,17,0.0072108679451048,0.0233097970485687
EquiformerV2 AD with Hessian training,1450,2591,10,0.0077718705870211,0.1382405012845993
EquiformerV2 AD with Hessian training,42242,2592,14,0.0215242486447095,0.0739472210407257
EquiformerV2 AD with Hessian training,4297,2593,14,0.0247489158064126,0.0640085935592651
EquiformerV2 AD with Hessian training,7034,2594,16,0.0042878282256424,0.0172515660524368
EquiformerV2 AD with Hessian training,43555,2595,11,0.01228813175112,0.1958596855401992
EquiformerV2 AD with Hessian training,7518,2596,11,0.0142853958532214,0.0951844453811645
EquiformerV2 AD with Hessian training,7971,2597,12,0.0160197485238313,0.0688872188329696
EquiformerV2 AD with Hessian training,5280,2598,11,0.0597142092883586,0.1740264445543289
EquiformerV2 AD with Hessian training,16484,2599,13,0.0030225357040762,0.0308282226324081
EquiformerV2 AD with Hessian training,50161,2600,21,0.0052513987757265,0.015464924275875
EquiformerV2 AD with Hessian training,33692,2601,17,0.004163125064224,0.01697832159698
EquiformerV2 AD with Hessian training,32867,2602,14,0.0044873249717056,0.0221380125731229
EquiformerV2 AD with Hessian training,12946,2603,15,0.004068752285093,0.0240535624325275
EquiformerV2 AD with Hessian training,11074,2604,15,0.0160016231238842,0.0456117466092109
EquiformerV2 AD with Hessian training,30856,2605,15,0.0044810264371335,0.0304316040128469
EquiformerV2 AD with Hessian training,22275,2606,14,0.008589687757194,0.0447083376348018
EquiformerV2 AD with Hessian training,2855,2607,12,0.0188935380429029,0.0638481304049491
EquiformerV2 AD with Hessian training,14477,2608,12,0.0164735484868288,0.0700724124908447
EquiformerV2 AD with Hessian training,38884,2609,14,0.0045294831506907,0.023127295076847
EquiformerV2 AD with Hessian training,46853,2610,13,0.0363144762814044,0.0907373279333114
EquiformerV2 AD with Hessian training,50669,2611,13,0.0110303871333599,0.0860956609249115
EquiformerV2 AD with Hessian training,6213,2612,14,0.0053920848295092,0.0299471337348222
EquiformerV2 AD with Hessian training,18907,2613,16,0.0072238622233271,0.0191283468157053
EquiformerV2 AD with Hessian training,17665,2614,17,0.0076879961416125,0.0255019012838602
EquiformerV2 AD with Hessian training,33196,2615,15,0.0168465301394462,0.0531796403229236
EquiformerV2 AD with Hessian training,45889,2616,15,0.0046869558282196,0.0233537051826715
EquiformerV2 AD with Hessian training,5229,2617,15,0.0140025988221168,0.036029864102602
EquiformerV2 AD with Hessian training,33702,2618,13,0.0035516375210136,0.0247667711228132
EquiformerV2 AD with Hessian training,3412,2619,14,0.017967103049159,0.0690264999866485
EquiformerV2 AD with Hessian training,15010,2620,9,0.0129690412431955,0.4243218600749969
EquiformerV2 AD with Hessian training,38734,2621,12,0.0164938140660524,0.1641324609518051
EquiformerV2 AD with Hessian training,13941,2622,10,0.0160575620830059,0.2593674957752228
EquiformerV2 AD with Hessian training,48640,2623,15,0.016026385128498,0.0620304495096206
EquiformerV2 AD with Hessian training,1163,2624,18,0.0149216707795858,0.0329779535531997
EquiformerV2 AD with Hessian training,23152,2625,12,0.0314330235123634,0.0920268669724464
EquiformerV2 AD with Hessian training,47637,2626,19,0.0018203415675088,0.013689462095499
EquiformerV2 AD with Hessian training,26876,2627,15,0.0301095861941576,0.07437564432621
EquiformerV2 AD with Hessian training,24021,2628,14,0.0102276392281055,0.0602487958967685
EquiformerV2 AD with Hessian training,34697,2629,10,0.0065810801461339,0.0484501533210277
EquiformerV2 AD with Hessian training,39164,2630,14,0.0065608494915068,0.0319754742085933
EquiformerV2 AD with Hessian training,27007,2631,16,0.0026332139968872,0.0162327475845813
EquiformerV2 AD with Hessian training,31320,2632,9,0.0139818983152508,0.3455833494663238
EquiformerV2 AD with Hessian training,12334,2633,12,0.0034205222036689,0.0239753406494855
EquiformerV2 AD with Hessian training,20739,2634,12,0.0090940697118639,0.0420970022678375
EquiformerV2 AD with Hessian training,39621,2635,17,0.0047131790779531,0.0254550222307443
EquiformerV2 AD with Hessian training,32150,2636,14,0.0037210611626505,0.0166176743805408
EquiformerV2 AD with Hessian training,1794,2637,15,0.0110148498788475,0.0375938042998313
EquiformerV2 AD with Hessian training,9205,2638,10,0.031663104891777,0.1749767810106277
EquiformerV2 AD with Hessian training,46939,2639,13,0.0063138697296381,0.037333209067583
EquiformerV2 AD with Hessian training,43686,2640,13,0.0069093704223632,0.0448895171284675
EquiformerV2 AD with Hessian training,16682,2641,15,0.0079289460554718,0.0222361665219068
EquiformerV2 AD with Hessian training,50392,2642,10,0.0755990371108055,0.3539877831935882
EquiformerV2 AD with Hessian training,18057,2643,14,0.0247057303786277,0.0825656801462173
EquiformerV2 AD with Hessian training,12144,2644,16,0.0380399450659751,0.0700423344969749
EquiformerV2 AD with Hessian training,11771,2645,10,0.016520470380783,0.1438099890947342
EquiformerV2 AD with Hessian training,19835,2646,15,0.0211203396320343,0.0596164055168628
EquiformerV2 AD with Hessian training,33926,2647,13,0.0075908931903541,0.0346370488405227
EquiformerV2 AD with Hessian training,43266,2648,17,0.0114977722987532,0.0277996063232421
EquiformerV2 AD with Hessian training,2815,2649,18,0.0136432889848947,0.0478638894855976
EquiformerV2 AD with Hessian training,30575,2650,10,0.046685840934515,0.1860042661428451
EquiformerV2 AD with Hessian training,15213,2651,13,0.0073588164523243,0.0485150553286075
EquiformerV2 AD with Hessian training,1890,2652,12,0.0112398192286491,0.0562663786113262
EquiformerV2 AD with Hessian training,7038,2653,15,0.0045875962823629,0.0197290610522031
EquiformerV2 AD with Hessian training,23344,2654,11,0.0049319984391331,0.0349679328501224
EquiformerV2 AD with Hessian training,33281,2655,14,0.0046281781978905,0.0199716575443744
EquiformerV2 AD with Hessian training,13550,2656,10,0.0101891010999679,0.1719152480363845
EquiformerV2 AD with Hessian training,32447,2657,14,0.0037409025244414,0.0277553610503673
EquiformerV2 AD with Hessian training,37650,2658,12,0.0036960591096431,0.0230533704161643
EquiformerV2 AD with Hessian training,35092,2659,17,0.0076075829565525,0.0331545621156692
EquiformerV2 AD with Hessian training,18413,2660,13,0.0064411093480885,0.0243555419147014
EquiformerV2 AD with Hessian training,28357,2661,14,0.0113382246345281,0.037773210555315
EquiformerV2 AD with Hessian training,2755,2662,16,0.0127692203968763,0.0393403992056846
EquiformerV2 AD with Hessian training,21804,2663,19,0.0083836205303668,0.0238377936184406
EquiformerV2 AD with Hessian training,22617,2664,10,0.0089224465191364,0.073631040751934
EquiformerV2 AD with Hessian training,28389,2665,14,0.0024505804758518,0.0191680155694484
EquiformerV2 AD with Hessian training,6127,2666,12,0.0091829383745789,0.1228885874152183
EquiformerV2 AD with Hessian training,42761,2667,12,0.0057834032922983,0.0567324683070182
EquiformerV2 AD with Hessian training,20308,2668,12,0.0073753925971686,0.0432092398405075
EquiformerV2 AD with Hessian training,18624,2669,19,0.0203499775379896,0.0398407876491546
EquiformerV2 AD with Hessian training,49878,2670,15,0.00334755750373,0.0190089661628007
EquiformerV2 AD with Hessian training,34934,2671,14,0.0043936688452959,0.0250018518418073
EquiformerV2 AD with Hessian training,296,2672,15,0.0150713976472616,0.0553810335695743
EquiformerV2 AD with Hessian training,8722,2673,15,0.0046440376900136,0.0221270155161619
EquiformerV2 AD with Hessian training,50224,2674,15,0.0078536290675401,0.0315012075006961
EquiformerV2 AD with Hessian training,13965,2675,17,0.0102733923122286,0.0296585448086261
EquiformerV2 AD with Hessian training,35080,2676,14,0.004430066794157,0.0212909709662199
EquiformerV2 AD with Hessian training,49837,2677,8,0.0324854589998722,0.3570233583450317
EquiformerV2 AD with Hessian training,16518,2678,13,0.0090326098725199,0.0320929922163486
EquiformerV2 AD with Hessian training,25496,2679,16,0.0251154415309429,0.0979458168148994
EquiformerV2 AD with Hessian training,29840,2680,10,0.0570324435830116,0.297716349363327
EquiformerV2 AD with Hessian training,45910,2681,15,0.0345093831419944,0.0924251601099968
EquiformerV2 AD with Hessian training,29847,2682,16,0.0530352815985679,0.1010618209838867
EquiformerV2 AD with Hessian training,1255,2683,11,0.0104362936690449,0.148604154586792
EquiformerV2 AD with Hessian training,31417,2684,15,0.0054989592172205,0.0277265515178442
EquiformerV2 AD with Hessian training,19814,2685,15,0.0134363444522023,0.0479152910411357
EquiformerV2 AD with Hessian training,27460,2686,19,0.0023726145736873,0.0140685364603996
EquiformerV2 AD with Hessian training,23623,2687,11,0.0388779938220977,0.1373191028833389
EquiformerV2 AD with Hessian training,49468,2688,18,0.0117579633370041,0.0300551448017358
EquiformerV2 AD with Hessian training,3617,2689,13,0.0173076353967189,0.1274438947439193
EquiformerV2 AD with Hessian training,38345,2690,13,0.0095483167096972,0.0388029552996158
EquiformerV2 AD with Hessian training,123,2691,15,0.0101671423763036,0.041914839297533
EquiformerV2 AD with Hessian training,4039,2692,17,0.0053212707862257,0.017686503008008
EquiformerV2 AD with Hessian training,35951,2693,13,0.0171526670455932,0.0540819428861141
EquiformerV2 AD with Hessian training,29633,2694,12,0.0377139784395694,0.0803587809205055
EquiformerV2 AD with Hessian training,11866,2695,11,0.0630778819322586,0.1810115426778793
EquiformerV2 AD with Hessian training,38327,2696,14,0.0078683737665414,0.0318620987236499
EquiformerV2 AD with Hessian training,42982,2697,17,0.0131927104666829,0.0274099670350551
EquiformerV2 AD with Hessian training,3981,2698,14,0.0048468057066202,0.0264918692409992
EquiformerV2 AD with Hessian training,16953,2699,12,0.0116922874003648,0.0578285790979862
EquiformerV2 AD with Hessian training,32508,2700,16,0.0129424054175615,0.0440197773277759
EquiformerV2 AD with Hessian training,49021,2701,11,0.0076678413897752,0.1484152227640152
EquiformerV2 AD with Hessian training,15777,2702,17,0.0026831096038222,0.0149524146690964
EquiformerV2 AD with Hessian training,24775,2703,13,0.0081632761284708,0.0362033061683177
EquiformerV2 AD with Hessian training,27107,2704,12,0.0423288829624652,0.1137369647622108
EquiformerV2 AD with Hessian training,30432,2705,16,0.0037964563816785,0.0132407192140817
EquiformerV2 AD with Hessian training,46942,2706,15,0.0079240193590521,0.0563498809933662
EquiformerV2 AD with Hessian training,20819,2707,12,0.0113413212820887,0.0582039803266525
EquiformerV2 AD with Hessian training,20379,2708,15,0.0176416803151369,0.0397233739495277
EquiformerV2 AD with Hessian training,37504,2709,14,0.0199556741863489,0.0754084140062332
EquiformerV2 AD with Hessian training,3645,2710,15,0.0114563414826989,0.0323806852102279
EquiformerV2 AD with Hessian training,32306,2711,7,0.0151739083230495,0.5414719581604004
EquiformerV2 AD with Hessian training,22633,2712,15,0.1322456747293472,0.1829895973205566
EquiformerV2 AD with Hessian training,21767,2713,17,0.0098687391728162,0.0401126779615879
EquiformerV2 AD with Hessian training,3997,2714,14,0.0114881359040737,0.0405101366341114
EquiformerV2 AD with Hessian training,10093,2715,9,0.0118538457900285,0.0644850879907608
EquiformerV2 AD with Hessian training,14917,2716,14,0.0110775763168931,0.0633439198136329
EquiformerV2 AD with Hessian training,18283,2717,14,0.0056741214357316,0.0232184939086437
EquiformerV2 AD with Hessian training,43278,2718,12,0.0162851046770811,0.065895140171051
EquiformerV2 AD with Hessian training,46132,2719,14,0.3022538125514984,0.4201612472534179
EquiformerV2 AD with Hessian training,28637,2720,14,0.0164053905755281,0.0514963716268539
EquiformerV2 AD with Hessian training,10027,2721,12,0.0246683191508054,0.0645623132586479
EquiformerV2 AD with Hessian training,48211,2722,14,0.0128614958375692,0.0527252331376075
EquiformerV2 AD with Hessian training,36330,2723,14,0.0067071137018501,0.0364026948809623
EquiformerV2 AD with Hessian training,7464,2724,11,0.0640884041786193,0.1812983006238937
EquiformerV2 AD with Hessian training,9831,2725,10,0.0051917461678385,0.0553725883364677
EquiformerV2 AD with Hessian training,25301,2726,12,0.0144626880064606,0.0453938394784927
EquiformerV2 AD with Hessian training,1244,2727,17,0.0036877484526485,0.0166240464895963
EquiformerV2 AD with Hessian training,36266,2728,17,0.0082194441929459,0.0364161543548107
EquiformerV2 AD with Hessian training,45652,2729,15,0.0069976160302758,0.0470891185104846
EquiformerV2 AD with Hessian training,30796,2730,13,0.0092393672093749,0.0530645921826362
EquiformerV2 AD with Hessian training,14508,2731,10,0.011931044049561,0.0695314705371856
EquiformerV2 AD with Hessian training,42627,2732,9,0.0751576423645019,0.2322320640087127
EquiformerV2 AD with Hessian training,44486,2733,14,0.021025326102972,0.0809692740440368
EquiformerV2 AD with Hessian training,44957,2734,15,0.0056056319735944,0.0378365740180015
EquiformerV2 AD with Hessian training,7269,2735,10,0.0184136368334293,0.0707214549183845
EquiformerV2 AD with Hessian training,35386,2736,11,0.0170207563787698,0.0830216258764267
EquiformerV2 AD with Hessian training,45138,2737,12,0.0099882567301392,0.0496913641691207
EquiformerV2 AD with Hessian training,11501,2738,16,0.0084078153595328,0.0258172117173671
EquiformerV2 AD with Hessian training,8079,2739,13,0.0099511900916695,0.0494166202843189
EquiformerV2 AD with Hessian training,4873,2740,16,0.0047327568754553,0.0227618291974067
EquiformerV2 AD with Hessian training,42071,2741,18,0.0078402468934655,0.0274206660687923
EquiformerV2 AD with Hessian training,12626,2742,15,0.0039108311757445,0.0654650852084159
EquiformerV2 AD with Hessian training,41328,2743,17,0.0051632174290716,0.0222211647778749
EquiformerV2 AD with Hessian training,9780,2744,12,0.0025982563383877,0.0212179645895957
EquiformerV2 AD with Hessian training,10663,2745,15,0.0090434020385146,0.0374591387808322
EquiformerV2 AD with Hessian training,28154,2746,13,0.0069379769265651,0.0355025753378868
EquiformerV2 AD with Hessian training,3109,2747,16,0.0086773671209812,0.035263817757368
EquiformerV2 AD with Hessian training,36761,2748,12,0.0044540385715663,0.0513171628117561
EquiformerV2 AD with Hessian training,1649,2749,19,0.00277636712417,0.0124567877501249
EquiformerV2 AD with Hessian training,7579,2750,11,0.0028048446401953,0.0217538960278034
EquiformerV2 AD with Hessian training,30041,2751,10,0.0062028551474213,0.0544086582958698
EquiformerV2 AD with Hessian training,3506,2752,17,0.0378097556531429,0.0810578465461731
EquiformerV2 AD with Hessian training,5163,2753,11,0.0614719837903976,0.1803847849369049
EquiformerV2 AD with Hessian training,44437,2754,12,0.0089946025982499,0.0495219342410564
EquiformerV2 AD with Hessian training,13132,2755,14,0.0206676684319973,0.0542733334004879
EquiformerV2 AD with Hessian training,42940,2756,19,0.0055781756527721,0.0147569747641682
EquiformerV2 AD with Hessian training,6559,2757,12,0.0166707895696163,0.0582647211849689
EquiformerV2 AD with Hessian training,24625,2758,13,0.0089382762089371,0.0394619330763816
EquiformerV2 AD with Hessian training,40641,2759,17,0.0059471470303833,0.0269273184239864
EquiformerV2 AD with Hessian training,17525,2760,16,0.0061667626723647,0.0219548474997282
EquiformerV2 AD with Hessian training,16027,2761,17,0.024910656735301,0.0505314767360687
EquiformerV2 AD with Hessian training,36682,2762,19,0.0046506156213581,0.0137341823428869
EquiformerV2 AD with Hessian training,25928,2763,18,0.0037359890993684,0.0155972633510828
EquiformerV2 AD with Hessian training,13236,2764,13,0.0073538776487112,0.0384591743350029
EquiformerV2 AD with Hessian training,19959,2765,12,0.0113657303154468,0.0535177290439605
EquiformerV2 AD with Hessian training,2046,2766,12,0.0491496063768863,0.1607095152139663
EquiformerV2 AD with Hessian training,19753,2767,15,0.0129557661712169,0.0654105022549629
EquiformerV2 AD with Hessian training,46348,2768,7,0.0115291951224207,0.3043427467346191
EquiformerV2 AD with Hessian training,39603,2769,8,0.0435064062476158,0.563435435295105
EquiformerV2 AD with Hessian training,37624,2770,12,0.0028746931347995,0.0253997147083282
EquiformerV2 AD with Hessian training,18153,2771,11,0.0174356419593095,0.0682675912976265
EquiformerV2 AD with Hessian training,28979,2772,12,0.0091503309085965,0.0532506071031093
EquiformerV2 AD with Hessian training,45812,2773,14,0.0270567461848258,0.0533219203352928
EquiformerV2 AD with Hessian training,18367,2774,14,0.0085521396249532,0.038979198783636
EquiformerV2 AD with Hessian training,30085,2775,11,0.0295643955469131,0.3971635401248932
EquiformerV2 AD with Hessian training,19912,2776,14,0.0142078781500458,0.0792215690016746
EquiformerV2 AD with Hessian training,18686,2777,11,0.0471659004688262,0.3227268159389496
EquiformerV2 AD with Hessian training,33856,2778,12,0.0095085157081484,0.0868554860353469
EquiformerV2 AD with Hessian training,45136,2779,16,0.0115898605436086,0.0393833927810192
EquiformerV2 AD with Hessian training,17830,2780,16,0.0031772372312843,0.0237758792936801
EquiformerV2 AD with Hessian training,19871,2781,11,0.006743321660906,0.1618061661720276
EquiformerV2 AD with Hessian training,45742,2782,14,0.0149922668933868,0.0520552396774292
EquiformerV2 AD with Hessian training,25467,2783,14,0.0055776997469365,0.0299157369881868
EquiformerV2 AD with Hessian training,37237,2784,13,0.020203910768032,0.0708250999450683
EquiformerV2 AD with Hessian training,9087,2785,13,0.0047426815144717,0.034087736159563
EquiformerV2 AD with Hessian training,2586,2786,15,0.0329878367483615,0.0934512764215469
EquiformerV2 AD with Hessian training,17651,2787,11,0.0032873954623937,0.0298110637813806
EquiformerV2 AD with Hessian training,21733,2788,15,0.0127468295395374,0.0532826147973537
EquiformerV2 AD with Hessian training,26171,2789,9,0.0725966095924377,0.2551004588603973
EquiformerV2 AD with Hessian training,45281,2790,12,0.0053478269837796,0.0275520868599414
EquiformerV2 AD with Hessian training,36048,2791,10,0.0206585731357336,0.21922467648983
EquiformerV2 AD with Hessian training,23924,2792,11,0.0086171878501772,0.0648833140730857
EquiformerV2 AD with Hessian training,49692,2793,10,0.1051102206110954,0.2428575307130813
EquiformerV2 AD with Hessian training,22911,2794,12,0.0199480485171079,0.0855909138917923
EquiformerV2 AD with Hessian training,20029,2795,17,0.0046482025645673,0.0172581207007169
EquiformerV2 AD with Hessian training,4342,2796,10,0.0164456069469451,0.2067420482635498
EquiformerV2 AD with Hessian training,39954,2797,15,0.0034271902404725,0.0197158902883529
EquiformerV2 AD with Hessian training,669,2798,16,0.0468270927667617,0.0724456682801246
EquiformerV2 AD with Hessian training,33553,2799,14,0.1030904576182365,0.159633606672287
EquiformerV2 AD with Hessian training,49343,2800,15,0.0076557765714824,0.0313275605440139
EquiformerV2 AD with Hessian training,24042,2801,14,0.0036346924025565,0.0164844524115324
EquiformerV2 AD with Hessian training,12491,2802,16,0.0023912298493087,0.0126811098307371
EquiformerV2 AD with Hessian training,25051,2803,11,0.0699432417750358,0.2966490089893341
EquiformerV2 AD with Hessian training,30268,2804,13,0.0040716305375099,0.03100679628551
EquiformerV2 AD with Hessian training,33993,2805,14,0.0036205926444381,0.0226265359669923
EquiformerV2 AD with Hessian training,3450,2806,16,0.002980415476486,0.0184825528413057
EquiformerV2 AD with Hessian training,15186,2807,16,0.0362634100019931,0.0737209469079971
EquiformerV2 AD with Hessian training,36896,2808,15,0.0024060525465756,0.0218863636255264
EquiformerV2 AD with Hessian training,5471,2809,13,0.0045735742896795,0.0281888358294963
EquiformerV2 AD with Hessian training,11952,2810,14,0.0089343106374144,0.061046652495861
EquiformerV2 AD with Hessian training,19834,2811,16,0.0581950396299362,0.0855229049921035
EquiformerV2 AD with Hessian training,39788,2812,15,0.0064691929146647,0.0261714681982994
EquiformerV2 AD with Hessian training,7512,2813,17,0.0116731598973274,0.0347170829772949
EquiformerV2 AD with Hessian training,8419,2814,15,0.0108783384785056,0.0410764142870903
EquiformerV2 AD with Hessian training,15994,2815,19,0.011751240119338,0.0324418656527996
EquiformerV2 AD with Hessian training,6979,2816,12,0.0203210711479187,0.0714805051684379
EquiformerV2 AD with Hessian training,78,2817,10,0.0049625956453382,0.0418614037334919
EquiformerV2 AD with Hessian training,28694,2818,12,0.0078091737814247,0.0346088893711566
EquiformerV2 AD with Hessian training,29061,2819,16,0.0230716355144977,0.0496635921299457
EquiformerV2 AD with Hessian training,10263,2820,16,0.0017929871100932,0.0113848848268389
EquiformerV2 AD with Hessian training,42189,2821,13,0.002294632140547,0.0157284494489431
EquiformerV2 AD with Hessian training,41756,2822,12,0.012222540564835,0.0441372469067573
EquiformerV2 AD with Hessian training,37973,2823,17,0.0156636759638786,0.0350324437022209
EquiformerV2 AD with Hessian training,38049,2824,13,0.0036252820864319,0.0250460375100374
EquiformerV2 AD with Hessian training,44130,2825,16,0.0033310472499579,0.0173698402941226
EquiformerV2 AD with Hessian training,9095,2826,11,0.0030147791840136,0.0259801242500543
EquiformerV2 AD with Hessian training,19436,2827,13,0.0057360371574759,0.0451170764863491
EquiformerV2 AD with Hessian training,22410,2828,15,0.009998477064073,0.0365058593451976
EquiformerV2 AD with Hessian training,40403,2829,12,0.0137044414877891,0.0722022131085395
EquiformerV2 AD with Hessian training,32731,2830,14,0.0356039851903915,0.0928394421935081
EquiformerV2 AD with Hessian training,26968,2831,17,0.004400348290801,0.0245641153305768
EquiformerV2 AD with Hessian training,27832,2832,14,0.013245141133666,0.0816991478204727
EquiformerV2 AD with Hessian training,20858,2833,15,0.003725443733856,0.018358277156949
EquiformerV2 AD with Hessian training,47706,2834,15,0.0040933452546596,0.0200283825397491
EquiformerV2 AD with Hessian training,10111,2835,15,0.0045060641132295,0.0303717423230409
EquiformerV2 AD with Hessian training,19233,2836,16,0.0036471462808549,0.0184284672141075
EquiformerV2 AD with Hessian training,37025,2837,13,0.0218388326466083,0.0844637379050254
EquiformerV2 AD with Hessian training,16208,2838,9,0.1033146828413009,0.273390382528305
EquiformerV2 AD with Hessian training,50583,2839,16,0.0067646014504134,0.023526307195425
EquiformerV2 AD with Hessian training,41828,2840,16,0.0083322888240218,0.0311377644538879
EquiformerV2 AD with Hessian training,19688,2841,14,0.0065986798144876,0.045129407197237
EquiformerV2 AD with Hessian training,36986,2842,13,0.0297567415982484,0.076640747487545
EquiformerV2 AD with Hessian training,20083,2843,17,0.0046845064498484,0.0224455967545509
EquiformerV2 AD with Hessian training,44905,2844,13,0.0097313122823834,0.0537647753953933
EquiformerV2 AD with Hessian training,6709,2845,18,0.0028083086945116,0.0139081235975027
EquiformerV2 AD with Hessian training,6587,2846,13,0.0020263276528567,0.0174411702901124
EquiformerV2 AD with Hessian training,7271,2847,12,0.0135448351502418,0.060295894742012
EquiformerV2 AD with Hessian training,28120,2848,15,0.0058357585221529,0.0257035754621028
EquiformerV2 AD with Hessian training,47826,2849,12,0.0265614744275808,0.1372454464435577
EquiformerV2 AD with Hessian training,10297,2850,12,0.0126031786203384,0.0641906633973121
EquiformerV2 AD with Hessian training,17585,2851,10,0.0399969145655632,0.3535391092300415
EquiformerV2 AD with Hessian training,7454,2852,14,0.0099655510857701,0.0355617366731166
EquiformerV2 AD with Hessian training,22477,2853,13,0.0227228496223688,0.0579199083149433
EquiformerV2 AD with Hessian training,23175,2854,16,0.0040347101166844,0.0476427227258682
EquiformerV2 AD with Hessian training,44572,2855,10,0.011225014925003,0.0647998303174972
EquiformerV2 AD with Hessian training,40485,2856,9,0.0113870184868574,0.4319157302379608
EquiformerV2 AD with Hessian training,46083,2857,14,0.0051235109567642,0.0207243543118238
EquiformerV2 AD with Hessian training,35102,2858,17,0.0069556045345962,0.0221272949129343
EquiformerV2 AD with Hessian training,40750,2859,12,0.099609836935997,0.1803868114948272
EquiformerV2 AD with Hessian training,2938,2860,19,0.0035862054210156,0.0210252720862627
EquiformerV2 AD with Hessian training,35959,2861,12,0.0362012721598148,0.1418117731809616
EquiformerV2 AD with Hessian training,5676,2862,19,0.005479724612087,0.018332552164793
EquiformerV2 AD with Hessian training,7683,2863,9,0.0220566540956497,0.2599484324455261
EquiformerV2 AD with Hessian training,26125,2864,15,0.0171947292983531,0.0559143051505088
EquiformerV2 AD with Hessian training,28524,2865,14,0.008102448657155,0.0397230684757232
EquiformerV2 AD with Hessian training,20371,2866,13,0.0067051006481051,0.0347242727875709
EquiformerV2 AD with Hessian training,17569,2867,11,0.0104092201218009,0.0516286380589008
EquiformerV2 AD with Hessian training,4503,2868,16,0.0022394445259124,0.0146532030776143
EquiformerV2 AD with Hessian training,3996,2869,11,0.0059843184426426,0.0475930012762546
EquiformerV2 AD with Hessian training,24243,2870,14,0.0119753740727901,0.0354506000876426
EquiformerV2 AD with Hessian training,40775,2871,10,0.0141964899376034,0.0667451098561286
EquiformerV2 AD with Hessian training,11840,2872,18,0.0031980739440768,0.0145974494516849
EquiformerV2 AD with Hessian training,37299,2873,13,0.0678576603531837,0.1655328869819641
EquiformerV2 AD with Hessian training,1063,2874,14,0.0079108802601695,0.0476497299969196
EquiformerV2 AD with Hessian training,50713,2875,16,0.0132037093862891,0.0386543944478035
EquiformerV2 AD with Hessian training,31173,2876,14,0.0126437451690435,0.0454428903758525
EquiformerV2 AD with Hessian training,41327,2877,14,0.0074694752693176,0.0423644371330738
EquiformerV2 AD with Hessian training,23372,2878,11,0.0475747659802436,0.1609205156564712
EquiformerV2 AD with Hessian training,2641,2879,18,0.0037154692690819,0.0157025419175624
EquiformerV2 AD with Hessian training,22045,2880,13,0.0781033337116241,0.1427846252918243
EquiformerV2 AD with Hessian training,12095,2881,16,0.0112729165703058,0.0322471857070922
EquiformerV2 AD with Hessian training,38866,2882,15,0.0157469306141138,0.0625261217355728
EquiformerV2 AD with Hessian training,35971,2883,16,0.0024283495731651,0.0159824844449758
EquiformerV2 AD with Hessian training,32307,2884,16,0.0090109715238213,0.0317562893033027
EquiformerV2 AD with Hessian training,14890,2885,15,0.0022707988973706,0.0101173417642712
EquiformerV2 AD with Hessian training,44669,2886,12,0.052566111087799,0.1877679526805877
EquiformerV2 AD with Hessian training,3249,2887,15,0.0067422720603644,0.0413112267851829
EquiformerV2 AD with Hessian training,18496,2888,9,0.0345504246652126,0.3021635115146637
EquiformerV2 AD with Hessian training,36594,2889,9,0.0080268010497093,0.0966850072145462
EquiformerV2 AD with Hessian training,17291,2890,8,0.0074653662741184,0.4097286462783813
EquiformerV2 AD with Hessian training,42759,2891,12,0.0047570210881531,0.0293141771107912
EquiformerV2 AD with Hessian training,10461,2892,16,0.006073837634176,0.0164078380912542
EquiformerV2 AD with Hessian training,20011,2893,18,0.0073043415322899,0.0370536372065544
EquiformerV2 AD with Hessian training,26194,2894,13,0.1019186601042747,0.1410760283470153
EquiformerV2 AD with Hessian training,30870,2895,16,0.0080230012536048,0.0577424094080925
EquiformerV2 AD with Hessian training,18017,2896,15,0.002396471099928,0.0219030492007732
EquiformerV2 AD with Hessian training,28243,2897,13,0.0143572855740785,0.0440111793577671
EquiformerV2 AD with Hessian training,43859,2898,14,0.0044410554692149,0.0207551978528499
EquiformerV2 AD with Hessian training,7815,2899,13,0.0058308970183134,0.0334566682577133
EquiformerV2 AD with Hessian training,22389,2900,16,0.0103244762867689,0.0354965478181839
EquiformerV2 AD with Hessian training,46173,2901,16,0.0032121657859534,0.0208370126783847
EquiformerV2 AD with Hessian training,46882,2902,12,0.0176547560840845,0.0696250051259994
EquiformerV2 AD with Hessian training,9047,2903,10,0.0130869662389159,0.074575550854206
EquiformerV2 AD with Hessian training,32075,2904,14,0.0103706335648894,0.0493680052459239
EquiformerV2 AD with Hessian training,18757,2905,11,0.0052442988380789,0.0789046287536621
EquiformerV2 AD with Hessian training,18715,2906,19,0.0018411496421322,0.0097657078877091
EquiformerV2 AD with Hessian training,18387,2907,14,0.010942792519927,0.0460737533867359
EquiformerV2 AD with Hessian training,32551,2908,11,0.0316796414554119,0.1104989647865295
EquiformerV2 AD with Hessian training,32589,2909,12,0.0182991959154605,0.0861425623297691
EquiformerV2 AD with Hessian training,30417,2910,12,0.0668771266937255,0.1793821901082992
EquiformerV2 AD with Hessian training,29703,2911,20,0.0099800191819667,0.0259641520678997
EquiformerV2 AD with Hessian training,19121,2912,7,0.0141618931666016,0.3241925239562988
EquiformerV2 AD with Hessian training,14068,2913,11,0.0047046961262822,0.0289977304637432
EquiformerV2 AD with Hessian training,41232,2914,14,0.0193142034113407,0.1180844902992248
EquiformerV2 AD with Hessian training,14542,2915,12,0.0388054512441158,0.163796529173851
EquiformerV2 AD with Hessian training,16174,2916,15,0.0039536333642899,0.0193336512893438
EquiformerV2 AD with Hessian training,18879,2917,12,0.0128923933953046,0.0499693267047405
EquiformerV2 AD with Hessian training,7931,2918,14,0.0076077850535511,0.0522269941866397
EquiformerV2 AD with Hessian training,6384,2919,13,0.0045395167544484,0.0299451872706413
EquiformerV2 AD with Hessian training,16308,2920,13,0.0058645620010793,0.0406705923378467
EquiformerV2 AD with Hessian training,26443,2921,12,0.0560481362044811,0.1128912940621376
EquiformerV2 AD with Hessian training,11794,2922,15,0.0058187553659081,0.0260765813291072
EquiformerV2 AD with Hessian training,41313,2923,13,0.01351735368371,0.107691191136837
EquiformerV2 AD with Hessian training,36757,2924,13,0.0068598412908613,0.0339606218039989
EquiformerV2 AD with Hessian training,30036,2925,13,0.0043431045487523,0.0285015702247619
EquiformerV2 AD with Hessian training,37983,2926,15,0.0259514544159173,0.0925265252590179
EquiformerV2 AD with Hessian training,26255,2927,15,0.0162934847176074,0.0628772750496864
EquiformerV2 AD with Hessian training,41081,2928,11,0.0107406424358487,0.2328163385391235
EquiformerV2 AD with Hessian training,21482,2929,13,0.0288084354251623,0.0660053417086601
EquiformerV2 AD with Hessian training,35661,2930,13,0.06171315908432,0.1581123173236847
EquiformerV2 AD with Hessian training,42454,2931,15,0.0072630327194929,0.0349913351237773
EquiformerV2 AD with Hessian training,34524,2932,13,0.0103505374863743,0.0499588027596473
EquiformerV2 AD with Hessian training,33380,2933,12,0.0151466764509677,0.0748388618230819
EquiformerV2 AD with Hessian training,46224,2934,16,0.0035044406540691,0.0131281539797782
EquiformerV2 AD with Hessian training,8232,2935,10,0.086715430021286,0.4099647104740143
EquiformerV2 AD with Hessian training,18315,2936,12,0.0201968345791101,0.0718253180384635
EquiformerV2 AD with Hessian training,40965,2937,15,0.0078484443947672,0.0281123407185077
EquiformerV2 AD with Hessian training,4546,2938,10,0.0166644118726253,0.2502289414405823
EquiformerV2 AD with Hessian training,13503,2939,13,0.0261020418256521,0.0787665247917175
EquiformerV2 AD with Hessian training,23592,2940,16,0.0102477502077817,0.0364356003701686
EquiformerV2 AD with Hessian training,24790,2941,17,0.0166105721145868,0.0511041767895221
EquiformerV2 AD with Hessian training,1774,2942,12,0.0033299082424491,0.0318904966115951
EquiformerV2 AD with Hessian training,9742,2943,12,0.0095183998346328,0.0443529970943927
EquiformerV2 AD with Hessian training,19731,2944,15,0.0282122325152158,0.0726644247770309
EquiformerV2 AD with Hessian training,28415,2945,14,0.0130301816388964,0.0562348812818527
EquiformerV2 AD with Hessian training,44690,2946,15,0.0029130121693015,0.0183005444705486
EquiformerV2 AD with Hessian training,20025,2947,9,0.0157524663954973,0.0848432704806327
EquiformerV2 AD with Hessian training,49465,2948,17,0.0112934932112693,0.0306093618273735
EquiformerV2 AD with Hessian training,30001,2949,15,0.0126997418701648,0.0556492507457733
EquiformerV2 AD with Hessian training,24601,2950,12,0.0145055903121829,0.0722893252968788
EquiformerV2 AD with Hessian training,31299,2951,21,0.0072273067198693,0.0238289516419172
EquiformerV2 AD with Hessian training,43105,2952,15,0.0030500409193336,0.0198572501540184
EquiformerV2 AD with Hessian training,17099,2953,15,0.010188341140747,0.0585744231939315
EquiformerV2 AD with Hessian training,40707,2954,14,0.00917299836874,0.0520926229655742
EquiformerV2 AD with Hessian training,24233,2955,19,0.0126268239691853,0.0281430017203092
EquiformerV2 AD with Hessian training,8532,2956,12,0.010697977617383,0.0490377582609653
EquiformerV2 AD with Hessian training,10932,2957,14,0.0026900812517851,0.0150115983560681
EquiformerV2 AD with Hessian training,8792,2958,17,0.0060481443069875,0.0237898621708154
EquiformerV2 AD with Hessian training,33125,2959,20,0.0071944780647754,0.0202559791505336
EquiformerV2 AD with Hessian training,43350,2960,12,0.0195571649819612,0.1340072900056839
EquiformerV2 AD with Hessian training,37425,2961,17,0.0367028154432773,0.0521280951797962
EquiformerV2 AD with Hessian training,33213,2962,14,0.0050684511661529,0.0349743217229843
EquiformerV2 AD with Hessian training,23651,2963,12,0.0165645275264978,0.1058824434876442
EquiformerV2 AD with Hessian training,10873,2964,19,0.0064394157379865,0.0192522536963224
EquiformerV2 AD with Hessian training,50507,2965,12,0.0378704145550727,0.1466230899095535
EquiformerV2 AD with Hessian training,31190,2966,14,0.006770237814635,0.0336737856268882
EquiformerV2 AD with Hessian training,28945,2967,10,0.0292961169034242,0.1162840127944946
EquiformerV2 AD with Hessian training,35118,2968,15,0.0153803685680031,0.04690657928586
EquiformerV2 AD with Hessian training,20046,2969,17,0.0040314928628504,0.0184153467416763
EquiformerV2 AD with Hessian training,37645,2970,16,0.0542846135795116,0.0849503576755523
EquiformerV2 AD with Hessian training,30941,2971,11,0.0244105849415063,0.0895120948553085
EquiformerV2 AD with Hessian training,37218,2972,8,0.0728618055582046,0.4983671009540558
EquiformerV2 AD with Hessian training,27810,2973,14,0.0096912197768688,0.0621188171207904
EquiformerV2 AD with Hessian training,19630,2974,11,0.0462388806045055,0.1452080458402633
EquiformerV2 AD with Hessian training,28461,2975,21,0.0068661533296108,0.0152127677574753
EquiformerV2 AD with Hessian training,25239,2976,17,0.0050715068355202,0.022842388600111
EquiformerV2 AD with Hessian training,16952,2977,15,0.0194473639130592,0.0524195842444896
EquiformerV2 AD with Hessian training,42258,2978,11,0.011637189425528,0.0506837144494056
EquiformerV2 AD with Hessian training,10184,2979,13,0.0469883121550083,0.1834496110677719
EquiformerV2 AD with Hessian training,26092,2980,17,0.0654746145009994,0.1093267053365707
EquiformerV2 AD with Hessian training,50682,2981,14,0.0080706011503934,0.0301114469766616
EquiformerV2 AD with Hessian training,17394,2982,13,0.003333854721859,0.0304842479526996
EquiformerV2 AD with Hessian training,25452,2983,12,0.0157955680042505,0.0912132337689399
EquiformerV2 AD with Hessian training,13911,2984,15,0.0021754794288426,0.0166107807308435
EquiformerV2 AD with Hessian training,15074,2985,16,0.0137666305527091,0.0479330606758594
EquiformerV2 AD with Hessian training,45747,2986,9,0.0129126887768507,0.0561419129371643
EquiformerV2 AD with Hessian training,19911,2987,11,0.0652720555663108,0.2424416989088058
EquiformerV2 AD with Hessian training,9710,2988,12,0.0140685178339481,0.0586033463478088
EquiformerV2 AD with Hessian training,42065,2989,15,0.0238445103168487,0.0864982828497886
EquiformerV2 AD with Hessian training,7157,2990,19,0.0073774582706391,0.0240876954048872
EquiformerV2 AD with Hessian training,19687,2991,15,0.0078530348837375,0.0327716805040836
EquiformerV2 AD with Hessian training,398,2992,14,0.0121173253282904,0.0925419479608535
EquiformerV2 AD with Hessian training,29278,2993,8,0.0077862883917987,0.4166305363178253
EquiformerV2 AD with Hessian training,39051,2994,13,0.0075161941349506,0.0481574311852455
EquiformerV2 AD with Hessian training,22147,2995,14,0.0098239686340093,0.0406671129167079
EquiformerV2 AD with Hessian training,32166,2996,14,0.0058817574754357,0.0359690636396408
EquiformerV2 AD with Hessian training,479,2997,19,0.0044185211881995,0.0212944578379392
EquiformerV2 AD with Hessian training,23475,2998,11,0.0705027133226394,0.2626020908355713
EquiformerV2 AD with Hessian training,35146,2999,17,0.0062591284513473,0.0289767254143953
EquiformerV2 AD with Hessian training,7567,3000,14,0.0095380656421184,0.0635048076510429
EquiformerV2 AD with Hessian training,3262,3001,14,0.0045578191056847,0.0254076365381479
EquiformerV2 AD with Hessian training,6315,3002,15,0.0077072484418749,0.0270690582692623
EquiformerV2 AD with Hessian training,21050,3003,14,0.0158586613833904,0.0521531403064727
EquiformerV2 AD with Hessian training,7152,3004,14,0.0075790812261402,0.0529644601047039
EquiformerV2 AD with Hessian training,33116,3005,13,0.0056364499032497,0.0358390621840953
EquiformerV2 AD with Hessian training,38481,3006,8,0.0365388430655002,0.2440145015716552
EquiformerV2 AD with Hessian training,1512,3007,11,0.009129948914051,0.1701780706644058
EquiformerV2 AD with Hessian training,48903,3008,17,0.0050046062096953,0.0237857364118099
EquiformerV2 AD with Hessian training,29354,3009,12,0.0168202854692935,0.0607145465910434
EquiformerV2 AD with Hessian training,46089,3010,16,0.0181897021830081,0.0463255383074283
EquiformerV2 AD with Hessian training,3756,3011,14,0.0119874123483896,0.0562680512666702
EquiformerV2 AD with Hessian training,16320,3012,13,0.0031973684672266,0.0388173498213291
EquiformerV2 AD with Hessian training,38202,3013,16,0.0075977630913257,0.0296093486249446
EquiformerV2 AD with Hessian training,34047,3014,18,0.0075457659550011,0.026438882574439
EquiformerV2 AD with Hessian training,26300,3015,8,0.0273797325789928,0.2445105761289596
EquiformerV2 AD with Hessian training,4990,3016,14,0.0092091914266347,0.0404550656676292
EquiformerV2 AD with Hessian training,43793,3017,15,0.010613540187478,0.0335470549762249
EquiformerV2 AD with Hessian training,31495,3018,12,0.0168126765638589,0.0618328750133514
EquiformerV2 AD with Hessian training,33701,3019,17,0.0056928540579974,0.0210177842527627
EquiformerV2 AD with Hessian training,24273,3020,17,0.0095696728676557,0.0422692112624645
EquiformerV2 AD with Hessian training,34238,3021,16,0.0269162058830261,0.0589065141975879
EquiformerV2 AD with Hessian training,38253,3022,15,0.1167793795466423,0.14414644241333
EquiformerV2 AD with Hessian training,35590,3023,15,0.0109528163447976,0.0677813217043876
EquiformerV2 AD with Hessian training,33658,3024,17,0.0024654015433043,0.0157407745718956
EquiformerV2 AD with Hessian training,40102,3025,12,0.0039603472687304,0.0255923103541135
EquiformerV2 AD with Hessian training,33292,3026,13,0.0077228476293385,0.0333435349166393
EquiformerV2 AD with Hessian training,9723,3027,13,0.0167947206646204,0.0640902668237686
EquiformerV2 AD with Hessian training,18722,3028,9,0.0418876893818378,0.2256092578172683
EquiformerV2 AD with Hessian training,5501,3029,14,0.0170304607599973,0.0657561346888542
EquiformerV2 AD with Hessian training,19618,3030,17,0.0080795595422387,0.0257624592632055
EquiformerV2 AD with Hessian training,24424,3031,18,0.0063360268250107,0.0246268529444932
EquiformerV2 AD with Hessian training,44222,3032,14,0.0041940007358789,0.0209196619689464
EquiformerV2 AD with Hessian training,15620,3033,17,0.004250755533576,0.0196459479629993
EquiformerV2 AD with Hessian training,38739,3034,11,0.0308370664715766,0.1128882095217704
EquiformerV2 AD with Hessian training,41191,3035,19,0.0053897397592663,0.0185019467025995
EquiformerV2 AD with Hessian training,47156,3036,19,0.0071157300844788,0.0172834768891334
EquiformerV2 AD with Hessian training,24065,3037,15,0.0504803285002708,0.0884536653757095
EquiformerV2 AD with Hessian training,15572,3038,11,0.005887456703931,0.2101402431726455
EquiformerV2 AD with Hessian training,13306,3039,11,0.0426283627748489,0.2931259572505951
EquiformerV2 AD with Hessian training,38662,3040,14,0.0263923611491918,0.0642214491963386
EquiformerV2 AD with Hessian training,39001,3041,10,0.0256324149668216,0.1835274249315261
EquiformerV2 AD with Hessian training,14906,3042,9,0.00839723367244,0.5911519527435303
EquiformerV2 AD with Hessian training,7288,3043,16,0.0080883847549557,0.0231898669153451
EquiformerV2 AD with Hessian training,17801,3044,14,0.0132209714502096,0.0326460972428321
EquiformerV2 AD with Hessian training,50376,3045,11,0.0122567294165492,0.0623294897377491
EquiformerV2 AD with Hessian training,19009,3046,12,0.0226174630224704,0.0829165801405906
EquiformerV2 AD with Hessian training,17898,3047,19,0.0068807913921773,0.0237969998270273
EquiformerV2 AD with Hessian training,33012,3048,12,0.0350125320255756,0.1441650986671447
EquiformerV2 AD with Hessian training,33232,3049,13,0.0029342761263251,0.0864701047539711
EquiformerV2 AD with Hessian training,3459,3050,11,0.0108048319816589,0.0615970343351364
EquiformerV2 AD with Hessian training,29296,3051,12,0.0767996832728385,0.1390850692987442
EquiformerV2 AD with Hessian training,47647,3052,10,0.0070630572736263,0.0877305939793586
EquiformerV2 AD with Hessian training,21799,3053,10,0.0407520122826099,0.1443194299936294
EquiformerV2 AD with Hessian training,34760,3054,19,0.013157557696104,0.0339180305600166
EquiformerV2 AD with Hessian training,50105,3055,11,0.0076608010567724,0.0456192754209041
EquiformerV2 AD with Hessian training,17486,3056,16,0.003476349171251,0.0152775710448622
EquiformerV2 AD with Hessian training,8770,3057,10,0.0347764492034912,0.2406452447175979
EquiformerV2 AD with Hessian training,21318,3058,15,0.0219778176397085,0.0556624718010425
EquiformerV2 AD with Hessian training,41236,3059,10,0.0188873689621686,0.1532228738069534
EquiformerV2 AD with Hessian training,768,3060,12,0.0117977084591984,0.0428420826792717
EquiformerV2 AD with Hessian training,5398,3061,12,0.0043305116705596,0.0280234850943088
EquiformerV2 AD with Hessian training,46161,3062,11,0.0167356114834547,0.1376781016588211
EquiformerV2 AD with Hessian training,16333,3063,16,0.0054320110939443,0.0180672369897365
EquiformerV2 AD with Hessian training,9293,3064,13,0.012593911960721,0.0481407195329666
EquiformerV2 AD with Hessian training,23350,3065,15,0.0060362638905644,0.0240545123815536
EquiformerV2 AD with Hessian training,18772,3066,16,0.0241678114980459,0.0664628744125366
EquiformerV2 AD with Hessian training,42092,3067,13,0.0555032342672348,0.1213650852441787
EquiformerV2 AD with Hessian training,14559,3068,13,0.0082906577736139,0.0505663566291332
EquiformerV2 AD with Hessian training,15241,3069,11,0.0028305330779403,0.0215144157409667
EquiformerV2 AD with Hessian training,40144,3070,11,0.0118137514218688,0.0494262687861919
EquiformerV2 AD with Hessian training,48720,3071,11,0.007907411083579,0.1262333244085312
EquiformerV2 AD with Hessian training,18818,3072,16,0.0059015615843236,0.0255069229751825
EquiformerV2 AD with Hessian training,33189,3073,18,0.0076591749675571,0.0279032047837972
EquiformerV2 AD with Hessian training,42724,3074,10,0.0292460061609745,0.1284642368555069
EquiformerV2 AD with Hessian training,7407,3075,12,0.0053687868639826,0.030721690505743
EquiformerV2 AD with Hessian training,35445,3076,15,0.0099241891875863,0.0366610661149024
EquiformerV2 AD with Hessian training,16211,3077,19,0.0063343131914734,0.0307833086699247
EquiformerV2 AD with Hessian training,4356,3078,11,0.0114866523072123,0.0798263177275657
EquiformerV2 AD with Hessian training,34476,3079,13,0.0362869314849376,0.0765971839427948
EquiformerV2 AD with Hessian training,44234,3080,17,0.0027429340407252,0.016148392111063
EquiformerV2 AD with Hessian training,10527,3081,16,0.0143772698938846,0.0381512641906738
EquiformerV2 AD with Hessian training,43149,3082,14,0.0182641148567199,0.1015824750065803
EquiformerV2 AD with Hessian training,9479,3083,12,0.0106112323701381,0.0532811619341373
EquiformerV2 AD with Hessian training,18597,3084,16,0.0406373143196105,0.065213456749916
EquiformerV2 AD with Hessian training,31562,3085,13,0.004535608459264,0.0182598624378442
EquiformerV2 AD with Hessian training,11497,3086,14,0.0189780164510011,0.0919644087553024
EquiformerV2 AD with Hessian training,48254,3087,12,0.0174849275499582,0.0758261606097221
EquiformerV2 AD with Hessian training,457,3088,16,0.0192453693598508,0.041804127395153
EquiformerV2 AD with Hessian training,48600,3089,17,0.0026116948574781,0.0141183398663997
EquiformerV2 AD with Hessian training,42123,3090,17,0.0091817211359739,0.0293845999985933
EquiformerV2 AD with Hessian training,22100,3091,17,0.002822941634804,0.0167472306638956
EquiformerV2 AD with Hessian training,28978,3092,14,0.0057365046814084,0.0313337221741676
EquiformerV2 AD with Hessian training,1166,3093,10,0.0283460263162851,0.1838234961032867
EquiformerV2 AD with Hessian training,12836,3094,21,0.0083732213824987,0.0255530402064323
EquiformerV2 AD with Hessian training,39574,3095,13,0.0112692788243293,0.0517250746488571
EquiformerV2 AD with Hessian training,50319,3096,16,0.0105314766988158,0.0312276426702737
EquiformerV2 AD with Hessian training,49736,3097,14,0.0026762587949633,0.0171595886349678
EquiformerV2 AD with Hessian training,41871,3098,14,0.0080275041982531,0.0463362969458103
EquiformerV2 AD with Hessian training,26579,3099,17,0.0189605709165334,0.0495550557971
EquiformerV2 AD with Hessian training,31382,3100,13,0.0319325402379035,0.087137296795845
EquiformerV2 AD with Hessian training,24977,3101,15,0.0040570483542978,0.0241738203912973
EquiformerV2 AD with Hessian training,13672,3102,13,0.0553988851606845,0.1353979110717773
EquiformerV2 AD with Hessian training,33997,3103,16,0.0063790371641516,0.0287495385855436
EquiformerV2 AD with Hessian training,49949,3104,16,0.02045414224267,0.0568181425333023
EquiformerV2 AD with Hessian training,8694,3105,13,0.0315872691571712,0.0873207971453666
EquiformerV2 AD with Hessian training,35313,3106,15,0.0047802892513573,0.0570063889026641
EquiformerV2 AD with Hessian training,28333,3107,15,0.004490649793297,0.0228188745677471
EquiformerV2 AD with Hessian training,7796,3108,12,0.0445457175374031,0.1193362325429916
EquiformerV2 AD with Hessian training,16511,3109,10,0.0085126822814345,0.4360336363315582
EquiformerV2 AD with Hessian training,11764,3110,9,0.0412423126399517,0.2213561683893203
EquiformerV2 AD with Hessian training,48417,3111,15,0.0104293152689933,0.0494870617985725
EquiformerV2 AD with Hessian training,32049,3112,14,0.0194250270724296,0.0731796249747276
EquiformerV2 AD with Hessian training,31638,3113,13,0.023346209898591,0.070963978767395
EquiformerV2 AD with Hessian training,15183,3114,14,0.0096785966306924,0.0762512311339378
EquiformerV2 AD with Hessian training,35027,3115,15,0.0268660057336092,0.0664745196700096
EquiformerV2 AD with Hessian training,1745,3116,16,0.0040464741177856,0.022334748879075
EquiformerV2 AD with Hessian training,22999,3117,17,0.0072839264757931,0.0232198406010866
EquiformerV2 AD with Hessian training,5611,3118,15,0.0160183031111955,0.0342287719249725
EquiformerV2 AD with Hessian training,226,3119,12,0.0276231300085783,0.0855549722909927
EquiformerV2 AD with Hessian training,26839,3120,10,0.0314113013446331,0.2770423889160156
EquiformerV2 AD with Hessian training,9681,3121,15,0.0072854943573474,0.0351913161575794
EquiformerV2 AD with Hessian training,16847,3122,12,0.0717848688364029,0.1501857787370681
EquiformerV2 AD with Hessian training,25261,3123,15,0.0287344045937061,0.0617558322846889
EquiformerV2 AD with Hessian training,4680,3124,14,0.0097211794927716,0.0387570820748806
EquiformerV2 AD with Hessian training,6643,3125,12,0.0095084095373749,0.1148392334580421
EquiformerV2 AD with Hessian training,29043,3126,16,0.0031802353914827,0.0233904253691434
EquiformerV2 AD with Hessian training,47692,3127,14,0.0187813509255647,0.0584917664527893
EquiformerV2 AD with Hessian training,21210,3128,15,0.0037653704639524,0.0193063262850046
EquiformerV2 AD with Hessian training,36292,3129,21,0.0028320921119302,0.0101845506578683
EquiformerV2 AD with Hessian training,37689,3130,10,0.0222050808370113,0.1123499050736427
EquiformerV2 AD with Hessian training,24106,3131,16,0.0053844018839299,0.0177620910108089
EquiformerV2 AD with Hessian training,46309,3132,13,0.0024084101896733,0.0164980366826057
EquiformerV2 AD with Hessian training,2747,3133,13,0.0221609883010387,0.068080686032772
EquiformerV2 AD with Hessian training,18175,3134,13,0.0056255259551107,0.0233074985444545
EquiformerV2 AD with Hessian training,34108,3135,12,0.0254593919962644,0.0706847235560417
EquiformerV2 AD with Hessian training,34127,3136,11,0.0040506911464035,0.136256068944931
EquiformerV2 AD with Hessian training,29539,3137,13,0.0154168792068958,0.0944224148988723
EquiformerV2 AD with Hessian training,32098,3138,10,0.022944139316678,0.0738088563084602
EquiformerV2 AD with Hessian training,27809,3139,18,0.004200573079288,0.0196614619344472
EquiformerV2 AD with Hessian training,28261,3140,12,0.018407704308629,0.0978628098964691
EquiformerV2 AD with Hessian training,50142,3141,16,0.0293484237045049,0.0676235482096672
EquiformerV2 AD with Hessian training,30522,3142,8,0.0056788390502333,0.4796653985977173
EquiformerV2 AD with Hessian training,25099,3143,17,0.0098299169912934,0.0246412958949804
EquiformerV2 AD with Hessian training,4454,3144,9,0.0262618772685527,0.496433824300766
EquiformerV2 AD with Hessian training,44058,3145,15,0.0119473114609718,0.0437507778406143
EquiformerV2 AD with Hessian training,30743,3146,15,0.0034050240647047,0.0199646595865488
EquiformerV2 AD with Hessian training,25013,3147,10,0.0104686496779322,0.2693389654159546
EquiformerV2 AD with Hessian training,10674,3148,13,0.0084990328177809,0.0538080558180809
EquiformerV2 AD with Hessian training,20450,3149,12,0.0101125426590442,0.0550777055323123
EquiformerV2 AD with Hessian training,19460,3150,15,0.013315062969923,0.0498664006590843
EquiformerV2 AD with Hessian training,43939,3151,16,0.0124268699437379,0.0432875081896781
EquiformerV2 AD with Hessian training,41535,3152,11,0.010743236169219,0.0653659030795097
EquiformerV2 AD with Hessian training,33943,3153,15,0.0150459371507167,0.064362496137619
EquiformerV2 AD with Hessian training,4720,3154,11,0.0076793073676526,0.0538853071630001
EquiformerV2 AD with Hessian training,23797,3155,14,0.0029035720508545,0.0231042373925447
EquiformerV2 AD with Hessian training,15431,3156,18,0.0038387726526707,0.0145801166072487
EquiformerV2 AD with Hessian training,18389,3157,14,0.0633928477764129,0.1106423661112785
EquiformerV2 AD with Hessian training,39723,3158,12,0.0123142963275313,0.1341055482625961
EquiformerV2 AD with Hessian training,43805,3159,10,0.1316336691379547,0.4095402657985687
EquiformerV2 AD with Hessian training,41909,3160,13,0.0410835184156894,0.0896301716566085
EquiformerV2 AD with Hessian training,21627,3161,16,0.0089611327275633,0.0201079528778791
EquiformerV2 AD with Hessian training,48403,3162,15,0.001782031613402,0.0165203660726547
EquiformerV2 AD with Hessian training,9669,3163,12,0.0369621254503726,0.2116158157587051
EquiformerV2 AD with Hessian training,43288,3164,14,0.0101073253899812,0.0591526255011558
EquiformerV2 AD with Hessian training,33894,3165,17,0.01072299759835,0.0307569671422243
EquiformerV2 AD with Hessian training,10103,3166,12,0.0179200563579797,0.0611026436090469
EquiformerV2 AD with Hessian training,36576,3167,19,0.0298263169825077,0.0500182993710041
EquiformerV2 AD with Hessian training,13129,3168,12,0.0049258321523666,0.1919087618589401
EquiformerV2 AD with Hessian training,46508,3169,14,0.0043134479783475,0.0324529781937599
EquiformerV2 AD with Hessian training,46294,3170,19,0.0112061547115445,0.0385342873632907
EquiformerV2 AD with Hessian training,17140,3171,15,0.0135070262476801,0.0600960925221443
EquiformerV2 AD with Hessian training,24280,3172,15,0.0199271105229854,0.0504229664802551
EquiformerV2 AD with Hessian training,32032,3173,9,0.0093639427796006,0.066043920814991
EquiformerV2 AD with Hessian training,16288,3174,14,0.017633318901062,0.0487826168537139
EquiformerV2 AD with Hessian training,36992,3175,14,0.0148066841065883,0.0504940189421176
EquiformerV2 AD with Hessian training,27417,3176,17,0.0035877532791346,0.0156124075874686
EquiformerV2 AD with Hessian training,20192,3177,11,0.0274778679013252,0.1360508501529693
EquiformerV2 AD with Hessian training,26202,3178,14,0.0085353041067719,0.0366422794759273
EquiformerV2 AD with Hessian training,17487,3179,18,0.003309256164357,0.0137152196839451
EquiformerV2 AD with Hessian training,46204,3180,14,0.011907847598195,0.0584372095763683
EquiformerV2 AD with Hessian training,34456,3181,12,0.0078711584210395,0.0453668944537639
EquiformerV2 AD with Hessian training,7102,3182,11,0.0143827944993972,0.0811538025736808
EquiformerV2 AD with Hessian training,17545,3183,11,0.0585765726864337,0.147005558013916
EquiformerV2 AD with Hessian training,26259,3184,12,0.0406801775097847,0.1576874405145645
EquiformerV2 AD with Hessian training,42210,3185,10,0.0272255558520555,0.1086150184273719
EquiformerV2 AD with Hessian training,23368,3186,12,0.0247150715440511,0.0645430907607078
EquiformerV2 AD with Hessian training,33315,3187,15,0.005376546178013,0.0182937551289796
EquiformerV2 AD with Hessian training,31053,3188,14,0.0086253676563501,0.0343312472105026
EquiformerV2 AD with Hessian training,4267,3189,14,0.0071711335331201,0.0332871451973915
EquiformerV2 AD with Hessian training,48351,3190,15,0.0334743447601795,0.0609569065272808
EquiformerV2 AD with Hessian training,50640,3191,15,0.0062162061221897,0.0336152575910091
EquiformerV2 AD with Hessian training,33350,3192,13,0.0178594160825014,0.0928343683481216
EquiformerV2 AD with Hessian training,24560,3193,13,0.0230305287986993,0.0738778710365295
EquiformerV2 AD with Hessian training,28091,3194,17,0.009786375798285,0.0260867066681385
EquiformerV2 AD with Hessian training,5305,3195,14,0.033610425889492,0.1057515069842338
EquiformerV2 AD with Hessian training,12355,3196,19,0.002633988391608,0.0139809232205152
EquiformerV2 AD with Hessian training,1204,3197,8,0.0468741469085216,0.59466153383255
EquiformerV2 AD with Hessian training,17912,3198,18,0.0031228535808622,0.0132151264697313
EquiformerV2 AD with Hessian training,587,3199,14,0.0044598253443837,0.0260517038404941
EquiformerV2 AD with Hessian training,16450,3200,12,0.0143897039815783,0.0626652538776397
EquiformerV2 AD with Hessian training,35431,3201,10,0.0133476750925183,0.2680730521678924
EquiformerV2 AD with Hessian training,13897,3202,18,0.0120977088809013,0.0368480756878852
EquiformerV2 AD with Hessian training,7993,3203,19,0.0033802380785346,0.0138609474524855
EquiformerV2 AD with Hessian training,9294,3204,12,0.0049420655705034,0.0304726995527744
EquiformerV2 AD with Hessian training,13816,3205,12,0.0354081578552722,0.1437650471925735
EquiformerV2 AD with Hessian training,46528,3206,14,0.0491586700081825,0.1059278100728988
EquiformerV2 AD with Hessian training,49163,3207,13,0.0211322624236345,0.0566981323063373
EquiformerV2 AD with Hessian training,22607,3208,13,0.0074623441323637,0.0310497488826513
EquiformerV2 AD with Hessian training,26898,3209,13,0.0140053248032927,0.0572837889194488
EquiformerV2 AD with Hessian training,29192,3210,11,0.0179438777267932,0.1411301046609878
EquiformerV2 AD with Hessian training,19671,3211,10,0.0070822061970829,0.0659886002540588
EquiformerV2 AD with Hessian training,32269,3212,13,0.0173734743148088,0.0940811038017273
EquiformerV2 AD with Hessian training,12403,3213,15,0.0205251295119524,0.0526668988168239
EquiformerV2 AD with Hessian training,3512,3214,16,0.0044686598703265,0.0238510929048061
EquiformerV2 AD with Hessian training,8704,3215,15,0.007172102574259,0.0330452769994735
EquiformerV2 AD with Hessian training,28870,3216,16,0.0047537917271256,0.0254525803029537
EquiformerV2 AD with Hessian training,45733,3217,17,0.0155728766694664,0.0373331680893898
EquiformerV2 AD with Hessian training,45794,3218,17,0.0122458795085549,0.0339240431785583
EquiformerV2 AD with Hessian training,46070,3219,14,0.0284762047231197,0.0834022834897041
EquiformerV2 AD with Hessian training,44849,3220,16,0.0103153483942151,0.0364682860672473
EquiformerV2 AD with Hessian training,42875,3221,17,0.0175408888608217,0.0475025810301303
EquiformerV2 AD with Hessian training,41209,3222,15,0.00661724479869,0.0283377822488546
EquiformerV2 AD with Hessian training,27848,3223,18,0.0046207229606807,0.0265180058777332
EquiformerV2 AD with Hessian training,41341,3224,11,0.016581917181611,0.1159123182296752
EquiformerV2 AD with Hessian training,27083,3225,13,0.0103055648505687,0.0367209091782569
EquiformerV2 AD with Hessian training,36748,3226,8,0.0323830768465995,0.5488482713699341
EquiformerV2 AD with Hessian training,42461,3227,10,0.0084520699456334,0.0815617591142654
EquiformerV2 AD with Hessian training,41374,3228,13,0.0181795451790094,0.0660335645079612
EquiformerV2 AD with Hessian training,35585,3229,13,0.0055960630998015,0.1020956858992576
EquiformerV2 AD with Hessian training,18351,3230,13,0.0100747933611273,0.094391256570816
EquiformerV2 AD with Hessian training,15987,3231,8,0.0132899414747953,0.5909880995750427
EquiformerV2 AD with Hessian training,50350,3232,10,0.0501397810876369,0.1459410786628723
EquiformerV2 AD with Hessian training,12322,3233,12,0.0211043898016214,0.0900865122675895
EquiformerV2 AD with Hessian training,25849,3234,13,0.0067686201073229,0.0323499292135238
EquiformerV2 AD with Hessian training,23122,3235,16,0.0097899697721004,0.0271980389952659
EquiformerV2 AD with Hessian training,30196,3236,7,0.0098960604518651,0.6020055413246155
EquiformerV2 AD with Hessian training,22304,3237,15,0.0133211407810449,0.0589993074536323
EquiformerV2 AD with Hessian training,30963,3238,16,0.0021452133078128,0.0109873777255415
EquiformerV2 AD with Hessian training,18647,3239,16,0.0047978819347918,0.0191710088402032
EquiformerV2 AD with Hessian training,1323,3240,8,0.0327483043074607,0.2777660191059112
EquiformerV2 AD with Hessian training,13676,3241,12,0.0335467271506786,0.0842492431402206
EquiformerV2 AD with Hessian training,24173,3242,15,0.0257881321012973,0.0924203991889953
EquiformerV2 AD with Hessian training,22041,3243,11,0.0101956576108932,0.1948094815015792
EquiformerV2 AD with Hessian training,16087,3244,16,0.0359138697385787,0.0750825777649879
EquiformerV2 AD with Hessian training,35903,3245,15,0.00626354617998,0.0266939960420131
EquiformerV2 AD with Hessian training,29317,3246,10,0.0230237375944852,0.3138513565063476
EquiformerV2 AD with Hessian training,48859,3247,13,0.0272365752607584,0.0847395211458206
EquiformerV2 AD with Hessian training,50116,3248,13,0.0074885664507746,0.0488069579005241
EquiformerV2 AD with Hessian training,37575,3249,13,0.008810631930828,0.0369933173060417
EquiformerV2 AD with Hessian training,16098,3250,10,0.0174172651022672,0.1731869876384735
EquiformerV2 AD with Hessian training,19442,3251,14,0.012540784664452,0.0764970704913139
EquiformerV2 AD with Hessian training,21156,3252,15,0.0103295743465423,0.0349121838808059
EquiformerV2 AD with Hessian training,12892,3253,16,0.0191328413784503,0.069048598408699
EquiformerV2 AD with Hessian training,2570,3254,18,0.0040490399114787,0.0166564881801605
EquiformerV2 AD with Hessian training,45753,3255,15,0.0092131262645125,0.0341928750276565
EquiformerV2 AD with Hessian training,20161,3256,14,0.0104837277904152,0.0429922975599765
EquiformerV2 AD with Hessian training,42727,3257,19,0.2100287973880767,0.1220617219805717
EquiformerV2 AD with Hessian training,8384,3258,16,0.0030721109360456,0.0130653958767652
EquiformerV2 AD with Hessian training,17682,3259,13,0.0116197448223829,0.0710125640034675
EquiformerV2 AD with Hessian training,44459,3260,15,0.0179222170263528,0.0611586272716522
EquiformerV2 AD with Hessian training,33047,3261,19,0.01241051312536,0.0359954014420509
EquiformerV2 AD with Hessian training,21512,3262,12,0.0086911916732788,0.0467908792197704
EquiformerV2 AD with Hessian training,47882,3263,12,0.0048215081915259,0.0537525936961174
EquiformerV2 AD with Hessian training,25755,3264,9,0.0128508089110255,0.3733143806457519
EquiformerV2 AD with Hessian training,23880,3265,14,0.0476053953170776,0.1141634136438369
EquiformerV2 AD with Hessian training,48969,3266,11,0.0153344152495265,0.0833718255162239
EquiformerV2 AD with Hessian training,47000,3267,17,0.0120452092960476,0.0255212783813476
EquiformerV2 AD with Hessian training,42907,3268,12,0.0049835131503641,0.0333424396812915
EquiformerV2 AD with Hessian training,33679,3269,21,0.0019115066388621,0.0088547244668006
EquiformerV2 AD with Hessian training,23304,3270,11,0.0131777729839086,0.0962734669446945
EquiformerV2 AD with Hessian training,20211,3271,13,0.0097043244168162,0.0434228219091892
EquiformerV2 AD with Hessian training,33895,3272,16,0.0113629736006259,0.0449856594204902
EquiformerV2 AD with Hessian training,43915,3273,16,0.006323873065412,0.0282338932156562
EquiformerV2 AD with Hessian training,14303,3274,8,0.0120855420827865,0.1255903244018554
EquiformerV2 AD with Hessian training,11056,3275,13,0.0420591495931148,0.149281308054924
EquiformerV2 AD with Hessian training,23824,3276,14,0.0029521163087338,0.0214508958160877
EquiformerV2 AD with Hessian training,13570,3277,17,0.0107696317136287,0.0380388125777244
EquiformerV2 AD with Hessian training,25203,3278,13,0.0501291193068027,0.0918090045452117
EquiformerV2 AD with Hessian training,8180,3279,16,0.0017553329234942,0.0125354724004864
EquiformerV2 AD with Hessian training,23551,3280,14,0.0181107465177774,0.068346731364727
EquiformerV2 AD with Hessian training,19755,3281,10,0.0132774459198117,0.0732138752937316
EquiformerV2 AD with Hessian training,36952,3282,16,0.0108452681452035,0.0568674132227897
EquiformerV2 AD with Hessian training,35564,3283,14,0.005651032552123,0.1127794086933136
EquiformerV2 AD with Hessian training,40576,3284,15,0.0090867867693305,0.0549957044422626
EquiformerV2 AD with Hessian training,15792,3285,13,0.0214943159371614,0.114839881658554
EquiformerV2 AD with Hessian training,7091,3286,17,0.0060498118400573,0.0300785284489393
EquiformerV2 AD with Hessian training,24710,3287,11,0.049970518797636,0.1584835052490234
EquiformerV2 AD with Hessian training,11557,3288,18,0.0113209309056401,0.0333363935351371
EquiformerV2 AD with Hessian training,50299,3289,12,0.010514123365283,0.0557339154183864
EquiformerV2 AD with Hessian training,16468,3290,16,0.0033366200514137,0.0178527012467384
EquiformerV2 AD with Hessian training,8040,3291,17,0.0190651826560497,0.0479444749653339
EquiformerV2 AD with Hessian training,16188,3292,16,0.0025617536157369,0.0169900897890329
EquiformerV2 AD with Hessian training,29569,3293,12,0.0076737785711884,0.1512487828731537
EquiformerV2 AD with Hessian training,41049,3294,12,0.0051088840700685,0.143921822309494
EquiformerV2 AD with Hessian training,17001,3295,13,0.0721300467848777,0.1690194010734558
EquiformerV2 AD with Hessian training,45185,3296,10,0.009041141718626,0.0691845491528511
EquiformerV2 AD with Hessian training,7522,3297,15,0.0169346947222948,0.0591650679707527
EquiformerV2 AD with Hessian training,48583,3298,14,0.0146014746278524,0.0350571945309639
EquiformerV2 AD with Hessian training,48059,3299,15,0.0022086591925472,0.0197635609656572
EquiformerV2 AD with Hessian training,32257,3300,8,0.0459758937358856,0.4237242043018341
EquiformerV2 AD with Hessian training,15020,3301,12,0.0030737214256078,0.0216405242681503
EquiformerV2 AD with Hessian training,39542,3302,12,0.0172127652913332,0.1085870414972305
EquiformerV2 AD with Hessian training,3345,3303,12,0.0070084249600768,0.1027126759290695
EquiformerV2 AD with Hessian training,37393,3304,12,0.01126245316118,0.1009541824460029
EquiformerV2 AD with Hessian training,50265,3305,14,0.0534141883254051,0.1222866252064704
EquiformerV2 AD with Hessian training,33481,3306,10,0.0198109671473503,0.118388757109642
EquiformerV2 AD with Hessian training,11412,3307,11,0.0378112196922302,0.1157196536660194
EquiformerV2 AD with Hessian training,36000,3308,16,0.00613543856889,0.0258889514952898
EquiformerV2 AD with Hessian training,26265,3309,11,0.0124049112200737,0.0801353380084037
EquiformerV2 AD with Hessian training,1988,3310,10,0.0210531707853078,0.0923399627208709
EquiformerV2 AD with Hessian training,25351,3311,12,0.0039635659195482,0.1003810241818428
EquiformerV2 AD with Hessian training,17004,3312,15,0.0035850733984261,0.0239355359226465
EquiformerV2 AD with Hessian training,21944,3313,14,0.0753641128540039,0.1357751935720443
EquiformerV2 AD with Hessian training,11980,3314,10,0.0178216621279716,0.1730169206857681
EquiformerV2 AD with Hessian training,9916,3315,18,0.0049805496819317,0.0152017716318368
EquiformerV2 AD with Hessian training,6487,3316,12,0.0087051903828978,0.0414839461445808
EquiformerV2 AD with Hessian training,28430,3317,12,0.0376684106886386,0.0884880274534225
EquiformerV2 AD with Hessian training,7832,3318,8,0.0109484456479549,0.0972554832696914
EquiformerV2 AD with Hessian training,10602,3319,16,0.0076138167642056,0.0371372699737548
EquiformerV2 AD with Hessian training,28643,3320,14,0.0087753757834434,0.0386273451149463
EquiformerV2 AD with Hessian training,12855,3321,9,0.0217064470052719,0.1521213352680206
EquiformerV2 AD with Hessian training,19284,3322,11,0.026876762509346,0.2650345861911773
EquiformerV2 AD with Hessian training,18276,3323,12,0.0107466075569391,0.0432075969874858
EquiformerV2 AD with Hessian training,39838,3324,17,0.0074894460849463,0.0304002128541469
EquiformerV2 AD with Hessian training,47596,3325,14,0.0320001170039176,0.097520112991333
EquiformerV2 AD with Hessian training,31700,3326,14,0.0195125024765729,0.0760002508759498
EquiformerV2 AD with Hessian training,41930,3327,12,0.0072604459710419,0.0511630363762378
EquiformerV2 AD with Hessian training,7161,3328,13,0.0079478761181235,0.0381712652742862
EquiformerV2 AD with Hessian training,40285,3329,13,0.0219897460192441,0.0559730418026447
EquiformerV2 AD with Hessian training,25688,3330,13,0.0044842874631285,0.0256600677967071
EquiformerV2 AD with Hessian training,29698,3331,13,0.0052788900211453,0.0328216925263404
EquiformerV2 AD with Hessian training,42989,3332,17,0.0034278603270649,0.0139303719624876
EquiformerV2 AD with Hessian training,48223,3333,14,0.0181273967027664,0.0694808065891265
EquiformerV2 AD with Hessian training,5578,3334,14,0.0156318265944719,0.0758922025561332
EquiformerV2 AD with Hessian training,15053,3335,12,0.0031405293848365,0.0258097760379314
EquiformerV2 AD with Hessian training,9041,3336,10,0.0075928666628897,0.2449287921190261
EquiformerV2 AD with Hessian training,33197,3337,18,0.0023019241634756,0.0082013253122568
EquiformerV2 AD with Hessian training,39675,3338,12,0.0538103766739368,0.1092756316065788
EquiformerV2 AD with Hessian training,26914,3339,12,0.0200745668262243,0.0886138752102851
EquiformerV2 AD with Hessian training,12766,3340,11,0.0474072732031345,0.2944646179676056
EquiformerV2 AD with Hessian training,48240,3341,11,0.037104345858097,0.1227832287549972
EquiformerV2 AD with Hessian training,23075,3342,13,0.0037390361540019,0.0257496424019336
EquiformerV2 AD with Hessian training,1972,3343,12,0.042661003768444,0.1513734012842178
EquiformerV2 AD with Hessian training,3445,3344,11,0.0154880871996283,0.0849772989749908
EquiformerV2 AD with Hessian training,32750,3345,11,0.01048812456429,0.104317121207714
EquiformerV2 AD with Hessian training,9833,3346,16,0.0149805005639791,0.0469197630882263
EquiformerV2 AD with Hessian training,13750,3347,14,0.0257423780858516,0.0721599012613296
EquiformerV2 AD with Hessian training,44003,3348,9,0.0537632666528224,0.2058732509613037
EquiformerV2 AD with Hessian training,29556,3349,12,0.0388313010334968,0.1478009670972824
EquiformerV2 AD with Hessian training,35593,3350,7,0.0292017515748739,0.3495268821716308
EquiformerV2 AD with Hessian training,14215,3351,15,0.0187061242759227,0.059293620288372
EquiformerV2 AD with Hessian training,50060,3352,21,0.0072064939886331,0.0208430644124746
EquiformerV2 AD with Hessian training,32983,3353,16,0.0106220599263906,0.0302774254232645
EquiformerV2 AD with Hessian training,17012,3354,13,0.0024118600413203,0.0168663375079631
EquiformerV2 AD with Hessian training,29351,3355,11,0.0116192325949668,0.0552048273384571
EquiformerV2 AD with Hessian training,8797,3356,14,0.0074446755461394,0.0303700808435678
EquiformerV2 AD with Hessian training,34636,3357,19,0.0038896731566637,0.0144153591245412
EquiformerV2 AD with Hessian training,15535,3358,12,0.0101205790415406,0.0997962728142738
EquiformerV2 AD with Hessian training,35908,3359,16,0.0342034809291362,0.0833111032843589
EquiformerV2 AD with Hessian training,3733,3360,11,0.0254040863364934,0.0702127516269683
EquiformerV2 AD with Hessian training,25902,3361,10,0.0068493578583002,0.0597279593348503
EquiformerV2 AD with Hessian training,25733,3362,17,0.0139496633782982,0.0397028774023056
EquiformerV2 AD with Hessian training,19921,3363,12,0.0083974599838256,0.0463902987539768
EquiformerV2 AD with Hessian training,19595,3364,12,0.0121722565963864,0.0489888861775398
EquiformerV2 AD with Hessian training,2442,3365,14,0.0165215712040662,0.0519354343414306
EquiformerV2 AD with Hessian training,24860,3366,10,0.0217329673469066,0.1170136108994484
EquiformerV2 AD with Hessian training,35357,3367,13,0.0159440580755472,0.0470634028315544
EquiformerV2 AD with Hessian training,11,3368,16,0.0069837113842368,0.0193373169749975
EquiformerV2 AD with Hessian training,14163,3369,9,0.0063897003419697,0.0471395999193191
EquiformerV2 AD with Hessian training,20027,3370,10,0.0100224828347563,0.0717041864991188
EquiformerV2 AD with Hessian training,27356,3371,11,0.0153357088565826,0.2155064046382904
EquiformerV2 AD with Hessian training,15391,3372,16,0.0300370082259178,0.0635795965790748
EquiformerV2 AD with Hessian training,40232,3373,12,0.0037140804342925,0.0321064069867134
EquiformerV2 AD with Hessian training,10435,3374,14,0.0651934817433357,0.1124874502420425
EquiformerV2 AD with Hessian training,29733,3375,12,0.0209060721099376,0.1427254378795623
EquiformerV2 AD with Hessian training,30229,3376,8,0.006538800895214,0.0506647899746894
EquiformerV2 AD with Hessian training,32321,3377,17,0.0026860339567065,0.0131278475746512
EquiformerV2 AD with Hessian training,46857,3378,21,0.0073342910036444,0.0242592338472604
EquiformerV2 AD with Hessian training,42949,3379,14,0.010294534265995,0.0337675549089908
EquiformerV2 AD with Hessian training,49104,3380,9,0.0156593229621648,0.0678842365741729
EquiformerV2 AD with Hessian training,36189,3381,12,0.0065134963952004,0.0683380216360092
EquiformerV2 AD with Hessian training,31380,3382,14,0.0156217217445373,0.0543348155915737
EquiformerV2 AD with Hessian training,7790,3383,12,0.003724644659087,0.0330627746880054
EquiformerV2 AD with Hessian training,33612,3384,13,0.0457807518541812,0.1393546462059021
EquiformerV2 AD with Hessian training,23033,3385,10,0.0065602962858974,0.0479566790163517
EquiformerV2 AD with Hessian training,46230,3386,13,0.0020405992399901,0.0159957781434059
EquiformerV2 AD with Hessian training,17657,3387,15,0.0232548993080854,0.0681764334440231
EquiformerV2 AD with Hessian training,22800,3388,11,0.0380065590143203,0.0887120515108108
EquiformerV2 AD with Hessian training,12714,3389,16,0.0050572771579027,0.0307472813874483
EquiformerV2 AD with Hessian training,10041,3390,14,0.0065179369412362,0.0342868231236934
EquiformerV2 AD with Hessian training,47247,3391,14,0.0074616004712879,0.067351646721363
EquiformerV2 AD with Hessian training,16801,3392,16,0.0097604393959045,0.0434112474322319
EquiformerV2 AD with Hessian training,35929,3393,14,0.0170524585992097,0.0462893210351467
EquiformerV2 AD with Hessian training,34902,3394,16,0.0115314833819866,0.0393291972577571
EquiformerV2 AD with Hessian training,49856,3395,18,0.0099375518038868,0.0336592495441436
EquiformerV2 AD with Hessian training,34663,3396,11,0.0122396694496274,0.1565445214509964
EquiformerV2 AD with Hessian training,30759,3397,16,0.0093978885561227,0.0284795369952917
EquiformerV2 AD with Hessian training,13515,3398,13,0.0046004452742636,0.0281710214912891
EquiformerV2 AD with Hessian training,5685,3399,13,0.0213617216795682,0.0785116329789161
EquiformerV2 AD with Hessian training,6771,3400,17,0.0064464914612472,0.0191609226167202
EquiformerV2 AD with Hessian training,37155,3401,16,0.0097245555371046,0.0341299921274185
EquiformerV2 AD with Hessian training,23589,3402,17,0.0225219596177339,0.0494967065751552
EquiformerV2 AD with Hessian training,42076,3403,17,0.0096823433414101,0.0280598066747188
EquiformerV2 AD with Hessian training,12280,3404,11,0.0051135714165866,0.0560880079865455
EquiformerV2 AD with Hessian training,48697,3405,16,0.0032968861050903,0.0170164685696363
EquiformerV2 AD with Hessian training,19789,3406,16,0.0088240941986441,0.0372248627245426
EquiformerV2 AD with Hessian training,48848,3407,16,0.0037237145006656,0.0179471187293529
EquiformerV2 AD with Hessian training,23561,3408,14,0.0073391455225646,0.0477212071418762
EquiformerV2 AD with Hessian training,46489,3409,10,0.0114078884944319,0.0728195831179618
EquiformerV2 AD with Hessian training,28695,3410,8,0.0524991750717163,0.2172739505767822
EquiformerV2 AD with Hessian training,5472,3411,13,0.021809184923768,0.0833688974380493
EquiformerV2 AD with Hessian training,42249,3412,11,0.032859418541193,0.1349974870681762
EquiformerV2 AD with Hessian training,8610,3413,10,0.0309823974967002,0.2777691781520843
EquiformerV2 AD with Hessian training,7280,3414,11,0.0156370233744382,0.071901336312294
EquiformerV2 AD with Hessian training,38140,3415,12,0.0266158431768417,0.0799576863646507
EquiformerV2 AD with Hessian training,23205,3416,19,0.0065332213416695,0.0191599987447261
EquiformerV2 AD with Hessian training,47848,3417,13,0.0122542511671781,0.0645018443465232
EquiformerV2 AD with Hessian training,10703,3418,11,0.0052308621816337,0.0238157492130994
EquiformerV2 AD with Hessian training,20132,3419,15,0.0093607660382986,0.0344114750623703
EquiformerV2 AD with Hessian training,11566,3420,19,0.0072274846024811,0.0204123519361019
EquiformerV2 AD with Hessian training,35123,3421,18,0.0019680955447256,0.0081396447494626
EquiformerV2 AD with Hessian training,21432,3422,10,0.0129072498530149,0.0733061730861663
EquiformerV2 AD with Hessian training,50486,3423,14,0.0208882689476013,0.0961637943983078
EquiformerV2 AD with Hessian training,43614,3424,14,0.0156946498900651,0.048183623701334
EquiformerV2 AD with Hessian training,1192,3425,11,0.0251322742551565,0.3067834973335266
EquiformerV2 AD with Hessian training,13765,3426,9,0.0169501863420009,0.0803686827421188
EquiformerV2 AD with Hessian training,27695,3427,17,0.0079225823283195,0.0404015518724918
EquiformerV2 AD with Hessian training,27525,3428,11,0.0139322727918624,0.0546770021319389
EquiformerV2 AD with Hessian training,2130,3429,15,0.0028266450390219,0.0295636057853698
EquiformerV2 AD with Hessian training,19446,3430,13,0.0091141834855079,0.1089647933840751
EquiformerV2 AD with Hessian training,4527,3431,13,0.0020737769082188,0.0157648883759975
EquiformerV2 AD with Hessian training,14652,3432,16,0.0031379244755953,0.0128827495500445
EquiformerV2 AD with Hessian training,20703,3433,16,0.007800895255059,0.0244197808206081
EquiformerV2 AD with Hessian training,33785,3434,12,0.0397033840417861,0.080691210925579
EquiformerV2 AD with Hessian training,29983,3435,14,0.00699955644086,0.0358630046248436
EquiformerV2 AD with Hessian training,13508,3436,21,0.0065014185383915,0.0199735891073942
EquiformerV2 AD with Hessian training,30846,3437,15,0.0094035929068923,0.0391862355172634
EquiformerV2 AD with Hessian training,675,3438,19,0.1522590368986129,0.1269831955432891
EquiformerV2 AD with Hessian training,26889,3439,14,0.0115158502012491,0.0526049099862575
EquiformerV2 AD with Hessian training,17074,3440,15,0.0064717852510511,0.0297429710626602
EquiformerV2 AD with Hessian training,44386,3441,15,0.0024075270630419,0.0197920724749565
EquiformerV2 AD with Hessian training,20574,3442,13,0.0081649152562022,0.0357108414173126
EquiformerV2 AD with Hessian training,25839,3443,15,0.0501608662307262,0.1056802496314048
EquiformerV2 AD with Hessian training,8305,3444,8,0.0091975936666131,0.43771693110466
EquiformerV2 AD with Hessian training,29945,3445,14,0.0078512746840715,0.0504396595060825
EquiformerV2 AD with Hessian training,15824,3446,16,0.0167510509490966,0.0529242679476738
EquiformerV2 AD with Hessian training,33377,3447,16,0.0035451862495392,0.0207995418459177
EquiformerV2 AD with Hessian training,41855,3448,16,0.0022607760038226,0.0142429070547223
EquiformerV2 AD with Hessian training,46162,3449,15,0.02943791821599,0.0593801923096179
EquiformerV2 AD with Hessian training,5563,3450,15,0.0087857889011502,0.0437108948826789
EquiformerV2 AD with Hessian training,33233,3451,14,0.0185552760958671,0.0472114570438861
EquiformerV2 AD with Hessian training,8351,3452,7,0.0119780618697404,0.1111204028129577
EquiformerV2 AD with Hessian training,47016,3453,16,0.007224965840578,0.023090923205018
EquiformerV2 AD with Hessian training,45144,3454,14,0.0045542353764176,0.0195649918168783
EquiformerV2 AD with Hessian training,1183,3455,17,0.0127342920750379,0.0266344882547855
EquiformerV2 AD with Hessian training,24228,3456,17,0.0075778649188578,0.0285693388432264
EquiformerV2 AD with Hessian training,6139,3457,11,0.0073307501152157,0.0501868911087513
EquiformerV2 AD with Hessian training,12692,3458,17,0.0162057187408208,0.0422505810856819
EquiformerV2 AD with Hessian training,27545,3459,14,0.0058718393556773,0.0294572319835424
EquiformerV2 AD with Hessian training,20303,3460,14,0.0107423719018697,0.0345104150474071
EquiformerV2 AD with Hessian training,30318,3461,15,0.0140046188607811,0.0484904497861862
EquiformerV2 AD with Hessian training,21427,3462,14,0.0133334882557392,0.0680363923311233
EquiformerV2 AD with Hessian training,35919,3463,16,0.0072973570786416,0.037475511431694
EquiformerV2 AD with Hessian training,49815,3464,19,0.0103010442107915,0.0468815602362155
EquiformerV2 AD with Hessian training,38083,3465,13,0.0045765158720314,0.0315201096236705
EquiformerV2 AD with Hessian training,42398,3466,13,0.0103822881355881,0.053783893585205
EquiformerV2 AD with Hessian training,7373,3467,9,0.0554841272532939,0.2984163761138916
EquiformerV2 AD with Hessian training,42042,3468,11,0.0500659383833408,0.1929455995559692
EquiformerV2 AD with Hessian training,20947,3469,15,0.0079753715544939,0.0294776670634746
EquiformerV2 AD with Hessian training,17465,3470,12,0.0186182800680398,0.0902028232812881
EquiformerV2 AD with Hessian training,10401,3471,9,0.0472759641706943,0.2273662090301513
EquiformerV2 AD with Hessian training,31049,3472,13,0.0105307744815945,0.0435667932033538
EquiformerV2 AD with Hessian training,42606,3473,11,0.015131757594645,0.0822128802537918
EquiformerV2 AD with Hessian training,9794,3474,21,0.0027879371773451,0.0099119003862142
EquiformerV2 AD with Hessian training,38991,3475,14,0.0134640764445066,0.075203001499176
EquiformerV2 AD with Hessian training,31890,3476,17,0.0090985931456089,0.0263012014329433
EquiformerV2 AD with Hessian training,38472,3477,12,0.0226020719856023,0.06170155107975
EquiformerV2 AD with Hessian training,36567,3478,15,0.0057391207665205,0.0334493145346641
EquiformerV2 AD with Hessian training,37743,3479,15,0.0171892307698726,0.0743908062577247
EquiformerV2 AD with Hessian training,2006,3480,12,0.0064967721700668,0.0486638844013214
EquiformerV2 AD with Hessian training,25447,3481,21,0.0039575980044901,0.0132957706227898
EquiformerV2 AD with Hessian training,48834,3482,15,0.0051607955247163,0.0207139756530523
EquiformerV2 AD with Hessian training,28281,3483,14,0.0177599061280488,0.072044737637043
EquiformerV2 AD with Hessian training,25073,3484,11,0.0027590682730078,0.0275794025510549
EquiformerV2 AD with Hessian training,33169,3485,17,0.0025494860019534,0.0164175685495138
EquiformerV2 AD with Hessian training,24427,3486,12,0.0156423449516296,0.0919026732444763
EquiformerV2 AD with Hessian training,31365,3487,12,0.0112526612356305,0.0592555403709411
EquiformerV2 AD with Hessian training,13789,3488,17,0.0060927071608603,0.0197807513177394
EquiformerV2 AD with Hessian training,5,3489,15,0.0074186758138239,0.0491786524653434
EquiformerV2 AD with Hessian training,27314,3490,8,0.0349797420203685,0.1580124497413635
EquiformerV2 AD with Hessian training,36946,3491,18,0.006292282603681,0.0181973166763782
EquiformerV2 AD with Hessian training,3222,3492,13,0.0119362156838178,0.0597709976136684
EquiformerV2 AD with Hessian training,27081,3493,11,0.0047787306830286,0.0521536655724048
EquiformerV2 AD with Hessian training,42624,3494,11,0.0062541458755731,0.0412232987582683
EquiformerV2 AD with Hessian training,47154,3495,18,0.0019685619045048,0.0098170274868607
EquiformerV2 AD with Hessian training,21241,3496,13,0.0046446057967841,0.0260939821600914
EquiformerV2 AD with Hessian training,49243,3497,19,0.0031465822830796,0.0114727038890123
EquiformerV2 AD with Hessian training,43017,3498,12,0.0044871680438518,0.0261861402541399
EquiformerV2 AD with Hessian training,23914,3499,14,0.0132757686078548,0.0871028751134872
EquiformerV2 AD with Hessian training,23666,3500,11,0.0511788055300712,0.1163499355316162
EquiformerV2 AD with Hessian training,8952,3501,12,0.0221629105508327,0.0909048393368721
EquiformerV2 AD with Hessian training,30628,3502,17,0.0095783006399869,0.0402822382748127
EquiformerV2 AD with Hessian training,16122,3503,14,0.003502853680402,0.0161904506385326
EquiformerV2 AD with Hessian training,35168,3504,11,0.0112393209710717,0.1305723935365677
EquiformerV2 AD with Hessian training,30928,3505,19,0.0050941840745508,0.0221691466867923
EquiformerV2 AD with Hessian training,11083,3506,11,0.0054294313304126,0.0371564887464046
EquiformerV2 AD with Hessian training,20590,3507,13,0.0106797162443399,0.0718139335513114
EquiformerV2 AD with Hessian training,30600,3508,12,0.0111610190942883,0.0489415489137172
EquiformerV2 AD with Hessian training,19308,3509,11,0.0106405634433031,0.0521722584962844
EquiformerV2 AD with Hessian training,24721,3510,11,0.0108634326606988,0.0762603878974914
EquiformerV2 AD with Hessian training,2144,3511,15,0.0077097676694393,0.040438923984766
EquiformerV2 AD with Hessian training,14592,3512,10,0.0412294715642929,0.253102570772171
EquiformerV2 AD with Hessian training,35460,3513,16,0.0026609036140143,0.0135642923414707
EquiformerV2 AD with Hessian training,21569,3514,16,0.0050300960429012,0.0246354304254055
EquiformerV2 AD with Hessian training,14563,3515,14,0.0108398338779807,0.0485188849270343
EquiformerV2 AD with Hessian training,24670,3516,15,0.0084828436374664,0.0534708723425865
EquiformerV2 AD with Hessian training,14251,3517,14,0.0371398404240608,0.0958083644509315
EquiformerV2 AD with Hessian training,44281,3518,11,0.0322361104190349,0.1368333399295807
EquiformerV2 AD with Hessian training,38090,3519,14,0.0021135392598807,0.0314294844865798
EquiformerV2 AD with Hessian training,39538,3520,15,0.0042056459933519,0.0185156594961881
EquiformerV2 AD with Hessian training,42291,3521,16,0.0082362508401274,0.024042734876275
EquiformerV2 AD with Hessian training,15441,3522,11,0.0150745119899511,0.0657223612070083
EquiformerV2 AD with Hessian training,29426,3523,16,0.0035688071511685,0.0126702282577753
EquiformerV2 AD with Hessian training,22378,3524,13,0.0095944199711084,0.0411779545247554
EquiformerV2 AD with Hessian training,39050,3525,13,0.0045867282897233,0.0297644659876823
EquiformerV2 AD with Hessian training,38775,3526,15,0.0077391015365719,0.0362478606402874
EquiformerV2 AD with Hessian training,47607,3527,14,0.0098776929080486,0.0597863756120204
EquiformerV2 AD with Hessian training,13691,3528,11,0.0090896626934409,0.1369660943746566
EquiformerV2 AD with Hessian training,31906,3529,15,0.0078002088703215,0.0248006153851747
EquiformerV2 AD with Hessian training,37821,3530,15,0.0303751528263092,0.0832821205258369
EquiformerV2 AD with Hessian training,21508,3531,12,0.0292583648115396,0.0952019691467285
EquiformerV2 AD with Hessian training,4727,3532,14,0.0136673310771584,0.047399628907442
EquiformerV2 AD with Hessian training,18761,3533,18,0.0122635960578918,0.030813805758953
EquiformerV2 AD with Hessian training,31473,3534,12,0.0050994316115975,0.0291543416678905
EquiformerV2 AD with Hessian training,25291,3535,12,0.0119234379380941,0.0565945655107498
EquiformerV2 AD with Hessian training,45916,3536,15,0.0133389141410589,0.0623717568814754
EquiformerV2 AD with Hessian training,50144,3537,17,0.0203188881278038,0.0452509745955467
EquiformerV2 AD with Hessian training,49161,3538,10,0.0091892639175057,0.1548803001642227
EquiformerV2 AD with Hessian training,31301,3539,15,0.0037521433550864,0.0224495716392993
EquiformerV2 AD with Hessian training,26017,3540,12,0.0134192816913127,0.087167851626873
EquiformerV2 AD with Hessian training,10442,3541,17,0.0756013765931129,0.111609973013401
EquiformerV2 AD with Hessian training,31958,3542,13,0.007130682002753,0.0282569453120231
EquiformerV2 AD with Hessian training,37235,3543,15,0.0041726515628397,0.0231480505317449
EquiformerV2 AD with Hessian training,36216,3544,15,0.0127183152362704,0.0340011343359947
EquiformerV2 AD with Hessian training,12059,3545,14,0.0092712370678782,0.0399656780064106
EquiformerV2 AD with Hessian training,33286,3546,18,0.0072567253373563,0.0344260744750499
EquiformerV2 AD with Hessian training,5470,3547,18,0.006702019367367,0.0243972279131412
EquiformerV2 AD with Hessian training,50284,3548,11,0.0446203835308551,0.1419014930725097
EquiformerV2 AD with Hessian training,19773,3549,19,0.0041360165923833,0.0166857633739709
EquiformerV2 AD with Hessian training,989,3550,13,0.0037651963066309,0.0400341302156448
EquiformerV2 AD with Hessian training,16623,3551,21,0.0034212945029139,0.012424518354237
EquiformerV2 AD with Hessian training,6044,3552,13,0.0162124596536159,0.0779520869255065
EquiformerV2 AD with Hessian training,40112,3553,14,0.0083107342943549,0.0326814241707325
EquiformerV2 AD with Hessian training,48215,3554,14,0.0043612611480057,0.0210021585226058
EquiformerV2 AD with Hessian training,25814,3555,12,0.0043145818635821,0.1433936953544616
EquiformerV2 AD with Hessian training,34128,3556,8,0.0609747171401977,0.3178727924823761
EquiformerV2 AD with Hessian training,2907,3557,13,0.0236800797283649,0.0603075213730335
EquiformerV2 AD with Hessian training,3935,3558,13,0.0262806992977857,0.0726514086127281
EquiformerV2 AD with Hessian training,15690,3559,16,0.006531226914376,0.0184098836034536
EquiformerV2 AD with Hessian training,22329,3560,12,0.0045608100481331,0.0310046710073947
EquiformerV2 AD with Hessian training,34218,3561,14,0.0081596039235591,0.0392264947295188
EquiformerV2 AD with Hessian training,31363,3562,14,0.0184771325439214,0.0688563734292984
EquiformerV2 AD with Hessian training,45218,3563,10,0.0196289233863353,0.1342414617538452
EquiformerV2 AD with Hessian training,9296,3564,14,0.0092108510434627,0.0505579747259616
EquiformerV2 AD with Hessian training,27365,3565,14,0.0188677962869405,0.0542787760496139
EquiformerV2 AD with Hessian training,28756,3566,11,0.0040561691857874,0.0291564613580703
EquiformerV2 AD with Hessian training,16379,3567,11,0.0174927115440368,0.1113140806555748
EquiformerV2 AD with Hessian training,27413,3568,12,0.0100046107545495,0.0372011326253414
EquiformerV2 AD with Hessian training,6980,3569,10,0.0101024638861417,0.0691539272665977
EquiformerV2 AD with Hessian training,41502,3570,12,0.0029151765629649,0.0356718190014362
EquiformerV2 AD with Hessian training,43953,3571,18,0.0031662136316299,0.0150233600288629
EquiformerV2 AD with Hessian training,30195,3572,10,0.0107484562322497,0.0640361011028289
EquiformerV2 AD with Hessian training,3561,3573,17,0.0085180373862385,0.0292974840849638
EquiformerV2 AD with Hessian training,13088,3574,16,0.0053109540604054,0.0205850861966609
EquiformerV2 AD with Hessian training,6059,3575,12,0.0063005839474499,0.0691495686769485
EquiformerV2 AD with Hessian training,16915,3576,15,0.0081601561978459,0.041202388703823
EquiformerV2 AD with Hessian training,5689,3577,13,0.0217077787965536,0.0716587081551551
EquiformerV2 AD with Hessian training,36877,3578,17,0.0028424579650163,0.0146470591425895
EquiformerV2 AD with Hessian training,4938,3579,13,0.0201942212879657,0.0667479857802391
EquiformerV2 AD with Hessian training,9998,3580,13,0.0043855747207999,0.0436955653131008
EquiformerV2 AD with Hessian training,39749,3581,9,0.0358583517372608,0.1912750303745269
EquiformerV2 AD with Hessian training,41833,3582,13,0.0133576104417443,0.0474705658853054
EquiformerV2 AD with Hessian training,8614,3583,11,0.0056783095933496,0.038959726691246
EquiformerV2 AD with Hessian training,2831,3584,8,0.0326439924538135,0.2405854910612106
EquiformerV2 AD with Hessian training,18184,3585,15,0.0290261916816234,0.0738686025142669
EquiformerV2 AD with Hessian training,22836,3586,13,0.0107527459040284,0.0565253533422946
EquiformerV2 AD with Hessian training,9223,3587,8,0.09199770539999,0.5367969870567322
EquiformerV2 AD with Hessian training,28872,3588,11,0.0581757239997386,0.155746191740036
EquiformerV2 AD with Hessian training,40163,3589,13,0.0962425097823143,0.1988223046064376
EquiformerV2 AD with Hessian training,43202,3590,12,0.0763345062732696,0.1317448616027832
EquiformerV2 AD with Hessian training,4632,3591,15,0.0059519638307392,0.0275975912809371
EquiformerV2 AD with Hessian training,1417,3592,11,0.0054669645614922,0.1385074108839035
EquiformerV2 AD with Hessian training,15753,3593,9,0.0095378030091524,0.0540417954325675
EquiformerV2 AD with Hessian training,21446,3594,11,0.0259457398205995,0.0993141457438469
EquiformerV2 AD with Hessian training,14539,3595,14,0.004502659663558,0.0256365127861499
EquiformerV2 AD with Hessian training,23635,3596,13,0.0264181047677993,0.079060710966587
EquiformerV2 AD with Hessian training,21945,3597,12,0.0144556807354092,0.0829980075359344
EquiformerV2 AD with Hessian training,38525,3598,13,0.0112775405868887,0.0461897924542427
EquiformerV2 AD with Hessian training,36210,3599,17,0.0133218159899115,0.0383970104157924
EquiformerV2 AD with Hessian training,43792,3600,13,0.0167652983218431,0.0529329515993595
EquiformerV2 AD with Hessian training,7664,3601,12,0.0178449321538209,0.0749280750751495
EquiformerV2 AD with Hessian training,49036,3602,16,0.0138606047257781,0.035258512943983
EquiformerV2 AD with Hessian training,34084,3603,17,0.0043018525466322,0.0252901930361986
EquiformerV2 AD with Hessian training,47021,3604,17,0.0098440144211053,0.0246130190789699
EquiformerV2 AD with Hessian training,12611,3605,16,0.0089994622394442,0.038561075925827
EquiformerV2 AD with Hessian training,30493,3606,11,0.0087492521852254,0.0411536134779453
EquiformerV2 AD with Hessian training,49940,3607,9,0.0487396903336048,0.4248972833156585
EquiformerV2 AD with Hessian training,4430,3608,14,0.0087327575311064,0.0479145720601081
EquiformerV2 AD with Hessian training,3944,3609,16,0.0072959042154252,0.0359022840857505
EquiformerV2 AD with Hessian training,46684,3610,15,0.0183943938463926,0.0568789802491664
EquiformerV2 AD with Hessian training,10551,3611,10,0.0170372854918241,0.2515576481819153
EquiformerV2 AD with Hessian training,36258,3612,12,0.0284672118723392,0.1070538163185119
EquiformerV2 AD with Hessian training,3838,3613,11,0.0312951020896434,0.1001807078719139
EquiformerV2 AD with Hessian training,12107,3614,12,0.0477337166666984,0.0947128385305404
EquiformerV2 AD with Hessian training,50293,3615,14,0.0618099831044673,0.1171835213899612
EquiformerV2 AD with Hessian training,36590,3616,14,0.0043737003579735,0.0212510470300912
EquiformerV2 AD with Hessian training,24546,3617,12,0.0278369653970003,0.0876197442412376
EquiformerV2 AD with Hessian training,31454,3618,12,0.0165455937385559,0.0580514818429946
EquiformerV2 AD with Hessian training,44910,3619,13,0.0115294400602579,0.0508895777165889
EquiformerV2 AD with Hessian training,39337,3620,10,0.0182502642273902,0.0707903876900672
EquiformerV2 AD with Hessian training,38195,3621,11,0.0171983689069747,0.0692866146564483
EquiformerV2 AD with Hessian training,38575,3622,17,0.0140555286779999,0.0420557670295238
EquiformerV2 AD with Hessian training,38961,3623,17,0.0090094441547989,0.0357720702886581
EquiformerV2 AD with Hessian training,36843,3624,13,0.008190150372684,0.0508740507066249
EquiformerV2 AD with Hessian training,22015,3625,13,0.0072227595373988,0.0286910887807607
EquiformerV2 AD with Hessian training,11261,3626,16,0.0037607883568853,0.0213894192129373
EquiformerV2 AD with Hessian training,8046,3627,12,0.004509144462645,0.1174402236938476
EquiformerV2 AD with Hessian training,35883,3628,19,0.0024119873996824,0.0096615897491574
EquiformerV2 AD with Hessian training,23676,3629,16,0.0029158424586057,0.0131169678643345
EquiformerV2 AD with Hessian training,21409,3630,13,0.0176646616309881,0.076515294611454
EquiformerV2 AD with Hessian training,4630,3631,14,0.0096172355115413,0.038736417889595
EquiformerV2 AD with Hessian training,12370,3632,14,0.0030016512610018,0.0195722691714763
EquiformerV2 AD with Hessian training,35741,3633,12,0.0152943767607212,0.0547250881791114
EquiformerV2 AD with Hessian training,36121,3634,10,0.0147107606753706,0.0518948137760162
EquiformerV2 AD with Hessian training,31202,3635,14,0.0091416370123624,0.0520930290222168
EquiformerV2 AD with Hessian training,35380,3636,13,0.0055820676498115,0.0264445878565311
EquiformerV2 AD with Hessian training,12434,3637,17,0.0066678095608949,0.0211541429162025
EquiformerV2 AD with Hessian training,714,3638,14,0.017773263156414,0.0666754320263862
EquiformerV2 AD with Hessian training,3592,3639,14,0.0030755770858377,0.0178069975227117
EquiformerV2 AD with Hessian training,48065,3640,11,0.0083645517006516,0.0442562326788902
EquiformerV2 AD with Hessian training,41823,3641,16,0.0104488432407379,0.0333608612418174
EquiformerV2 AD with Hessian training,8256,3642,21,0.0018708516145125,0.0078816143795847
EquiformerV2 AD with Hessian training,44950,3643,12,0.0070641539059579,0.0795567333698272
EquiformerV2 AD with Hessian training,10649,3644,11,0.0574533455073833,0.1631062179803848
EquiformerV2 AD with Hessian training,9644,3645,16,0.0223838351666927,0.0554845258593559
EquiformerV2 AD with Hessian training,43391,3646,14,0.0238623339682817,0.0672832578420639
EquiformerV2 AD with Hessian training,13121,3647,15,0.0035755403805524,0.0200979635119438
EquiformerV2 AD with Hessian training,7324,3648,12,0.0429222658276557,0.1498465538024902
EquiformerV2 AD with Hessian training,38301,3649,10,0.0164314210414886,0.1111004501581192
EquiformerV2 AD with Hessian training,4345,3650,11,0.0039780572988092,0.0210944861173629
EquiformerV2 AD with Hessian training,19196,3651,14,0.0159183572977781,0.0818811431527137
EquiformerV2 AD with Hessian training,3729,3652,9,0.0065476233139634,0.5120223760604858
EquiformerV2 AD with Hessian training,15821,3653,12,0.0148284882307052,0.0577518194913864
EquiformerV2 AD with Hessian training,21547,3654,13,0.0073375334031879,0.0337498039007186
EquiformerV2 AD with Hessian training,44074,3655,15,0.0050824559293687,0.026486849412322
EquiformerV2 AD with Hessian training,28968,3656,12,0.0161110684275627,0.065236285328865
EquiformerV2 AD with Hessian training,40314,3657,16,0.0138716986402869,0.0445592328906059
EquiformerV2 AD with Hessian training,16267,3658,14,0.0077949552796781,0.0321675576269626
EquiformerV2 AD with Hessian training,49358,3659,19,0.0028702875133603,0.0107290605083107
EquiformerV2 AD with Hessian training,37011,3660,11,0.0140272658318281,0.1041324585676193
EquiformerV2 AD with Hessian training,14403,3661,15,0.0085871638730168,0.0413042083382606
EquiformerV2 AD with Hessian training,10813,3662,12,0.0030489072669297,0.0234190747141838
EquiformerV2 AD with Hessian training,42545,3663,15,0.0050379144959151,0.0313438735902309
EquiformerV2 AD with Hessian training,6324,3664,14,0.0054939999245107,0.0361262299120426
EquiformerV2 AD with Hessian training,40527,3665,13,0.0096613578498363,0.0272689200937747
EquiformerV2 AD with Hessian training,37364,3666,12,0.0212977901101112,0.0838083550333976
EquiformerV2 AD with Hessian training,24224,3667,12,0.0167043395340442,0.0848453268408775
EquiformerV2 AD with Hessian training,33267,3668,6,0.1156152486801147,0.7092156410217285
EquiformerV2 AD with Hessian training,11444,3669,12,0.0124544249847531,0.0502953641116619
EquiformerV2 AD with Hessian training,15035,3670,10,0.0138021679595112,0.2693180441856384
EquiformerV2 AD with Hessian training,26479,3671,10,0.0058135376311838,0.0866772383451461
EquiformerV2 AD with Hessian training,3686,3672,19,0.00372378481552,0.0104391342028975
EquiformerV2 AD with Hessian training,11832,3673,15,0.0023077214136719,0.0096755847334861
EquiformerV2 AD with Hessian training,15560,3674,8,0.0134638873860239,0.2355001717805862
EquiformerV2 AD with Hessian training,32194,3675,16,0.0086596384644508,0.0262519121170043
EquiformerV2 AD with Hessian training,19203,3676,13,0.0161028280854225,0.0623759254813194
EquiformerV2 AD with Hessian training,28563,3677,16,0.0148446364328265,0.0498852282762527
EquiformerV2 AD with Hessian training,34206,3678,17,0.0034979081247001,0.0152522446587681
EquiformerV2 AD with Hessian training,4235,3679,11,0.0150583609938621,0.1797782629728317
EquiformerV2 AD with Hessian training,13764,3680,13,0.0594538077712059,0.1608819216489792
EquiformerV2 AD with Hessian training,19720,3681,11,0.0133666060864925,0.0946040675044059
EquiformerV2 AD with Hessian training,29396,3682,12,0.005075316876173,0.0471419878304004
EquiformerV2 AD with Hessian training,5959,3683,13,0.0113378660753369,0.0611682645976543
EquiformerV2 AD with Hessian training,32039,3684,15,0.0285322461277246,0.0466530211269855
EquiformerV2 AD with Hessian training,14786,3685,11,0.0060372380539774,0.046850886195898
EquiformerV2 AD with Hessian training,10974,3686,13,0.0115595981478691,0.050864215940237
EquiformerV2 AD with Hessian training,3692,3687,10,0.0835150182247161,0.1585260033607483
EquiformerV2 AD with Hessian training,18961,3688,15,0.0051445201970636,0.0276205334812402
EquiformerV2 AD with Hessian training,1126,3689,16,0.0035516142379492,0.0176432747393846
EquiformerV2 AD with Hessian training,13873,3690,19,0.0045632310211658,0.0146137671545147
EquiformerV2 AD with Hessian training,28082,3691,16,0.0045910328626632,0.0169762708246707
EquiformerV2 AD with Hessian training,16944,3692,12,0.0470630526542663,0.1512418240308761
EquiformerV2 AD with Hessian training,49790,3693,16,0.0098377196118235,0.0433771945536136
EquiformerV2 AD with Hessian training,45955,3694,14,0.0053053074516355,0.0474087297916412
EquiformerV2 AD with Hessian training,38215,3695,15,0.008535673841834,0.0264425929635763
EquiformerV2 AD with Hessian training,41637,3696,11,0.0101956706494092,0.0640668645501136
EquiformerV2 AD with Hessian training,17503,3697,16,0.0030793668702244,0.0146185951307415
EquiformerV2 AD with Hessian training,46537,3698,12,0.0069193956442177,0.0408480465412139
EquiformerV2 AD with Hessian training,15949,3699,10,0.0398899838328361,0.3535434305667877
EquiformerV2 AD with Hessian training,4222,3700,14,0.0074045150540769,0.0365025736391544
EquiformerV2 AD with Hessian training,49090,3701,15,0.0188001580536365,0.0722216963768005
EquiformerV2 AD with Hessian training,27145,3702,15,0.0074085285887122,0.0301867611706256
EquiformerV2 AD with Hessian training,26146,3703,14,0.0129086291417479,0.1007390096783638
EquiformerV2 AD with Hessian training,12462,3704,19,0.006397885736078,0.0178175270557403
EquiformerV2 AD with Hessian training,34255,3705,16,0.0142928566783666,0.0336660631000995
EquiformerV2 AD with Hessian training,48312,3706,14,0.0238411203026771,0.065806970000267
EquiformerV2 AD with Hessian training,322,3707,15,0.009572354145348,0.0355282127857208
EquiformerV2 AD with Hessian training,18692,3708,18,0.0046256193891167,0.0204748529940843
EquiformerV2 AD with Hessian training,3627,3709,14,0.0072849239222705,0.0345672816038131
EquiformerV2 AD with Hessian training,42783,3710,15,0.0110946325585246,0.0459463223814964
EquiformerV2 AD with Hessian training,31022,3711,7,0.0232617780566215,0.5645163059234619
EquiformerV2 AD with Hessian training,13980,3712,19,0.0065089873969554,0.023401690647006
EquiformerV2 AD with Hessian training,9683,3713,9,0.0206182394176721,0.1412343233823776
EquiformerV2 AD with Hessian training,1405,3714,17,0.0078471954911947,0.0280024111270904
EquiformerV2 AD with Hessian training,25005,3715,10,0.0101467492058873,0.0652052238583564
EquiformerV2 AD with Hessian training,39995,3716,12,0.0106460275128483,0.0545055605471134
EquiformerV2 AD with Hessian training,14725,3717,14,0.0051282835192978,0.0382231287658214
EquiformerV2 AD with Hessian training,10823,3718,15,0.006497370544821,0.0328324213624
EquiformerV2 AD with Hessian training,5393,3719,15,0.0269540790468454,0.068488135933876
EquiformerV2 AD with Hessian training,43126,3720,15,0.0039053275249898,0.0378074571490287
EquiformerV2 AD with Hessian training,7035,3721,15,0.0538119487464427,0.108186662197113
EquiformerV2 AD with Hessian training,19033,3722,13,0.0314490869641304,0.0700448304414749
EquiformerV2 AD with Hessian training,5997,3723,10,0.0091705238446593,0.140693113207817
EquiformerV2 AD with Hessian training,29846,3724,16,0.0053180856630206,0.0331046506762504
EquiformerV2 AD with Hessian training,47665,3725,14,0.0518361739814281,0.0852013677358627
EquiformerV2 AD with Hessian training,2990,3726,10,0.0371764935553073,0.1949590444564819
EquiformerV2 AD with Hessian training,6823,3727,15,0.0186850186437368,0.0782476216554641
EquiformerV2 AD with Hessian training,43014,3728,15,0.0066975369118154,0.0553544536232948
EquiformerV2 AD with Hessian training,5361,3729,12,0.0330106057226657,0.0864922776818275
EquiformerV2 AD with Hessian training,22181,3730,13,0.004331309814006,0.0288892649114131
EquiformerV2 AD with Hessian training,32947,3731,15,0.0080666784197092,0.054765623062849
EquiformerV2 AD with Hessian training,47800,3732,15,0.0101379873231053,0.045687548816204
EquiformerV2 AD with Hessian training,38653,3733,16,0.004541696049273,0.0494556427001953
EquiformerV2 AD with Hessian training,50241,3734,13,0.0083388658240437,0.0416981652379035
EquiformerV2 AD with Hessian training,18787,3735,15,0.0033059297129511,0.0233477093279361
EquiformerV2 AD with Hessian training,7436,3736,11,0.0459271147847175,0.1449421048164367
EquiformerV2 AD with Hessian training,43834,3737,16,0.0048744017258286,0.0278971288353204
EquiformerV2 AD with Hessian training,3186,3738,16,0.0035929956939071,0.0260607842355966
EquiformerV2 AD with Hessian training,34710,3739,13,0.006268193013966,0.0239567533135414
EquiformerV2 AD with Hessian training,8118,3740,16,0.0053880652412772,0.0237568784505128
EquiformerV2 AD with Hessian training,503,3741,13,0.0252412538975477,0.0910759419202804
EquiformerV2 AD with Hessian training,46356,3742,15,0.0054976423271,0.0209236908704042
EquiformerV2 AD with Hessian training,44623,3743,12,0.0048381560482084,0.0338566228747367
EquiformerV2 AD with Hessian training,42830,3744,18,0.002811195096001,0.0139243472367525
EquiformerV2 AD with Hessian training,12435,3745,15,0.0054792994633316,0.0233802367001771
EquiformerV2 AD with Hessian training,722,3746,12,0.0184722691774368,0.0659965649247169
EquiformerV2 AD with Hessian training,20623,3747,14,0.0286464355885982,0.0641218200325965
EquiformerV2 AD with Hessian training,3505,3748,10,0.0436552427709102,0.4967873394489288
EquiformerV2 AD with Hessian training,38192,3749,11,0.0112688336521387,0.1017828732728958
EquiformerV2 AD with Hessian training,49406,3750,14,0.0139241833239793,0.0550620332360267
EquiformerV2 AD with Hessian training,43892,3751,14,0.0132074058055877,0.0486132390797138
EquiformerV2 AD with Hessian training,47408,3752,11,0.010551780462265,0.1564621478319168
EquiformerV2 AD with Hessian training,26421,3753,15,0.0050701680593192,0.0220792517066001
EquiformerV2 AD with Hessian training,20741,3754,10,0.0602750554680824,0.1843975186347961
EquiformerV2 AD with Hessian training,967,3755,13,0.0074097011238336,0.0409239567816257
EquiformerV2 AD with Hessian training,43418,3756,12,0.0074220513924956,0.0358523502945899
EquiformerV2 AD with Hessian training,18112,3757,19,0.0113784354180097,0.0253934040665626
EquiformerV2 AD with Hessian training,36484,3758,17,0.0046042031608521,0.0174911133944988
EquiformerV2 AD with Hessian training,39128,3759,10,0.0080697108060121,0.2303167730569839
EquiformerV2 AD with Hessian training,32152,3760,13,0.0074355234391987,0.0265189781785011
EquiformerV2 AD with Hessian training,32854,3761,16,0.0168340057134628,0.0461336821317672
EquiformerV2 AD with Hessian training,15418,3762,14,0.0072145238518714,0.0514394305646419
EquiformerV2 AD with Hessian training,1841,3763,17,0.0035503429826349,0.0138452686369419
EquiformerV2 AD with Hessian training,48626,3764,16,0.0061709466390311,0.0424981899559497
EquiformerV2 AD with Hessian training,23105,3765,11,0.0371764861047267,0.2280923277139663
EquiformerV2 AD with Hessian training,40807,3766,14,0.0195295866578817,0.0690014138817787
EquiformerV2 AD with Hessian training,43427,3767,15,0.003021762240678,0.0189490392804145
EquiformerV2 AD with Hessian training,8310,3768,16,0.0028050057590007,0.0220571961253881
EquiformerV2 AD with Hessian training,15783,3769,14,0.0115694543346762,0.0405740737915039
EquiformerV2 AD with Hessian training,44805,3770,16,0.0030763465911149,0.018557047471404
EquiformerV2 AD with Hessian training,8464,3771,13,0.0237615779042243,0.0664971694350242
EquiformerV2 AD with Hessian training,24491,3772,10,0.0839344039559364,0.334939181804657
EquiformerV2 AD with Hessian training,45239,3773,14,0.0130300214514136,0.0803048089146614
EquiformerV2 AD with Hessian training,3724,3774,16,0.0044005019590258,0.0173895489424467
EquiformerV2 AD with Hessian training,49959,3775,15,0.0038760090246796,0.0230508912354707
EquiformerV2 AD with Hessian training,42408,3776,14,0.0044431583955883,0.0252196565270423
EquiformerV2 AD with Hessian training,18941,3777,15,0.0065370225347578,0.0253640562295913
EquiformerV2 AD with Hessian training,39678,3778,17,0.0048323841765522,0.0170026011765003
EquiformerV2 AD with Hessian training,15798,3779,13,0.0251963045448064,0.066519558429718
EquiformerV2 AD with Hessian training,41275,3780,13,0.0086261192336678,0.0501951277256011
EquiformerV2 AD with Hessian training,14187,3781,13,0.0075441845692694,0.0314194783568382
EquiformerV2 AD with Hessian training,9999,3782,12,0.0262661185115575,0.0880826637148857
EquiformerV2 AD with Hessian training,23827,3783,12,0.0095224501565098,0.0801065266132354
EquiformerV2 AD with Hessian training,8277,3784,15,0.0069030178710818,0.0286114420741796
EquiformerV2 AD with Hessian training,4992,3785,17,0.0120661351829767,0.0284370519220829
EquiformerV2 AD with Hessian training,16088,3786,15,0.0070387949235737,0.0374547727406024
EquiformerV2 AD with Hessian training,49833,3787,11,0.0170804020017385,0.0670183598995208
EquiformerV2 AD with Hessian training,30293,3788,14,0.0141201503574848,0.0892293006181716
EquiformerV2 AD with Hessian training,11695,3789,11,0.0116988895460963,0.0705510079860687
EquiformerV2 AD with Hessian training,43789,3790,9,0.0209844559431076,0.2107082605361938
EquiformerV2 AD with Hessian training,26229,3791,15,0.0160112176090478,0.0478628799319267
EquiformerV2 AD with Hessian training,48338,3792,17,0.0040719052776694,0.0178939253091812
EquiformerV2 AD with Hessian training,13256,3793,16,0.0026228236965835,0.0116036981344223
EquiformerV2 AD with Hessian training,44734,3794,14,0.0069653280079364,0.0290460139513015
EquiformerV2 AD with Hessian training,48634,3795,15,0.0187945123761892,0.0500493608415126
EquiformerV2 AD with Hessian training,37676,3796,12,0.0056398203596472,0.0340767093002796
EquiformerV2 AD with Hessian training,43725,3797,18,0.0153809720650315,0.03997103869915
EquiformerV2 AD with Hessian training,34390,3798,17,0.0226591303944587,0.0622088871896266
EquiformerV2 AD with Hessian training,10963,3799,19,0.0063087441958487,0.0175587087869644
EquiformerV2 AD with Hessian training,9199,3800,12,0.0396289117634296,0.1868723630905151
EquiformerV2 AD with Hessian training,7535,3801,12,0.0027800975367426,0.0255737900733947
EquiformerV2 AD with Hessian training,25781,3802,13,0.0029702777974307,0.0217102449387311
EquiformerV2 AD with Hessian training,50768,3803,14,0.0356433801352977,0.1282374411821365
EquiformerV2 AD with Hessian training,47989,3804,14,0.0373517535626888,0.1219187006354332
EquiformerV2 AD with Hessian training,12588,3805,12,0.0043348288163542,0.0288123972713947
EquiformerV2 AD with Hessian training,3661,3806,13,0.0159886870533227,0.0401511862874031
EquiformerV2 AD with Hessian training,21994,3807,17,0.0042534777894616,0.0231596939265728
EquiformerV2 AD with Hessian training,36648,3808,12,0.0074829692021012,0.1409166604280471
EquiformerV2 AD with Hessian training,19993,3809,14,0.0139133147895336,0.0466132648289203
EquiformerV2 AD with Hessian training,39557,3810,17,0.002528310753405,0.0145032424479722
EquiformerV2 AD with Hessian training,9396,3811,16,0.0084242019802331,0.0300353374332189
EquiformerV2 AD with Hessian training,21341,3812,16,0.0055059022270143,0.0183005817234516
EquiformerV2 AD with Hessian training,45332,3813,15,0.026139672845602,0.0885618329048156
EquiformerV2 AD with Hessian training,42280,3814,15,0.0053565064445137,0.0425308272242546
EquiformerV2 AD with Hessian training,31045,3815,16,0.0037693046033382,0.0308329854160547
EquiformerV2 AD with Hessian training,3750,3816,14,0.0071604154072701,0.0301901157945394
EquiformerV2 AD with Hessian training,27937,3817,15,0.0037921643815934,0.057106927037239
EquiformerV2 AD with Hessian training,13568,3818,16,0.0050259595736861,0.0230314210057258
EquiformerV2 AD with Hessian training,16549,3819,14,0.0034702597185969,0.0199965965002775
EquiformerV2 AD with Hessian training,30050,3820,14,0.0163722150027751,0.0474335215985775
EquiformerV2 AD with Hessian training,41743,3821,14,0.014263505116105,0.0589626096189022
EquiformerV2 AD with Hessian training,44597,3822,12,0.0380630493164062,0.0793957337737083
EquiformerV2 AD with Hessian training,2692,3823,14,0.0378507710993289,0.0758987069129943
EquiformerV2 AD with Hessian training,31060,3824,17,0.0107475379481911,0.0339182503521442
EquiformerV2 AD with Hessian training,6186,3825,17,0.00359100359492,0.0137723684310913
EquiformerV2 AD with Hessian training,7613,3826,19,0.0281796567142009,0.0471790954470634
EquiformerV2 AD with Hessian training,41190,3827,13,0.0031286291778087,0.083031989634037
EquiformerV2 AD with Hessian training,9128,3828,12,0.0358192324638366,0.1051108539104461
EquiformerV2 AD with Hessian training,23621,3829,12,0.018197938799858,0.1036177724599838
EquiformerV2 AD with Hessian training,43393,3830,16,0.0041198451071977,0.0189697481691837
EquiformerV2 AD with Hessian training,50506,3831,10,0.0241681765764951,0.1681823134422302
EquiformerV2 AD with Hessian training,47211,3832,11,0.0520663186907768,0.2170357853174209
EquiformerV2 AD with Hessian training,23522,3833,19,0.0124249076470732,0.0421230643987655
EquiformerV2 AD with Hessian training,14032,3834,13,0.0395109057426452,0.0972732305526733
EquiformerV2 AD with Hessian training,11364,3835,16,0.0147545877844095,0.0404839068651199
EquiformerV2 AD with Hessian training,23712,3836,16,0.0127944201231002,0.0362483076751232
EquiformerV2 AD with Hessian training,1202,3837,11,0.0367088317871093,0.1193329095840454
EquiformerV2 AD with Hessian training,27964,3838,15,0.0043164496310055,0.0289497748017311
EquiformerV2 AD with Hessian training,40021,3839,14,0.0157882235944271,0.049218513071537
EquiformerV2 AD with Hessian training,39787,3840,19,0.0025219426024705,0.0101009346544742
EquiformerV2 AD with Hessian training,6366,3841,15,0.0356811955571174,0.1033198162913322
EquiformerV2 AD with Hessian training,7610,3842,14,0.0070948516950011,0.0314194560050964
EquiformerV2 AD with Hessian training,29804,3843,15,0.010121633298695,0.0393298901617527
EquiformerV2 AD with Hessian training,26785,3844,13,0.0046704662963747,0.0300869923084974
EquiformerV2 AD with Hessian training,35220,3845,11,0.0044838888570666,0.0317910090088844
EquiformerV2 AD with Hessian training,10671,3846,16,0.00273451465182,0.0174125675112009
EquiformerV2 AD with Hessian training,23936,3847,18,0.0014278257731348,0.0080487849190831
EquiformerV2 AD with Hessian training,38748,3848,17,0.0100734122097492,0.0402554497122764
EquiformerV2 AD with Hessian training,16419,3849,14,0.0468215309083461,0.1217203810811042
EquiformerV2 AD with Hessian training,40601,3850,17,0.0036586709320545,0.0154250329360365
EquiformerV2 AD with Hessian training,6088,3851,13,0.0197238866239786,0.1200496554374694
EquiformerV2 AD with Hessian training,23426,3852,13,0.017741359770298,0.0987924486398696
EquiformerV2 AD with Hessian training,22726,3853,10,0.0113029051572084,0.3035714030265808
EquiformerV2 AD with Hessian training,39283,3854,12,0.0028802149463444,0.0229370594024658
EquiformerV2 AD with Hessian training,46270,3855,21,0.0045206216163933,0.0160261448472738
EquiformerV2 AD with Hessian training,11517,3856,14,0.0087954783812165,0.0366959683597087
EquiformerV2 AD with Hessian training,35279,3857,17,0.0062405318021774,0.0197565611451864
EquiformerV2 AD with Hessian training,14937,3858,12,0.0083052199333906,0.051157958805561
EquiformerV2 AD with Hessian training,20176,3859,13,0.0069308327510952,0.0339702405035495
EquiformerV2 AD with Hessian training,17555,3860,14,0.0120989587157964,0.0531320311129093
EquiformerV2 AD with Hessian training,30286,3861,15,0.006784729193896,0.0269510485231876
EquiformerV2 AD with Hessian training,1843,3862,14,0.009430082514882,0.0353495962917804
EquiformerV2 AD with Hessian training,29932,3863,5,0.0449461378157138,0.4954991638660431
EquiformerV2 AD with Hessian training,13755,3864,12,0.0289784539490938,0.0767551213502883
EquiformerV2 AD with Hessian training,27519,3865,13,0.0159305389970541,0.0774706602096557
EquiformerV2 AD with Hessian training,46477,3866,12,0.0056701456196606,0.0715222209692001
EquiformerV2 AD with Hessian training,1523,3867,14,0.0387930534780025,0.1074404641985893
EquiformerV2 AD with Hessian training,39869,3868,13,0.0070429160259664,0.037769079208374
EquiformerV2 AD with Hessian training,43978,3869,17,0.0032462233211845,0.0138049740344285
EquiformerV2 AD with Hessian training,24947,3870,12,0.0118723548948764,0.0618113651871681
EquiformerV2 AD with Hessian training,2079,3871,12,0.008719933219254,0.0470707230269908
EquiformerV2 AD with Hessian training,28858,3872,12,0.0148820215836167,0.0567723736166954
EquiformerV2 AD with Hessian training,48332,3873,14,0.0135716898366808,0.0543799996376037
EquiformerV2 AD with Hessian training,6415,3874,15,0.010652283206582,0.0600215457379817
EquiformerV2 AD with Hessian training,22295,3875,11,0.0096762990579009,0.1275833696126938
EquiformerV2 AD with Hessian training,39716,3876,11,0.0241980049759149,0.1419087201356887
EquiformerV2 AD with Hessian training,43167,3877,12,0.0176352560520172,0.0943400338292121
EquiformerV2 AD with Hessian training,44239,3878,16,0.004237157292664,0.0475018732249736
EquiformerV2 AD with Hessian training,7799,3879,14,0.0043700081296265,0.0264179892838001
EquiformerV2 AD with Hessian training,32949,3880,14,0.009518944658339,0.0400434359908103
EquiformerV2 AD with Hessian training,38486,3881,16,0.0082483235746622,0.0413984544575214
EquiformerV2 AD with Hessian training,12102,3882,15,0.0308354552835226,0.0468875467777252
EquiformerV2 AD with Hessian training,48826,3883,14,0.0357669554650783,0.0880732238292694
EquiformerV2 AD with Hessian training,40169,3884,8,0.0069283409975469,0.4607428610324859
EquiformerV2 AD with Hessian training,47738,3885,18,0.0037799638230353,0.0193402264267206
EquiformerV2 AD with Hessian training,19889,3886,10,0.0138818016275763,0.0772215351462364
EquiformerV2 AD with Hessian training,22686,3887,18,0.0035126369912177,0.0161791127175092
EquiformerV2 AD with Hessian training,49182,3888,12,0.0101303309202194,0.0562925115227699
EquiformerV2 AD with Hessian training,31438,3889,14,0.0058627910912036,0.0371558517217636
EquiformerV2 AD with Hessian training,29075,3890,19,0.0176510699093341,0.0330420508980751
EquiformerV2 AD with Hessian training,26548,3891,9,0.0219569057226181,0.309502899646759
EquiformerV2 AD with Hessian training,28011,3892,18,0.0030765440315008,0.0183603223413229
EquiformerV2 AD with Hessian training,26524,3893,12,0.005465074442327,0.0917523503303527
EquiformerV2 AD with Hessian training,46073,3894,15,0.0042287446558475,0.0202014409005641
EquiformerV2 AD with Hessian training,14029,3895,13,0.0060507426969707,0.0436071828007698
EquiformerV2 AD with Hessian training,14286,3896,11,0.0072420756332576,0.0447429455816745
EquiformerV2 AD with Hessian training,6689,3897,10,0.0303417760878801,0.1453326940536499
EquiformerV2 AD with Hessian training,18074,3898,17,0.0199091397225856,0.0537291690707206
EquiformerV2 AD with Hessian training,25361,3899,15,0.0040200524963438,0.0200738273561
EquiformerV2 AD with Hessian training,11789,3900,11,0.0052375919185578,0.1641127318143844
EquiformerV2 AD with Hessian training,32249,3901,5,0.0106932129710912,0.5201217532157898
EquiformerV2 AD with Hessian training,47713,3902,16,0.0062477467581629,0.0290710069239139
EquiformerV2 AD with Hessian training,24317,3903,19,0.0127938026562333,0.0445104725658893
EquiformerV2 AD with Hessian training,7198,3904,16,0.0048285238444805,0.0253809969872236
EquiformerV2 AD with Hessian training,46429,3905,8,0.091982290148735,0.5370736718177795
EquiformerV2 AD with Hessian training,21454,3906,10,0.0264470074325799,0.2220098823308944
EquiformerV2 AD with Hessian training,33727,3907,19,0.0118466578423976,0.0359204187989234
EquiformerV2 AD with Hessian training,35526,3908,15,0.0117894914001226,0.0457018315792083
EquiformerV2 AD with Hessian training,19481,3909,15,0.0033527736086398,0.018524907529354
EquiformerV2 AD with Hessian training,47843,3910,15,0.0315489098429679,0.0806969478726387
EquiformerV2 AD with Hessian training,45930,3911,13,0.0070206257514655,0.0471264645457267
EquiformerV2 AD with Hessian training,11108,3912,9,0.0378081873059272,0.1681481152772903
EquiformerV2 AD with Hessian training,18589,3913,13,0.0043160058557987,0.0208739675581455
EquiformerV2 AD with Hessian training,5162,3914,18,0.0043257107026875,0.020291045308113
EquiformerV2 AD with Hessian training,14099,3915,13,0.0469820164144039,0.1158422827720642
EquiformerV2 AD with Hessian training,29007,3916,14,0.0049947379156947,0.0331354402005672
EquiformerV2 AD with Hessian training,20307,3917,12,0.0052436650730669,0.0381631217896938
EquiformerV2 AD with Hessian training,44051,3918,15,0.0031316112726926,0.0168152265250682
EquiformerV2 AD with Hessian training,11070,3919,12,0.0064672976732254,0.0468009673058986
EquiformerV2 AD with Hessian training,20150,3920,19,0.0659239068627357,0.0814561769366264
EquiformerV2 AD with Hessian training,50613,3921,14,0.0047599337995052,0.0279436316341161
EquiformerV2 AD with Hessian training,18551,3922,10,0.0266764611005783,0.2577008008956909
EquiformerV2 AD with Hessian training,45638,3923,17,0.0030340154189616,0.0150935994461178
EquiformerV2 AD with Hessian training,46105,3924,12,0.0128182023763656,0.052809190005064
EquiformerV2 AD with Hessian training,28032,3925,16,0.0084105674177408,0.0337407849729061
EquiformerV2 AD with Hessian training,43040,3926,19,0.0029195451643317,0.0107600921764969
EquiformerV2 AD with Hessian training,16748,3927,16,0.0084765693172812,0.0300605967640876
EquiformerV2 AD with Hessian training,30176,3928,16,0.0048743328079581,0.0256811454892158
EquiformerV2 AD with Hessian training,8045,3929,13,0.0067729065194725,0.0375530943274498
EquiformerV2 AD with Hessian training,11781,3930,14,0.0050358679145574,0.0207626353949308
EquiformerV2 AD with Hessian training,12364,3931,13,0.0156858749687671,0.0665455535054206
EquiformerV2 AD with Hessian training,26644,3932,19,0.0074302582070231,0.0261851977556943
EquiformerV2 AD with Hessian training,17875,3933,16,0.0093785598874092,0.0481433793902397
EquiformerV2 AD with Hessian training,23156,3934,15,0.0270729176700115,0.0639614462852478
EquiformerV2 AD with Hessian training,4872,3935,12,0.0111885862424969,0.0555900782346725
EquiformerV2 AD with Hessian training,20769,3936,14,0.0073934099636971,0.044964101165533
EquiformerV2 AD with Hessian training,46201,3937,12,0.0114933224394917,0.053420603275299
EquiformerV2 AD with Hessian training,37346,3938,16,0.0123643856495618,0.0347774066030979
EquiformerV2 AD with Hessian training,1280,3939,14,0.0060559115372598,0.0320537872612476
EquiformerV2 AD with Hessian training,14412,3940,13,0.0147282928228378,0.0837877243757247
EquiformerV2 AD with Hessian training,2788,3941,11,0.0151062626391649,0.0662483498454094
EquiformerV2 AD with Hessian training,12333,3942,13,0.002046353649348,0.0159873068332672
EquiformerV2 AD with Hessian training,47370,3943,14,0.010909560136497,0.0547754019498825
EquiformerV2 AD with Hessian training,5832,3944,12,0.0103782787919044,0.069401778280735
EquiformerV2 AD with Hessian training,5554,3945,19,0.0100464727729558,0.0350127927958965
EquiformerV2 AD with Hessian training,12782,3946,13,0.0099706510081887,0.0628121420741081
EquiformerV2 AD with Hessian training,8356,3947,15,0.01035769097507,0.0363779850304126
EquiformerV2 AD with Hessian training,39736,3948,12,0.0107212560251355,0.0646476745605468
EquiformerV2 AD with Hessian training,15545,3949,12,0.0055036433041095,0.0458157770335674
EquiformerV2 AD with Hessian training,37992,3950,17,0.0079048248007893,0.0352015979588031
EquiformerV2 AD with Hessian training,29776,3951,16,0.0015256330370903,0.0110494475811719
EquiformerV2 AD with Hessian training,36925,3952,12,0.0111817764118313,0.0507261082530021
EquiformerV2 AD with Hessian training,21344,3953,10,0.0192576982080936,0.4949947297573089
EquiformerV2 AD with Hessian training,9969,3954,16,0.02575109526515,0.0595753453671932
EquiformerV2 AD with Hessian training,16737,3955,6,0.0957131758332252,0.7033618688583374
EquiformerV2 AD with Hessian training,1559,3956,13,0.0437977612018585,0.1238961368799209
EquiformerV2 AD with Hessian training,17383,3957,14,0.0080816196277737,0.0298721306025981
EquiformerV2 AD with Hessian training,45242,3958,11,0.0061378208920359,0.0570383556187152
EquiformerV2 AD with Hessian training,36473,3959,16,0.0022651774343103,0.0123241497203707
EquiformerV2 AD with Hessian training,25020,3960,15,0.0527424812316894,0.0944885537028312
EquiformerV2 AD with Hessian training,48935,3961,6,0.0629864931106567,0.7631387114524841
EquiformerV2 AD with Hessian training,50388,3962,15,0.0066554760560393,0.0457593165338039
EquiformerV2 AD with Hessian training,37843,3963,13,0.0089201731607317,0.055802933871746
EquiformerV2 AD with Hessian training,19877,3964,15,0.0108702778816223,0.0365544147789478
EquiformerV2 AD with Hessian training,30962,3965,14,0.0115846376866102,0.0485193096101284
EquiformerV2 AD with Hessian training,34836,3966,14,0.0067765205167233,0.0411270484328269
EquiformerV2 AD with Hessian training,46892,3967,14,0.0689055174589157,0.1579929590225219
EquiformerV2 AD with Hessian training,2948,3968,11,0.0054276720620691,0.0670229494571685
EquiformerV2 AD with Hessian training,33149,3969,13,0.0158580392599105,0.042384535074234
EquiformerV2 AD with Hessian training,563,3970,12,0.0166507232934236,0.0829188823699951
EquiformerV2 AD with Hessian training,4865,3971,12,0.0262364745140075,0.0844533443450927
EquiformerV2 AD with Hessian training,23322,3972,14,0.0124343745410442,0.1065277531743049
EquiformerV2 AD with Hessian training,4096,3973,15,0.0106039876118302,0.0314364843070507
EquiformerV2 AD with Hessian training,31465,3974,13,0.0113964416086673,0.037086796015501
EquiformerV2 AD with Hessian training,23851,3975,21,0.0046280832029879,0.0166822560131549
EquiformerV2 AD with Hessian training,43656,3976,14,0.0492214895784854,0.1116764023900032
EquiformerV2 AD with Hessian training,49935,3977,11,0.0097196949645876,0.0686357989907264
EquiformerV2 AD with Hessian training,355,3978,10,0.013621000573039,0.1890657544136047
EquiformerV2 AD with Hessian training,13098,3979,12,0.0018337190849706,0.0267707929015159
EquiformerV2 AD with Hessian training,19201,3980,15,0.0082580987364053,0.0740358978509903
EquiformerV2 AD with Hessian training,36902,3981,11,0.0056272423826158,0.0449472181499004
EquiformerV2 AD with Hessian training,11211,3982,17,0.0031429375521838,0.0158667899668216
EquiformerV2 AD with Hessian training,27650,3983,11,0.0099638886749744,0.0802934989333152
EquiformerV2 AD with Hessian training,21267,3984,11,0.0075170742347836,0.055890891700983
EquiformerV2 AD with Hessian training,9903,3985,14,0.0080131208524107,0.0279907938092947
EquiformerV2 AD with Hessian training,25009,3986,19,0.0049766222946345,0.0189297161996364
EquiformerV2 AD with Hessian training,40342,3987,11,0.01114072650671,0.085304245352745
EquiformerV2 AD with Hessian training,22122,3988,16,0.0028004560153931,0.0221124216914176
EquiformerV2 AD with Hessian training,18788,3989,14,0.0247457716614007,0.0528448969125747
EquiformerV2 AD with Hessian training,10175,3990,9,0.0186666827648878,0.3007065951824188
EquiformerV2 AD with Hessian training,2516,3991,14,0.0030559326987713,0.0183799527585506
EquiformerV2 AD with Hessian training,40071,3992,14,0.0078039183281362,0.0302081070840358
EquiformerV2 AD with Hessian training,34825,3993,13,0.078808307647705,0.132627934217453
EquiformerV2 AD with Hessian training,37589,3994,11,0.0106556024402379,0.056251160800457
EquiformerV2 AD with Hessian training,14577,3995,13,0.005078362300992,0.0349358059465885
EquiformerV2 AD with Hessian training,37127,3996,18,0.0101884491741657,0.025943387299776
EquiformerV2 AD with Hessian training,27134,3997,10,0.026386035606265,0.2579828798770904
EquiformerV2 AD with Hessian training,35417,3998,10,0.0073623592033982,0.0941668227314949
EquiformerV2 AD with Hessian training,928,3999,16,0.0088566467165946,0.0258566848933696
EquiformerV2 AD with Hessian training,46435,4000,14,0.0083990581333637,0.0422552414238452
EquiformerV2 AD with Hessian training,20711,4001,8,0.0098350709304213,0.2443829178810119
EquiformerV2 AD with Hessian training,32770,4002,13,0.0516824834048748,0.1023111417889595
EquiformerV2 AD with Hessian training,31066,4003,12,0.0051938029937446,0.0301505606621503
EquiformerV2 AD with Hessian training,27471,4004,12,0.0067021823488175,0.0873208194971084
EquiformerV2 AD with Hessian training,35362,4005,15,0.003850606502965,0.023590862751007
EquiformerV2 AD with Hessian training,49649,4006,19,0.0940667018294334,0.0935182943940162
EquiformerV2 AD with Hessian training,2778,4007,15,0.0144986007362604,0.0371166616678237
EquiformerV2 AD with Hessian training,23023,4008,15,0.0033764555118978,0.0335177481174469
EquiformerV2 AD with Hessian training,16093,4009,14,0.0155140282586216,0.0657098740339279
EquiformerV2 AD with Hessian training,28125,4010,15,0.0031807662453502,0.0188867710530757
EquiformerV2 AD with Hessian training,3402,4011,12,0.0191454067826271,0.0811899974942207
EquiformerV2 AD with Hessian training,36069,4012,14,0.0033991010859608,0.0217179004102945
EquiformerV2 AD with Hessian training,21626,4013,13,0.0043273889459669,0.0210939552634954
EquiformerV2 AD with Hessian training,15408,4014,21,0.0047649471089243,0.0142966723069548
EquiformerV2 AD with Hessian training,33572,4015,10,0.0647192448377609,0.2138393670320511
EquiformerV2 AD with Hessian training,15671,4016,10,0.100658468902111,0.2408558577299118
EquiformerV2 AD with Hessian training,19084,4017,15,0.006943816319108,0.024188632145524
EquiformerV2 AD with Hessian training,47614,4018,17,0.0036466331221163,0.0193413831293582
EquiformerV2 AD with Hessian training,33454,4019,17,0.0031609607394784,0.0193919073790311
EquiformerV2 AD with Hessian training,14963,4020,15,0.0330159738659858,0.0930991694331169
EquiformerV2 AD with Hessian training,22432,4021,16,0.0030597262084484,0.0130344005301594
EquiformerV2 AD with Hessian training,11447,4022,12,0.0047980481758713,0.0358800254762172
EquiformerV2 AD with Hessian training,6274,4023,17,0.0029542320407927,0.0140624111518263
EquiformerV2 AD with Hessian training,40249,4024,15,0.0058534131385385,0.0380972847342491
EquiformerV2 AD with Hessian training,38205,4025,14,0.0057734977453947,0.054872378706932
EquiformerV2 AD with Hessian training,5222,4026,19,0.0106063764542341,0.0309147518128156
EquiformerV2 AD with Hessian training,1161,4027,17,0.0071472655981779,0.0204098336398601
EquiformerV2 AD with Hessian training,5919,4028,15,0.0185905694961547,0.042174607515335
EquiformerV2 AD with Hessian training,30178,4029,13,0.0110109997913241,0.0482853725552558
EquiformerV2 AD with Hessian training,329,4030,16,0.0079843718558549,0.0353694111108779
EquiformerV2 AD with Hessian training,45142,4031,17,0.0156649500131607,0.0389161892235279
EquiformerV2 AD with Hessian training,27446,4032,16,0.0135265197604894,0.0391794219613075
EquiformerV2 AD with Hessian training,30467,4033,16,0.0326545238494873,0.0656923428177833
EquiformerV2 AD with Hessian training,31628,4034,17,0.0031589458230882,0.0185625404119491
EquiformerV2 AD with Hessian training,70,4035,14,0.0046631470322608,0.025167329236865
EquiformerV2 AD with Hessian training,25189,4036,17,0.0092623755335807,0.0335665345191955
EquiformerV2 AD with Hessian training,42540,4037,6,0.0135463625192642,0.5922528505325317
EquiformerV2 AD with Hessian training,5577,4038,19,0.0027262733783572,0.0125999944284558
EquiformerV2 AD with Hessian training,29418,4039,12,0.0030060659628361,0.0258463229984045
EquiformerV2 AD with Hessian training,44023,4040,14,0.0027449871413409,0.0164302997291088
EquiformerV2 AD with Hessian training,7981,4041,10,0.0232778992503881,0.1708399653434753
EquiformerV2 AD with Hessian training,4444,4042,12,0.0080134430900216,0.055226881057024
EquiformerV2 AD with Hessian training,19488,4043,12,0.009901694022119,0.0832319408655166
EquiformerV2 AD with Hessian training,1516,4044,11,0.0078725069761276,0.0524982959032058
EquiformerV2 AD with Hessian training,31405,4045,16,0.0076179294846951,0.0437459088861942
EquiformerV2 AD with Hessian training,6703,4046,11,0.010536222718656,0.073515847325325
EquiformerV2 AD with Hessian training,35596,4047,15,0.0055124727077782,0.0315824560821056
EquiformerV2 AD with Hessian training,9791,4048,15,0.0029224860481917,0.016922727227211
EquiformerV2 AD with Hessian training,20794,4049,11,0.0054596890695393,0.0376115217804908
EquiformerV2 AD with Hessian training,26133,4050,19,0.0184634216129779,0.0345505662262439
EquiformerV2 AD with Hessian training,43703,4051,12,0.0182806774973869,0.3469856679439544
EquiformerV2 AD with Hessian training,48844,4052,12,0.0237890612334013,0.1279306560754776
EquiformerV2 AD with Hessian training,34405,4053,15,0.0090092467144131,0.0395663045346736
EquiformerV2 AD with Hessian training,33709,4054,15,0.0116458078846335,0.0463436916470527
EquiformerV2 AD with Hessian training,16378,4055,14,0.028431199491024,0.0625637248158454
EquiformerV2 AD with Hessian training,28473,4056,15,0.0179450586438179,0.0510155968368053
EquiformerV2 AD with Hessian training,29676,4057,12,0.0381276085972785,0.1276777982711792
EquiformerV2 AD with Hessian training,22898,4058,9,0.017849426716566,0.3842917382717132
EquiformerV2 AD with Hessian training,46759,4059,10,0.018874729052186,0.0911648496985435
EquiformerV2 AD with Hessian training,13109,4060,15,0.0061227562837302,0.0280273277312517
EquiformerV2 AD with Hessian training,26641,4061,15,0.0084509635344147,0.0272261779755353
EquiformerV2 AD with Hessian training,46447,4062,14,0.006780544295907,0.0223478972911834
EquiformerV2 AD with Hessian training,49084,4063,7,0.0324206128716468,0.6026053428649902
EquiformerV2 AD with Hessian training,31610,4064,15,0.0052250535227358,0.0655348226428031
EquiformerV2 AD with Hessian training,44641,4065,14,0.0157486572861671,0.0544773042201995
EquiformerV2 AD with Hessian training,32552,4066,12,0.0032352060079574,0.0236289780586957
EquiformerV2 AD with Hessian training,1613,4067,15,0.0042957924306392,0.0233850125223398
EquiformerV2 AD with Hessian training,46579,4068,14,0.0027691449504345,0.0180010367184877
EquiformerV2 AD with Hessian training,24616,4069,10,0.0076612480916082,0.0704719200730323
EquiformerV2 AD with Hessian training,4544,4070,16,0.0050770640373229,0.0268738325685262
EquiformerV2 AD with Hessian training,29178,4071,16,0.0117861256003379,0.0426033809781074
EquiformerV2 AD with Hessian training,11500,4072,12,0.0218361858278512,0.057563804090023
EquiformerV2 AD with Hessian training,26628,4073,12,0.006400850135833,0.0417050682008266
EquiformerV2 AD with Hessian training,1140,4074,16,0.0103762503713369,0.0333058163523674
EquiformerV2 AD with Hessian training,48791,4075,9,0.0233706496655941,0.223221480846405
EquiformerV2 AD with Hessian training,1991,4076,16,0.0262190233916044,0.0760744884610176
EquiformerV2 AD with Hessian training,12366,4077,15,0.0138549115508794,0.0341205298900604
EquiformerV2 AD with Hessian training,34919,4078,11,0.0134607013314962,0.0767867788672447
EquiformerV2 AD with Hessian training,14388,4079,14,0.0081610595807433,0.0376884974539279
EquiformerV2 AD with Hessian training,28242,4080,16,0.0073053790256381,0.0264925472438335
EquiformerV2 AD with Hessian training,35969,4081,17,0.0067716697230935,0.0254931189119815
EquiformerV2 AD with Hessian training,43556,4082,12,0.0179294943809509,0.1659893989562988
EquiformerV2 AD with Hessian training,197,4083,17,0.0241359565407037,0.0565117485821247
EquiformerV2 AD with Hessian training,10676,4084,15,0.0058977487497031,0.0569214560091495
EquiformerV2 AD with Hessian training,2883,4085,12,0.0127560021355748,0.0541019104421138
EquiformerV2 AD with Hessian training,9822,4086,18,0.0081027634441852,0.0245441123843193
EquiformerV2 AD with Hessian training,13462,4087,14,0.0108875688165426,0.0485080555081367
EquiformerV2 AD with Hessian training,37613,4088,13,0.0269147716462612,0.0885760113596916
EquiformerV2 AD with Hessian training,44565,4089,12,0.0042486540041863,0.0231973957270383
EquiformerV2 AD with Hessian training,1095,4090,15,0.0053771673701703,0.0208801161497831
EquiformerV2 AD with Hessian training,4308,4091,12,0.0176013186573982,0.0837389156222343
EquiformerV2 AD with Hessian training,27044,4092,14,0.0071105128154158,0.0215445794165134
EquiformerV2 AD with Hessian training,3245,4093,15,0.0068716420792043,0.0344584882259368
EquiformerV2 AD with Hessian training,26941,4094,12,0.0048775915056467,0.024132227525115
EquiformerV2 AD with Hessian training,23348,4095,17,0.0022167586721479,0.0120480107143521
EquiformerV2 AD with Hessian training,28084,4096,14,0.0098451161757111,0.0402205362915992
EquiformerV2 AD with Hessian training,19925,4097,12,0.0211318992078304,0.084479697048664
EquiformerV2 AD with Hessian training,42815,4098,13,0.0169026125222444,0.0696311742067337
EquiformerV2 AD with Hessian training,30678,4099,15,0.0135333035141229,0.0380108021199703
EquiformerV2 AD with Hessian training,47249,4100,15,0.0043931137770414,0.0214575473219156
EquiformerV2 AD with Hessian training,45552,4101,12,0.0137781063094735,0.0599917210638523
EquiformerV2 AD with Hessian training,10336,4102,10,0.0122885629534721,0.1314117461442947
EquiformerV2 AD with Hessian training,17262,4103,14,0.0044151241891086,0.0221218802034854
EquiformerV2 AD with Hessian training,9928,4104,17,0.0041455426253378,0.0170826874673366
EquiformerV2 AD with Hessian training,10802,4105,15,0.0058817965909838,0.0391270518302917
EquiformerV2 AD with Hessian training,27547,4106,13,0.0066819144412875,0.0357290096580982
EquiformerV2 AD with Hessian training,29940,4107,15,0.0163695029914379,0.0640616044402122
EquiformerV2 AD with Hessian training,1443,4108,19,0.0041147265583276,0.0159248784184455
EquiformerV2 AD with Hessian training,41911,4109,16,0.0178781971335411,0.0535474754869937
EquiformerV2 AD with Hessian training,39911,4110,12,0.0081002628430724,0.040415208786726
EquiformerV2 AD with Hessian training,23818,4111,12,0.0162816494703292,0.0517027825117111
EquiformerV2 AD with Hessian training,45917,4112,16,0.0152955781668424,0.0510981418192386
EquiformerV2 AD with Hessian training,39683,4113,15,0.0139363640919327,0.0540009848773479
EquiformerV2 AD with Hessian training,26799,4114,17,0.0056217196397483,0.0249152760952711
EquiformerV2 AD with Hessian training,29663,4115,17,0.0045758648775517,0.016021704301238
EquiformerV2 AD with Hessian training,37448,4116,10,0.0554000958800315,0.2341479510068893
EquiformerV2 AD with Hessian training,17930,4117,15,0.0135184926912188,0.0390154533088207
EquiformerV2 AD with Hessian training,8161,4118,13,0.0033216518349945,0.039193145930767
EquiformerV2 AD with Hessian training,43444,4119,14,0.0049217767082154,0.0273262206465005
EquiformerV2 AD with Hessian training,16895,4120,12,0.0070529910735785,0.0410452000796794
EquiformerV2 AD with Hessian training,26568,4121,13,0.0032661396544426,0.0218195430934429
EquiformerV2 AD with Hessian training,19377,4122,13,0.0082733556628227,0.0345336236059665
EquiformerV2 AD with Hessian training,6158,4123,17,0.0309667754918336,0.0531276017427444
EquiformerV2 AD with Hessian training,34263,4124,17,0.0026584041770547,0.0127733573317527
EquiformerV2 AD with Hessian training,18860,4125,9,0.0115989428013563,0.1620200872421264
EquiformerV2 AD with Hessian training,37117,4126,17,0.0058949193917214,0.0251629631966352
EquiformerV2 AD with Hessian training,48443,4127,16,0.0055597750470042,0.0170249547809362
EquiformerV2 AD with Hessian training,40319,4128,16,0.0325662717223167,0.0676260665059089
EquiformerV2 AD with Hessian training,15702,4129,15,0.0058935801498591,0.0320642553269863
EquiformerV2 AD with Hessian training,41522,4130,8,0.0352729670703411,0.184610441327095
EquiformerV2 AD with Hessian training,30452,4131,13,0.104708045721054,0.1685307323932647
EquiformerV2 AD with Hessian training,3126,4132,13,0.005930395796895,0.0317243933677673
EquiformerV2 AD with Hessian training,38933,4133,13,0.017214898020029,0.0572525076568126
EquiformerV2 AD with Hessian training,8340,4134,12,0.032758243381977,0.0928724631667137
EquiformerV2 AD with Hessian training,16913,4135,15,0.0148119321092963,0.1179955229163169
EquiformerV2 AD with Hessian training,19879,4136,18,0.0045900829136371,0.0280345603823661
EquiformerV2 AD with Hessian training,40051,4137,14,0.0180400144308805,0.0487049184739589
EquiformerV2 AD with Hessian training,39358,4138,12,0.0710991695523262,0.1417632848024368
EquiformerV2 AD with Hessian training,21246,4139,16,0.0033485712483525,0.0141955651342868
EquiformerV2 AD with Hessian training,49033,4140,14,0.0201504845172166,0.0611364878714084
EquiformerV2 AD with Hessian training,18918,4141,14,0.0132795060053467,0.0741404518485069
EquiformerV2 AD with Hessian training,28413,4142,12,0.0046146768145263,0.0288345869630575
EquiformerV2 AD with Hessian training,23603,4143,14,0.0047405608929693,0.0439977124333381
EquiformerV2 AD with Hessian training,41135,4144,15,0.0072636632248759,0.0303904209285974
EquiformerV2 AD with Hessian training,37903,4145,14,0.0131835574284195,0.0544898547232151
EquiformerV2 AD with Hessian training,45894,4146,11,0.03207977861166,0.160708487033844
EquiformerV2 AD with Hessian training,30396,4147,10,0.0161397624760866,0.1092207506299018
EquiformerV2 AD with Hessian training,26369,4148,12,0.0085771847516298,0.0426544956862926
EquiformerV2 AD with Hessian training,34769,4149,12,0.04079594835639,0.1320412009954452
EquiformerV2 AD with Hessian training,41289,4150,12,0.0155316572636365,0.0929517596960067
EquiformerV2 AD with Hessian training,7523,4151,16,0.0032042651437222,0.0153309172019362
EquiformerV2 AD with Hessian training,36286,4152,15,0.008407182060182,0.0351789146661758
EquiformerV2 AD with Hessian training,24323,4153,11,0.0049181808717548,0.0677763000130653
EquiformerV2 AD with Hessian training,7160,4154,16,0.0091342525556683,0.0331471301615238
EquiformerV2 AD with Hessian training,37751,4155,15,0.0125074759125709,0.0326880626380443
EquiformerV2 AD with Hessian training,9461,4156,11,0.0061184810474514,0.0396729782223701
EquiformerV2 AD with Hessian training,18559,4157,15,0.0119900405406951,0.05466153845191
EquiformerV2 AD with Hessian training,39411,4158,15,0.0030000002589076,0.0184642821550369
EquiformerV2 AD with Hessian training,32094,4159,13,0.0224441159516572,0.0763263404369354
EquiformerV2 AD with Hessian training,2801,4160,16,0.0115226823836565,0.0424187928438186
EquiformerV2 AD with Hessian training,41810,4161,17,0.0021063922904431,0.0107473880052566
EquiformerV2 AD with Hessian training,10452,4162,9,0.0271684322506189,0.3546057939529419
EquiformerV2 AD with Hessian training,253,4163,16,0.0193175487220287,0.0421185493469238
EquiformerV2 AD with Hessian training,38473,4164,17,0.0119477305561304,0.0338224694132804
EquiformerV2 AD with Hessian training,36331,4165,10,0.0163479670882225,0.3606869876384735
EquiformerV2 AD with Hessian training,40411,4166,19,0.0255525559186935,0.0585373453795909
EquiformerV2 AD with Hessian training,40435,4167,16,0.0536381006240844,0.0857818126678466
EquiformerV2 AD with Hessian training,28116,4168,15,0.0217996519058942,0.060075219720602
EquiformerV2 AD with Hessian training,16764,4169,17,0.0295807570219039,0.0522938184440135
EquiformerV2 AD with Hessian training,50013,4170,14,0.0112299397587776,0.0466306246817112
EquiformerV2 AD with Hessian training,34404,4171,14,0.0042070178315043,0.0329942516982555
EquiformerV2 AD with Hessian training,11825,4172,13,0.0074592814780771,0.0488027743995189
EquiformerV2 AD with Hessian training,34486,4173,15,0.031325563788414,0.0574811734259128
EquiformerV2 AD with Hessian training,25109,4174,14,0.007135022431612,0.0457601994276046
EquiformerV2 AD with Hessian training,647,4175,19,0.0296854879707098,0.0537982732057571
EquiformerV2 AD with Hessian training,9496,4176,14,0.0173375122249126,0.0621028691530227
EquiformerV2 AD with Hessian training,38743,4177,9,0.0179023705422878,0.3175916671752929
EquiformerV2 AD with Hessian training,25691,4178,12,0.0385278202593326,0.0806979462504386
EquiformerV2 AD with Hessian training,9344,4179,13,0.0084775499999523,0.0347208194434642
EquiformerV2 AD with Hessian training,28750,4180,11,0.0331682823598384,0.109599195420742
EquiformerV2 AD with Hessian training,16838,4181,16,0.0035173471551388,0.0195320919156074
EquiformerV2 AD with Hessian training,27492,4182,15,0.0094441818073391,0.0347520560026168
EquiformerV2 AD with Hessian training,1009,4183,9,0.0322961769998073,0.1594599932432174
EquiformerV2 AD with Hessian training,19519,4184,11,0.0261727329343557,0.1415936648845672
EquiformerV2 AD with Hessian training,46395,4185,13,0.0083124637603759,0.0317992232739925
EquiformerV2 AD with Hessian training,32009,4186,11,0.0062242783606052,0.069017693400383
EquiformerV2 AD with Hessian training,23186,4187,15,0.0146131627261638,0.0522327460348606
EquiformerV2 AD with Hessian training,40947,4188,12,0.0054290047846734,0.028260514140129
EquiformerV2 AD with Hessian training,24090,4189,15,0.0149703901261091,0.0453201942145824
EquiformerV2 AD with Hessian training,12533,4190,13,0.0041149160824716,0.023766066879034
EquiformerV2 AD with Hessian training,17148,4191,13,0.007585774641484,0.0415199510753154
EquiformerV2 AD with Hessian training,28703,4192,16,0.00269266939722,0.0139226503670215
EquiformerV2 AD with Hessian training,44247,4193,12,0.0168869942426681,0.0494910180568695
EquiformerV2 AD with Hessian training,35334,4194,11,0.0116485124453902,0.0713520869612693
EquiformerV2 AD with Hessian training,48061,4195,14,0.0465528927743434,0.0869019702076911
EquiformerV2 AD with Hessian training,1210,4196,11,0.0070047625340521,0.0482712611556053
EquiformerV2 AD with Hessian training,369,4197,11,0.0056815105490386,0.0290417615324258
EquiformerV2 AD with Hessian training,17922,4198,14,0.0035883849486708,0.0166476015001535
EquiformerV2 AD with Hessian training,1196,4199,14,0.0316644497215747,0.1097253859043121
EquiformerV2 AD with Hessian training,16019,4200,16,0.0032745599746704,0.0133326509967446
EquiformerV2 AD with Hessian training,23875,4201,16,0.0021106477361172,0.0118059022352099
EquiformerV2 AD with Hessian training,16459,4202,13,0.0467368699610233,0.0952435806393623
EquiformerV2 AD with Hessian training,8318,4203,15,0.0106690069660544,0.034956507384777
EquiformerV2 AD with Hessian training,36197,4204,15,0.008540354669094,0.0362778007984161
EquiformerV2 AD with Hessian training,31259,4205,11,0.0085732610896229,0.0469493232667446
EquiformerV2 AD with Hessian training,25293,4206,17,0.0087970672175288,0.0275090970098972
EquiformerV2 AD with Hessian training,34341,4207,13,0.0099236229434609,0.0500615872442722
EquiformerV2 AD with Hessian training,42791,4208,13,0.0078163612633943,0.0674415007233619
EquiformerV2 AD with Hessian training,20361,4209,21,0.0067541045136749,0.0226830951869487
EquiformerV2 AD with Hessian training,31558,4210,12,0.0231806803494691,0.0930311679840087
EquiformerV2 AD with Hessian training,40133,4211,12,0.0253600273281335,0.1663917005062103
EquiformerV2 AD with Hessian training,11310,4212,10,0.0124642876908183,0.075186550617218
EquiformerV2 AD with Hessian training,29452,4213,16,0.028847400099039,0.06328085064888
EquiformerV2 AD with Hessian training,26772,4214,16,0.0061929328367114,0.0365574210882186
EquiformerV2 AD with Hessian training,16294,4215,21,0.0030432923231273,0.0105526344850659
EquiformerV2 AD with Hessian training,6177,4216,19,0.0052704978734254,0.0221707038581371
EquiformerV2 AD with Hessian training,37760,4217,14,0.0370816923677921,0.0959243774414062
EquiformerV2 AD with Hessian training,21047,4218,15,0.0083611756563186,0.0273198224604129
EquiformerV2 AD with Hessian training,11628,4219,15,0.0042036985978484,0.0608623288571834
EquiformerV2 AD with Hessian training,15324,4220,10,0.3850285410881042,1.003874897956848
EquiformerV2 AD with Hessian training,44370,4221,12,0.0335123129189014,0.0895805284380912
EquiformerV2 AD with Hessian training,19490,4222,11,0.0203019008040428,0.1698803156614303
EquiformerV2 AD with Hessian training,26142,4223,16,0.0068029398098587,0.0358972735702991
EquiformerV2 AD with Hessian training,9263,4224,15,0.0146049251779913,0.0389435514807701
EquiformerV2 AD with Hessian training,38066,4225,10,0.0245982352644205,0.3172287344932556
EquiformerV2 AD with Hessian training,15822,4226,14,0.0105816591531038,0.041608951985836
EquiformerV2 AD with Hessian training,47727,4227,16,0.0028125259559601,0.0175318364053964
EquiformerV2 AD with Hessian training,17015,4228,14,0.0072698011063039,0.0291388593614101
EquiformerV2 AD with Hessian training,10799,4229,14,0.0052902586758136,0.0209392439574003
EquiformerV2 AD with Hessian training,38556,4230,15,0.0069161457940936,0.0380647778511047
EquiformerV2 AD with Hessian training,6632,4231,9,0.0214859340339899,0.1186996772885322
EquiformerV2 AD with Hessian training,36827,4232,11,0.0513324663043022,0.1619743257761001
EquiformerV2 AD with Hessian training,19184,4233,12,0.0057700807228684,0.0378547720611095
EquiformerV2 AD with Hessian training,41933,4234,17,0.0060199992731213,0.0245936829596757
EquiformerV2 AD with Hessian training,2518,4235,14,0.004265300463885,0.0238218065351247
EquiformerV2 AD with Hessian training,43,4236,10,0.0165183674544096,0.4458340108394623
EquiformerV2 AD with Hessian training,21218,4237,10,0.0534280575811862,0.2985273897647857
EquiformerV2 AD with Hessian training,47001,4238,13,0.0059443698264658,0.088805615901947
EquiformerV2 AD with Hessian training,36498,4239,12,0.0119036417454481,0.0876626893877983
EquiformerV2 AD with Hessian training,9495,4240,11,0.0120710134506225,0.0520812161266803
EquiformerV2 AD with Hessian training,8897,4241,11,0.0037731083575636,0.147668570280075
EquiformerV2 AD with Hessian training,15093,4242,10,0.0263425931334495,0.1651588678359985
EquiformerV2 AD with Hessian training,50764,4243,11,0.0100439144298434,0.0532918162643909
EquiformerV2 AD with Hessian training,43811,4244,14,0.0078340666368603,0.0592481046915054
EquiformerV2 AD with Hessian training,49681,4245,14,0.0082023851573467,0.0391811169683933
EquiformerV2 AD with Hessian training,18014,4246,16,0.0135264992713928,0.0587995573878288
EquiformerV2 AD with Hessian training,41795,4247,14,0.0185837689787149,0.0422051921486854
EquiformerV2 AD with Hessian training,49338,4248,12,0.0032490894664078,0.0244059953838586
EquiformerV2 AD with Hessian training,29262,4249,13,0.0035482482053339,0.0225329138338565
EquiformerV2 AD with Hessian training,46000,4250,11,0.0438679419457912,0.1921323537826538
EquiformerV2 AD with Hessian training,50201,4251,10,0.0109540596604347,0.0854413881897926
EquiformerV2 AD with Hessian training,31656,4252,12,0.0221853237599134,0.0665865093469619
EquiformerV2 AD with Hessian training,512,4253,14,0.0026510183233767,0.0157159958034753
EquiformerV2 AD with Hessian training,41253,4254,15,0.0062319226562976,0.0383363552391529
EquiformerV2 AD with Hessian training,8039,4255,17,0.0151681825518608,0.0390337593853473
EquiformerV2 AD with Hessian training,17769,4256,10,0.0270887091755867,0.1338298469781875
EquiformerV2 AD with Hessian training,27346,4257,13,0.0691917166113853,0.1660104393959045
EquiformerV2 AD with Hessian training,11064,4258,15,0.0064769308082759,0.0276815798133611
EquiformerV2 AD with Hessian training,12024,4259,12,0.025594025850296,0.1007264703512191
EquiformerV2 AD with Hessian training,34562,4260,16,0.0056514660827815,0.0270209889858961
EquiformerV2 AD with Hessian training,6134,4261,17,0.0120524363592267,0.0312925018370151
EquiformerV2 AD with Hessian training,24868,4262,16,0.0353260412812233,0.0633604675531387
EquiformerV2 AD with Hessian training,28460,4263,13,0.0077420403249561,0.0757829025387764
EquiformerV2 AD with Hessian training,49680,4264,10,0.0169257652014493,0.1251208633184433
EquiformerV2 AD with Hessian training,12485,4265,12,0.027257764711976,0.0950441509485244
EquiformerV2 AD with Hessian training,1735,4266,16,0.0038088075816631,0.0244619194418191
EquiformerV2 AD with Hessian training,38411,4267,18,0.0072259893640875,0.0218166355043649
EquiformerV2 AD with Hessian training,32164,4268,16,0.0051495931111276,0.0182055365294218
EquiformerV2 AD with Hessian training,7122,4269,17,0.0044082244858145,0.0255759004503488
EquiformerV2 AD with Hessian training,47809,4270,10,0.0173548888415098,0.129124566912651
EquiformerV2 AD with Hessian training,24805,4271,12,0.0160710848867893,0.0748769342899322
EquiformerV2 AD with Hessian training,6217,4272,16,0.0033769626170396,0.0182702783495187
EquiformerV2 AD with Hessian training,24085,4273,12,0.0209897942841053,0.1235120072960853
EquiformerV2 AD with Hessian training,5840,4274,14,0.0143825598061084,0.0767138376832008
EquiformerV2 AD with Hessian training,7105,4275,15,0.0065130544826388,0.024943072348833
EquiformerV2 AD with Hessian training,4584,4276,13,0.0398096963763237,0.1239660903811454
EquiformerV2 AD with Hessian training,26227,4277,13,0.0142882298678159,0.1124715581536293
EquiformerV2 AD with Hessian training,8076,4278,10,0.0042978296987712,0.0334514528512954
EquiformerV2 AD with Hessian training,5120,4279,12,0.0072680371813476,0.0759812295436859
EquiformerV2 AD with Hessian training,38203,4280,10,0.0124686229974031,0.1724704653024673
EquiformerV2 AD with Hessian training,24313,4281,12,0.006344090681523,0.0461259521543979
EquiformerV2 AD with Hessian training,43541,4282,8,0.0125870211049914,0.3570789694786072
EquiformerV2 AD with Hessian training,44601,4283,15,0.009135034866631,0.0288142431527376
EquiformerV2 AD with Hessian training,1500,4284,13,0.0345842577517032,0.1433394253253936
EquiformerV2 AD with Hessian training,43341,4285,17,0.036932535469532,0.0742072761058807
EquiformerV2 AD with Hessian training,38837,4286,12,0.0245836675167083,0.1040226072072982
EquiformerV2 AD with Hessian training,43041,4287,16,0.0145252933725714,0.0299525167793035
EquiformerV2 AD with Hessian training,5334,4288,12,0.0289643872529268,0.1232899948954582
EquiformerV2 AD with Hessian training,39459,4289,13,0.0227647144347429,0.0577007122337818
EquiformerV2 AD with Hessian training,21580,4290,15,0.0139726800844073,0.0459310710430145
EquiformerV2 AD with Hessian training,37220,4291,14,0.0054377610795199,0.0332233756780624
EquiformerV2 AD with Hessian training,31951,4292,15,0.0030369460582733,0.0181325003504753
EquiformerV2 AD with Hessian training,23357,4293,14,0.0043607326224446,0.0427960753440856
EquiformerV2 AD with Hessian training,27554,4294,15,0.0147683480754494,0.0915764272212982
EquiformerV2 AD with Hessian training,36609,4295,11,0.0429900921881198,0.1028879135847091
EquiformerV2 AD with Hessian training,41769,4296,9,0.0506319068372249,0.2542960941791534
EquiformerV2 AD with Hessian training,50803,4297,12,0.0034804071765393,0.0461787842214107
EquiformerV2 AD with Hessian training,29674,4298,12,0.004885580856353,0.0258343964815139
EquiformerV2 AD with Hessian training,8276,4299,14,0.0067371232435107,0.0412952117621898
EquiformerV2 AD with Hessian training,12903,4300,16,0.0027942133601754,0.0142577607184648
EquiformerV2 AD with Hessian training,46192,4301,14,0.0050045545212924,0.0199415292590856
EquiformerV2 AD with Hessian training,1057,4302,12,0.0069500491954386,0.0446838103234767
EquiformerV2 AD with Hessian training,29882,4303,13,0.0048112329095602,0.0295839384198188
EquiformerV2 AD with Hessian training,30932,4304,14,0.0052730781026184,0.0257612243294715
EquiformerV2 AD with Hessian training,15695,4305,7,0.0100496979430317,0.6077828407287598
EquiformerV2 AD with Hessian training,8535,4306,14,0.0253402534872293,0.0783035829663276
EquiformerV2 AD with Hessian training,47127,4307,14,0.0085643893107771,0.0446153171360492
EquiformerV2 AD with Hessian training,12625,4308,12,0.029522756114602,0.3471133708953857
EquiformerV2 AD with Hessian training,30076,4309,15,0.0136580048128962,0.0591904558241367
EquiformerV2 AD with Hessian training,39560,4310,14,0.0183437932282686,0.0447777733206748
EquiformerV2 AD with Hessian training,36897,4311,19,0.0037521461490541,0.0184796098619699
EquiformerV2 AD with Hessian training,14027,4312,11,0.0248372200876474,0.1807084381580352
EquiformerV2 AD with Hessian training,39277,4313,12,0.0346844270825386,0.0731872245669364
EquiformerV2 AD with Hessian training,43802,4314,15,0.0052202972583472,0.0257267318665981
EquiformerV2 AD with Hessian training,3318,4315,12,0.0100578432902693,0.0556639805436134
EquiformerV2 AD with Hessian training,3085,4316,14,0.0075838132761418,0.0565749816596508
EquiformerV2 AD with Hessian training,3565,4317,14,0.0135107738897204,0.0485610887408256
EquiformerV2 AD with Hessian training,32675,4318,12,0.0168314389884471,0.072514109313488
EquiformerV2 AD with Hessian training,5224,4319,16,0.0257268548011779,0.0550341419875621
EquiformerV2 AD with Hessian training,11224,4320,10,0.0177933629602193,0.0769834890961647
EquiformerV2 AD with Hessian training,28792,4321,10,0.0117990719154477,0.2370204329490661
EquiformerV2 AD with Hessian training,45081,4322,15,0.0193133950233459,0.0584153160452842
EquiformerV2 AD with Hessian training,29405,4323,13,0.0200846344232559,0.0815767124295234
EquiformerV2 AD with Hessian training,8033,4324,12,0.0240320526063442,0.0696963891386985
EquiformerV2 AD with Hessian training,42844,4325,15,0.0033181912731379,0.0183108523488044
EquiformerV2 AD with Hessian training,10606,4326,12,0.0125373499467968,0.0393484309315681
EquiformerV2 AD with Hessian training,49854,4327,13,0.0053804256021976,0.0245331637561321
EquiformerV2 AD with Hessian training,23542,4328,14,0.0057999342679977,0.021533915773034
EquiformerV2 AD with Hessian training,30960,4329,10,0.0189466569572687,0.11332468688488
EquiformerV2 AD with Hessian training,84,4330,19,0.0027424551080912,0.0139443008229136
EquiformerV2 AD with Hessian training,41754,4331,17,0.0133239580318331,0.0312143079936504
EquiformerV2 AD with Hessian training,20894,4332,9,0.0107701420783996,0.388239175081253
EquiformerV2 AD with Hessian training,18710,4333,8,0.0533117353916168,0.3468245267868042
EquiformerV2 AD with Hessian training,47175,4334,16,0.0166537091135978,0.0458820015192031
EquiformerV2 AD with Hessian training,35112,4335,9,0.0385286547243595,0.4278478324413299
EquiformerV2 AD with Hessian training,19311,4336,10,0.0486744605004787,0.2355720400810241
EquiformerV2 AD with Hessian training,48414,4337,15,0.00267691956833,0.0196782425045967
EquiformerV2 AD with Hessian training,19299,4338,9,0.0119086196646094,0.071696899831295
EquiformerV2 AD with Hessian training,22233,4339,19,0.0058513917028903,0.0185980033129453
EquiformerV2 AD with Hessian training,8163,4340,17,0.0151135809719562,0.0464465171098709
EquiformerV2 AD with Hessian training,29772,4341,14,0.0175251178443431,0.1034176349639892
EquiformerV2 AD with Hessian training,9937,4342,17,0.0033811086323112,0.0160872228443622
EquiformerV2 AD with Hessian training,49525,4343,15,0.0288698729127645,0.0780138671398162
EquiformerV2 AD with Hessian training,46398,4344,13,0.0240321047604084,0.061133075505495
EquiformerV2 AD with Hessian training,25783,4345,13,0.0160877183079719,0.0670966729521751
EquiformerV2 AD with Hessian training,26460,4346,10,0.0249197855591774,0.3467360138893127
EquiformerV2 AD with Hessian training,50462,4347,14,0.0243843235075473,0.0589978955686092
EquiformerV2 AD with Hessian training,14551,4348,15,0.0224409718066453,0.0772088021039962
EquiformerV2 AD with Hessian training,6489,4349,16,0.0031081463675945,0.0126700978726148
EquiformerV2 AD with Hessian training,13051,4350,17,0.0078660938888788,0.0270944088697433
EquiformerV2 AD with Hessian training,15872,4351,16,0.0088031124323606,0.0269140042364597
EquiformerV2 AD with Hessian training,38930,4352,12,0.0232228394597768,0.0775036439299583
EquiformerV2 AD with Hessian training,35984,4353,14,0.0060554887168109,0.0318147800862789
EquiformerV2 AD with Hessian training,27072,4354,15,0.0172694846987724,0.0539500452578067
EquiformerV2 AD with Hessian training,32607,4355,9,0.0069060255773365,0.3208882510662079
EquiformerV2 AD with Hessian training,36415,4356,10,0.0153555544093251,0.077372558414936
EquiformerV2 AD with Hessian training,7708,4357,12,0.0122262369841337,0.0788958594202995
EquiformerV2 AD with Hessian training,30384,4358,13,0.0131598515436053,0.0809120014309883
EquiformerV2 AD with Hessian training,42296,4359,16,0.0063872970640659,0.0344476774334907
EquiformerV2 AD with Hessian training,2112,4360,13,0.0585174560546875,0.121764600276947
EquiformerV2 AD with Hessian training,24385,4361,15,0.0947732329368591,0.1120495870709419
EquiformerV2 AD with Hessian training,26696,4362,13,0.0199158750474452,0.0767851993441581
EquiformerV2 AD with Hessian training,8133,4363,10,0.0243611335754394,0.2132752239704132
EquiformerV2 AD with Hessian training,43854,4364,14,0.0055418186821043,0.0811180770397186
EquiformerV2 AD with Hessian training,32317,4365,13,0.0087860981002449,0.0459599606692791
EquiformerV2 AD with Hessian training,16640,4366,15,0.0260372273623943,0.0925424993038177
EquiformerV2 AD with Hessian training,43068,4367,16,0.0038359514437615,0.0124513274058699
EquiformerV2 AD with Hessian training,25821,4368,12,0.0052405837923288,0.0308841485530138
EquiformerV2 AD with Hessian training,34461,4369,17,0.0226616729050874,0.0425276346504688
EquiformerV2 AD with Hessian training,46427,4370,12,0.0122884334996342,0.0616370067000389
EquiformerV2 AD with Hessian training,10256,4371,11,0.0114301424473524,0.0647458136081695
EquiformerV2 AD with Hessian training,13111,4372,16,0.0608079880475997,0.0846548900008201
EquiformerV2 AD with Hessian training,30317,4373,10,0.0866284146904945,0.3355936408042907
EquiformerV2 AD with Hessian training,12106,4374,14,0.0067707491107285,0.0270272307097911
EquiformerV2 AD with Hessian training,41247,4375,12,0.0447485111653804,0.1649229079484939
EquiformerV2 AD with Hessian training,3608,4376,19,0.0031581907533109,0.0135045889765024
EquiformerV2 AD with Hessian training,7954,4377,14,0.0070851133204996,0.053446277976036
EquiformerV2 AD with Hessian training,13618,4378,19,0.0032899850048124,0.0133278490975499
EquiformerV2 AD with Hessian training,26461,4379,15,0.0085573596879839,0.0429672747850418
EquiformerV2 AD with Hessian training,50541,4380,14,0.0199430268257856,0.091998815536499
EquiformerV2 AD with Hessian training,5771,4381,10,0.0377847142517566,0.2190526723861694
EquiformerV2 AD with Hessian training,27560,4382,14,0.0082695744931697,0.0400368124246597
EquiformerV2 AD with Hessian training,33841,4383,17,0.0136579675599932,0.0334763973951339
EquiformerV2 AD with Hessian training,25454,4384,18,0.0075300671160221,0.0262038260698318
EquiformerV2 AD with Hessian training,23760,4385,12,0.0101646436378359,0.04146458953619
EquiformerV2 AD with Hessian training,43146,4386,10,0.0172747503966093,0.0975596904754638
EquiformerV2 AD with Hessian training,32710,4387,17,0.0084786266088485,0.0272516105324029
EquiformerV2 AD with Hessian training,15526,4388,12,0.0043220743536949,0.0267360880970954
EquiformerV2 AD with Hessian training,48728,4389,14,0.0048336284235119,0.0285348333418369
EquiformerV2 AD with Hessian training,10159,4390,19,0.0184363462030887,0.0349677056074142
EquiformerV2 AD with Hessian training,14084,4391,13,0.0115204099565744,0.0565293803811073
EquiformerV2 AD with Hessian training,45181,4392,13,0.0132419848814606,0.0578726381063461
EquiformerV2 AD with Hessian training,5194,4393,14,0.0057306233793497,0.0310392715036869
EquiformerV2 AD with Hessian training,17363,4394,13,0.0143066979944705,0.0603532381355762
EquiformerV2 AD with Hessian training,15785,4395,12,0.0029526471626013,0.0353042967617511
EquiformerV2 AD with Hessian training,33571,4396,14,0.020743167027831,0.1268475204706192
EquiformerV2 AD with Hessian training,35860,4397,13,0.004966190084815,0.0332214161753654
EquiformerV2 AD with Hessian training,27808,4398,15,0.0083872303366661,0.0470531806349754
EquiformerV2 AD with Hessian training,40732,4399,15,0.0037460748571902,0.0234526488929986
EquiformerV2 AD with Hessian training,1425,4400,11,0.0079934438690543,0.0577063150703907
EquiformerV2 AD with Hessian training,980,4401,17,0.005537218414247,0.0218303333967924
EquiformerV2 AD with Hessian training,26089,4402,16,0.0263185407966375,0.0742577165365219
EquiformerV2 AD with Hessian training,26164,4403,15,0.0089392838999629,0.0295915473252534
EquiformerV2 AD with Hessian training,7343,4404,14,0.0205188803374767,0.0699796825647354
EquiformerV2 AD with Hessian training,39717,4405,8,0.013684457167983,0.23099385201931
EquiformerV2 AD with Hessian training,40954,4406,16,0.0099622327834367,0.0392558202147483
EquiformerV2 AD with Hessian training,24943,4407,14,0.0094716111198067,0.0269207432866096
EquiformerV2 AD with Hessian training,20771,4408,16,0.0105752451345324,0.0540138371288776
EquiformerV2 AD with Hessian training,4132,4409,16,0.0162278488278388,0.0428792387247085
EquiformerV2 AD with Hessian training,3397,4410,17,0.0054770428687334,0.0201727915555238
EquiformerV2 AD with Hessian training,38881,4411,10,0.0267037898302078,0.0870198309421539
EquiformerV2 AD with Hessian training,27506,4412,10,0.0436352044343948,0.208930492401123
EquiformerV2 AD with Hessian training,39935,4413,14,0.007018094882369,0.0334592014551162
EquiformerV2 AD with Hessian training,11837,4414,14,0.0174957867711782,0.0718268901109695
EquiformerV2 AD with Hessian training,28162,4415,14,0.0048662615008652,0.0808712467551231
EquiformerV2 AD with Hessian training,30450,4416,14,0.0223802477121353,0.0530646033585071
EquiformerV2 AD with Hessian training,34737,4417,17,0.0078935557976365,0.0249070022255182
EquiformerV2 AD with Hessian training,16986,4418,14,0.0049236072227358,0.0243352558463811
EquiformerV2 AD with Hessian training,321,4419,14,0.0168740376830101,0.0887369364500045
EquiformerV2 AD with Hessian training,32853,4420,9,0.0106065012514591,0.35956472158432
EquiformerV2 AD with Hessian training,19402,4421,16,0.00446761213243,0.018250660970807
EquiformerV2 AD with Hessian training,6346,4422,16,0.0103772664442658,0.0333067700266838
EquiformerV2 AD with Hessian training,2472,4423,18,0.0020033565815538,0.0081601860001683
EquiformerV2 AD with Hessian training,6259,4424,13,0.0049040829762816,0.0389920808374881
EquiformerV2 AD with Hessian training,49306,4425,15,0.0333618372678756,0.08177001029253
EquiformerV2 AD with Hessian training,49460,4426,13,0.021954458206892,0.0700347274541854
EquiformerV2 AD with Hessian training,6131,4427,12,0.0069545805454254,0.0441482104361057
EquiformerV2 AD with Hessian training,20746,4428,13,0.0164922624826431,0.0685415565967559
EquiformerV2 AD with Hessian training,33540,4429,11,0.0068687000311911,0.0495891794562339
EquiformerV2 AD with Hessian training,25624,4430,15,0.0164385065436363,0.0545426346361637
EquiformerV2 AD with Hessian training,46815,4431,9,0.0312904082238674,0.1877312958240509
EquiformerV2 AD with Hessian training,13574,4432,14,0.0067141130566596,0.0540745630860328
EquiformerV2 AD with Hessian training,46127,4433,16,0.0063041877001523,0.0299582872539758
EquiformerV2 AD with Hessian training,9051,4434,15,0.0099769420921802,0.032673142850399
EquiformerV2 AD with Hessian training,48799,4435,11,0.0099993767216801,0.0676731467247009
EquiformerV2 AD with Hessian training,33066,4436,10,0.0111321927979588,0.1503202319145202
EquiformerV2 AD with Hessian training,45800,4437,19,0.0047792899422347,0.0155996745452284
EquiformerV2 AD with Hessian training,29425,4438,11,0.0642991960048675,0.1184958592057228
EquiformerV2 AD with Hessian training,40881,4439,9,0.0095095690339803,0.3931206464767456
EquiformerV2 AD with Hessian training,20181,4440,14,0.0061857062391936,0.1216812878847122
EquiformerV2 AD with Hessian training,43362,4441,8,0.0131312236189842,0.340115875005722
EquiformerV2 AD with Hessian training,5848,4442,11,0.0158182587474584,0.1031688451766967
EquiformerV2 AD with Hessian training,40201,4443,18,0.0087622236460447,0.0299112983047962
EquiformerV2 AD with Hessian training,32835,4444,10,0.0089139407500624,0.267139196395874
EquiformerV2 AD with Hessian training,7907,4445,12,0.0041256980039179,0.0254746489226818
EquiformerV2 AD with Hessian training,32937,4446,8,0.0188652239739894,0.2160680592060089
EquiformerV2 AD with Hessian training,34862,4447,14,0.0027005316223949,0.0155413458123803
EquiformerV2 AD with Hessian training,16783,4448,10,0.0240933392196893,0.1710110902786255
EquiformerV2 AD with Hessian training,14910,4449,11,0.0159644223749637,0.1361708343029022
EquiformerV2 AD with Hessian training,33521,4450,16,0.0091897994279861,0.0354530438780784
EquiformerV2 AD with Hessian training,15890,4451,11,0.0123852305114269,0.0693565756082534
EquiformerV2 AD with Hessian training,9620,4452,13,0.0110100107267498,0.0417623706161975
EquiformerV2 AD with Hessian training,4715,4453,14,0.0220210570842027,0.048339407891035
EquiformerV2 AD with Hessian training,17068,4454,11,0.0050840131007134,0.0245636347681283
EquiformerV2 AD with Hessian training,34990,4455,13,0.0091873761266469,0.0517208576202392
EquiformerV2 AD with Hessian training,33354,4456,14,0.0081146750599145,0.0664299800992012
EquiformerV2 AD with Hessian training,44362,4457,13,0.0085192751139402,0.053090400993824
EquiformerV2 AD with Hessian training,8016,4458,12,0.0029127656016498,0.0229841377586126
EquiformerV2 AD with Hessian training,19608,4459,15,0.0114952120929956,0.0313425697386264
EquiformerV2 AD with Hessian training,33609,4460,9,0.0188500415533781,0.3906171321868896
EquiformerV2 AD with Hessian training,1231,4461,12,0.0045504942536354,0.0333341583609581
EquiformerV2 AD with Hessian training,5413,4462,19,0.0045651206746697,0.0131280589848756
EquiformerV2 AD with Hessian training,5029,4463,15,0.0248447824269533,0.0613859146833419
EquiformerV2 AD with Hessian training,30735,4464,15,0.0052918596193194,0.0245142839848995
EquiformerV2 AD with Hessian training,28421,4465,15,0.0065340376459062,0.0253600515425205
EquiformerV2 AD with Hessian training,19885,4466,15,0.0293129365891218,0.0609021931886673
EquiformerV2 AD with Hessian training,3254,4467,13,0.0037521994672715,0.0332410521805286
EquiformerV2 AD with Hessian training,33644,4468,16,0.0046236398629844,0.0222241356968879
EquiformerV2 AD with Hessian training,21049,4469,12,0.0156220393255352,0.068262942135334
EquiformerV2 AD with Hessian training,37781,4470,9,0.0066811619326472,0.0838280245661735
EquiformerV2 AD with Hessian training,34857,4471,17,0.0109784817323088,0.0371502451598644
EquiformerV2 AD with Hessian training,46928,4472,10,0.007859936915338,0.2730776071548462
EquiformerV2 AD with Hessian training,33489,4473,10,0.0092237163335084,0.1815986782312393
EquiformerV2 AD with Hessian training,50494,4474,14,0.0050568892620503,0.0260698851197958
EquiformerV2 AD with Hessian training,8681,4475,14,0.0188866201788187,0.0612643361091613
EquiformerV2 AD with Hessian training,38898,4476,12,0.0822619199752807,0.137313112616539
EquiformerV2 AD with Hessian training,39659,4477,18,0.0063774222508072,0.0184736251831054
EquiformerV2 AD with Hessian training,16750,4478,16,0.003464575856924,0.0130106387659907
EquiformerV2 AD with Hessian training,15735,4479,11,0.031186107546091,0.3071902692317962
EquiformerV2 AD with Hessian training,23624,4480,13,0.0156105607748031,0.0648011118173599
EquiformerV2 AD with Hessian training,35804,4481,11,0.0750528424978256,0.2063576430082321
EquiformerV2 AD with Hessian training,43777,4482,14,0.0194502938538789,0.050118513405323
EquiformerV2 AD with Hessian training,16318,4483,15,0.0109359622001647,0.0372354723513126
EquiformerV2 AD with Hessian training,770,4484,17,0.0036957417614758,0.0151360323652625
EquiformerV2 AD with Hessian training,22455,4485,13,0.0040845139883458,0.0303565487265586
EquiformerV2 AD with Hessian training,9519,4486,12,0.0336151979863643,0.0882110819220542
EquiformerV2 AD with Hessian training,32445,4487,10,0.0068783252499997,0.2883053421974182
EquiformerV2 AD with Hessian training,41189,4488,12,0.0269190073013305,0.0926979407668113
EquiformerV2 AD with Hessian training,4516,4489,11,0.0028442647308111,0.0277505610138177
EquiformerV2 AD with Hessian training,49524,4490,13,0.0042043426074087,0.0336648523807525
EquiformerV2 AD with Hessian training,17754,4491,15,0.0302569605410099,0.0769622921943664
EquiformerV2 AD with Hessian training,3071,4492,13,0.0093241101130843,0.0621389299631118
EquiformerV2 AD with Hessian training,15839,4493,10,0.0561412535607814,0.1593291014432907
EquiformerV2 AD with Hessian training,15261,4494,13,0.0079674236476421,0.0547168478369712
EquiformerV2 AD with Hessian training,20904,4495,17,0.0091167036443948,0.0311023071408271
EquiformerV2 AD with Hessian training,5498,4496,15,0.0102514177560806,0.0355061255395412
EquiformerV2 AD with Hessian training,31385,4497,10,0.0252426750957965,0.154769629240036
EquiformerV2 AD with Hessian training,6692,4498,15,0.0043585994280874,0.0238717570900917
EquiformerV2 AD with Hessian training,5502,4499,17,0.0066699446178972,0.0305639468133449
EquiformerV2 AD with Hessian training,18368,4500,17,0.0093137295916676,0.0341537557542324
EquiformerV2 AD with Hessian training,7507,4501,16,0.0034136651083827,0.0179217662662267
EquiformerV2 AD with Hessian training,6002,4502,11,0.009155967272818,0.0480964519083499
EquiformerV2 AD with Hessian training,35082,4503,12,0.006924117449671,0.0980640798807144
EquiformerV2 AD with Hessian training,2806,4504,16,0.0181030593812465,0.0465590991079807
EquiformerV2 AD with Hessian training,2664,4505,16,0.0037581175565719,0.0152889527380466
EquiformerV2 AD with Hessian training,40170,4506,13,0.0195423327386379,0.0612706579267978
EquiformerV2 AD with Hessian training,2136,4507,14,0.004976789932698,0.0251439828425645
EquiformerV2 AD with Hessian training,10867,4508,6,0.0267549641430377,0.6316138505935669
EquiformerV2 AD with Hessian training,4755,4509,13,0.0154287740588188,0.0493253916501998
EquiformerV2 AD with Hessian training,46062,4510,10,0.0256835706532001,0.1648224592208862
EquiformerV2 AD with Hessian training,32500,4511,13,0.0136659881100058,0.0591132119297981
EquiformerV2 AD with Hessian training,895,4512,19,0.0295773744583129,0.053522989153862
EquiformerV2 AD with Hessian training,42063,4513,14,0.0178789421916008,0.0685646086931228
EquiformerV2 AD with Hessian training,16516,4514,15,0.0099862786009907,0.0482698045670986
EquiformerV2 AD with Hessian training,7853,4515,13,0.0027734260074794,0.0178997889161109
EquiformerV2 AD with Hessian training,24103,4516,15,0.003589928150177,0.0198506899178028
EquiformerV2 AD with Hessian training,34694,4517,16,0.0088893249630928,0.0271642077714204
EquiformerV2 AD with Hessian training,12761,4518,15,0.02029974386096,0.055897083133459
EquiformerV2 AD with Hessian training,21893,4519,13,0.018248576670885,0.0598277598619461
EquiformerV2 AD with Hessian training,933,4520,11,0.0151486778631806,0.1737002879381179
EquiformerV2 AD with Hessian training,46381,4521,18,0.0027773049660027,0.0139644742012023
EquiformerV2 AD with Hessian training,1553,4522,19,0.0076934294775128,0.0213317070156335
EquiformerV2 AD with Hessian training,6876,4523,12,0.0175027623772621,0.0725828930735588
EquiformerV2 AD with Hessian training,12325,4524,17,0.0117458095774054,0.0341820456087589
EquiformerV2 AD with Hessian training,27843,4525,13,0.0037389742210507,0.025885947048664
EquiformerV2 AD with Hessian training,35276,4526,14,0.0125132258981466,0.0535456128418445
EquiformerV2 AD with Hessian training,5954,4527,11,0.0123800989240407,0.0844962894916534
EquiformerV2 AD with Hessian training,28855,4528,10,0.0079612834379076,0.0723241716623306
EquiformerV2 AD with Hessian training,37642,4529,16,0.0055038286373019,0.0315982289612293
EquiformerV2 AD with Hessian training,43012,4530,13,0.0167583972215652,0.0920926630496978
EquiformerV2 AD with Hessian training,11925,4531,11,0.0363230220973491,0.1495645493268966
EquiformerV2 AD with Hessian training,46111,4532,12,0.0634522438049316,0.1708461791276931
EquiformerV2 AD with Hessian training,781,4533,11,0.0178187135607004,0.0839964225888252
EquiformerV2 AD with Hessian training,1322,4534,19,0.0498890466988086,0.0569730810821056
EquiformerV2 AD with Hessian training,39633,4535,14,0.0145500181242823,0.0543148033320903
EquiformerV2 AD with Hessian training,25031,4536,13,0.0081977788358926,0.0412425361573696
EquiformerV2 AD with Hessian training,25081,4537,16,0.0027551017701625,0.0127461003139615
EquiformerV2 AD with Hessian training,36476,4538,15,0.0193931870162487,0.0487307235598564
EquiformerV2 AD with Hessian training,7999,4539,14,0.0070729446597397,0.0297808591276407
EquiformerV2 AD with Hessian training,25911,4540,12,0.0115021271631121,0.0526481457054615
EquiformerV2 AD with Hessian training,25306,4541,12,0.0050607123412191,0.0294220000505447
EquiformerV2 AD with Hessian training,14681,4542,15,0.0054605095647275,0.022043127566576
EquiformerV2 AD with Hessian training,24518,4543,14,0.0332156382501125,0.0519644804298877
EquiformerV2 AD with Hessian training,45536,4544,16,0.0041056778281927,0.0197152998298406
EquiformerV2 AD with Hessian training,1935,4545,14,0.0038399512413889,0.0223703067749738
EquiformerV2 AD with Hessian training,25933,4546,11,0.0446001552045345,0.1986911743879318
EquiformerV2 AD with Hessian training,22526,4547,12,0.0201294180005788,0.0809785723686218
EquiformerV2 AD with Hessian training,30453,4548,15,0.0059599997475743,0.0290331598371267
EquiformerV2 AD with Hessian training,27286,4549,13,0.0032686991617083,0.015263550914824
EquiformerV2 AD with Hessian training,48073,4550,14,0.0242405086755752,0.0787427946925163
EquiformerV2 AD with Hessian training,23191,4551,12,0.0044247857294976,0.0525317378342151
EquiformerV2 AD with Hessian training,31014,4552,12,0.0210094824433326,0.1024758294224739
EquiformerV2 AD with Hessian training,31451,4553,17,0.0480859912931919,0.0985675975680351
EquiformerV2 AD with Hessian training,2250,4554,14,0.010133009403944,0.0403529852628707
EquiformerV2 AD with Hessian training,32423,4555,8,0.0586877316236496,0.2209496647119522
EquiformerV2 AD with Hessian training,13586,4556,13,0.0124244298785924,0.0565126724541187
EquiformerV2 AD with Hessian training,45908,4557,13,0.0060505173169076,0.0354528315365314
EquiformerV2 AD with Hessian training,47917,4558,15,0.0021899284329265,0.0155477346852421
EquiformerV2 AD with Hessian training,48029,4559,19,0.0060826316475868,0.0201963447034358
EquiformerV2 AD with Hessian training,28000,4560,19,0.0031637400388717,0.0132343657314777
EquiformerV2 AD with Hessian training,3826,4561,11,0.0088440664112567,0.04287875816226
EquiformerV2 AD with Hessian training,48500,4562,13,0.011435710825026,0.0605961568653583
EquiformerV2 AD with Hessian training,21205,4563,12,0.0138623882085084,0.0589574761688709
EquiformerV2 AD with Hessian training,16343,4564,13,0.0205481965094804,0.0814340040087699
EquiformerV2 AD with Hessian training,25647,4565,17,0.0189456157386302,0.0511088632047176
EquiformerV2 AD with Hessian training,30823,4566,17,0.0096698654815554,0.0352315530180931
EquiformerV2 AD with Hessian training,47720,4567,17,0.0097398944199085,0.0336858928203582
EquiformerV2 AD with Hessian training,46867,4568,13,0.0082302568480372,0.0425540208816528
EquiformerV2 AD with Hessian training,15648,4569,13,0.0085550574585795,0.0425945520401001
EquiformerV2 AD with Hessian training,41373,4570,13,0.0197462737560272,0.0851691663265228
EquiformerV2 AD with Hessian training,14269,4571,15,0.0211895201355218,0.0737197399139404
EquiformerV2 AD with Hessian training,35548,4572,13,0.0056682052090764,0.0853949859738349
EquiformerV2 AD with Hessian training,1588,4573,11,0.0077917343005537,0.0820558294653892
EquiformerV2 AD with Hessian training,49026,4574,15,0.0100735519081354,0.056240152567625
EquiformerV2 AD with Hessian training,6859,4575,11,0.0035900261718779,0.0233534425497055
EquiformerV2 AD with Hessian training,47224,4576,16,0.0103552173823118,0.0532046929001808
EquiformerV2 AD with Hessian training,28911,4577,19,0.0074733602814376,0.0238580759614706
EquiformerV2 AD with Hessian training,11569,4578,10,0.016278738155961,0.1158544421195983
EquiformerV2 AD with Hessian training,14552,4579,15,0.0059449383988976,0.0241235345602035
EquiformerV2 AD with Hessian training,23670,4580,12,0.0044665420427918,0.0286123380064964
EquiformerV2 AD with Hessian training,8074,4581,8,0.0145654482766985,0.3214297294616699
EquiformerV2 AD with Hessian training,34614,4582,10,0.0147079080343246,0.2970437407493591
EquiformerV2 AD with Hessian training,47237,4583,15,0.0143231311812996,0.0457512214779853
EquiformerV2 AD with Hessian training,1542,4584,15,0.01617525331676,0.0508827716112136
EquiformerV2 AD with Hessian training,38440,4585,12,0.0085590863600373,0.0418053381145
EquiformerV2 AD with Hessian training,40930,4586,13,0.005200991872698,0.0278297048062086
EquiformerV2 AD with Hessian training,13938,4587,15,0.0084465770050883,0.0360304005444049
EquiformerV2 AD with Hessian training,14977,4588,8,0.0077780447900295,0.0494770593941211
EquiformerV2 AD with Hessian training,6731,4589,17,0.0083274478092789,0.0271857734769582
EquiformerV2 AD with Hessian training,34777,4590,14,0.0067936852574348,0.0710838288068771
EquiformerV2 AD with Hessian training,13179,4591,14,0.0041240290738642,0.028272608295083
EquiformerV2 AD with Hessian training,39781,4592,19,0.0059342649765312,0.0151155889034271
EquiformerV2 AD with Hessian training,2534,4593,14,0.0050801974721252,0.0294561889022588
EquiformerV2 AD with Hessian training,3828,4594,16,0.0063887014985084,0.0278042759746313
EquiformerV2 AD with Hessian training,6594,4595,18,0.0021198852919042,0.0082539552822709
EquiformerV2 AD with Hessian training,2053,4596,16,0.0107222599908709,0.0303915143013
EquiformerV2 AD with Hessian training,25848,4597,16,0.0030483668670058,0.0172445178031921
EquiformerV2 AD with Hessian training,38395,4598,10,0.0103711513802409,0.1719176471233368
EquiformerV2 AD with Hessian training,4774,4599,15,0.0047511332668364,0.0245448760688304
EquiformerV2 AD with Hessian training,9848,4600,12,0.0319695137441158,0.0866375192999839
EquiformerV2 AD with Hessian training,35679,4601,14,0.0936695039272308,0.1743346750736236
EquiformerV2 AD with Hessian training,4882,4602,12,0.0387274213135242,0.068452276289463
EquiformerV2 AD with Hessian training,36115,4603,14,0.0053444695658981,0.0482098497450351
EquiformerV2 AD with Hessian training,39417,4604,10,0.0386738292872905,0.1141077205538749
EquiformerV2 AD with Hessian training,49502,4605,15,0.0127977794036269,0.0550496950745582
EquiformerV2 AD with Hessian training,35394,4606,15,0.0025586902629584,0.019274640828371
EquiformerV2 AD with Hessian training,1104,4607,14,0.0076868757605552,0.1128593012690544
EquiformerV2 AD with Hessian training,38109,4608,14,0.0045744939707219,0.0273578111082315
EquiformerV2 AD with Hessian training,8441,4609,13,0.006770521402359,0.0438475608825683
EquiformerV2 AD with Hessian training,15056,4610,12,0.0038062119856476,0.0469033531844615
EquiformerV2 AD with Hessian training,22622,4611,12,0.0473574809730052,0.1650855243206024
EquiformerV2 AD with Hessian training,3706,4612,12,0.0246588457375764,0.0964070633053779
EquiformerV2 AD with Hessian training,27673,4613,13,0.0338828861713409,0.0980667695403099
EquiformerV2 AD with Hessian training,11662,4614,14,0.0117151550948619,0.0810300707817077
EquiformerV2 AD with Hessian training,31847,4615,11,0.0137453321367502,0.0671029612421989
EquiformerV2 AD with Hessian training,29471,4616,18,0.0101901004090905,0.0399047061800956
EquiformerV2 AD with Hessian training,9184,4617,13,0.0083455964922904,0.0436400547623634
EquiformerV2 AD with Hessian training,27766,4618,14,0.0168356876820325,0.0465183667838573
EquiformerV2 AD with Hessian training,46078,4619,15,0.0107858106493949,0.036103531718254
EquiformerV2 AD with Hessian training,45586,4620,13,0.0352823622524738,0.1445658653974533
EquiformerV2 AD with Hessian training,32242,4621,12,0.0249561350792646,0.1042031422257423
EquiformerV2 AD with Hessian training,10056,4622,19,0.0391423478722572,0.0529882945120334
EquiformerV2 AD with Hessian training,43585,4623,12,0.0173548310995101,0.0751606076955795
EquiformerV2 AD with Hessian training,3682,4624,15,0.0061676078476011,0.0268638860434293
EquiformerV2 AD with Hessian training,23020,4625,16,0.0090535692870616,0.0326200388371944
EquiformerV2 AD with Hessian training,3473,4626,12,0.0126967569813132,0.0627886354923248
EquiformerV2 AD with Hessian training,16760,4627,17,0.0040656714700162,0.0177340619266033
EquiformerV2 AD with Hessian training,47462,4628,16,0.0056440136395394,0.0199795067310333
EquiformerV2 AD with Hessian training,1061,4629,12,0.0216019991785287,0.0859713032841682
EquiformerV2 AD with Hessian training,11002,4630,13,0.0387679263949394,0.1166454851627349
EquiformerV2 AD with Hessian training,29182,4631,17,0.0041112480685114,0.0194631814956665
EquiformerV2 AD with Hessian training,36561,4632,9,0.0327412448823452,0.1596493273973465
EquiformerV2 AD with Hessian training,26455,4633,18,0.003303924575448,0.0091749262064695
EquiformerV2 AD with Hessian training,36632,4634,17,0.0042489934712648,0.0180556494742631
EquiformerV2 AD with Hessian training,18101,4635,16,0.023069642484188,0.0632252544164657
EquiformerV2 AD with Hessian training,19591,4636,16,0.0114163365215063,0.0406079180538654
EquiformerV2 AD with Hessian training,47919,4637,17,0.005811174865812,0.0215702801942825
EquiformerV2 AD with Hessian training,26467,4638,14,0.011720155365765,0.0668920576572418
EquiformerV2 AD with Hessian training,50417,4639,13,0.0153421806171536,0.0547344014048576
EquiformerV2 AD with Hessian training,25127,4640,14,0.0600389093160629,0.1065550819039344
EquiformerV2 AD with Hessian training,48002,4641,18,0.0033643615897744,0.0163248013705015
EquiformerV2 AD with Hessian training,47558,4642,10,0.0210118200629949,0.3860720694065094
EquiformerV2 AD with Hessian training,26319,4643,15,0.0098383147269487,0.0423173010349273
EquiformerV2 AD with Hessian training,37047,4644,12,0.0448250472545623,0.1181579157710075
EquiformerV2 AD with Hessian training,6845,4645,19,0.0097149237990379,0.025276530534029
EquiformerV2 AD with Hessian training,49679,4646,13,0.0457224212586879,0.1198764592409133
EquiformerV2 AD with Hessian training,49693,4647,11,0.0190406795591115,0.0954369381070137
EquiformerV2 AD with Hessian training,5756,4648,16,0.0037731097545474,0.0248080436140298
EquiformerV2 AD with Hessian training,39665,4649,14,0.0096983201801776,0.0631138309836387
EquiformerV2 AD with Hessian training,23476,4650,9,0.0099684000015258,0.0666134878993034
EquiformerV2 AD with Hessian training,41862,4651,17,0.0059593915939331,0.0254715587943792
EquiformerV2 AD with Hessian training,34261,4652,14,0.0148439919576048,0.0805902704596519
EquiformerV2 AD with Hessian training,12230,4653,14,0.0080608064308762,0.02956273406744
EquiformerV2 AD with Hessian training,1575,4654,14,0.0122409602627158,0.0319537073373794
EquiformerV2 AD with Hessian training,335,4655,16,0.001814279705286,0.012116982601583
EquiformerV2 AD with Hessian training,14290,4656,13,0.0044010262936353,0.0322686582803726
EquiformerV2 AD with Hessian training,34141,4657,18,0.0028798701241612,0.0143764531239867
EquiformerV2 AD with Hessian training,15018,4658,15,0.0057065389119088,0.0325659625232219
EquiformerV2 AD with Hessian training,2405,4659,11,0.0080104134976863,0.096708633005619
EquiformerV2 AD with Hessian training,35328,4660,16,0.0038068010471761,0.0196804348379373
EquiformerV2 AD with Hessian training,37649,4661,15,0.0097379954531788,0.0304526016116142
EquiformerV2 AD with Hessian training,43954,4662,14,0.0124843260273337,0.048161506652832
EquiformerV2 AD with Hessian training,8379,4663,10,0.0270340535789728,0.1842811405658722
EquiformerV2 AD with Hessian training,48474,4664,19,0.0123239737004041,0.0276459380984306
EquiformerV2 AD with Hessian training,33940,4665,14,0.0304605681449174,0.0885891914367675
EquiformerV2 AD with Hessian training,4997,4666,17,0.0033973462413996,0.0166823398321867
EquiformerV2 AD with Hessian training,22121,4667,16,0.0040643271058797,0.0201443377882242
EquiformerV2 AD with Hessian training,1423,4668,11,0.0111324694007635,0.0689904242753982
EquiformerV2 AD with Hessian training,11130,4669,13,0.0426721982657909,0.0810831636190414
EquiformerV2 AD with Hessian training,29801,4670,17,0.0036384249106049,0.0207667388021945
EquiformerV2 AD with Hessian training,3114,4671,17,0.0338588468730449,0.055065706372261
EquiformerV2 AD with Hessian training,32058,4672,11,0.0107043636962771,0.0698700249195098
EquiformerV2 AD with Hessian training,8123,4673,11,0.2202213853597641,0.4807177186012268
EquiformerV2 AD with Hessian training,13077,4674,14,0.0076366295106709,0.0314040258526802
EquiformerV2 AD with Hessian training,50143,4675,11,0.0192334521561861,0.3571920394897461
EquiformerV2 AD with Hessian training,43750,4676,18,0.0028265144210308,0.0112475538626313
EquiformerV2 AD with Hessian training,25607,4677,13,0.0201905518770217,0.0655625760555267
EquiformerV2 AD with Hessian training,5729,4678,17,0.0298667978495359,0.078598141670227
EquiformerV2 AD with Hessian training,32044,4679,12,0.0073186648078262,0.0617570243775844
EquiformerV2 AD with Hessian training,26351,4680,17,0.0077094393782317,0.0269919298589229
EquiformerV2 AD with Hessian training,11402,4681,13,0.0083937495946884,0.0415713489055633
EquiformerV2 AD with Hessian training,34094,4682,13,0.0054260538890957,0.0233483258634805
EquiformerV2 AD with Hessian training,39739,4683,11,0.0256902128458023,0.1640542298555374
EquiformerV2 AD with Hessian training,21637,4684,15,0.0038758465088903,0.0245919730514287
EquiformerV2 AD with Hessian training,37378,4685,16,0.0065405308268964,0.0367674119770526
EquiformerV2 AD with Hessian training,14034,4686,16,0.0061539346352219,0.0165405832231044
EquiformerV2 AD with Hessian training,30657,4687,18,0.0135022671893239,0.0323554910719394
EquiformerV2 AD with Hessian training,35534,4688,12,0.0746272280812263,0.2134136110544204
EquiformerV2 AD with Hessian training,33543,4689,15,0.0023459428921341,0.0130311278626322
EquiformerV2 AD with Hessian training,31242,4690,11,0.0150519255548715,0.0959037989377975
EquiformerV2 AD with Hessian training,17514,4691,16,0.0080330986529588,0.0254638269543647
EquiformerV2 AD with Hessian training,48084,4692,15,0.00437488919124,0.0287780873477458
EquiformerV2 AD with Hessian training,42526,4693,9,0.1210734695196151,0.4180055856704712
EquiformerV2 AD with Hessian training,14891,4694,15,0.0078499522060155,0.0354732908308506
EquiformerV2 AD with Hessian training,27030,4695,14,0.008566509000957,0.0528754107654094
EquiformerV2 AD with Hessian training,35222,4696,16,0.0274798981845378,0.0594522692263126
EquiformerV2 AD with Hessian training,12010,4697,16,0.0023341241758316,0.0137838311493396
EquiformerV2 AD with Hessian training,48263,4698,19,0.0427065156400203,0.0614771097898483
EquiformerV2 AD with Hessian training,13014,4699,11,0.0079418588429689,0.1022603511810302
EquiformerV2 AD with Hessian training,14765,4700,11,0.0143300099298357,0.0930921956896781
EquiformerV2 AD with Hessian training,8077,4701,16,0.0044539738446474,0.0175642296671867
EquiformerV2 AD with Hessian training,10871,4702,17,0.0082849906757473,0.0337039716541767
EquiformerV2 AD with Hessian training,16934,4703,16,0.0036050546914339,0.0269332788884639
EquiformerV2 AD with Hessian training,38796,4704,14,0.0060085356235504,0.1219099387526512
EquiformerV2 AD with Hessian training,2260,4705,14,0.0093466751277446,0.0440921261906623
EquiformerV2 AD with Hessian training,15797,4706,12,0.0075492579489946,0.0371907725930213
EquiformerV2 AD with Hessian training,34704,4707,17,0.0080335829406976,0.0219760034233331
EquiformerV2 AD with Hessian training,17311,4708,10,0.0079512726515531,0.0574546344578266
EquiformerV2 AD with Hessian training,31257,4709,18,0.0103395832702517,0.0340795256197452
EquiformerV2 AD with Hessian training,37286,4710,13,0.0109969833865761,0.0438555181026458
EquiformerV2 AD with Hessian training,9934,4711,14,0.0031681195832788,0.0193941742181777
EquiformerV2 AD with Hessian training,47629,4712,9,0.041915725916624,0.2254847735166549
EquiformerV2 AD with Hessian training,12933,4713,17,0.068348579108715,0.0848438516259193
EquiformerV2 AD with Hessian training,18651,4714,14,0.0070584574714303,0.0542369931936264
EquiformerV2 AD with Hessian training,49626,4715,13,0.0055559356696903,0.0252317860722541
EquiformerV2 AD with Hessian training,31755,4716,15,0.0096845924854278,0.0382353216409683
EquiformerV2 AD with Hessian training,18036,4717,11,0.0062637794762849,0.052402276545763
EquiformerV2 AD with Hessian training,47513,4718,8,0.0492258965969085,0.5910575985908508
EquiformerV2 AD with Hessian training,11644,4719,16,0.0056402361951768,0.0234784185886383
EquiformerV2 AD with Hessian training,9064,4720,17,0.0119116138666868,0.0320885181427001
EquiformerV2 AD with Hessian training,20824,4721,16,0.0136750414967536,0.0294076465070247
EquiformerV2 AD with Hessian training,33479,4722,14,0.0108588580042123,0.0555807724595069
EquiformerV2 AD with Hessian training,41427,4723,11,0.0299744550138711,0.1947391033172607
EquiformerV2 AD with Hessian training,47902,4724,16,0.0207581166177988,0.0571453161537647
EquiformerV2 AD with Hessian training,39783,4725,13,0.0121692819520831,0.0576360151171684
EquiformerV2 AD with Hessian training,14152,4726,14,0.0146614573895931,0.0396803431212902
EquiformerV2 AD with Hessian training,33742,4727,17,0.0168410371989011,0.0455757454037666
EquiformerV2 AD with Hessian training,47668,4728,11,0.0111748361960053,0.0720240622758865
EquiformerV2 AD with Hessian training,33030,4729,11,0.0198594145476818,0.2421326041221618
EquiformerV2 AD with Hessian training,40289,4730,10,0.0391360372304916,0.1522248834371566
EquiformerV2 AD with Hessian training,50334,4731,11,0.0166516173630952,0.0995133444666862
EquiformerV2 AD with Hessian training,40784,4732,13,0.0110853193327784,0.0328302048146724
EquiformerV2 AD with Hessian training,29432,4733,13,0.0202664192765951,0.0936129763722419
EquiformerV2 AD with Hessian training,21716,4734,17,0.0166196729987859,0.0666529983282089
EquiformerV2 AD with Hessian training,40785,4735,21,0.0026949716266244,0.0099171288311481
EquiformerV2 AD with Hessian training,8982,4736,15,0.0051437737420201,0.0278854146599769
EquiformerV2 AD with Hessian training,29158,4737,15,0.0062539069913327,0.0214142277836799
EquiformerV2 AD with Hessian training,30966,4738,11,0.0060608680360019,0.0397320576012134
EquiformerV2 AD with Hessian training,4175,4739,13,0.0099255787208676,0.0445624813437461
EquiformerV2 AD with Hessian training,20396,4740,14,0.0039279391057789,0.050654225051403
EquiformerV2 AD with Hessian training,30647,4741,13,0.0144236106425523,0.0438955500721931
EquiformerV2 AD with Hessian training,24485,4742,15,0.0093420604243874,0.0411464497447013
EquiformerV2 AD with Hessian training,12036,4743,8,0.0305050816386938,0.35312420129776
EquiformerV2 AD with Hessian training,5081,4744,12,0.0155341094359755,0.0688873305916786
EquiformerV2 AD with Hessian training,33959,4745,12,0.0050989398732781,0.0376476943492889
EquiformerV2 AD with Hessian training,43179,4746,13,0.0228412616997957,0.0764358639717102
EquiformerV2 AD with Hessian training,2070,4747,15,0.0057637812569737,0.0259391833096742
EquiformerV2 AD with Hessian training,16894,4748,13,0.0120747368782758,0.0638679265975952
EquiformerV2 AD with Hessian training,44168,4749,18,0.0061077107675373,0.0235792119055986
EquiformerV2 AD with Hessian training,31946,4750,12,0.0051843607798218,0.1587619483470916
EquiformerV2 AD with Hessian training,32690,4751,17,0.0054330131970345,0.0222728569060564
EquiformerV2 AD with Hessian training,7248,4752,13,0.0031461853068321,0.0840371698141098
EquiformerV2 AD with Hessian training,7175,4753,17,0.0127522433176636,0.0267753675580024
EquiformerV2 AD with Hessian training,41239,4754,8,0.026988461613655,0.1929134130477905
EquiformerV2 AD with Hessian training,44249,4755,16,0.0023925839923322,0.0135623468086123
EquiformerV2 AD with Hessian training,9023,4756,11,0.0161112174391746,0.0692349895834922
EquiformerV2 AD with Hessian training,29543,4757,12,0.0284779369831085,0.0904859527945518
EquiformerV2 AD with Hessian training,39455,4758,13,0.0025320576969534,0.0175318662077188
EquiformerV2 AD with Hessian training,43601,4759,16,0.0041421218775212,0.0200467798858881
EquiformerV2 AD with Hessian training,35514,4760,19,0.0041554379276931,0.0150009635835886
EquiformerV2 AD with Hessian training,41918,4761,8,0.0066213272511959,0.1167495101690292
EquiformerV2 AD with Hessian training,10951,4762,13,0.0049177766777575,0.0241240616887807
EquiformerV2 AD with Hessian training,21600,4763,15,0.0196313168853521,0.0616845935583114
EquiformerV2 AD with Hessian training,32234,4764,11,0.0134191624820232,0.0711411014199256
EquiformerV2 AD with Hessian training,13119,4765,12,0.0207313001155853,0.0848844051361084
EquiformerV2 AD with Hessian training,26804,4766,14,0.0061221052892506,0.0317970477044582
EquiformerV2 AD with Hessian training,4635,4767,11,0.0262123756110668,0.1604155749082565
EquiformerV2 AD with Hessian training,10355,4768,16,0.0033314619213342,0.0217252690345048
EquiformerV2 AD with Hessian training,31397,4769,15,0.0053581926040351,0.0236374344676733
EquiformerV2 AD with Hessian training,47307,4770,16,0.0149038881063461,0.0473117046058177
EquiformerV2 AD with Hessian training,28831,4771,17,0.0052388776093721,0.0299387592822313
EquiformerV2 AD with Hessian training,40933,4772,11,0.0116463899612426,0.2239495664834976
EquiformerV2 AD with Hessian training,10097,4773,17,0.0089742569252848,0.039147138595581
EquiformerV2 AD with Hessian training,20166,4774,13,0.0138695398345589,0.0654701516032219
EquiformerV2 AD with Hessian training,21744,4775,9,0.049984261393547,0.2606046497821808
EquiformerV2 AD with Hessian training,27795,4776,14,0.0029634644743055,0.0226848796010017
EquiformerV2 AD with Hessian training,311,4777,10,0.0410537905991077,0.1316296160221099
EquiformerV2 AD with Hessian training,184,4778,15,0.0070196855813264,0.0305230468511581
EquiformerV2 AD with Hessian training,16081,4779,15,0.0613634772598743,0.1004364714026451
EquiformerV2 AD with Hessian training,50162,4780,14,0.0039544249884784,0.0265241395682096
EquiformerV2 AD with Hessian training,39931,4781,14,0.0036139048170298,0.0265801735222339
EquiformerV2 AD with Hessian training,31313,4782,18,0.0113503513857722,0.0353278741240501
EquiformerV2 AD with Hessian training,7046,4783,19,0.0039863702841103,0.018388669937849
EquiformerV2 AD with Hessian training,35496,4784,12,0.0087801208719611,0.0868295431137085
EquiformerV2 AD with Hessian training,42533,4785,11,0.0115709928795695,0.0923519358038902
EquiformerV2 AD with Hessian training,8747,4786,15,0.0168996080756187,0.0642731115221977
EquiformerV2 AD with Hessian training,38768,4787,15,0.0035016748588532,0.0186768900603055
EquiformerV2 AD with Hessian training,18107,4788,13,0.0045565939508378,0.0296644009649753
EquiformerV2 AD with Hessian training,23738,4789,16,0.0143847418949007,0.0417718216776847
EquiformerV2 AD with Hessian training,19318,4790,17,0.0117296846583485,0.0468914769589901
EquiformerV2 AD with Hessian training,22580,4791,14,0.0140353050082921,0.0589115209877491
EquiformerV2 AD with Hessian training,25303,4792,8,0.0056992517784237,0.0417693592607975
EquiformerV2 AD with Hessian training,36723,4793,12,0.0130950696766376,0.0755525156855583
EquiformerV2 AD with Hessian training,2983,4794,10,0.0115644484758377,0.1540090292692184
EquiformerV2 AD with Hessian training,35154,4795,16,0.0043952199630439,0.0166050661355257
EquiformerV2 AD with Hessian training,43511,4796,16,0.0062012700363993,0.0291136763989925
EquiformerV2 AD with Hessian training,18972,4797,15,0.0223700683563947,0.0828018635511398
EquiformerV2 AD with Hessian training,24727,4798,15,0.003578782081604,0.0297967307269573
EquiformerV2 AD with Hessian training,1858,4799,17,0.0118292095139622,0.0313365086913108
EquiformerV2 AD with Hessian training,24630,4800,16,0.0059443260543048,0.0286070201545953
EquiformerV2 AD with Hessian training,3061,4801,15,0.01680513843894,0.053270474076271
EquiformerV2 AD with Hessian training,30086,4802,12,0.0284745395183563,0.3478664755821228
EquiformerV2 AD with Hessian training,13341,4803,12,0.005655366461724,0.048555314540863
EquiformerV2 AD with Hessian training,21001,4804,16,0.0556272491812706,0.0705901682376861
EquiformerV2 AD with Hessian training,966,4805,15,0.0350782983005046,0.0797693207859993
EquiformerV2 AD with Hessian training,6490,4806,15,0.0104217818006873,0.0379070080816745
EquiformerV2 AD with Hessian training,47321,4807,17,0.0034579541534185,0.0137942181900143
EquiformerV2 AD with Hessian training,29597,4808,11,0.0032007112167775,0.0288950074464082
EquiformerV2 AD with Hessian training,18964,4809,12,0.014428911730647,0.0491775460541248
EquiformerV2 AD with Hessian training,11216,4810,16,0.0081970263272523,0.0395473651587963
EquiformerV2 AD with Hessian training,17811,4811,17,0.0203283093869686,0.0445289462804794
EquiformerV2 AD with Hessian training,378,4812,15,0.038217220455408,0.0839850828051567
EquiformerV2 AD with Hessian training,42485,4813,15,0.0068589663133025,0.0497713088989257
EquiformerV2 AD with Hessian training,10279,4814,13,0.0049131582491099,0.0843786522746086
EquiformerV2 AD with Hessian training,27194,4815,11,0.0880034044384956,0.1586995422840118
EquiformerV2 AD with Hessian training,35511,4816,16,0.002999824238941,0.0222977343946695
EquiformerV2 AD with Hessian training,42272,4817,12,0.0136362593621015,0.0617964826524257
EquiformerV2 AD with Hessian training,35440,4818,16,0.0025607608258724,0.0141585851088166
EquiformerV2 AD with Hessian training,32035,4819,14,0.0114313717931509,0.0618232637643814
EquiformerV2 AD with Hessian training,44655,4820,13,0.0031055337749421,0.038664773106575
EquiformerV2 AD with Hessian training,22199,4821,14,0.006318942643702,0.0815714821219444
EquiformerV2 AD with Hessian training,50650,4822,15,0.0072750495746731,0.0279820766299963
EquiformerV2 AD with Hessian training,26497,4823,15,0.0208268035203218,0.0685720890760421
EquiformerV2 AD with Hessian training,3012,4824,16,0.0040473686531186,0.0250918269157409
EquiformerV2 AD with Hessian training,38802,4825,16,0.0168653633445501,0.0590796209871768
EquiformerV2 AD with Hessian training,7869,4826,19,0.0040299296379089,0.0159686338156461
EquiformerV2 AD with Hessian training,44821,4827,13,0.1473744064569473,5.010244369506836
EquiformerV2 AD with Hessian training,21206,4828,16,0.0071827238425612,0.0191830676048994
EquiformerV2 AD with Hessian training,45774,4829,15,0.0096213752403855,0.0391291268169879
EquiformerV2 AD with Hessian training,42338,4830,13,0.0174715556204319,0.0942133590579032
EquiformerV2 AD with Hessian training,45585,4831,15,0.0177508033812046,0.0570564121007919
EquiformerV2 AD with Hessian training,31743,4832,14,0.0078527024015784,0.0412571728229522
EquiformerV2 AD with Hessian training,28611,4833,14,0.008280954323709,0.0280103143304586
EquiformerV2 AD with Hessian training,15052,4834,9,0.0288449991494417,0.2086989134550094
EquiformerV2 AD with Hessian training,31727,4835,12,0.0190844386816024,0.1211288347840309
EquiformerV2 AD with Hessian training,41825,4836,17,0.0097815673798322,0.0390399619936943
EquiformerV2 AD with Hessian training,30011,4837,18,0.0043008378706872,0.0199034269899129
EquiformerV2 AD with Hessian training,11975,4838,11,0.0154542606323957,0.1160128265619278
EquiformerV2 AD with Hessian training,29209,4839,12,0.0056376433931291,0.0358101427555084
EquiformerV2 AD with Hessian training,6945,4840,14,0.0069330306723713,0.0369565896689891
EquiformerV2 AD with Hessian training,43353,4841,17,0.0209846124053001,0.0710028782486915
EquiformerV2 AD with Hessian training,16979,4842,15,0.0055271200835704,0.020990427583456
EquiformerV2 AD with Hessian training,8229,4843,10,0.0350157991051673,0.1907364428043365
EquiformerV2 AD with Hessian training,41606,4844,15,0.0033009848557412,0.0233653914183378
EquiformerV2 AD with Hessian training,18428,4845,15,0.0107941878959536,0.0281412843614816
EquiformerV2 AD with Hessian training,33798,4846,13,0.0563178434967994,0.1214973181486129
EquiformerV2 AD with Hessian training,8454,4847,14,0.048457883298397,0.0935449227690696
EquiformerV2 AD with Hessian training,41741,4848,11,0.0385241098701953,0.1147291511297226
EquiformerV2 AD with Hessian training,38517,4849,14,0.0035289742518216,0.0299252271652221
EquiformerV2 AD with Hessian training,36962,4850,12,0.003079479560256,0.0284442491829395
EquiformerV2 AD with Hessian training,37297,4851,15,0.0042376378551125,0.0258277729153633
EquiformerV2 AD with Hessian training,1081,4852,16,0.0375446379184722,0.0619700364768505
EquiformerV2 AD with Hessian training,19079,4853,10,0.0176498871296644,0.3194167017936706
EquiformerV2 AD with Hessian training,25679,4854,14,0.0039325505495071,0.0188379827886819
EquiformerV2 AD with Hessian training,20971,4855,14,0.0084128808230161,0.0245580486953258
EquiformerV2 AD with Hessian training,21492,4856,13,0.0500044450163841,0.0911812111735344
EquiformerV2 AD with Hessian training,48436,4857,11,0.0115343583747744,0.0988552570343017
EquiformerV2 AD with Hessian training,27220,4858,10,0.0197749473154544,0.1601617336273193
EquiformerV2 AD with Hessian training,15063,4859,14,0.0121869789436459,0.0527267903089523
EquiformerV2 AD with Hessian training,35807,4860,14,0.0071003353223204,0.1116386726498603
EquiformerV2 AD with Hessian training,9001,4861,10,0.0078354505822062,0.2924393713474273
EquiformerV2 AD with Hessian training,47869,4862,15,0.0228410512208938,0.1084680408239364
EquiformerV2 AD with Hessian training,34817,4863,10,0.0101162241771817,0.0655634999275207
EquiformerV2 AD with Hessian training,11552,4864,15,0.0166456196457147,0.0827751383185386
EquiformerV2 AD with Hessian training,7336,4865,10,0.1235534995794296,0.3464623987674713
EquiformerV2 AD with Hessian training,49462,4866,14,0.0153416115790605,0.0834402814507484
EquiformerV2 AD with Hessian training,41090,4867,16,0.0047072684392333,0.0258149467408657
EquiformerV2 AD with Hessian training,49218,4868,15,0.0062916758470237,0.0438193380832672
EquiformerV2 AD with Hessian training,48466,4869,16,0.0106535805389285,0.030525479465723
EquiformerV2 AD with Hessian training,6925,4870,14,0.0117707541212439,0.0897781178355217
EquiformerV2 AD with Hessian training,19077,4871,13,0.0043433369137346,0.0343747772276401
EquiformerV2 AD with Hessian training,38324,4872,13,0.0089926403015851,0.0528870746493339
EquiformerV2 AD with Hessian training,16822,4873,15,0.0073750014416873,0.0304617471992969
EquiformerV2 AD with Hessian training,18405,4874,16,0.0024687368422746,0.0139889419078826
EquiformerV2 AD with Hessian training,11583,4875,14,0.009140457957983,0.0378057695925235
EquiformerV2 AD with Hessian training,3152,4876,12,0.0067080040462315,0.0357951931655406
EquiformerV2 AD with Hessian training,20986,4877,11,0.0090100225061178,0.04144774004817
EquiformerV2 AD with Hessian training,50454,4878,14,0.0094724083319306,0.0304010920226573
EquiformerV2 AD with Hessian training,47995,4879,17,0.0020419827196747,0.0122142396867275
EquiformerV2 AD with Hessian training,795,4880,7,0.0296169240027666,0.5169018507003784
EquiformerV2 AD with Hessian training,17797,4881,11,0.0114001417532563,0.1009001210331916
EquiformerV2 AD with Hessian training,12891,4882,12,0.0126525443047285,0.0928350612521171
EquiformerV2 AD with Hessian training,40061,4883,17,0.0105942301452159,0.0279882326722145
EquiformerV2 AD with Hessian training,42225,4884,14,0.0088921776041388,0.0390444286167621
EquiformerV2 AD with Hessian training,6235,4885,13,0.0099643785506486,0.0498833023011684
EquiformerV2 AD with Hessian training,8344,4886,15,0.012486582621932,0.0772476866841316
EquiformerV2 AD with Hessian training,34130,4887,10,0.0347848422825336,0.1213582903146743
EquiformerV2 AD with Hessian training,742,4888,11,0.0785098373889923,0.1939037293195724
EquiformerV2 AD with Hessian training,3214,4889,13,0.0145798781886696,0.0634911134839057
EquiformerV2 AD with Hessian training,40067,4890,11,0.0065947114489972,0.0530733205378055
EquiformerV2 AD with Hessian training,38175,4891,11,0.0045863878913223,0.0287108905613422
EquiformerV2 AD with Hessian training,9275,4892,16,0.0066218203864991,0.0355507396161556
EquiformerV2 AD with Hessian training,22887,4893,15,0.0137251885607838,0.0544341616332531
EquiformerV2 AD with Hessian training,31470,4894,12,0.0104861157014966,0.0637588649988174
EquiformerV2 AD with Hessian training,32808,4895,12,0.0116164665669202,0.0771007388830185
EquiformerV2 AD with Hessian training,31552,4896,10,0.0479251630604267,0.359121710062027
EquiformerV2 AD with Hessian training,20455,4897,13,0.0182215515524148,0.1356662064790725
EquiformerV2 AD with Hessian training,30353,4898,9,0.0195712782442569,0.0979655459523201
EquiformerV2 AD with Hessian training,32023,4899,11,0.0145909702405333,0.0633031800389289
EquiformerV2 AD with Hessian training,26631,4900,12,0.0093459533527493,0.0304539501667022
EquiformerV2 AD with Hessian training,22445,4901,12,0.0118889519944787,0.0542601495981216
EquiformerV2 AD with Hessian training,14079,4902,15,0.0089289909228682,0.0303286779671907
EquiformerV2 AD with Hessian training,6821,4903,8,0.0340795181691646,0.1825183182954788
EquiformerV2 AD with Hessian training,1337,4904,16,0.0058593279682099,0.0243027601391077
EquiformerV2 AD with Hessian training,27025,4905,17,0.0036281964275985,0.0145705649629235
EquiformerV2 AD with Hessian training,33460,4906,15,0.0236853417009115,0.054183255881071
EquiformerV2 AD with Hessian training,33378,4907,15,0.0095706172287464,0.0406595095992088
EquiformerV2 AD with Hessian training,9751,4908,16,0.0139845013618469,0.0448344089090824
EquiformerV2 AD with Hessian training,33064,4909,14,0.0241530146449804,0.0657058581709861
EquiformerV2 AD with Hessian training,1686,4910,10,0.0139250168576836,0.1641250550746917
EquiformerV2 AD with Hessian training,18045,4911,16,0.0090536009520292,0.02454374730587
EquiformerV2 AD with Hessian training,15718,4912,12,0.1093010529875755,0.2831860184669494
EquiformerV2 AD with Hessian training,10964,4913,16,0.0072858426719903,0.0369185991585254
EquiformerV2 AD with Hessian training,45962,4914,14,0.0648786500096321,0.1196923479437828
EquiformerV2 AD with Hessian training,29971,4915,14,0.0124724991619586,0.0614707730710506
EquiformerV2 AD with Hessian training,22886,4916,8,0.0295291356742382,0.2815947234630584
EquiformerV2 AD with Hessian training,49474,4917,11,0.0143206315115094,0.0737638399004936
EquiformerV2 AD with Hessian training,8196,4918,13,0.0066835531033575,0.0351821593940258
EquiformerV2 AD with Hessian training,4953,4919,19,0.0023610549978911,0.009644373320043
EquiformerV2 AD with Hessian training,3043,4920,12,0.0154771143570542,0.0571605078876018
EquiformerV2 AD with Hessian training,37028,4921,18,0.0093774506822228,0.032570257782936
EquiformerV2 AD with Hessian training,32027,4922,17,0.0110895978286862,0.034807950258255
EquiformerV2 AD with Hessian training,33220,4923,11,0.0545191094279289,0.2043045312166214
EquiformerV2 AD with Hessian training,9763,4924,11,0.0147086782380938,0.0637625604867935
EquiformerV2 AD with Hessian training,23037,4925,13,0.0039678737521171,0.0250744093209505
EquiformerV2 AD with Hessian training,7144,4926,14,0.0699764192104339,0.1600452363491058
EquiformerV2 AD with Hessian training,31180,4927,10,0.0657234415411949,0.2256903797388076
EquiformerV2 AD with Hessian training,22105,4928,16,0.0046109845861792,0.0228418949991464
EquiformerV2 AD with Hessian training,23263,4929,16,0.0084033738821744,0.0237335059791803
EquiformerV2 AD with Hessian training,27296,4930,12,0.0345571897923946,0.1784087121486663
EquiformerV2 AD with Hessian training,48125,4931,17,0.0093074925243854,0.0295148510485887
EquiformerV2 AD with Hessian training,17464,4932,15,0.0046366495080292,0.0214196443557739
EquiformerV2 AD with Hessian training,46039,4933,16,0.0171085149049758,0.0528718419373035
EquiformerV2 AD with Hessian training,28527,4934,11,0.0111104780808091,0.0663374662399292
EquiformerV2 AD with Hessian training,10875,4935,14,0.0037723006680607,0.0265394207090139
EquiformerV2 AD with Hessian training,12688,4936,9,0.0449074395000934,0.2682277262210846
EquiformerV2 AD with Hessian training,48777,4937,15,0.0079680765047669,0.0227453541010618
EquiformerV2 AD with Hessian training,23411,4938,13,0.0032553612254559,0.0197449382394552
EquiformerV2 AD with Hessian training,25881,4939,13,0.0040749018080532,0.036006923764944
EquiformerV2 AD with Hessian training,3896,4940,12,0.0125615214928984,0.0506929121911525
EquiformerV2 AD with Hessian training,31324,4941,13,0.0021256702020764,0.0154072269797325
EquiformerV2 AD with Hessian training,25121,4942,19,0.0024553562980145,0.0113311996683478
EquiformerV2 AD with Hessian training,28137,4943,12,0.0077678775414824,0.0498672537505626
EquiformerV2 AD with Hessian training,38656,4944,17,0.0283539835363626,0.0632050633430481
EquiformerV2 AD with Hessian training,18504,4945,14,0.0049196658656001,0.0556231550872325
EquiformerV2 AD with Hessian training,29174,4946,16,0.0162887647747993,0.0524084642529487
EquiformerV2 AD with Hessian training,18100,4947,14,0.0039157052524387,0.0193414725363254
EquiformerV2 AD with Hessian training,30128,4948,13,0.0042147883214056,0.0768739208579063
EquiformerV2 AD with Hessian training,24155,4949,13,0.0447491519153118,0.1228139176964759
EquiformerV2 AD with Hessian training,34039,4950,19,0.0060833105817437,0.0217714980244636
EquiformerV2 AD with Hessian training,653,4951,15,0.0244288071990013,0.0764121785759925
EquiformerV2 AD with Hessian training,31008,4952,14,0.023913299664855,0.0502367690205574
EquiformerV2 AD with Hessian training,28167,4953,15,0.0107908537611365,0.036268588155508
EquiformerV2 AD with Hessian training,47010,4954,11,0.0259779654443264,0.0788954943418502
EquiformerV2 AD with Hessian training,35884,4955,17,0.0063427877612411,0.0255731791257858
EquiformerV2 AD with Hessian training,42679,4956,17,0.0474310554563999,0.0725166201591491
EquiformerV2 AD with Hessian training,27517,4957,14,0.004517029505223,0.0304356962442398
EquiformerV2 AD with Hessian training,40306,4958,11,0.0084224063903093,0.0538684464991092
EquiformerV2 AD with Hessian training,37070,4959,12,0.0308742858469486,0.1594081670045852
EquiformerV2 AD with Hessian training,13959,4960,19,0.004930994939059,0.0199847463518381
EquiformerV2 AD with Hessian training,6895,4961,11,0.0155190490186214,0.0713064149022102
EquiformerV2 AD with Hessian training,30489,4962,14,0.009468276053667,0.0441526025533676
EquiformerV2 AD with Hessian training,48715,4963,11,0.0515152849256992,0.1498945951461792
EquiformerV2 AD with Hessian training,35743,4964,13,0.0121570620685815,0.0338112190365791
EquiformerV2 AD with Hessian training,47491,4965,19,0.0059748366475105,0.0223155319690704
EquiformerV2 AD with Hessian training,44112,4966,14,0.0021388395689427,0.0148556297644972
EquiformerV2 AD with Hessian training,9750,4967,19,0.0064496817067265,0.0198635198175907
EquiformerV2 AD with Hessian training,16746,4968,15,0.0094607369974255,0.0313425064086914
EquiformerV2 AD with Hessian training,32441,4969,15,0.0037968503311276,0.0210814140737056
EquiformerV2 AD with Hessian training,16159,4970,14,0.0058364509604871,0.0347359105944633
EquiformerV2 AD with Hessian training,18740,4971,14,0.0040219370275735,0.0191556867212057
EquiformerV2 AD with Hessian training,11495,4972,15,0.0186329558491706,0.0548034347593784
EquiformerV2 AD with Hessian training,1015,4973,11,0.0093820495530962,0.0608960948884487
EquiformerV2 AD with Hessian training,48637,4974,12,0.0531477928161621,0.1417920440435409
EquiformerV2 AD with Hessian training,15070,4975,15,0.0035021710209548,0.0232886169105768
EquiformerV2 AD with Hessian training,22394,4976,15,0.0530014261603355,0.0765502601861953
EquiformerV2 AD with Hessian training,4357,4977,18,0.0378375612199306,0.0648811906576156
EquiformerV2 AD with Hessian training,28231,4978,16,0.0025130617432296,0.0124188661575317
EquiformerV2 AD with Hessian training,14404,4979,12,0.0074220639653503,0.0383533090353012
EquiformerV2 AD with Hessian training,23625,4980,14,0.005771439988166,0.0272526741027832
EquiformerV2 AD with Hessian training,38228,4981,19,0.0072158374823629,0.0233979579061269
EquiformerV2 AD with Hessian training,41772,4982,10,0.0093571776524186,0.0959957316517829
EquiformerV2 AD with Hessian training,50354,4983,14,0.0068975817412137,0.0332521498203277
EquiformerV2 AD with Hessian training,21611,4984,11,0.0096053341403603,0.0503700003027915
EquiformerV2 AD with Hessian training,14958,4985,14,0.0059844460338354,0.0343820750713348
EquiformerV2 AD with Hessian training,1467,4986,10,0.0379827730357646,0.3257975876331329
EquiformerV2 AD with Hessian training,7318,4987,17,0.0198952425271272,0.0373428240418434
EquiformerV2 AD with Hessian training,10086,4988,12,0.0609468966722488,0.1692096292972564
EquiformerV2 AD with Hessian training,26080,4989,17,0.0139207681640982,0.0419785603880882
EquiformerV2 AD with Hessian training,15482,4990,12,0.0082606542855501,0.0984251797199249
EquiformerV2 AD with Hessian training,50581,4991,16,0.0030124939512461,0.0118261519819498
EquiformerV2 AD with Hessian training,44341,4992,16,0.0060227802023291,0.0246299970895051
EquiformerV2 AD with Hessian training,28328,4993,14,0.0031762614380568,0.0170054081827402
EquiformerV2 AD with Hessian training,20816,4994,15,0.0037647131830453,0.0458150245249271
EquiformerV2 AD with Hessian training,500,4995,15,0.0045886561274528,0.0224675461649894
EquiformerV2 AD with Hessian training,9249,4996,17,0.0155454808846116,0.0463198833167552
EquiformerV2 AD with Hessian training,20635,4997,13,0.0032543663401156,0.0152497608214616
EquiformerV2 AD with Hessian training,2453,4998,14,0.006418467964977,0.0271596908569335
EquiformerV2 AD with Hessian training,3795,4999,15,0.0407144352793693,0.0731745809316635
EquiformerV2 AD with Hessian training,23918,5000,11,0.0147394919767975,0.1022365391254425
EquiformerV2 AD with Hessian training,28278,5001,13,0.003089856589213,0.0319321565330028
EquiformerV2 AD with Hessian training,10270,5002,15,0.0247484613209962,0.0870314463973045
EquiformerV2 AD with Hessian training,27879,5003,15,0.005801832769066,0.0253992937505245
EquiformerV2 AD with Hessian training,34831,5004,12,0.0089020878076553,0.0741549879312515
EquiformerV2 AD with Hessian training,43241,5005,12,0.0189751386642456,0.091655246913433
EquiformerV2 AD with Hessian training,28178,5006,15,0.0068540661595761,0.0331683196127414
EquiformerV2 AD with Hessian training,46851,5007,15,0.0563188157975673,0.0937514007091522
EquiformerV2 AD with Hessian training,7219,5008,11,0.0173946786671876,0.160254567861557
EquiformerV2 AD with Hessian training,35792,5009,8,0.0335402749478817,0.1664938479661941
EquiformerV2 AD with Hessian training,42734,5010,14,0.0059680249541997,0.0581368505954742
EquiformerV2 AD with Hessian training,6125,5011,14,0.0762145519256591,0.1359453797340393
EquiformerV2 AD with Hessian training,37951,5012,15,0.0025650376919656,0.0215164329856634
EquiformerV2 AD with Hessian training,44841,5013,13,0.0105054918676614,0.0728565081954002
EquiformerV2 AD with Hessian training,5460,5014,17,0.0054534254595637,0.0304236467927694
EquiformerV2 AD with Hessian training,33302,5015,13,0.0436747781932354,0.1144818663597107
EquiformerV2 AD with Hessian training,19396,5016,17,0.0133203081786632,0.0385032147169113
EquiformerV2 AD with Hessian training,37814,5017,17,0.004469827748835,0.0167407374829053
EquiformerV2 AD with Hessian training,24587,5018,14,0.0031781857833266,0.0192077066749334
EquiformerV2 AD with Hessian training,48097,5019,16,0.0039985035546123,0.0197729915380477
EquiformerV2 AD with Hessian training,50478,5020,12,0.0089581841602921,0.0578330717980861
EquiformerV2 AD with Hessian training,3900,5021,10,0.0161495935171842,0.4936341941356659
EquiformerV2 AD with Hessian training,29107,5022,15,0.0085617462173104,0.0314534306526184
EquiformerV2 AD with Hessian training,16929,5023,13,0.0047803684137761,0.0239299051463603
EquiformerV2 AD with Hessian training,26870,5024,13,0.0019594703335314,0.0169600192457437
EquiformerV2 AD with Hessian training,13635,5025,17,0.0066307727247476,0.0213086232542991
EquiformerV2 AD with Hessian training,42008,5026,15,0.009343234822154,0.0321678668260574
EquiformerV2 AD with Hessian training,16024,5027,15,0.0092123812064528,0.0308924801647663
EquiformerV2 AD with Hessian training,13353,5028,10,0.121008813381195,0.2151211202144622
EquiformerV2 AD with Hessian training,49886,5029,12,0.0146337086334824,0.0570415928959846
EquiformerV2 AD with Hessian training,25392,5030,14,0.0131350457668304,0.0461577773094177
EquiformerV2 AD with Hessian training,17282,5031,15,0.009735302068293,0.0490928366780281
EquiformerV2 AD with Hessian training,12919,5032,14,0.0042074937373399,0.0256026331335306
EquiformerV2 AD with Hessian training,28354,5033,8,0.0900774747133255,0.528675377368927
EquiformerV2 AD with Hessian training,50277,5034,15,0.0049873385578393,0.065073125064373
EquiformerV2 AD with Hessian training,26043,5035,18,0.0022444415371865,0.0078505631536245
EquiformerV2 AD with Hessian training,48904,5036,11,0.0079751992598176,0.0652738213539123
EquiformerV2 AD with Hessian training,22706,5037,14,0.0039829141460359,0.0245831590145826
EquiformerV2 AD with Hessian training,9984,5038,16,0.0159151069819927,0.0340899117290973
EquiformerV2 AD with Hessian training,40873,5039,12,0.0107380347326397,0.0408356450498104
EquiformerV2 AD with Hessian training,34841,5040,14,0.0042414488270878,0.0303033106029033
EquiformerV2 AD with Hessian training,15536,5041,13,0.0333704352378845,0.1163660585880279
EquiformerV2 AD with Hessian training,911,5042,19,0.0026025709230452,0.0112526966258883
EquiformerV2 AD with Hessian training,29214,5043,10,0.0094105470925569,0.1775800436735153
EquiformerV2 AD with Hessian training,18513,5044,14,0.0133450031280517,0.0557195618748664
EquiformerV2 AD with Hessian training,29654,5045,17,0.0128918467089533,0.0399153158068656
EquiformerV2 AD with Hessian training,31765,5046,15,0.0142903346568346,0.0500195324420928
EquiformerV2 AD with Hessian training,44840,5047,12,0.0144099565222859,0.0803773701190948
EquiformerV2 AD with Hessian training,48909,5048,16,0.006103690713644,0.0314908288419246
EquiformerV2 AD with Hessian training,14738,5049,19,0.005427454598248,0.0185494776815176
EquiformerV2 AD with Hessian training,1115,5050,14,0.0343706645071506,0.1000124886631965
EquiformerV2 AD with Hessian training,3843,5051,12,0.0168703943490982,0.0698942169547081
EquiformerV2 AD with Hessian training,34483,5052,14,0.0083604324609041,0.0431677810847759
EquiformerV2 AD with Hessian training,50339,5053,13,0.0472998544573783,0.181303396821022
EquiformerV2 AD with Hessian training,42032,5054,12,0.0211408343166112,0.1013499051332473
EquiformerV2 AD with Hessian training,2403,5055,17,0.0150486882776021,0.0349532812833786
EquiformerV2 AD with Hessian training,22730,5056,13,0.0153582589700818,0.0558338277041912
EquiformerV2 AD with Hessian training,22951,5057,12,0.011057442985475,0.0417699068784713
EquiformerV2 AD with Hessian training,43412,5058,13,0.0088704014196991,0.0346058942377567
EquiformerV2 AD with Hessian training,29342,5059,16,0.0061602098867297,0.0256868973374366
EquiformerV2 AD with Hessian training,12651,5060,17,0.0173909962177276,0.0436542816460132
EquiformerV2 AD with Hessian training,22499,5061,17,0.0173062141984701,0.0408770591020584
EquiformerV2 AD with Hessian training,147,5062,17,0.0090997545048594,0.0281637143343687
EquiformerV2 AD with Hessian training,40401,5063,8,0.0214153043925762,0.0972989946603775
EquiformerV2 AD with Hessian training,26542,5064,16,0.0072221308946609,0.0304484367370605
EquiformerV2 AD with Hessian training,4108,5065,10,0.0344959944486618,0.123250275850296
EquiformerV2 AD with Hessian training,8866,5066,14,0.0076623391360044,0.0409489423036575
EquiformerV2 AD with Hessian training,25006,5067,10,0.0057215197011828,0.0927523151040077
EquiformerV2 AD with Hessian training,12252,5068,11,0.0486385785043239,0.1211472153663635
EquiformerV2 AD with Hessian training,36596,5069,14,0.0470632500946521,0.0615649931132793
EquiformerV2 AD with Hessian training,35180,5070,18,0.0080554876476526,0.0288428403437137
EquiformerV2 AD with Hessian training,41665,5071,9,0.008387847803533,0.0583160370588302
EquiformerV2 AD with Hessian training,41508,5072,12,0.0139114391058683,0.0521130450069904
EquiformerV2 AD with Hessian training,25936,5073,14,0.0097523713484406,0.0325844921171665
EquiformerV2 AD with Hessian training,41310,5074,13,0.0093524809926748,0.0438459180295467
EquiformerV2 AD with Hessian training,36212,5075,14,0.0149308769032359,0.0493061169981956
EquiformerV2 AD with Hessian training,18435,5076,16,0.0031281919218599,0.0230137966573238
EquiformerV2 AD with Hessian training,30400,5077,12,0.018993217498064,0.0795956179499626
EquiformerV2 AD with Hessian training,28698,5078,16,0.0038403409998863,0.0148359220474958
EquiformerV2 AD with Hessian training,24066,5079,14,0.0063175773248076,0.0222915690392255
EquiformerV2 AD with Hessian training,16807,5080,12,0.0204098261892795,0.0731467977166175
EquiformerV2 AD with Hessian training,40812,5081,10,0.00606808392331,0.064846284687519
EquiformerV2 AD with Hessian training,22874,5082,17,0.0034430620726197,0.0147739499807357
EquiformerV2 AD with Hessian training,49307,5083,15,0.0032170577906072,0.0163476504385471
EquiformerV2 AD with Hessian training,49023,5084,13,0.0065587759017944,0.0346665643155574
EquiformerV2 AD with Hessian training,34280,5085,9,0.0152715314179658,0.313967764377594
EquiformerV2 AD with Hessian training,28435,5086,17,0.0106824114918708,0.0402476266026496
EquiformerV2 AD with Hessian training,44594,5087,13,0.0090230600908398,0.0574154146015644
EquiformerV2 AD with Hessian training,6779,5088,12,0.0254795234650373,0.0849586501717567
EquiformerV2 AD with Hessian training,7786,5089,15,0.0188030321151018,0.0761154815554618
EquiformerV2 AD with Hessian training,6974,5090,12,0.0063238209113478,0.0368225760757923
EquiformerV2 AD with Hessian training,3673,5091,8,0.0132686458528041,0.1283257454633712
EquiformerV2 AD with Hessian training,195,5092,13,0.0254513677209615,0.0687739104032516
EquiformerV2 AD with Hessian training,49118,5093,13,0.015043900348246,0.0571254976093769
EquiformerV2 AD with Hessian training,39843,5094,8,0.1082390770316124,0.5185467600822449
EquiformerV2 AD with Hessian training,26972,5095,11,0.0058238040655851,0.0401898846030235
EquiformerV2 AD with Hessian training,25621,5096,17,0.0062097604386508,0.025708008557558
EquiformerV2 AD with Hessian training,7059,5097,15,0.063684768974781,0.1469006538391113
EquiformerV2 AD with Hessian training,27253,5098,14,0.0075364499352872,0.0286117307841777
EquiformerV2 AD with Hessian training,6430,5099,12,0.0066449106670916,0.0427105575799942
EquiformerV2 AD with Hessian training,16126,5100,19,0.0024002408608794,0.0107361478731036
EquiformerV2 AD with Hessian training,38603,5101,15,0.0050666192546486,0.0528538972139358
EquiformerV2 AD with Hessian training,15164,5102,13,0.0254618152976036,0.0649699866771698
EquiformerV2 AD with Hessian training,36145,5103,12,0.0388327725231647,0.125405952334404
EquiformerV2 AD with Hessian training,48827,5104,16,0.0063029751181602,0.0292826164513826
EquiformerV2 AD with Hessian training,8154,5105,15,0.0127505557611584,0.032189805060625
EquiformerV2 AD with Hessian training,23816,5106,10,0.018103064969182,0.1008857563138008
EquiformerV2 AD with Hessian training,20071,5107,10,0.0398241244256496,0.3533724248409271
EquiformerV2 AD with Hessian training,8829,5108,12,0.0063046053983271,0.0379837229847908
EquiformerV2 AD with Hessian training,494,5109,10,0.0063900449313223,0.0568619333207607
EquiformerV2 AD with Hessian training,36850,5110,13,0.0070204492658376,0.0365766584873199
EquiformerV2 AD with Hessian training,41158,5111,16,0.0119607923552393,0.0419007129967212
EquiformerV2 AD with Hessian training,19418,5112,17,0.0024327002465724,0.0156033420935273
EquiformerV2 AD with Hessian training,1760,5113,11,0.0083518605679273,0.0676554441452026
EquiformerV2 AD with Hessian training,16347,5114,18,0.0136943403631448,0.0345803834497928
EquiformerV2 AD with Hessian training,19645,5115,15,0.0062701702117919,0.0342095717787742
EquiformerV2 AD with Hessian training,14787,5116,12,0.0176523458212614,0.0978203862905502
EquiformerV2 AD with Hessian training,16540,5117,16,0.0186359770596027,0.041535697877407
EquiformerV2 AD with Hessian training,42000,5118,14,0.0069358944892883,0.0317210964858531
EquiformerV2 AD with Hessian training,22664,5119,13,0.0270152892917394,0.1113297939300537
EquiformerV2 AD with Hessian training,41281,5120,13,0.0052859778515994,0.0317143052816391
EquiformerV2 AD with Hessian training,1728,5121,14,0.0058589726686477,0.0414150170981884
EquiformerV2 AD with Hessian training,17455,5122,18,0.0034709812607616,0.0136430859565734
EquiformerV2 AD with Hessian training,8321,5123,17,0.0180955696851015,0.0583679936826229
EquiformerV2 AD with Hessian training,17263,5124,13,0.0042985761538147,0.0390506535768508
EquiformerV2 AD with Hessian training,12238,5125,18,0.0093743856996297,0.0260306559503078
EquiformerV2 AD with Hessian training,39239,5126,21,0.0050884913653135,0.0143564511090517
EquiformerV2 AD with Hessian training,32104,5127,16,0.0049848202615976,0.0285830032080411
EquiformerV2 AD with Hessian training,4398,5128,14,0.0432476736605167,0.0981063395738601
EquiformerV2 AD with Hessian training,4355,5129,12,0.0084816114977002,0.050060000270605
EquiformerV2 AD with Hessian training,24650,5130,9,0.0441132150590419,0.2195656895637512
EquiformerV2 AD with Hessian training,8958,5131,14,0.0573109239339828,0.1106858402490615
EquiformerV2 AD with Hessian training,2325,5132,12,0.005803904030472,0.0343652591109275
EquiformerV2 AD with Hessian training,24018,5133,10,0.0225480385124683,0.1879800409078598
EquiformerV2 AD with Hessian training,682,5134,10,0.0227511916309595,0.1967051923274994
EquiformerV2 AD with Hessian training,6389,5135,13,0.0097202844917774,0.0511640720069408
EquiformerV2 AD with Hessian training,28947,5136,12,0.0447140783071517,0.119546964764595
EquiformerV2 AD with Hessian training,45277,5137,15,0.0433044768869876,0.1056517213582992
EquiformerV2 AD with Hessian training,7033,5138,13,0.0283216647803783,0.0695924535393714
EquiformerV2 AD with Hessian training,34384,5139,17,0.0039669019170105,0.0152281206101179
EquiformerV2 AD with Hessian training,48113,5140,14,0.0253733936697244,0.076363630592823
EquiformerV2 AD with Hessian training,18904,5141,17,0.006476460956037,0.0240666940808296
EquiformerV2 AD with Hessian training,14180,5142,14,0.003673180239275,0.0274760015308856
EquiformerV2 AD with Hessian training,8990,5143,13,0.0212058220058679,0.1300832331180572
EquiformerV2 AD with Hessian training,38876,5144,11,0.0150489229708909,0.0714887082576751
EquiformerV2 AD with Hessian training,40607,5145,10,0.0015601752093061,0.019761573523283
EquiformerV2 AD with Hessian training,2107,5146,19,0.0043279002420604,0.0139964306727051
EquiformerV2 AD with Hessian training,29834,5147,14,0.0094601418823003,0.0279720984399318
EquiformerV2 AD with Hessian training,4346,5148,13,0.0340726003050804,0.1068977564573288
EquiformerV2 AD with Hessian training,41916,5149,14,0.0124319223687052,0.0488252900540828
EquiformerV2 AD with Hessian training,50006,5150,13,0.0557327270507812,0.1091658547520637
EquiformerV2 AD with Hessian training,46914,5151,12,0.0085200117900967,0.1097647324204444
EquiformerV2 AD with Hessian training,27820,5152,15,0.0076169278472661,0.0358459837734699
EquiformerV2 AD with Hessian training,46841,5153,16,0.0202703792601823,0.0501971915364265
EquiformerV2 AD with Hessian training,40268,5154,21,0.0022853796835988,0.008095983415842
EquiformerV2 AD with Hessian training,3141,5155,14,0.0030815431382507,0.0169127732515335
EquiformerV2 AD with Hessian training,43384,5156,14,0.0033733327873051,0.0182244777679443
EquiformerV2 AD with Hessian training,49013,5157,12,0.0044018942862749,0.028585372492671
EquiformerV2 AD with Hessian training,36816,5158,21,0.0052407328039407,0.0227058138698339
EquiformerV2 AD with Hessian training,8518,5159,13,0.0107867028564214,0.0933598279953002
EquiformerV2 AD with Hessian training,21165,5160,13,0.0231862589716911,0.1321393996477127
EquiformerV2 AD with Hessian training,22291,5161,15,0.0222516041249036,0.0448115430772304
EquiformerV2 AD with Hessian training,35742,5162,15,0.0043409443460404,0.0201866459101438
EquiformerV2 AD with Hessian training,24246,5163,12,0.0040481020696461,0.0265936329960823
EquiformerV2 AD with Hessian training,24594,5164,8,0.0363167822360992,0.3521800935268402
EquiformerV2 AD with Hessian training,23749,5165,14,0.0084648486226797,0.0386137627065181
EquiformerV2 AD with Hessian training,6449,5166,12,0.0073300749063491,0.0330068133771419
EquiformerV2 AD with Hessian training,14956,5167,10,0.016161186620593,0.0711276680231094
EquiformerV2 AD with Hessian training,30093,5168,15,0.0057909968309104,0.0282057542353868
EquiformerV2 AD with Hessian training,46017,5169,16,0.0430031418800354,0.0729845687747001
EquiformerV2 AD with Hessian training,38243,5170,16,0.0216042157262563,0.08777417242527
EquiformerV2 AD with Hessian training,28026,5171,14,0.0274777989834547,0.106930948793888
EquiformerV2 AD with Hessian training,39583,5172,13,0.0184192508459091,0.0825838968157768
EquiformerV2 AD with Hessian training,48528,5173,13,0.0051350761204957,0.0287178494036197
EquiformerV2 AD with Hessian training,38179,5174,13,0.0243839584290981,0.0710903853178024
EquiformerV2 AD with Hessian training,12474,5175,19,0.0084262369200587,0.0219264049082994
EquiformerV2 AD with Hessian training,9825,5176,19,0.0045654573477804,0.0174988843500614
EquiformerV2 AD with Hessian training,16655,5177,19,0.002696439391002,0.0126954801380634
EquiformerV2 AD with Hessian training,27837,5178,14,0.0213990807533264,0.0611899346113204
EquiformerV2 AD with Hessian training,7474,5179,12,0.0136097120121121,0.0907094851136207
EquiformerV2 AD with Hessian training,3358,5180,14,0.006784476339817,0.0402112677693367
EquiformerV2 AD with Hessian training,41974,5181,17,0.0185810476541519,0.0476301424205303
EquiformerV2 AD with Hessian training,814,5182,9,0.0418466627597808,0.2259465754032135
EquiformerV2 AD with Hessian training,13582,5183,11,0.03219585865736,0.0830963626503944
EquiformerV2 AD with Hessian training,28573,5184,16,0.0078090829774737,0.021399000659585
EquiformerV2 AD with Hessian training,24960,5185,17,0.0091464398428797,0.0315521880984306
EquiformerV2 AD with Hessian training,26290,5186,18,0.0029926183633506,0.0161950215697288
EquiformerV2 AD with Hessian training,8786,5187,7,0.0593268647789955,0.672667384147644
EquiformerV2 AD with Hessian training,36112,5188,16,0.0475489720702171,0.0830082520842552
EquiformerV2 AD with Hessian training,34389,5189,19,0.0047749187797307,0.0148638682439923
EquiformerV2 AD with Hessian training,43134,5190,12,0.0203953646123409,0.0803944244980812
EquiformerV2 AD with Hessian training,13376,5191,12,0.0119022065773606,0.0516611337661743
EquiformerV2 AD with Hessian training,21441,5192,19,0.0074823363684117,0.0253223236650228
EquiformerV2 AD with Hessian training,8425,5193,14,0.0039467015303671,0.025801645591855
EquiformerV2 AD with Hessian training,25658,5194,15,0.00436597969383,0.0227947868406772
EquiformerV2 AD with Hessian training,25053,5195,9,0.0101754311472177,0.059693444520235
EquiformerV2 AD with Hessian training,6057,5196,15,0.0132379215210676,0.0357160717248916
EquiformerV2 AD with Hessian training,25129,5197,9,0.0123694902285933,0.1306031793355941
EquiformerV2 AD with Hessian training,19199,5198,12,0.0033542187884449,0.0269824229180812
EquiformerV2 AD with Hessian training,3020,5199,12,0.0147559214383363,0.0843778178095817
EquiformerV2 AD with Hessian training,29981,5200,19,0.0065988264977931,0.021491814404726
EquiformerV2 AD with Hessian training,22636,5201,18,0.00315623707138,0.0137557489797472
EquiformerV2 AD with Hessian training,37612,5202,13,0.019492533057928,0.0738222077488899
EquiformerV2 AD with Hessian training,26402,5203,14,0.0108232554048299,0.0419762507081031
EquiformerV2 AD with Hessian training,28359,5204,16,0.004908203613013,0.0277718715369701
EquiformerV2 AD with Hessian training,14510,5205,13,0.0153957847505807,0.150796428322792
EquiformerV2 AD with Hessian training,47210,5206,14,0.0070847552269697,0.0315489470958709
EquiformerV2 AD with Hessian training,41462,5207,9,0.0401707403361797,0.222068965435028
EquiformerV2 AD with Hessian training,36102,5208,12,0.0102961277589201,0.0518092066049575
EquiformerV2 AD with Hessian training,31500,5209,14,0.0062754950486123,0.0280465632677078
EquiformerV2 AD with Hessian training,18943,5210,13,0.0066683292388916,0.0480340681970119
EquiformerV2 AD with Hessian training,20886,5211,15,0.0360843501985073,0.0805248990654945
EquiformerV2 AD with Hessian training,41141,5212,14,0.0080550955608487,0.0280222613364458
EquiformerV2 AD with Hessian training,3038,5213,13,0.0222191158682107,0.0593499317765235
EquiformerV2 AD with Hessian training,38225,5214,10,0.015261486172676,0.0783810093998909
EquiformerV2 AD with Hessian training,34329,5215,14,0.0322123169898986,0.0790175050497055
EquiformerV2 AD with Hessian training,39569,5216,19,0.0117638036608695,0.0318064019083976
EquiformerV2 AD with Hessian training,36093,5217,8,0.0239763464778661,0.4102168083190918
EquiformerV2 AD with Hessian training,16070,5218,13,0.0067950319498777,0.0360227227210998
EquiformerV2 AD with Hessian training,29584,5219,12,0.0485298298299312,0.1389889568090438
EquiformerV2 AD with Hessian training,47485,5220,12,0.0152304386720061,0.0575318224728107
EquiformerV2 AD with Hessian training,30436,5221,12,0.0115288458764553,0.0485406890511512
EquiformerV2 AD with Hessian training,33364,5222,15,0.0054669077508151,0.044616512954235
EquiformerV2 AD with Hessian training,7120,5223,6,0.0981461182236671,0.7026786208152771
EquiformerV2 AD with Hessian training,33704,5224,14,0.0059035075828433,0.0270149316638708
EquiformerV2 AD with Hessian training,5048,5225,15,0.0053414963185787,0.0276354532688856
EquiformerV2 AD with Hessian training,34730,5226,14,0.0140423476696014,0.0533700846135616
EquiformerV2 AD with Hessian training,45871,5227,14,0.0072938660159707,0.0302913654595613
EquiformerV2 AD with Hessian training,21928,5228,14,0.0067792367190122,0.0307319015264511
EquiformerV2 AD with Hessian training,26937,5229,14,0.0151572171598672,0.0475061982870101
EquiformerV2 AD with Hessian training,8972,5230,8,0.0113308820873498,0.0928626433014869
EquiformerV2 AD with Hessian training,4338,5231,13,0.0128390211611986,0.0743572786450386
EquiformerV2 AD with Hessian training,39088,5232,12,0.0049477908760309,0.0324079543352127
EquiformerV2 AD with Hessian training,45037,5233,11,0.012981092557311,0.2118736952543258
EquiformerV2 AD with Hessian training,2163,5234,12,0.0369543172419071,0.1004857644438743
EquiformerV2 AD with Hessian training,13319,5235,15,0.0029911631718277,0.0189261082559824
EquiformerV2 AD with Hessian training,20022,5236,13,0.0129206422716379,0.0893624424934387
EquiformerV2 AD with Hessian training,41235,5237,13,0.0033908830955624,0.0337278358638286
EquiformerV2 AD with Hessian training,36835,5238,7,0.0186177436262369,0.3577364683151245
EquiformerV2 AD with Hessian training,32019,5239,19,0.0075013004243373,0.0240090955048799
EquiformerV2 AD with Hessian training,21575,5240,14,0.0027837089728564,0.0158117264509201
EquiformerV2 AD with Hessian training,32871,5241,14,0.0078979693353176,0.0477448366582393
EquiformerV2 AD with Hessian training,44522,5242,12,0.0095243910327553,0.0442647524178028
EquiformerV2 AD with Hessian training,37086,5243,14,0.0047692246735095,0.0317373313009738
EquiformerV2 AD with Hessian training,20872,5244,11,0.0245345681905746,0.0857624933123588
EquiformerV2 AD with Hessian training,22327,5245,15,0.0114088701084256,0.038379605859518
EquiformerV2 AD with Hessian training,22312,5246,15,0.0097666177898645,0.04700418561697
EquiformerV2 AD with Hessian training,37696,5247,11,0.0395810082554817,0.1391680091619491
EquiformerV2 AD with Hessian training,46499,5248,14,0.0074723195284605,0.0440337620675563
EquiformerV2 AD with Hessian training,40571,5249,8,0.0441285967826843,0.3445499837398529
EquiformerV2 AD with Hessian training,25805,5250,13,0.0095075694844126,0.0582606792449951
EquiformerV2 AD with Hessian training,40542,5251,13,0.0127086183056235,0.0510114878416061
EquiformerV2 AD with Hessian training,26528,5252,16,0.0036289123818278,0.0163687076419591
EquiformerV2 AD with Hessian training,9239,5253,16,0.008402707055211,0.0258331540971994
EquiformerV2 AD with Hessian training,8989,5254,18,0.0020446123089641,0.0084028122946619
EquiformerV2 AD with Hessian training,20365,5255,12,0.0069588613696396,0.0313564576208591
EquiformerV2 AD with Hessian training,29893,5256,13,0.022091532126069,0.0945985168218612
EquiformerV2 AD with Hessian training,22529,5257,14,0.0182580407708883,0.0735479965806007
EquiformerV2 AD with Hessian training,4498,5258,14,0.0080170761793851,0.0447595529258251
EquiformerV2 AD with Hessian training,35327,5259,14,0.00659591704607,0.0273862350732088
EquiformerV2 AD with Hessian training,37510,5260,14,0.0035445361863821,0.0274086892604827
EquiformerV2 AD with Hessian training,34928,5261,12,0.0041217706166207,0.0327114649116992
EquiformerV2 AD with Hessian training,50213,5262,14,0.0093069225549697,0.0242070406675338
EquiformerV2 AD with Hessian training,14430,5263,14,0.0037242104299366,0.0187047328799963
EquiformerV2 AD with Hessian training,11989,5264,14,0.0533754825592041,0.07815782725811
EquiformerV2 AD with Hessian training,8184,5265,16,0.0189746096730232,0.0571892522275447
EquiformerV2 AD with Hessian training,30240,5266,15,0.0078992014750838,0.0354894660413265
EquiformerV2 AD with Hessian training,32554,5267,19,0.0462939105927944,0.0877470225095748
EquiformerV2 AD with Hessian training,35408,5268,16,0.0197077542543411,0.0490543246269226
EquiformerV2 AD with Hessian training,40818,5269,13,0.0159396920353174,0.0586437806487083
EquiformerV2 AD with Hessian training,16060,5270,12,0.0365437641739845,0.1220525801181793
EquiformerV2 AD with Hessian training,24703,5271,11,0.0050452044233679,0.0247393231838941
EquiformerV2 AD with Hessian training,44964,5272,15,0.0031515874434262,0.0206570550799369
EquiformerV2 AD with Hessian training,1133,5273,10,0.0234852284193038,0.1572456806898117
EquiformerV2 AD with Hessian training,38311,5274,14,0.0091518191620707,0.0306200925260782
EquiformerV2 AD with Hessian training,10478,5275,14,0.0053205704316496,0.0688004940748214
EquiformerV2 AD with Hessian training,12204,5276,15,0.0118421437218785,0.0487557500600814
EquiformerV2 AD with Hessian training,19791,5277,17,0.0076784314587712,0.0258955024182796
EquiformerV2 AD with Hessian training,13220,5278,17,0.002055418677628,0.0116685163229703
EquiformerV2 AD with Hessian training,1536,5279,9,0.0308056585490703,0.2586702704429626
EquiformerV2 AD with Hessian training,9209,5280,14,0.0121822915971279,0.0526412799954414
EquiformerV2 AD with Hessian training,9883,5281,15,0.0053139147348701,0.0224912613630294
EquiformerV2 AD with Hessian training,22398,5282,17,0.0054704817011952,0.0240442883223295
EquiformerV2 AD with Hessian training,44895,5283,10,0.0275569446384906,0.1399066001176834
EquiformerV2 AD with Hessian training,50086,5284,14,0.0051219845190644,0.0365909300744533
EquiformerV2 AD with Hessian training,45519,5285,12,0.0153607362881302,0.0543338879942894
EquiformerV2 AD with Hessian training,49997,5286,10,0.0084552057087421,0.0898209437727928
EquiformerV2 AD with Hessian training,26257,5287,12,0.0095023047178983,0.0413250848650932
EquiformerV2 AD with Hessian training,47289,5288,14,0.0146028688177466,0.0475086122751235
EquiformerV2 AD with Hessian training,23550,5289,12,0.0162523034960031,0.0783091410994529
EquiformerV2 AD with Hessian training,34170,5290,17,0.0125838313251733,0.0327361859381198
EquiformerV2 AD with Hessian training,40689,5291,17,0.0201627239584922,0.0649139583110809
EquiformerV2 AD with Hessian training,46635,5292,16,0.0046967985108494,0.0199164226651191
EquiformerV2 AD with Hessian training,35691,5293,16,0.0189366415143013,0.0515932776033878
EquiformerV2 AD with Hessian training,26199,5294,11,0.0080165509134531,0.0553286485373973
EquiformerV2 AD with Hessian training,8697,5295,14,0.0077157872729003,0.0317145064473152
EquiformerV2 AD with Hessian training,22184,5296,11,0.0313301980495452,0.0759388208389282
EquiformerV2 AD with Hessian training,30669,5297,12,0.0039294520393013,0.026806142181158
EquiformerV2 AD with Hessian training,44784,5298,15,0.0123859886080026,0.03493233025074
EquiformerV2 AD with Hessian training,21721,5299,12,0.0116725144907832,0.06137191131711
EquiformerV2 AD with Hessian training,24053,5300,10,0.0262789577245712,0.241106167435646
EquiformerV2 AD with Hessian training,44129,5301,10,0.0165580343455076,0.0768837183713913
EquiformerV2 AD with Hessian training,4006,5302,10,0.0193552244454622,0.3789142966270447
EquiformerV2 AD with Hessian training,16469,5303,16,0.0029365613590925,0.0126663343980908
EquiformerV2 AD with Hessian training,42575,5304,14,0.0235868543386459,0.1071559116244316
EquiformerV2 AD with Hessian training,39124,5305,18,0.0075557585805654,0.0264954585582017
EquiformerV2 AD with Hessian training,47299,5306,11,0.0085345795378088,0.0495906248688697
EquiformerV2 AD with Hessian training,16106,5307,14,0.0105926813557744,0.0707513615489006
EquiformerV2 AD with Hessian training,13380,5308,19,0.004416964482516,0.0136718386784195
EquiformerV2 AD with Hessian training,10899,5309,21,0.0062254923395812,0.0173908714205026
EquiformerV2 AD with Hessian training,29499,5310,15,0.019032372161746,0.0723857209086418
EquiformerV2 AD with Hessian training,39713,5311,12,0.0055823386646807,0.0361429452896118
EquiformerV2 AD with Hessian training,6776,5312,19,0.0042298035696148,0.015291248448193
EquiformerV2 AD with Hessian training,25074,5313,15,0.0099064288660883,0.0407070145010948
EquiformerV2 AD with Hessian training,33226,5314,18,0.0071555068716406,0.0213722549378871
EquiformerV2 AD with Hessian training,22164,5315,10,0.0089384634047746,0.0761804059147834
EquiformerV2 AD with Hessian training,43907,5316,8,0.0386231988668441,0.1906487196683883
EquiformerV2 AD with Hessian training,49923,5317,14,0.0043100952170789,0.0206612031906843
EquiformerV2 AD with Hessian training,22116,5318,14,0.0047004260122776,0.0517783910036087
EquiformerV2 AD with Hessian training,10308,5319,12,0.0055669909343123,0.1407849639654159
EquiformerV2 AD with Hessian training,27342,5320,17,0.0054047829471528,0.0301140267401933
EquiformerV2 AD with Hessian training,18134,5321,17,0.0063242963515222,0.0215111970901489
EquiformerV2 AD with Hessian training,11805,5322,11,0.0068603348918259,0.0640636757016182
EquiformerV2 AD with Hessian training,32872,5323,10,0.0102382227778434,0.0675452798604965
EquiformerV2 AD with Hessian training,44860,5324,13,0.021173371002078,0.1297726929187774
EquiformerV2 AD with Hessian training,35673,5325,11,0.0052747600711882,0.0489772222936153
EquiformerV2 AD with Hessian training,41634,5326,6,0.0241151433438062,0.4891221821308136
EquiformerV2 AD with Hessian training,1236,5327,13,0.0064419265836477,0.036664068698883
EquiformerV2 AD with Hessian training,29260,5328,13,0.0180415380746126,0.0805955007672309
EquiformerV2 AD with Hessian training,19400,5329,12,0.0040453434921801,0.0396701768040657
EquiformerV2 AD with Hessian training,280,5330,10,0.080308698117733,0.3490374088287353
EquiformerV2 AD with Hessian training,17225,5331,13,0.0176028572022914,0.0929362848401069
EquiformerV2 AD with Hessian training,6547,5332,14,0.0115861129015684,0.0618904009461402
EquiformerV2 AD with Hessian training,4985,5333,14,0.0072603463195264,0.0364183709025383
EquiformerV2 AD with Hessian training,48326,5334,12,0.0375504679977893,0.0782916694879531
EquiformerV2 AD with Hessian training,22653,5335,18,0.0034443901386111,0.0139778777956962
EquiformerV2 AD with Hessian training,31101,5336,17,0.0098318066447973,0.0341742597520351
EquiformerV2 AD with Hessian training,25438,5337,16,0.0128950159996747,0.0336555391550064
EquiformerV2 AD with Hessian training,1602,5338,15,0.0117715531960129,0.032912939786911
EquiformerV2 AD with Hessian training,22350,5339,11,0.0200593769550323,0.1141963601112365
EquiformerV2 AD with Hessian training,520,5340,16,0.0041003664955496,0.03050865419209
EquiformerV2 AD with Hessian training,48966,5341,12,0.0488512739539146,0.1592676639556884
EquiformerV2 AD with Hessian training,37074,5342,16,0.0026749679818749,0.0119049530476331
EquiformerV2 AD with Hessian training,14360,5343,16,0.0045055411756038,0.0246938671916723
EquiformerV2 AD with Hessian training,9075,5344,17,0.0115333031862974,0.0498497076332569
EquiformerV2 AD with Hessian training,20278,5345,15,0.0158166289329528,0.0574200898408889
EquiformerV2 AD with Hessian training,38549,5346,16,0.0039490167982876,0.0446392148733139
EquiformerV2 AD with Hessian training,41121,5347,15,0.0044240215793251,0.0246404986828565
EquiformerV2 AD with Hessian training,11327,5348,16,0.0125745963305234,0.0487944930791854
EquiformerV2 AD with Hessian training,35889,5349,10,0.0179358031600713,0.0966425091028213
EquiformerV2 AD with Hessian training,31491,5350,14,0.0063759102486073,0.0290094669908285
EquiformerV2 AD with Hessian training,17221,5351,12,0.0126847606152296,0.0442794561386108
EquiformerV2 AD with Hessian training,15406,5352,21,0.0053860303014516,0.0131479501724243
EquiformerV2 AD with Hessian training,17010,5353,16,0.0072896084748208,0.0279470887035131
EquiformerV2 AD with Hessian training,41226,5354,14,0.0077808061614632,0.0543765388429164
EquiformerV2 AD with Hessian training,50517,5355,12,0.0103679401800036,0.0562153235077858
EquiformerV2 AD with Hessian training,48993,5356,16,0.008382361382246,0.035896711051464
EquiformerV2 AD with Hessian training,21057,5357,14,0.004781327676028,0.0173199102282524
EquiformerV2 AD with Hessian training,37777,5358,16,0.0056318221613764,0.024502869695425
EquiformerV2 AD with Hessian training,23922,5359,16,0.0332830771803855,0.0734548941254615
EquiformerV2 AD with Hessian training,17451,5360,10,0.0033037094399333,0.0281694550067186
EquiformerV2 AD with Hessian training,25389,5361,18,0.0030810208991169,0.0137468567118048
EquiformerV2 AD with Hessian training,17734,5362,19,0.0025879966560751,0.0151142878457903
EquiformerV2 AD with Hessian training,5781,5363,13,0.0029744894709438,0.0219140145927667
EquiformerV2 AD with Hessian training,32233,5364,13,0.0032067073043435,0.0189214441925287
EquiformerV2 AD with Hessian training,33412,5365,12,0.0067089889198541,0.0338309071958065
EquiformerV2 AD with Hessian training,44004,5366,9,0.0117384614422917,0.0575142987072467
EquiformerV2 AD with Hessian training,38133,5367,15,0.0091030383482575,0.0352758653461933
EquiformerV2 AD with Hessian training,28095,5368,15,0.0089860828593373,0.0466844215989112
EquiformerV2 AD with Hessian training,26449,5369,17,0.0056995297782123,0.0213537458330392
EquiformerV2 AD with Hessian training,26861,5370,15,0.0063919904641807,0.0541087500751018
EquiformerV2 AD with Hessian training,45554,5371,15,0.01969082839787,0.0524389557540416
EquiformerV2 AD with Hessian training,49439,5372,14,0.0143291866406798,0.0588004440069198
EquiformerV2 AD with Hessian training,20289,5373,14,0.0057286913506686,0.0420130603015422
EquiformerV2 AD with Hessian training,28773,5374,16,0.0458869934082031,0.1005306616425514
EquiformerV2 AD with Hessian training,9065,5375,16,0.0032672060187906,0.0129366647452116
EquiformerV2 AD with Hessian training,34440,5376,16,0.0059788129292428,0.0262136105448007
EquiformerV2 AD with Hessian training,50534,5377,11,0.0065223784185945,0.0773807540535926
EquiformerV2 AD with Hessian training,24618,5378,15,0.0099835060536861,0.0384430140256881
EquiformerV2 AD with Hessian training,15699,5379,18,0.0074727148748934,0.0245056468993425
EquiformerV2 AD with Hessian training,27484,5380,16,0.0039753173477947,0.0138672543689608
EquiformerV2 AD with Hessian training,32309,5381,16,0.0220610313117504,0.087359495460987
EquiformerV2 AD with Hessian training,20987,5382,11,0.0108497673645615,0.0786103904247284
EquiformerV2 AD with Hessian training,22216,5383,13,0.0080762477591633,0.0406536310911178
EquiformerV2 AD with Hessian training,31851,5384,14,0.0376453958451747,0.0959895625710487
EquiformerV2 AD with Hessian training,26201,5385,19,0.0074487756937742,0.0266468580812215
EquiformerV2 AD with Hessian training,36516,5386,13,0.0028181963134557,0.0164610128849744
EquiformerV2 AD with Hessian training,39816,5387,17,0.0066832760348916,0.0321419388055801
EquiformerV2 AD with Hessian training,25247,5388,14,0.0048497789539396,0.0302202422171831
EquiformerV2 AD with Hessian training,9190,5389,8,0.0446808747947216,0.5936453342437744
EquiformerV2 AD with Hessian training,31551,5390,15,0.0176448002457618,0.0481863878667354
EquiformerV2 AD with Hessian training,37722,5391,15,0.0187727827578783,0.0582658238708972
EquiformerV2 AD with Hessian training,8405,5392,12,0.1077875792980194,0.2668383717536926
EquiformerV2 AD with Hessian training,34960,5393,15,0.0276657007634639,0.0717999935150146
EquiformerV2 AD with Hessian training,38969,5394,11,0.0075773573480546,0.0532119125127792
EquiformerV2 AD with Hessian training,14635,5395,14,0.0037379818968474,0.0220718532800674
EquiformerV2 AD with Hessian training,24559,5396,15,0.0211565978825092,0.0884798914194107
EquiformerV2 AD with Hessian training,37260,5397,12,0.034708097577095,0.082525759935379
EquiformerV2 AD with Hessian training,261,5398,14,0.055469736456871,0.0923743471503257
EquiformerV2 AD with Hessian training,33198,5399,12,0.0081330211833119,0.0404635220766067
EquiformerV2 AD with Hessian training,19887,5400,18,0.0036403890699148,0.0153077961876988
EquiformerV2 AD with Hessian training,15562,5401,14,0.0047306013293564,0.0195183977484703
EquiformerV2 AD with Hessian training,19235,5402,10,0.0139521965757012,0.1240816861391067
EquiformerV2 AD with Hessian training,37105,5403,12,0.019386600703001,0.0794854313135147
EquiformerV2 AD with Hessian training,48438,5404,13,0.0049979602918028,0.0282201152294874
EquiformerV2 AD with Hessian training,28929,5405,16,0.0055258413776755,0.0242119971662759
EquiformerV2 AD with Hessian training,48852,5406,12,0.0096997404471039,0.0548938997089862
EquiformerV2 AD with Hessian training,21092,5407,14,0.0055383895523846,0.0229392107576131
EquiformerV2 AD with Hessian training,23518,5408,9,0.0405171774327755,0.2189091145992279
EquiformerV2 AD with Hessian training,18600,5409,11,0.0939263328909874,0.2249447703361511
EquiformerV2 AD with Hessian training,6995,5410,15,0.0099547039717435,0.0781826004385948
EquiformerV2 AD with Hessian training,22040,5411,16,0.0076808221638202,0.0344655066728591
EquiformerV2 AD with Hessian training,47709,5412,15,0.0350579842925071,0.0778550878167152
EquiformerV2 AD with Hessian training,1107,5413,14,0.0054956511594355,0.0263811815530061
EquiformerV2 AD with Hessian training,18547,5414,15,0.0109844207763671,0.0516190230846405
EquiformerV2 AD with Hessian training,48212,5415,18,0.0117572592571377,0.0381172038614749
EquiformerV2 AD with Hessian training,27211,5416,10,0.0262363739311695,0.1314716786146164
EquiformerV2 AD with Hessian training,44406,5417,15,0.0139907142147421,0.046831838786602
EquiformerV2 AD with Hessian training,47912,5418,13,0.0138965602964162,0.0497932881116867
EquiformerV2 AD with Hessian training,41430,5419,15,0.0067613245919346,0.028216091915965
EquiformerV2 AD with Hessian training,39212,5420,14,0.013527289032936,0.0460398681461811
EquiformerV2 AD with Hessian training,31929,5421,13,0.0176698341965675,0.0720328316092491
EquiformerV2 AD with Hessian training,41095,5422,8,0.0053365840576589,0.2215686589479446
EquiformerV2 AD with Hessian training,31626,5423,13,0.0189085323363542,0.0531635135412216
EquiformerV2 AD with Hessian training,19891,5424,16,0.0038263609167188,0.017486922442913
EquiformerV2 AD with Hessian training,21345,5425,14,0.0056299548596143,0.0257786903530359
EquiformerV2 AD with Hessian training,34597,5426,14,0.031880434602499,0.078481875360012
EquiformerV2 AD with Hessian training,43922,5427,12,0.0052800620906054,0.1315201222896576
EquiformerV2 AD with Hessian training,5955,5428,17,0.0057936580851674,0.0220842659473419
EquiformerV2 AD with Hessian training,23321,5429,16,0.0021656323224306,0.0136074852198362
EquiformerV2 AD with Hessian training,15738,5430,13,0.0077820504084229,0.0399467051029205
EquiformerV2 AD with Hessian training,23547,5431,15,0.0067348964512348,0.0293664932250976
EquiformerV2 AD with Hessian training,34891,5432,11,0.0173383224755525,0.160223588347435
EquiformerV2 AD with Hessian training,46810,5433,16,0.009252923540771,0.0421697236597538
EquiformerV2 AD with Hessian training,15878,5434,14,0.0150844659656286,0.0372228249907493
EquiformerV2 AD with Hessian training,28707,5435,13,0.066420167684555,0.1677804440259933
EquiformerV2 AD with Hessian training,4658,5436,16,0.0122154969722032,0.0577569007873535
EquiformerV2 AD with Hessian training,47148,5437,19,0.0026088731829077,0.0108498651534318
EquiformerV2 AD with Hessian training,44244,5438,15,0.0110943717882037,0.0458931997418403
EquiformerV2 AD with Hessian training,30828,5439,18,0.0226630885154008,0.0454387590289115
EquiformerV2 AD with Hessian training,44642,5440,15,0.0125873871147632,0.0502705499529838
EquiformerV2 AD with Hessian training,38612,5441,15,0.010363888926804,0.0379929095506668
EquiformerV2 AD with Hessian training,28216,5442,10,0.0210103541612625,0.1093077138066291
EquiformerV2 AD with Hessian training,46372,5443,10,0.0297012459486722,0.1709908694028854
EquiformerV2 AD with Hessian training,40388,5444,14,0.0088417176157236,0.0364834144711494
EquiformerV2 AD with Hessian training,35819,5445,17,0.0074723600409924,0.0219796020537614
EquiformerV2 AD with Hessian training,32311,5446,11,0.0120306853204965,0.072177417576313
EquiformerV2 AD with Hessian training,2585,5447,14,0.0092704929411411,0.0388015694916248
EquiformerV2 AD with Hessian training,38801,5448,10,0.0401356965303421,0.2055133134126663
EquiformerV2 AD with Hessian training,15583,5449,14,0.0113439438864588,0.0524275489151477
EquiformerV2 AD with Hessian training,26533,5450,11,0.0159713327884674,0.1897158175706863
EquiformerV2 AD with Hessian training,10306,5451,15,0.0101732136681675,0.0664117634296417
EquiformerV2 AD with Hessian training,6030,5452,17,0.0099228145554661,0.029738426208496
EquiformerV2 AD with Hessian training,11075,5453,13,0.0026541764382272,0.0217289086431264
EquiformerV2 AD with Hessian training,26414,5454,15,0.0256359986960887,0.0922137573361396
EquiformerV2 AD with Hessian training,10911,5455,15,0.0162340532988309,0.0618785694241523
EquiformerV2 AD with Hessian training,31005,5456,11,0.0096117872744798,0.076468676328659
EquiformerV2 AD with Hessian training,25575,5457,12,0.0082907052710652,0.039876215159893
EquiformerV2 AD with Hessian training,3638,5458,15,0.0047983978874981,0.0218030884861946
EquiformerV2 AD with Hessian training,44136,5459,12,0.0251388046890497,0.0756243169307708
EquiformerV2 AD with Hessian training,4691,5460,13,0.0172926876693964,0.0796906724572181
EquiformerV2 AD with Hessian training,26507,5461,19,0.0028546338435262,0.0106859095394611
EquiformerV2 AD with Hessian training,28918,5462,11,0.0113322986289858,0.1140332594513893
EquiformerV2 AD with Hessian training,43841,5463,18,0.0024563476908951,0.009644360281527
EquiformerV2 AD with Hessian training,35369,5464,10,0.0210292767733335,0.2720523476600647
EquiformerV2 AD with Hessian training,8604,5465,16,0.0101737268269062,0.0334226600825786
EquiformerV2 AD with Hessian training,166,5466,17,0.006602210458368,0.0278435200452804
EquiformerV2 AD with Hessian training,6310,5467,16,0.0152998119592666,0.0335403569042682
EquiformerV2 AD with Hessian training,29732,5468,19,0.0094017349183559,0.0307024344801902
EquiformerV2 AD with Hessian training,30720,5469,11,0.0190545655786991,0.0849256962537765
EquiformerV2 AD with Hessian training,37064,5470,14,0.0244252067059278,0.0714779868721962
EquiformerV2 AD with Hessian training,5309,5471,13,0.0024748931173235,0.0239743646234273
EquiformerV2 AD with Hessian training,361,5472,18,0.0035150775220245,0.0154911987483501
EquiformerV2 AD with Hessian training,39549,5473,15,0.0045341700315475,0.018591409549117
EquiformerV2 AD with Hessian training,33373,5474,11,0.0157559420913457,0.1996650546789169
EquiformerV2 AD with Hessian training,41720,5475,13,0.0033309173304587,0.0183708854019641
EquiformerV2 AD with Hessian training,43058,5476,13,0.0098726823925971,0.0590962283313274
EquiformerV2 AD with Hessian training,31270,5477,10,0.1320214569568634,0.4182731807231903
EquiformerV2 AD with Hessian training,42195,5478,14,0.0143528133630752,0.0418084412813186
EquiformerV2 AD with Hessian training,2428,5479,14,0.0116005456075072,0.0480692759156227
EquiformerV2 AD with Hessian training,45292,5480,14,0.0472416430711746,0.1083078905940055
EquiformerV2 AD with Hessian training,33340,5481,12,0.0111831426620483,0.0375156626105308
EquiformerV2 AD with Hessian training,30942,5482,15,0.0063838590867817,0.0248741656541824
EquiformerV2 AD with Hessian training,23091,5483,15,0.0075249811634421,0.0272270366549491
EquiformerV2 AD with Hessian training,4644,5484,15,0.0193419717252254,0.0633474066853523
EquiformerV2 AD with Hessian training,33724,5485,10,0.0214413534849882,0.1908606737852096
EquiformerV2 AD with Hessian training,36671,5486,10,0.0069024264812469,0.0558666512370109
EquiformerV2 AD with Hessian training,31984,5487,15,0.0198450330644845,0.0815063342452049
EquiformerV2 AD with Hessian training,14437,5488,14,0.0029664000030606,0.0183210745453834
EquiformerV2 AD with Hessian training,27667,5489,10,0.0088272355496883,0.0507347807288169
EquiformerV2 AD with Hessian training,14847,5490,15,0.0044046062976121,0.023064637556672
EquiformerV2 AD with Hessian training,36793,5491,19,0.0043947272934019,0.0173455569893121
EquiformerV2 AD with Hessian training,30576,5492,12,0.0364871136844158,0.1285880953073501
EquiformerV2 AD with Hessian training,8272,5493,15,0.0066537004895508,0.0566784553229808
EquiformerV2 AD with Hessian training,24204,5494,14,0.0087690129876136,0.0394122600555419
EquiformerV2 AD with Hessian training,32524,5495,17,0.0116039849817752,0.0333290956914424
EquiformerV2 AD with Hessian training,31508,5496,13,0.0148676754906773,0.052417404949665
EquiformerV2 AD with Hessian training,8359,5497,12,0.0031327768228948,0.0250944010913372
EquiformerV2 AD with Hessian training,39181,5498,16,0.0185035597532987,0.0539601445198059
EquiformerV2 AD with Hessian training,49601,5499,16,0.0121458610519766,0.042750809341669
EquiformerV2 AD with Hessian training,47018,5500,17,0.0185706708580255,0.048436164855957
EquiformerV2 AD with Hessian training,9758,5501,14,0.0122579950839281,0.0351861268281936
EquiformerV2 AD with Hessian training,14329,5502,15,0.0048256497830152,0.0394220799207687
EquiformerV2 AD with Hessian training,32890,5503,16,0.0115242004394531,0.0394385121762752
EquiformerV2 AD with Hessian training,3898,5504,11,0.0647301524877548,0.2441516369581222
EquiformerV2 AD with Hessian training,11111,5505,13,0.0430711545050144,0.1185440346598625
EquiformerV2 AD with Hessian training,42138,5506,12,0.0067321127280592,0.0513186119496822
EquiformerV2 AD with Hessian training,41355,5507,14,0.0228965226560831,0.0780138075351715
EquiformerV2 AD with Hessian training,17423,5508,14,0.0088333720341324,0.034710094332695
EquiformerV2 AD with Hessian training,9113,5509,15,0.0260103233158588,0.0830558091402053
EquiformerV2 AD with Hessian training,30513,5510,14,0.0051321280188858,0.0555762313306331
EquiformerV2 AD with Hessian training,33494,5511,11,0.0118647217750549,0.0697740018367767
EquiformerV2 AD with Hessian training,46467,5512,14,0.0080559598281979,0.0280288215726614
EquiformerV2 AD with Hessian training,42211,5513,14,0.0036437958478927,0.024519070982933
EquiformerV2 AD with Hessian training,45730,5514,14,0.0362666733562946,0.1300160884857177
EquiformerV2 AD with Hessian training,35001,5515,14,0.0075640557333827,0.0331403389573097
EquiformerV2 AD with Hessian training,40532,5516,13,0.005019917152822,0.0319617688655853
EquiformerV2 AD with Hessian training,7247,5517,12,0.0210011471062898,0.0699375867843627
EquiformerV2 AD with Hessian training,4694,5518,14,0.0143372602760791,0.0424733720719814
EquiformerV2 AD with Hessian training,9963,5519,16,0.0162311866879463,0.0456445813179016
EquiformerV2 AD with Hessian training,34872,5520,15,0.0186215173453092,0.0542484372854232
EquiformerV2 AD with Hessian training,5421,5521,13,0.0030414820648729,0.0307631716132164
EquiformerV2 AD with Hessian training,10640,5522,19,0.0033919240813702,0.0111034596338868
EquiformerV2 AD with Hessian training,12805,5523,14,0.0329824872314929,0.0919372662901878
EquiformerV2 AD with Hessian training,20551,5524,11,0.0199376177042722,0.0701496303081512
EquiformerV2 AD with Hessian training,19794,5525,17,0.0038871276192367,0.0153595656156539
EquiformerV2 AD with Hessian training,41470,5526,14,0.0185300782322883,0.0568169392645359
EquiformerV2 AD with Hessian training,5239,5527,15,0.0032722440082579,0.0185096841305494
EquiformerV2 AD with Hessian training,20213,5528,16,0.012027527205646,0.0490413382649421
EquiformerV2 AD with Hessian training,35987,5529,12,0.0138857355341315,0.0727948471903801
EquiformerV2 AD with Hessian training,16629,5530,13,0.011126116849482,0.0543413572013378
EquiformerV2 AD with Hessian training,5751,5531,15,0.0208243839442729,0.055168081074953
EquiformerV2 AD with Hessian training,33078,5532,15,0.0061762440018355,0.0281239338219165
EquiformerV2 AD with Hessian training,28748,5533,13,0.0105183217674493,0.0309896618127822
EquiformerV2 AD with Hessian training,16334,5534,17,0.003135067410767,0.022514758631587
EquiformerV2 AD with Hessian training,7176,5535,14,0.0096166972070932,0.0450896918773651
EquiformerV2 AD with Hessian training,35668,5536,12,0.0154801690950989,0.0712476819753646
EquiformerV2 AD with Hessian training,9807,5537,15,0.0240237060934305,0.0802229791879654
EquiformerV2 AD with Hessian training,22968,5538,14,0.0019874789286404,0.014854073524475
EquiformerV2 AD with Hessian training,11860,5539,19,0.0082416841760277,0.023825354874134
EquiformerV2 AD with Hessian training,38464,5540,16,0.0076843937858939,0.0330224893987178
EquiformerV2 AD with Hessian training,26531,5541,15,0.0126961525529623,0.0464429333806037
EquiformerV2 AD with Hessian training,49433,5542,14,0.0092786522582173,0.0394876413047313
EquiformerV2 AD with Hessian training,44563,5543,16,0.0022295115049928,0.0122810639441013
EquiformerV2 AD with Hessian training,38233,5544,15,0.0141234518960118,0.0429348945617675
EquiformerV2 AD with Hessian training,25525,5545,18,0.0032413187436759,0.0135725252330303
EquiformerV2 AD with Hessian training,28397,5546,15,0.0060564228333532,0.0463439263403415
EquiformerV2 AD with Hessian training,9772,5547,9,0.0367555581033229,0.2369074076414108
EquiformerV2 AD with Hessian training,26005,5548,15,0.0085039166733622,0.0424019657075405
EquiformerV2 AD with Hessian training,13619,5549,15,0.0141929164528846,0.0462156943976879
EquiformerV2 AD with Hessian training,25068,5550,10,0.0070459679700434,0.0584593564271926
EquiformerV2 AD with Hessian training,12058,5551,10,0.0072921998798847,0.2277135550975799
EquiformerV2 AD with Hessian training,49077,5552,12,0.0124962525442242,0.0634249374270439
EquiformerV2 AD with Hessian training,50610,5553,19,0.0283781141042709,0.0463963001966476
EquiformerV2 AD with Hessian training,27219,5554,12,0.0076408642344176,0.0477745980024337
EquiformerV2 AD with Hessian training,3320,5555,11,0.0363712422549724,0.1073707789182663
EquiformerV2 AD with Hessian training,3477,5556,13,0.0109019633382558,0.0688693076372146
EquiformerV2 AD with Hessian training,10405,5557,14,0.0065332227386534,0.0284418351948261
EquiformerV2 AD with Hessian training,21319,5558,14,0.0053774458356201,0.0197860822081565
EquiformerV2 AD with Hessian training,14601,5559,18,0.0063598421402275,0.018519178032875
EquiformerV2 AD with Hessian training,3259,5560,11,0.0473554879426956,0.1215289086103439
EquiformerV2 AD with Hessian training,11676,5561,15,0.0088924281299114,0.035306803882122
EquiformerV2 AD with Hessian training,32916,5562,15,0.0061912881210446,0.0233321040868759
EquiformerV2 AD with Hessian training,30729,5563,19,0.0059903971850872,0.0142898792400956
EquiformerV2 AD with Hessian training,31051,5564,17,0.0057212468236684,0.023677410557866
EquiformerV2 AD with Hessian training,31250,5565,14,0.0062793991528451,0.0261764209717512
EquiformerV2 AD with Hessian training,37936,5566,14,0.0026789819821715,0.0155675914138555
EquiformerV2 AD with Hessian training,13991,5567,14,0.0074097048491239,0.0304529592394828
EquiformerV2 AD with Hessian training,35366,5568,14,0.0394345521926879,0.0999564975500106
EquiformerV2 AD with Hessian training,16584,5569,15,0.011206142604351,0.0406033359467983
EquiformerV2 AD with Hessian training,24767,5570,14,0.0098350131884217,0.0405231565237045
EquiformerV2 AD with Hessian training,47470,5571,12,0.0355084612965583,0.0955569520592689
EquiformerV2 AD with Hessian training,48569,5572,9,0.0611440017819404,0.2668147385120392
EquiformerV2 AD with Hessian training,65,5573,15,0.038803793489933,0.1180489510297775
EquiformerV2 AD with Hessian training,15619,5574,12,0.0149881010875105,0.0841416269540786
EquiformerV2 AD with Hessian training,4002,5575,17,0.0074548325501382,0.0312523990869522
EquiformerV2 AD with Hessian training,3235,5576,16,0.0038972932379692,0.0247969422489404
EquiformerV2 AD with Hessian training,6009,5577,16,0.0039276764728128,0.0251805260777473
EquiformerV2 AD with Hessian training,2613,5578,12,0.0036388817243278,0.0312705487012863
EquiformerV2 AD with Hessian training,16855,5579,15,0.0177844725549221,0.0653380304574966
EquiformerV2 AD with Hessian training,18043,5580,12,0.0029291703831404,0.0253005679696798
EquiformerV2 AD with Hessian training,17046,5581,18,0.0028619454242289,0.014682238921523
EquiformerV2 AD with Hessian training,48369,5582,19,0.0028449937235563,0.0140066556632518
EquiformerV2 AD with Hessian training,29903,5583,17,0.0105374436825513,0.0233049429953098
EquiformerV2 AD with Hessian training,38368,5584,14,0.0111418040469288,0.0461983866989612
EquiformerV2 AD with Hessian training,37609,5585,8,0.0151203079149127,0.2610847651958465
EquiformerV2 AD with Hessian training,24512,5586,12,0.0076548554934561,0.0429488345980644
EquiformerV2 AD with Hessian training,1889,5587,12,0.0037913604173809,0.0278926957398653
EquiformerV2 AD with Hessian training,31788,5588,16,0.0067363791167736,0.0246536564081907
EquiformerV2 AD with Hessian training,19397,5589,14,0.0028449788223952,0.0175869781523942
EquiformerV2 AD with Hessian training,4330,5590,14,0.0036665387451648,0.0161993950605392
EquiformerV2 AD with Hessian training,16512,5591,13,0.0074146618135273,0.0487380251288414
EquiformerV2 AD with Hessian training,20654,5592,15,0.0393097214400768,0.1006403863430023
EquiformerV2 AD with Hessian training,32005,5593,14,0.0036250203847885,0.0167368128895759
EquiformerV2 AD with Hessian training,32083,5594,10,0.0162552706897258,0.489182710647583
EquiformerV2 AD with Hessian training,39384,5595,13,0.0072019323706626,0.033595684915781
EquiformerV2 AD with Hessian training,50357,5596,17,0.0142661575227975,0.0414069108664989
EquiformerV2 AD with Hessian training,48932,5597,10,0.0079278443008661,0.3494667708873749
EquiformerV2 AD with Hessian training,47643,5598,13,0.0309709031134843,0.1308130770921707
EquiformerV2 AD with Hessian training,31403,5599,12,0.0166421737521886,0.0587482452392578
EquiformerV2 AD with Hessian training,17138,5600,14,0.004925045184791,0.0202056653797626
EquiformerV2 AD with Hessian training,5205,5601,11,0.0121288355439901,0.1277679651975631
EquiformerV2 AD with Hessian training,38506,5602,15,0.0034792800433933,0.0562620870769023
EquiformerV2 AD with Hessian training,47422,5603,17,0.0105172069743275,0.0306181088089942
EquiformerV2 AD with Hessian training,30981,5604,13,0.0099741164594888,0.1113748326897621
EquiformerV2 AD with Hessian training,19190,5605,10,0.0216579660773277,0.1866031885147094
EquiformerV2 AD with Hessian training,41496,5606,16,0.0015821398701518,0.0116417296230793
EquiformerV2 AD with Hessian training,19415,5607,12,0.0045966496691107,0.0242875888943672
EquiformerV2 AD with Hessian training,23332,5608,17,0.006673720665276,0.0316227562725544
EquiformerV2 AD with Hessian training,4757,5609,15,0.006303297355771,0.0228291936218738
EquiformerV2 AD with Hessian training,22053,5610,10,0.0463095530867576,0.1445099413394928
EquiformerV2 AD with Hessian training,35469,5611,15,0.0181509759277105,0.0642495155334472
EquiformerV2 AD with Hessian training,4958,5612,17,0.005639977287501,0.019453577697277
EquiformerV2 AD with Hessian training,16198,5613,13,0.0066029019653797,0.0390445962548255
EquiformerV2 AD with Hessian training,8170,5614,13,0.0131128933280706,0.0492290072143077
EquiformerV2 AD with Hessian training,19967,5615,12,0.0349416993558406,0.1442911177873611
EquiformerV2 AD with Hessian training,35523,5616,14,0.0148345688357949,0.1002555936574935
EquiformerV2 AD with Hessian training,12342,5617,13,0.0580585859715938,0.1012990623712539
EquiformerV2 AD with Hessian training,32503,5618,15,0.0065786815248429,0.0339513272047042
EquiformerV2 AD with Hessian training,4828,5619,11,0.0212046820670366,0.0823971405625343
EquiformerV2 AD with Hessian training,3637,5620,15,0.0204614773392677,0.0663023069500923
EquiformerV2 AD with Hessian training,29855,5621,11,0.0268753413110971,0.1677524894475937
EquiformerV2 AD with Hessian training,29946,5622,16,0.0278840046375989,0.049012653529644
EquiformerV2 AD with Hessian training,45308,5623,9,0.0120690027251839,0.1663581579923629
EquiformerV2 AD with Hessian training,19002,5624,11,0.0040424978360533,0.0302005801349878
EquiformerV2 AD with Hessian training,1803,5625,16,0.0098153315484523,0.0362542085349559
EquiformerV2 AD with Hessian training,41946,5626,15,0.0034817848354578,0.0561450645327568
EquiformerV2 AD with Hessian training,14028,5627,14,0.0120795117691159,0.0501039028167724
EquiformerV2 AD with Hessian training,14547,5628,17,0.0300677772611379,0.0563014335930347
EquiformerV2 AD with Hessian training,18370,5629,15,0.0140909356996417,0.0394588001072406
EquiformerV2 AD with Hessian training,4821,5630,14,0.0172996819019317,0.1026755794882774
EquiformerV2 AD with Hessian training,32768,5631,12,0.0073088938370347,0.03599763661623
EquiformerV2 AD with Hessian training,13881,5632,12,0.0132980542257428,0.0658274069428443
EquiformerV2 AD with Hessian training,8926,5633,16,0.0212994050234556,0.0478885918855667
EquiformerV2 AD with Hessian training,41816,5634,11,0.0176739431917667,0.0829305499792099
EquiformerV2 AD with Hessian training,42666,5635,11,0.016815410926938,0.0876168087124824
EquiformerV2 AD with Hessian training,37085,5636,12,0.0232946593314409,0.0759151801466941
EquiformerV2 AD with Hessian training,15885,5637,21,0.0287667494267225,0.0425390303134918
EquiformerV2 AD with Hessian training,47466,5638,12,0.0026851946022361,0.0279293768107891
EquiformerV2 AD with Hessian training,38725,5639,14,0.0369804054498672,0.0671483129262924
EquiformerV2 AD with Hessian training,26887,5640,11,0.0848278701305389,0.1647028923034668
EquiformerV2 AD with Hessian training,24215,5641,14,0.016922615468502,0.0403330437839031
EquiformerV2 AD with Hessian training,15859,5642,14,0.0142974965274333,0.0845546275377273
EquiformerV2 AD with Hessian training,9126,5643,12,0.0051958402618765,0.0288830120116472
EquiformerV2 AD with Hessian training,11350,5644,14,0.0049761459231376,0.0248952247202396
EquiformerV2 AD with Hessian training,27001,5645,15,0.0062598502263426,0.0315377861261367
EquiformerV2 AD with Hessian training,46049,5646,15,0.0088309962302446,0.0491287186741828
EquiformerV2 AD with Hessian training,47303,5647,10,0.0136004434898495,0.1560406386852264
EquiformerV2 AD with Hessian training,16427,5648,11,0.0167920384556055,0.0733273848891258
EquiformerV2 AD with Hessian training,7829,5649,12,0.0054340497590601,0.050175491720438
EquiformerV2 AD with Hessian training,43827,5650,14,0.0699601620435714,0.1285131722688675
EquiformerV2 AD with Hessian training,29744,5651,14,0.0041605858132243,0.0293806865811347
EquiformerV2 AD with Hessian training,37043,5652,14,0.0083264326676726,0.121706873178482
EquiformerV2 AD with Hessian training,40006,5653,17,0.0108687877655029,0.0282083079218864
EquiformerV2 AD with Hessian training,49908,5654,12,0.0141516113653779,0.1083623617887497
EquiformerV2 AD with Hessian training,19456,5655,13,0.0096446676179766,0.0920361503958702
EquiformerV2 AD with Hessian training,36564,5656,14,0.0099040111526846,0.0595929510891437
EquiformerV2 AD with Hessian training,36714,5657,15,0.0093015143647789,0.0416513718664646
EquiformerV2 AD with Hessian training,33258,5658,13,0.0060486220754683,0.0318380072712898
EquiformerV2 AD with Hessian training,48236,5659,16,0.0044297026470303,0.0224105957895517
EquiformerV2 AD with Hessian training,7262,5660,15,0.0120062828063964,0.055851861834526
EquiformerV2 AD with Hessian training,14522,5661,16,0.0160119757056236,0.0437843650579452
EquiformerV2 AD with Hessian training,27550,5662,14,0.0109540289267897,0.0341779142618179
EquiformerV2 AD with Hessian training,9801,5663,16,0.0061813481152057,0.0447761118412017
EquiformerV2 AD with Hessian training,17837,5664,9,0.0172509867697954,0.076630026102066
EquiformerV2 AD with Hessian training,28070,5665,17,0.0066984565928578,0.0235590413212776
EquiformerV2 AD with Hessian training,33620,5666,11,0.0056551112793385,0.0425918214023113
EquiformerV2 AD with Hessian training,1966,5667,15,0.0022782927844673,0.0150636890903115
EquiformerV2 AD with Hessian training,9107,5668,12,0.0284260772168636,0.1281660050153732
EquiformerV2 AD with Hessian training,26342,5669,11,0.0076377284713089,0.0606139488518238
EquiformerV2 AD with Hessian training,24394,5670,16,0.0072507946752011,0.0310988556593656
EquiformerV2 AD with Hessian training,11443,5671,17,0.0106829795986413,0.0344640091061592
EquiformerV2 AD with Hessian training,50146,5672,16,0.0099813491106033,0.0294215157628059
EquiformerV2 AD with Hessian training,46619,5673,15,0.0032357978634536,0.0185377672314643
EquiformerV2 AD with Hessian training,22349,5674,17,0.0093585234135389,0.0395397841930389
EquiformerV2 AD with Hessian training,43283,5675,16,0.0139192976057529,0.0397474691271781
EquiformerV2 AD with Hessian training,17848,5676,13,0.0149040529504418,0.1170054227113723
EquiformerV2 AD with Hessian training,47409,5677,11,0.0108353104442358,0.0640823096036911
EquiformerV2 AD with Hessian training,20614,5678,13,0.0205929223448038,0.0665702372789383
EquiformerV2 AD with Hessian training,29890,5679,8,0.0245847031474113,0.2152498215436935
EquiformerV2 AD with Hessian training,35127,5680,11,0.0136858550831675,0.0639481395483017
EquiformerV2 AD with Hessian training,31219,5681,14,0.0105544161051511,0.0464290454983711
EquiformerV2 AD with Hessian training,33672,5682,11,0.0167834274470806,0.081397570669651
EquiformerV2 AD with Hessian training,2018,5683,16,0.0079612229019403,0.0256862919777631
EquiformerV2 AD with Hessian training,26654,5684,11,0.0159583743661642,0.1829990297555923
EquiformerV2 AD with Hessian training,50414,5685,12,0.0448242016136646,0.1523369401693344
EquiformerV2 AD with Hessian training,4436,5686,17,0.0120268873870372,0.0345172546803951
EquiformerV2 AD with Hessian training,24869,5687,12,0.0160316657274961,0.0551798418164253
EquiformerV2 AD with Hessian training,25186,5688,12,0.0393017195165157,0.1391050219535827
EquiformerV2 AD with Hessian training,7695,5689,12,0.0061733550392091,0.0319890044629573
EquiformerV2 AD with Hessian training,5274,5690,16,0.0035863830707967,0.0184136889874935
EquiformerV2 AD with Hessian training,32555,5691,16,0.0047957301139831,0.0256036948412656
EquiformerV2 AD with Hessian training,31469,5692,19,0.0325089246034622,0.0776362642645835
EquiformerV2 AD with Hessian training,32718,5693,15,0.0135985445231199,0.0501219183206558
EquiformerV2 AD with Hessian training,47033,5694,14,0.012964847497642,0.0803823322057724
EquiformerV2 AD with Hessian training,1532,5695,11,0.0550442263484001,0.2210429906845092
EquiformerV2 AD with Hessian training,43523,5696,12,0.0163238737732172,0.0955380797386169
EquiformerV2 AD with Hessian training,15248,5697,14,0.0090872487053275,0.0560081899166107
EquiformerV2 AD with Hessian training,22978,5698,13,0.0056394669227302,0.0312923826277256
EquiformerV2 AD with Hessian training,22681,5699,13,0.0038373034913092,0.023702161386609
EquiformerV2 AD with Hessian training,23839,5700,16,0.0083597432821989,0.0306399464607238
EquiformerV2 AD with Hessian training,32567,5701,16,0.0031886124052107,0.0125273233279585
EquiformerV2 AD with Hessian training,23335,5702,12,0.0119183212518692,0.0488291420042514
EquiformerV2 AD with Hessian training,42680,5703,12,0.0096291108056902,0.0593938343226909
EquiformerV2 AD with Hessian training,34077,5704,13,0.0122248940169811,0.059027824550867
EquiformerV2 AD with Hessian training,15642,5705,13,0.0175736099481582,0.0502254739403724
EquiformerV2 AD with Hessian training,15198,5706,14,0.006261512171477,0.1329873651266098
EquiformerV2 AD with Hessian training,25667,5707,15,0.0173682626336812,0.0537724085152149
EquiformerV2 AD with Hessian training,4448,5708,16,0.0037026042118668,0.0134110795333981
EquiformerV2 AD with Hessian training,36285,5709,14,0.0098879840224981,0.0482515059411525
EquiformerV2 AD with Hessian training,11661,5710,14,0.0064708548597991,0.0238102450966835
EquiformerV2 AD with Hessian training,49587,5711,13,0.0066815926693379,0.032986931502819
EquiformerV2 AD with Hessian training,21934,5712,19,0.005476142745465,0.0141191631555557
EquiformerV2 AD with Hessian training,35484,5713,12,0.0145638240501284,0.0592316836118698
EquiformerV2 AD with Hessian training,47114,5714,16,0.006648491602391,0.0284305475652217
EquiformerV2 AD with Hessian training,8042,5715,16,0.0130821838974952,0.0526776798069477
EquiformerV2 AD with Hessian training,6573,5716,11,0.0162699371576309,0.0788329765200614
EquiformerV2 AD with Hessian training,45078,5717,11,0.0459320843219757,0.1449465602636337
EquiformerV2 AD with Hessian training,11208,5718,14,0.0073151192627847,0.0399956554174423
EquiformerV2 AD with Hessian training,27193,5719,16,0.0138614010065793,0.0658613741397857
EquiformerV2 AD with Hessian training,26025,5720,16,0.0047390419058501,0.026063023135066
EquiformerV2 AD with Hessian training,49685,5721,16,0.0040482589974999,0.0234802439808845
EquiformerV2 AD with Hessian training,47480,5722,13,0.0072263409383594,0.0529017485678195
EquiformerV2 AD with Hessian training,41701,5723,17,0.007544211577624,0.0285717118531465
EquiformerV2 AD with Hessian training,9912,5724,20,0.0101245520636439,0.0239517092704772
EquiformerV2 AD with Hessian training,49991,5725,14,0.0604836381971836,0.1089185550808906
EquiformerV2 AD with Hessian training,6128,5726,14,0.0128342090174555,0.034485287964344
EquiformerV2 AD with Hessian training,19045,5727,13,0.0116273928433656,0.0554290115833282
EquiformerV2 AD with Hessian training,47962,5728,13,0.0102259991690516,0.0473193414509296
EquiformerV2 AD with Hessian training,39428,5729,12,0.0333150848746299,0.1020858213305473
EquiformerV2 AD with Hessian training,47658,5730,12,0.0207340884953737,0.0875600278377533
EquiformerV2 AD with Hessian training,13019,5731,12,0.0173466075211763,0.0629971623420715
EquiformerV2 AD with Hessian training,13774,5732,15,0.0133179109543561,0.0445670522749424
EquiformerV2 AD with Hessian training,19838,5733,16,0.0024936306290328,0.0114990836009383
EquiformerV2 AD with Hessian training,43197,5734,13,0.0083479229360818,0.0408704206347465
EquiformerV2 AD with Hessian training,32391,5735,11,0.0088425651192665,0.06464534252882
EquiformerV2 AD with Hessian training,47238,5736,10,0.0140032898634672,0.132639080286026
EquiformerV2 AD with Hessian training,33518,5737,12,0.0037229764275252,0.0281482506543397
EquiformerV2 AD with Hessian training,17235,5738,8,0.0078901341184973,0.4197544157505035
EquiformerV2 AD with Hessian training,8230,5739,18,0.0030152527615427,0.0112715121358633
EquiformerV2 AD with Hessian training,47162,5740,13,0.0052982820197939,0.0253431871533393
EquiformerV2 AD with Hessian training,50767,5741,16,0.0071413395926356,0.0341062098741531
EquiformerV2 AD with Hessian training,7334,5742,14,0.0255191270262002,0.0797385200858116
EquiformerV2 AD with Hessian training,16346,5743,16,0.0157853867858648,0.044807706028223
EquiformerV2 AD with Hessian training,14135,5744,11,0.0471312217414379,0.2267189025878906
EquiformerV2 AD with Hessian training,22376,5745,12,0.0225969012826681,0.0935011357069015
EquiformerV2 AD with Hessian training,36450,5746,11,0.0084692910313606,0.0583533495664596
EquiformerV2 AD with Hessian training,16531,5747,12,0.0151447327807545,0.0861492604017257
EquiformerV2 AD with Hessian training,4640,5748,16,0.0096978349611163,0.0378213934600353
EquiformerV2 AD with Hessian training,6603,5749,10,0.018124870955944,0.4122362732887268
EquiformerV2 AD with Hessian training,27535,5750,21,0.0043251239694654,0.0166409164667129
EquiformerV2 AD with Hessian training,39511,5751,15,0.013755390420556,0.0544842593371868
EquiformerV2 AD with Hessian training,13262,5752,14,0.02283744700253,0.0758834928274154
EquiformerV2 AD with Hessian training,40610,5753,12,0.0036954267416149,0.0464471317827701
EquiformerV2 AD with Hessian training,25501,5754,13,0.0208413992077112,0.0777527466416359
EquiformerV2 AD with Hessian training,50292,5755,18,0.004048693459481,0.0131295677274465
EquiformerV2 AD with Hessian training,30904,5756,14,0.0077907983213663,0.0404174365103244
EquiformerV2 AD with Hessian training,34052,5757,17,0.0155940968543291,0.04717618227005
EquiformerV2 AD with Hessian training,33484,5758,11,0.0089818695560097,0.0490546226501464
EquiformerV2 AD with Hessian training,50438,5759,15,0.0080523779615759,0.0360664948821067
EquiformerV2 AD with Hessian training,42074,5760,21,0.0020997275132685,0.0090174563229084
EquiformerV2 AD with Hessian training,22674,5761,15,0.015146842226386,0.0825442597270011
EquiformerV2 AD with Hessian training,42964,5762,14,0.0085002239793539,0.0348243936896324
EquiformerV2 AD with Hessian training,5316,5763,14,0.00341412355192,0.0198147930204868
EquiformerV2 AD with Hessian training,6279,5764,15,0.0750339701771736,0.1390440911054611
EquiformerV2 AD with Hessian training,45057,5765,15,0.0102641563862562,0.0640032291412353
EquiformerV2 AD with Hessian training,44524,5766,14,0.008067624643445,0.0417236052453517
EquiformerV2 AD with Hessian training,47274,5767,15,0.0153554240241646,0.0398108623921871
EquiformerV2 AD with Hessian training,16415,5768,13,0.0056764455512166,0.0237030033022165
EquiformerV2 AD with Hessian training,4967,5769,15,0.0090066343545913,0.0338161513209342
EquiformerV2 AD with Hessian training,30848,5770,10,0.0272912997752428,0.4667717218399048
EquiformerV2 AD with Hessian training,26927,5771,14,0.0026221594307571,0.0171087514609098
EquiformerV2 AD with Hessian training,9504,5772,15,0.0073452023789286,0.0228984542191028
EquiformerV2 AD with Hessian training,13720,5773,10,0.0097817918285727,0.0667231231927871
EquiformerV2 AD with Hessian training,11182,5774,17,0.020026421174407,0.0653000473976135
EquiformerV2 AD with Hessian training,20483,5775,10,0.0108535857871174,0.0510185174643993
EquiformerV2 AD with Hessian training,27991,5776,14,0.0071445279754698,0.03300391882658
EquiformerV2 AD with Hessian training,27177,5777,16,0.0073737106285989,0.0328630246222019
EquiformerV2 AD with Hessian training,28447,5778,14,0.0094690648838877,0.0385349690914154
EquiformerV2 AD with Hessian training,28341,5779,14,0.0065588545985519,0.0354086086153984
EquiformerV2 AD with Hessian training,29168,5780,8,0.0181134883314371,0.2709975242614746
EquiformerV2 AD with Hessian training,36154,5781,10,0.0057151657529175,0.0669484585523605
EquiformerV2 AD with Hessian training,23811,5782,9,0.0176777597516775,0.1612931340932846
EquiformerV2 AD with Hessian training,5368,5783,16,0.0083513371646404,0.025784058496356
EquiformerV2 AD with Hessian training,43071,5784,18,0.0169398225843906,0.0500963926315307
EquiformerV2 AD with Hessian training,34517,5785,13,0.0132369566708803,0.0516080968081951
EquiformerV2 AD with Hessian training,44801,5786,16,0.0135528426617383,0.0504249818623065
EquiformerV2 AD with Hessian training,2356,5787,12,0.0072596999816596,0.0338689722120761
EquiformerV2 AD with Hessian training,42462,5788,14,0.006638151127845,0.0270728394389152
EquiformerV2 AD with Hessian training,22466,5789,12,0.0203723385930061,0.0704439729452133
EquiformerV2 AD with Hessian training,21160,5790,11,0.0328975468873977,0.121205985546112
EquiformerV2 AD with Hessian training,26081,5791,17,0.0183162968605756,0.046729814261198
EquiformerV2 AD with Hessian training,41850,5792,15,0.0049031539820134,0.0210655350238084
EquiformerV2 AD with Hessian training,718,5793,10,0.0478888265788555,0.1829332858324051
EquiformerV2 AD with Hessian training,19141,5794,11,0.0046665938571095,0.1322704702615738
EquiformerV2 AD with Hessian training,21803,5795,19,0.0050008301623165,0.0197611600160598
EquiformerV2 AD with Hessian training,2450,5796,11,0.0054167425259947,0.1378802806138992
EquiformerV2 AD with Hessian training,21183,5797,14,0.0071858507581055,0.0309123564511537
EquiformerV2 AD with Hessian training,17622,5798,16,0.0113619668409228,0.0423004515469074
EquiformerV2 AD with Hessian training,40778,5799,11,0.025555906817317,0.2912956774234772
EquiformerV2 AD with Hessian training,13093,5800,14,0.0253681596368551,0.0647068545222282
EquiformerV2 AD with Hessian training,20106,5801,16,0.0159840323030948,0.0532502718269825
EquiformerV2 AD with Hessian training,28155,5802,11,0.0209591500461101,0.1732307970523834
EquiformerV2 AD with Hessian training,46552,5803,18,0.0157229956239461,0.040450133383274
EquiformerV2 AD with Hessian training,1488,5804,19,0.0051856148056685,0.0240831524133682
EquiformerV2 AD with Hessian training,12185,5805,12,0.0118997218087315,0.0516579486429691
EquiformerV2 AD with Hessian training,7888,5806,13,0.0221964716911315,0.0817360877990722
EquiformerV2 AD with Hessian training,43890,5807,10,0.0165351890027523,0.2638668417930603
EquiformerV2 AD with Hessian training,26077,5808,9,0.0195402447134256,0.1630108952522277
EquiformerV2 AD with Hessian training,32082,5809,15,0.0062409536913037,0.0358291082084178
EquiformerV2 AD with Hessian training,31698,5810,12,0.0291454028338193,0.0898002684116363
EquiformerV2 AD with Hessian training,27180,5811,16,0.0041287960484623,0.0498559363186359
EquiformerV2 AD with Hessian training,14845,5812,15,0.0033942442387342,0.0387398935854435
EquiformerV2 AD with Hessian training,237,5813,10,0.0327684022486209,0.1233406960964202
EquiformerV2 AD with Hessian training,44706,5814,14,0.0373306274414062,0.0653012841939926
EquiformerV2 AD with Hessian training,40192,5815,21,0.0068648331798613,0.0141132678836584
EquiformerV2 AD with Hessian training,41953,5816,12,0.0202833414077758,0.067670352756977
EquiformerV2 AD with Hessian training,28679,5817,18,0.003718621795997,0.0155569408088922
EquiformerV2 AD with Hessian training,35190,5818,17,0.0111094387248158,0.0353578589856624
EquiformerV2 AD with Hessian training,2193,5819,12,0.0153438812121748,0.0627711117267608
EquiformerV2 AD with Hessian training,10302,5820,17,0.0125070102512836,0.0394464209675788
EquiformerV2 AD with Hessian training,24364,5821,15,0.0390894785523414,0.0834110006690025
EquiformerV2 AD with Hessian training,32776,5822,15,0.0169035121798515,0.0642417147755622
EquiformerV2 AD with Hessian training,19705,5823,17,0.0119263548403978,0.034741535782814
EquiformerV2 AD with Hessian training,26270,5824,16,0.0087816845625638,0.0429189130663871
EquiformerV2 AD with Hessian training,22977,5825,13,0.00769809121266,0.0465599484741687
EquiformerV2 AD with Hessian training,25289,5826,15,0.0097422003746032,0.0733359828591346
EquiformerV2 AD with Hessian training,25854,5827,16,0.0044652642682194,0.0199993811547756
EquiformerV2 AD with Hessian training,41601,5828,14,0.0125094437971711,0.0703667104244232
EquiformerV2 AD with Hessian training,17414,5829,14,0.017055319622159,0.0887860432267189
EquiformerV2 AD with Hessian training,6148,5830,15,0.0130488295108079,0.0476170890033245
EquiformerV2 AD with Hessian training,50092,5831,16,0.0186906494200229,0.0560297966003418
EquiformerV2 AD with Hessian training,26814,5832,17,0.0025471705012023,0.0135143240913748
EquiformerV2 AD with Hessian training,29702,5833,12,0.0075151748023927,0.0411751493811607
EquiformerV2 AD with Hessian training,45490,5834,14,0.0070253666490316,0.0369867384433746
EquiformerV2 AD with Hessian training,45206,5835,12,0.006473789922893,0.1097189709544181
EquiformerV2 AD with Hessian training,11778,5836,14,0.018382504582405,0.0651581436395645
EquiformerV2 AD with Hessian training,23878,5837,15,0.0071519315242767,0.0268772710114717
EquiformerV2 AD with Hessian training,50711,5838,8,0.031316589564085,0.4214331805706024
EquiformerV2 AD with Hessian training,49233,5839,19,0.0057780952192842,0.0324923805892467
EquiformerV2 AD with Hessian training,33629,5840,14,0.0048649925738573,0.022351648658514
EquiformerV2 AD with Hessian training,19747,5841,18,0.0304848179221153,0.0540029890835285
EquiformerV2 AD with Hessian training,15154,5842,15,0.0334974192082881,0.0814576372504234
EquiformerV2 AD with Hessian training,47874,5843,5,0.0325401686131954,0.5985829830169678
EquiformerV2 AD with Hessian training,26958,5844,13,0.0108994422480463,0.0452930144965648
EquiformerV2 AD with Hessian training,36578,5845,11,0.009994207881391,0.0585680492222309
EquiformerV2 AD with Hessian training,36575,5846,12,0.005808908957988,0.1606866121292114
EquiformerV2 AD with Hessian training,18718,5847,12,0.007698624394834,0.0349904596805572
EquiformerV2 AD with Hessian training,11993,5848,16,0.0139523409307003,0.0303977504372596
EquiformerV2 AD with Hessian training,39132,5849,11,0.0078873727470636,0.0595014803111553
EquiformerV2 AD with Hessian training,6068,5850,14,0.0845375284552574,0.1820993423461914
EquiformerV2 AD with Hessian training,7186,5851,14,0.0211051143705844,0.0782115086913108
EquiformerV2 AD with Hessian training,29201,5852,13,0.0079870261251926,0.0337476916611194
EquiformerV2 AD with Hessian training,12430,5853,13,0.0057865609414875,0.0377105809748172
EquiformerV2 AD with Hessian training,1684,5854,16,0.0056105023249983,0.0237132310867309
EquiformerV2 AD with Hessian training,23001,5855,13,0.0075271092355251,0.0346245020627975
EquiformerV2 AD with Hessian training,26547,5856,17,0.0043735555373132,0.0163795910775661
EquiformerV2 AD with Hessian training,16253,5857,12,0.0080395685508847,0.0830688029527664
EquiformerV2 AD with Hessian training,36936,5858,16,0.0109374290332198,0.0376576296985149
EquiformerV2 AD with Hessian training,37960,5859,11,0.0385418571531772,0.1335495412349701
EquiformerV2 AD with Hessian training,38328,5860,12,0.0081003131344914,0.0459891147911548
EquiformerV2 AD with Hessian training,46991,5861,10,0.015373483300209,0.1236813440918922
EquiformerV2 AD with Hessian training,46522,5862,14,0.0052689732983708,0.0228377040475606
EquiformerV2 AD with Hessian training,41237,5863,13,0.026138661429286,0.0747678354382515
EquiformerV2 AD with Hessian training,25862,5864,14,0.0173573810607194,0.0500518642365932
EquiformerV2 AD with Hessian training,50839,5865,11,0.018367949873209,0.0973264425992965
EquiformerV2 AD with Hessian training,16372,5866,15,0.0030269799754023,0.0200135111808776
EquiformerV2 AD with Hessian training,10419,5867,17,0.0144810937345027,0.0336554571986198
EquiformerV2 AD with Hessian training,21301,5868,15,0.0099897840991616,0.0410022437572479
EquiformerV2 AD with Hessian training,8098,5869,15,0.0120313884690403,0.0489219315350055
EquiformerV2 AD with Hessian training,1319,5870,10,0.0075466050766408,0.0413797609508037
EquiformerV2 AD with Hessian training,35089,5871,11,0.0094492705538868,0.0644687339663505
EquiformerV2 AD with Hessian training,41038,5872,13,0.0076061580330133,0.0373046025633811
EquiformerV2 AD with Hessian training,13627,5873,15,0.010386292822659,0.0495924912393093
EquiformerV2 AD with Hessian training,5511,5874,15,0.0094770463183522,0.0305331014096736
EquiformerV2 AD with Hessian training,24814,5875,12,0.0063774739392101,0.0444242767989635
EquiformerV2 AD with Hessian training,17630,5876,9,0.0086864391341805,0.0560743398964405
EquiformerV2 AD with Hessian training,10380,5877,21,0.0018504543695598,0.0087511260062456
EquiformerV2 AD with Hessian training,6023,5878,12,0.0919497683644294,0.2184318304061889
EquiformerV2 AD with Hessian training,6901,5879,10,0.0243171360343694,0.2290846854448318
EquiformerV2 AD with Hessian training,50324,5880,16,0.0034274673089385,0.0190204083919525
EquiformerV2 AD with Hessian training,22980,5881,12,0.0453177914023399,0.1078273132443428
EquiformerV2 AD with Hessian training,8687,5882,15,0.0257690232247114,0.0663481727242469
EquiformerV2 AD with Hessian training,32184,5883,10,0.0088541768491268,0.0687975361943245
EquiformerV2 AD with Hessian training,49167,5884,21,0.0030191531404852,0.013994718901813
EquiformerV2 AD with Hessian training,909,5885,14,0.0043887910433113,0.0729838013648986
EquiformerV2 AD with Hessian training,50826,5886,15,0.0112644247710704,0.0359695740044117
EquiformerV2 AD with Hessian training,48592,5887,16,0.0200103148818016,0.0573569275438785
EquiformerV2 AD with Hessian training,14328,5888,15,0.0232257582247257,0.0623753145337104
EquiformerV2 AD with Hessian training,39363,5889,14,0.0041860602796077,0.0202831178903579
EquiformerV2 AD with Hessian training,5022,5890,17,0.0063640275038778,0.0219609551131725
EquiformerV2 AD with Hessian training,44538,5891,15,0.0216765441000461,0.0847423374652862
EquiformerV2 AD with Hessian training,30596,5892,14,0.0087691955268383,0.0367189943790435
EquiformerV2 AD with Hessian training,32993,5893,18,0.012829746119678,0.0359531752765178
EquiformerV2 AD with Hessian training,25406,5894,14,0.0215430799871683,0.0831919834017753
EquiformerV2 AD with Hessian training,27106,5895,13,0.0122655108571052,0.0573792196810245
EquiformerV2 AD with Hessian training,1592,5896,17,0.0441219136118888,0.1018217504024505
EquiformerV2 AD with Hessian training,42737,5897,14,0.004038093611598,0.0352707430720329
EquiformerV2 AD with Hessian training,41658,5898,21,0.0027587737422436,0.009346061386168
EquiformerV2 AD with Hessian training,44673,5899,18,0.015674939379096,0.0477070733904838
EquiformerV2 AD with Hessian training,36867,5900,12,0.0035115140490233,0.0261847097426652
EquiformerV2 AD with Hessian training,14299,5901,13,0.0108246756717562,0.0423573777079582
EquiformerV2 AD with Hessian training,11937,5902,15,0.0314775854349136,0.0833667889237403
EquiformerV2 AD with Hessian training,85,5903,15,0.0146403657272458,0.0573227480053901
EquiformerV2 AD with Hessian training,6611,5904,14,0.0063598435372114,0.0273101180791854
EquiformerV2 AD with Hessian training,34643,5905,14,0.0236588865518569,0.0786612629890441
EquiformerV2 AD with Hessian training,37580,5906,10,0.0107845813035964,0.1212386637926101
EquiformerV2 AD with Hessian training,18154,5907,11,0.0093181487172842,0.0456444434821605
EquiformerV2 AD with Hessian training,21044,5908,14,0.0093875993043184,0.0603986717760562
EquiformerV2 AD with Hessian training,45978,5909,14,0.0273841917514801,0.0693002641201019
EquiformerV2 AD with Hessian training,12444,5910,14,0.0041182483546435,0.030659569427371
EquiformerV2 AD with Hessian training,1368,5911,16,0.0071860030293464,0.0236286167055368
EquiformerV2 AD with Hessian training,49018,5912,8,0.0090681947767734,0.0966928526759147
EquiformerV2 AD with Hessian training,43109,5913,13,0.0340318791568279,0.1072917059063911
EquiformerV2 AD with Hessian training,11153,5914,14,0.006673356052488,0.0209164395928382
EquiformerV2 AD with Hessian training,18085,5915,13,0.0131397126242518,0.0555863678455352
EquiformerV2 AD with Hessian training,20844,5916,8,0.0436194092035293,0.3700702786445617
EquiformerV2 AD with Hessian training,49859,5917,16,0.0137013737112283,0.0482835471630096
EquiformerV2 AD with Hessian training,38624,5918,11,0.0390275903046131,0.1870238780975341
EquiformerV2 AD with Hessian training,21610,5919,14,0.011884581297636,0.0793166235089302
EquiformerV2 AD with Hessian training,6564,5920,16,0.0034475768916308,0.014972610399127
EquiformerV2 AD with Hessian training,29921,5921,10,0.0103546828031539,0.3182865381240845
EquiformerV2 AD with Hessian training,48644,5922,14,0.0184402763843536,0.0489490665495395
EquiformerV2 AD with Hessian training,45126,5923,13,0.010075993835926,0.0492945499718189
EquiformerV2 AD with Hessian training,48873,5924,20,0.0050724321044981,0.0170854907482862
EquiformerV2 AD with Hessian training,28502,5925,15,0.0130671132355928,0.0561779029667377
EquiformerV2 AD with Hessian training,33073,5926,13,0.0040772319771349,0.0247276779264211
EquiformerV2 AD with Hessian training,30716,5927,12,0.0050070085562765,0.0255340822041034
EquiformerV2 AD with Hessian training,5155,5928,14,0.0041781733743846,0.0194355566054582
EquiformerV2 AD with Hessian training,4971,5929,14,0.0159301273524761,0.0572721771895885
EquiformerV2 AD with Hessian training,23860,5930,14,0.0067000831477344,0.0228248573839664
EquiformerV2 AD with Hessian training,6850,5931,12,0.0276882909238338,0.0778920426964759
EquiformerV2 AD with Hessian training,49399,5932,13,0.018316825851798,0.0928062349557876
EquiformerV2 AD with Hessian training,47914,5933,8,0.0494506023824214,0.5997723937034607
EquiformerV2 AD with Hessian training,42974,5934,19,0.0078101963736116,0.023970803245902
EquiformerV2 AD with Hessian training,1897,5935,5,0.0099200094118714,0.7100249528884888
EquiformerV2 AD with Hessian training,7650,5936,19,0.0065890792757272,0.0192688051611185
EquiformerV2 AD with Hessian training,39304,5937,14,0.0042637619189918,0.0187209770083427
EquiformerV2 AD with Hessian training,47564,5938,15,0.0057201120071113,0.0245509725064039
EquiformerV2 AD with Hessian training,46812,5939,13,0.1262886673212051,1.3547425270080566
EquiformerV2 AD with Hessian training,35966,5940,11,0.0093919411301612,0.1464171856641769
EquiformerV2 AD with Hessian training,11133,5941,14,0.0076591968536376,0.1244086474180221
EquiformerV2 AD with Hessian training,35592,5942,15,0.0189061481505632,0.0564500838518142
EquiformerV2 AD with Hessian training,21413,5943,17,0.0202424619346857,0.0513724274933338
EquiformerV2 AD with Hessian training,29027,5944,10,0.1357847899198532,0.4221736490726471
EquiformerV2 AD with Hessian training,28610,5945,10,0.0680476203560829,0.2325754463672638
EquiformerV2 AD with Hessian training,19831,5946,14,0.0622330531477928,0.1180723160505294
EquiformerV2 AD with Hessian training,11609,5947,17,0.0082377009093761,0.0332100428640842
EquiformerV2 AD with Hessian training,17261,5948,14,0.0151161924004554,0.0590652413666248
EquiformerV2 AD with Hessian training,32429,5949,12,0.0086982483044266,0.0399908162653446
EquiformerV2 AD with Hessian training,16292,5950,11,0.0100274253636598,0.1336185932159423
EquiformerV2 AD with Hessian training,17846,5951,14,0.0066027743741869,0.0364624857902526
EquiformerV2 AD with Hessian training,36103,5952,12,0.0113716702908277,0.0360803008079528
EquiformerV2 AD with Hessian training,23247,5953,14,0.0057727335952222,0.025282897055149
EquiformerV2 AD with Hessian training,25921,5954,10,0.0186335369944572,0.2664167284965515
EquiformerV2 AD with Hessian training,5453,5955,12,0.0233821216970682,0.1036256998777389
EquiformerV2 AD with Hessian training,19573,5956,13,0.0129579296335577,0.0630353018641471
EquiformerV2 AD with Hessian training,46777,5957,16,0.0124511551111936,0.036376554518938
EquiformerV2 AD with Hessian training,12259,5958,16,0.0190404877066612,0.0624099858105182
EquiformerV2 AD with Hessian training,42233,5959,10,0.005677041132003,0.0267275627702474
EquiformerV2 AD with Hessian training,50040,5960,13,0.0273257736116647,0.078342817723751
EquiformerV2 AD with Hessian training,4328,5961,8,0.1274418830871582,0.5036457180976868
EquiformerV2 AD with Hessian training,37267,5962,10,0.0383411683142185,0.2451182752847671
EquiformerV2 AD with Hessian training,35054,5963,15,0.0021622807253152,0.0149532873183488
EquiformerV2 AD with Hessian training,23510,5964,13,0.0112203219905495,0.0546979568898677
EquiformerV2 AD with Hessian training,34459,5965,15,0.0260004997253417,0.0924082100391388
EquiformerV2 AD with Hessian training,40130,5966,16,0.0090264212340116,0.0345308072865009
EquiformerV2 AD with Hessian training,4393,5967,12,0.005499358754605,0.0308743640780448
EquiformerV2 AD with Hessian training,26140,5968,14,0.0214564260095357,0.0661380290985107
EquiformerV2 AD with Hessian training,38385,5969,15,0.0029400787316262,0.0207906812429428
EquiformerV2 AD with Hessian training,32906,5970,11,0.0227814204990863,0.1291814744472503
EquiformerV2 AD with Hessian training,41143,5971,15,0.0092474808916449,0.0613966472446918
EquiformerV2 AD with Hessian training,29406,5972,11,0.0141035327687859,0.1029272302985191
EquiformerV2 AD with Hessian training,10985,5973,10,0.0197042599320411,0.3395946621894836
EquiformerV2 AD with Hessian training,13020,5974,10,0.049763798713684,0.1439419984817505
EquiformerV2 AD with Hessian training,3560,5975,15,0.0066085173748433,0.030461311340332
EquiformerV2 AD with Hessian training,35230,5976,16,0.0125079257413744,0.0347240641713142
EquiformerV2 AD with Hessian training,30569,5977,16,0.002942964900285,0.0146321933716535
EquiformerV2 AD with Hessian training,29177,5978,13,0.0082192402333021,0.0434387996792793
EquiformerV2 AD with Hessian training,5483,5979,13,0.0097288470715284,0.0360433235764503
EquiformerV2 AD with Hessian training,36712,5980,8,0.0145870503038167,0.0987241044640541
EquiformerV2 AD with Hessian training,35166,5981,12,0.0274105910211801,0.0960869416594505
EquiformerV2 AD with Hessian training,14201,5982,18,0.004791656974703,0.0188722722232341
EquiformerV2 AD with Hessian training,708,5983,9,0.0332309268414974,0.1934414207935333
EquiformerV2 AD with Hessian training,8150,5984,15,0.0086393393576145,0.0549343973398208
EquiformerV2 AD with Hessian training,39179,5985,16,0.0106748286634683,0.0278060734272003
EquiformerV2 AD with Hessian training,22541,5986,13,0.038818884640932,0.0960626378655433
EquiformerV2 AD with Hessian training,36934,5987,12,0.0137961003929376,0.1071307137608528
EquiformerV2 AD with Hessian training,38710,5988,15,0.0117179211229085,0.0492896810173988
EquiformerV2 AD with Hessian training,45605,5989,16,0.0041540185920894,0.0166154485195875
EquiformerV2 AD with Hessian training,44789,5990,15,0.0077212969772517,0.0343192592263221
EquiformerV2 AD with Hessian training,422,5991,16,0.007389910519123,0.0367157123982906
EquiformerV2 AD with Hessian training,18155,5992,14,0.0068810428492724,0.0290312618017196
EquiformerV2 AD with Hessian training,35235,5993,15,0.0605405457317829,0.1433985978364944
EquiformerV2 AD with Hessian training,5559,5994,13,0.0253398567438125,0.0789745673537254
EquiformerV2 AD with Hessian training,49015,5995,15,0.0095843691378831,0.0301068909466266
EquiformerV2 AD with Hessian training,44034,5996,12,0.0067071714438498,0.0347090996801853
EquiformerV2 AD with Hessian training,39625,5997,16,0.0041200667619705,0.0188455954194068
EquiformerV2 AD with Hessian training,32997,5998,8,0.0148533806204795,0.6144338250160217
EquiformerV2 AD with Hessian training,33070,5999,15,0.0036447129677981,0.0217472836375236
EquiformerV2 AD with Hessian training,4887,6000,16,0.0038083146791905,0.0126751298084855
EquiformerV2 AD with Hessian training,9843,6001,17,0.0064802123233675,0.0198190584778785
EquiformerV2 AD with Hessian training,12898,6002,17,0.0258713476359844,0.0656168907880783
EquiformerV2 AD with Hessian training,12612,6003,14,0.0272226501256227,0.0641151368618011
EquiformerV2 AD with Hessian training,45834,6004,17,0.0067672063596546,0.0276970900595188
EquiformerV2 AD with Hessian training,7890,6005,11,0.004272261634469,0.0408182553946971
EquiformerV2 AD with Hessian training,41331,6006,17,0.004436741117388,0.0173299852758646
EquiformerV2 AD with Hessian training,39957,6007,16,0.0019404895137995,0.011097589507699
EquiformerV2 AD with Hessian training,13398,6008,11,0.0130040245130658,0.2119792997837066
EquiformerV2 AD with Hessian training,45748,6009,13,0.0221792384982109,0.0810218527913093
EquiformerV2 AD with Hessian training,39037,6010,13,0.0041718687862157,0.015390072017908
EquiformerV2 AD with Hessian training,42720,6011,15,0.0096164867281913,0.0480792559683322
EquiformerV2 AD with Hessian training,23374,6012,10,0.004825328476727,0.1576620489358902
EquiformerV2 AD with Hessian training,49618,6013,12,0.0204627625644207,0.0812510773539543
EquiformerV2 AD with Hessian training,36839,6014,17,0.0284975748509168,0.0799874514341354
EquiformerV2 AD with Hessian training,23605,6015,15,0.0080218883231282,0.0369548387825489
EquiformerV2 AD with Hessian training,41779,6016,15,0.0636815726757049,0.1304668188095092
EquiformerV2 AD with Hessian training,34963,6017,13,0.0198665913194417,0.0514641813933849
EquiformerV2 AD with Hessian training,33185,6018,16,0.0148855336010456,0.0536537431180477
EquiformerV2 AD with Hessian training,26486,6019,11,0.0083636846393346,0.0715845301747322
EquiformerV2 AD with Hessian training,41892,6020,19,0.0058774361386895,0.0193631704896688
EquiformerV2 AD with Hessian training,43320,6021,16,0.002804173156619,0.0122401267290115
EquiformerV2 AD with Hessian training,4883,6022,19,0.0376705564558506,0.0563779883086681
EquiformerV2 AD with Hessian training,9146,6023,13,0.0072009558789432,0.037780899554491
EquiformerV2 AD with Hessian training,27950,6024,13,0.0080483229830861,0.0291679240763187
EquiformerV2 AD with Hessian training,21909,6025,15,0.0133221643045544,0.0396913588047027
EquiformerV2 AD with Hessian training,27236,6026,14,0.0073098456487059,0.0302214957773685
EquiformerV2 AD with Hessian training,22108,6027,13,0.00326304952614,0.0182575434446334
EquiformerV2 AD with Hessian training,47308,6028,10,0.0106037370860576,0.0725464597344398
EquiformerV2 AD with Hessian training,38825,6029,14,0.0053618885576725,0.0207892134785652
EquiformerV2 AD with Hessian training,19484,6030,12,0.0250121094286441,0.0919779241085052
EquiformerV2 AD with Hessian training,43312,6031,17,0.0063546639867126,0.0278568118810653
EquiformerV2 AD with Hessian training,46600,6032,14,0.0025438028387725,0.0217259638011455
EquiformerV2 AD with Hessian training,30287,6033,10,0.0501275956630706,0.284871757030487
EquiformerV2 AD with Hessian training,1486,6034,10,0.0148016912862658,0.0558379366993904
EquiformerV2 AD with Hessian training,49274,6035,15,0.0049316803924739,0.0298018436878919
EquiformerV2 AD with Hessian training,4759,6036,14,0.0653414726257324,0.1026965156197547
EquiformerV2 AD with Hessian training,39764,6037,15,0.018528077751398,0.0738306269049644
EquiformerV2 AD with Hessian training,43776,6038,19,0.0052136424928903,0.0173392761498689
EquiformerV2 AD with Hessian training,47228,6039,13,0.0080683687701821,0.0398756973445415
EquiformerV2 AD with Hessian training,12753,6040,14,0.0089510539546608,0.0506709702312946
EquiformerV2 AD with Hessian training,42374,6041,14,0.0075501259416341,0.0363949798047542
EquiformerV2 AD with Hessian training,25067,6042,14,0.0636240914463996,0.126406192779541
EquiformerV2 AD with Hessian training,18595,6043,14,0.0081192087382078,0.0275908969342708
EquiformerV2 AD with Hessian training,22702,6044,17,0.0204285141080617,0.0586300119757652
EquiformerV2 AD with Hessian training,13615,6045,12,0.0144579745829105,0.0650974065065383
EquiformerV2 AD with Hessian training,47716,6046,11,0.0116113340482115,0.1094775199890136
EquiformerV2 AD with Hessian training,39196,6047,11,0.0161237008869647,0.0643443688750267
EquiformerV2 AD with Hessian training,21285,6048,10,0.0081750573590397,0.0576216280460357
EquiformerV2 AD with Hessian training,50463,6049,19,0.0044937599450349,0.0198823567479848
EquiformerV2 AD with Hessian training,30232,6050,17,0.0118152936920523,0.0255356896668672
EquiformerV2 AD with Hessian training,23643,6051,14,0.0063978312537074,0.0277117639780044
EquiformerV2 AD with Hessian training,18279,6052,15,0.0044376081787049,0.0262372773140668
EquiformerV2 AD with Hessian training,42580,6053,18,0.0044267522171139,0.0208133514970541
EquiformerV2 AD with Hessian training,5110,6054,12,0.0136267412453889,0.0633072555065155
EquiformerV2 AD with Hessian training,3075,6055,14,0.0614106282591819,0.15558423101902
EquiformerV2 AD with Hessian training,42929,6056,14,0.0163168795406818,0.0656652227044105
EquiformerV2 AD with Hessian training,34838,6057,19,0.1603118032217025,0.1155267208814621
EquiformerV2 AD with Hessian training,38130,6058,16,0.0073211952112615,0.0362802110612392
EquiformerV2 AD with Hessian training,47963,6059,11,0.0469066314399242,0.0891564488410949
EquiformerV2 AD with Hessian training,12921,6060,11,0.0089271375909447,0.1604828685522079
EquiformerV2 AD with Hessian training,21625,6061,10,0.0886917188763618,0.1992287933826446
EquiformerV2 AD with Hessian training,37698,6062,9,0.0118486136198043,0.0643389672040939
EquiformerV2 AD with Hessian training,28919,6063,10,0.0222481433302164,0.162532702088356
EquiformerV2 AD with Hessian training,33221,6064,14,0.0035154107026755,0.0222831703722476
EquiformerV2 AD with Hessian training,34043,6065,10,0.0055842264555394,0.0771533623337745
EquiformerV2 AD with Hessian training,22843,6066,19,0.0031656408682465,0.0089476769790053
EquiformerV2 AD with Hessian training,31204,6067,16,0.0113077461719512,0.0363724194467067
EquiformerV2 AD with Hessian training,49496,6068,12,0.0175579227507114,0.0665954872965812
EquiformerV2 AD with Hessian training,25747,6069,13,0.0079639963805675,0.0327585190534591
EquiformerV2 AD with Hessian training,7947,6070,10,0.0260015912353992,0.1305214911699295
EquiformerV2 AD with Hessian training,7207,6071,12,0.0313282310962677,0.0855105221271514
EquiformerV2 AD with Hessian training,27221,6072,19,0.0056608985178172,0.0189800765365362
EquiformerV2 AD with Hessian training,46252,6073,12,0.0052879774011671,0.0291077997535467
EquiformerV2 AD with Hessian training,39278,6074,17,0.0154114793986082,0.0358101725578308
EquiformerV2 AD with Hessian training,24469,6075,12,0.020907362923026,0.0969505459070205
EquiformerV2 AD with Hessian training,9749,6076,17,0.0023152041248977,0.0155617175623774
EquiformerV2 AD with Hessian training,5667,6077,11,0.0475488454103469,0.3002487421035766
EquiformerV2 AD with Hessian training,29892,6078,11,0.0079771969467401,0.2884921729564667
EquiformerV2 AD with Hessian training,7588,6079,12,0.0113371508195996,0.0582139231264591
EquiformerV2 AD with Hessian training,27860,6080,10,0.0058669480495154,0.0506350807845592
EquiformerV2 AD with Hessian training,23808,6081,14,0.0049359747208654,0.0219502113759517
EquiformerV2 AD with Hessian training,31693,6082,8,0.0321922451257705,0.2386367321014404
EquiformerV2 AD with Hessian training,40531,6083,14,0.0210252776741981,0.0578024052083492
EquiformerV2 AD with Hessian training,2979,6084,16,0.0456662401556968,0.0824755206704139
EquiformerV2 AD with Hessian training,25634,6085,17,0.0076950206421315,0.0279467497020959
EquiformerV2 AD with Hessian training,26621,6086,18,0.0244377106428146,0.048486802726984
EquiformerV2 AD with Hessian training,24109,6087,16,0.0113070858642458,0.027149498462677
EquiformerV2 AD with Hessian training,25604,6088,15,0.0029876816552132,0.0295091532170772
EquiformerV2 AD with Hessian training,44277,6089,16,0.0082006771117448,0.0324798487126827
EquiformerV2 AD with Hessian training,47367,6090,12,0.0045259715989232,0.0282497853040695
EquiformerV2 AD with Hessian training,24414,6091,14,0.0187122467905282,0.0443110354244709
EquiformerV2 AD with Hessian training,23124,6092,16,0.003622168675065,0.0133259147405624
EquiformerV2 AD with Hessian training,12306,6093,13,0.0116967782378196,0.0550161972641944
EquiformerV2 AD with Hessian training,5327,6094,11,0.0056617297232151,0.0416181981563568
EquiformerV2 AD with Hessian training,38791,6095,14,0.0188429821282625,0.085367351770401
EquiformerV2 AD with Hessian training,20343,6096,12,0.0044368579983711,0.0275107994675636
EquiformerV2 AD with Hessian training,42817,6097,11,0.0099715227261185,0.1266357600688934
EquiformerV2 AD with Hessian training,36976,6098,11,0.0381220802664756,0.1045386046171188
EquiformerV2 AD with Hessian training,44447,6099,12,0.0072382078506052,0.0362778082489967
EquiformerV2 AD with Hessian training,44853,6100,15,0.0055652810260653,0.0471487380564212
EquiformerV2 AD with Hessian training,2222,6101,15,0.0032649768982082,0.0190368611365556
EquiformerV2 AD with Hessian training,48750,6102,19,0.005945861339569,0.0232559703290462
EquiformerV2 AD with Hessian training,37437,6103,14,0.0038008166011422,0.0192798655480146
EquiformerV2 AD with Hessian training,42079,6104,10,0.0223447922617197,0.0919627770781517
EquiformerV2 AD with Hessian training,31761,6105,13,0.0345526598393917,0.1093024536967277
EquiformerV2 AD with Hessian training,9979,6106,17,0.009140096604824,0.0341430082917213
EquiformerV2 AD with Hessian training,43990,6107,12,0.0196849051862955,0.109314739704132
EquiformerV2 AD with Hessian training,12901,6108,19,0.0036937459371984,0.01305185072124
EquiformerV2 AD with Hessian training,8307,6109,11,0.0133463870733976,0.0734979584813118
EquiformerV2 AD with Hessian training,27631,6110,12,0.0089823212474584,0.0708133652806282
EquiformerV2 AD with Hessian training,21868,6111,8,0.0393159165978431,0.526335597038269
EquiformerV2 AD with Hessian training,30882,6112,8,0.0121973138302564,0.0683358386158943
EquiformerV2 AD with Hessian training,2958,6113,15,0.0083636548370122,0.0242952890694141
EquiformerV2 AD with Hessian training,30978,6114,16,0.003904310055077,0.0208591353148221
EquiformerV2 AD with Hessian training,24095,6115,11,0.0245793368667364,0.19641774892807
EquiformerV2 AD with Hessian training,4749,6116,14,0.0313987173140049,0.1092264875769615
EquiformerV2 AD with Hessian training,26317,6117,15,0.0041995584033429,0.0256636478006839
EquiformerV2 AD with Hessian training,36201,6118,10,0.0253729671239852,0.0912005603313446
EquiformerV2 AD with Hessian training,13424,6119,12,0.0067450902424752,0.0355257503688335
EquiformerV2 AD with Hessian training,34878,6120,10,0.0154216261580586,0.3913383781909942
EquiformerV2 AD with Hessian training,50011,6121,16,0.0035620934795588,0.0166076477617025
EquiformerV2 AD with Hessian training,43613,6122,13,0.0166942123323678,0.0639825165271759
EquiformerV2 AD with Hessian training,42151,6123,12,0.0295279920101165,0.0874036028981208
EquiformerV2 AD with Hessian training,2847,6124,14,0.0186718385666608,0.0675835534930229
EquiformerV2 AD with Hessian training,7733,6125,15,0.0030735484324395,0.0191709045320749
EquiformerV2 AD with Hessian training,38485,6126,8,0.0556748360395431,0.3721213936805725
EquiformerV2 AD with Hessian training,30344,6127,13,0.0086682131513953,0.0400010012090206
EquiformerV2 AD with Hessian training,42910,6128,10,0.0187091343104839,0.325210839509964
EquiformerV2 AD with Hessian training,14503,6129,14,0.0111198965460062,0.0602342523634433
EquiformerV2 AD with Hessian training,10013,6130,12,0.0053625954315066,0.030369671061635
EquiformerV2 AD with Hessian training,42599,6131,14,0.0170266516506671,0.0475919656455516
EquiformerV2 AD with Hessian training,28893,6132,9,0.0418462827801704,0.2258535027503967
EquiformerV2 AD with Hessian training,39216,6133,15,0.0017800950445234,0.0091699641197919
EquiformerV2 AD with Hessian training,9156,6134,15,0.0118777835741639,0.0463215932250022
EquiformerV2 AD with Hessian training,3351,6135,15,0.0043464982882142,0.0237117558717727
EquiformerV2 AD with Hessian training,31342,6136,13,0.0043383026495575,0.0244697071611881
EquiformerV2 AD with Hessian training,23233,6137,14,0.0721370056271553,0.1107221618294715
EquiformerV2 AD with Hessian training,41055,6138,10,0.0245786719024181,0.0857478976249694
EquiformerV2 AD with Hessian training,8000,6139,16,0.0052076349966228,0.0164269935339689
EquiformerV2 AD with Hessian training,48444,6140,14,0.0111998217180371,0.0662324577569961
EquiformerV2 AD with Hessian training,36853,6141,15,0.002797775901854,0.0454904362559318
EquiformerV2 AD with Hessian training,4934,6142,12,0.0046662068925797,0.02946712449193
EquiformerV2 AD with Hessian training,23859,6143,16,0.0059361550956964,0.0324633382260799
EquiformerV2 AD with Hessian training,27660,6144,15,0.0138868456706404,0.0362158790230751
EquiformerV2 AD with Hessian training,7849,6145,11,0.0071126660332083,0.0502264387905597
EquiformerV2 AD with Hessian training,17483,6146,18,0.0054562161676585,0.0212894454598426
EquiformerV2 AD with Hessian training,49877,6147,10,0.0072038979269564,0.2452550679445266
EquiformerV2 AD with Hessian training,35927,6148,13,0.0093665095046162,0.0615140013396739
EquiformerV2 AD with Hessian training,49455,6149,15,0.0156778898090124,0.0402753353118896
EquiformerV2 AD with Hessian training,21668,6150,15,0.0051015098579227,0.0210120603442192
EquiformerV2 AD with Hessian training,12029,6151,12,0.018402436748147,0.0496230907738208
EquiformerV2 AD with Hessian training,29008,6152,6,0.0190007500350475,0.5056147575378418
EquiformerV2 AD with Hessian training,27237,6153,16,0.0085904598236083,0.0391850024461746
EquiformerV2 AD with Hessian training,13311,6154,11,0.0115765137597918,0.0674870982766151
EquiformerV2 AD with Hessian training,33227,6155,13,0.0033265179954469,0.0889638811349868
EquiformerV2 AD with Hessian training,32533,6156,12,0.0384981445968151,0.1245839148759841
EquiformerV2 AD with Hessian training,28366,6157,10,0.0112158581614494,0.2835904061794281
EquiformerV2 AD with Hessian training,39328,6158,8,0.0085589028894901,0.0791640952229499
EquiformerV2 AD with Hessian training,50505,6159,7,0.0121284388005733,0.2644173204898834
EquiformerV2 AD with Hessian training,41773,6160,12,0.0169994067400693,0.0608006231486797
EquiformerV2 AD with Hessian training,48721,6161,12,0.0299756862223148,0.1362315565347671
EquiformerV2 AD with Hessian training,6345,6162,14,0.0076901405118405,0.0412327162921428
EquiformerV2 AD with Hessian training,20501,6163,11,0.0027772437315434,0.0242992490530014
EquiformerV2 AD with Hessian training,29662,6164,16,0.0159855298697948,0.0420436449348926
EquiformerV2 AD with Hessian training,44812,6165,12,0.007760607637465,0.049782957881689
EquiformerV2 AD with Hessian training,31437,6166,16,0.004929116461426,0.029382275417447
EquiformerV2 AD with Hessian training,18455,6167,14,0.007663344964385,0.036411378532648
EquiformerV2 AD with Hessian training,36681,6168,14,0.0068659223616123,0.0327334329485893
EquiformerV2 AD with Hessian training,43230,6169,15,0.0179138034582138,0.0528438910841941
EquiformerV2 AD with Hessian training,761,6170,14,0.0457730554044246,0.0689431726932525
EquiformerV2 AD with Hessian training,11793,6171,15,0.0100850835442543,0.0417913347482681
EquiformerV2 AD with Hessian training,30391,6172,17,0.0028935861773788,0.0150634469464421
EquiformerV2 AD with Hessian training,39047,6173,11,0.0087968725711107,0.0659220144152641
EquiformerV2 AD with Hessian training,15134,6174,12,0.0121683226898312,0.0578715018928051
EquiformerV2 AD with Hessian training,11082,6175,14,0.020130019634962,0.1129293963313102
EquiformerV2 AD with Hessian training,13099,6176,15,0.0063402950763702,0.0319602191448211
EquiformerV2 AD with Hessian training,6910,6177,15,0.0071957847103476,0.0299705397337675
EquiformerV2 AD with Hessian training,32568,6178,16,0.0027052946388721,0.0226251427084207
EquiformerV2 AD with Hessian training,30014,6179,12,0.0073989597149193,0.037664771080017
EquiformerV2 AD with Hessian training,16207,6180,17,0.0069713266566395,0.0351387374103069
EquiformerV2 AD with Hessian training,29999,6181,10,0.0172519758343696,0.1364387273788452
EquiformerV2 AD with Hessian training,40386,6182,13,0.0179355759173631,0.0765907019376754
EquiformerV2 AD with Hessian training,29249,6183,15,0.0087105641141533,0.0384549871087074
EquiformerV2 AD with Hessian training,22303,6184,15,0.0098598441109061,0.0383196808397769
EquiformerV2 AD with Hessian training,44971,6185,12,0.0360545478761196,0.0943983197212219
EquiformerV2 AD with Hessian training,33928,6186,15,0.0511930584907531,0.0957538485527038
EquiformerV2 AD with Hessian training,7747,6187,10,0.01526456233114,0.1569949090480804
EquiformerV2 AD with Hessian training,34661,6188,16,0.0046438965946435,0.0257366765290498
EquiformerV2 AD with Hessian training,10729,6189,16,0.0044336109422147,0.0242949221283197
EquiformerV2 AD with Hessian training,25995,6190,14,0.0064391908235847,0.1634515523910522
EquiformerV2 AD with Hessian training,47129,6191,15,0.0099705886095762,0.0356581173837184
EquiformerV2 AD with Hessian training,47403,6192,14,0.0084574976935982,0.0614143349230289
EquiformerV2 AD with Hessian training,34679,6193,10,0.004598484840244,0.1046934053301811
EquiformerV2 AD with Hessian training,19080,6194,14,0.0152659704908728,0.0750113427639007
EquiformerV2 AD with Hessian training,29112,6195,14,0.0091090556234121,0.0630247965455055
EquiformerV2 AD with Hessian training,21669,6196,19,0.0111887101083993,0.0282655693590641
EquiformerV2 AD with Hessian training,29857,6197,16,0.0152843547984957,0.0583431459963321
EquiformerV2 AD with Hessian training,45463,6198,15,0.0177888683974742,0.0643215179443359
EquiformerV2 AD with Hessian training,31274,6199,10,0.0227318536490201,0.0935271307826042
EquiformerV2 AD with Hessian training,4216,6200,12,0.0465223230421543,0.1403941661119461
EquiformerV2 AD with Hessian training,36565,6201,10,0.0402376465499401,0.1503747999668121
EquiformerV2 AD with Hessian training,1014,6202,14,0.0143808368593454,0.0393063351511955
EquiformerV2 AD with Hessian training,39073,6203,13,0.0040440317243337,0.0331274084746837
EquiformerV2 AD with Hessian training,44570,6204,16,0.0092626111581921,0.0279394648969173
EquiformerV2 AD with Hessian training,14645,6205,12,0.0142499487847089,0.0701119303703308
EquiformerV2 AD with Hessian training,4839,6206,10,0.0149446902796626,0.1391790807247162
EquiformerV2 AD with Hessian training,5176,6207,13,0.0039014602079987,0.018049731850624
EquiformerV2 AD with Hessian training,40290,6208,11,0.0152659257873892,0.1716445684432983
EquiformerV2 AD with Hessian training,26383,6209,14,0.0044501954689621,0.0286369379609823
EquiformerV2 AD with Hessian training,8436,6210,17,0.0100478287786245,0.0367914214730262
EquiformerV2 AD with Hessian training,46355,6211,15,0.0079435585066676,0.0445678830146789
EquiformerV2 AD with Hessian training,44980,6212,17,0.0302028767764568,0.0786605849862098
EquiformerV2 AD with Hessian training,1936,6213,14,0.0068889502435922,0.033733993768692
EquiformerV2 AD with Hessian training,20805,6214,9,0.0305206608027219,0.1620983779430389
EquiformerV2 AD with Hessian training,25520,6215,12,0.0092803388833999,0.0425988882780075
EquiformerV2 AD with Hessian training,34655,6216,18,0.0068207043223083,0.027993269264698
EquiformerV2 AD with Hessian training,43775,6217,15,0.0338692255318164,0.0817990601062774
EquiformerV2 AD with Hessian training,24296,6218,14,0.0109747666865587,0.0618952475488185
EquiformerV2 AD with Hessian training,28347,6219,14,0.0066771237179636,0.060627307742834
EquiformerV2 AD with Hessian training,3680,6220,15,0.0128034651279449,0.072173848748207
EquiformerV2 AD with Hessian training,31773,6221,9,0.0693566724658012,0.4262150824069977
EquiformerV2 AD with Hessian training,13637,6222,12,0.0068232328630983,0.0451471433043479
EquiformerV2 AD with Hessian training,1293,6223,19,0.0399851128458976,0.0548565723001956
EquiformerV2 AD with Hessian training,17491,6224,15,0.0038655083626508,0.0235352609306573
EquiformerV2 AD with Hessian training,12960,6225,14,0.0373001731932163,0.1011958122253418
EquiformerV2 AD with Hessian training,25111,6226,16,0.0108047444373369,0.0315999314188957
EquiformerV2 AD with Hessian training,26230,6227,11,0.0142686478793621,0.0967415198683738
EquiformerV2 AD with Hessian training,41684,6228,15,0.0352880358695983,0.0976345613598823
EquiformerV2 AD with Hessian training,17815,6229,16,0.0031132248695939,0.0229646582156419
EquiformerV2 AD with Hessian training,32982,6230,10,0.3640972375869751,1.3315538167953491
EquiformerV2 AD with Hessian training,22778,6231,11,0.0028263905551284,0.0195703115314245
EquiformerV2 AD with Hessian training,37179,6232,15,0.008945339359343,0.033276442438364
EquiformerV2 AD with Hessian training,32869,6233,11,0.0093618063256144,0.0739611834287643
EquiformerV2 AD with Hessian training,5359,6234,12,0.0153609430417418,0.0772595554590225
EquiformerV2 AD with Hessian training,35650,6235,15,0.0091022411361336,0.0372548960149288
EquiformerV2 AD with Hessian training,18458,6236,11,0.0082531413063406,0.0397702865302562
EquiformerV2 AD with Hessian training,5621,6237,16,0.0075986683368682,0.0305270459502935
EquiformerV2 AD with Hessian training,622,6238,14,0.0169162526726722,0.051747191697359
EquiformerV2 AD with Hessian training,34594,6239,17,0.0063064796850085,0.0254463292658329
EquiformerV2 AD with Hessian training,16660,6240,10,0.0309918913990259,0.1786984354257583
EquiformerV2 AD with Hessian training,1543,6241,15,0.0035166391171514,0.0205074418336153
EquiformerV2 AD with Hessian training,44869,6242,19,0.003601990872994,0.0120220752432942
EquiformerV2 AD with Hessian training,18685,6243,13,0.0045483442954719,0.0241756457835435
EquiformerV2 AD with Hessian training,18035,6244,10,0.0089113116264343,0.0606184601783752
EquiformerV2 AD with Hessian training,40276,6245,14,0.0237711369991302,0.134501039981842
EquiformerV2 AD with Hessian training,5762,6246,17,0.0040410170331597,0.0196755919605493
EquiformerV2 AD with Hessian training,11996,6247,12,0.0078849093988537,0.0379157178103923
EquiformerV2 AD with Hessian training,22026,6248,16,0.0182257741689682,0.0421275310218334
EquiformerV2 AD with Hessian training,4712,6249,17,0.0058122551999986,0.0261092726141214
EquiformerV2 AD with Hessian training,48781,6250,12,0.0030532409437,0.0357071980834007
EquiformerV2 AD with Hessian training,14198,6251,13,0.0134374806657433,0.0421128533780574
EquiformerV2 AD with Hessian training,49718,6252,13,0.0281954575330019,0.0615805089473724
EquiformerV2 AD with Hessian training,48230,6253,11,0.0066367741674184,0.1958893835544586
EquiformerV2 AD with Hessian training,23887,6254,14,0.0096752364188432,0.0458711832761764
EquiformerV2 AD with Hessian training,34525,6255,11,0.0160801596939563,0.226496621966362
EquiformerV2 AD with Hessian training,2127,6256,16,0.0111347390338778,0.0418141148984432
EquiformerV2 AD with Hessian training,29175,6257,14,0.0107427341863513,0.0321409814059734
EquiformerV2 AD with Hessian training,45437,6258,11,0.0037064412608742,0.0338260605931282
EquiformerV2 AD with Hessian training,27762,6259,15,0.0095550939440727,0.0324067361652851
EquiformerV2 AD with Hessian training,41553,6260,14,0.0115876691415905,0.0624677017331123
EquiformerV2 AD with Hessian training,3122,6261,14,0.0033776990603655,0.0178478248417377
EquiformerV2 AD with Hessian training,5796,6262,15,0.0132725164294242,0.0594189725816249
EquiformerV2 AD with Hessian training,17794,6263,14,0.0142851248383522,0.0805209949612617
EquiformerV2 AD with Hessian training,3413,6264,12,0.0723555609583854,0.1359032839536667
EquiformerV2 AD with Hessian training,7162,6265,16,0.0074988766573369,0.0280295684933662
EquiformerV2 AD with Hessian training,22652,6266,8,0.0157870110124349,0.3214588165283203
EquiformerV2 AD with Hessian training,40662,6267,15,0.0120561625808477,0.0503360107541084
EquiformerV2 AD with Hessian training,27913,6268,14,0.0768906325101852,0.1398721188306808
EquiformerV2 AD with Hessian training,33462,6269,11,0.0381408743560314,0.1352654099464416
EquiformerV2 AD with Hessian training,38867,6270,15,0.0058909999206662,0.026320144534111
EquiformerV2 AD with Hessian training,31130,6271,19,0.0117919156327843,0.03069768846035
EquiformerV2 AD with Hessian training,15936,6272,12,0.0055751167237758,0.0428977869451046
EquiformerV2 AD with Hessian training,10637,6273,15,0.0029696796555072,0.0180773399770259
EquiformerV2 AD with Hessian training,9207,6274,13,0.0039063151925802,0.0341012589633464
EquiformerV2 AD with Hessian training,28220,6275,11,0.0082372091710567,0.0449087508022785
EquiformerV2 AD with Hessian training,26217,6276,12,0.0211204085499048,0.0733270496129989
EquiformerV2 AD with Hessian training,39359,6277,16,0.0078296028077602,0.0234650801867246
EquiformerV2 AD with Hessian training,32330,6278,10,0.0325895324349403,0.1266334801912307
EquiformerV2 AD with Hessian training,4679,6279,10,0.0122214080765843,0.2405216544866562
EquiformerV2 AD with Hessian training,48185,6280,16,0.0031323400326073,0.013947769999504
EquiformerV2 AD with Hessian training,45942,6281,14,0.0166167840361595,0.0798465982079505
EquiformerV2 AD with Hessian training,14064,6282,16,0.0079139173030853,0.0383073762059211
EquiformerV2 AD with Hessian training,8867,6283,12,0.0068151545710861,0.0369273051619529
EquiformerV2 AD with Hessian training,41297,6284,12,0.0096692936494946,0.0697772875428199
EquiformerV2 AD with Hessian training,4951,6285,11,0.0354005582630634,0.1178203523159027
EquiformerV2 AD with Hessian training,9770,6286,14,0.0098624313250184,0.0593385435640811
EquiformerV2 AD with Hessian training,17084,6287,12,0.0131003903225064,0.0650112032890319
EquiformerV2 AD with Hessian training,10032,6288,15,0.0061970683746039,0.0274859014898538
EquiformerV2 AD with Hessian training,7326,6289,14,0.0142165794968605,0.0669035986065864
EquiformerV2 AD with Hessian training,13377,6290,10,0.0312221981585025,0.1773978173732757
EquiformerV2 AD with Hessian training,50196,6291,18,0.0198337212204933,0.0520933233201503
EquiformerV2 AD with Hessian training,27129,6292,12,0.0533736385405063,0.2240415513515472
EquiformerV2 AD with Hessian training,44588,6293,12,0.0515695735812187,0.1990107744932174
EquiformerV2 AD with Hessian training,16694,6294,18,0.0019241385161876,0.010348493233323
EquiformerV2 AD with Hessian training,3626,6295,18,0.0126546956598758,0.042031280696392
EquiformerV2 AD with Hessian training,35499,6296,17,0.0038864435628056,0.0191303566098213
EquiformerV2 AD with Hessian training,8117,6297,12,0.0202158745378255,0.0904305577278137
EquiformerV2 AD with Hessian training,22962,6298,19,0.0068785161711275,0.0313307493925094
EquiformerV2 AD with Hessian training,41136,6299,10,0.0238869246095418,0.2243756502866745
EquiformerV2 AD with Hessian training,47704,6300,16,0.0037469277158379,0.0259510539472103
EquiformerV2 AD with Hessian training,48108,6301,12,0.0052506197243928,0.0289278831332921
EquiformerV2 AD with Hessian training,2243,6302,10,0.0349819920957088,0.1196916624903678
EquiformerV2 AD with Hessian training,5812,6303,12,0.0107504278421401,0.0471314638853073
EquiformerV2 AD with Hessian training,14919,6304,12,0.0103489719331264,0.0549536645412445
EquiformerV2 AD with Hessian training,30623,6305,14,0.0088582625612616,0.0341289043426513
EquiformerV2 AD with Hessian training,15629,6306,17,0.0298670139163732,0.0461736917495727
EquiformerV2 AD with Hessian training,13887,6307,19,0.0039791967719793,0.0135776195675134
EquiformerV2 AD with Hessian training,17399,6308,16,0.0038967186119407,0.0247742738574743
EquiformerV2 AD with Hessian training,6420,6309,16,0.0092068091034889,0.0355680659413337
EquiformerV2 AD with Hessian training,3063,6310,15,0.0058724763803184,0.03474573045969
EquiformerV2 AD with Hessian training,3031,6311,12,0.0122889634221792,0.1162113770842552
EquiformerV2 AD with Hessian training,16808,6312,15,0.012556105852127,0.0430676341056823
EquiformerV2 AD with Hessian training,39357,6313,19,0.0019588805735111,0.0137952202931046
EquiformerV2 AD with Hessian training,27803,6314,13,0.0097356932237744,0.0412149168550968
EquiformerV2 AD with Hessian training,28393,6315,14,0.0058111282996833,0.0528082475066185
EquiformerV2 AD with Hessian training,49133,6316,16,0.0099892541766166,0.0382055230438709
EquiformerV2 AD with Hessian training,29719,6317,16,0.0169603284448385,0.0486802421510219
EquiformerV2 AD with Hessian training,1248,6318,15,0.0147291542962193,0.0899084955453872
EquiformerV2 AD with Hessian training,5715,6319,12,0.0067179263569414,0.0451037585735321
EquiformerV2 AD with Hessian training,19122,6320,14,0.0152145940810441,0.08346489071846
EquiformerV2 AD with Hessian training,23090,6321,15,0.0134284244850277,0.0488560907542705
EquiformerV2 AD with Hessian training,48384,6322,11,0.0060556647367775,0.1628000736236572
EquiformerV2 AD with Hessian training,11383,6323,13,0.0182235315442085,0.0596378110349178
EquiformerV2 AD with Hessian training,39527,6324,19,0.002821359783411,0.0119762662798166
EquiformerV2 AD with Hessian training,35400,6325,14,0.0054187015630304,0.0232950635254383
EquiformerV2 AD with Hessian training,24237,6326,11,0.0116033321246504,0.1246354952454567
EquiformerV2 AD with Hessian training,11549,6327,14,0.0115132527425885,0.0415884666144847
EquiformerV2 AD with Hessian training,48552,6328,16,0.0031153643503785,0.0132720489054918
EquiformerV2 AD with Hessian training,29156,6329,11,0.0075403917580842,0.0844164937734603
EquiformerV2 AD with Hessian training,39585,6330,13,0.0516764372587204,0.1346769779920578
EquiformerV2 AD with Hessian training,37319,6331,16,0.0048025026917457,0.0223403647541999
EquiformerV2 AD with Hessian training,50687,6332,16,0.0024969615042209,0.0226052571088075
EquiformerV2 AD with Hessian training,15618,6333,19,0.0420472994446754,0.0588203705847263
EquiformerV2 AD with Hessian training,44574,6334,14,0.0171881895512342,0.0923752933740615
EquiformerV2 AD with Hessian training,16108,6335,11,0.0089620370417833,0.0446197055280208
EquiformerV2 AD with Hessian training,32626,6336,13,0.010988637804985,0.0401493608951568
EquiformerV2 AD with Hessian training,498,6337,16,0.0240897946059703,0.0636354088783264
EquiformerV2 AD with Hessian training,29923,6338,12,0.0070895967073738,0.0394381172955036
EquiformerV2 AD with Hessian training,10075,6339,11,0.0080984598025679,0.2171628624200821
EquiformerV2 AD with Hessian training,12605,6340,11,0.0436222143471241,0.2900381088256836
EquiformerV2 AD with Hessian training,47975,6341,8,0.0397323332726955,0.527557373046875
EquiformerV2 AD with Hessian training,46260,6342,16,0.014762183651328,0.0419220365583896
EquiformerV2 AD with Hessian training,27851,6343,19,0.0022350267972797,0.0106412060558795
EquiformerV2 AD with Hessian training,31897,6344,16,0.0034642089158296,0.015330284833908
EquiformerV2 AD with Hessian training,29747,6345,13,0.0086885122582316,0.0886899977922439
EquiformerV2 AD with Hessian training,47499,6346,13,0.0256003271788358,0.0547685399651527
EquiformerV2 AD with Hessian training,4149,6347,16,0.0310698002576828,0.0585102774202823
EquiformerV2 AD with Hessian training,16144,6348,15,0.0023920973762869,0.0160562843084335
EquiformerV2 AD with Hessian training,33869,6349,17,0.0062165879644453,0.0161198433488607
EquiformerV2 AD with Hessian training,20375,6350,11,0.0354465954005718,0.1618194431066513
EquiformerV2 AD with Hessian training,40879,6351,12,0.012002719566226,0.0633846521377563
EquiformerV2 AD with Hessian training,24336,6352,18,0.0037820835132151,0.0143012413755059
EquiformerV2 AD with Hessian training,31396,6353,12,0.016584662720561,0.0721897035837173
EquiformerV2 AD with Hessian training,27840,6354,15,0.0146300243213772,0.0374489836394786
EquiformerV2 AD with Hessian training,23490,6355,16,0.0255001168698072,0.0872191116213798
EquiformerV2 AD with Hessian training,26200,6356,17,0.0381389968097209,0.0612590461969375
EquiformerV2 AD with Hessian training,38963,6357,14,0.0062535661272704,0.0349787659943103
EquiformerV2 AD with Hessian training,6350,6358,11,0.0086047537624835,0.0468401685357093
EquiformerV2 AD with Hessian training,12225,6359,14,0.0026135835796594,0.0181222092360258
EquiformerV2 AD with Hessian training,19170,6360,13,0.0586533062160015,0.1012904345989227
EquiformerV2 AD with Hessian training,37970,6361,16,0.0126801533624529,0.0481267981231212
EquiformerV2 AD with Hessian training,30586,6362,14,0.0075997491367161,0.0564457289874553
EquiformerV2 AD with Hessian training,7322,6363,17,0.0114615596830844,0.0365857295691967
EquiformerV2 AD with Hessian training,42015,6364,16,0.0030884637963026,0.0128932613879442
EquiformerV2 AD with Hessian training,14181,6365,9,0.0121493712067604,0.0662676468491554
EquiformerV2 AD with Hessian training,42281,6366,16,0.0154390316456556,0.0630779266357421
EquiformerV2 AD with Hessian training,21921,6367,12,0.01016984321177,0.0586664900183677
EquiformerV2 AD with Hessian training,13931,6368,15,0.0086743645370006,0.0360385552048683
EquiformerV2 AD with Hessian training,12170,6369,14,0.0062004341743886,0.0426672883331775
EquiformerV2 AD with Hessian training,41698,6370,16,0.0038480048533529,0.0193634033203125
EquiformerV2 AD with Hessian training,3940,6371,10,0.0056312950327992,0.0352178812026977
EquiformerV2 AD with Hessian training,48008,6372,15,0.0043808724731206,0.0217747706919908
EquiformerV2 AD with Hessian training,47681,6373,16,0.0050209234468638,0.0208879690617322
EquiformerV2 AD with Hessian training,23838,6374,11,0.0155800441280007,0.0668936148285865
EquiformerV2 AD with Hessian training,39587,6375,14,0.0136361503973603,0.0574604012072086
EquiformerV2 AD with Hessian training,29395,6376,13,0.0125625291839241,0.0337786860764026
EquiformerV2 AD with Hessian training,4718,6377,13,0.0024976031854748,0.0112798856571316
EquiformerV2 AD with Hessian training,38904,6378,15,0.018329968675971,0.0562372580170631
EquiformerV2 AD with Hessian training,30194,6379,16,0.0043538310565054,0.0241341330111026
EquiformerV2 AD with Hessian training,20242,6380,17,0.0305092260241508,0.0690072551369667
EquiformerV2 AD with Hessian training,34688,6381,16,0.0062484159134328,0.0352060571312904
EquiformerV2 AD with Hessian training,37129,6382,13,0.0113335866481065,0.0499383471906185
EquiformerV2 AD with Hessian training,22756,6383,12,0.0071215480566024,0.0371590591967105
EquiformerV2 AD with Hessian training,39487,6384,16,0.0039817998185753,0.0194524191319942
EquiformerV2 AD with Hessian training,14731,6385,16,0.0062923049554228,0.0330976732075214
EquiformerV2 AD with Hessian training,38131,6386,13,0.0093003446236252,0.1300007998943328
EquiformerV2 AD with Hessian training,11354,6387,12,0.0148767698556184,0.0771605670452117
EquiformerV2 AD with Hessian training,32053,6388,17,0.0117034800350666,0.0331227295100688
EquiformerV2 AD with Hessian training,15748,6389,14,0.0130790034309029,0.0464795231819152
EquiformerV2 AD with Hessian training,21735,6390,16,0.0134738087654113,0.0408099442720413
EquiformerV2 AD with Hessian training,38013,6391,16,0.010877413675189,0.0326767973601818
EquiformerV2 AD with Hessian training,24690,6392,11,0.0244640298187732,0.1228586658835411
EquiformerV2 AD with Hessian training,6257,6393,16,0.0121290488168597,0.0417890287935733
EquiformerV2 AD with Hessian training,10390,6394,19,0.0104154795408248,0.0350850336253643
EquiformerV2 AD with Hessian training,14569,6395,13,0.0211380943655967,0.1068073958158493
EquiformerV2 AD with Hessian training,8304,6396,10,0.0825976282358169,0.2908002436161041
EquiformerV2 AD with Hessian training,48360,6397,11,0.0075849629938602,0.0531513132154941
EquiformerV2 AD with Hessian training,46402,6398,16,0.0090218279510736,0.0350366383790969
EquiformerV2 AD with Hessian training,44590,6399,11,0.0861078947782516,0.2050047367811203
EquiformerV2 AD with Hessian training,30210,6400,13,0.0080270832404494,0.0347197093069553
EquiformerV2 AD with Hessian training,8235,6401,14,0.0059224390424788,0.053847249597311
EquiformerV2 AD with Hessian training,5251,6402,18,0.0051714447326958,0.0236285701394081
EquiformerV2 AD with Hessian training,16227,6403,12,0.0075451591983437,0.0453609749674797
EquiformerV2 AD with Hessian training,14105,6404,13,0.0279686022549867,0.0751247480511665
EquiformerV2 AD with Hessian training,44304,6405,5,0.0466372743248939,0.6757352948188782
EquiformerV2 AD with Hessian training,20157,6406,18,0.0152433961629867,0.034218817949295
EquiformerV2 AD with Hessian training,23410,6407,19,0.0035354634746909,0.0110017489641904
EquiformerV2 AD with Hessian training,41869,6408,11,0.0133347511291503,0.1016208678483963
EquiformerV2 AD with Hessian training,26516,6409,12,0.0047911587171256,0.0297580864280462
EquiformerV2 AD with Hessian training,41388,6410,14,0.014523696154356,0.0601077526807785
EquiformerV2 AD with Hessian training,12727,6411,16,0.0068633365444839,0.035076443105936
EquiformerV2 AD with Hessian training,26162,6412,15,0.0279667545109987,0.0534306913614273
EquiformerV2 AD with Hessian training,31488,6413,17,0.0119876144453883,0.0338377095758914
EquiformerV2 AD with Hessian training,15260,6414,11,0.0201384648680686,0.110793225467205
EquiformerV2 AD with Hessian training,24913,6415,11,0.0260891560465097,0.0812897831201553
EquiformerV2 AD with Hessian training,33156,6416,15,0.0419002063572406,0.0945920273661613
EquiformerV2 AD with Hessian training,4918,6417,17,0.0173425264656543,0.0550541691482067
EquiformerV2 AD with Hessian training,40125,6418,13,0.0152079537510871,0.0672297105193138
EquiformerV2 AD with Hessian training,27776,6419,11,0.0305404271930456,0.1010317653417587
EquiformerV2 AD with Hessian training,20912,6420,12,0.0178710892796516,0.0732279270887374
EquiformerV2 AD with Hessian training,50070,6421,13,0.01956089399755,0.0646933242678642
EquiformerV2 AD with Hessian training,42168,6422,10,0.0072618350386619,0.4444244503974914
EquiformerV2 AD with Hessian training,38558,6423,19,0.0023503513075411,0.0106411948800086
EquiformerV2 AD with Hessian training,50264,6424,14,0.0082122283056378,0.0511997789144516
EquiformerV2 AD with Hessian training,6212,6425,17,0.0243375543504953,0.0361038409173488
EquiformerV2 AD with Hessian training,49423,6426,13,0.0187774803489446,0.0605478323996067
EquiformerV2 AD with Hessian training,13237,6427,11,0.0126598495990037,0.0761073678731918
EquiformerV2 AD with Hessian training,43402,6428,15,0.0058682602830231,0.02380346134305
EquiformerV2 AD with Hessian training,11239,6429,15,0.0075849681161344,0.034800935536623
EquiformerV2 AD with Hessian training,31490,6430,11,0.0270256828516721,0.0830563902854919
EquiformerV2 AD with Hessian training,23206,6431,13,0.0048117972910404,0.0359535701572895
EquiformerV2 AD with Hessian training,16496,6432,12,0.0590098574757576,0.1671577543020248
EquiformerV2 AD with Hessian training,33668,6433,16,0.0026817661710083,0.0115586966276168
EquiformerV2 AD with Hessian training,35849,6434,15,0.038301408290863,0.0756871551275253
EquiformerV2 AD with Hessian training,25114,6435,15,0.01229228079319,0.0348912961781024
EquiformerV2 AD with Hessian training,36269,6436,14,0.0092602651566267,0.0343895703554153
EquiformerV2 AD with Hessian training,23316,6437,17,0.0042793522588908,0.0177741572260856
EquiformerV2 AD with Hessian training,12743,6438,11,0.0105690667405724,0.0721521973609924
EquiformerV2 AD with Hessian training,48115,6439,17,0.0026336559094488,0.0154513465240597
EquiformerV2 AD with Hessian training,42721,6440,15,0.0073448843322694,0.0268012303858995
EquiformerV2 AD with Hessian training,18637,6441,14,0.0113942604511976,0.0670845434069633
EquiformerV2 AD with Hessian training,27983,6442,9,0.0115884849801659,0.3436721265316009
EquiformerV2 AD with Hessian training,3037,6443,17,0.0093016419559717,0.0290708448737859
EquiformerV2 AD with Hessian training,28780,6444,10,0.0202688407152891,0.3636858463287353
EquiformerV2 AD with Hessian training,8830,6445,13,0.0072492421604692,0.0381296351552009
EquiformerV2 AD with Hessian training,28434,6446,17,0.0132854115217924,0.0287069026380777
EquiformerV2 AD with Hessian training,42507,6447,11,0.0214829631149768,0.0945564731955528
EquiformerV2 AD with Hessian training,43970,6448,11,0.0393045805394649,0.1387466490268707
EquiformerV2 AD with Hessian training,47928,6449,16,0.0080063790082931,0.0264764372259378
EquiformerV2 AD with Hessian training,16141,6450,12,0.0047410363331437,0.03771598264575
EquiformerV2 AD with Hessian training,39482,6451,16,0.0209422260522842,0.0527907609939575
EquiformerV2 AD with Hessian training,47041,6452,16,0.0197482407093048,0.0339527614414691
EquiformerV2 AD with Hessian training,8993,6453,15,0.0180710013955831,0.077851302921772
EquiformerV2 AD with Hessian training,34177,6454,16,0.0158878788352012,0.0420449450612068
EquiformerV2 AD with Hessian training,10383,6455,15,0.0094936480745673,0.0288690216839313
EquiformerV2 AD with Hessian training,14991,6456,16,0.0031531173735857,0.0129649573937058
EquiformerV2 AD with Hessian training,19760,6457,12,0.0100936191156506,0.0673246011137962
EquiformerV2 AD with Hessian training,31813,6458,17,0.0033785456325858,0.0165004301816225
EquiformerV2 AD with Hessian training,31834,6459,16,0.0085041467100381,0.0371613651514053
EquiformerV2 AD with Hessian training,29316,6460,8,0.0056278705596923,0.0456407330930233
EquiformerV2 AD with Hessian training,12255,6461,16,0.0126421703025698,0.0583745315670967
EquiformerV2 AD with Hessian training,45811,6462,13,0.0134439254179596,0.0605385899543762
EquiformerV2 AD with Hessian training,17052,6463,11,0.0194255039095878,0.1693778783082962
EquiformerV2 AD with Hessian training,27917,6464,9,0.0282253269106149,0.2533956170082092
EquiformerV2 AD with Hessian training,27214,6465,12,0.0034332307986915,0.0335272140800952
EquiformerV2 AD with Hessian training,24330,6466,11,0.0096264379099011,0.0525385066866874
EquiformerV2 AD with Hessian training,7572,6467,12,0.0378264635801315,0.1295789331197738
EquiformerV2 AD with Hessian training,25769,6468,14,0.0044963234104216,0.0202600955963134
EquiformerV2 AD with Hessian training,30671,6469,17,0.0035443943925201,0.0136302635073661
EquiformerV2 AD with Hessian training,32464,6470,11,0.0068964515812695,0.0479916036128997
EquiformerV2 AD with Hessian training,35850,6471,14,0.005923462100327,0.1261549741029739
EquiformerV2 AD with Hessian training,34010,6472,10,0.0068827834911644,0.087677463889122
EquiformerV2 AD with Hessian training,30360,6473,9,0.0132270790636539,0.0559984892606735
EquiformerV2 AD with Hessian training,36019,6474,8,0.0387327820062637,0.5200566053390503
EquiformerV2 AD with Hessian training,3006,6475,9,0.0202320013195276,0.4525917470455169
EquiformerV2 AD with Hessian training,46371,6476,10,0.0268797501921653,0.1669414639472961
EquiformerV2 AD with Hessian training,8713,6477,13,0.0058158035390079,0.0311100855469703
EquiformerV2 AD with Hessian training,10134,6478,12,0.0292125139385461,0.074509859085083
EquiformerV2 AD with Hessian training,28537,6479,15,0.0049901683814823,0.0310429874807596
EquiformerV2 AD with Hessian training,7214,6480,16,0.0121605275198817,0.0417392179369926
EquiformerV2 AD with Hessian training,43113,6481,13,0.0428817383944988,0.1204298511147499
EquiformerV2 AD with Hessian training,43231,6482,17,0.0095481071621179,0.0302303358912467
EquiformerV2 AD with Hessian training,19821,6483,17,0.0022971057333052,0.011854232288897
EquiformerV2 AD with Hessian training,42582,6484,16,0.0068362765014171,0.0310683194547891
EquiformerV2 AD with Hessian training,36227,6485,10,0.0096834609284996,0.0683862939476966
EquiformerV2 AD with Hessian training,45429,6486,11,0.0043831490911543,0.0308644343167543
EquiformerV2 AD with Hessian training,39259,6487,14,0.0026498278602957,0.0158324558287858
EquiformerV2 AD with Hessian training,25270,6488,19,0.002819595625624,0.0123013360425829
EquiformerV2 AD with Hessian training,42081,6489,10,0.0237872414290905,0.1835493445396423
EquiformerV2 AD with Hessian training,40952,6490,21,0.0066898725926876,0.0149764399975538
EquiformerV2 AD with Hessian training,20333,6491,13,0.0179143119603395,0.0477934330701828
EquiformerV2 AD with Hessian training,7053,6492,14,0.0036730833817273,0.0274759735912084
EquiformerV2 AD with Hessian training,18598,6493,19,0.0077230986207723,0.0259557608515024
EquiformerV2 AD with Hessian training,9790,6494,13,0.025679338723421,0.0708930715918541
EquiformerV2 AD with Hessian training,32664,6495,17,0.0119703775271773,0.0278895050287246
EquiformerV2 AD with Hessian training,44513,6496,15,0.0129166645929217,0.0351166129112243
EquiformerV2 AD with Hessian training,45708,6497,15,0.0042575686238706,0.0227236896753311
EquiformerV2 AD with Hessian training,39177,6498,10,0.0155963487923145,0.127332404255867
EquiformerV2 AD with Hessian training,27743,6499,13,0.0208230502903461,0.0647902861237526
EquiformerV2 AD with Hessian training,7891,6500,17,0.003593354485929,0.0163397043943405
EquiformerV2 AD with Hessian training,38480,6501,13,0.00578337861225,0.0317781344056129
EquiformerV2 AD with Hessian training,12172,6502,14,0.0401783809065818,0.1392443031072616
EquiformerV2 AD with Hessian training,44530,6503,11,0.008356275036931,0.0872683078050613
EquiformerV2 AD with Hessian training,39672,6504,13,0.0141952438279986,0.0677075758576393
EquiformerV2 AD with Hessian training,12154,6505,18,0.0029069853480905,0.0117309996858239
EquiformerV2 AD with Hessian training,24135,6506,19,0.0221780929714441,0.0423452742397785
EquiformerV2 AD with Hessian training,47375,6507,17,0.0029489886946976,0.0223292671144008
EquiformerV2 AD with Hessian training,17960,6508,13,0.003472666721791,0.0312759056687355
EquiformerV2 AD with Hessian training,29708,6509,18,0.004626675043255,0.0150895873084664
EquiformerV2 AD with Hessian training,907,6510,14,0.0128702977672219,0.0519348718225955
EquiformerV2 AD with Hessian training,19550,6511,13,0.0057904436253011,0.0405274406075477
EquiformerV2 AD with Hessian training,23933,6512,14,0.0150447692722082,0.0643166974186897
EquiformerV2 AD with Hessian training,4419,6513,15,0.0616544932126998,0.1498534828424453
EquiformerV2 AD with Hessian training,50540,6514,15,0.0070120245218276,0.0259278118610382
EquiformerV2 AD with Hessian training,49471,6515,18,0.0061288163997232,0.0228421408683061
EquiformerV2 AD with Hessian training,28512,6516,14,0.0080646388232707,0.034858364611864
EquiformerV2 AD with Hessian training,37997,6517,16,0.0071862367913126,0.0341298133134841
EquiformerV2 AD with Hessian training,24154,6518,14,0.0065389527007937,0.0354233309626579
EquiformerV2 AD with Hessian training,18566,6519,14,0.0071776467375457,0.0345002338290214
EquiformerV2 AD with Hessian training,12134,6520,10,0.0249472800642251,0.2032195776700973
EquiformerV2 AD with Hessian training,33549,6521,9,0.0273636542260646,0.3339633643627167
EquiformerV2 AD with Hessian training,15674,6522,12,0.0100836791098117,0.046005580574274
EquiformerV2 AD with Hessian training,22713,6523,13,0.0329643711447715,0.0760112330317497
EquiformerV2 AD with Hessian training,42992,6524,16,0.0082069700583815,0.0363141037523746
EquiformerV2 AD with Hessian training,42254,6525,17,0.0072293747216463,0.0188318528234958
EquiformerV2 AD with Hessian training,26278,6526,18,0.0065676257945597,0.0246444847434759
EquiformerV2 AD with Hessian training,27945,6527,17,0.0090863099321722,0.0341909937560558
EquiformerV2 AD with Hessian training,34092,6528,16,0.0064514018595218,0.0227446816861629
EquiformerV2 AD with Hessian training,31200,6529,16,0.0023314054124057,0.0125645939260721
EquiformerV2 AD with Hessian training,7154,6530,14,0.0125927273184061,0.0571123473346233
EquiformerV2 AD with Hessian training,21792,6531,14,0.0168590266257524,0.0451158806681633
EquiformerV2 AD with Hessian training,730,6532,15,0.0066395299509167,0.0493444241583347
EquiformerV2 AD with Hessian training,9981,6533,17,0.0100559731945395,0.0461343191564083
EquiformerV2 AD with Hessian training,2270,6534,14,0.0103867091238498,0.0404786579310894
EquiformerV2 AD with Hessian training,8362,6535,11,0.0043955561704933,0.0362225286662578
EquiformerV2 AD with Hessian training,4072,6536,13,0.0221791714429855,0.076605275273323
EquiformerV2 AD with Hessian training,18177,6537,19,0.0050542489625513,0.0200515799224376
EquiformerV2 AD with Hessian training,6001,6538,13,0.0080156084150075,0.0907323360443115
EquiformerV2 AD with Hessian training,49975,6539,11,0.022288043051958,0.2926168143749237
EquiformerV2 AD with Hessian training,7031,6540,16,0.0076182028278708,0.0248174238950014
EquiformerV2 AD with Hessian training,25475,6541,13,0.0127350119873881,0.0545342937111854
EquiformerV2 AD with Hessian training,25028,6542,17,0.0103513859212398,0.0334072299301624
EquiformerV2 AD with Hessian training,46176,6543,17,0.0046870410442352,0.0187943372875452
EquiformerV2 AD with Hessian training,15719,6544,10,0.0122061856091022,0.0649513602256774
EquiformerV2 AD with Hessian training,36360,6545,8,0.0319655910134315,0.1624450385570526
EquiformerV2 AD with Hessian training,6224,6546,10,0.0041066748090088,0.0271941218525171
EquiformerV2 AD with Hessian training,34124,6547,18,0.0154503053054213,0.0338111594319343
EquiformerV2 AD with Hessian training,28004,6548,11,0.0122944600880146,0.0695247799158096
EquiformerV2 AD with Hessian training,9198,6549,15,0.0105431834235787,0.0515551306307315
EquiformerV2 AD with Hessian training,47072,6550,19,0.0028820524457842,0.0129788545891642
EquiformerV2 AD with Hessian training,44891,6551,9,0.0314940884709358,0.1617643684148788
EquiformerV2 AD with Hessian training,42279,6552,12,0.0058660837821662,0.0409166477620601
EquiformerV2 AD with Hessian training,30996,6553,12,0.0071825170889496,0.0568561926484108
EquiformerV2 AD with Hessian training,26378,6554,12,0.0253013521432876,0.0828274860978126
EquiformerV2 AD with Hessian training,25029,6555,16,0.0083785718306899,0.0279884580522775
EquiformerV2 AD with Hessian training,35662,6556,10,0.0070652035064995,0.4375023245811462
EquiformerV2 AD with Hessian training,38970,6557,11,0.0166076384484767,0.1152435839176178
EquiformerV2 AD with Hessian training,19780,6558,17,0.0253976751118898,0.0663884356617927
EquiformerV2 AD with Hessian training,45195,6559,15,0.002364148851484,0.0219751726835966
EquiformerV2 AD with Hessian training,33617,6560,17,0.0030114189721643,0.0139457350596785
EquiformerV2 AD with Hessian training,47203,6561,19,0.0041890786960721,0.0122100301086902
EquiformerV2 AD with Hessian training,19444,6562,14,0.0034044496715068,0.0293524917215108
EquiformerV2 AD with Hessian training,38029,6563,16,0.0077445521019399,0.0301742628216743
EquiformerV2 AD with Hessian training,40165,6564,17,0.0173613298684358,0.0587283112108707
EquiformerV2 AD with Hessian training,19175,6565,11,0.0168818887323141,0.0935718566179275
EquiformerV2 AD with Hessian training,21346,6566,15,0.0145893692970275,0.0571737103164196
EquiformerV2 AD with Hessian training,28023,6567,16,0.0595328137278556,0.0828058421611785
EquiformerV2 AD with Hessian training,11138,6568,13,0.0262635853141546,0.0952079221606254
EquiformerV2 AD with Hessian training,39939,6569,15,0.0117074251174926,0.0508025400340557
EquiformerV2 AD with Hessian training,30448,6570,14,0.0090707382187247,0.0427140034735202
EquiformerV2 AD with Hessian training,15715,6571,15,0.0185333713889122,0.0460532866418361
EquiformerV2 AD with Hessian training,5331,6572,13,0.0041947360150516,0.023702435195446
EquiformerV2 AD with Hessian training,6453,6573,13,0.0030966119375079,0.0305032692849636
EquiformerV2 AD with Hessian training,18159,6574,16,0.0025156065821647,0.0136261349543929
EquiformerV2 AD with Hessian training,33760,6575,14,0.0598733536899089,0.1338000148534774
EquiformerV2 AD with Hessian training,44958,6576,16,0.0157555229961872,0.03124894015491
EquiformerV2 AD with Hessian training,21172,6577,11,0.0048810779117047,0.0390236042439937
EquiformerV2 AD with Hessian training,15989,6578,10,0.020441735163331,0.0848094895482063
EquiformerV2 AD with Hessian training,37435,6579,13,0.0414136238396167,0.1268784552812576
EquiformerV2 AD with Hessian training,4833,6580,20,0.0049554235301911,0.0174036752432584
EquiformerV2 AD with Hessian training,49405,6581,14,0.0062759518623352,0.0306981559842824
EquiformerV2 AD with Hessian training,41245,6582,6,0.0227479897439479,0.6467535495758057
EquiformerV2 AD with Hessian training,6262,6583,7,0.0112223532050848,0.3118782639503479
EquiformerV2 AD with Hessian training,35447,6584,11,0.0071606812998652,0.0488822571933269
EquiformerV2 AD with Hessian training,38977,6585,14,0.0098393606022,0.0240703430026769
EquiformerV2 AD with Hessian training,32118,6586,13,0.0176757201552391,0.0790496096014976
EquiformerV2 AD with Hessian training,12433,6587,14,0.0052679162472486,0.0343935005366802
EquiformerV2 AD with Hessian training,10623,6588,17,0.0126782674342393,0.0345014631748199
EquiformerV2 AD with Hessian training,40926,6589,14,0.0031587718985974,0.0197661723941564
EquiformerV2 AD with Hessian training,19089,6590,13,0.0210778284817934,0.0711485743522644
EquiformerV2 AD with Hessian training,36503,6591,16,0.007381313946098,0.0201094709336757
EquiformerV2 AD with Hessian training,42628,6592,11,0.0231073629111051,0.1053681075572967
EquiformerV2 AD with Hessian training,352,6593,9,0.0084278946742415,0.1186285242438316
EquiformerV2 AD with Hessian training,40958,6594,12,0.040004838258028,0.1273898333311081
EquiformerV2 AD with Hessian training,5537,6595,13,0.0034575096797198,0.0411160737276077
EquiformerV2 AD with Hessian training,2588,6596,12,0.0317682176828384,0.0963083654642105
EquiformerV2 AD with Hessian training,34000,6597,14,0.0158188734203577,0.0509835854172706
EquiformerV2 AD with Hessian training,25366,6598,17,0.0124752121046185,0.0378102213144302
EquiformerV2 AD with Hessian training,38383,6599,17,0.0077871889807283,0.0238585993647575
EquiformerV2 AD with Hessian training,12394,6600,13,0.0082922652363777,0.0408238545060157
EquiformerV2 AD with Hessian training,49637,6601,16,0.013586763292551,0.0649013072252273
EquiformerV2 AD with Hessian training,25391,6602,17,0.0044758901931345,0.0168134104460477
EquiformerV2 AD with Hessian training,26376,6603,19,0.0236084349453449,0.0516887865960598
EquiformerV2 AD with Hessian training,21974,6604,13,0.0341701246798038,0.1234805434942245
EquiformerV2 AD with Hessian training,46740,6605,14,0.0092059858143329,0.0623437091708183
EquiformerV2 AD with Hessian training,46722,6606,15,0.021537872031331,0.05221514031291
EquiformerV2 AD with Hessian training,36354,6607,15,0.0037780222482979,0.0177182015031576
EquiformerV2 AD with Hessian training,10014,6608,13,0.0085564823821187,0.0556660704314708
EquiformerV2 AD with Hessian training,48335,6609,12,0.0158932078629732,0.0683386176824569
EquiformerV2 AD with Hessian training,20883,6610,12,0.0158337410539388,0.0937410518527031
EquiformerV2 AD with Hessian training,809,6611,14,0.0086221992969512,0.0352174192667007
EquiformerV2 AD with Hessian training,20715,6612,16,0.0308932866901159,0.0997072979807853
EquiformerV2 AD with Hessian training,24082,6613,14,0.0064530693925917,0.0350649133324623
EquiformerV2 AD with Hessian training,27056,6614,16,0.0119986981153488,0.0344998128712177
EquiformerV2 AD with Hessian training,27926,6615,10,0.0130280684679746,0.1351315081119537
EquiformerV2 AD with Hessian training,17041,6616,14,0.0049234684556722,0.0273267123848199
EquiformerV2 AD with Hessian training,28594,6617,13,0.0078502539545297,0.0351377315819263
EquiformerV2 AD with Hessian training,2013,6618,17,0.0028274031355977,0.0160837899893522
EquiformerV2 AD with Hessian training,37996,6619,19,0.0021567861549556,0.0113301742821931
EquiformerV2 AD with Hessian training,14863,6620,9,0.0177904050797224,0.3072535097599029
EquiformerV2 AD with Hessian training,26008,6621,14,0.018687380477786,0.0921048372983932
EquiformerV2 AD with Hessian training,26469,6622,14,0.0085170865058898,0.0320581421256065
EquiformerV2 AD with Hessian training,25353,6623,16,0.0058037578128278,0.0254365261644125
EquiformerV2 AD with Hessian training,27114,6624,14,0.0143824098631739,0.0425876341760158
EquiformerV2 AD with Hessian training,18793,6625,11,0.0037311194464564,0.0310139022767543
EquiformerV2 AD with Hessian training,23364,6626,14,0.0045429719612002,0.0238365903496742
EquiformerV2 AD with Hessian training,39029,6627,17,0.0022867880761623,0.0120492558926343
EquiformerV2 AD with Hessian training,22086,6628,15,0.0046002147719264,0.0249661095440387
EquiformerV2 AD with Hessian training,32963,6629,13,0.0147689059376716,0.0556659400463104
EquiformerV2 AD with Hessian training,19947,6630,11,0.0110508129000663,0.1244520172476768
EquiformerV2 AD with Hessian training,38417,6631,12,0.0241565499454736,0.0919564887881279
EquiformerV2 AD with Hessian training,9540,6632,16,0.0053993011824786,0.0226734261959791
EquiformerV2 AD with Hessian training,18552,6633,14,0.0091667706146836,0.0358253419399261
EquiformerV2 AD with Hessian training,94,6634,12,0.0170004963874816,0.0641503483057022
EquiformerV2 AD with Hessian training,33171,6635,14,0.0021124102640897,0.0314222313463687
EquiformerV2 AD with Hessian training,31767,6636,14,0.0132566494867205,0.0671537816524505
EquiformerV2 AD with Hessian training,46671,6637,13,0.0211253482848405,0.0721435397863388
EquiformerV2 AD with Hessian training,35202,6638,13,0.0046121859923005,0.0285554304718971
EquiformerV2 AD with Hessian training,871,6639,15,0.0049350885674357,0.0241242591291666
EquiformerV2 AD with Hessian training,38882,6640,15,0.021960575133562,0.0750051587820053
EquiformerV2 AD with Hessian training,42147,6641,13,0.0089842099696397,0.0516763553023338
EquiformerV2 AD with Hessian training,7942,6642,13,0.003680236171931,0.0273648276925086
EquiformerV2 AD with Hessian training,35790,6643,18,0.0036117627751082,0.0151083162054419
EquiformerV2 AD with Hessian training,15107,6644,12,0.004697750788182,0.032670758664608
EquiformerV2 AD with Hessian training,40551,6645,15,0.0186913218349218,0.0660598054528236
EquiformerV2 AD with Hessian training,38467,6646,13,0.0210522301495075,0.0782502740621566
EquiformerV2 AD with Hessian training,32264,6647,13,0.0033843235578387,0.0150182554498314
EquiformerV2 AD with Hessian training,45124,6648,9,0.0250915512442588,0.349470853805542
EquiformerV2 AD with Hessian training,8347,6649,17,0.0116938622668385,0.0368374548852443
EquiformerV2 AD with Hessian training,274,6650,12,0.0378087125718593,0.1184065341949462
EquiformerV2 AD with Hessian training,8293,6651,11,0.0223874859511852,0.0905947014689445
EquiformerV2 AD with Hessian training,3185,6652,15,0.0106583917513489,0.059811633080244
EquiformerV2 AD with Hessian training,20624,6653,10,0.0441525094211101,0.1922837495803833
EquiformerV2 AD with Hessian training,44619,6654,12,0.0305851474404335,0.0981119275093078
EquiformerV2 AD with Hessian training,45984,6655,14,0.0152382086962461,0.0482666045427322
EquiformerV2 AD with Hessian training,15756,6656,14,0.0141058713197708,0.0392291545867919
EquiformerV2 AD with Hessian training,44804,6657,11,0.0353678688406944,0.1351819187402725
EquiformerV2 AD with Hessian training,43972,6658,11,0.0177955776453018,0.1107485815882682
EquiformerV2 AD with Hessian training,42917,6659,14,0.0116085428744554,0.0486753210425376
EquiformerV2 AD with Hessian training,4501,6660,9,0.0052365311421453,0.4938618242740631
EquiformerV2 AD with Hessian training,35620,6661,16,0.0023476183414459,0.0114050088450312
EquiformerV2 AD with Hessian training,7632,6662,15,0.0042507871985435,0.025496857240796
EquiformerV2 AD with Hessian training,28977,6663,10,0.0357753112912178,0.1740525662899017
EquiformerV2 AD with Hessian training,7314,6664,13,0.0069298408925533,0.0383463054895401
EquiformerV2 AD with Hessian training,49256,6665,14,0.0757807195186615,0.1368045210838318
EquiformerV2 AD with Hessian training,24780,6666,14,0.0039470489136874,0.030520774424076
EquiformerV2 AD with Hessian training,21381,6667,16,0.0161971803754568,0.0409431383013725
EquiformerV2 AD with Hessian training,14295,6668,12,0.0260672308504581,0.1157061606645584
EquiformerV2 AD with Hessian training,3993,6669,12,0.0421780236065387,0.1093263551592826
EquiformerV2 AD with Hessian training,12904,6670,14,0.0038703447207808,0.0270173903554677
EquiformerV2 AD with Hessian training,26196,6671,16,0.0078537538647651,0.0244221650063991
EquiformerV2 AD with Hessian training,33188,6672,14,0.0060750897973775,0.0376701019704341
EquiformerV2 AD with Hessian training,10809,6673,17,0.0033741982188075,0.0152134895324707
EquiformerV2 AD with Hessian training,22418,6674,14,0.0040893503464758,0.0305122584104537
EquiformerV2 AD with Hessian training,45524,6675,13,0.0081973541527986,0.0460482239723205
EquiformerV2 AD with Hessian training,21750,6676,12,0.0062849577516317,0.0693990960717201
EquiformerV2 AD with Hessian training,25699,6677,11,0.0889154225587844,0.3072192966938019
EquiformerV2 AD with Hessian training,41971,6678,16,0.0105594135820865,0.0491168871521949
EquiformerV2 AD with Hessian training,31041,6679,14,0.0225951708853244,0.0653291642665863
EquiformerV2 AD with Hessian training,1740,6680,15,0.0290536470711231,0.0789062976837158
EquiformerV2 AD with Hessian training,2253,6681,10,0.0329902060329914,0.3412671089172363
EquiformerV2 AD with Hessian training,39608,6682,16,0.0068065095692873,0.0268704891204834
EquiformerV2 AD with Hessian training,47177,6683,19,0.0021736244671046,0.0103561552241444
EquiformerV2 AD with Hessian training,45937,6684,12,0.0113810366019606,0.0499394983053207
EquiformerV2 AD with Hessian training,13680,6685,16,0.003426865208894,0.0153486961498856
EquiformerV2 AD with Hessian training,2975,6686,11,0.0470727160573005,0.0898077934980392
EquiformerV2 AD with Hessian training,20923,6687,11,0.0072842370718717,0.1449182480573654
EquiformerV2 AD with Hessian training,23693,6688,12,0.0287226345390081,0.0873925238847732
EquiformerV2 AD with Hessian training,22073,6689,13,0.0225320942699909,0.0780491232872009
EquiformerV2 AD with Hessian training,37356,6690,16,0.0072904108092188,0.0564473010599613
EquiformerV2 AD with Hessian training,15246,6691,16,0.0216974802315235,0.0876071751117706
EquiformerV2 AD with Hessian training,26617,6692,21,0.0031687812879681,0.0145360315218567
EquiformerV2 AD with Hessian training,21510,6693,14,0.0051576164551079,0.0360056720674037
EquiformerV2 AD with Hessian training,30523,6694,8,0.0054222792387008,0.1097166463732719
EquiformerV2 AD with Hessian training,3821,6695,16,0.0024663109797984,0.0129033960402011
EquiformerV2 AD with Hessian training,44154,6696,12,0.0508960038423538,0.1222722828388214
EquiformerV2 AD with Hessian training,29739,6697,16,0.003362285438925,0.016203025355935
EquiformerV2 AD with Hessian training,33715,6698,16,0.0200324840843677,0.0423334240913391
EquiformerV2 AD with Hessian training,11702,6699,12,0.0090757207944989,0.053536769002676
EquiformerV2 AD with Hessian training,42550,6700,14,0.0081139141693711,0.0343466140329837
EquiformerV2 AD with Hessian training,25340,6701,16,0.0097383819520473,0.0274596493691205
EquiformerV2 AD with Hessian training,29325,6702,17,0.0167930163443088,0.0334040187299251
EquiformerV2 AD with Hessian training,32369,6703,11,0.0067155170254409,0.0498688481748104
EquiformerV2 AD with Hessian training,36519,6704,13,0.0046145543456077,0.030572947114706
EquiformerV2 AD with Hessian training,37236,6705,13,0.0215346068143844,0.070443071424961
EquiformerV2 AD with Hessian training,42373,6706,16,0.0338477045297622,0.0704683363437652
EquiformerV2 AD with Hessian training,15132,6707,8,0.0142571916803717,0.14559106528759
EquiformerV2 AD with Hessian training,47698,6708,14,0.0145978648215532,0.0938319712877273
EquiformerV2 AD with Hessian training,2465,6709,15,0.003379609202966,0.0560972169041633
EquiformerV2 AD with Hessian training,33850,6710,14,0.0053841643966734,0.0191846452653408
EquiformerV2 AD with Hessian training,3455,6711,5,0.0514182262122631,0.6780440211296082
EquiformerV2 AD with Hessian training,31585,6712,11,0.0126632945612072,0.1110564917325973
EquiformerV2 AD with Hessian training,19677,6713,19,0.0137815214693546,0.0513232573866844
EquiformerV2 AD with Hessian training,7605,6714,11,0.0298094395548105,0.1596146374940872
EquiformerV2 AD with Hessian training,2621,6715,10,0.0441817976534366,0.1480180770158767
EquiformerV2 AD with Hessian training,33301,6716,19,0.008606007322669,0.0291006751358509
EquiformerV2 AD with Hessian training,48117,6717,15,0.0133458459749817,0.0568071492016315
EquiformerV2 AD with Hessian training,47695,6718,12,0.0175553876906633,0.0757156983017921
EquiformerV2 AD with Hessian training,5906,6719,12,0.0170077849179506,0.0800189599394798
EquiformerV2 AD with Hessian training,7107,6720,15,0.011911479756236,0.0496330372989177
EquiformerV2 AD with Hessian training,21379,6721,14,0.0153127769008278,0.0811551511287689
EquiformerV2 AD with Hessian training,8497,6722,21,0.0068610189482569,0.0184394121170043
EquiformerV2 AD with Hessian training,44949,6723,12,0.013100266456604,0.0654933452606201
EquiformerV2 AD with Hessian training,21761,6724,13,0.0242485124617815,0.1616370677947998
EquiformerV2 AD with Hessian training,42652,6725,14,0.0048649557866156,0.0619533061981201
EquiformerV2 AD with Hessian training,3267,6726,14,0.0128287533298134,0.038623858243227
EquiformerV2 AD with Hessian training,20502,6727,17,0.0068688080646097,0.028709303587675
EquiformerV2 AD with Hessian training,13933,6728,17,0.0060492404736578,0.0308053120970726
EquiformerV2 AD with Hessian training,40961,6729,10,0.0184469763189554,0.0728306621313095
EquiformerV2 AD with Hessian training,42381,6730,10,0.0145631143823266,0.0660277530550956
EquiformerV2 AD with Hessian training,6631,6731,17,0.0034402168821543,0.0186500363051891
EquiformerV2 AD with Hessian training,11532,6732,11,0.0097798760980367,0.0567411370575428
EquiformerV2 AD with Hessian training,26562,6733,11,0.0161331743001937,0.1042211279273033
EquiformerV2 AD with Hessian training,16734,6734,13,0.01840341091156,0.1133235692977905
EquiformerV2 AD with Hessian training,50522,6735,17,0.0104764588177204,0.0271969139575958
EquiformerV2 AD with Hessian training,18359,6736,16,0.0133684780448675,0.0512484610080719
EquiformerV2 AD with Hessian training,20013,6737,13,0.0224568899720907,0.0620670691132545
EquiformerV2 AD with Hessian training,3008,6738,13,0.0110481288284063,0.0605991706252098
EquiformerV2 AD with Hessian training,21620,6739,18,0.0044837365858256,0.0149496914818882
EquiformerV2 AD with Hessian training,12040,6740,12,0.038654625415802,0.1242727935314178
EquiformerV2 AD with Hessian training,4848,6741,15,0.0083715496584773,0.0260477103292942
EquiformerV2 AD with Hessian training,6486,6742,18,0.0036663822829723,0.016737163066864
EquiformerV2 AD with Hessian training,13939,6743,13,0.0048566730692982,0.0250211078673601
EquiformerV2 AD with Hessian training,16249,6744,13,0.0043628620915114,0.0254586543887853
EquiformerV2 AD with Hessian training,27475,6745,14,0.0095788370817899,0.0441421531140804
EquiformerV2 AD with Hessian training,11342,6746,9,0.0343925543129444,0.1297843903303146
EquiformerV2 AD with Hessian training,49734,6747,18,0.004040025640279,0.0153783420100808
EquiformerV2 AD with Hessian training,26218,6748,15,0.0071545774117112,0.0290197934955358
EquiformerV2 AD with Hessian training,34889,6749,10,0.0066072111949324,0.0483288280665874
EquiformerV2 AD with Hessian training,24111,6750,15,0.0046680597588419,0.0202003382146358
EquiformerV2 AD with Hessian training,31823,6751,13,0.022570252418518,0.0902917459607124
EquiformerV2 AD with Hessian training,47930,6752,15,0.0085019972175359,0.028623130172491
EquiformerV2 AD with Hessian training,15972,6753,13,0.0065903910435736,0.0378966554999351
EquiformerV2 AD with Hessian training,38587,6754,12,0.0210712067782878,0.0483457967638969
EquiformerV2 AD with Hessian training,44677,6755,18,0.006210021674633,0.018578615039587
EquiformerV2 AD with Hessian training,19527,6756,11,0.0121164778247475,0.0629678666591644
EquiformerV2 AD with Hessian training,24984,6757,16,0.0158747360110282,0.0525364466011524
EquiformerV2 AD with Hessian training,21100,6758,15,0.0079298475757241,0.0309621877968311
EquiformerV2 AD with Hessian training,48141,6759,12,0.0337415933609008,0.1452590823173523
EquiformerV2 AD with Hessian training,47579,6760,14,0.002580574247986,0.0166731644421815
EquiformerV2 AD with Hessian training,33766,6761,12,0.0399484001100063,0.1396612226963043
EquiformerV2 AD with Hessian training,9517,6762,10,0.0363191291689872,0.1892228126525879
EquiformerV2 AD with Hessian training,31957,6763,12,0.0039533427916467,0.0289160907268524
EquiformerV2 AD with Hessian training,8284,6764,10,0.0343217514455318,0.2179665863513946
EquiformerV2 AD with Hessian training,17611,6765,12,0.0184701140969991,0.1742578148841858
EquiformerV2 AD with Hessian training,14294,6766,12,0.0439528636634349,0.1429918110370636
EquiformerV2 AD with Hessian training,16011,6767,16,0.013392879627645,0.0449863597750663
EquiformerV2 AD with Hessian training,32457,6768,17,0.0188078507781028,0.0536034144461154
EquiformerV2 AD with Hessian training,46440,6769,17,0.0038512947503477,0.0156593509018421
EquiformerV2 AD with Hessian training,4806,6770,11,0.0151847768574953,0.1073391735553741
EquiformerV2 AD with Hessian training,46677,6771,11,0.0127404844388365,0.0708082914352417
EquiformerV2 AD with Hessian training,43774,6772,14,0.0081332735717296,0.0283027272671461
EquiformerV2 AD with Hessian training,20026,6773,5,0.0460360720753669,0.5037059187889099
EquiformerV2 AD with Hessian training,5371,6774,11,0.0212227366864681,0.1927561610937118
EquiformerV2 AD with Hessian training,38667,6775,13,0.0195799637585878,0.0763395428657531
EquiformerV2 AD with Hessian training,7347,6776,19,0.0052463286556303,0.0186644755303859
EquiformerV2 AD with Hessian training,18186,6777,19,0.0024125971831381,0.0097948051989078
EquiformerV2 AD with Hessian training,24837,6778,15,0.0036871682386845,0.0372307561337947
EquiformerV2 AD with Hessian training,3540,6779,15,0.0039947372861206,0.0502600856125354
EquiformerV2 AD with Hessian training,43617,6780,18,0.0287486054003238,0.0501270145177841
EquiformerV2 AD with Hessian training,32747,6781,14,0.0078775780275464,0.0469577834010124
EquiformerV2 AD with Hessian training,13791,6782,11,0.0380943939089775,0.1067452877759933
EquiformerV2 AD with Hessian training,23481,6783,11,0.0138957649469375,0.0758444443345069
EquiformerV2 AD with Hessian training,38990,6784,16,0.0047453297302126,0.0291821435093879
EquiformerV2 AD with Hessian training,26073,6785,11,0.0187305491417646,0.0966762825846672
EquiformerV2 AD with Hessian training,40157,6786,12,0.0315157547593116,0.1822711527347564
EquiformerV2 AD with Hessian training,26757,6787,16,0.0038176688831299,0.0619933940470218
EquiformerV2 AD with Hessian training,246,6788,11,0.0057378010824322,0.0373099595308303
EquiformerV2 AD with Hessian training,50637,6789,14,0.0095217293128371,0.0445351563394069
EquiformerV2 AD with Hessian training,35033,6790,10,0.0143996560946106,0.0831421762704849
EquiformerV2 AD with Hessian training,2977,6791,11,0.0088274227455258,0.068676121532917
EquiformerV2 AD with Hessian training,11325,6792,10,0.0058515961281955,0.05374750867486
EquiformerV2 AD with Hessian training,46998,6793,13,0.0212649628520011,0.0795036703348159
EquiformerV2 AD with Hessian training,38779,6794,14,0.0030098529532551,0.0186198018491268
EquiformerV2 AD with Hessian training,36957,6795,15,0.0137259345501661,0.0648063495755195
EquiformerV2 AD with Hessian training,49766,6796,16,0.1027242541313171,0.1731061488389969
EquiformerV2 AD with Hessian training,36635,6797,13,0.0045528933405876,0.0238866470754146
EquiformerV2 AD with Hessian training,216,6798,12,0.0201601088047027,0.0952210128307342
EquiformerV2 AD with Hessian training,50674,6799,15,0.0123192630708217,0.0381372161209583
EquiformerV2 AD with Hessian training,28199,6800,18,0.0247466415166854,0.0537388995289802
EquiformerV2 AD with Hessian training,16303,6801,17,0.009249416179955,0.0264253541827201
EquiformerV2 AD with Hessian training,23473,6802,14,0.0081091243773698,0.0299469530582427
EquiformerV2 AD with Hessian training,41093,6803,16,0.0045016845688223,0.0176023561507463
EquiformerV2 AD with Hessian training,17255,6804,11,0.0472862683236599,0.1032322198152542
EquiformerV2 AD with Hessian training,1451,6805,19,0.0050947749987244,0.0171141326427459
EquiformerV2 AD with Hessian training,37152,6806,16,0.0036152831744402,0.0200943294912576
EquiformerV2 AD with Hessian training,7159,6807,17,0.0058426414616405,0.0221412796527147
EquiformerV2 AD with Hessian training,37254,6808,8,0.0306811779737472,0.2310408502817154
EquiformerV2 AD with Hessian training,1848,6809,13,0.0119934724643826,0.0490291491150856
EquiformerV2 AD with Hessian training,11721,6810,13,0.0071798488497734,0.0415931530296802
EquiformerV2 AD with Hessian training,8176,6811,14,0.016080904752016,0.0835425108671188
EquiformerV2 AD with Hessian training,18533,6812,11,0.0128542752936482,0.0706603750586509
EquiformerV2 AD with Hessian training,42636,6813,15,0.0208214130252599,0.0702484101057052
EquiformerV2 AD with Hessian training,5493,6814,15,0.0036941010039299,0.0257699880748987
EquiformerV2 AD with Hessian training,35449,6815,11,0.0183894652873277,0.0976977497339248
EquiformerV2 AD with Hessian training,14682,6816,17,0.0075500048696994,0.0247694849967956
EquiformerV2 AD with Hessian training,33853,6817,15,0.006820136681199,0.0429327897727489
EquiformerV2 AD with Hessian training,25968,6818,14,0.0094709564000368,0.0603556409478187
EquiformerV2 AD with Hessian training,25398,6819,15,0.004285083618015,0.0587198436260223
EquiformerV2 AD with Hessian training,38200,6820,12,0.0244586132466793,0.1179163232445716
EquiformerV2 AD with Hessian training,45243,6821,11,0.008026773110032,0.1447692215442657
EquiformerV2 AD with Hessian training,15828,6822,12,0.0066798496991395,0.0359196551144123
EquiformerV2 AD with Hessian training,41785,6823,17,0.0104235438629984,0.0334323681890964
EquiformerV2 AD with Hessian training,9515,6824,16,0.0034808008931577,0.0264511629939079
EquiformerV2 AD with Hessian training,46751,6825,16,0.0130908172577619,0.0396248884499073
EquiformerV2 AD with Hessian training,47254,6826,10,0.0105685563758015,0.1012844368815422
EquiformerV2 AD with Hessian training,42293,6827,13,0.0043430305086076,0.0254877414554357
EquiformerV2 AD with Hessian training,13390,6828,11,0.0138154197484254,0.0642638504505157
EquiformerV2 AD with Hessian training,27972,6829,12,0.009089171886444,0.0425657480955123
EquiformerV2 AD with Hessian training,48920,6830,14,0.0089506423100829,0.0305554550141096
EquiformerV2 AD with Hessian training,40308,6831,14,0.0174797382205724,0.0607260763645172
EquiformerV2 AD with Hessian training,43830,6832,15,0.0225817635655403,0.0854978933930397
EquiformerV2 AD with Hessian training,40656,6833,11,0.0058274962939321,0.0562511533498764
EquiformerV2 AD with Hessian training,37783,6834,12,0.0363734699785709,0.11168023198843
EquiformerV2 AD with Hessian training,13827,6835,15,0.0173851661384105,0.0679948553442955
EquiformerV2 AD with Hessian training,465,6836,15,0.0208666417747735,0.0507356077432632
EquiformerV2 AD with Hessian training,27402,6837,10,0.0055835330858826,0.033230286091566
EquiformerV2 AD with Hessian training,34265,6838,16,0.0037476511206477,0.0170184113085269
EquiformerV2 AD with Hessian training,44232,6839,15,0.0190800614655017,0.0722259432077407
EquiformerV2 AD with Hessian training,49209,6840,14,0.0054092267528176,0.0436569973826408
EquiformerV2 AD with Hessian training,15650,6841,14,0.006935341283679,0.026996636763215
EquiformerV2 AD with Hessian training,33223,6842,9,0.0405729450285434,0.2185806632041931
EquiformerV2 AD with Hessian training,33579,6843,15,0.0517210848629474,0.0917661935091018
EquiformerV2 AD with Hessian training,31707,6844,12,0.0024071675725281,0.0244050528854131
EquiformerV2 AD with Hessian training,40878,6845,18,0.0027959374710917,0.0089960722252726
EquiformerV2 AD with Hessian training,7983,6846,11,0.0126469172537326,0.0728614181280136
EquiformerV2 AD with Hessian training,37809,6847,18,0.0061074453406035,0.0183187071233987
EquiformerV2 AD with Hessian training,11154,6848,17,0.0022857189178466,0.0146769043058156
EquiformerV2 AD with Hessian training,47271,6849,13,0.0062553249299526,0.1425925642251968
EquiformerV2 AD with Hessian training,50514,6850,13,0.0188591871410608,0.0644768327474594
EquiformerV2 AD with Hessian training,48091,6851,14,0.0143055319786071,0.0516605414450168
EquiformerV2 AD with Hessian training,35462,6852,10,0.0128412125632166,0.0734076201915741
EquiformerV2 AD with Hessian training,7755,6853,17,0.0083581432700157,0.0295342449098825
EquiformerV2 AD with Hessian training,17605,6854,14,0.0128748249262571,0.0573882013559341
EquiformerV2 AD with Hessian training,25714,6855,15,0.0342683754861354,0.0867413654923439
EquiformerV2 AD with Hessian training,44212,6856,13,0.0210991241037845,0.0811241045594215
EquiformerV2 AD with Hessian training,37033,6857,15,0.0272768661379814,0.0713405534625053
EquiformerV2 AD with Hessian training,42295,6858,12,0.0041886917315423,0.0218802168965339
EquiformerV2 AD with Hessian training,49714,6859,10,0.0248501021414995,0.1214572265744209
EquiformerV2 AD with Hessian training,45412,6860,10,0.0057792328298091,0.0535374544560909
EquiformerV2 AD with Hessian training,48817,6861,15,0.0406200885772705,0.0907381176948547
EquiformerV2 AD with Hessian training,34806,6862,12,0.0177768152207136,0.1044005677103996
EquiformerV2 AD with Hessian training,24376,6863,14,0.0083396127447485,0.0249660275876522
EquiformerV2 AD with Hessian training,57,6864,12,0.0077354512177407,0.0451286509633064
EquiformerV2 AD with Hessian training,2954,6865,14,0.0074772653169929,0.0552871711552143
EquiformerV2 AD with Hessian training,2170,6866,12,0.0023471931926906,0.025052573531866
EquiformerV2 AD with Hessian training,6339,6867,14,0.0137343946844339,0.055128663778305
EquiformerV2 AD with Hessian training,39965,6868,15,0.0073048933409154,0.0275778267532587
EquiformerV2 AD with Hessian training,40801,6869,10,0.0124710844829678,0.1814085245132446
EquiformerV2 AD with Hessian training,23424,6870,11,0.0493662469089031,0.1038603708148002
EquiformerV2 AD with Hessian training,48951,6871,17,0.0069580553099513,0.0283921733498573
EquiformerV2 AD with Hessian training,25439,6872,12,0.0088250441476702,0.1180842742323875
EquiformerV2 AD with Hessian training,37229,6873,8,0.0419516339898109,0.2102789431810379
EquiformerV2 AD with Hessian training,15156,6874,15,0.0050383983179926,0.0253975614905357
EquiformerV2 AD with Hessian training,44438,6875,12,0.0185757037252187,0.0553234480321407
EquiformerV2 AD with Hessian training,28019,6876,13,0.0198392383754253,0.0652500614523887
EquiformerV2 AD with Hessian training,29906,6877,11,0.0161082539707422,0.1123682335019111
EquiformerV2 AD with Hessian training,12775,6878,15,0.003543785540387,0.0196608938276767
EquiformerV2 AD with Hessian training,36998,6879,15,0.0114608332514762,0.0334475599229335
EquiformerV2 AD with Hessian training,37306,6880,12,0.0075599807314574,0.0438800565898418
EquiformerV2 AD with Hessian training,8179,6881,10,0.0411257781088352,0.4100643396377563
EquiformerV2 AD with Hessian training,1915,6882,16,0.0202282927930355,0.0474661253392696
EquiformerV2 AD with Hessian training,45399,6883,19,0.0029168124310672,0.0114763351157307
EquiformerV2 AD with Hessian training,15238,6884,12,0.0119988275691866,0.0376024916768074
EquiformerV2 AD with Hessian training,7452,6885,12,0.0034013034310191,0.0240400861948728
EquiformerV2 AD with Hessian training,19662,6886,15,0.0101469159126281,0.0313719250261783
EquiformerV2 AD with Hessian training,33817,6887,11,0.0268542952835559,0.090805098414421
EquiformerV2 AD with Hessian training,34271,6888,10,0.023558234795928,0.1354660093784332
EquiformerV2 AD with Hessian training,31750,6889,14,0.0595717951655387,0.1135980263352394
EquiformerV2 AD with Hessian training,41913,6890,16,0.0124677531421184,0.0387595817446708
EquiformerV2 AD with Hessian training,50774,6891,13,0.0127221699804067,0.0477107837796211
EquiformerV2 AD with Hessian training,48060,6892,13,0.0154330031946301,0.0539017394185066
EquiformerV2 AD with Hessian training,7872,6893,15,0.0059327166527509,0.0211351513862609
EquiformerV2 AD with Hessian training,24789,6894,14,0.043871883302927,0.1119526997208595
EquiformerV2 AD with Hessian training,47793,6895,15,0.0072472905740141,0.0392328090965747
EquiformerV2 AD with Hessian training,24392,6896,11,0.0077103064395487,0.0473307743668556
EquiformerV2 AD with Hessian training,33158,6897,15,0.0164755247533321,0.0414320044219493
EquiformerV2 AD with Hessian training,44282,6898,12,0.0053331763483583,0.1600245088338852
EquiformerV2 AD with Hessian training,15200,6899,19,0.0099822925403714,0.0286178179085254
EquiformerV2 AD with Hessian training,25894,6900,15,0.0052310158498585,0.0623202137649059
EquiformerV2 AD with Hessian training,32489,6901,15,0.0221351347863674,0.0594895593822002
EquiformerV2 AD with Hessian training,41339,6902,12,0.0097993211820721,0.0431864894926548
EquiformerV2 AD with Hessian training,6144,6903,12,0.0099292760714888,0.0519871599972248
EquiformerV2 AD with Hessian training,612,6904,11,0.0092216543853282,0.0526013560593128
EquiformerV2 AD with Hessian training,32133,6905,14,0.0048170411027967,0.0239680185914039
EquiformerV2 AD with Hessian training,49627,6906,10,0.1054034084081649,0.334112137556076
EquiformerV2 AD with Hessian training,6923,6907,10,0.0059996042400598,0.0649958103895187
EquiformerV2 AD with Hessian training,14706,6908,16,0.01024607475847,0.0293560363352298
EquiformerV2 AD with Hessian training,12229,6909,19,0.0054113734513521,0.0180202722549438
EquiformerV2 AD with Hessian training,39650,6910,11,0.0117378691211342,0.0523750372231006
EquiformerV2 AD with Hessian training,32396,6911,13,0.0072636236436665,0.0342085026204586
EquiformerV2 AD with Hessian training,12728,6912,14,0.0063561699353158,0.037634290754795
EquiformerV2 AD with Hessian training,32272,6913,16,0.0052708638831973,0.0219961013644933
EquiformerV2 AD with Hessian training,35206,6914,16,0.0032848455011844,0.0124762374907732
EquiformerV2 AD with Hessian training,24696,6915,14,0.0401222705841064,0.1116380840539932
EquiformerV2 AD with Hessian training,49922,6916,14,0.0103254225105047,0.0272024180740118
EquiformerV2 AD with Hessian training,14494,6917,13,0.0054054749198257,0.0342137664556503
EquiformerV2 AD with Hessian training,15258,6918,14,0.0083657735958695,0.0284769367426633
EquiformerV2 AD with Hessian training,10335,6919,16,0.0114995120093226,0.0405031628906726
EquiformerV2 AD with Hessian training,14553,6920,16,0.0042611970566213,0.018609108403325
EquiformerV2 AD with Hessian training,32913,6921,19,0.0074225603602826,0.0238365288823843
EquiformerV2 AD with Hessian training,44392,6922,10,0.0147270560264587,0.065986193716526
EquiformerV2 AD with Hessian training,36054,6923,14,0.0087622571736574,0.0446863174438476
EquiformerV2 AD with Hessian training,8955,6924,12,0.0076020574197173,0.1081044748425483
EquiformerV2 AD with Hessian training,31240,6925,12,0.0238085854798555,0.3354085981845855
EquiformerV2 AD with Hessian training,43761,6926,13,0.0117927622050046,0.0446835048496723
EquiformerV2 AD with Hessian training,17444,6927,19,0.0046007144264876,0.0134023167192935
EquiformerV2 AD with Hessian training,48494,6928,16,0.0035011041909456,0.0118097010999917
EquiformerV2 AD with Hessian training,193,6929,17,0.0126103200018405,0.0391343832015991
EquiformerV2 AD with Hessian training,27499,6930,15,0.0044166170991957,0.0289100743830204
EquiformerV2 AD with Hessian training,21907,6931,13,0.0140734054148197,0.0542074888944625
EquiformerV2 AD with Hessian training,2961,6932,14,0.0185824371874332,0.1011594235897064
EquiformerV2 AD with Hessian training,26381,6933,11,0.0081384582445025,0.0523389540612697
EquiformerV2 AD with Hessian training,35186,6934,12,0.0450238585472106,0.1502711176872253
EquiformerV2 AD with Hessian training,32550,6935,13,0.0045179929584264,0.0295988675206899
EquiformerV2 AD with Hessian training,10784,6936,18,0.0164653435349464,0.0485468953847885
EquiformerV2 AD with Hessian training,43959,6937,19,0.0057081375271081,0.0202298499643802
EquiformerV2 AD with Hessian training,13681,6938,13,0.0152300335466861,0.0460249371826648
EquiformerV2 AD with Hessian training,34212,6939,14,0.0035449443385004,0.0190994162112474
EquiformerV2 AD with Hessian training,45231,6940,5,0.0109327118843793,0.644755482673645
EquiformerV2 AD with Hessian training,3470,6941,15,0.0040881377644836,0.021700881421566
EquiformerV2 AD with Hessian training,16645,6942,5,0.0086038364097476,0.5884285569190979
EquiformerV2 AD with Hessian training,29789,6943,19,0.0023592840880155,0.0096467602998018
EquiformerV2 AD with Hessian training,46362,6944,12,0.0520804524421691,0.098849780857563
EquiformerV2 AD with Hessian training,37103,6945,11,0.017537735402584,0.1599148362874984
EquiformerV2 AD with Hessian training,30116,6946,15,0.0050614569336175,0.0208961404860019
EquiformerV2 AD with Hessian training,8942,6947,12,0.0089695621281862,0.042893573641777
EquiformerV2 AD with Hessian training,31983,6948,16,0.0082153743132948,0.0335131175816059
EquiformerV2 AD with Hessian training,34431,6949,15,0.0022572465240955,0.0096876975148916
EquiformerV2 AD with Hessian training,48277,6950,15,0.0072661791928112,0.0312694460153579
EquiformerV2 AD with Hessian training,23618,6951,15,0.0041365381330251,0.0218078792095184
EquiformerV2 AD with Hessian training,4991,6952,16,0.0124850068241357,0.0364064164459705
EquiformerV2 AD with Hessian training,14679,6953,15,0.0033618262968957,0.0165319703519344
EquiformerV2 AD with Hessian training,19522,6954,15,0.0275770463049411,0.0898246169090271
EquiformerV2 AD with Hessian training,2650,6955,13,0.0423633493483066,0.1188644468784332
EquiformerV2 AD with Hessian training,13875,6956,12,0.0300771370530128,0.0633629113435745
EquiformerV2 AD with Hessian training,49738,6957,17,0.0302178878337144,0.0563204362988472
EquiformerV2 AD with Hessian training,19073,6958,15,0.0054257176816463,0.0253680273890495
EquiformerV2 AD with Hessian training,31737,6959,10,0.080290138721466,0.2878599464893341
EquiformerV2 AD with Hessian training,1549,6960,13,0.0196885112673044,0.0514867417514324
EquiformerV2 AD with Hessian training,43552,6961,12,0.0067712240852415,0.0383632481098175
EquiformerV2 AD with Hessian training,13470,6962,13,0.0127240065485239,0.0773867964744567
EquiformerV2 AD with Hessian training,31602,6963,15,0.0035504177212715,0.0196269433945417
EquiformerV2 AD with Hessian training,48241,6964,12,0.005746885202825,0.0369104817509651
EquiformerV2 AD with Hessian training,43174,6965,14,0.0036849579773843,0.0181116797029972
EquiformerV2 AD with Hessian training,30683,6966,19,0.0026224763132631,0.0121570564806461
EquiformerV2 AD with Hessian training,40031,6967,17,0.0021561116445809,0.0127067109569907
EquiformerV2 AD with Hessian training,43189,6968,15,0.0352095998823642,0.0885382071137428
EquiformerV2 AD with Hessian training,33977,6969,17,0.0030754636973142,0.0160161554813385
EquiformerV2 AD with Hessian training,8571,6970,12,0.01102573890239,0.0872144177556037
EquiformerV2 AD with Hessian training,11579,6971,6,0.115355834364891,0.7093997597694397
EquiformerV2 AD with Hessian training,20259,6972,15,0.051008902490139,0.1118156015872955
EquiformerV2 AD with Hessian training,35735,6973,13,0.0105247171595692,0.0522195994853973
EquiformerV2 AD with Hessian training,45109,6974,13,0.0129973124712705,0.0784204378724098
EquiformerV2 AD with Hessian training,31319,6975,12,0.0035362322814762,0.0263226851820945
EquiformerV2 AD with Hessian training,47539,6976,12,0.0542059354484081,0.135454773902893
EquiformerV2 AD with Hessian training,35122,6977,14,0.0046106646768748,0.0199498664587736
EquiformerV2 AD with Hessian training,15743,6978,10,0.0145018715411424,0.2472705841064453
EquiformerV2 AD with Hessian training,45087,6979,16,0.0112856533378362,0.0464626476168632
EquiformerV2 AD with Hessian training,18593,6980,7,0.0252134148031473,0.6002070307731628
EquiformerV2 AD with Hessian training,32689,6981,16,0.0089629581198096,0.0357804000377655
EquiformerV2 AD with Hessian training,27057,6982,14,0.0070509910583496,0.0309456121176481
EquiformerV2 AD with Hessian training,46212,6983,14,0.0125709734857082,0.0544939190149307
EquiformerV2 AD with Hessian training,42763,6984,10,0.0346271842718124,0.2053550630807876
EquiformerV2 AD with Hessian training,49872,6985,15,0.0020394984167069,0.0150380888953804
EquiformerV2 AD with Hessian training,46845,6986,13,0.0161353833973407,0.0643737912178039
EquiformerV2 AD with Hessian training,10385,6987,15,0.0194855481386184,0.0767857953906059
EquiformerV2 AD with Hessian training,31529,6988,13,0.0102778049185872,0.0549595430493354
EquiformerV2 AD with Hessian training,36724,6989,19,0.0055870893411338,0.0155072901397943
EquiformerV2 AD with Hessian training,33090,6990,8,0.0187917128205299,0.1086314097046852
EquiformerV2 AD with Hessian training,23434,6991,16,0.003657572902739,0.0137914484366774
EquiformerV2 AD with Hessian training,47544,6992,14,0.0046010860241949,0.0190566163510084
EquiformerV2 AD with Hessian training,16311,6993,13,0.0088107315823435,0.0432163029909133
EquiformerV2 AD with Hessian training,2506,6994,16,0.0211134701967239,0.0479818060994148
EquiformerV2 AD with Hessian training,3115,6995,13,0.0070335925556719,0.0481991842389106
EquiformerV2 AD with Hessian training,27539,6996,16,0.0179366208612918,0.0611712522804737
EquiformerV2 AD with Hessian training,40862,6997,16,0.0109434043988585,0.0297442115843296
EquiformerV2 AD with Hessian training,12104,6998,17,0.0043007782660424,0.0229137428104877
EquiformerV2 AD with Hessian training,32052,6999,12,0.0065229190513491,0.0455485358834266
EquiformerV2 AD with Hessian training,3137,7000,14,0.0097013274207711,0.0605258792638778
EquiformerV2 AD with Hessian training,48155,7001,10,0.0598867461085319,0.1408887654542923
EquiformerV2 AD with Hessian training,24460,7002,13,0.0210620760917663,0.0648893192410469
EquiformerV2 AD with Hessian training,27640,7003,17,0.0116454204544425,0.0316283293068409
EquiformerV2 AD with Hessian training,3437,7004,18,0.0196883101016283,0.0413406156003475
EquiformerV2 AD with Hessian training,26831,7005,13,0.0103981606662273,0.0367427803575992
EquiformerV2 AD with Hessian training,40171,7006,10,0.0270644985139369,0.1927599012851715
EquiformerV2 AD with Hessian training,8070,7007,12,0.0166130345314741,0.0965036004781723
EquiformerV2 AD with Hessian training,15249,7008,12,0.0087800044566392,0.0481779538094997
EquiformerV2 AD with Hessian training,13746,7009,16,0.0022614910267293,0.0135966222733259
EquiformerV2 AD with Hessian training,47780,7010,13,0.0241333469748497,0.0869517251849174
EquiformerV2 AD with Hessian training,37873,7011,13,0.0090893870219588,0.0919433906674385
EquiformerV2 AD with Hessian training,45034,7012,13,0.0513351783156394,0.1338606923818588
EquiformerV2 AD with Hessian training,30075,7013,12,0.0151249701157212,0.0699986740946769
EquiformerV2 AD with Hessian training,49881,7014,21,0.0029737493023276,0.0123945400118827
EquiformerV2 AD with Hessian training,45876,7015,16,0.0128417294472455,0.0431844629347324
EquiformerV2 AD with Hessian training,3192,7016,13,0.0797481909394264,0.151170864701271
EquiformerV2 AD with Hessian training,48094,7017,14,0.0070577138103544,0.0337258391082286
EquiformerV2 AD with Hessian training,35363,7018,14,0.0088485926389694,0.0397309549152851
EquiformerV2 AD with Hessian training,14078,7019,15,0.0199656188488006,0.0758878961205482
EquiformerV2 AD with Hessian training,50591,7020,15,0.00770631339401,0.0435775369405746
EquiformerV2 AD with Hessian training,264,7021,13,0.0063578584231436,0.0477388687431812
EquiformerV2 AD with Hessian training,17956,7022,15,0.0091155646368861,0.0513060688972473
EquiformerV2 AD with Hessian training,34950,7023,14,0.0099595272913575,0.0385354459285736
EquiformerV2 AD with Hessian training,13354,7024,14,0.0031914671417325,0.0170810613781213
EquiformerV2 AD with Hessian training,1454,7025,15,0.0073720985092222,0.031349379569292
EquiformerV2 AD with Hessian training,25430,7026,13,0.0130308680236339,0.0571873039007186
EquiformerV2 AD with Hessian training,1743,7027,18,0.0041265445761382,0.019935393705964
EquiformerV2 AD with Hessian training,11019,7028,16,0.0149836651980876,0.0402002595365047
EquiformerV2 AD with Hessian training,44713,7029,21,0.0071287956088781,0.0253116749227046
EquiformerV2 AD with Hessian training,14999,7030,12,0.0198144614696502,0.0699799209833145
EquiformerV2 AD with Hessian training,10457,7031,14,0.0175704602152109,0.1002820879220962
EquiformerV2 AD with Hessian training,44018,7032,16,0.0173825584352016,0.0441631935536861
EquiformerV2 AD with Hessian training,1911,7033,14,0.0061663221567869,0.0273802410811185
EquiformerV2 AD with Hessian training,6570,7034,14,0.0049294214695692,0.0490631498396396
EquiformerV2 AD with Hessian training,28556,7035,16,0.0164789259433746,0.0421457514166832
EquiformerV2 AD with Hessian training,20653,7036,13,0.0154013875871896,0.054695326834917
EquiformerV2 AD with Hessian training,17738,7037,12,0.005095976870507,0.0391048677265644
EquiformerV2 AD with Hessian training,491,7038,16,0.0104965399950742,0.0366672575473785
EquiformerV2 AD with Hessian training,127,7039,14,0.0068277507089078,0.0329806804656982
EquiformerV2 AD with Hessian training,17381,7040,15,0.0089022973552346,0.0294076092541217
EquiformerV2 AD with Hessian training,44008,7041,10,0.0057466626167297,0.0445677116513252
EquiformerV2 AD with Hessian training,46595,7042,16,0.0464900434017181,0.0832331702113151
EquiformerV2 AD with Hessian training,47358,7043,8,0.0386292561888694,0.5060070157051086
EquiformerV2 AD with Hessian training,43545,7044,16,0.0054120821878314,0.0198730006814003
EquiformerV2 AD with Hessian training,47590,7045,15,0.0066909142769873,0.0317101329565048
EquiformerV2 AD with Hessian training,16923,7046,12,0.0275118090212345,0.0890230163931846
EquiformerV2 AD with Hessian training,23113,7047,14,0.0063793468289077,0.0555402114987373
EquiformerV2 AD with Hessian training,1194,7048,15,0.0188163351267576,0.0799740478396415
EquiformerV2 AD with Hessian training,23106,7049,15,0.0053997887298464,0.021708995103836
EquiformerV2 AD with Hessian training,34024,7050,11,0.0129410699009895,0.0707781240344047
EquiformerV2 AD with Hessian training,38895,7051,13,0.019047437235713,0.0944443866610527
EquiformerV2 AD with Hessian training,50526,7052,17,0.0064197429455816,0.0253788921982049
EquiformerV2 AD with Hessian training,23902,7053,13,0.0052758422680199,0.0392798110842704
EquiformerV2 AD with Hessian training,14683,7054,14,0.0317447148263454,0.1096465811133384
EquiformerV2 AD with Hessian training,49064,7055,16,0.0347225368022918,0.070235438644886
EquiformerV2 AD with Hessian training,22579,7056,8,0.0444944351911544,0.3178544342517853
EquiformerV2 AD with Hessian training,21392,7057,19,0.0066821686923503,0.0199579093605279
EquiformerV2 AD with Hessian training,12749,7058,14,0.0084316376596689,0.0309568718075752
EquiformerV2 AD with Hessian training,4920,7059,9,0.0175605304539203,0.0820418521761894
EquiformerV2 AD with Hessian training,24699,7060,14,0.0071894996799528,0.1631492972373962
EquiformerV2 AD with Hessian training,8928,7061,15,0.0079524349421262,0.03690642490983
EquiformerV2 AD with Hessian training,38035,7062,15,0.0136597678065299,0.0362362079322338
EquiformerV2 AD with Hessian training,4944,7063,11,0.0086110662668943,0.0467943549156188
EquiformerV2 AD with Hessian training,34285,7064,15,0.012908698990941,0.0382489971816539
EquiformerV2 AD with Hessian training,2575,7065,10,0.0835078954696655,0.3012948632240295
EquiformerV2 AD with Hessian training,45227,7066,16,0.0156588219106197,0.0783982053399086
EquiformerV2 AD with Hessian training,27332,7067,14,0.0048215012066066,0.0330584309995174
EquiformerV2 AD with Hessian training,38393,7068,14,0.0101702213287353,0.0592010244727134
EquiformerV2 AD with Hessian training,24241,7069,15,0.0193034689873456,0.0647758394479751
EquiformerV2 AD with Hessian training,37439,7070,17,0.0067700697109103,0.0237386543303728
EquiformerV2 AD with Hessian training,9121,7071,13,0.0097306305542588,0.0477411970496177
EquiformerV2 AD with Hessian training,5462,7072,21,0.0029284649062901,0.0101372618228197
EquiformerV2 AD with Hessian training,6712,7073,13,0.0051401425153017,0.0225414112210273
EquiformerV2 AD with Hessian training,5131,7074,9,0.0615048855543136,0.2770706415176391
EquiformerV2 AD with Hessian training,2904,7075,16,0.0076080495491623,0.0280674993991851
EquiformerV2 AD with Hessian training,18424,7076,9,0.021526688709855,0.335337370634079
EquiformerV2 AD with Hessian training,8764,7077,14,0.0357509106397628,0.0757124349474906
EquiformerV2 AD with Hessian training,41555,7078,13,0.0060310657136142,0.0337113104760646
EquiformerV2 AD with Hessian training,17602,7079,14,0.0061630345880985,0.0276534669101238
EquiformerV2 AD with Hessian training,50788,7080,14,0.0265560783445835,0.0848491787910461
EquiformerV2 AD with Hessian training,23949,7081,16,0.0029078260995447,0.016331722959876
EquiformerV2 AD with Hessian training,34351,7082,11,0.0088162934407591,0.2287065982818603
EquiformerV2 AD with Hessian training,27952,7083,14,0.0043698707595467,0.027343314141035
EquiformerV2 AD with Hessian training,1278,7084,14,0.0204677507281303,0.0710149481892585
EquiformerV2 AD with Hessian training,34561,7085,15,0.0102241383865475,0.0405892096459865
EquiformerV2 AD with Hessian training,31515,7086,15,0.0045538325794041,0.0206019878387451
EquiformerV2 AD with Hessian training,3911,7087,13,0.0345157831907272,0.0892771631479263
EquiformerV2 AD with Hessian training,29646,7088,13,0.0052306498400866,0.0361046083271503
EquiformerV2 AD with Hessian training,42048,7089,13,0.0044827475212514,0.0334245003759861
EquiformerV2 AD with Hessian training,39178,7090,11,0.0069669187068939,0.0569648332893848
EquiformerV2 AD with Hessian training,5201,7091,12,0.0038720709271728,0.0211680401116609
EquiformerV2 AD with Hessian training,49122,7092,14,0.0028744013980031,0.020503120496869
EquiformerV2 AD with Hessian training,39119,7093,16,0.0038103498518466,0.0232517644762992
EquiformerV2 AD with Hessian training,25661,7094,11,0.0185783598572015,0.0925960168242454
EquiformerV2 AD with Hessian training,16045,7095,16,0.0037931033875793,0.016542624682188
EquiformerV2 AD with Hessian training,10886,7096,10,0.0100251035764813,0.1872452050447464
EquiformerV2 AD with Hessian training,32282,7097,8,0.0055215433239936,0.0489076077938079
EquiformerV2 AD with Hessian training,17615,7098,17,0.0293935667723417,0.0521202906966209
EquiformerV2 AD with Hessian training,155,7099,17,0.0024953202810138,0.0158188343048095
EquiformerV2 AD with Hessian training,46363,7100,8,0.0234907567501068,0.1153466701507568
EquiformerV2 AD with Hessian training,15789,7101,10,0.021113496273756,0.1783779412508011
EquiformerV2 AD with Hessian training,25590,7102,13,0.0226148534566164,0.0851848348975181
EquiformerV2 AD with Hessian training,1390,7103,12,0.0035730195231735,0.0314150936901569
EquiformerV2 AD with Hessian training,35861,7104,15,0.0265975408256053,0.0913747102022171
EquiformerV2 AD with Hessian training,50312,7105,17,0.0089398752897977,0.0263164062052965
EquiformerV2 AD with Hessian training,40115,7106,14,0.012935722246766,0.0557567365467548
EquiformerV2 AD with Hessian training,43363,7107,10,0.008332097902894,0.0805318728089332
EquiformerV2 AD with Hessian training,43857,7108,15,0.0162749830633401,0.1061920151114463
EquiformerV2 AD with Hessian training,20117,7109,19,0.0078471079468727,0.0237540155649185
EquiformerV2 AD with Hessian training,40680,7110,16,0.0028231367468833,0.0127154607325792
EquiformerV2 AD with Hessian training,27438,7111,14,0.0422520115971565,0.1538241505622863
EquiformerV2 AD with Hessian training,6181,7112,17,0.0033081274013966,0.0189395751804113
EquiformerV2 AD with Hessian training,8233,7113,12,0.00324866338633,0.0239273682236671
EquiformerV2 AD with Hessian training,47799,7114,14,0.0076002879068255,0.1025153622031211
EquiformerV2 AD with Hessian training,26245,7115,15,0.0148083018139004,0.0310977548360824
EquiformerV2 AD with Hessian training,41820,7116,16,0.0041698636487126,0.0170837473124265
EquiformerV2 AD with Hessian training,23034,7117,16,0.0033423244021832,0.0152214057743549
EquiformerV2 AD with Hessian training,26512,7118,12,0.0037603685632348,0.0202703922986984
EquiformerV2 AD with Hessian training,16575,7119,13,0.0307829529047012,0.0853230878710746
EquiformerV2 AD with Hessian training,34138,7120,16,0.002468496793881,0.0157925188541412
EquiformerV2 AD with Hessian training,46856,7121,16,0.0081340027973055,0.034253817051649
EquiformerV2 AD with Hessian training,25760,7122,19,0.0195866059511899,0.0369217917323112
EquiformerV2 AD with Hessian training,4238,7123,13,0.0141204493120312,0.0539059378206729
EquiformerV2 AD with Hessian training,28053,7124,10,0.0541479736566543,0.1933378875255584
EquiformerV2 AD with Hessian training,42496,7125,13,0.0058894148096442,0.0294626094400882
EquiformerV2 AD with Hessian training,8943,7126,14,0.0034005222842097,0.0177429094910621
EquiformerV2 AD with Hessian training,24610,7127,9,0.0409003719687461,0.2183786630630493
EquiformerV2 AD with Hessian training,30180,7128,12,0.0074372366070747,0.0598632097244262
EquiformerV2 AD with Hessian training,37336,7129,14,0.0162414293736219,0.0482147894799709
EquiformerV2 AD with Hessian training,48870,7130,12,0.0093038035556674,0.041529607027769
EquiformerV2 AD with Hessian training,15359,7131,12,0.0051770559512078,0.0452436469495296
EquiformerV2 AD with Hessian training,4202,7132,14,0.0073007033206522,0.1147775575518608
EquiformerV2 AD with Hessian training,33912,7133,14,0.0141308298334479,0.0557786151766777
EquiformerV2 AD with Hessian training,6381,7134,19,0.0035018299240618,0.011993926949799
EquiformerV2 AD with Hessian training,22324,7135,17,0.0077782967127859,0.0330713503062725
EquiformerV2 AD with Hessian training,40343,7136,16,0.0100980857387185,0.0422626473009586
EquiformerV2 AD with Hessian training,19578,7137,12,0.0282714162021875,0.1476457417011261
EquiformerV2 AD with Hessian training,1524,7138,12,0.0256203636527061,0.0856534615159034
EquiformerV2 AD with Hessian training,18096,7139,16,0.00724678626284,0.0261336416006088
EquiformerV2 AD with Hessian training,42266,7140,17,0.0084444535896182,0.0273719299584627
EquiformerV2 AD with Hessian training,35205,7141,15,0.0312434434890747,0.0474152155220508
EquiformerV2 AD with Hessian training,10140,7142,16,0.0415652804076671,0.0691972151398658
EquiformerV2 AD with Hessian training,25075,7143,17,0.0042502926662564,0.014906296506524
EquiformerV2 AD with Hessian training,22254,7144,13,0.0085420692339539,0.0287656523287296
EquiformerV2 AD with Hessian training,45607,7145,15,0.0035823245998471,0.0258211977779865
EquiformerV2 AD with Hessian training,36886,7146,15,0.0114479567855596,0.0391181111335754
EquiformerV2 AD with Hessian training,25459,7147,5,0.0567609891295433,0.5103893876075745
EquiformerV2 AD with Hessian training,34804,7148,15,0.0123315416276454,0.0575417466461658
EquiformerV2 AD with Hessian training,42169,7149,10,0.0119364755228161,0.0875702574849128
EquiformerV2 AD with Hessian training,47891,7150,15,0.0524425953626632,0.0949737802147865
EquiformerV2 AD with Hessian training,24561,7151,17,0.0034420643933117,0.0167642664164304
EquiformerV2 AD with Hessian training,9950,7152,13,0.0032382952049374,0.0196177139878273
EquiformerV2 AD with Hessian training,7007,7153,11,0.0086110569536685,0.1066569834947586
EquiformerV2 AD with Hessian training,49889,7154,14,0.0128450030460953,0.048415008932352
EquiformerV2 AD with Hessian training,46918,7155,19,0.0025036730803549,0.0119309313595294
EquiformerV2 AD with Hessian training,40851,7156,15,0.0151783945038914,0.0526854060590267
EquiformerV2 AD with Hessian training,17887,7157,13,0.0095617035403847,0.0512847229838371
EquiformerV2 AD with Hessian training,36984,7158,16,0.0069215614348649,0.0308135617524385
EquiformerV2 AD with Hessian training,49759,7159,15,0.0315090380609035,0.0578133985400199
EquiformerV2 AD with Hessian training,44735,7160,10,0.0666015967726707,0.1854608803987503
EquiformerV2 AD with Hessian training,31172,7161,16,0.0041082073003053,0.0235154684633016
EquiformerV2 AD with Hessian training,40010,7162,18,0.018414381891489,0.0393059477210044
EquiformerV2 AD with Hessian training,27572,7163,16,0.0073412186466157,0.0209664367139339
EquiformerV2 AD with Hessian training,12098,7164,12,0.0201387479901313,0.0888019949197769
EquiformerV2 AD with Hessian training,41798,7165,12,0.0200034584850072,0.065221183001995
EquiformerV2 AD with Hessian training,40642,7166,14,0.0086039518937468,0.0316273383796215
EquiformerV2 AD with Hessian training,10174,7167,14,0.0119567541405558,0.0573141239583492
EquiformerV2 AD with Hessian training,49469,7168,10,0.0076859416440129,0.3655150830745697
EquiformerV2 AD with Hessian training,33406,7169,15,0.0088453106582164,0.0345236212015152
EquiformerV2 AD with Hessian training,48252,7170,16,0.0106417462229728,0.0319246239960193
EquiformerV2 AD with Hessian training,12945,7171,11,0.0328620783984661,0.1212333887815475
EquiformerV2 AD with Hessian training,11527,7172,12,0.0050840661861002,0.0306127686053514
EquiformerV2 AD with Hessian training,14902,7173,19,0.006791615858674,0.0207692608237266
EquiformerV2 AD with Hessian training,2710,7174,12,0.0057608038187026,0.0540659800171852
EquiformerV2 AD with Hessian training,3636,7175,14,0.0116317644715309,0.0415593013167381
EquiformerV2 AD with Hessian training,47909,7176,12,0.0112526835873723,0.0443801283836364
EquiformerV2 AD with Hessian training,47993,7177,16,0.0089190322905778,0.0274867676198482
EquiformerV2 AD with Hessian training,37816,7178,10,0.0889073610305786,0.2997079193592071
EquiformerV2 AD with Hessian training,31213,7179,16,0.0071415519341826,0.0262431930750608
EquiformerV2 AD with Hessian training,48812,7180,16,0.0073227933607995,0.0274503678083419
EquiformerV2 AD with Hessian training,28590,7181,15,0.0115086371079087,0.0363280139863491
EquiformerV2 AD with Hessian training,44526,7182,12,0.0154450209811329,0.0925796031951904
EquiformerV2 AD with Hessian training,37817,7183,16,0.0099493209272623,0.0335437133908271
EquiformerV2 AD with Hessian training,10102,7184,16,0.0112858936190605,0.0300318244844675
EquiformerV2 AD with Hessian training,42692,7185,14,0.008003955706954,0.0431371107697486
EquiformerV2 AD with Hessian training,30804,7186,19,0.0028950937557965,0.0155534306541085
EquiformerV2 AD with Hessian training,38372,7187,17,0.0145095847547054,0.0348532870411872
EquiformerV2 AD with Hessian training,18717,7188,10,0.0531673207879066,0.1466160714626312
EquiformerV2 AD with Hessian training,33341,7189,12,0.0379172377288341,0.1193346828222274
EquiformerV2 AD with Hessian training,19128,7190,14,0.0036569649819284,0.0218641385436058
EquiformerV2 AD with Hessian training,35152,7191,14,0.005827285349369,0.027381345629692
EquiformerV2 AD with Hessian training,46411,7192,19,0.04508613422513,0.0580230318009853
EquiformerV2 AD with Hessian training,37212,7193,16,0.0183036923408508,0.0725133121013641
EquiformerV2 AD with Hessian training,30186,7194,17,0.0241820067167282,0.0655258074402809
EquiformerV2 AD with Hessian training,30984,7195,10,0.0162048917263746,0.495946317911148
EquiformerV2 AD with Hessian training,4038,7196,14,0.0372676439583301,0.0888165235519409
EquiformerV2 AD with Hessian training,26360,7197,18,0.0027742579113692,0.0111180897802114
EquiformerV2 AD with Hessian training,11755,7198,14,0.0046882266178727,0.0224666185677051
EquiformerV2 AD with Hessian training,26385,7199,14,0.0176719017326831,0.0555531531572341
EquiformerV2 AD with Hessian training,6857,7200,12,0.0313629433512687,0.0928674489259719
EquiformerV2 AD with Hessian training,16363,7201,17,0.002253009006381,0.0145726585760712
EquiformerV2 AD with Hessian training,12171,7202,13,0.0209172014147043,0.0652661472558975
EquiformerV2 AD with Hessian training,24230,7203,13,0.0068386401981115,0.0388307087123394
EquiformerV2 AD with Hessian training,49223,7204,14,0.0042887409217655,0.032104555517435
EquiformerV2 AD with Hessian training,5125,7205,11,0.0226307399570941,0.1075262352824211
EquiformerV2 AD with Hessian training,41539,7206,11,0.0257336683571338,0.1249542236328125
EquiformerV2 AD with Hessian training,30393,7207,19,0.0106462920084595,0.0353954434394836
EquiformerV2 AD with Hessian training,50123,7208,15,0.0153685770928859,0.0624055974185466
EquiformerV2 AD with Hessian training,38184,7209,17,0.0073567409999668,0.0230409372597932
EquiformerV2 AD with Hessian training,8396,7210,10,0.0047186724841594,0.0455662459135055
EquiformerV2 AD with Hessian training,49902,7211,10,0.0074145351536571,0.087184838950634
EquiformerV2 AD with Hessian training,43389,7212,17,0.0072483164258301,0.0228842142969369
EquiformerV2 AD with Hessian training,37128,7213,19,0.0037100838962942,0.0132048642262816
EquiformerV2 AD with Hessian training,18125,7214,19,0.002648756140843,0.009719643741846
EquiformerV2 AD with Hessian training,45162,7215,10,0.0074834441766142,0.0462714061141014
EquiformerV2 AD with Hessian training,45988,7216,14,0.0064928056672215,0.0819710493087768
EquiformerV2 AD with Hessian training,15212,7217,18,0.0148632284253835,0.0327692218124866
EquiformerV2 AD with Hessian training,50425,7218,15,0.040081400424242,0.0996804907917976
EquiformerV2 AD with Hessian training,33806,7219,12,0.008131661452353,0.0516866743564605
EquiformerV2 AD with Hessian training,7619,7220,14,0.0069860573858022,0.0331686623394489
EquiformerV2 AD with Hessian training,9266,7221,14,0.0153076229616999,0.0841091647744178
EquiformerV2 AD with Hessian training,4981,7222,11,0.0189581327140331,0.0790126547217369
EquiformerV2 AD with Hessian training,16197,7223,15,0.007694546598941,0.033525601029396
EquiformerV2 AD with Hessian training,17705,7224,16,0.013597453944385,0.0529957860708236
EquiformerV2 AD with Hessian training,47751,7225,13,0.0165531821548938,0.0623017884790897
EquiformerV2 AD with Hessian training,47280,7226,16,0.008743667975068,0.04035534709692
EquiformerV2 AD with Hessian training,507,7227,11,0.0239118374884128,0.0799065753817558
EquiformerV2 AD with Hessian training,42334,7228,12,0.0107944691553711,0.0809591338038444
EquiformerV2 AD with Hessian training,41566,7229,12,0.0271786488592624,0.079349011182785
EquiformerV2 AD with Hessian training,14986,7230,13,0.0268038995563983,0.0729430243372917
EquiformerV2 AD with Hessian training,39744,7231,14,0.0211900807917118,0.0762927383184433
EquiformerV2 AD with Hessian training,47024,7232,15,0.0126752192154526,0.0324616357684135
EquiformerV2 AD with Hessian training,2761,7233,14,0.0165578406304121,0.0507749430835247
EquiformerV2 AD with Hessian training,26144,7234,14,0.003062053117901,0.0217423979192972
EquiformerV2 AD with Hessian training,36016,7235,6,0.0211860761046409,0.5196319818496704
EquiformerV2 AD with Hessian training,10330,7236,11,0.0155678670853376,0.1146882772445678
EquiformerV2 AD with Hessian training,49160,7237,14,0.013127451762557,0.0814255028963089
EquiformerV2 AD with Hessian training,39107,7238,17,0.005973182618618,0.024889612570405
EquiformerV2 AD with Hessian training,30956,7239,13,0.0263360291719436,0.0893366336822509
EquiformerV2 AD with Hessian training,46616,7240,14,0.0080414162948727,0.0349926501512527
EquiformerV2 AD with Hessian training,47384,7241,16,0.0046165524981915,0.0222338177263736
EquiformerV2 AD with Hessian training,30402,7242,16,0.0040728813037276,0.0130311772227287
EquiformerV2 AD with Hessian training,6333,7243,20,0.0046615512110292,0.0138133261352777
EquiformerV2 AD with Hessian training,3909,7244,17,0.0126183750107884,0.0271148066967725
EquiformerV2 AD with Hessian training,44353,7245,18,0.0065701282583177,0.0186703186482191
EquiformerV2 AD with Hessian training,7081,7246,12,0.0046252501197159,0.0281863659620285
EquiformerV2 AD with Hessian training,20598,7247,13,0.0113119902089238,0.0534262284636497
EquiformerV2 AD with Hessian training,5653,7248,14,0.0136983310803771,0.0597572773694992
EquiformerV2 AD with Hessian training,30072,7249,12,0.0100631034001708,0.0585082620382308
EquiformerV2 AD with Hessian training,35601,7250,18,0.0190583001822233,0.0516423769295215
EquiformerV2 AD with Hessian training,21436,7251,14,0.0192977339029312,0.1003152281045913
EquiformerV2 AD with Hessian training,23648,7252,12,0.0042997761629521,0.0260317716747522
EquiformerV2 AD with Hessian training,28999,7253,11,0.0249419473111629,0.0910451635718345
EquiformerV2 AD with Hessian training,46962,7254,9,0.0109000960364937,0.1037052050232887
EquiformerV2 AD with Hessian training,37897,7255,14,0.0126569755375385,0.0654256865382194
EquiformerV2 AD with Hessian training,40449,7256,14,0.0078645329922437,0.0481029264628887
EquiformerV2 AD with Hessian training,15870,7257,15,0.0184477921575307,0.0475180223584175
EquiformerV2 AD with Hessian training,8763,7258,10,0.0150012802332639,0.1404432952404022
EquiformerV2 AD with Hessian training,14686,7259,16,0.0026586069725453,0.0139455096796154
EquiformerV2 AD with Hessian training,34728,7260,10,0.0390980020165443,0.153978943824768
EquiformerV2 AD with Hessian training,23041,7261,12,0.0116249984130263,0.0783892050385475
EquiformerV2 AD with Hessian training,18211,7262,11,0.0028087254613637,0.0353986211121082
EquiformerV2 AD with Hessian training,5503,7263,13,0.0047008753754198,0.0290891118347644
EquiformerV2 AD with Hessian training,27076,7264,15,0.0109219755977392,0.0499172620475292
EquiformerV2 AD with Hessian training,17070,7265,12,0.0179124604910612,0.0951203107833862
EquiformerV2 AD with Hessian training,6362,7266,14,0.0156077006831765,0.0532524175941944
EquiformerV2 AD with Hessian training,21528,7267,16,0.0068372320383787,0.0313719250261783
EquiformerV2 AD with Hessian training,44996,7268,14,0.011360022239387,0.0384843610227108
EquiformerV2 AD with Hessian training,10577,7269,17,0.009506051428616,0.0333678610622882
EquiformerV2 AD with Hessian training,30039,7270,19,0.0058150687254965,0.0190159622579813
EquiformerV2 AD with Hessian training,20881,7271,12,0.0314947851002216,0.1538177579641342
EquiformerV2 AD with Hessian training,46369,7272,19,0.1425481140613556,0.1254132091999054
EquiformerV2 AD with Hessian training,38632,7273,15,0.0115661704912781,0.0501692555844783
EquiformerV2 AD with Hessian training,45502,7274,16,0.0142456842586398,0.0350159406661987
EquiformerV2 AD with Hessian training,39726,7275,12,0.0159242954105138,0.0950139388442039
EquiformerV2 AD with Hessian training,26585,7276,15,0.0091241784393787,0.0321540236473083
EquiformerV2 AD with Hessian training,46181,7277,13,0.0267126020044088,0.0693618431687355
EquiformerV2 AD with Hessian training,28429,7278,12,0.011400131508708,0.0560273304581642
EquiformerV2 AD with Hessian training,5457,7279,18,0.0063895396888256,0.0182434991002082
EquiformerV2 AD with Hessian training,4482,7280,15,0.0081272041425108,0.0388884805142879
EquiformerV2 AD with Hessian training,47017,7281,12,0.0076651144772768,0.0451241880655288
EquiformerV2 AD with Hessian training,29888,7282,17,0.002589896088466,0.0115782385692
EquiformerV2 AD with Hessian training,45017,7283,12,0.0076699703931808,0.0444214008748531
EquiformerV2 AD with Hessian training,11010,7284,18,0.0122626954689621,0.03930089995265
EquiformerV2 AD with Hessian training,29891,7285,16,0.008463330566883,0.0249664913862943
EquiformerV2 AD with Hessian training,38282,7286,11,0.0130864800885319,0.0716245248913765
EquiformerV2 AD with Hessian training,3721,7287,15,0.0040563717484474,0.0222995448857545
EquiformerV2 AD with Hessian training,41912,7288,19,0.0040120859630405,0.0137746939435601
EquiformerV2 AD with Hessian training,29805,7289,13,0.009271714836359,0.0410030074417591
EquiformerV2 AD with Hessian training,44613,7290,11,0.0054453471675515,0.0570100173354148
EquiformerV2 AD with Hessian training,10448,7291,11,0.0127849224954843,0.1364734917879104
EquiformerV2 AD with Hessian training,35325,7292,16,0.0071626110002398,0.0237782336771488
EquiformerV2 AD with Hessian training,28258,7293,18,0.0127608552575111,0.0403101481497287
EquiformerV2 AD with Hessian training,41977,7294,14,0.0030684259254485,0.018111627548933
EquiformerV2 AD with Hessian training,21515,7295,12,0.0138780809938907,0.0656336694955825
EquiformerV2 AD with Hessian training,48424,7296,11,0.0135367270559072,0.0586080364882946
EquiformerV2 AD with Hessian training,31144,7297,16,0.0072049861773848,0.023044804111123
EquiformerV2 AD with Hessian training,2505,7298,11,0.0069308276288211,0.0512755736708641
EquiformerV2 AD with Hessian training,5403,7299,11,0.0154264755547046,0.0953676551580429
EquiformerV2 AD with Hessian training,36819,7300,11,0.0041229594498872,0.0398564971983432
EquiformerV2 AD with Hessian training,6085,7301,12,0.0140095585957169,0.1248814389109611
EquiformerV2 AD with Hessian training,2400,7302,12,0.0114012518897652,0.0702408552169799
EquiformerV2 AD with Hessian training,28562,7303,15,0.0267635956406593,0.0539825893938541
EquiformerV2 AD with Hessian training,19793,7304,13,0.0066686929203569,0.0299116987735033
EquiformerV2 AD with Hessian training,46902,7305,12,0.0278203748166561,0.0794354453682899
EquiformerV2 AD with Hessian training,14214,7306,11,0.01087127905339,0.0714632272720336
EquiformerV2 AD with Hessian training,15155,7307,14,0.0126036154106259,0.0784844532608985
EquiformerV2 AD with Hessian training,22160,7308,8,0.0082057015970349,0.1008994877338409
EquiformerV2 AD with Hessian training,189,7309,17,0.0077288672327995,0.0299612618982791
EquiformerV2 AD with Hessian training,25622,7310,13,0.0753780677914619,0.1720505058765411
EquiformerV2 AD with Hessian training,22346,7311,14,0.0394147150218486,0.1174056306481361
EquiformerV2 AD with Hessian training,41594,7312,14,0.0053750448860228,0.0454897731542587
EquiformerV2 AD with Hessian training,4769,7313,14,0.0111047523096203,0.0623909644782543
EquiformerV2 AD with Hessian training,24159,7314,13,0.0173986237496137,0.0812364742159843
EquiformerV2 AD with Hessian training,22497,7315,10,0.056069042533636,0.2711718678474426
EquiformerV2 AD with Hessian training,34895,7316,16,0.016675230115652,0.052985806018114
EquiformerV2 AD with Hessian training,31061,7317,12,0.0045968699268996,0.0405549481511116
EquiformerV2 AD with Hessian training,43882,7318,15,0.0135468235239386,0.0451405122876167
EquiformerV2 AD with Hessian training,49329,7319,11,0.0123400725424289,0.1358412802219391
EquiformerV2 AD with Hessian training,34113,7320,16,0.0067748995497822,0.0289758909493684
EquiformerV2 AD with Hessian training,260,7321,14,0.0072761164046823,0.0193830449134111
EquiformerV2 AD with Hessian training,23552,7322,16,0.0262624025344848,0.0842208042740821
EquiformerV2 AD with Hessian training,11069,7323,7,0.0235953219234943,0.6038756370544434
EquiformerV2 AD with Hessian training,27250,7324,13,0.0115670589730143,0.0477456450462341
EquiformerV2 AD with Hessian training,44944,7325,15,0.0027826761361211,0.0206616856157779
EquiformerV2 AD with Hessian training,31803,7326,11,0.014062188565731,0.0963115617632865
EquiformerV2 AD with Hessian training,8784,7327,10,0.0830238386988639,0.2775220274925232
EquiformerV2 AD with Hessian training,37944,7328,21,0.0018811516929417,0.0086176758632063
EquiformerV2 AD with Hessian training,4224,7329,12,0.0104449074715375,0.0530261993408203
EquiformerV2 AD with Hessian training,33147,7330,11,0.0117969801649451,0.1457440108060836
EquiformerV2 AD with Hessian training,3120,7331,17,0.0052767633460462,0.0198544673621654
EquiformerV2 AD with Hessian training,30177,7332,10,0.025977561250329,0.1601689308881759
EquiformerV2 AD with Hessian training,24533,7333,14,0.0109429564327001,0.0494223162531852
EquiformerV2 AD with Hessian training,8760,7334,14,0.0028387326747179,0.018302071839571
EquiformerV2 AD with Hessian training,26413,7335,16,0.0048111816868186,0.0276580713689327
EquiformerV2 AD with Hessian training,12566,7336,13,0.0088401744142174,0.0312890671193599
EquiformerV2 AD with Hessian training,45166,7337,10,0.0195113755762577,0.2607300579547882
EquiformerV2 AD with Hessian training,910,7338,15,0.0142358504235744,0.0578389093279838
EquiformerV2 AD with Hessian training,50688,7339,16,0.0089205373078584,0.0420587211847305
EquiformerV2 AD with Hessian training,3708,7340,10,0.0279135778546333,0.1955249309539795
EquiformerV2 AD with Hessian training,21681,7341,15,0.0259498339146375,0.0926824063062667
EquiformerV2 AD with Hessian training,26656,7342,15,0.0244952384382486,0.0667752400040626
EquiformerV2 AD with Hessian training,9640,7343,14,0.0093775279819965,0.0349909476935863
EquiformerV2 AD with Hessian training,12764,7344,10,0.009952993132174,0.221421480178833
EquiformerV2 AD with Hessian training,26522,7345,12,0.0302466228604316,0.0844816714525222
EquiformerV2 AD with Hessian training,34651,7346,12,0.0020917132496833,0.0257072336971759
EquiformerV2 AD with Hessian training,19354,7347,12,0.0105355530977249,0.0517278909683227
EquiformerV2 AD with Hessian training,45492,7348,15,0.0046547092497348,0.0201416444033384
EquiformerV2 AD with Hessian training,40976,7349,16,0.0021313368342816,0.0111482990905642
EquiformerV2 AD with Hessian training,17831,7350,11,0.0323218405246734,0.1181051135063171
EquiformerV2 AD with Hessian training,29141,7351,14,0.0114727998152375,0.0513196550309658
EquiformerV2 AD with Hessian training,815,7352,10,0.0086068119853734,0.2984622716903686
EquiformerV2 AD with Hessian training,34748,7353,11,0.011561301536858,0.155661791563034
EquiformerV2 AD with Hessian training,22236,7354,15,0.0031498707830905,0.0201514158397912
EquiformerV2 AD with Hessian training,34662,7355,17,0.0115935411304235,0.035916332155466
EquiformerV2 AD with Hessian training,28579,7356,15,0.0062416475266218,0.0275642145425081
EquiformerV2 AD with Hessian training,4970,7357,12,0.0097036371007561,0.0566381812095642
EquiformerV2 AD with Hessian training,41125,7358,15,0.0127983205020427,0.0728119239211082
EquiformerV2 AD with Hessian training,13813,7359,18,0.0123446164652705,0.0405261293053627
EquiformerV2 AD with Hessian training,25906,7360,12,0.0055973785929381,0.0684543997049331
EquiformerV2 AD with Hessian training,18544,7361,8,0.0414996780455112,0.3232750296592712
EquiformerV2 AD with Hessian training,7502,7362,14,0.0085008582100272,0.0547824800014495
EquiformerV2 AD with Hessian training,26166,7363,16,0.0125200692564249,0.0354453474283218
EquiformerV2 AD with Hessian training,33028,7364,11,0.007655759807676,0.0545874200761318
EquiformerV2 AD with Hessian training,30530,7365,19,0.0046135303564369,0.0194447040557861
EquiformerV2 AD with Hessian training,25671,7366,15,0.0260459687560796,0.0925330370664596
EquiformerV2 AD with Hessian training,37886,7367,17,0.0106694586575031,0.0409087724983692
EquiformerV2 AD with Hessian training,18264,7368,10,0.048598077148199,0.358107179403305
EquiformerV2 AD with Hessian training,24875,7369,14,0.0055900593288242,0.0335027687251567
EquiformerV2 AD with Hessian training,41408,7370,12,0.0057819462381303,0.1489376574754715
EquiformerV2 AD with Hessian training,22301,7371,14,0.0149839399382472,0.0510459393262863
EquiformerV2 AD with Hessian training,10882,7372,16,0.001508868066594,0.01126045640558
EquiformerV2 AD with Hessian training,24123,7373,12,0.0043603405356407,0.0273248832672834
EquiformerV2 AD with Hessian training,34955,7374,11,0.0118373334407806,0.1043662875890731
EquiformerV2 AD with Hessian training,27161,7375,15,0.0047919242642819,0.0253492128103971
EquiformerV2 AD with Hessian training,5189,7376,17,0.0022079418413341,0.0109485266730189
EquiformerV2 AD with Hessian training,25952,7377,11,0.0071825464256107,0.0417941249907016
EquiformerV2 AD with Hessian training,41870,7378,16,0.0081436093896627,0.0252312067896127
EquiformerV2 AD with Hessian training,666,7379,14,0.011201387271285,0.0689290538430213
EquiformerV2 AD with Hessian training,24827,7380,16,0.0037865191698074,0.0156790111213922
EquiformerV2 AD with Hessian training,10337,7381,14,0.0105438195168972,0.0416534803807735
EquiformerV2 AD with Hessian training,7793,7382,9,0.0065469718538224,0.4675922691822052
EquiformerV2 AD with Hessian training,44903,7383,12,0.0043360125273466,0.0307594649493694
EquiformerV2 AD with Hessian training,10792,7384,15,0.0264352671802043,0.0688811913132667
EquiformerV2 AD with Hessian training,36869,7385,18,0.0101680401712656,0.0233182292431592
EquiformerV2 AD with Hessian training,22716,7386,21,0.0113690318539738,0.0216648411005735
EquiformerV2 AD with Hessian training,31988,7387,11,0.0094931935891509,0.1434919983148574
EquiformerV2 AD with Hessian training,20454,7388,19,0.0021271454170346,0.010370772331953
EquiformerV2 AD with Hessian training,28387,7389,10,0.0379030816257,0.1168060824275016
EquiformerV2 AD with Hessian training,26892,7390,11,0.0205451175570487,0.2111431211233139
EquiformerV2 AD with Hessian training,812,7391,16,0.0163345467299222,0.0604598075151443
EquiformerV2 AD with Hessian training,37766,7392,15,0.0137525312602519,0.0452275872230529
EquiformerV2 AD with Hessian training,35144,7393,14,0.0041080876253545,0.0201279278844594
EquiformerV2 AD with Hessian training,39590,7394,16,0.0390505902469158,0.0708264932036399
EquiformerV2 AD with Hessian training,3171,7395,12,0.0190450549125671,0.0644437745213508
EquiformerV2 AD with Hessian training,14726,7396,11,0.0845259800553321,0.2025887221097946
EquiformerV2 AD with Hessian training,16239,7397,11,0.0368351452052593,0.1682716459035873
EquiformerV2 AD with Hessian training,22077,7398,14,0.0031998029444366,0.0190145708620548
EquiformerV2 AD with Hessian training,1578,7399,15,0.0291487388312816,0.0595317371189594
EquiformerV2 AD with Hessian training,33808,7400,10,0.0123685076832771,0.0882614403963089
EquiformerV2 AD with Hessian training,24114,7401,17,0.0094854934141039,0.0323706790804863
EquiformerV2 AD with Hessian training,9786,7402,15,0.0139878531917929,0.0662310793995857
EquiformerV2 AD with Hessian training,5546,7403,12,0.0260458849370479,0.1097729280591011
EquiformerV2 AD with Hessian training,30737,7404,15,0.0088248057290911,0.035301100462675
EquiformerV2 AD with Hessian training,2576,7405,10,0.0268806889653205,0.1176863461732864
EquiformerV2 AD with Hessian training,28449,7406,12,0.0084000183269381,0.0453395657241344
EquiformerV2 AD with Hessian training,26282,7407,9,0.0872927457094192,0.2396266162395477
EquiformerV2 AD with Hessian training,36338,7408,11,0.007297842297703,0.0951817706227302
EquiformerV2 AD with Hessian training,40161,7409,16,0.0022625490091741,0.0119813010096549
EquiformerV2 AD with Hessian training,43072,7410,11,0.0068505555391311,0.0486703254282474
EquiformerV2 AD with Hessian training,32649,7411,19,0.0034444683697074,0.0128035703673958
EquiformerV2 AD with Hessian training,2555,7412,16,0.0114341452717781,0.0482166074216365
EquiformerV2 AD with Hessian training,49862,7413,13,0.0133819337934255,0.0506094582378864
EquiformerV2 AD with Hessian training,33365,7414,13,0.0090358983725309,0.0430481322109699
EquiformerV2 AD with Hessian training,28966,7415,14,0.0397365428507328,0.1560690253973007
EquiformerV2 AD with Hessian training,25878,7416,11,0.0547318682074546,0.1567400693893432
EquiformerV2 AD with Hessian training,31987,7417,14,0.016425346955657,0.0530789270997047
EquiformerV2 AD with Hessian training,22645,7418,19,0.0038863744121044,0.0176427569240331
EquiformerV2 AD with Hessian training,16032,7419,12,0.0078519759699702,0.1709057837724685
EquiformerV2 AD with Hessian training,5708,7420,12,0.0182377193123102,0.0704782009124755
EquiformerV2 AD with Hessian training,6294,7421,15,0.0038341926410794,0.0455617420375347
EquiformerV2 AD with Hessian training,12081,7422,16,0.0244448892772197,0.0618443749845027
EquiformerV2 AD with Hessian training,5012,7423,17,0.0271699577569961,0.0632955431938171
EquiformerV2 AD with Hessian training,33812,7424,16,0.0157517082989215,0.0301703419536352
EquiformerV2 AD with Hessian training,35185,7425,12,0.0192220602184534,0.0773849636316299
EquiformerV2 AD with Hessian training,20102,7426,15,0.0055377469398081,0.0223754271864891
EquiformerV2 AD with Hessian training,31935,7427,13,0.0187763627618551,0.1226051971316337
EquiformerV2 AD with Hessian training,25577,7428,10,0.0086885513737797,0.0665981471538543
EquiformerV2 AD with Hessian training,31227,7429,14,0.026201669126749,0.0632426962256431
EquiformerV2 AD with Hessian training,23867,7430,13,0.0081048971042037,0.0378541275858879
EquiformerV2 AD with Hessian training,10966,7431,11,0.0052435961551964,0.0239223055541515
EquiformerV2 AD with Hessian training,12846,7432,14,0.0122979842126369,0.0560737065970897
EquiformerV2 AD with Hessian training,22632,7433,12,0.0084312194958329,0.066739946603775
EquiformerV2 AD with Hessian training,17485,7434,14,0.0052913501858711,0.019649252295494
EquiformerV2 AD with Hessian training,48698,7435,15,0.0081931818276643,0.0740082934498786
EquiformerV2 AD with Hessian training,19654,7436,13,0.008063050918281,0.0478110611438751
EquiformerV2 AD with Hessian training,3833,7437,17,0.0076103387400507,0.026258397847414
EquiformerV2 AD with Hessian training,25338,7438,14,0.0049849590286612,0.0199989788234233
EquiformerV2 AD with Hessian training,34327,7439,16,0.0041214358061552,0.013183263130486
EquiformerV2 AD with Hessian training,1489,7440,10,0.009709982201457,0.0738569125533104
EquiformerV2 AD with Hessian training,43033,7441,14,0.0247246902436018,0.0614103116095066
EquiformerV2 AD with Hessian training,25003,7442,14,0.0105280326679348,0.0611774958670139
EquiformerV2 AD with Hessian training,37834,7443,18,0.004207903984934,0.016800632700324
EquiformerV2 AD with Hessian training,41034,7444,19,0.0047458484768867,0.0163919646292924
EquiformerV2 AD with Hessian training,47576,7445,16,0.0142427291721105,0.0481457524001598
EquiformerV2 AD with Hessian training,2927,7446,19,0.004004456102848,0.014151724986732
EquiformerV2 AD with Hessian training,39775,7447,14,0.0107406722381711,0.0549104027450084
EquiformerV2 AD with Hessian training,40795,7448,9,0.0114757856354117,0.2385786324739456
EquiformerV2 AD with Hessian training,37210,7449,10,0.0098558375611901,0.076724462211132
EquiformerV2 AD with Hessian training,16013,7450,12,0.0375036522746086,0.0789883360266685
EquiformerV2 AD with Hessian training,21250,7451,15,0.0135041316971182,0.0473919436335563
EquiformerV2 AD with Hessian training,43911,7452,10,0.028906911611557,0.1517232656478881
EquiformerV2 AD with Hessian training,41079,7453,16,0.0159268230199813,0.0385255627334117
EquiformerV2 AD with Hessian training,21522,7454,15,0.0098266620188951,0.0393827222287654
EquiformerV2 AD with Hessian training,48238,7455,10,0.008873900398612,0.2991603314876556
EquiformerV2 AD with Hessian training,35191,7456,18,0.0090074725449085,0.0247841384261846
EquiformerV2 AD with Hessian training,27989,7457,14,0.0168109275400638,0.043919563293457
EquiformerV2 AD with Hessian training,37225,7458,11,0.0327002257108688,0.3333180546760559
EquiformerV2 AD with Hessian training,12700,7459,14,0.0168292801827192,0.0516807623207569
EquiformerV2 AD with Hessian training,32891,7460,12,0.0073632970452308,0.0364235788583755
EquiformerV2 AD with Hessian training,29036,7461,13,0.0043410970829427,0.0253278855234384
EquiformerV2 AD with Hessian training,46215,7462,14,0.0230978988111019,0.097634419798851
EquiformerV2 AD with Hessian training,36536,7463,10,0.0149178532883524,0.0868707299232482
EquiformerV2 AD with Hessian training,21104,7464,12,0.0097902277484536,0.0573928691446781
EquiformerV2 AD with Hessian training,26174,7465,15,0.0079672429710626,0.0535870641469955
EquiformerV2 AD with Hessian training,2830,7466,15,0.0323844403028488,0.0709090158343315
EquiformerV2 AD with Hessian training,40493,7467,11,0.0158270709216594,0.0737354233860969
EquiformerV2 AD with Hessian training,4050,7468,16,0.0053724497556686,0.0232805777341127
EquiformerV2 AD with Hessian training,38981,7469,12,0.0204327311366796,0.0746437683701515
EquiformerV2 AD with Hessian training,3886,7470,11,0.0098041174933314,0.1022205501794815
EquiformerV2 AD with Hessian training,50238,7471,14,0.0226868242025375,0.0646395534276962
EquiformerV2 AD with Hessian training,43745,7472,8,0.0156363639980554,0.3448176681995392
EquiformerV2 AD with Hessian training,37818,7473,5,0.0106614595279097,0.5267403721809387
EquiformerV2 AD with Hessian training,37785,7474,13,0.0119587769731879,0.0499588325619697
EquiformerV2 AD with Hessian training,32385,7475,15,0.0091168023645877,0.0397395752370357
EquiformerV2 AD with Hessian training,34747,7476,14,0.006854307372123,0.0716629549860954
EquiformerV2 AD with Hessian training,20949,7477,15,0.0171395577490329,0.0361107476055622
EquiformerV2 AD with Hessian training,3984,7478,15,0.0068272990174591,0.0331727974116802
EquiformerV2 AD with Hessian training,31080,7479,14,0.0144642367959022,0.0560252405703067
EquiformerV2 AD with Hessian training,46286,7480,10,0.0135378707200288,0.1350272297859192
EquiformerV2 AD with Hessian training,15490,7481,14,0.027749391272664,0.0670361146330833
EquiformerV2 AD with Hessian training,29848,7482,13,0.007671327330172,0.0354968570172786
EquiformerV2 AD with Hessian training,41939,7483,19,0.0055756871588528,0.0182040240615606
EquiformerV2 AD with Hessian training,24693,7484,19,0.0074899173341691,0.0214860308915376
EquiformerV2 AD with Hessian training,26791,7485,14,0.0085464976727962,0.0493121407926082
EquiformerV2 AD with Hessian training,15509,7486,15,0.003037326503545,0.0248752199113369
EquiformerV2 AD with Hessian training,45544,7487,13,0.0103364251554012,0.0367549955844879
EquiformerV2 AD with Hessian training,5761,7488,13,0.0225546974688768,0.0573215335607528
EquiformerV2 AD with Hessian training,1012,7489,16,0.0068611502647399,0.0255013071000576
EquiformerV2 AD with Hessian training,33297,7490,13,0.007189504802227,0.0694575607776641
EquiformerV2 AD with Hessian training,4252,7491,12,0.0150874834507703,0.0577565319836139
EquiformerV2 AD with Hessian training,6178,7492,14,0.0055859233252704,0.0226657688617706
EquiformerV2 AD with Hessian training,45706,7493,12,0.0192379001528024,0.0461051426827907
EquiformerV2 AD with Hessian training,8263,7494,14,0.0126089891418814,0.0665722042322158
EquiformerV2 AD with Hessian training,27086,7495,12,0.0120720379054546,0.0556603893637657
EquiformerV2 AD with Hessian training,44433,7496,15,0.0042616799473762,0.0164095349609851
EquiformerV2 AD with Hessian training,29259,7497,10,0.0330077707767486,0.1500024497509002
EquiformerV2 AD with Hessian training,45718,7498,18,0.0067386771552264,0.0185874570161104
EquiformerV2 AD with Hessian training,5779,7499,14,0.0078229801729321,0.0524268820881843
EquiformerV2 AD with Hessian training,4464,7500,16,0.0053897085599601,0.0323350206017494
EquiformerV2 AD with Hessian training,10267,7501,14,0.0131825692951679,0.0482741370797157
EquiformerV2 AD with Hessian training,31392,7502,17,0.0123329209163784,0.0420923754572868
EquiformerV2 AD with Hessian training,42746,7503,10,0.0667757987976074,0.3154008090496063
EquiformerV2 AD with Hessian training,12890,7504,19,0.0029852390289306,0.0106904068961739
EquiformerV2 AD with Hessian training,17957,7505,12,0.0157630443572998,0.1045656651258468
EquiformerV2 AD with Hessian training,2878,7506,11,0.0073843635618686,0.129338800907135
EquiformerV2 AD with Hessian training,9024,7507,11,0.0349541530013084,0.1168388873338699
EquiformerV2 AD with Hessian training,14668,7508,10,0.0219092536717653,0.1066684648394584
EquiformerV2 AD with Hessian training,1419,7509,15,0.0146726351231336,0.0452412590384483
EquiformerV2 AD with Hessian training,47916,7510,17,0.0039576282724738,0.016054818406701
EquiformerV2 AD with Hessian training,37055,7511,8,0.011854681186378,0.0931076183915138
EquiformerV2 AD with Hessian training,22277,7512,10,0.020402044057846,0.3723447620868683
EquiformerV2 AD with Hessian training,35901,7513,17,0.0073596271686255,0.0287124291062355
EquiformerV2 AD with Hessian training,28263,7514,8,0.091403417289257,0.3589120507240295
EquiformerV2 AD with Hessian training,11876,7515,14,0.022462286055088,0.1231761574745178
EquiformerV2 AD with Hessian training,22068,7516,16,0.0031279986724257,0.0171158108860254
EquiformerV2 AD with Hessian training,44969,7517,17,0.0050788791850209,0.0279399566352367
EquiformerV2 AD with Hessian training,14424,7518,12,0.0062959096394479,0.0371953882277011
EquiformerV2 AD with Hessian training,47954,7519,12,0.0164207890629768,0.0609671100974082
EquiformerV2 AD with Hessian training,30121,7520,16,0.0452406071126461,0.0847117975354194
EquiformerV2 AD with Hessian training,47829,7521,11,0.0227101910859346,0.2608232796192169
EquiformerV2 AD with Hessian training,49095,7522,14,0.0055148568935692,0.0296275559812784
EquiformerV2 AD with Hessian training,21538,7523,12,0.0072075673379004,0.0360281877219677
EquiformerV2 AD with Hessian training,14876,7524,16,0.0128821535035967,0.0388089083135128
EquiformerV2 AD with Hessian training,36448,7525,13,0.0234262011945247,0.0767626985907554
EquiformerV2 AD with Hessian training,37757,7526,18,0.0073378286324441,0.0276873633265495
EquiformerV2 AD with Hessian training,6099,7527,16,0.0039135161787271,0.0217041615396738
EquiformerV2 AD with Hessian training,15170,7528,13,0.0205927677452564,0.1123808622360229
EquiformerV2 AD with Hessian training,7228,7529,15,0.0109969554468989,0.04329489544034
EquiformerV2 AD with Hessian training,47257,7530,13,0.0124526070430874,0.0692384615540504
EquiformerV2 AD with Hessian training,48655,7531,14,0.0045574591495096,0.0231490060687065
EquiformerV2 AD with Hessian training,31023,7532,15,0.0149337584152817,0.0441263057291507
EquiformerV2 AD with Hessian training,10243,7533,14,0.0108887562528252,0.068170890212059
EquiformerV2 AD with Hessian training,26857,7534,18,0.0031995172612369,0.0155032826587557
EquiformerV2 AD with Hessian training,18744,7535,14,0.0043360725976526,0.0221207123249769
EquiformerV2 AD with Hessian training,30276,7536,17,0.0063008363358676,0.0198283251374959
EquiformerV2 AD with Hessian training,49558,7537,19,0.0395733192563056,0.0776580274105072
EquiformerV2 AD with Hessian training,24070,7538,8,0.0061782170087099,0.1125145480036735
EquiformerV2 AD with Hessian training,47441,7539,14,0.0228137914091348,0.0778051018714904
EquiformerV2 AD with Hessian training,18120,7540,14,0.0118164056912064,0.0462026484310627
EquiformerV2 AD with Hessian training,24761,7541,14,0.0181560944765806,0.0907192826271057
EquiformerV2 AD with Hessian training,9908,7542,17,0.0150283202528953,0.0362106002867221
EquiformerV2 AD with Hessian training,16441,7543,14,0.0079432297497987,0.0567365363240242
EquiformerV2 AD with Hessian training,28467,7544,12,0.0346912667155265,0.1056468859314918
EquiformerV2 AD with Hessian training,10423,7545,14,0.0263821519911289,0.0538778454065322
EquiformerV2 AD with Hessian training,21468,7546,10,0.0291673559695482,0.1414875239133834
EquiformerV2 AD with Hessian training,3951,7547,11,0.0179311148822307,0.0610916949808597
EquiformerV2 AD with Hessian training,19167,7548,14,0.0076713203452527,0.0395510233938694
EquiformerV2 AD with Hessian training,49284,7549,12,0.0460450090467929,0.1136067360639572
EquiformerV2 AD with Hessian training,33739,7550,10,0.0099078342318534,0.1985408812761306
EquiformerV2 AD with Hessian training,23938,7551,12,0.0068578808568418,0.0706818699836731
EquiformerV2 AD with Hessian training,47355,7552,16,0.0053230463527143,0.0231738593429327
EquiformerV2 AD with Hessian training,33900,7553,13,0.0128555111587047,0.0510895773768425
EquiformerV2 AD with Hessian training,11265,7554,14,0.0080802682787179,0.0403020270168781
EquiformerV2 AD with Hessian training,17450,7555,13,0.0352410897612571,0.1100514009594917
EquiformerV2 AD with Hessian training,30626,7556,14,0.0237379502505064,0.0624995753169059
EquiformerV2 AD with Hessian training,39435,7557,12,0.0045911953784525,0.0398013666272163
EquiformerV2 AD with Hessian training,6597,7558,16,0.0045925425365567,0.0177858415991067
EquiformerV2 AD with Hessian training,25731,7559,16,0.0123811699450016,0.0382312983274459
EquiformerV2 AD with Hessian training,20061,7560,13,0.0058718039654195,0.0307353809475898
EquiformerV2 AD with Hessian training,19348,7561,11,0.0154227614402771,0.0700034573674202
EquiformerV2 AD with Hessian training,31434,7562,13,0.0068676974624395,0.043201345950365
EquiformerV2 AD with Hessian training,20054,7563,14,0.0267196390777826,0.0903614461421966
EquiformerV2 AD with Hessian training,44668,7564,12,0.0069544413127005,0.0443290770053863
EquiformerV2 AD with Hessian training,26950,7565,9,0.0080702425912022,0.1412129700183868
EquiformerV2 AD with Hessian training,9628,7566,12,0.0132051669061183,0.1140692234039306
EquiformerV2 AD with Hessian training,1891,7567,13,0.0020317158196121,0.0177308488637208
EquiformerV2 AD with Hessian training,11140,7568,17,0.0111100384965538,0.0368944704532623
EquiformerV2 AD with Hessian training,27652,7569,10,0.0263962615281343,0.1852487921714782
EquiformerV2 AD with Hessian training,14752,7570,9,0.028760815039277,0.4452622532844543
EquiformerV2 AD with Hessian training,48525,7571,5,0.0120307495817542,0.5049532651901245
EquiformerV2 AD with Hessian training,9536,7572,14,0.005977043416351,0.0287591442465782
EquiformerV2 AD with Hessian training,47606,7573,16,0.0086387824267148,0.0331836976110935
EquiformerV2 AD with Hessian training,37224,7574,17,0.0024957151617854,0.0151284951716661
EquiformerV2 AD with Hessian training,21456,7575,12,0.0391893573105335,0.0928412154316902
EquiformerV2 AD with Hessian training,32435,7576,19,0.0037747605238109,0.011342697776854
EquiformerV2 AD with Hessian training,16156,7577,18,0.0038533140905201,0.0123549615964293
EquiformerV2 AD with Hessian training,46864,7578,12,0.0174224935472011,0.0620650090277195
EquiformerV2 AD with Hessian training,25887,7579,16,0.0063656261190772,0.024861330166459
EquiformerV2 AD with Hessian training,33784,7580,10,0.0126581946387887,0.072744607925415
EquiformerV2 AD with Hessian training,35616,7581,10,0.0078177666291594,0.0760059133172035
EquiformerV2 AD with Hessian training,45578,7582,19,0.0040480066090822,0.0150676826015114
EquiformerV2 AD with Hessian training,16624,7583,14,0.0211609583348035,0.0471937730908393
EquiformerV2 AD with Hessian training,4306,7584,12,0.0199585296213626,0.0817256420850753
EquiformerV2 AD with Hessian training,4167,7585,19,0.0024694777093827,0.0125668831169605
EquiformerV2 AD with Hessian training,8898,7586,16,0.0150304688140749,0.0671549960970878
EquiformerV2 AD with Hessian training,3986,7587,13,0.0021739799994975,0.0161653533577919
EquiformerV2 AD with Hessian training,23559,7588,12,0.0100475437939167,0.0557370260357856
EquiformerV2 AD with Hessian training,47217,7589,13,0.0124225234612822,0.0648048296570777
EquiformerV2 AD with Hessian training,20675,7590,17,0.012068971991539,0.0477796159684658
EquiformerV2 AD with Hessian training,4617,7591,17,0.014406987465918,0.0433950498700141
EquiformerV2 AD with Hessian training,12847,7592,14,0.0072338907048106,0.0306865368038415
EquiformerV2 AD with Hessian training,6652,7593,14,0.00293336273171,0.018807616084814
EquiformerV2 AD with Hessian training,6890,7594,11,0.0169478207826614,0.1099351271986961
EquiformerV2 AD with Hessian training,3907,7595,13,0.0431004352867603,0.1155967861413955
EquiformerV2 AD with Hessian training,2628,7596,19,0.0082872621715068,0.0244590677320957
EquiformerV2 AD with Hessian training,26911,7597,15,0.0054695955477654,0.0252196807414293
EquiformerV2 AD with Hessian training,7368,7598,19,0.0094853062182664,0.0345467180013656
EquiformerV2 AD with Hessian training,14153,7599,17,0.008808584883809,0.02895974740386
EquiformerV2 AD with Hessian training,9974,7600,12,0.0731990486383438,0.1550365686416626
EquiformerV2 AD with Hessian training,44592,7601,17,0.002839385299012,0.0148428976535797
EquiformerV2 AD with Hessian training,18316,7602,12,0.0125213731080293,0.0497871451079845
EquiformerV2 AD with Hessian training,29845,7603,10,0.0140641555190086,0.094003215432167
EquiformerV2 AD with Hessian training,4209,7604,14,0.009929028339684,0.0652602314949035
EquiformerV2 AD with Hessian training,24079,7605,11,0.014026440680027,0.0956906527280807
EquiformerV2 AD with Hessian training,43991,7606,14,0.0184611082077026,0.0460673831403255
EquiformerV2 AD with Hessian training,38163,7607,16,0.0025862313341349,0.0154469013214111
EquiformerV2 AD with Hessian training,12756,7608,14,0.0026502737309783,0.0185609031468629
EquiformerV2 AD with Hessian training,45475,7609,12,0.0570546276867389,0.1338579207658767
EquiformerV2 AD with Hessian training,7353,7610,15,0.0031322229187935,0.0206766165792942
EquiformerV2 AD with Hessian training,31864,7611,20,0.0137651730328798,0.0282816104590892
EquiformerV2 AD with Hessian training,845,7612,13,0.0218905769288539,0.0783854648470878
EquiformerV2 AD with Hessian training,44254,7613,14,0.0077687948942184,0.0533095821738243
EquiformerV2 AD with Hessian training,1790,7614,14,0.0036049531772732,0.0745989084243774
EquiformerV2 AD with Hessian training,36739,7615,13,0.0065660858526825,0.0442330762743949
EquiformerV2 AD with Hessian training,30750,7616,11,0.0178733840584754,0.2601054906845093
EquiformerV2 AD with Hessian training,46658,7617,15,0.0489300414919853,0.1017329469323158
EquiformerV2 AD with Hessian training,42001,7618,16,0.0030196800362318,0.0182260498404502
EquiformerV2 AD with Hessian training,35456,7619,11,0.0217400044202804,0.097834475338459
EquiformerV2 AD with Hessian training,47863,7620,14,0.0232702475041151,0.0780665278434753
EquiformerV2 AD with Hessian training,31416,7621,16,0.0050517516210675,0.0189555957913398
EquiformerV2 AD with Hessian training,23804,7622,14,0.0063942489214241,0.0279255788773298
EquiformerV2 AD with Hessian training,49604,7623,12,0.0129135102033615,0.0848066061735153
EquiformerV2 AD with Hessian training,28375,7624,17,0.0117188552394509,0.0254728887230157
EquiformerV2 AD with Hessian training,33291,7625,14,0.0131154544651508,0.0826040580868721
EquiformerV2 AD with Hessian training,43738,7626,12,0.0171023774892091,0.0967097282409668
EquiformerV2 AD with Hessian training,22603,7627,13,0.0065181255340576,0.032189767807722
EquiformerV2 AD with Hessian training,50108,7628,16,0.0076023358851671,0.0255062747746706
EquiformerV2 AD with Hessian training,45212,7629,14,0.0038307912182062,0.0202163998037576
EquiformerV2 AD with Hessian training,44606,7630,16,0.0038009842392057,0.0143151469528675
EquiformerV2 AD with Hessian training,31088,7631,14,0.005337263457477,0.0326546728610992
EquiformerV2 AD with Hessian training,42621,7632,15,0.031576283276081,0.0935667157173156
EquiformerV2 AD with Hessian training,7468,7633,18,0.0480310209095478,0.0691325366497039
EquiformerV2 AD with Hessian training,10120,7634,12,0.0109516670927405,0.0779100134968757
EquiformerV2 AD with Hessian training,38555,7635,13,0.0128401611000299,0.0460677705705165
EquiformerV2 AD with Hessian training,48596,7636,10,0.0078735155984759,0.0732125416398048
EquiformerV2 AD with Hessian training,4382,7637,15,0.0052634915336966,0.0519979372620582
EquiformerV2 AD with Hessian training,44057,7638,13,0.0038422567304223,0.0226630102843046
EquiformerV2 AD with Hessian training,49999,7639,14,0.0133837694302201,0.0433660745620727
EquiformerV2 AD with Hessian training,24728,7640,13,0.0146257784217596,0.0714833885431289
EquiformerV2 AD with Hessian training,25211,7641,14,0.0035160204861313,0.0244974885135889
EquiformerV2 AD with Hessian training,6572,7642,16,0.0151858692988753,0.0347096398472785
EquiformerV2 AD with Hessian training,20382,7643,12,0.006059902254492,0.03422761708498
EquiformerV2 AD with Hessian training,32394,7644,14,0.0207079071551561,0.0519702658057212
EquiformerV2 AD with Hessian training,7255,7645,15,0.0057993759401142,0.0312914922833442
EquiformerV2 AD with Hessian training,20248,7646,11,0.0051391995511949,0.0544621162116527
EquiformerV2 AD with Hessian training,49389,7647,16,0.0065364423207938,0.0379080437123775
EquiformerV2 AD with Hessian training,38785,7648,18,0.0042030978947877,0.0152739789336919
EquiformerV2 AD with Hessian training,49135,7649,15,0.0120481206104159,0.0352363884449005
EquiformerV2 AD with Hessian training,47818,7650,11,0.0105927204713225,0.1621313840150833
EquiformerV2 AD with Hessian training,47804,7651,14,0.003603549208492,0.0205170102417469
EquiformerV2 AD with Hessian training,28204,7652,16,0.0366777740418911,0.0618236921727657
EquiformerV2 AD with Hessian training,18381,7653,19,0.0073616211302578,0.0271905995905399
EquiformerV2 AD with Hessian training,47875,7654,11,0.0148801505565643,0.096840038895607
EquiformerV2 AD with Hessian training,23848,7655,16,0.0179585628211498,0.0555793568491935
EquiformerV2 AD with Hessian training,43365,7656,11,0.0206264704465866,0.1664767563343048
EquiformerV2 AD with Hessian training,48792,7657,14,0.0116169033572077,0.1008700802922248
EquiformerV2 AD with Hessian training,42259,7658,14,0.0050060059875249,0.025308072566986
EquiformerV2 AD with Hessian training,37681,7659,16,0.0072808414697647,0.0367182493209838
EquiformerV2 AD with Hessian training,2515,7660,13,0.0065244506113231,0.0316061042249202
EquiformerV2 AD with Hessian training,27440,7661,16,0.0060930280014872,0.0286338292062282
EquiformerV2 AD with Hessian training,35172,7662,17,0.0065301330760121,0.0254905130714178
EquiformerV2 AD with Hessian training,25739,7663,15,0.0130787985399365,0.0604233071208
EquiformerV2 AD with Hessian training,5716,7664,21,0.0030886619351804,0.0108924331143498
EquiformerV2 AD with Hessian training,1697,7665,9,0.040414985269308,0.2194959819316864
EquiformerV2 AD with Hessian training,38914,7666,14,0.003732421901077,0.0229668822139501
EquiformerV2 AD with Hessian training,12060,7667,7,0.010006196796894,0.3014219105243683
EquiformerV2 AD with Hessian training,39244,7668,12,0.017393659800291,0.0753921866416931
EquiformerV2 AD with Hessian training,43298,7669,12,0.0137314153835177,0.0758289024233818
EquiformerV2 AD with Hessian training,7912,7670,19,0.0030477887485176,0.0120384432375431
EquiformerV2 AD with Hessian training,8627,7671,14,0.0039352811872959,0.030054161325097
EquiformerV2 AD with Hessian training,18078,7672,19,0.0079371258616447,0.0252385102212429
EquiformerV2 AD with Hessian training,9419,7673,14,0.0180507451295852,0.0635892078280448
EquiformerV2 AD with Hessian training,5005,7674,10,0.0318115316331386,0.1799569427967071
EquiformerV2 AD with Hessian training,43785,7675,14,0.0062847179360687,0.0270895231515169
EquiformerV2 AD with Hessian training,3304,7676,16,0.0032909889705479,0.0216862317174673
EquiformerV2 AD with Hessian training,19640,7677,12,0.0058792233467102,0.0305959209799766
EquiformerV2 AD with Hessian training,47588,7678,16,0.0029062549583613,0.0120967011898756
EquiformerV2 AD with Hessian training,17395,7679,14,0.0032034569885581,0.0178641676902771
EquiformerV2 AD with Hessian training,19244,7680,13,0.030796417966485,0.084136001765728
EquiformerV2 AD with Hessian training,44088,7681,15,0.0092923305928707,0.0501620322465896
EquiformerV2 AD with Hessian training,43937,7682,13,0.0132149569690227,0.0802124887704849
EquiformerV2 AD with Hessian training,10381,7683,14,0.0092269266024231,0.0370108783245086
EquiformerV2 AD with Hessian training,44448,7684,19,0.0056902705691754,0.0301358141005039
EquiformerV2 AD with Hessian training,50226,7685,16,0.0040709665045142,0.0145336193963885
EquiformerV2 AD with Hessian training,50307,7686,17,0.0036795900668948,0.0117466514930129
EquiformerV2 AD with Hessian training,17407,7687,14,0.0089968899264931,0.0804069936275482
EquiformerV2 AD with Hessian training,42333,7688,10,0.0340664125978946,0.2729592621326446
EquiformerV2 AD with Hessian training,41043,7689,14,0.004363692831248,0.0168411750346422
EquiformerV2 AD with Hessian training,14661,7690,18,0.0065411808900535,0.0215966012328863
EquiformerV2 AD with Hessian training,13372,7691,15,0.0213930290192365,0.0618086159229278
EquiformerV2 AD with Hessian training,39917,7692,11,0.0072621665894985,0.0392225980758667
EquiformerV2 AD with Hessian training,8880,7693,8,0.0502966754138469,0.2738043963909149
EquiformerV2 AD with Hessian training,45688,7694,17,0.0117467427626252,0.0387719944119453
EquiformerV2 AD with Hessian training,5844,7695,15,0.026910038664937,0.0872702077031135
EquiformerV2 AD with Hessian training,42021,7696,15,0.0047981403768062,0.0458116084337234
EquiformerV2 AD with Hessian training,44221,7697,12,0.0206475816667079,0.0670175179839134
EquiformerV2 AD with Hessian training,616,7698,13,0.017171636223793,0.0457158461213111
EquiformerV2 AD with Hessian training,44481,7699,14,0.0038210139609873,0.0165429394692182
EquiformerV2 AD with Hessian training,32579,7700,19,0.006723151076585,0.0222652498632669
EquiformerV2 AD with Hessian training,11719,7701,14,0.007398806978017,0.0322627387940883
EquiformerV2 AD with Hessian training,1768,7702,11,0.008049177005887,0.0497343614697456
EquiformerV2 AD with Hessian training,43651,7703,14,0.0149143356829881,0.0608236789703369
EquiformerV2 AD with Hessian training,17510,7704,15,0.0370590612292289,0.1039037331938743
EquiformerV2 AD with Hessian training,38220,7705,11,0.0026970664039254,0.0208008959889411
EquiformerV2 AD with Hessian training,29448,7706,15,0.0083176558837294,0.0408046580851078
EquiformerV2 AD with Hessian training,47081,7707,17,0.0060183024033904,0.015835391357541
EquiformerV2 AD with Hessian training,47239,7708,14,0.0511059537529945,0.0648670718073844
EquiformerV2 AD with Hessian training,34794,7709,16,0.0041766874492168,0.0246320720762014
EquiformerV2 AD with Hessian training,28588,7710,14,0.0066447048448026,0.0344042666256427
EquiformerV2 AD with Hessian training,10797,7711,15,0.0043407566845417,0.0209195241332054
EquiformerV2 AD with Hessian training,37762,7712,15,0.016034273430705,0.0342020913958549
EquiformerV2 AD with Hessian training,37606,7713,15,0.0058854520320892,0.0584881380200386
EquiformerV2 AD with Hessian training,12221,7714,15,0.005486839916557,0.0219742953777313
EquiformerV2 AD with Hessian training,50834,7715,15,0.0041675898246467,0.0202109199017286
EquiformerV2 AD with Hessian training,10131,7716,19,0.0025305382441729,0.0125588094815611
EquiformerV2 AD with Hessian training,39637,7717,14,0.0041621308773756,0.0189966820180416
EquiformerV2 AD with Hessian training,31595,7718,14,0.0053296331316232,0.0185982082039117
EquiformerV2 AD with Hessian training,32003,7719,17,0.0036661205813288,0.0157065521925687
EquiformerV2 AD with Hessian training,41051,7720,14,0.0211682002991437,0.0586708411574363
EquiformerV2 AD with Hessian training,39020,7721,16,0.0023581362329423,0.0145313013345003
EquiformerV2 AD with Hessian training,33522,7722,10,0.0166719257831573,0.4013994038105011
EquiformerV2 AD with Hessian training,32604,7723,12,0.0072466009296476,0.0353304594755172
EquiformerV2 AD with Hessian training,19612,7724,10,0.0345754772424697,0.2469514459371566
EquiformerV2 AD with Hessian training,46487,7725,9,0.0208641998469829,0.1678769439458847
EquiformerV2 AD with Hessian training,48986,7726,11,0.0061400444246828,0.047646477818489
EquiformerV2 AD with Hessian training,38500,7727,15,0.0084740836173295,0.0521243177354335
EquiformerV2 AD with Hessian training,33112,7728,14,0.0022925280500203,0.0172842442989349
EquiformerV2 AD with Hessian training,4932,7729,11,0.0085688764229416,0.0469636023044586
EquiformerV2 AD with Hessian training,6702,7730,15,0.004268204793334,0.0230912007391452
EquiformerV2 AD with Hessian training,38088,7731,13,0.0364740528166294,0.0947291627526283
EquiformerV2 AD with Hessian training,37144,7732,10,0.0462416633963584,0.1710671335458755
EquiformerV2 AD with Hessian training,14089,7733,15,0.0245966594666242,0.0577837079763412
EquiformerV2 AD with Hessian training,48803,7734,16,0.0067825424484908,0.0239616390317678
EquiformerV2 AD with Hessian training,30751,7735,12,0.0032485059928148,0.0240881294012069
EquiformerV2 AD with Hessian training,18669,7736,16,0.0106963953003287,0.0537993907928466
EquiformerV2 AD with Hessian training,27305,7737,13,0.0186595432460308,0.0446377843618392
EquiformerV2 AD with Hessian training,894,7738,18,0.008927209302783,0.0286581125110387
EquiformerV2 AD with Hessian training,26936,7739,19,0.0659961029887199,0.0778198391199112
EquiformerV2 AD with Hessian training,8,7740,12,0.0112815396860241,0.0616625323891639
EquiformerV2 AD with Hessian training,3307,7741,11,0.0189078655093908,0.1795695424079895
EquiformerV2 AD with Hessian training,35491,7742,13,0.0140737118199467,0.0452133789658546
EquiformerV2 AD with Hessian training,28205,7743,11,0.0032313880510628,0.0296248234808444
EquiformerV2 AD with Hessian training,32610,7744,9,0.0220379084348678,0.1939027905464172
EquiformerV2 AD with Hessian training,25709,7745,10,0.0097664399072527,0.0789140984416008
EquiformerV2 AD with Hessian training,28811,7746,14,0.0132635859772562,0.0477752834558486
EquiformerV2 AD with Hessian training,40148,7747,15,0.0106587363407015,0.0618060156702995
EquiformerV2 AD with Hessian training,20265,7748,16,0.0069445753470063,0.0224422980099916
EquiformerV2 AD with Hessian training,36535,7749,16,0.0056847427040338,0.0209064576774835
EquiformerV2 AD with Hessian training,7698,7750,12,0.0222439747303724,0.0710072368383407
EquiformerV2 AD with Hessian training,36485,7751,14,0.0134629337117075,0.0476884171366691
EquiformerV2 AD with Hessian training,42675,7752,14,0.0100982766598463,0.0482138581573963
EquiformerV2 AD with Hessian training,35197,7753,13,0.0046131378039717,0.0296726673841476
EquiformerV2 AD with Hessian training,36122,7754,13,0.0595293343067169,0.1242186650633812
EquiformerV2 AD with Hessian training,44927,7755,14,0.0090117920190095,0.0361072123050689
EquiformerV2 AD with Hessian training,17370,7756,10,0.0093386312946677,0.0862864553928375
EquiformerV2 AD with Hessian training,24757,7757,12,0.0040138084441423,0.0271045230329036
EquiformerV2 AD with Hessian training,44531,7758,15,0.0027989477384835,0.0207104459404945
EquiformerV2 AD with Hessian training,37221,7759,13,0.0104611963033676,0.0537011139094829
EquiformerV2 AD with Hessian training,11295,7760,15,0.0116759659722447,0.0631099417805671
EquiformerV2 AD with Hessian training,37442,7761,13,0.0072879288345575,0.0352553725242614
EquiformerV2 AD with Hessian training,49070,7762,12,0.0163292102515697,0.053044531494379
EquiformerV2 AD with Hessian training,21751,7763,16,0.0026046715211123,0.0164286326617002
EquiformerV2 AD with Hessian training,7636,7764,12,0.0062451385892927,0.0326561965048313
EquiformerV2 AD with Hessian training,9230,7765,12,0.0056060054339468,0.0341397523880004
EquiformerV2 AD with Hessian training,47846,7766,12,0.026659658178687,0.0813033580780029
EquiformerV2 AD with Hessian training,33446,7767,9,0.0245977956801652,0.1698170006275177
EquiformerV2 AD with Hessian training,1378,7768,16,0.0152156902477145,0.0314456783235073
EquiformerV2 AD with Hessian training,43637,7769,17,0.0055482704192399,0.023697379976511
EquiformerV2 AD with Hessian training,39553,7770,14,0.0073048318736255,0.0281878747045993
EquiformerV2 AD with Hessian training,20174,7771,17,0.002658020472154,0.0130397090688347
EquiformerV2 AD with Hessian training,41614,7772,16,0.0022441479377448,0.013984952121973
EquiformerV2 AD with Hessian training,5311,7773,19,0.0038556666113436,0.0167750250548124
EquiformerV2 AD with Hessian training,47245,7774,15,0.0023957039229571,0.0132345994934439
EquiformerV2 AD with Hessian training,5839,7775,14,0.0058172536082565,0.0213655829429626
EquiformerV2 AD with Hessian training,8892,7776,11,0.0136134102940559,0.0556220933794975
EquiformerV2 AD with Hessian training,13228,7777,14,0.0068266494199633,0.0313606783747673
EquiformerV2 AD with Hessian training,14268,7778,16,0.0146993901580572,0.0296235159039497
EquiformerV2 AD with Hessian training,48296,7779,13,0.00286973756738,0.014544989913702
EquiformerV2 AD with Hessian training,6762,7780,16,0.0039146011695265,0.0190312750637531
EquiformerV2 AD with Hessian training,39273,7781,16,0.0066132172942161,0.0252786800265312
EquiformerV2 AD with Hessian training,42851,7782,14,0.0041690180078148,0.027911227196455
EquiformerV2 AD with Hessian training,12506,7783,14,0.008712432347238,0.0306081920862197
EquiformerV2 AD with Hessian training,17924,7784,11,0.0231436137109994,0.121255025267601
EquiformerV2 AD with Hessian training,12063,7785,14,0.0309438966214656,0.0723771452903747
EquiformerV2 AD with Hessian training,50740,7786,14,0.0049136858433485,0.0214947015047073
EquiformerV2 AD with Hessian training,29910,7787,19,0.0019872253760695,0.0107062570750713
EquiformerV2 AD with Hessian training,7927,7788,13,0.0361786261200904,0.122421808540821
EquiformerV2 AD with Hessian training,41751,7789,15,0.006294728256762,0.0260775070637464
EquiformerV2 AD with Hessian training,23638,7790,17,0.0057629793882369,0.0243887156248092
EquiformerV2 AD with Hessian training,50708,7791,8,0.032443817704916,0.5005424618721008
EquiformerV2 AD with Hessian training,43100,7792,14,0.006299992557615,0.0332191847264766
EquiformerV2 AD with Hessian training,34273,7793,16,0.0040123239159584,0.0192293655127286
EquiformerV2 AD with Hessian training,44786,7794,14,0.0068146912381052,0.0331475250422954
EquiformerV2 AD with Hessian training,9996,7795,17,0.0052331979386508,0.0155228991061449
EquiformerV2 AD with Hessian training,18217,7796,12,0.0093985917046666,0.0548318289220333
EquiformerV2 AD with Hessian training,7784,7797,15,0.0036349892616271,0.0233070123940706
EquiformerV2 AD with Hessian training,32529,7798,16,0.0121742766350507,0.0483073480427265
EquiformerV2 AD with Hessian training,47794,7799,13,0.0176042467355728,0.0510698556900024
EquiformerV2 AD with Hessian training,35993,7800,21,0.0049801277928054,0.0178972072899341
EquiformerV2 AD with Hessian training,11470,7801,17,0.057634387165308,0.1095441654324531
EquiformerV2 AD with Hessian training,39745,7802,15,0.0057402253150939,0.0194380860775709
EquiformerV2 AD with Hessian training,43598,7803,15,0.0136185847222805,0.0528926290571689
EquiformerV2 AD with Hessian training,9170,7804,15,0.0048733744770288,0.0242656115442514
EquiformerV2 AD with Hessian training,44729,7805,10,0.0166926346719265,0.4453936815261841
EquiformerV2 AD with Hessian training,24143,7806,17,0.0064076045528054,0.0257847979664802
EquiformerV2 AD with Hessian training,9491,7807,10,0.0045984569005668,0.1046933680772781
EquiformerV2 AD with Hessian training,46109,7808,13,0.0071567222476005,0.0406059436500072
EquiformerV2 AD with Hessian training,43875,7809,19,0.0070631145499646,0.0199757553637027
EquiformerV2 AD with Hessian training,16891,7810,16,0.0036192720290273,0.0247981194406747
EquiformerV2 AD with Hessian training,13811,7811,12,0.0723255202174186,0.1349099725484848
EquiformerV2 AD with Hessian training,15995,7812,14,0.0039151418022811,0.0185229815542697
EquiformerV2 AD with Hessian training,33751,7813,16,0.0059441137127578,0.0219488684087991
EquiformerV2 AD with Hessian training,18300,7814,13,0.0055046523921191,0.0221760869026184
EquiformerV2 AD with Hessian training,11560,7815,9,0.0268525555729866,0.349522203207016
EquiformerV2 AD with Hessian training,46767,7816,15,0.0200564321130514,0.0713056251406669
EquiformerV2 AD with Hessian training,41027,7817,15,0.0262978989630937,0.0678037106990814
EquiformerV2 AD with Hessian training,26219,7818,14,0.0071863392367959,0.0257438085973262
EquiformerV2 AD with Hessian training,37290,7819,16,0.0142171680927276,0.0513931401073932
EquiformerV2 AD with Hessian training,14598,7820,14,0.0179927255958318,0.079348586499691
EquiformerV2 AD with Hessian training,16416,7821,14,0.0219909865409135,0.0863481536507606
EquiformerV2 AD with Hessian training,13524,7822,19,0.0043409033678472,0.0177495963871479
EquiformerV2 AD with Hessian training,27341,7823,16,0.0037618314381688,0.0196145419031381
EquiformerV2 AD with Hessian training,44874,7824,18,0.0018439048435539,0.0096165174618363
EquiformerV2 AD with Hessian training,38832,7825,17,0.0154677117243409,0.0454907976090908
EquiformerV2 AD with Hessian training,11394,7826,16,0.0052731931209564,0.0295440331101417
EquiformerV2 AD with Hessian training,5171,7827,15,0.0084002977237105,0.0243542250245809
EquiformerV2 AD with Hessian training,42703,7828,10,0.0245042257010936,0.0954416915774345
EquiformerV2 AD with Hessian training,21708,7829,15,0.0078806430101394,0.0220775119960308
EquiformerV2 AD with Hessian training,26521,7830,11,0.0232308451086282,0.1184931397438049
EquiformerV2 AD with Hessian training,18880,7831,10,0.0057254843413829,0.0429703071713447
EquiformerV2 AD with Hessian training,3824,7832,12,0.1076235622167587,0.2661734819412231
EquiformerV2 AD with Hessian training,31653,7833,11,0.1292767077684402,0.2329463809728622
EquiformerV2 AD with Hessian training,12374,7834,18,0.0136165376752614,0.0308371074497699
EquiformerV2 AD with Hessian training,47578,7835,11,0.0554605163633823,0.1533738523721695
EquiformerV2 AD with Hessian training,20849,7836,12,0.0255958680063486,0.120954692363739
EquiformerV2 AD with Hessian training,21665,7837,14,0.0185657180845737,0.058367945253849
EquiformerV2 AD with Hessian training,2142,7838,13,0.0124377170577645,0.0500411242246627
EquiformerV2 AD with Hessian training,36705,7839,17,0.0208109598606824,0.0693029537796974
EquiformerV2 AD with Hessian training,8741,7840,11,0.0313709452748298,0.1324312388896942
EquiformerV2 AD with Hessian training,9641,7841,12,0.0047868462279438,0.0420667119324207
EquiformerV2 AD with Hessian training,30541,7842,11,0.0137306181713938,0.1014814898371696
EquiformerV2 AD with Hessian training,33581,7843,15,0.0038447880651801,0.05006605386734
EquiformerV2 AD with Hessian training,13059,7844,9,0.0187435634434223,0.1380620896816253
EquiformerV2 AD with Hessian training,20602,7845,19,0.0141076147556304,0.0515075363218784
EquiformerV2 AD with Hessian training,7298,7846,18,0.0085368826985359,0.0243388414382934
EquiformerV2 AD with Hessian training,20685,7847,17,0.0560416355729103,0.0778491422533989
EquiformerV2 AD with Hessian training,30410,7848,11,0.0035212449729442,0.0358305163681507
EquiformerV2 AD with Hessian training,36930,7849,18,0.0022577499039471,0.0091119715943932
EquiformerV2 AD with Hessian training,20848,7850,15,0.0772665813565254,0.1542101055383682
EquiformerV2 AD with Hessian training,39862,7851,10,0.0486277118325233,0.2393496483564376
EquiformerV2 AD with Hessian training,968,7852,15,0.0066479770466685,0.044199950993061
EquiformerV2 AD with Hessian training,43758,7853,15,0.0132213346660137,0.0438271462917327
EquiformerV2 AD with Hessian training,39364,7854,12,0.0243633035570383,0.0840867385268211
EquiformerV2 AD with Hessian training,9237,7855,16,0.0047697992995381,0.0235798954963684
EquiformerV2 AD with Hessian training,16924,7856,15,0.0042977570556104,0.0235946085304021
EquiformerV2 AD with Hessian training,49414,7857,8,0.0411713421344757,0.5284565687179565
EquiformerV2 AD with Hessian training,32970,7858,16,0.0045280274935066,0.0248776637017726
EquiformerV2 AD with Hessian training,17685,7859,16,0.0053568943403661,0.0257764123380184
EquiformerV2 AD with Hessian training,438,7860,15,0.0083351880311965,0.0283505544066429
EquiformerV2 AD with Hessian training,16127,7861,16,0.0046034110710024,0.0249348487704992
EquiformerV2 AD with Hessian training,38012,7862,12,0.0030577511060982,0.024253100156784
EquiformerV2 AD with Hessian training,26060,7863,15,0.0060328114777803,0.0323079079389572
EquiformerV2 AD with Hessian training,24974,7864,11,0.0128795644268393,0.0656346231698989
EquiformerV2 AD with Hessian training,25012,7865,12,0.0327886529266834,0.0928603112697601
EquiformerV2 AD with Hessian training,47888,7866,11,0.0048707397654652,0.201219841837883
EquiformerV2 AD with Hessian training,15321,7867,11,0.0044886446557939,0.0295443255454301
EquiformerV2 AD with Hessian training,43178,7868,11,0.0289306528866291,0.1090851128101348
EquiformerV2 AD with Hessian training,91,7869,10,0.0450246073305606,0.1396760642528534
EquiformerV2 AD with Hessian training,47401,7870,14,0.0118371360003948,0.0448703728616237
EquiformerV2 AD with Hessian training,26377,7871,13,0.0256089884787797,0.0837710723280906
EquiformerV2 AD with Hessian training,36481,7872,19,0.0076192687265574,0.0169112831354141
EquiformerV2 AD with Hessian training,30215,7873,14,0.0168017037212848,0.0528335161507129
EquiformerV2 AD with Hessian training,1989,7874,10,0.086856797337532,0.2597662806510925
EquiformerV2 AD with Hessian training,18896,7875,16,0.0126487296074628,0.0421192832291126
EquiformerV2 AD with Hessian training,22880,7876,15,0.0052699926309287,0.0392103865742683
EquiformerV2 AD with Hessian training,16283,7877,14,0.011614185757935,0.0492605604231357
EquiformerV2 AD with Hessian training,33201,7878,11,0.0096837971359491,0.2848972976207733
EquiformerV2 AD with Hessian training,27248,7879,15,0.0122425258159637,0.041107028722763
EquiformerV2 AD with Hessian training,9812,7880,12,0.010720232501626,0.0583623200654983
EquiformerV2 AD with Hessian training,4196,7881,15,0.0032146673183888,0.019480213522911
EquiformerV2 AD with Hessian training,37923,7882,11,0.015446345321834,0.1879621297121048
EquiformerV2 AD with Hessian training,7570,7883,12,0.0118127055466175,0.1478057652711868
EquiformerV2 AD with Hessian training,39844,7884,15,0.0212006997317075,0.0492443814873695
EquiformerV2 AD with Hessian training,32907,7885,12,0.0300113037228584,0.0869250148534774
EquiformerV2 AD with Hessian training,41011,7886,11,0.017985314130783,0.163569375872612
EquiformerV2 AD with Hessian training,36908,7887,11,0.0042337705381214,0.0253591202199459
EquiformerV2 AD with Hessian training,11314,7888,12,0.0085578924044966,0.0263216998428106
EquiformerV2 AD with Hessian training,24685,7889,10,0.0105962436646223,0.18074731528759
EquiformerV2 AD with Hessian training,11372,7890,12,0.005790926516056,0.0338612310588359
EquiformerV2 AD with Hessian training,7469,7891,14,0.0049937986768782,0.0202066078782081
EquiformerV2 AD with Hessian training,20065,7892,15,0.0170770436525344,0.0787121281027793
EquiformerV2 AD with Hessian training,50696,7893,9,0.0108311213552951,0.0553048476576805
EquiformerV2 AD with Hessian training,28753,7894,12,0.0093865068629384,0.0821564495563507
EquiformerV2 AD with Hessian training,44548,7895,15,0.004337191581726,0.0182358566671609
EquiformerV2 AD with Hessian training,31361,7896,13,0.0103952065110206,0.0694066956639289
EquiformerV2 AD with Hessian training,17439,7897,19,0.003870370099321,0.0211167950183153
EquiformerV2 AD with Hessian training,2969,7898,10,0.0133585399016737,0.2377428263425827
EquiformerV2 AD with Hessian training,50200,7899,14,0.0026346498634666,0.0144678903743624
EquiformerV2 AD with Hessian training,11686,7900,14,0.0066484152339398,0.0300398524850606
EquiformerV2 AD with Hessian training,50756,7901,12,0.0269770510494709,0.1163999065756797
EquiformerV2 AD with Hessian training,35356,7902,18,0.0154795739799737,0.0430284887552261
EquiformerV2 AD with Hessian training,21032,7903,13,0.0200893338769674,0.0794263631105423
EquiformerV2 AD with Hessian training,8600,7904,13,0.0098014613613486,0.0625545233488082
EquiformerV2 AD with Hessian training,6700,7905,19,0.0062460037879645,0.0208726935088634
EquiformerV2 AD with Hessian training,35238,7906,16,0.0153418611735105,0.0352483429014682
EquiformerV2 AD with Hessian training,3193,7907,19,0.0488086976110935,0.0562465712428092
EquiformerV2 AD with Hessian training,46259,7908,14,0.0219565276056528,0.0480563193559646
EquiformerV2 AD with Hessian training,43568,7909,17,0.0157588273286819,0.0324608087539672
EquiformerV2 AD with Hessian training,35989,7910,11,0.0043799984268844,0.0275784153491258
EquiformerV2 AD with Hessian training,37674,7911,13,0.0090946787968277,0.0468811206519603
EquiformerV2 AD with Hessian training,30147,7912,16,0.0042803371325135,0.0193480290472507
EquiformerV2 AD with Hessian training,2602,7913,15,0.0119200842455029,0.0361447893083095
EquiformerV2 AD with Hessian training,49449,7914,13,0.0229431875050067,0.0903049856424331
EquiformerV2 AD with Hessian training,2543,7915,15,0.0030507347546517,0.0184272043406963
EquiformerV2 AD with Hessian training,42401,7916,7,0.0100560113787651,0.6281781792640686
EquiformerV2 AD with Hessian training,12284,7917,14,0.0206826832145452,0.0700684934854507
EquiformerV2 AD with Hessian training,4187,7918,10,0.0058439495041966,0.0782259702682495
EquiformerV2 AD with Hessian training,2404,7919,19,0.0032719357404857,0.0115717127919197
EquiformerV2 AD with Hessian training,21444,7920,10,0.0099974237382411,0.1374740898609161
EquiformerV2 AD with Hessian training,20384,7921,9,0.0435194186866283,0.2623142600059509
EquiformerV2 AD with Hessian training,44047,7922,12,0.0072073657065629,0.0677070468664169
EquiformerV2 AD with Hessian training,43289,7923,11,0.0126003539189696,0.1057568341493606
EquiformerV2 AD with Hessian training,17520,7924,12,0.0856694877147674,0.1953170895576477
EquiformerV2 AD with Hessian training,50342,7925,14,0.0076855137012898,0.0409590005874633
EquiformerV2 AD with Hessian training,1098,7926,14,0.0146028427407145,0.0808676034212112
EquiformerV2 AD with Hessian training,37151,7927,15,0.0178089383989572,0.0610384196043014
EquiformerV2 AD with Hessian training,13937,7928,11,0.0100655360147356,0.1070457324385643
EquiformerV2 AD with Hessian training,37889,7929,14,0.0215239506214857,0.0592614598572254
EquiformerV2 AD with Hessian training,35713,7930,14,0.0068570589646697,0.0445303879678249
EquiformerV2 AD with Hessian training,27680,7931,17,0.0070527675561606,0.0481446832418441
EquiformerV2 AD with Hessian training,15850,7932,14,0.0055696726776659,0.0294532384723424
EquiformerV2 AD with Hessian training,36916,7933,9,0.0363770425319671,0.199773222208023
EquiformerV2 AD with Hessian training,5340,7934,19,0.0040583289228379,0.0138572948053479
EquiformerV2 AD with Hessian training,40815,7935,15,0.0039490745402872,0.0187096148729324
EquiformerV2 AD with Hessian training,5431,7936,16,0.0050771185196936,0.0189032852649688
EquiformerV2 AD with Hessian training,28983,7937,14,0.0354962199926376,0.088004395365715
EquiformerV2 AD with Hessian training,47438,7938,18,0.0282510314136743,0.0457269810140132
EquiformerV2 AD with Hessian training,27486,7939,15,0.036979004740715,0.0592759400606155
EquiformerV2 AD with Hessian training,38242,7940,11,0.0106188962236046,0.1725215017795562
EquiformerV2 AD with Hessian training,3015,7941,17,0.01462356839329,0.0523875653743743
EquiformerV2 AD with Hessian training,22439,7942,16,0.0074239373207092,0.0300411824136972
EquiformerV2 AD with Hessian training,594,7943,14,0.0093231815844774,0.0581332966685295
EquiformerV2 AD with Hessian training,41734,7944,13,0.0027517701964825,0.0194897688925266
EquiformerV2 AD with Hessian training,953,7945,12,0.0114046409726142,0.0743910148739814
EquiformerV2 AD with Hessian training,22634,7946,10,0.0187699366360902,0.1437714397907257
EquiformerV2 AD with Hessian training,36789,7947,21,0.0042426409199833,0.0134739689528942
EquiformerV2 AD with Hessian training,6918,7948,13,0.0179482828825712,0.0928824692964553
EquiformerV2 AD with Hessian training,11053,7949,14,0.0036882013082504,0.0325390323996543
EquiformerV2 AD with Hessian training,37662,7950,14,0.0102277202531695,0.0350901260972023
EquiformerV2 AD with Hessian training,49492,7951,17,0.0157807283103466,0.0374877452850341
EquiformerV2 AD with Hessian training,32934,7952,16,0.006386418826878,0.0212643910199403
EquiformerV2 AD with Hessian training,29811,7953,13,0.0899498686194419,0.2424615025520324
EquiformerV2 AD with Hessian training,23385,7954,16,0.0177039615809917,0.0863458812236785
EquiformerV2 AD with Hessian training,19649,7955,17,0.0038218791596591,0.0126578724011778
EquiformerV2 AD with Hessian training,32955,7956,17,0.0054626679047942,0.0215489007532596
EquiformerV2 AD with Hessian training,17885,7957,10,0.0050187101587653,0.054494459182024
EquiformerV2 AD with Hessian training,24687,7958,14,0.0079766251146793,0.0277963820844888
EquiformerV2 AD with Hessian training,28720,7959,13,0.0228023473173379,0.0812648013234138
EquiformerV2 AD with Hessian training,43273,7960,12,0.0134263141080737,0.057826142758131
EquiformerV2 AD with Hessian training,10510,7961,12,0.022345433011651,0.0915040746331214
EquiformerV2 AD with Hessian training,7586,7962,19,0.003986251540482,0.0116603337228298
EquiformerV2 AD with Hessian training,38676,7963,16,0.019723542034626,0.0508437156677246
EquiformerV2 AD with Hessian training,21016,7964,13,0.0098504144698381,0.0639000162482261
EquiformerV2 AD with Hessian training,42156,7965,14,0.0235144533216953,0.0545509345829486
EquiformerV2 AD with Hessian training,37887,7966,10,0.0317788571119308,0.1256814301013946
EquiformerV2 AD with Hessian training,42428,7967,12,0.0239064469933509,0.0757088288664817
EquiformerV2 AD with Hessian training,49452,7968,15,0.0069935149513185,0.0354873500764369
EquiformerV2 AD with Hessian training,24454,7969,13,0.0111092319712042,0.0482280328869819
EquiformerV2 AD with Hessian training,10462,7970,14,0.008506417274475,0.038189273327589
EquiformerV2 AD with Hessian training,38213,7971,12,0.0159690883010625,0.0729758441448211
EquiformerV2 AD with Hessian training,23803,7972,12,0.0075837573967874,0.0575173832476139
EquiformerV2 AD with Hessian training,25320,7973,11,0.0165677536278963,0.1155437678098678
EquiformerV2 AD with Hessian training,29707,7974,15,0.0351386927068233,0.0878127813339233
EquiformerV2 AD with Hessian training,2349,7975,17,0.0069847754202783,0.0228882804512977
EquiformerV2 AD with Hessian training,38864,7976,10,0.0099283205345273,0.315464973449707
EquiformerV2 AD with Hessian training,30253,7977,13,0.0107018686830997,0.049500286579132
EquiformerV2 AD with Hessian training,42313,7978,14,0.0101581718772649,0.0484758764505386
EquiformerV2 AD with Hessian training,26346,7979,8,0.0085437959060072,0.1024447903037071
EquiformerV2 AD with Hessian training,15961,7980,12,0.0030176520813256,0.0357101261615753
EquiformerV2 AD with Hessian training,15026,7981,10,0.011596942320466,0.0641646832227706
EquiformerV2 AD with Hessian training,41395,7982,13,0.0038304061163216,0.0402465015649795
EquiformerV2 AD with Hessian training,30040,7983,15,0.0090147405862808,0.0284121129661798
EquiformerV2 AD with Hessian training,19433,7984,15,0.0030124839395284,0.0188501011580228
EquiformerV2 AD with Hessian training,44390,7985,13,0.0196551755070686,0.0641301944851875
EquiformerV2 AD with Hessian training,23254,7986,17,0.0127625772729516,0.0268648080527782
EquiformerV2 AD with Hessian training,35931,7987,7,0.0228118374943733,0.5891640782356262
EquiformerV2 AD with Hessian training,16327,7988,11,0.0105299679562449,0.423321783542633
EquiformerV2 AD with Hessian training,24573,7989,19,0.0057016662321984,0.0256676934659481
EquiformerV2 AD with Hessian training,6701,7990,14,0.0077470713295042,0.0479762554168701
EquiformerV2 AD with Hessian training,2271,7991,12,0.0064432867802679,0.0681093037128448
EquiformerV2 AD with Hessian training,2484,7992,15,0.0105464663356542,0.0521292798221111
EquiformerV2 AD with Hessian training,36245,7993,13,0.032676562666893,0.0833575278520584
EquiformerV2 AD with Hessian training,8515,7994,17,0.00579275470227,0.0219598356634378
EquiformerV2 AD with Hessian training,32162,7995,14,0.016539791598916,0.0451819412410259
EquiformerV2 AD with Hessian training,42569,7996,14,0.0091541511937975,0.0274178739637136
EquiformerV2 AD with Hessian training,37728,7997,14,0.0101108662784099,0.0393622443079948
EquiformerV2 AD with Hessian training,41486,7998,16,0.0068594617769122,0.0314438119530677
EquiformerV2 AD with Hessian training,45874,7999,13,0.068714439868927,0.165651649236679
EquiformerV2 AD with Hessian training,36633,8000,15,0.0040261587128043,0.0507676862180233
EquiformerV2 AD with Hessian training,41083,8001,12,0.0181595552712678,0.1349488943815231
EquiformerV2 AD with Hessian training,36247,8002,14,0.1004796028137207,0.1639580726623535
EquiformerV2 AD with Hessian training,4742,8003,16,0.012619562447071,0.0456423796713352
EquiformerV2 AD with Hessian training,37934,8004,12,0.0252091698348522,0.0906632244586944
EquiformerV2 AD with Hessian training,32422,8005,13,0.0172765627503395,0.1301161646842956
EquiformerV2 AD with Hessian training,12725,8006,14,0.0678486675024032,0.1229482963681221
EquiformerV2 AD with Hessian training,28122,8007,9,0.0366414301097393,0.1319465786218643
EquiformerV2 AD with Hessian training,31691,8008,12,0.1298152655363083,0.2726375758647918
EquiformerV2 AD with Hessian training,8472,8009,13,0.0068032979033887,0.0398640111088752
EquiformerV2 AD with Hessian training,44717,8010,10,0.1334447860717773,0.3573738634586334
EquiformerV2 AD with Hessian training,19819,8011,15,0.0106799965724349,0.0389243736863136
EquiformerV2 AD with Hessian training,36751,8012,17,0.0123860808089375,0.0481044836342334
EquiformerV2 AD with Hessian training,31298,8013,16,0.0054709427058696,0.0186752192676067
EquiformerV2 AD with Hessian training,6932,8014,14,0.0070818183012306,0.0209284182637929
EquiformerV2 AD with Hessian training,48139,8015,15,0.0057202605530619,0.0502165332436561
EquiformerV2 AD with Hessian training,2563,8016,12,0.0080790007486939,0.0465963780879974
EquiformerV2 AD with Hessian training,32068,8017,13,0.0082321595400571,0.0424502827227115
EquiformerV2 AD with Hessian training,25614,8018,5,0.010672640055418,0.657402515411377
EquiformerV2 AD with Hessian training,30184,8019,12,0.0060626738704741,0.0502076782286167
EquiformerV2 AD with Hessian training,27087,8020,15,0.0139911770820617,0.0494671501219272
EquiformerV2 AD with Hessian training,44946,8021,13,0.0371082611382007,0.1092459708452224
EquiformerV2 AD with Hessian training,46720,8022,15,0.0071504302322864,0.0437244363129138
EquiformerV2 AD with Hessian training,36787,8023,12,0.0074207931756973,0.0412804037332534
EquiformerV2 AD with Hessian training,29138,8024,17,0.0071845343336462,0.0307087581604719
EquiformerV2 AD with Hessian training,13636,8025,15,0.0133174462243914,0.0352394431829452
EquiformerV2 AD with Hessian training,8848,8026,12,0.0299732480198144,0.199949100613594
EquiformerV2 AD with Hessian training,3242,8027,18,0.0176997762173414,0.0511067770421505
EquiformerV2 AD with Hessian training,39193,8028,12,0.0168831069022417,0.0672234073281288
EquiformerV2 AD with Hessian training,2776,8029,17,0.0026122040580958,0.0159489922225475
EquiformerV2 AD with Hessian training,14492,8030,14,0.0150687182322144,0.0505992881953716
EquiformerV2 AD with Hessian training,43871,8031,12,0.0193144772201776,0.0783563703298568
EquiformerV2 AD with Hessian training,31785,8032,15,0.0060670878738164,0.0262082666158676
EquiformerV2 AD with Hessian training,2422,8033,17,0.0030615511350333,0.0138907954096794
EquiformerV2 AD with Hessian training,2787,8034,11,0.0124161532148718,0.054109763354063
EquiformerV2 AD with Hessian training,37436,8035,16,0.0147696314379572,0.0412037521600723
EquiformerV2 AD with Hessian training,12639,8036,13,0.004165343940258,0.0254807546734809
EquiformerV2 AD with Hessian training,7684,8037,18,0.0051030614413321,0.0174129530787467
EquiformerV2 AD with Hessian training,32436,8038,16,0.003145630005747,0.0129171116277575
EquiformerV2 AD with Hessian training,19902,8039,13,0.0134530775249004,0.0522465743124485
EquiformerV2 AD with Hessian training,5079,8040,15,0.0032923026010394,0.0219377689063549
EquiformerV2 AD with Hessian training,33270,8041,10,0.0519264005124568,0.1328960657119751
EquiformerV2 AD with Hessian training,14239,8042,11,0.0399586744606494,0.1871350109577179
EquiformerV2 AD with Hessian training,41607,8043,13,0.0074665592983365,0.0513226240873336
EquiformerV2 AD with Hessian training,30250,8044,11,0.0144239701330661,0.0780021026730537
EquiformerV2 AD with Hessian training,23101,8045,12,0.0048913513310253,0.0326138772070407
EquiformerV2 AD with Hessian training,17468,8046,14,0.017157033085823,0.0886116921901702
EquiformerV2 AD with Hessian training,6909,8047,15,0.0104272533208131,0.0578270889818668
EquiformerV2 AD with Hessian training,4472,8048,19,0.0443010926246643,0.061914823949337
EquiformerV2 AD with Hessian training,25199,8049,15,0.0168998055160045,0.0578346848487854
EquiformerV2 AD with Hessian training,47465,8050,19,0.0063193337991833,0.0193899255245924
EquiformerV2 AD with Hessian training,42871,8051,13,0.0622241981327533,0.1226463690400123
EquiformerV2 AD with Hessian training,29181,8052,19,0.0080599505454301,0.0317770168185234
EquiformerV2 AD with Hessian training,19179,8053,12,0.0059215459041297,0.0316018015146255
EquiformerV2 AD with Hessian training,9229,8054,15,0.0153333349153399,0.0602958761155605
EquiformerV2 AD with Hessian training,10588,8055,14,0.0115587413311004,0.049386728554964
EquiformerV2 AD with Hessian training,47729,8056,12,0.0034691821783781,0.0272301621735095
EquiformerV2 AD with Hessian training,37761,8057,9,0.0273186173290014,0.1667174845933914
EquiformerV2 AD with Hessian training,22860,8058,14,0.0086319288238883,0.0418370626866817
EquiformerV2 AD with Hessian training,48199,8059,14,0.0215050615370273,0.0534891262650489
EquiformerV2 AD with Hessian training,8917,8060,16,0.0114377615973353,0.0389950387179851
EquiformerV2 AD with Hessian training,30995,8061,17,0.0035423056688159,0.0129860518500208
EquiformerV2 AD with Hessian training,27998,8062,10,0.0186436381191015,0.1334927231073379
EquiformerV2 AD with Hessian training,45433,8063,13,0.0142201920971274,0.0537297390401363
EquiformerV2 AD with Hessian training,7101,8064,15,0.0066452133469283,0.0330135002732276
EquiformerV2 AD with Hessian training,12779,8065,11,0.0055270153097808,0.1850308179855346
EquiformerV2 AD with Hessian training,30043,8066,17,0.0021960756275802,0.0129406340420246
EquiformerV2 AD with Hessian training,19315,8067,13,0.0062009883113205,0.0303125530481338
EquiformerV2 AD with Hessian training,32421,8068,11,0.02541309222579,0.0909781903028488
EquiformerV2 AD with Hessian training,49350,8069,12,0.0169016122817993,0.0950953066349029
EquiformerV2 AD with Hessian training,9964,8070,12,0.0095258755609393,0.0495725162327289
EquiformerV2 AD with Hessian training,27594,8071,15,0.0070632803253829,0.0435981005430221
EquiformerV2 AD with Hessian training,48758,8072,15,0.0039587849751114,0.0672614201903343
EquiformerV2 AD with Hessian training,135,8073,10,0.013669186271727,0.1034696325659751
EquiformerV2 AD with Hessian training,20337,8074,16,0.0038408166728913,0.0145292216911911
EquiformerV2 AD with Hessian training,13080,8075,19,0.0046488097868859,0.0166354570537805
EquiformerV2 AD with Hessian training,25643,8076,15,0.0230460073798894,0.0696040093898773
EquiformerV2 AD with Hessian training,47675,8077,19,0.0285880174487829,0.0475652851164341
EquiformerV2 AD with Hessian training,2320,8078,13,0.020797049626708,0.080044962465763
EquiformerV2 AD with Hessian training,17344,8079,16,0.0033310200087726,0.0142995165660977
EquiformerV2 AD with Hessian training,16596,8080,14,0.0052550304681062,0.0313529446721077
EquiformerV2 AD with Hessian training,35907,8081,15,0.0479888878762722,0.0940828174352645
EquiformerV2 AD with Hessian training,50008,8082,12,0.0040714466013014,0.0386799573898315
EquiformerV2 AD with Hessian training,14121,8083,11,0.0413328185677528,0.1399102360010147
EquiformerV2 AD with Hessian training,32592,8084,14,0.0077242972329258,0.0297896582633256
EquiformerV2 AD with Hessian training,8787,8085,14,0.0091344816610217,0.0354526005685329
EquiformerV2 AD with Hessian training,36007,8086,16,0.0090928860008716,0.0330137535929679
EquiformerV2 AD with Hessian training,45862,8087,12,0.0201942510902881,0.0704114362597465
EquiformerV2 AD with Hessian training,21159,8088,12,0.0325266942381858,0.0929804295301437
EquiformerV2 AD with Hessian training,7124,8089,12,0.0173095893114805,0.0720744878053665
EquiformerV2 AD with Hessian training,4666,8090,12,0.0167627371847629,0.0655956417322158
EquiformerV2 AD with Hessian training,44683,8091,13,0.0084022860974073,0.0491044819355011
EquiformerV2 AD with Hessian training,15831,8092,11,0.0140003403648734,0.1016931235790252
EquiformerV2 AD with Hessian training,39313,8093,11,0.0523514747619628,0.2192825525999069
EquiformerV2 AD with Hessian training,38794,8094,17,0.0064866882748901,0.0193391218781471
EquiformerV2 AD with Hessian training,13956,8095,14,0.0152723025530576,0.0481998808681964
EquiformerV2 AD with Hessian training,39287,8096,10,0.0139571577310562,0.0822363421320915
EquiformerV2 AD with Hessian training,45091,8097,12,0.0054009184241294,0.1088361665606498
EquiformerV2 AD with Hessian training,5283,8098,14,0.0443588010966777,0.1258592456579208
EquiformerV2 AD with Hessian training,30189,8099,10,0.0121953235939145,0.0774157047271728
EquiformerV2 AD with Hessian training,3732,8100,11,0.0483203046023845,0.1197954192757606
EquiformerV2 AD with Hessian training,8949,8101,13,0.019908107817173,0.065860241651535
EquiformerV2 AD with Hessian training,32734,8102,17,0.0226525068283081,0.0488440655171871
EquiformerV2 AD with Hessian training,50525,8103,14,0.014743810519576,0.0580087006092071
EquiformerV2 AD with Hessian training,16684,8104,14,0.0582482703030109,0.1058513298630714
EquiformerV2 AD with Hessian training,13156,8105,13,0.0155520886182785,0.0983197540044784
EquiformerV2 AD with Hessian training,31188,8106,14,0.0120691685006022,0.0496853962540626
EquiformerV2 AD with Hessian training,16171,8107,15,0.0185042805969715,0.0641790851950645
EquiformerV2 AD with Hessian training,25855,8108,12,0.0022775146644562,0.0252757370471954
EquiformerV2 AD with Hessian training,2867,8109,16,0.0087261935696005,0.0379672721028327
EquiformerV2 AD with Hessian training,17343,8110,13,0.0380482114851474,0.0745134055614471
EquiformerV2 AD with Hessian training,6529,8111,16,0.0042599290609359,0.0174043215811252
EquiformerV2 AD with Hessian training,2099,8112,17,0.0059745791368186,0.0262808706611394
EquiformerV2 AD with Hessian training,15884,8113,14,0.0075262901373207,0.0553111284971237
EquiformerV2 AD with Hessian training,4147,8114,11,0.0042601861059665,0.0289482362568378
EquiformerV2 AD with Hessian training,1038,8115,18,0.0129891224205493,0.0340719446539878
EquiformerV2 AD with Hessian training,9164,8116,17,0.0103263575583696,0.0209871605038642
EquiformerV2 AD with Hessian training,40558,8117,16,0.0080237491056323,0.0285864733159542
EquiformerV2 AD with Hessian training,5129,8118,17,0.0301863979548215,0.0519929304718971
EquiformerV2 AD with Hessian training,27159,8119,9,0.0555110462009906,0.2303423285484314
EquiformerV2 AD with Hessian training,11344,8120,12,0.0278472770005464,0.095507875084877
EquiformerV2 AD with Hessian training,20238,8121,10,0.0270733088254928,0.1739390194416046
EquiformerV2 AD with Hessian training,8059,8122,8,0.017030831426382,0.6763222813606262
EquiformerV2 AD with Hessian training,48226,8123,11,0.0055102338083088,0.0256587415933609
EquiformerV2 AD with Hessian training,42885,8124,11,0.0135948611423373,0.0966580882668495
EquiformerV2 AD with Hessian training,39160,8125,17,0.0059980764053761,0.0232462249696254
EquiformerV2 AD with Hessian training,44765,8126,12,0.0096922917291522,0.0549019463360309
EquiformerV2 AD with Hessian training,14053,8127,16,0.0058847507461905,0.0243418123573064
EquiformerV2 AD with Hessian training,39499,8128,12,0.009341400116682,0.0374151207506656
EquiformerV2 AD with Hessian training,48648,8129,13,0.0272908732295036,0.0730182975530624
EquiformerV2 AD with Hessian training,215,8130,17,0.0142525881528854,0.0290328431874513
EquiformerV2 AD with Hessian training,6033,8131,13,0.0089431479573249,0.044166661798954
EquiformerV2 AD with Hessian training,34117,8132,18,0.0026940566021949,0.0104312021285295
EquiformerV2 AD with Hessian training,49654,8133,11,0.0129656232893466,0.0595186091959476
EquiformerV2 AD with Hessian training,34605,8134,17,0.0091707166284322,0.0200524553656578
EquiformerV2 AD with Hessian training,5544,8135,15,0.0314845368266105,0.0859485566616058
EquiformerV2 AD with Hessian training,16526,8136,16,0.0137260351330041,0.0496723912656307
EquiformerV2 AD with Hessian training,50272,8137,6,0.1163069158792495,0.7249333262443542
EquiformerV2 AD with Hessian training,48352,8138,19,0.0025903619825839,0.0114218220114707
EquiformerV2 AD with Hessian training,25516,8139,18,0.0078350221738219,0.0228890366852283
EquiformerV2 AD with Hessian training,30439,8140,12,0.0181337129324674,0.0621610470116138
EquiformerV2 AD with Hessian training,2035,8141,13,0.0056555420160293,0.0322602950036525
EquiformerV2 AD with Hessian training,39623,8142,14,0.0082822619006037,0.04690907523036
EquiformerV2 AD with Hessian training,38658,8143,16,0.0044821565970778,0.0479387603700161
EquiformerV2 AD with Hessian training,35644,8144,18,0.0041827061213552,0.014905234798789
EquiformerV2 AD with Hessian training,50000,8145,15,0.0146485967561602,0.0366721004247665
EquiformerV2 AD with Hessian training,30503,8146,8,0.0137779843062162,0.0938974469900131
EquiformerV2 AD with Hessian training,6411,8147,12,0.0195569340139627,0.0888231098651886
EquiformerV2 AD with Hessian training,40787,8148,10,0.0339329503476619,0.2842585742473602
EquiformerV2 AD with Hessian training,38717,8149,17,0.0050844773650169,0.0263909883797168
EquiformerV2 AD with Hessian training,28289,8150,15,0.0057811299338936,0.0259424950927495
EquiformerV2 AD with Hessian training,26793,8151,11,0.009554305113852,0.1766316145658493
EquiformerV2 AD with Hessian training,1147,8152,10,0.0271626804023981,0.3841846585273742
EquiformerV2 AD with Hessian training,15655,8153,12,0.0054177204146981,0.045249443501234
EquiformerV2 AD with Hessian training,12703,8154,15,0.0084188822656869,0.0362318232655525
EquiformerV2 AD with Hessian training,12379,8155,12,0.0232179835438728,0.1201835200190544
EquiformerV2 AD with Hessian training,19508,8156,16,0.0208158828318119,0.0348700806498527
EquiformerV2 AD with Hessian training,47797,8157,12,0.0394256673753261,0.1143303140997886
EquiformerV2 AD with Hessian training,8696,8158,19,0.0052665453404188,0.0179098341614007
EquiformerV2 AD with Hessian training,26010,8159,16,0.0037692529149353,0.0146906031295657
EquiformerV2 AD with Hessian training,23715,8160,14,0.0266619138419628,0.0741201341152191
EquiformerV2 AD with Hessian training,24885,8161,12,0.0097458465024828,0.0431440845131874
EquiformerV2 AD with Hessian training,34323,8162,15,0.0093790795654058,0.0369475670158863
EquiformerV2 AD with Hessian training,2592,8163,16,0.0123344343155622,0.0304960813373327
EquiformerV2 AD with Hessian training,13744,8164,12,0.0054820124059915,0.1441380977630615
EquiformerV2 AD with Hessian training,23849,8165,13,0.0022987376432865,0.0157402995973825
EquiformerV2 AD with Hessian training,24804,8166,14,0.0038486553821712,0.0255315527319908
EquiformerV2 AD with Hessian training,19412,8167,13,0.0076288720592856,0.0318743921816349
EquiformerV2 AD with Hessian training,35733,8168,13,0.0037538008764386,0.021443635225296
EquiformerV2 AD with Hessian training,5376,8169,12,0.006789281964302,0.0401274301111698
EquiformerV2 AD with Hessian training,10428,8170,13,0.0020607239566743,0.0154096744954586
EquiformerV2 AD with Hessian training,18088,8171,13,0.0078620910644531,0.0424562618136405
EquiformerV2 AD with Hessian training,33819,8172,13,0.0247795227915048,0.060540247708559
EquiformerV2 AD with Hessian training,11029,8173,14,0.0096918642520904,0.0405323952436447
EquiformerV2 AD with Hessian training,46027,8174,14,0.0036916087847203,0.0229575391858816
EquiformerV2 AD with Hessian training,50703,8175,12,0.0073613109998404,0.0366192758083343
EquiformerV2 AD with Hessian training,25367,8176,13,0.0039480412378907,0.0382192805409431
EquiformerV2 AD with Hessian training,8265,8177,12,0.0345214679837226,0.0849536284804344
EquiformerV2 AD with Hessian training,33746,8178,15,0.0129419369623065,0.0454731471836566
EquiformerV2 AD with Hessian training,41146,8179,14,0.0051892534829676,0.0300785452127456
EquiformerV2 AD with Hessian training,7705,8180,11,0.0166608486324548,0.2511857151985168
EquiformerV2 AD with Hessian training,41996,8181,14,0.0215176660567522,0.0738366246223449
EquiformerV2 AD with Hessian training,6924,8182,13,0.0307048596441745,0.1242573484778404
EquiformerV2 AD with Hessian training,24253,8183,11,0.0606983080506324,0.1957278102636337
EquiformerV2 AD with Hessian training,41069,8184,19,0.0566580854356288,0.0672265961766243
EquiformerV2 AD with Hessian training,9328,8185,13,0.0090419454500079,0.0433602854609489
EquiformerV2 AD with Hessian training,10745,8186,12,0.0032050695735961,0.0239338502287864
EquiformerV2 AD with Hessian training,38235,8187,12,0.0379532016813755,0.1375236809253692
EquiformerV2 AD with Hessian training,38147,8188,13,0.0197059139609336,0.0675273612141609
EquiformerV2 AD with Hessian training,48858,8189,17,0.0077847479842603,0.0347665138542652
EquiformerV2 AD with Hessian training,19289,8190,12,0.0209444556385278,0.0841178819537162
EquiformerV2 AD with Hessian training,40529,8191,10,0.0446883924305439,0.1954810619354248
EquiformerV2 AD with Hessian training,41900,8192,8,0.0667275637388229,0.3103774487972259
EquiformerV2 AD with Hessian training,3462,8193,6,0.0319385789334774,0.4885967075824737
EquiformerV2 AD with Hessian training,16983,8194,18,0.0461139269173145,0.0651655346155166
EquiformerV2 AD with Hessian training,30207,8195,18,0.0055453977547585,0.0205917190760374
EquiformerV2 AD with Hessian training,11381,8196,12,0.0299698915332555,0.1377557814121246
EquiformerV2 AD with Hessian training,14987,8197,11,0.0053882393985986,0.0850533321499824
EquiformerV2 AD with Hessian training,10635,8198,14,0.0184634365141391,0.0654189586639404
EquiformerV2 AD with Hessian training,17445,8199,14,0.008157798089087,0.0870125591754913
EquiformerV2 AD with Hessian training,12619,8200,16,0.0032875023316591,0.0150722535327076
EquiformerV2 AD with Hessian training,36522,8201,15,0.00723377475515,0.0304937064647674
EquiformerV2 AD with Hessian training,29204,8202,15,0.0091574164107441,0.0288535300642251
EquiformerV2 AD with Hessian training,41426,8203,10,0.0516855753958225,0.1229863166809082
EquiformerV2 AD with Hessian training,34247,8204,11,0.0056137009523808,0.0377565212547779
EquiformerV2 AD with Hessian training,14745,8205,17,0.0085259238258004,0.03915611281991
EquiformerV2 AD with Hessian training,6075,8206,16,0.0062796650454401,0.0249132253229618
EquiformerV2 AD with Hessian training,14259,8207,18,0.0189643371850252,0.0375085100531578
EquiformerV2 AD with Hessian training,47442,8208,12,0.0118525931611657,0.2260070145130157
EquiformerV2 AD with Hessian training,36818,8209,8,0.0355063006281852,0.2881368994712829
EquiformerV2 AD with Hessian training,49142,8210,13,0.0305246822535991,0.104042463004589
EquiformerV2 AD with Hessian training,5412,8211,10,0.0141854854300618,0.1339878886938095
EquiformerV2 AD with Hessian training,32473,8212,10,0.0397978238761425,0.2046065926551818
EquiformerV2 AD with Hessian training,2589,8213,13,0.0086874980479478,0.0432694479823112
EquiformerV2 AD with Hessian training,28840,8214,14,0.0228227116167545,0.0641412287950515
EquiformerV2 AD with Hessian training,15905,8215,16,0.004897903650999,0.0240087192505598
EquiformerV2 AD with Hessian training,21867,8216,13,0.0109843062236905,0.0426734127104282
EquiformerV2 AD with Hessian training,43258,8217,10,0.0345473028719425,0.1951384246349334
EquiformerV2 AD with Hessian training,15257,8218,10,0.0147919189184904,0.0822058618068695
EquiformerV2 AD with Hessian training,28194,8219,17,0.0132529456168413,0.0385161563754081
EquiformerV2 AD with Hessian training,43416,8220,12,0.0113964928314089,0.1348377764225006
EquiformerV2 AD with Hessian training,22458,8221,12,0.0047013568691909,0.0279882550239563
EquiformerV2 AD with Hessian training,6464,8222,13,0.0050443084910511,0.0307330843061208
EquiformerV2 AD with Hessian training,12436,8223,13,0.0078529641032218,0.0500078126788139
EquiformerV2 AD with Hessian training,11885,8224,16,0.0102671766653656,0.0361817963421344
EquiformerV2 AD with Hessian training,42519,8225,16,0.0127280913293361,0.0331741496920585
EquiformerV2 AD with Hessian training,35125,8226,12,0.0042104488238692,0.04719715192914
EquiformerV2 AD with Hessian training,6000,8227,16,0.0065136379562318,0.0258190538734197
EquiformerV2 AD with Hessian training,38077,8228,8,0.0090863835066556,0.253905713558197
EquiformerV2 AD with Hessian training,37548,8229,11,0.0060463938862085,0.1584852337837219
EquiformerV2 AD with Hessian training,26635,8230,14,0.0060930410400033,0.1191345006227493
EquiformerV2 AD with Hessian training,44620,8231,17,0.0133053604513406,0.0342315062880516
EquiformerV2 AD with Hessian training,37347,8232,15,0.0118184993043541,0.0508392266929149
EquiformerV2 AD with Hessian training,43428,8233,14,0.04658068343997,0.1003821417689323
EquiformerV2 AD with Hessian training,4016,8234,12,0.0107030784711241,0.0503729730844497
EquiformerV2 AD with Hessian training,17979,8235,13,0.0090086655691266,0.043462835252285
EquiformerV2 AD with Hessian training,10067,8236,14,0.0036268252879381,0.0195401590317487
EquiformerV2 AD with Hessian training,22662,8237,16,0.0055160848423838,0.0282410252839326
EquiformerV2 AD with Hessian training,2386,8238,16,0.0048736510798335,0.0254553351551294
EquiformerV2 AD with Hessian training,26956,8239,11,0.0209687799215316,0.1787598580121994
EquiformerV2 AD with Hessian training,23479,8240,19,0.001588575891219,0.0098063331097364
EquiformerV2 AD with Hessian training,22429,8241,16,0.012590411119163,0.040746409446001
EquiformerV2 AD with Hessian training,45065,8242,11,0.0054283658973872,0.062510535120964
EquiformerV2 AD with Hessian training,19850,8243,14,0.0107648381963372,0.0334227681159973
EquiformerV2 AD with Hessian training,11619,8244,14,0.012945445254445,0.0826509296894073
EquiformerV2 AD with Hessian training,13557,8245,14,0.0668619126081466,0.1191100031137466
EquiformerV2 AD with Hessian training,35283,8246,16,0.0022542951628565,0.0142556130886077
EquiformerV2 AD with Hessian training,26161,8247,12,0.0164076052606105,0.0576589852571487
EquiformerV2 AD with Hessian training,45440,8248,13,0.0032749460078775,0.0152472499758005
EquiformerV2 AD with Hessian training,5193,8249,15,0.004254309926182,0.0186876840889453
EquiformerV2 AD with Hessian training,46090,8250,16,0.0093644987791776,0.0300915446132421
EquiformerV2 AD with Hessian training,26561,8251,9,0.1298508495092392,0.3043262362480163
EquiformerV2 AD with Hessian training,10399,8252,15,0.0033473488874733,0.0181192737072706
EquiformerV2 AD with Hessian training,1093,8253,12,0.0616575665771961,0.1174501627683639
EquiformerV2 AD with Hessian training,20973,8254,14,0.0101815508678555,0.0558843091130256
EquiformerV2 AD with Hessian training,39709,8255,13,0.0033536530099809,0.0185906589031219
EquiformerV2 AD with Hessian training,35270,8256,13,0.0203787218779325,0.1129621565341949
EquiformerV2 AD with Hessian training,31822,8257,12,0.0050493963062763,0.0346728861331939
EquiformerV2 AD with Hessian training,15041,8258,12,0.0067599480971693,0.0410827510058879
EquiformerV2 AD with Hessian training,12830,8259,12,0.0086601367220282,0.0378077216446399
EquiformerV2 AD with Hessian training,50270,8260,15,0.0196075849235057,0.0516520924866199
EquiformerV2 AD with Hessian training,10377,8261,16,0.0189882759004831,0.0527113378047943
EquiformerV2 AD with Hessian training,19994,8262,12,0.0119819622486829,0.0463439412415027
EquiformerV2 AD with Hessian training,49519,8263,13,0.0034452334512025,0.0260596368461847
EquiformerV2 AD with Hessian training,10515,8264,13,0.0085933832451701,0.0531849823892116
EquiformerV2 AD with Hessian training,50538,8265,12,0.0231008101254701,0.0911832302808761
EquiformerV2 AD with Hessian training,22793,8266,16,0.0056154523044824,0.0288793705403804
EquiformerV2 AD with Hessian training,21268,8267,19,0.0146434791386127,0.0373522154986858
EquiformerV2 AD with Hessian training,50681,8268,18,0.0028913025744259,0.0131414858624339
EquiformerV2 AD with Hessian training,48692,8269,12,0.0082551017403602,0.0493808425962924
EquiformerV2 AD with Hessian training,7732,8270,16,0.0127575956284999,0.0445350855588912
EquiformerV2 AD with Hessian training,32400,8271,18,0.004766403697431,0.017867088317871
EquiformerV2 AD with Hessian training,22437,8272,13,0.0501418933272361,0.0999111011624336
EquiformerV2 AD with Hessian training,33847,8273,16,0.0044611459597945,0.0198973473161458
EquiformerV2 AD with Hessian training,33431,8274,14,0.0077163367532193,0.0218779537826776
EquiformerV2 AD with Hessian training,42102,8275,15,0.0155727034434676,0.0458840727806091
EquiformerV2 AD with Hessian training,7240,8276,19,0.0057962015271186,0.016669001430273
EquiformerV2 AD with Hessian training,50489,8277,14,0.005488037597388,0.0322321243584156
EquiformerV2 AD with Hessian training,757,8278,13,0.0139561453834176,0.1045740470290184
EquiformerV2 AD with Hessian training,10639,8279,14,0.003298707306385,0.0207022689282894
EquiformerV2 AD with Hessian training,35586,8280,17,0.0150818573310971,0.0361389964818954
EquiformerV2 AD with Hessian training,4796,8281,12,0.0203510150313377,0.0655269473791122
EquiformerV2 AD with Hessian training,16993,8282,9,0.0620662420988082,0.2482725530862808
EquiformerV2 AD with Hessian training,20547,8283,18,0.0333547182381153,0.0626313313841819
EquiformerV2 AD with Hessian training,22663,8284,12,0.0090893330052495,0.0510836131870746
EquiformerV2 AD with Hessian training,2233,8285,13,0.0103467153385281,0.0577737651765346
EquiformerV2 AD with Hessian training,12640,8286,13,0.0202890262007713,0.0686499327421188
EquiformerV2 AD with Hessian training,10088,8287,16,0.0034416187554597,0.0231453590095043
EquiformerV2 AD with Hessian training,22610,8288,12,0.0165640693157911,0.0585912056267261
EquiformerV2 AD with Hessian training,45663,8289,14,0.0057657416909933,0.020874299108982
EquiformerV2 AD with Hessian training,50263,8290,13,0.1948121488094329,0.2859435677528381
EquiformerV2 AD with Hessian training,45885,8291,12,0.0305753126740455,0.0946541205048561
EquiformerV2 AD with Hessian training,11536,8292,12,0.050580158829689,0.1193360686302185
EquiformerV2 AD with Hessian training,24279,8293,10,0.0148324100300669,0.1080935522913932
EquiformerV2 AD with Hessian training,2564,8294,14,0.0072171646170318,0.0369848571717739
EquiformerV2 AD with Hessian training,32928,8295,11,0.0107922106981277,0.061662845313549
EquiformerV2 AD with Hessian training,6323,8296,14,0.0155756222084164,0.0527744516730308
EquiformerV2 AD with Hessian training,49341,8297,12,0.0123446276411414,0.0559153966605663
EquiformerV2 AD with Hessian training,49842,8298,13,0.0104021802544593,0.0367148704826831
EquiformerV2 AD with Hessian training,28678,8299,14,0.0169642847031354,0.0427044257521629
EquiformerV2 AD with Hessian training,33306,8300,15,0.0053317979909479,0.0233054906129837
EquiformerV2 AD with Hessian training,47226,8301,13,0.0099141430109739,0.0488479919731617
EquiformerV2 AD with Hessian training,6003,8302,12,0.0215006582438945,0.0987795814871788
EquiformerV2 AD with Hessian training,29571,8303,12,0.0274709481745958,0.1063439920544624
EquiformerV2 AD with Hessian training,7194,8304,16,0.0087855346500873,0.0276879984885454
EquiformerV2 AD with Hessian training,17595,8305,15,0.0094904601573944,0.0301144272089004
EquiformerV2 AD with Hessian training,39066,8306,14,0.0032085769344121,0.0193233229219913
EquiformerV2 AD with Hessian training,28641,8307,14,0.0070593194104731,0.1218370869755745
EquiformerV2 AD with Hessian training,34798,8308,12,0.0071014165878295,0.0430302731692791
EquiformerV2 AD with Hessian training,18664,8309,12,0.0047496692277491,0.0416909791529178
EquiformerV2 AD with Hessian training,23271,8310,17,0.003353975014761,0.0163227096199989
EquiformerV2 AD with Hessian training,12560,8311,15,0.0032676849514245,0.0256310012191534
EquiformerV2 AD with Hessian training,30670,8312,17,0.0125760566443204,0.032448299229145
EquiformerV2 AD with Hessian training,16266,8313,14,0.0055237244814634,0.0252741295844316
EquiformerV2 AD with Hessian training,49245,8314,12,0.0190042462199926,0.1105106994509697
EquiformerV2 AD with Hessian training,13970,8315,8,0.0973407179117202,0.4869718551635742
EquiformerV2 AD with Hessian training,36982,8316,9,0.0083920583128929,0.0942654460668563
EquiformerV2 AD with Hessian training,17627,8317,15,0.0262351091951131,0.0793946459889411
EquiformerV2 AD with Hessian training,6220,8318,13,0.003769175382331,0.02567077614367
EquiformerV2 AD with Hessian training,23499,8319,13,0.0192716643214225,0.0812399014830589
EquiformerV2 AD with Hessian training,13324,8320,10,0.0102227553725242,0.0647722333669662
EquiformerV2 AD with Hessian training,16255,8321,13,0.0041476744227111,0.0238528046756982
EquiformerV2 AD with Hessian training,16193,8322,15,0.0394622460007667,0.1000676080584526
EquiformerV2 AD with Hessian training,37477,8323,15,0.0035210968926548,0.0204912666231393
EquiformerV2 AD with Hessian training,47748,8324,10,0.0257304497063159,0.1929295510053634
EquiformerV2 AD with Hessian training,7561,8325,13,0.0130788320675492,0.0480818599462509
EquiformerV2 AD with Hessian training,1053,8326,8,0.0245865993201732,0.3090514242649078
EquiformerV2 AD with Hessian training,42816,8327,17,0.0063361614011228,0.0228953883051872
EquiformerV2 AD with Hessian training,43172,8328,13,0.0392604433000087,0.1118109151721
EquiformerV2 AD with Hessian training,31179,8329,10,0.0148866698145866,0.1530541628599167
EquiformerV2 AD with Hessian training,50521,8330,10,0.0261658132076263,0.1095125824213028
EquiformerV2 AD with Hessian training,5871,8331,15,0.0180381592363119,0.0547876544296741
EquiformerV2 AD with Hessian training,21396,8332,14,0.0040358756668865,0.0197614189237356
EquiformerV2 AD with Hessian training,1059,8333,11,0.007839998230338,0.040761798620224
EquiformerV2 AD with Hessian training,692,8334,16,0.0466157495975494,0.1022103130817413
EquiformerV2 AD with Hessian training,24593,8335,17,0.0171076245605945,0.0545285567641258
EquiformerV2 AD with Hessian training,10719,8336,13,0.0076674469746649,0.0380842089653015
EquiformerV2 AD with Hessian training,20233,8337,14,0.0128308562561869,0.0828871801495552
EquiformerV2 AD with Hessian training,4580,8338,15,0.0038293760735541,0.0245390906929969
EquiformerV2 AD with Hessian training,35606,8339,12,0.0179656520485878,0.0718757957220077
EquiformerV2 AD with Hessian training,15942,8340,12,0.117649145424366,0.2674441933631897
EquiformerV2 AD with Hessian training,19359,8341,11,0.0475452505052089,0.2984755039215088
EquiformerV2 AD with Hessian training,32790,8342,18,0.0045126895420253,0.0191227849572896
EquiformerV2 AD with Hessian training,34526,8343,13,0.0070827128365635,0.0438151285052299
EquiformerV2 AD with Hessian training,18607,8344,16,0.0119255436584353,0.0308455172926187
EquiformerV2 AD with Hessian training,37652,8345,12,0.0509827211499214,0.1565397977828979
EquiformerV2 AD with Hessian training,27718,8346,14,0.0345427133142948,0.0960244461894035
EquiformerV2 AD with Hessian training,23094,8347,15,0.0049525955691933,0.0271103270351886
EquiformerV2 AD with Hessian training,29557,8348,15,0.0090979989618062,0.0326886735856533
EquiformerV2 AD with Hessian training,33447,8349,14,0.0072551532648503,0.0341102145612239
EquiformerV2 AD with Hessian training,27936,8350,9,0.0344683453440666,0.2426995187997818
EquiformerV2 AD with Hessian training,39021,8351,11,0.0147268064320087,0.2008514106273651
EquiformerV2 AD with Hessian training,11545,8352,15,0.0183875486254692,0.0384795814752578
EquiformerV2 AD with Hessian training,12301,8353,13,0.0170535407960414,0.0919865220785141
EquiformerV2 AD with Hessian training,6649,8354,12,0.0185569953173398,0.0619875937700271
EquiformerV2 AD with Hessian training,38572,8355,8,0.0127486139535903,0.2883524894714355
EquiformerV2 AD with Hessian training,23461,8356,17,0.052828125655651,0.0938698276877403
EquiformerV2 AD with Hessian training,50077,8357,10,0.006112013477832,0.0751175954937934
EquiformerV2 AD with Hessian training,6005,8358,15,0.0107170213013887,0.0329281650483608
EquiformerV2 AD with Hessian training,6082,8359,14,0.0140742743387818,0.0533685609698295
EquiformerV2 AD with Hessian training,41548,8360,16,0.0030331283342093,0.0129979206249117
EquiformerV2 AD with Hessian training,41482,8361,17,0.0048618279397487,0.0164091940969228
EquiformerV2 AD with Hessian training,11400,8362,14,0.0163049139082431,0.0732612758874893
EquiformerV2 AD with Hessian training,48631,8363,15,0.0031465033534914,0.0207825787365436
EquiformerV2 AD with Hessian training,26305,8364,16,0.0084885992109775,0.0268320851027965
EquiformerV2 AD with Hessian training,25986,8365,15,0.0156256593763828,0.0473478436470031
EquiformerV2 AD with Hessian training,50140,8366,19,0.0063663856126368,0.018278382718563
EquiformerV2 AD with Hessian training,24088,8367,15,0.0021386398002505,0.010034317150712
EquiformerV2 AD with Hessian training,31398,8368,15,0.0069630770012736,0.0304088909178972
EquiformerV2 AD with Hessian training,33827,8369,13,0.0320566482841968,0.0897741243243217
EquiformerV2 AD with Hessian training,44710,8370,13,0.0186891313642263,0.0744475051760673
EquiformerV2 AD with Hessian training,25823,8371,17,0.0078012566082179,0.01853565312922
EquiformerV2 AD with Hessian training,47062,8372,15,0.0021411061752587,0.0219591874629259
EquiformerV2 AD with Hessian training,9414,8373,20,0.002907718764618,0.0108502358198165
EquiformerV2 AD with Hessian training,34860,8374,15,0.0080021703615784,0.0377939045429229
EquiformerV2 AD with Hessian training,1357,8375,11,0.0102289849892258,0.0434048511087894
EquiformerV2 AD with Hessian training,37827,8376,14,0.0289963837713003,0.0721091777086258
EquiformerV2 AD with Hessian training,14395,8377,16,0.0032473979517817,0.0124938869848847
EquiformerV2 AD with Hessian training,13552,8378,10,0.0106373690068721,0.0701341107487678
EquiformerV2 AD with Hessian training,24639,8379,11,0.0377181023359298,0.1938862651586532
EquiformerV2 AD with Hessian training,49924,8380,16,0.0141673777252435,0.0405505374073982
EquiformerV2 AD with Hessian training,14710,8381,13,0.0049693025648593,0.0260194186121225
EquiformerV2 AD with Hessian training,25985,8382,13,0.0507051646709442,0.1021912321448326
EquiformerV2 AD with Hessian training,49650,8383,14,0.002110248664394,0.0166710615158081
EquiformerV2 AD with Hessian training,2334,8384,15,0.0166849717497825,0.0564546324312686
EquiformerV2 AD with Hessian training,47136,8385,15,0.0152006736025214,0.0523084923624992
EquiformerV2 AD with Hessian training,32315,8386,11,0.0104223806411027,0.054644227027893
EquiformerV2 AD with Hessian training,24600,8387,16,0.0090170288458466,0.0260822642594575
EquiformerV2 AD with Hessian training,1816,8388,12,0.0230222586542367,0.0972952917218208
EquiformerV2 AD with Hessian training,9423,8389,12,0.0153170796111226,0.1426072120666504
EquiformerV2 AD with Hessian training,46844,8390,10,0.0721729546785354,0.3128337264060974
EquiformerV2 AD with Hessian training,725,8391,11,0.075940228998661,0.2071933895349502
EquiformerV2 AD with Hessian training,11831,8392,13,0.0266229063272476,0.0708193928003311
EquiformerV2 AD with Hessian training,28184,8393,14,0.0113754868507385,0.0374842621386051
EquiformerV2 AD with Hessian training,11301,8394,13,0.0076397703960537,0.0422643944621086
EquiformerV2 AD with Hessian training,38187,8395,9,0.0104596931487321,0.3829419910907745
EquiformerV2 AD with Hessian training,49631,8396,9,0.0223423112183809,0.1975574940443039
EquiformerV2 AD with Hessian training,15095,8397,11,0.0075236391276121,0.0664621740579605
EquiformerV2 AD with Hessian training,45110,8398,11,0.0125135155394673,0.0811718180775642
EquiformerV2 AD with Hessian training,46762,8399,15,0.0016268796753138,0.0091299340128898
EquiformerV2 AD with Hessian training,32389,8400,14,0.0073664998635649,0.0308429952710866
EquiformerV2 AD with Hessian training,39586,8401,14,0.0031625195406377,0.0193270463496446
EquiformerV2 AD with Hessian training,21670,8402,11,0.0172257609665393,0.0777485743165016
EquiformerV2 AD with Hessian training,18160,8403,12,0.0220144893974065,0.0681674852967262
EquiformerV2 AD with Hessian training,40447,8404,15,0.0064927996136248,0.0267316214740276
EquiformerV2 AD with Hessian training,16052,8405,14,0.0159633699804544,0.0472704619169235
EquiformerV2 AD with Hessian training,36321,8406,10,0.0198182705789804,0.1739304959774017
EquiformerV2 AD with Hessian training,6648,8407,12,0.0107361124828457,0.0413315147161483
EquiformerV2 AD with Hessian training,18603,8408,17,0.0070741190575063,0.026245679706335
EquiformerV2 AD with Hessian training,33411,8409,21,0.0081620905548334,0.0255533829331398
EquiformerV2 AD with Hessian training,33303,8410,20,0.0028861281462013,0.0116150947287678
EquiformerV2 AD with Hessian training,1234,8411,16,0.0192032642662525,0.0547061450779438
EquiformerV2 AD with Hessian training,40838,8412,14,0.0052648475393652,0.0283311605453491
EquiformerV2 AD with Hessian training,14853,8413,16,0.0165157653391361,0.0426398888230323
EquiformerV2 AD with Hessian training,29849,8414,15,0.0094306236132979,0.0416562296450138
EquiformerV2 AD with Hessian training,49882,8415,17,0.0070890574716031,0.0346831977367401
EquiformerV2 AD with Hessian training,2254,8416,12,0.0211405456066131,0.0702823922038078
EquiformerV2 AD with Hessian training,16325,8417,19,0.0608029030263423,0.0763148739933967
EquiformerV2 AD with Hessian training,11842,8418,17,0.0074651734903454,0.0229996256530284
EquiformerV2 AD with Hessian training,15835,8419,11,0.0561855211853981,0.1307410299777984
EquiformerV2 AD with Hessian training,10370,8420,15,0.0256814360618591,0.0715119168162345
EquiformerV2 AD with Hessian training,5986,8421,15,0.020076435059309,0.0463207550346851
EquiformerV2 AD with Hessian training,15255,8422,15,0.0040831645019352,0.0195038262754678
EquiformerV2 AD with Hessian training,6951,8423,10,0.008250318467617,0.2670344412326813
EquiformerV2 AD with Hessian training,16062,8424,10,0.0080520724877715,0.3938976526260376
EquiformerV2 AD with Hessian training,3646,8425,18,0.0025506296660751,0.0085215969011187
EquiformerV2 AD with Hessian training,10689,8426,10,0.0290037412196397,0.1733200401067733
EquiformerV2 AD with Hessian training,34944,8427,14,0.0051993569359183,0.0345453396439552
EquiformerV2 AD with Hessian training,44661,8428,14,0.0146078411489725,0.0395908877253532
EquiformerV2 AD with Hessian training,17401,8429,12,0.0144896572455763,0.0628386512398719
EquiformerV2 AD with Hessian training,28140,8430,14,0.0903231799602508,0.2041154205799102
EquiformerV2 AD with Hessian training,27711,8431,14,0.0083596091717481,0.0461339764297008
EquiformerV2 AD with Hessian training,34173,8432,11,0.0148179391399025,0.1052028313279151
EquiformerV2 AD with Hessian training,44543,8433,14,0.0121158817782998,0.0520406365394592
EquiformerV2 AD with Hessian training,473,8434,14,0.0169483833014965,0.0652832388877868
EquiformerV2 AD with Hessian training,1770,8435,11,0.0085907215252518,0.0464575253427028
EquiformerV2 AD with Hessian training,29243,8436,8,0.0320058986544609,0.5940268635749817
EquiformerV2 AD with Hessian training,28973,8437,11,0.006203731521964,0.0474606268107891
EquiformerV2 AD with Hessian training,36983,8438,10,0.0170468240976333,0.4511533081531524
EquiformerV2 AD with Hessian training,4543,8439,12,0.0068008252419531,0.0424766615033149
EquiformerV2 AD with Hessian training,14505,8440,13,0.0100274346768856,0.0343704707920551
EquiformerV2 AD with Hessian training,41057,8441,8,0.0481795333325862,0.593349277973175
EquiformerV2 AD with Hessian training,24459,8442,14,0.1007823944091796,0.1576148867607116
EquiformerV2 AD with Hessian training,13711,8443,8,0.0323984585702419,0.1601988822221756
EquiformerV2 AD with Hessian training,34332,8444,10,0.010147756896913,0.0632919892668724
EquiformerV2 AD with Hessian training,3528,8445,16,0.0028522936627268,0.0125608183443546
EquiformerV2 AD with Hessian training,21025,8446,17,0.0172854121774435,0.0547044649720191
EquiformerV2 AD with Hessian training,6115,8447,15,0.0051218732260167,0.0277332477271556
EquiformerV2 AD with Hessian training,32386,8448,14,0.0285265203565359,0.0715288817882537
EquiformerV2 AD with Hessian training,2122,8449,16,0.0031797201372683,0.0263359062373638
EquiformerV2 AD with Hessian training,21113,8450,16,0.033764936029911,0.071445919573307
EquiformerV2 AD with Hessian training,49993,8451,12,0.0226648319512605,0.0952784791588783
EquiformerV2 AD with Hessian training,15947,8452,10,0.0058031855151057,0.0718998089432716
EquiformerV2 AD with Hessian training,17317,8453,16,0.0228301342576742,0.0506250150501728
EquiformerV2 AD with Hessian training,43036,8454,14,0.0043138279579579,0.0215943120419979
EquiformerV2 AD with Hessian training,16559,8455,8,0.0316372215747833,0.5824400782585144
EquiformerV2 AD with Hessian training,45960,8456,13,0.0156490877270698,0.0636671334505081
EquiformerV2 AD with Hessian training,28483,8457,10,0.0086211217567324,0.0703234449028968
EquiformerV2 AD with Hessian training,16998,8458,19,0.009354711510241,0.0256338212639093
EquiformerV2 AD with Hessian training,22358,8459,11,0.0180545430630445,0.0710810124874115
EquiformerV2 AD with Hessian training,25157,8460,13,0.0248410068452358,0.0631929263472557
EquiformerV2 AD with Hessian training,43724,8461,9,0.0524934940040111,0.3175921738147735
EquiformerV2 AD with Hessian training,2475,8462,10,0.0334521196782588,0.2327698171138763
EquiformerV2 AD with Hessian training,1263,8463,16,0.0048157754354178,0.0192807279527187
EquiformerV2 AD with Hessian training,17690,8464,13,0.0118189826607704,0.0570278167724609
EquiformerV2 AD with Hessian training,34168,8465,17,0.0051048165187239,0.0199011117219924
EquiformerV2 AD with Hessian training,21272,8466,16,0.0048343688249588,0.0244580153375864
EquiformerV2 AD with Hessian training,18632,8467,12,0.0110271470621228,0.0490387268364429
EquiformerV2 AD with Hessian training,40313,8468,16,0.0035148046445101,0.0199969913810491
EquiformerV2 AD with Hessian training,11905,8469,10,0.0104221384972333,0.2705489695072174
EquiformerV2 AD with Hessian training,21577,8470,19,0.006053069140762,0.0200980119407176
EquiformerV2 AD with Hessian training,26738,8471,14,0.016954232007265,0.0554938651621341
EquiformerV2 AD with Hessian training,37628,8472,10,0.0121770054101943,0.0697253495454788
EquiformerV2 AD with Hessian training,43586,8473,14,0.0071396650746464,0.0325727052986621
EquiformerV2 AD with Hessian training,26856,8474,12,0.0158777944743633,0.0669744089245796
EquiformerV2 AD with Hessian training,23465,8475,14,0.0223371908068656,0.0712053105235099
EquiformerV2 AD with Hessian training,37009,8476,10,0.0141113921999931,0.0845304876565933
EquiformerV2 AD with Hessian training,29264,8477,17,0.0033084393944591,0.0136710740625858
EquiformerV2 AD with Hessian training,39108,8478,13,0.0214768629521131,0.1055684462189674
EquiformerV2 AD with Hessian training,36830,8479,18,0.0019361831946298,0.008043160662055
EquiformerV2 AD with Hessian training,24549,8480,15,0.0332797020673751,0.0930556431412696
EquiformerV2 AD with Hessian training,6481,8481,14,0.0065639805980026,0.034274972975254
EquiformerV2 AD with Hessian training,50496,8482,9,0.023728460073471,0.2230558842420578
EquiformerV2 AD with Hessian training,30613,8483,15,0.0038263762835413,0.0199020151048898
EquiformerV2 AD with Hessian training,13700,8484,16,0.014569878578186,0.0411676950752735
EquiformerV2 AD with Hessian training,20924,8485,17,0.0032980968244373,0.0154781872406601
EquiformerV2 AD with Hessian training,41851,8486,13,0.0875408351421356,0.2284721285104751
EquiformerV2 AD with Hessian training,42171,8487,14,0.0066274292767047,0.0350800603628158
EquiformerV2 AD with Hessian training,4364,8488,16,0.0027158900629729,0.0143318744376301
EquiformerV2 AD with Hessian training,49761,8489,12,0.0232712365686893,0.0862370580434799
EquiformerV2 AD with Hessian training,34313,8490,14,0.0173160415142774,0.0550838559865951
EquiformerV2 AD with Hessian training,37605,8491,13,0.0039449953474104,0.0258140098303556
EquiformerV2 AD with Hessian training,48786,8492,14,0.0172324161976575,0.137827843427658
EquiformerV2 AD with Hessian training,18991,8493,16,0.0283594615757465,0.0598000697791576
EquiformerV2 AD with Hessian training,20642,8494,12,0.0041212383657693,0.0259612519294023
EquiformerV2 AD with Hessian training,20251,8495,11,0.0125082423910498,0.057558324187994
EquiformerV2 AD with Hessian training,43227,8496,8,0.0214588455855846,0.1679398566484451
EquiformerV2 AD with Hessian training,15969,8497,12,0.025358572602272,0.0793709903955459
EquiformerV2 AD with Hessian training,9340,8498,11,0.0028265444561839,0.0242298897355794
EquiformerV2 AD with Hessian training,908,8499,16,0.0039611477404832,0.0172664877027273
EquiformerV2 AD with Hessian training,6087,8500,13,0.024208229035139,0.1400669664144516
EquiformerV2 AD with Hessian training,39902,8501,16,0.0058826003223657,0.0440497361123561
EquiformerV2 AD with Hessian training,38515,8502,13,0.0403775312006473,0.0819764733314514
EquiformerV2 AD with Hessian training,40456,8503,15,0.0092203998938202,0.0323117338120937
EquiformerV2 AD with Hessian training,13086,8504,9,0.0533290691673755,0.2032252550125122
EquiformerV2 AD with Hessian training,48423,8505,9,0.0067258882336318,0.3296346664428711
EquiformerV2 AD with Hessian training,6108,8506,15,0.0090099452063441,0.0375470705330371
EquiformerV2 AD with Hessian training,31899,8507,8,0.0094442395493388,0.0614416077733039
EquiformerV2 AD with Hessian training,5375,8508,9,0.1630078554153442,0.3941726088523865
EquiformerV2 AD with Hessian training,16374,8509,19,0.0025265808217227,0.0106704011559486
EquiformerV2 AD with Hessian training,21849,8510,18,0.0029042640235275,0.0087731517851352
EquiformerV2 AD with Hessian training,35549,8511,17,0.0036421695258468,0.0188038758933544
EquiformerV2 AD with Hessian training,41160,8512,15,0.0051944726146757,0.0264947954565286
EquiformerV2 AD with Hessian training,14556,8513,15,0.0343495905399322,0.0942903831601142
EquiformerV2 AD with Hessian training,19251,8514,16,0.010235896334052,0.0301149822771549
EquiformerV2 AD with Hessian training,7972,8515,11,0.1596447825431823,0.2636757493019104
EquiformerV2 AD with Hessian training,44361,8516,13,0.007228351663798,0.0438372232019901
EquiformerV2 AD with Hessian training,17121,8517,13,0.0388460867106914,0.1293488144874572
EquiformerV2 AD with Hessian training,44650,8518,11,0.0093477079644799,0.1408465802669525
EquiformerV2 AD with Hessian training,27798,8519,18,0.0034131347201764,0.0163026340305805
EquiformerV2 AD with Hessian training,43974,8520,15,0.002940118080005,0.0194402001798152
EquiformerV2 AD with Hessian training,11060,8521,11,0.0135587388649582,0.1707329750061035
EquiformerV2 AD with Hessian training,22631,8522,17,0.0019469371763989,0.0120688835158944
EquiformerV2 AD with Hessian training,48023,8523,15,0.0058554159477353,0.0210827682167291
EquiformerV2 AD with Hessian training,7998,8524,15,0.0191039517521858,0.053735464811325
EquiformerV2 AD with Hessian training,47908,8525,10,0.0260323267430067,0.1289171427488327
EquiformerV2 AD with Hessian training,30457,8526,17,0.00534029584378,0.0215622261166572
EquiformerV2 AD with Hessian training,6944,8527,13,0.0348139964044094,0.0942701697349548
EquiformerV2 AD with Hessian training,46574,8528,16,0.0029964603018015,0.0118002034723758
EquiformerV2 AD with Hessian training,24792,8529,16,0.0071927104145288,0.03145033121109
EquiformerV2 AD with Hessian training,25395,8530,13,0.0094461301341652,0.0542009584605693
EquiformerV2 AD with Hessian training,5085,8531,14,0.0059937224723398,0.0602861903607845
EquiformerV2 AD with Hessian training,20487,8532,17,0.0062059317715466,0.026970712468028
EquiformerV2 AD with Hessian training,49995,8533,14,0.0078597329556941,0.0431909337639808
EquiformerV2 AD with Hessian training,524,8534,9,0.0200437735766172,0.4464034736156463
EquiformerV2 AD with Hessian training,46071,8535,18,0.007792948745191,0.0233794841915369
EquiformerV2 AD with Hessian training,29046,8536,19,0.005886785686016,0.0256877373903989
EquiformerV2 AD with Hessian training,3311,8537,10,0.0551221705973148,0.2542216181755066
EquiformerV2 AD with Hessian training,23057,8538,13,0.0291271209716796,0.0761183574795723
EquiformerV2 AD with Hessian training,26415,8539,12,0.0548481158912181,0.1335318088531494
EquiformerV2 AD with Hessian training,39409,8540,15,0.0539499409496784,0.0951696336269378
EquiformerV2 AD with Hessian training,27867,8541,10,0.0364164672791957,0.3677533864974975
EquiformerV2 AD with Hessian training,12763,8542,19,0.0025296448729932,0.0151988239958882
EquiformerV2 AD with Hessian training,50677,8543,12,0.0101004755124449,0.0576244629919528
EquiformerV2 AD with Hessian training,42884,8544,13,0.0193403400480747,0.0568206273019313
EquiformerV2 AD with Hessian training,30055,8545,13,0.0038999945390969,0.0290934909135103
EquiformerV2 AD with Hessian training,7867,8546,14,0.0088881179690361,0.060859091579914
EquiformerV2 AD with Hessian training,11487,8547,13,0.026133669540286,0.1023178622126579
EquiformerV2 AD with Hessian training,40218,8548,17,0.0127381617203354,0.0265346374362707
EquiformerV2 AD with Hessian training,45566,8549,14,0.0041975933127105,0.0298140216618776
EquiformerV2 AD with Hessian training,5077,8550,13,0.003837389871478,0.0256647728383541
EquiformerV2 AD with Hessian training,31639,8551,16,0.0148929832503199,0.0339466743171215
EquiformerV2 AD with Hessian training,28901,8552,14,0.0108559867367148,0.0545241273939609
EquiformerV2 AD with Hessian training,1619,8553,11,0.0114835472777485,0.1226305291056633
EquiformerV2 AD with Hessian training,42895,8554,14,0.0062779118306934,0.0355643741786479
EquiformerV2 AD with Hessian training,38803,8555,11,0.0209436379373073,0.1048289984464645
EquiformerV2 AD with Hessian training,44140,8556,13,0.0273695662617683,0.0979028642177581
EquiformerV2 AD with Hessian training,198,8557,17,0.0040659122169017,0.0166368726640939
EquiformerV2 AD with Hessian training,11916,8558,12,0.0118541466072201,0.0571221709251403
EquiformerV2 AD with Hessian training,14170,8559,17,0.010819193907082,0.0332963205873966
EquiformerV2 AD with Hessian training,15193,8560,15,0.0341191068291664,0.0785137191414833
EquiformerV2 AD with Hessian training,37312,8561,16,0.0126465102657675,0.0645720288157463
EquiformerV2 AD with Hessian training,17050,8562,13,0.0102731715887784,0.0816450417041778
EquiformerV2 AD with Hessian training,22733,8563,5,0.0135266073048114,0.6462005376815796
EquiformerV2 AD with Hessian training,3643,8564,17,0.0059064724482595,0.0228459201753139
EquiformerV2 AD with Hessian training,25377,8565,15,0.0106446892023086,0.047794010490179
EquiformerV2 AD with Hessian training,32833,8566,15,0.0105460993945598,0.0376551486551761
EquiformerV2 AD with Hessian training,7064,8567,14,0.0467575117945671,0.0619548112154006
EquiformerV2 AD with Hessian training,43048,8568,14,0.00823241379112,0.061208963394165
EquiformerV2 AD with Hessian training,24554,8569,18,0.0101576196029782,0.0235091838985681
EquiformerV2 AD with Hessian training,22947,8570,16,0.004746735561639,0.0253016669303178
EquiformerV2 AD with Hessian training,35226,8571,11,0.0060191764496266,0.0373638905584812
EquiformerV2 AD with Hessian training,12452,8572,16,0.0075199035927653,0.0332350544631481
EquiformerV2 AD with Hessian training,6557,8573,12,0.0404016785323619,0.1058021634817123
EquiformerV2 AD with Hessian training,46978,8574,13,0.027468703687191,0.0813572779297828
EquiformerV2 AD with Hessian training,23511,8575,17,0.0041402755305171,0.0197660215198993
EquiformerV2 AD with Hessian training,19424,8576,12,0.0101992320269346,0.0635300129652023
EquiformerV2 AD with Hessian training,42036,8577,14,0.0070594116114079,0.0329543389379978
EquiformerV2 AD with Hessian training,7608,8578,11,0.0142925381660461,0.0644125044345855
EquiformerV2 AD with Hessian training,27013,8579,12,0.0164830032736063,0.0724473148584365
EquiformerV2 AD with Hessian training,26101,8580,18,0.0048808893188834,0.0205271989107131
EquiformerV2 AD with Hessian training,13226,8581,17,0.0037824874743819,0.0174970552325248
EquiformerV2 AD with Hessian training,9882,8582,11,0.0379095375537872,0.1895160377025604
EquiformerV2 AD with Hessian training,37153,8583,6,0.0288969073444604,0.2665707767009735
EquiformerV2 AD with Hessian training,30162,8584,11,0.021583879366517,0.1494457274675369
EquiformerV2 AD with Hessian training,46937,8585,10,0.0051473760977387,0.0431205928325653
EquiformerV2 AD with Hessian training,12247,8586,12,0.0469278581440448,0.147553950548172
EquiformerV2 AD with Hessian training,18092,8587,12,0.0261900257319211,0.1294134706258773
EquiformerV2 AD with Hessian training,44429,8588,14,0.0035390581469982,0.016209490597248
EquiformerV2 AD with Hessian training,30283,8589,11,0.0058457455597817,0.0271709989756345
EquiformerV2 AD with Hessian training,27737,8590,18,0.0024818729143589,0.0136336470022797
EquiformerV2 AD with Hessian training,44578,8591,12,0.0049512381665408,0.0338922813534736
EquiformerV2 AD with Hessian training,44299,8592,15,0.0271380376070737,0.0568537712097168
EquiformerV2 AD with Hessian training,418,8593,13,0.0020518582314252,0.0160319246351718
EquiformerV2 AD with Hessian training,23394,8594,8,0.0231601409614086,0.1360354423522949
EquiformerV2 AD with Hessian training,30585,8595,11,0.0144852511584758,0.0996635258197784
EquiformerV2 AD with Hessian training,47222,8596,21,0.0072792875580489,0.0234054643660783
EquiformerV2 AD with Hessian training,35039,8597,13,0.0075947428122162,0.0291716307401657
EquiformerV2 AD with Hessian training,16185,8598,12,0.0215778201818466,0.0765197947621345
EquiformerV2 AD with Hessian training,44859,8599,14,0.0109630711376667,0.0422525815665721
EquiformerV2 AD with Hessian training,17304,8600,5,0.0086789922788739,0.616095781326294
EquiformerV2 AD with Hessian training,24017,8601,10,0.012212298810482,0.1009657829999923
EquiformerV2 AD with Hessian training,2037,8602,13,0.0323332324624061,0.1050908491015434
EquiformerV2 AD with Hessian training,39817,8603,16,0.0058534182608127,0.0255689229816198
EquiformerV2 AD with Hessian training,11125,8604,13,0.0133252637460827,0.0556682087481021
EquiformerV2 AD with Hessian training,15858,8605,11,0.0080896308645606,0.0563048124313354
EquiformerV2 AD with Hessian training,42440,8606,12,0.0109943002462387,0.0514975897967815
EquiformerV2 AD with Hessian training,48719,8607,13,0.0218798201531171,0.0841670632362365
EquiformerV2 AD with Hessian training,38255,8608,14,0.0035455382894724,0.0220070369541645
EquiformerV2 AD with Hessian training,43646,8609,16,0.0123875048011541,0.0377687513828277
EquiformerV2 AD with Hessian training,32091,8610,18,0.0131714167073369,0.0363656543195247
EquiformerV2 AD with Hessian training,4054,8611,15,0.0030796104110777,0.0192404016852378
EquiformerV2 AD with Hessian training,17374,8612,8,0.0328375063836574,0.449936032295227
EquiformerV2 AD with Hessian training,6803,8613,14,0.1090089827775955,0.1585621684789657
EquiformerV2 AD with Hessian training,12879,8614,10,0.007521781604737,0.3925988972187042
EquiformerV2 AD with Hessian training,37849,8615,17,0.0047338241711258,0.0220167990773916
EquiformerV2 AD with Hessian training,27697,8616,16,0.0056273629888892,0.0236651338636875
EquiformerV2 AD with Hessian training,15395,8617,14,0.0070107695646584,0.0335583537817001
EquiformerV2 AD with Hessian training,37049,8618,16,0.0070049250498414,0.0251349154859781
EquiformerV2 AD with Hessian training,11148,8619,13,0.0102642085403203,0.0508910231292247
EquiformerV2 AD with Hessian training,13008,8620,16,0.0109804943203926,0.0311127100139856
EquiformerV2 AD with Hessian training,36394,8621,13,0.0067530986852943,0.0435963496565818
EquiformerV2 AD with Hessian training,32766,8622,19,0.0060638878494501,0.0220266468822956
EquiformerV2 AD with Hessian training,12607,8623,15,0.0081041445955634,0.0243377014994621
EquiformerV2 AD with Hessian training,6329,8624,12,0.0120754288509488,0.0643681362271308
EquiformerV2 AD with Hessian training,14968,8625,16,0.0035900853108614,0.0187294241040945
EquiformerV2 AD with Hessian training,10351,8626,12,0.0147120524197816,0.0629877373576164
EquiformerV2 AD with Hessian training,16475,8627,13,0.0164852272719144,0.1015645340085029
EquiformerV2 AD with Hessian training,6733,8628,14,0.0047522564418613,0.0243838112801313
EquiformerV2 AD with Hessian training,20197,8629,14,0.0107131209224462,0.0357791632413864
EquiformerV2 AD with Hessian training,12082,8630,11,0.0081038633361458,0.0596773400902748
EquiformerV2 AD with Hessian training,5541,8631,15,0.0195925366133451,0.0436119623482227
EquiformerV2 AD with Hessian training,27533,8632,16,0.04172795265913,0.0943269059062004
EquiformerV2 AD with Hessian training,18205,8633,15,0.0071783582679927,0.0687822252511978
EquiformerV2 AD with Hessian training,14811,8634,13,0.0096627110615372,0.0455834232270717
EquiformerV2 AD with Hessian training,828,8635,16,0.0206813793629407,0.0555837228894233
EquiformerV2 AD with Hessian training,37585,8636,13,0.0061383424326777,0.0359218902885913
EquiformerV2 AD with Hessian training,9905,8637,16,0.0348134562373161,0.0708141103386879
EquiformerV2 AD with Hessian training,9686,8638,11,0.0179202761501073,0.1244780793786048
EquiformerV2 AD with Hessian training,23225,8639,14,0.0120563562959432,0.1151278838515281
EquiformerV2 AD with Hessian training,26534,8640,17,0.0069424752146005,0.0234630927443504
EquiformerV2 AD with Hessian training,21599,8641,17,0.0059713567607104,0.024619935080409
EquiformerV2 AD with Hessian training,45816,8642,16,0.0034710895270109,0.0307497773319482
EquiformerV2 AD with Hessian training,50029,8643,10,0.0083106392994523,0.0520129352807998
EquiformerV2 AD with Hessian training,21556,8644,14,0.0283537060022354,0.06416517496109
EquiformerV2 AD with Hessian training,40280,8645,19,0.0128747737035155,0.0505240857601165
EquiformerV2 AD with Hessian training,12672,8646,10,0.0466297902166843,0.1209030970931053
EquiformerV2 AD with Hessian training,13140,8647,17,0.0061446824111044,0.0261985082179307
EquiformerV2 AD with Hessian training,37480,8648,11,0.0214638691395521,0.0831182226538658
EquiformerV2 AD with Hessian training,4055,8649,13,0.0180271714925766,0.0821004882454872
EquiformerV2 AD with Hessian training,35561,8650,12,0.0380143113434314,0.1628682613372802
EquiformerV2 AD with Hessian training,22627,8651,13,0.0048632323741912,0.0285767931491136
EquiformerV2 AD with Hessian training,18822,8652,13,0.0103166131302714,0.083943173289299
EquiformerV2 AD with Hessian training,26930,8653,10,0.0148633867502212,0.1717684864997863
EquiformerV2 AD with Hessian training,19376,8654,16,0.0037175193428993,0.0120105873793363
EquiformerV2 AD with Hessian training,13021,8655,13,0.0059908418916165,0.1262942999601364
EquiformerV2 AD with Hessian training,39012,8656,15,0.0081958770751953,0.0722569599747657
EquiformerV2 AD with Hessian training,11046,8657,18,0.026222052052617,0.0492639951407909
EquiformerV2 AD with Hessian training,47624,8658,16,0.0024986723437905,0.0190492663532495
EquiformerV2 AD with Hessian training,8145,8659,12,0.0111019983887672,0.0437536500394344
EquiformerV2 AD with Hessian training,3531,8660,10,0.0176533609628677,0.1741683930158615
EquiformerV2 AD with Hessian training,34110,8661,14,0.0164604876190423,0.0999866351485252
EquiformerV2 AD with Hessian training,30631,8662,13,0.0208744592964649,0.0715585872530937
EquiformerV2 AD with Hessian training,44465,8663,11,0.0332502834498882,0.0893107950687408
EquiformerV2 AD with Hessian training,16406,8664,15,0.0054153027012944,0.0254993233829736
EquiformerV2 AD with Hessian training,50818,8665,14,0.0249827597290277,0.0678891912102699
EquiformerV2 AD with Hessian training,43139,8666,14,0.0090591367334127,0.0362190529704093
EquiformerV2 AD with Hessian training,16618,8667,12,0.0078909564763307,0.0431858710944652
EquiformerV2 AD with Hessian training,50832,8668,8,0.0142844533547759,0.4581752419471741
EquiformerV2 AD with Hessian training,42651,8669,15,0.0110002122819423,0.0591207221150398
EquiformerV2 AD with Hessian training,46587,8670,17,0.0077762361615896,0.0226054433733224
EquiformerV2 AD with Hessian training,37725,8671,17,0.0097232703119516,0.0465323999524116
EquiformerV2 AD with Hessian training,1148,8672,13,0.0049320398829877,0.0244732368737459
EquiformerV2 AD with Hessian training,45352,8673,11,0.0123892184346914,0.0752613246440887
EquiformerV2 AD with Hessian training,40868,8674,12,0.0056851091794669,0.0277747754007577
EquiformerV2 AD with Hessian training,29869,8675,10,0.0042251665145158,0.0390123799443244
EquiformerV2 AD with Hessian training,46919,8676,14,0.0155893480405211,0.0859618782997131
EquiformerV2 AD with Hessian training,47306,8677,15,0.0130131337791681,0.0326083935797214
EquiformerV2 AD with Hessian training,23048,8678,14,0.0192659422755241,0.0499889701604843
EquiformerV2 AD with Hessian training,10949,8679,14,0.0348640047013759,0.090690404176712
EquiformerV2 AD with Hessian training,26432,8680,12,0.0110547551885247,0.0541330203413963
EquiformerV2 AD with Hessian training,45903,8681,13,0.0132518215104937,0.0575631484389305
EquiformerV2 AD with Hessian training,34952,8682,15,0.0103576034307479,0.0353449694812297
EquiformerV2 AD with Hessian training,12480,8683,8,0.0340520851314067,0.1780366748571396
EquiformerV2 AD with Hessian training,32437,8684,14,0.0100064864382147,0.0429945550858974
EquiformerV2 AD with Hessian training,640,8685,11,0.0111645571887493,0.0690987482666969
EquiformerV2 AD with Hessian training,44211,8686,13,0.0504989326000213,0.1833668351173401
EquiformerV2 AD with Hessian training,13373,8687,13,0.0075214859098196,0.0505144298076629
EquiformerV2 AD with Hessian training,11965,8688,13,0.0074795959517359,0.0503081940114498
EquiformerV2 AD with Hessian training,40009,8689,12,0.0204011928290128,0.0911647453904151
EquiformerV2 AD with Hessian training,394,8690,19,0.0024968746583908,0.0125943887978792
EquiformerV2 AD with Hessian training,24666,8691,17,0.0099067473784089,0.0387915037572383
EquiformerV2 AD with Hessian training,43480,8692,10,0.0297728665173053,0.1698232740163803
EquiformerV2 AD with Hessian training,48943,8693,15,0.0025424757041037,0.0198901779949665
EquiformerV2 AD with Hessian training,11189,8694,14,0.0092372354120016,0.0260935109108686
EquiformerV2 AD with Hessian training,45861,8695,17,0.0159892104566097,0.0411726459860801
EquiformerV2 AD with Hessian training,16659,8696,19,0.003206614870578,0.0108977360650897
EquiformerV2 AD with Hessian training,17426,8697,13,0.0123686594888567,0.0329205580055713
EquiformerV2 AD with Hessian training,50597,8698,16,0.0098615325987339,0.0397729352116584
EquiformerV2 AD with Hessian training,33271,8699,12,0.012325270101428,0.0643278658390045
EquiformerV2 AD with Hessian training,13204,8700,8,0.0389478653669357,0.5065327882766724
EquiformerV2 AD with Hessian training,16354,8701,13,0.0052100266329944,0.036653246730566
EquiformerV2 AD with Hessian training,6444,8702,12,0.0087161306291818,0.0423062704503536
EquiformerV2 AD with Hessian training,36919,8703,12,0.0223603807389736,0.0910306349396705
EquiformerV2 AD with Hessian training,4314,8704,8,0.0053773671388626,0.0414594560861587
EquiformerV2 AD with Hessian training,47638,8705,13,0.0097065465524792,0.0309153217822313
EquiformerV2 AD with Hessian training,8669,8706,16,0.0183682367205619,0.0424448288977146
EquiformerV2 AD with Hessian training,9301,8707,21,0.0051728500984609,0.0153850940987467
EquiformerV2 AD with Hessian training,7341,8708,9,0.012184421531856,0.4027794599533081
EquiformerV2 AD with Hessian training,14976,8709,16,0.0061334557831287,0.0263615567237138
EquiformerV2 AD with Hessian training,528,8710,9,0.0192333329468965,0.125773549079895
EquiformerV2 AD with Hessian training,3939,8711,14,0.0058329519815742,0.0334606170654296
EquiformerV2 AD with Hessian training,37107,8712,14,0.0371421054005622,0.1106792464852333
EquiformerV2 AD with Hessian training,3333,8713,12,0.0212777983397245,0.0710788741707801
EquiformerV2 AD with Hessian training,22740,8714,15,0.0100084953010082,0.0418551228940486
EquiformerV2 AD with Hessian training,23278,8715,17,0.020430352538824,0.065027043223381
EquiformerV2 AD with Hessian training,35684,8716,13,0.0097765130922198,0.0541253201663494
EquiformerV2 AD with Hessian training,15541,8717,18,0.0152341909706592,0.05058478936553
EquiformerV2 AD with Hessian training,19108,8718,16,0.0189795196056365,0.047130674123764
EquiformerV2 AD with Hessian training,29339,8719,16,0.0039431899785995,0.0472476035356521
EquiformerV2 AD with Hessian training,30059,8720,11,0.030604176223278,0.1232619285583496
EquiformerV2 AD with Hessian training,15869,8721,14,0.0054405541159212,0.0198068544268608
EquiformerV2 AD with Hessian training,28226,8722,11,0.0103492243215441,0.1190788596868515
EquiformerV2 AD with Hessian training,50556,8723,12,0.005267082247883,0.1604201644659042
EquiformerV2 AD with Hessian training,1717,8724,14,0.095860868692398,0.1517372131347656
EquiformerV2 AD with Hessian training,1499,8725,12,0.0058416831307113,0.0284439548850059
EquiformerV2 AD with Hessian training,36487,8726,10,0.0140118347480893,0.142691820859909
EquiformerV2 AD with Hessian training,5725,8727,12,0.0094882631674408,0.0410874262452125
EquiformerV2 AD with Hessian training,15113,8728,17,0.0109328879043459,0.0341743379831314
EquiformerV2 AD with Hessian training,49830,8729,15,0.01498300768435,0.0565859787166118
EquiformerV2 AD with Hessian training,41780,8730,10,0.0111726848408579,0.0789880901575088
EquiformerV2 AD with Hessian training,28457,8731,14,0.0155388843268156,0.0658661499619484
EquiformerV2 AD with Hessian training,5767,8732,11,0.0165972337126731,0.072025217115879
EquiformerV2 AD with Hessian training,25093,8733,15,0.0248934887349605,0.0823788940906524
EquiformerV2 AD with Hessian training,25034,8734,14,0.0132212098687887,0.0573535151779651
EquiformerV2 AD with Hessian training,40023,8735,13,0.0031987351831048,0.0229280646890401
EquiformerV2 AD with Hessian training,18026,8736,12,0.006585753057152,0.0701638162136077
EquiformerV2 AD with Hessian training,16753,8737,14,0.0086011663079261,0.0471200682222843
EquiformerV2 AD with Hessian training,29934,8738,15,0.003311947453767,0.0185408107936382
EquiformerV2 AD with Hessian training,28822,8739,14,0.0092367464676499,0.0509486384689807
EquiformerV2 AD with Hessian training,38615,8740,5,0.0328284353017807,0.5932959318161011
EquiformerV2 AD with Hessian training,15460,8741,16,0.0144226578995585,0.0295602548867464
EquiformerV2 AD with Hessian training,21102,8742,16,0.0091293100267648,0.03718002140522
EquiformerV2 AD with Hessian training,24739,8743,12,0.0051534436643123,0.0395345911383628
EquiformerV2 AD with Hessian training,5589,8744,21,0.0041731423698365,0.0201857965439558
EquiformerV2 AD with Hessian training,26316,8745,14,0.0123169338330626,0.0489969402551651
EquiformerV2 AD with Hessian training,13320,8746,13,0.0133600402623415,0.0456920191645622
EquiformerV2 AD with Hessian training,50133,8747,15,0.0117287449538707,0.0508114099502563
EquiformerV2 AD with Hessian training,27512,8748,16,0.0066307294182479,0.0246959645301103
EquiformerV2 AD with Hessian training,19728,8749,9,0.0115885715931653,0.4499451816082001
EquiformerV2 AD with Hessian training,44654,8750,8,0.038147684186697,0.5090476274490356
EquiformerV2 AD with Hessian training,38031,8751,17,0.0076529583893716,0.0273551270365715
EquiformerV2 AD with Hessian training,24607,8752,10,0.0215831641107797,0.1554865688085556
EquiformerV2 AD with Hessian training,11886,8753,14,0.0101025458425283,0.0385390482842922
EquiformerV2 AD with Hessian training,33488,8754,15,0.0192947499454021,0.0593440718948841
EquiformerV2 AD with Hessian training,22591,8755,14,0.0170473512262105,0.0667117461562156
EquiformerV2 AD with Hessian training,17111,8756,13,0.0113856485113501,0.0445246174931526
EquiformerV2 AD with Hessian training,49002,8757,16,0.0031006406061351,0.0231537614017725
EquiformerV2 AD with Hessian training,5750,8758,17,0.0090293567627668,0.027680555358529
EquiformerV2 AD with Hessian training,29133,8759,10,0.0079828277230262,0.284649521112442
EquiformerV2 AD with Hessian training,40832,8760,12,0.0070952572859823,0.0798022076487541
EquiformerV2 AD with Hessian training,12637,8761,16,0.0171336568892002,0.0548946261405944
EquiformerV2 AD with Hessian training,20586,8762,13,0.0038211161736398,0.0402785539627075
EquiformerV2 AD with Hessian training,17803,8763,13,0.0432397648692131,0.0969167128205299
EquiformerV2 AD with Hessian training,34066,8764,18,0.0041683767922222,0.0154598327353596
EquiformerV2 AD with Hessian training,43373,8765,9,0.0164003018289804,0.1101344227790832
EquiformerV2 AD with Hessian training,24998,8766,10,0.0390396080911159,0.1145205572247505
EquiformerV2 AD with Hessian training,6861,8767,12,0.0420277379453182,0.1176894754171371
EquiformerV2 AD with Hessian training,30423,8768,14,0.0069142482243478,0.0233353562653064
EquiformerV2 AD with Hessian training,631,8769,14,0.0026673327665776,0.017755789682269
EquiformerV2 AD with Hessian training,27829,8770,12,0.0241948310285806,0.0883250162005424
EquiformerV2 AD with Hessian training,17284,8771,17,0.0032269407529383,0.0132048642262816
EquiformerV2 AD with Hessian training,723,8772,13,0.050279788672924,0.1070049330592155
EquiformerV2 AD with Hessian training,17176,8773,11,0.0160810593515634,0.1835178583860397
EquiformerV2 AD with Hessian training,4290,8774,12,0.039041731506586,0.1144216582179069
EquiformerV2 AD with Hessian training,12422,8775,11,0.0416916385293006,0.1394878625869751
EquiformerV2 AD with Hessian training,16158,8776,16,0.0070017701946198,0.0268859695643186
EquiformerV2 AD with Hessian training,15968,8777,15,0.0108842570334672,0.0365296974778175
EquiformerV2 AD with Hessian training,8218,8778,9,0.1672648340463638,0.3513286113739013
EquiformerV2 AD with Hessian training,24769,8779,17,0.0263502560555934,0.0547412261366844
EquiformerV2 AD with Hessian training,42084,8780,10,0.0209789350628852,0.3286243975162506
EquiformerV2 AD with Hessian training,24453,8781,17,0.0024161275941878,0.0158292241394519
EquiformerV2 AD with Hessian training,21535,8782,10,0.0141726788133382,0.1118144765496254
EquiformerV2 AD with Hessian training,9516,8783,15,0.0687489658594131,0.0972648859024047
EquiformerV2 AD with Hessian training,40860,8784,13,0.0092882420867681,0.05265898630023
EquiformerV2 AD with Hessian training,42430,8785,15,0.0042203208431601,0.0235129948705434
EquiformerV2 AD with Hessian training,15548,8786,14,0.0063220327720046,0.0355373956263065
EquiformerV2 AD with Hessian training,26160,8787,13,0.0345852896571159,0.1437979042530059
EquiformerV2 AD with Hessian training,8652,8788,15,0.0205186959356069,0.046024065464735
EquiformerV2 AD with Hessian training,48706,8789,18,0.0051794946193695,0.018061464652419
EquiformerV2 AD with Hessian training,16999,8790,18,0.0019383047474548,0.0097209634259343
EquiformerV2 AD with Hessian training,28658,8791,16,0.0117821563035249,0.0450318753719329
EquiformerV2 AD with Hessian training,26423,8792,15,0.0017796914326027,0.016517398878932
EquiformerV2 AD with Hessian training,34062,8793,16,0.0051439967937767,0.0247001405805349
EquiformerV2 AD with Hessian training,46556,8794,15,0.0172932893037796,0.055805642157793
EquiformerV2 AD with Hessian training,36089,8795,10,0.0108002396300435,0.0636006966233253
EquiformerV2 AD with Hessian training,9255,8796,10,0.0094349225983023,0.0694413110613823
EquiformerV2 AD with Hessian training,37784,8797,12,0.0139126311987638,0.0644596219062805
EquiformerV2 AD with Hessian training,20412,8798,16,0.021725533530116,0.0603555031120777
EquiformerV2 AD with Hessian training,17936,8799,12,0.0082891276106238,0.0338522717356681
EquiformerV2 AD with Hessian training,48509,8800,15,0.0158738065510988,0.0619070492684841
EquiformerV2 AD with Hessian training,41845,8801,14,0.0036549491342157,0.0151822883635759
EquiformerV2 AD with Hessian training,25,8802,13,0.0430302582681179,0.1212552115321159
EquiformerV2 AD with Hessian training,41290,8803,10,0.0105463806539773,0.0883856937289238
EquiformerV2 AD with Hessian training,38892,8804,9,0.0084853870794177,0.0908144116401672
EquiformerV2 AD with Hessian training,19143,8805,11,0.0098485061898827,0.0740588158369064
EquiformerV2 AD with Hessian training,36778,8806,10,0.007593285292387,0.2418676763772964
EquiformerV2 AD with Hessian training,46959,8807,19,0.0111051015555858,0.030398154631257
EquiformerV2 AD with Hessian training,20206,8808,16,0.0138816963881254,0.0711506083607673
EquiformerV2 AD with Hessian training,341,8809,10,0.0120328888297081,0.1719814091920852
EquiformerV2 AD with Hessian training,14772,8810,15,0.0282128453254699,0.0915070250630378
EquiformerV2 AD with Hessian training,797,8811,15,0.0360540077090263,0.0831397101283073
EquiformerV2 AD with Hessian training,48742,8812,19,0.006526609417051,0.0194252524524927
EquiformerV2 AD with Hessian training,4490,8813,15,0.0059862900525331,0.0278851222246885
EquiformerV2 AD with Hessian training,33533,8814,7,0.0235515292733907,0.6031903624534607
EquiformerV2 AD with Hessian training,14446,8815,14,0.0085832765325903,0.0409754812717437
EquiformerV2 AD with Hessian training,49944,8816,20,0.0046424316242337,0.0137891797348856
EquiformerV2 AD with Hessian training,15397,8817,11,0.0052290735766291,0.0459837354719638
EquiformerV2 AD with Hessian training,3650,8818,14,0.003253704868257,0.0182015728205442
EquiformerV2 AD with Hessian training,7811,8819,18,0.0027565106283873,0.014115429483354
EquiformerV2 AD with Hessian training,45925,8820,17,0.0083375005051493,0.0254466440528631
EquiformerV2 AD with Hessian training,38520,8821,13,0.0079459147527813,0.0382566265761852
EquiformerV2 AD with Hessian training,50383,8822,15,0.026262991130352,0.069018617272377
EquiformerV2 AD with Hessian training,37467,8823,8,0.0502783060073852,0.3053950667381286
EquiformerV2 AD with Hessian training,39864,8824,12,0.0471125058829784,0.1424821764230728
EquiformerV2 AD with Hessian training,22644,8825,12,0.0183471534401178,0.1156307011842727
EquiformerV2 AD with Hessian training,5836,8826,12,0.0079501010477542,0.050005342811346
EquiformerV2 AD with Hessian training,38745,8827,14,0.0074464157223701,0.0526779107749462
EquiformerV2 AD with Hessian training,39478,8828,15,0.0068646748550236,0.0541143864393234
EquiformerV2 AD with Hessian training,8560,8829,12,0.0063294428400695,0.0371516682207584
EquiformerV2 AD with Hessian training,45368,8830,16,0.0104608787223696,0.0295915808528661
EquiformerV2 AD with Hessian training,15453,8831,15,0.0084426831454038,0.0392797775566577
EquiformerV2 AD with Hessian training,1555,8832,12,0.0111204786226153,0.0639278814196586
EquiformerV2 AD with Hessian training,19892,8833,10,0.0501347556710243,0.3554819226264953
EquiformerV2 AD with Hessian training,17177,8834,14,0.0072077251970767,0.0369967594742774
EquiformerV2 AD with Hessian training,42587,8835,17,0.0065395412966609,0.0274959802627563
EquiformerV2 AD with Hessian training,48612,8836,16,0.0102894194424152,0.0292532239109277
EquiformerV2 AD with Hessian training,38591,8837,8,0.0154645852744579,0.3765327632427215
EquiformerV2 AD with Hessian training,10679,8838,10,0.034479483962059,0.1784670501947403
EquiformerV2 AD with Hessian training,16390,8839,11,0.0123253958299756,0.0690528750419616
EquiformerV2 AD with Hessian training,9257,8840,15,0.0047784456983208,0.0202842243015766
EquiformerV2 AD with Hessian training,1498,8841,14,0.00767158344388,0.152180477976799
EquiformerV2 AD with Hessian training,36128,8842,11,0.0244329757988452,0.1414843648672104
EquiformerV2 AD with Hessian training,18990,8843,14,0.00527501758188,0.018557496368885
EquiformerV2 AD with Hessian training,17251,8844,10,0.0162551589310169,0.1650380343198776
EquiformerV2 AD with Hessian training,6810,8845,14,0.0111709469929337,0.0576616190373897
EquiformerV2 AD with Hessian training,40773,8846,15,0.0231592245399951,0.0522349253296852
EquiformerV2 AD with Hessian training,40882,8847,16,0.0066345566883683,0.0287707839161157
EquiformerV2 AD with Hessian training,30831,8848,14,0.0063859559595584,0.0471037365496158
EquiformerV2 AD with Hessian training,18479,8849,12,0.0114671178162097,0.052551083266735
EquiformerV2 AD with Hessian training,26181,8850,15,0.0082845725119113,0.0481982193887233
EquiformerV2 AD with Hessian training,12513,8851,16,0.0155020151287317,0.0668685212731361
EquiformerV2 AD with Hessian training,39520,8852,16,0.0071214400231838,0.0371943525969982
EquiformerV2 AD with Hessian training,25418,8853,14,0.0185298845171928,0.0843382328748703
EquiformerV2 AD with Hessian training,1529,8854,14,0.0032290143426507,0.0222805347293615
EquiformerV2 AD with Hessian training,13652,8855,16,0.016337152570486,0.0528785586357116
EquiformerV2 AD with Hessian training,17641,8856,15,0.0091573912650346,0.0284283254295587
EquiformerV2 AD with Hessian training,41386,8857,8,0.0356396213173866,0.3176039755344391
EquiformerV2 AD with Hessian training,2782,8858,16,0.0274531748145818,0.1022298410534858
EquiformerV2 AD with Hessian training,40677,8859,16,0.0120527725666761,0.032248668372631
EquiformerV2 AD with Hessian training,8925,8860,16,0.0062983771786093,0.027034219354391
EquiformerV2 AD with Hessian training,46400,8861,14,0.0070433830842375,0.0373782999813556
EquiformerV2 AD with Hessian training,31670,8862,14,0.0233643930405378,0.0532084219157695
EquiformerV2 AD with Hessian training,39040,8863,11,0.0370815768837928,0.1245763003826141
EquiformerV2 AD with Hessian training,24457,8864,14,0.0068143550306558,0.0317657440900802
EquiformerV2 AD with Hessian training,21173,8865,17,0.0185194611549377,0.0480759665369987
EquiformerV2 AD with Hessian training,34268,8866,13,0.0339480340480804,0.0965433791279792
EquiformerV2 AD with Hessian training,26552,8867,19,0.0051163416355848,0.0142579628154635
EquiformerV2 AD with Hessian training,1992,8868,11,0.0116394776850938,0.0758447051048278
EquiformerV2 AD with Hessian training,50840,8869,13,0.01375303696841,0.0604030489921569
EquiformerV2 AD with Hessian training,22695,8870,14,0.0407198518514633,0.105708010494709
EquiformerV2 AD with Hessian training,19246,8871,10,0.0187711734324693,0.0616095215082168
EquiformerV2 AD with Hessian training,8385,8872,19,0.0216952338814735,0.0421309396624565
EquiformerV2 AD with Hessian training,30946,8873,15,0.0148012293502688,0.0503354892134666
EquiformerV2 AD with Hessian training,428,8874,12,0.027040047571063,0.1009792760014534
EquiformerV2 AD with Hessian training,11938,8875,11,0.0370441004633903,0.1308611780405044
EquiformerV2 AD with Hessian training,11038,8876,12,0.0058255516923964,0.0325508490204811
EquiformerV2 AD with Hessian training,13000,8877,9,0.0094636054709553,0.4485938251018524
EquiformerV2 AD with Hessian training,4824,8878,14,0.010380326770246,0.0376884154975414
EquiformerV2 AD with Hessian training,158,8879,17,0.0076476824469864,0.0191402528434991
EquiformerV2 AD with Hessian training,1462,8880,16,0.0076360828243196,0.033217865973711
EquiformerV2 AD with Hessian training,34924,8881,10,0.0056091211736202,0.0462205559015274
EquiformerV2 AD with Hessian training,23117,8882,12,0.0117789469659328,0.0805839151144027
EquiformerV2 AD with Hessian training,47143,8883,14,0.0440201386809349,0.1247880458831787
EquiformerV2 AD with Hessian training,34855,8884,15,0.0110303843393921,0.0361559092998504
EquiformerV2 AD with Hessian training,36435,8885,21,0.0037251526955515,0.0131056457757949
EquiformerV2 AD with Hessian training,12080,8886,12,0.0142116118222475,0.0579552948474884
EquiformerV2 AD with Hessian training,49880,8887,9,0.0130694722756743,0.4789768755435943
EquiformerV2 AD with Hessian training,31686,8888,12,0.0134989405050873,0.0716854557394981
EquiformerV2 AD with Hessian training,48168,8889,13,0.025825971737504,0.0780032873153686
EquiformerV2 AD with Hessian training,35250,8890,15,0.0108370427042245,0.0364613160490989
EquiformerV2 AD with Hessian training,15350,8891,10,0.0061791553162038,0.0628106296062469
EquiformerV2 AD with Hessian training,24626,8892,17,0.0108716702088713,0.0349681079387664
EquiformerV2 AD with Hessian training,20607,8893,15,0.0137684345245361,0.0531916804611682
EquiformerV2 AD with Hessian training,17259,8894,14,0.0451095104217529,0.0993219688534736
EquiformerV2 AD with Hessian training,49696,8895,9,0.0167744699865579,0.0803070291876792
EquiformerV2 AD with Hessian training,7477,8896,10,0.0081163896247744,0.1392820626497268
EquiformerV2 AD with Hessian training,7822,8897,15,0.0146888578310608,0.0560847111046314
EquiformerV2 AD with Hessian training,3080,8898,12,0.1519804000854492,0.2607473134994507
EquiformerV2 AD with Hessian training,14016,8899,14,0.0071185198612511,0.1189265176653862
EquiformerV2 AD with Hessian training,1855,8900,9,0.0143481437116861,0.4184028208255768
EquiformerV2 AD with Hessian training,10272,8901,16,0.0169176310300827,0.077187992632389
EquiformerV2 AD with Hessian training,30234,8902,16,0.0101418029516935,0.0270272269845008
EquiformerV2 AD with Hessian training,49285,8903,14,0.0072432812303304,0.0402169041335582
EquiformerV2 AD with Hessian training,35142,8904,13,0.0101990215480327,0.0368832126259803
EquiformerV2 AD with Hessian training,13234,8905,9,0.006515466608107,0.0745045095682144
EquiformerV2 AD with Hessian training,27804,8906,13,0.0088491486385464,0.0468227714300155
EquiformerV2 AD with Hessian training,28541,8907,14,0.0096435779705643,0.0610184520483017
EquiformerV2 AD with Hessian training,35272,8908,14,0.0026699882000684,0.0160834658890962
EquiformerV2 AD with Hessian training,11259,8909,8,0.01394151058048,0.1159761473536491
EquiformerV2 AD with Hessian training,14354,8910,11,0.0016239606775343,0.008054138161242
EquiformerV2 AD with Hessian training,27227,8911,7,0.023183986544609,0.5869051218032837
EquiformerV2 AD with Hessian training,35513,8912,12,0.0086304815486073,0.1371397972106933
EquiformerV2 AD with Hessian training,21883,8913,13,0.0478778183460235,0.1530362367630005
EquiformerV2 AD with Hessian training,15829,8914,8,0.009301396086812,0.2512218654155731
EquiformerV2 AD with Hessian training,23066,8915,14,0.0061942739412188,0.0373699702322483
EquiformerV2 AD with Hessian training,1174,8916,11,0.0101426541805267,0.0651397034525871
EquiformerV2 AD with Hessian training,34625,8917,15,0.0043007987551391,0.0256047844886779
EquiformerV2 AD with Hessian training,20865,8918,12,0.0106476992368698,0.0506399311125278
EquiformerV2 AD with Hessian training,39589,8919,16,0.0024967796634882,0.0157249476760625
EquiformerV2 AD with Hessian training,19512,8920,18,0.0102722868323326,0.0262876395136117
EquiformerV2 AD with Hessian training,49769,8921,19,0.0031612557359039,0.0131890578195452
EquiformerV2 AD with Hessian training,3873,8922,19,0.0078698238357901,0.0258716028183698
EquiformerV2 AD with Hessian training,24012,8923,17,0.0129035655409097,0.04865313321352
EquiformerV2 AD with Hessian training,24849,8924,14,0.0489044301211833,0.089651733636856
EquiformerV2 AD with Hessian training,17633,8925,13,0.0168523453176021,0.0541614592075347
EquiformerV2 AD with Hessian training,30889,8926,14,0.0382363498210907,0.1032112091779708
EquiformerV2 AD with Hessian training,19087,8927,16,0.0156808029860258,0.0539162345230579
EquiformerV2 AD with Hessian training,22267,8928,15,0.0046225064434111,0.057650689035654
EquiformerV2 AD with Hessian training,1452,8929,14,0.0077543444931507,0.0355329848825931
EquiformerV2 AD with Hessian training,33833,8930,14,0.0215115062892436,0.0737374052405357
EquiformerV2 AD with Hessian training,47477,8931,15,0.0327399261295795,0.0717402920126915
EquiformerV2 AD with Hessian training,21121,8932,12,0.0148891294375061,0.052931610494852
EquiformerV2 AD with Hessian training,21971,8933,13,0.0057564750313758,0.0304077640175819
EquiformerV2 AD with Hessian training,28159,8934,14,0.0032110179308801,0.0206459984183311
EquiformerV2 AD with Hessian training,29559,8935,12,0.0135939689353108,0.0484106056392192
EquiformerV2 AD with Hessian training,44198,8936,13,0.0114932302385568,0.0639820545911789
EquiformerV2 AD with Hessian training,33235,8937,17,0.0114383399486541,0.0419268794357776
EquiformerV2 AD with Hessian training,42706,8938,17,0.0056774606928229,0.0209264736622571
EquiformerV2 AD with Hessian training,21101,8939,12,0.0190649162977933,0.0723664462566375
EquiformerV2 AD with Hessian training,35331,8940,15,0.0108306454494595,0.0429452545940876
EquiformerV2 AD with Hessian training,36932,8941,14,0.0074809952639043,0.038067128509283
EquiformerV2 AD with Hessian training,25734,8942,18,0.012394773773849,0.0405556671321392
EquiformerV2 AD with Hessian training,1164,8943,13,0.0080796647816896,0.0444093681871891
EquiformerV2 AD with Hessian training,26020,8944,12,0.0065315677784383,0.0376728773117065
EquiformerV2 AD with Hessian training,24276,8945,15,0.0037460646126419,0.0259520150721073
EquiformerV2 AD with Hessian training,13760,8946,14,0.0044544897973537,0.022618243470788
EquiformerV2 AD with Hessian training,1709,8947,18,0.0048199067823588,0.0214334465563297
EquiformerV2 AD with Hessian training,49619,8948,17,0.0037917671725153,0.0186681933701038
EquiformerV2 AD with Hessian training,46370,8949,12,0.0192604158073663,0.0861106440424919
EquiformerV2 AD with Hessian training,8439,8950,13,0.0184943228960037,0.0704905167222023
EquiformerV2 AD with Hessian training,9025,8951,16,0.0115339234471321,0.0449912138283252
EquiformerV2 AD with Hessian training,20978,8952,16,0.0035323423799127,0.0484926030039787
EquiformerV2 AD with Hessian training,33510,8953,13,0.0078300386667251,0.0391565710306167
EquiformerV2 AD with Hessian training,3370,8954,12,0.0095189977437257,0.0480950213968753
EquiformerV2 AD with Hessian training,20596,8955,9,0.0125958481803536,0.0787255316972732
EquiformerV2 AD with Hessian training,10246,8956,13,0.0134232714772224,0.0803443863987922
EquiformerV2 AD with Hessian training,9743,8957,14,0.0068611591123044,0.034241858869791
EquiformerV2 AD with Hessian training,10318,8958,19,0.0017631150549277,0.0096322773024439
EquiformerV2 AD with Hessian training,47202,8959,11,0.0031237110961228,0.0276939813047647
EquiformerV2 AD with Hessian training,33552,8960,11,0.0430739074945449,0.1297274231910705
EquiformerV2 AD with Hessian training,5071,8961,8,0.0077025070786476,0.0920073986053466
EquiformerV2 AD with Hessian training,32522,8962,12,0.0081637287512421,0.0428684055805206
EquiformerV2 AD with Hessian training,39013,8963,18,0.0067721088416874,0.0277703814208507
EquiformerV2 AD with Hessian training,43354,8964,14,0.006768160033971,0.034237653017044
EquiformerV2 AD with Hessian training,25825,8965,15,0.002803781768307,0.0205224603414535
EquiformerV2 AD with Hessian training,12258,8966,9,0.0944711789488792,0.2272848933935165
EquiformerV2 AD with Hessian training,32411,8967,13,0.0147824501618742,0.0571519322693347
EquiformerV2 AD with Hessian training,26581,8968,17,0.007617378141731,0.0273343715816736
EquiformerV2 AD with Hessian training,43780,8969,18,0.0081892851740121,0.018770245835185
EquiformerV2 AD with Hessian training,47074,8970,19,0.0055774012580513,0.0210640560835599
EquiformerV2 AD with Hessian training,34396,8971,14,0.012748684734106,0.0521302297711372
EquiformerV2 AD with Hessian training,7886,8972,10,0.0103106470778584,0.0856449753046035
EquiformerV2 AD with Hessian training,42348,8973,10,0.0146945556625723,0.2214896380901336
EquiformerV2 AD with Hessian training,15923,8974,11,0.0104680368676781,0.1516417264938354
EquiformerV2 AD with Hessian training,37126,8975,17,0.0095175094902515,0.0344261564314365
EquiformerV2 AD with Hessian training,49553,8976,13,0.0099723292514681,0.0311829578131437
EquiformerV2 AD with Hessian training,31575,8977,19,0.0069815050810575,0.0284346751868724
EquiformerV2 AD with Hessian training,46261,8978,10,0.017630498856306,0.1410871148109436
EquiformerV2 AD with Hessian training,44708,8979,11,0.0210174079984426,0.119412325322628
EquiformerV2 AD with Hessian training,30929,8980,10,0.0167213194072246,0.172595202922821
EquiformerV2 AD with Hessian training,15897,8981,11,0.042924802750349,0.1277269870042801
EquiformerV2 AD with Hessian training,49286,8982,14,0.0082227755337953,0.0612399019300937
EquiformerV2 AD with Hessian training,29865,8983,18,0.0149586154147982,0.0331959463655948
EquiformerV2 AD with Hessian training,12772,8984,14,0.0045268144458532,0.0196488760411739
EquiformerV2 AD with Hessian training,44915,8985,15,0.0191506557166576,0.0607529543340206
EquiformerV2 AD with Hessian training,50672,8986,13,0.0222899913787841,0.058889701962471
EquiformerV2 AD with Hessian training,33209,8987,16,0.0130812581628561,0.0366739332675933
EquiformerV2 AD with Hessian training,13045,8988,12,0.005318793002516,0.0476236380636692
EquiformerV2 AD with Hessian training,36727,8989,11,0.0131533397361636,0.136100947856903
EquiformerV2 AD with Hessian training,49195,8990,15,0.0055680526420474,0.0186405144631862
EquiformerV2 AD with Hessian training,26427,8991,16,0.0042050061747431,0.0157062951475381
EquiformerV2 AD with Hessian training,14644,8992,13,0.0052882423624396,0.0228768084198236
EquiformerV2 AD with Hessian training,3099,8993,13,0.0067504728212952,0.0405511930584907
EquiformerV2 AD with Hessian training,16080,8994,12,0.0228514336049556,0.1881437599658966
EquiformerV2 AD with Hessian training,12969,8995,11,0.0153877018019557,0.1089744716882705
EquiformerV2 AD with Hessian training,20528,8996,10,0.037805002182722,0.2250222861766815
EquiformerV2 AD with Hessian training,50088,8997,16,0.0097669931128621,0.0363698750734329
EquiformerV2 AD with Hessian training,2304,8998,10,0.0160279907286167,0.0612206906080246
EquiformerV2 AD with Hessian training,39089,8999,12,0.0095119895413517,0.1147034987807273
EquiformerV2 AD with Hessian training,29860,9000,10,0.0078797861933708,0.0949835702776908
EquiformerV2 AD with Hessian training,21317,9001,16,0.0198556892573833,0.0536299683153629
EquiformerV2 AD with Hessian training,38782,9002,13,0.0074475253932178,0.0361077450215816
EquiformerV2 AD with Hessian training,23957,9003,7,0.0288795381784439,0.4554511904716491
EquiformerV2 AD with Hessian training,41252,9004,18,0.016443021595478,0.041761789470911
EquiformerV2 AD with Hessian training,28101,9005,14,0.004682803992182,0.024372300133109
EquiformerV2 AD with Hessian training,2230,9006,15,0.0055271838791668,0.0236312262713909
EquiformerV2 AD with Hessian training,29239,9007,10,0.0126824611797928,0.0733541622757911
EquiformerV2 AD with Hessian training,47029,9008,14,0.0047555905766785,0.0195719301700592
EquiformerV2 AD with Hessian training,2360,9009,11,0.0124368723481893,0.290874034166336
EquiformerV2 AD with Hessian training,6321,9010,10,0.0048686508089303,0.0508369356393814
EquiformerV2 AD with Hessian training,23870,9011,9,0.00917015876621,0.3565693199634552
EquiformerV2 AD with Hessian training,32705,9012,14,0.0031115398742258,0.0209687706083059
EquiformerV2 AD with Hessian training,11713,9013,15,0.0055365306325256,0.0234983582049608
EquiformerV2 AD with Hessian training,39302,9014,10,0.0061400053091347,0.0443826802074909
EquiformerV2 AD with Hessian training,41895,9015,16,0.0466073751449584,0.1588553041219711
EquiformerV2 AD with Hessian training,12121,9016,12,0.0056727994233369,0.0339943356812
EquiformerV2 AD with Hessian training,2252,9017,15,0.0117557579651474,0.0348002091050148
EquiformerV2 AD with Hessian training,39705,9018,15,0.0085037918761372,0.0548554919660091
EquiformerV2 AD with Hessian training,27592,9019,15,0.0105302007868886,0.0382204726338386
EquiformerV2 AD with Hessian training,23282,9020,14,0.0068539772182703,0.0445239171385765
EquiformerV2 AD with Hessian training,49187,9021,16,0.0053213015198707,0.0251862183213233
EquiformerV2 AD with Hessian training,37768,9022,11,0.0231786575168371,0.1241027042269706
EquiformerV2 AD with Hessian training,32297,9023,15,0.0038021206855773,0.0481650531291961
EquiformerV2 AD with Hessian training,15531,9024,16,0.0033107572235167,0.0252151191234588
EquiformerV2 AD with Hessian training,39003,9025,15,0.002476466121152,0.0162110477685928
EquiformerV2 AD with Hessian training,25873,9026,13,0.0208477210253477,0.0805738195776939
EquiformerV2 AD with Hessian training,3820,9027,17,0.0069775339215993,0.028127796947956
EquiformerV2 AD with Hessian training,5144,9028,14,0.0157086234539747,0.0854935944080352
EquiformerV2 AD with Hessian training,11490,9029,15,0.0141469230875372,0.0477276667952537
EquiformerV2 AD with Hessian training,49270,9030,11,0.0315214432775974,0.1577169746160507
EquiformerV2 AD with Hessian training,24248,9031,13,0.0047416849993169,0.0359414741396904
EquiformerV2 AD with Hessian training,22820,9032,17,0.0027934790123254,0.0139390239492058
EquiformerV2 AD with Hessian training,49202,9033,16,0.0061694695614278,0.0254835560917854
EquiformerV2 AD with Hessian training,25069,9034,15,0.0120999496430158,0.0361294634640216
EquiformerV2 AD with Hessian training,27939,9035,16,0.0022735116071999,0.012205159291625
EquiformerV2 AD with Hessian training,28319,9036,11,0.0036763318348675,0.0294813364744186
EquiformerV2 AD with Hessian training,858,9037,12,0.0075565725564956,0.0364040583372116
EquiformerV2 AD with Hessian training,16566,9038,18,0.0168464966118335,0.0313433371484279
EquiformerV2 AD with Hessian training,5787,9039,16,0.0144631136208772,0.0454447753727436
EquiformerV2 AD with Hessian training,48855,9040,14,0.0038788481615483,0.0193439014256
EquiformerV2 AD with Hessian training,23505,9041,19,0.0148225100710988,0.0348061993718147
EquiformerV2 AD with Hessian training,16636,9042,10,0.0788424909114837,0.2434768378734588
EquiformerV2 AD with Hessian training,8631,9043,14,0.0062004220671951,0.038891851902008
EquiformerV2 AD with Hessian training,236,9044,12,0.0382587984204292,0.1181414127349853
EquiformerV2 AD with Hessian training,46233,9045,15,0.0119193010032176,0.0365801565349102
EquiformerV2 AD with Hessian training,21717,9046,8,0.0457748845219612,0.5873355865478516
EquiformerV2 AD with Hessian training,46246,9047,13,0.0148034254088997,0.0463649965822696
EquiformerV2 AD with Hessian training,23834,9048,15,0.0097618829458951,0.0383767485618591
EquiformerV2 AD with Hessian training,1401,9049,11,0.0093777691945433,0.0554380863904953
EquiformerV2 AD with Hessian training,28022,9050,10,0.0852207392454147,0.2862097322940826
EquiformerV2 AD with Hessian training,27818,9051,17,0.0164760407060384,0.0408786907792091
EquiformerV2 AD with Hessian training,16043,9052,17,0.006900945212692,0.0291064362972974
EquiformerV2 AD with Hessian training,39500,9053,14,0.0313209258019924,0.0873301029205322
EquiformerV2 AD with Hessian training,3655,9054,14,0.0209520198404788,0.0730107426643371
EquiformerV2 AD with Hessian training,37803,9055,11,0.0118798119947314,0.0662557110190391
EquiformerV2 AD with Hessian training,40488,9056,15,0.0282049588859081,0.0773811712861061
EquiformerV2 AD with Hessian training,13459,9057,14,0.0070842392742633,0.0300453323870897
EquiformerV2 AD with Hessian training,4575,9058,16,0.0029831144493073,0.0143405618146061
EquiformerV2 AD with Hessian training,46571,9059,11,0.0115561112761497,0.0645264759659767
EquiformerV2 AD with Hessian training,35885,9060,15,0.0212324820458889,0.1297664642333984
EquiformerV2 AD with Hessian training,11435,9061,15,0.0092009473592042,0.0414732545614242
EquiformerV2 AD with Hessian training,7082,9062,13,0.0041421228088438,0.033499788492918
EquiformerV2 AD with Hessian training,41806,9063,9,0.046313352882862,0.2925934195518493
EquiformerV2 AD with Hessian training,42654,9064,17,0.0082854935899376,0.0176561251282691
EquiformerV2 AD with Hessian training,21677,9065,14,0.0056152264587581,0.0256261583417654
EquiformerV2 AD with Hessian training,46387,9066,16,0.0052942587062716,0.0440989136695861
EquiformerV2 AD with Hessian training,23644,9067,15,0.0032584620639681,0.0180927347391843
EquiformerV2 AD with Hessian training,50664,9068,13,0.03510757163167,0.0941303595900535
EquiformerV2 AD with Hessian training,23964,9069,15,0.0214876979589462,0.0741472244262695
EquiformerV2 AD with Hessian training,50253,9070,18,0.0019395791459828,0.0076069785282015
EquiformerV2 AD with Hessian training,21657,9071,17,0.0120075969025492,0.031615812331438
EquiformerV2 AD with Hessian training,25817,9072,11,0.0676079839468002,0.1384181082248687
EquiformerV2 AD with Hessian training,42801,9073,13,0.0114636179059743,0.0704392716288566
EquiformerV2 AD with Hessian training,15601,9074,13,0.0040071215480566,0.0290764849632978
EquiformerV2 AD with Hessian training,32987,9075,11,0.0101685561239719,0.138723224401474
EquiformerV2 AD with Hessian training,2634,9076,11,0.0195219907909631,0.0840293318033218
EquiformerV2 AD with Hessian training,1769,9077,16,0.0025307619944214,0.0176616162061691
EquiformerV2 AD with Hessian training,34986,9078,12,0.0077780848369002,0.0370985567569732
EquiformerV2 AD with Hessian training,16263,9079,14,0.0150389606133103,0.0397079102694988
EquiformerV2 AD with Hessian training,41097,9080,11,0.0183388907462358,0.2452131062746048
EquiformerV2 AD with Hessian training,34192,9081,9,0.0174382105469703,0.306166797876358
EquiformerV2 AD with Hessian training,13877,9082,17,0.0049911164678633,0.0273462906479835
EquiformerV2 AD with Hessian training,43455,9083,16,0.0067659318447113,0.0244519412517547
EquiformerV2 AD with Hessian training,13391,9084,14,0.0404969900846481,0.0846865624189376
EquiformerV2 AD with Hessian training,3573,9085,11,0.0536470003426075,0.2022249847650528
EquiformerV2 AD with Hessian training,45273,9086,18,0.0041538733057677,0.0166130047291517
EquiformerV2 AD with Hessian training,35248,9087,15,0.0055683492682874,0.0330959036946296
EquiformerV2 AD with Hessian training,36335,9088,16,0.0064337970688939,0.0368063859641552
EquiformerV2 AD with Hessian training,35705,9089,13,0.0058770817704498,0.080710768699646
EquiformerV2 AD with Hessian training,29236,9090,14,0.005033906083554,0.0229035522788763
EquiformerV2 AD with Hessian training,28288,9091,18,0.0161296036094427,0.0329330414533615
EquiformerV2 AD with Hessian training,49914,9092,7,0.0242866557091474,0.598153829574585
EquiformerV2 AD with Hessian training,30113,9093,11,0.0066938162781298,0.3371022343635559
EquiformerV2 AD with Hessian training,5440,9094,21,0.001733886078,0.0076953223906457
EquiformerV2 AD with Hessian training,21571,9095,11,0.00290481839329,0.0242895819246768
EquiformerV2 AD with Hessian training,48544,9096,16,0.0091601898893713,0.0357513315975666
EquiformerV2 AD with Hessian training,44314,9097,16,0.0084152240306139,0.0344753451645374
EquiformerV2 AD with Hessian training,24226,9098,14,0.0082417502999305,0.0395785048604011
EquiformerV2 AD with Hessian training,32428,9099,12,0.0180846285074949,0.0618525967001915
EquiformerV2 AD with Hessian training,22527,9100,12,0.0081763481721282,0.0442939586937427
EquiformerV2 AD with Hessian training,38085,9101,17,0.0119135035201907,0.0388440191745758
EquiformerV2 AD with Hessian training,11085,9102,13,0.0061301286332309,0.0440262742340564
EquiformerV2 AD with Hessian training,391,9103,8,0.0135737806558609,0.3351665139198303
EquiformerV2 AD with Hessian training,5806,9104,11,0.0432992577552795,0.1028753593564033
EquiformerV2 AD with Hessian training,5146,9105,9,0.0178711619228124,0.202951118350029
EquiformerV2 AD with Hessian training,39347,9106,10,0.0299081932753324,0.1261962801218032
EquiformerV2 AD with Hessian training,41228,9107,14,0.0170886442065238,0.0531734377145767
EquiformerV2 AD with Hessian training,18178,9108,7,0.0139237726107239,0.2565537989139557
EquiformerV2 AD with Hessian training,15658,9109,13,0.0057984348386526,0.0356700979173183
EquiformerV2 AD with Hessian training,1761,9110,16,0.0034143838565796,0.0438306219875812
EquiformerV2 AD with Hessian training,33367,9111,15,0.0243823509663343,0.0636634230613708
EquiformerV2 AD with Hessian training,22773,9112,10,0.0110225388780236,0.2444470226764679
EquiformerV2 AD with Hessian training,31625,9113,16,0.0140198804438114,0.0338219217956066
EquiformerV2 AD with Hessian training,26517,9114,15,0.0041773719713091,0.0243680644780397
EquiformerV2 AD with Hessian training,8513,9115,12,0.0042644920758903,0.0224783010780811
EquiformerV2 AD with Hessian training,46760,9116,19,0.0073415217921137,0.0273693688213825
EquiformerV2 AD with Hessian training,11326,9117,13,0.0185628458857536,0.0784180611371994
EquiformerV2 AD with Hessian training,35579,9118,10,0.0158082842826843,0.1292194724082946
EquiformerV2 AD with Hessian training,42176,9119,10,0.1156429201364517,0.3474937975406647
EquiformerV2 AD with Hessian training,2007,9120,12,0.0046734907664358,0.0348097458481788
EquiformerV2 AD with Hessian training,36697,9121,16,0.003709580283612,0.0135258883237838
EquiformerV2 AD with Hessian training,20474,9122,14,0.0033992691896855,0.0160309094935655
EquiformerV2 AD with Hessian training,20535,9123,13,0.0155032780021429,0.0508486740291118
EquiformerV2 AD with Hessian training,6630,9124,14,0.0042303963564336,0.0316890142858028
EquiformerV2 AD with Hessian training,24267,9125,15,0.0195010248571634,0.0587352029979229
EquiformerV2 AD with Hessian training,26243,9126,13,0.0252864342182874,0.0651191845536232
EquiformerV2 AD with Hessian training,13794,9127,14,0.0066249570809304,0.0381122790277004
EquiformerV2 AD with Hessian training,28489,9128,12,0.063996784389019,0.165935605764389
EquiformerV2 AD with Hessian training,41280,9129,16,0.0103384647518396,0.0316419415175914
EquiformerV2 AD with Hessian training,44698,9130,15,0.0169346760958433,0.0486857630312442
EquiformerV2 AD with Hessian training,9437,9131,11,0.0183554925024509,0.08669014275074
EquiformerV2 AD with Hessian training,22480,9132,15,0.0085051981732249,0.0421642549335956
EquiformerV2 AD with Hessian training,38406,9133,15,0.0062781660817563,0.0237032305449247
EquiformerV2 AD with Hessian training,46992,9134,19,0.0074093602597713,0.0156748741865158
EquiformerV2 AD with Hessian training,12694,9135,13,0.0077020884491503,0.0485450327396392
EquiformerV2 AD with Hessian training,39896,9136,12,0.007059555966407,0.0337708629667758
EquiformerV2 AD with Hessian training,15309,9137,15,0.004769945051521,0.038611501455307
EquiformerV2 AD with Hessian training,3912,9138,14,0.0110877146944403,0.0568212009966373
EquiformerV2 AD with Hessian training,37956,9139,14,0.0111549189314246,0.0464977771043777
EquiformerV2 AD with Hessian training,28723,9140,16,0.0073946332558989,0.0291529465466737
EquiformerV2 AD with Hessian training,36551,9141,11,0.0083091892302036,0.0666820183396339
EquiformerV2 AD with Hessian training,30761,9142,12,0.0117910783737897,0.0547109767794609
EquiformerV2 AD with Hessian training,43799,9143,10,0.0042846566066145,0.0352630354464054
EquiformerV2 AD with Hessian training,4524,9144,16,0.0098471920937299,0.0477263815701007
EquiformerV2 AD with Hessian training,13979,9145,9,0.0416173934936523,0.2201504409313202
EquiformerV2 AD with Hessian training,29843,9146,15,0.0181903932243585,0.0447741076350212
EquiformerV2 AD with Hessian training,47982,9147,17,0.0044194320216774,0.0246282573789358
EquiformerV2 AD with Hessian training,8012,9148,16,0.0036994419060647,0.0322785638272762
EquiformerV2 AD with Hessian training,42973,9149,11,0.0042107887566089,0.0288858525454998
EquiformerV2 AD with Hessian training,18929,9150,13,0.0038795745931565,0.0150898918509483
EquiformerV2 AD with Hessian training,50282,9151,10,0.017043299973011,0.0913816541433334
EquiformerV2 AD with Hessian training,14179,9152,14,0.0176340118050575,0.0762597098946571
EquiformerV2 AD with Hessian training,6,9153,16,0.0032967026345431,0.0127463620156049
EquiformerV2 AD with Hessian training,34660,9154,12,0.025735193863511,0.0794907808303833
EquiformerV2 AD with Hessian training,14312,9155,16,0.0071260929107666,0.0366536080837249
EquiformerV2 AD with Hessian training,35427,9156,15,0.0259838569909334,0.087039053440094
EquiformerV2 AD with Hessian training,11150,9157,8,0.070671446621418,0.3552044332027435
EquiformerV2 AD with Hessian training,23454,9158,16,0.0038028117269277,0.0161970686167478
EquiformerV2 AD with Hessian training,30209,9159,17,0.0089782830327749,0.0280228164047002
EquiformerV2 AD with Hessian training,50530,9160,13,0.0102346371859312,0.0527062863111496
EquiformerV2 AD with Hessian training,144,9161,17,0.0032356972806155,0.0161156449466943
EquiformerV2 AD with Hessian training,19149,9162,15,0.0077143060043454,0.0357569716870784
EquiformerV2 AD with Hessian training,47584,9163,16,0.0054038683883845,0.0232943277806043
EquiformerV2 AD with Hessian training,47454,9164,10,0.0080743748694658,0.1648238152265548
EquiformerV2 AD with Hessian training,44979,9165,13,0.0054900320246815,0.038695216178894
EquiformerV2 AD with Hessian training,35896,9166,10,0.0799767673015594,0.2844519317150116
EquiformerV2 AD with Hessian training,23882,9167,13,0.0192669834941625,0.0554715879261493
EquiformerV2 AD with Hessian training,23988,9168,13,0.0164264757186174,0.070473738014698
EquiformerV2 AD with Hessian training,16536,9169,16,0.0135689917951822,0.0534429959952831
EquiformerV2 AD with Hessian training,2821,9170,12,0.0043662148527801,0.0240749325603246
EquiformerV2 AD with Hessian training,4445,9171,14,0.0039245346561074,0.0190788134932518
EquiformerV2 AD with Hessian training,16815,9172,12,0.0159624125808477,0.0702018216252327
EquiformerV2 AD with Hessian training,39760,9173,14,0.0149507327005267,0.0508187152445316
EquiformerV2 AD with Hessian training,15904,9174,17,0.0041931741870939,0.0211906116455793
EquiformerV2 AD with Hessian training,33269,9175,17,0.0042782598175108,0.0216947216540575
EquiformerV2 AD with Hessian training,9413,9176,17,0.0172314159572124,0.0437368750572204
EquiformerV2 AD with Hessian training,19845,9177,13,0.016643539071083,0.0679429993033409
EquiformerV2 AD with Hessian training,46036,9178,14,0.0037441900931298,0.0279463063925504
EquiformerV2 AD with Hessian training,35434,9179,10,0.0291438475251197,0.1265753954648971
EquiformerV2 AD with Hessian training,33602,9180,17,0.0093047944828867,0.0217693354934453
EquiformerV2 AD with Hessian training,41593,9181,16,0.0070988722145557,0.0456947423517704
EquiformerV2 AD with Hessian training,9753,9182,15,0.0106549747288227,0.0345799028873443
EquiformerV2 AD with Hessian training,3446,9183,15,0.0111994240432977,0.0411389768123626
EquiformerV2 AD with Hessian training,19329,9184,16,0.0210073851048946,0.0526382848620414
EquiformerV2 AD with Hessian training,11472,9185,17,0.0114952120929956,0.031373281031847
EquiformerV2 AD with Hessian training,49527,9186,12,0.0282087065279483,0.1085529774427414
EquiformerV2 AD with Hessian training,33042,9187,14,0.0064664781093597,0.0222135875374078
EquiformerV2 AD with Hessian training,17413,9188,15,0.0088475253432989,0.0279052928090095
EquiformerV2 AD with Hessian training,16387,9189,15,0.0125214522704482,0.0604358501732349
EquiformerV2 AD with Hessian training,44571,9190,8,0.0473178327083587,0.3429249823093414
EquiformerV2 AD with Hessian training,2844,9191,10,0.0158036705106496,0.1291680037975311
EquiformerV2 AD with Hessian training,17515,9192,14,0.0042034485377371,0.0260693468153476
EquiformerV2 AD with Hessian training,13163,9193,16,0.0070058032870292,0.0367845110595226
EquiformerV2 AD with Hessian training,14102,9194,15,0.016960896551609,0.0616493672132492
EquiformerV2 AD with Hessian training,5765,9195,14,0.0090438434854149,0.0441841781139373
EquiformerV2 AD with Hessian training,3383,9196,14,0.0056503913365304,0.0345883294939994
EquiformerV2 AD with Hessian training,41926,9197,10,0.0162783749401569,0.2020345032215118
EquiformerV2 AD with Hessian training,39676,9198,14,0.0121733453124761,0.0296972021460533
EquiformerV2 AD with Hessian training,28864,9199,15,0.0122002540156245,0.0770862028002739
EquiformerV2 AD with Hessian training,48130,9200,15,0.0045871497131884,0.0254704151302576
EquiformerV2 AD with Hessian training,45080,9201,7,0.0257987417280673,0.3274919688701629
EquiformerV2 AD with Hessian training,41365,9202,14,0.0037521757185459,0.0230438988655805
EquiformerV2 AD with Hessian training,47467,9203,12,0.004355086479336,0.0265811048448085
EquiformerV2 AD with Hessian training,12387,9204,14,0.0042335391044616,0.0329969450831413
EquiformerV2 AD with Hessian training,36651,9205,14,0.0243029966950416,0.0531910359859466
EquiformerV2 AD with Hessian training,1667,9206,16,0.0059275198727846,0.0289146900177001
EquiformerV2 AD with Hessian training,23737,9207,15,0.0101243667304515,0.0414241887629032
EquiformerV2 AD with Hessian training,4495,9208,19,0.0060172188095748,0.0293558780103921
EquiformerV2 AD with Hessian training,21675,9209,9,0.0226242765784263,0.2256315052509308
EquiformerV2 AD with Hessian training,4391,9210,16,0.0163925364613533,0.0439767055213451
EquiformerV2 AD with Hessian training,24290,9211,11,0.006118647288531,0.0549741871654987
EquiformerV2 AD with Hessian training,4424,9212,18,0.0032762535847723,0.0155698945745825
EquiformerV2 AD with Hessian training,34331,9213,14,0.0066057969816029,0.0352539345622062
EquiformerV2 AD with Hessian training,44934,9214,12,0.0134319039061665,0.0581344328820705
EquiformerV2 AD with Hessian training,17863,9215,15,0.0162700042128562,0.0545139275491237
EquiformerV2 AD with Hessian training,24937,9216,13,0.0130285788327455,0.0805702582001686
EquiformerV2 AD with Hessian training,25955,9217,12,0.0129087818786501,0.0512047819793224
EquiformerV2 AD with Hessian training,919,9218,12,0.0389423221349716,0.1070252209901809
EquiformerV2 AD with Hessian training,7551,9219,14,0.0021543493494391,0.014113419689238
EquiformerV2 AD with Hessian training,30262,9220,18,0.0030691565480083,0.0090322792530059
EquiformerV2 AD with Hessian training,32305,9221,15,0.0099932365119457,0.0314813219010829
EquiformerV2 AD with Hessian training,20802,9222,13,0.0110352588817477,0.0903391391038894
EquiformerV2 AD with Hessian training,20126,9223,16,0.0119622237980365,0.0456004925072193
EquiformerV2 AD with Hessian training,33774,9224,11,0.0166543088853359,0.0769372135400772
EquiformerV2 AD with Hessian training,31194,9225,17,0.011495822109282,0.0370437912642955
EquiformerV2 AD with Hessian training,16621,9226,14,0.0035893192980438,0.0195230189710855
EquiformerV2 AD with Hessian training,1924,9227,14,0.0028459660243242,0.0150899738073349
EquiformerV2 AD with Hessian training,29235,9228,17,0.0140778124332427,0.0410608947277069
EquiformerV2 AD with Hessian training,3386,9229,15,0.0204869527369737,0.0762826278805732
EquiformerV2 AD with Hessian training,31879,9230,12,0.0359208770096302,0.1030597612261772
EquiformerV2 AD with Hessian training,49751,9231,14,0.0042637912556529,0.0315082110464572
EquiformerV2 AD with Hessian training,38859,9232,9,0.0193363446742296,0.0948388129472732
EquiformerV2 AD with Hessian training,12030,9233,12,0.0114511800929903,0.0745529308915138
EquiformerV2 AD with Hessian training,33477,9234,10,0.0203034672886133,0.0943949967622757
EquiformerV2 AD with Hessian training,5494,9235,17,0.0377499759197235,0.0705823600292205
EquiformerV2 AD with Hessian training,48810,9236,5,0.0088323820382356,0.6107866764068604
EquiformerV2 AD with Hessian training,26610,9237,13,0.0312514118850231,0.1002954319119453
EquiformerV2 AD with Hessian training,50518,9238,15,0.0074126292020082,0.0459438152611255
EquiformerV2 AD with Hessian training,34774,9239,12,0.0055020786821842,0.0310576055198907
EquiformerV2 AD with Hessian training,8275,9240,8,0.036108236759901,0.1725361943244934
EquiformerV2 AD with Hessian training,36311,9241,12,0.0043779602274298,0.027010291814804
EquiformerV2 AD with Hessian training,14975,9242,15,0.0108502944931387,0.0370485596358776
EquiformerV2 AD with Hessian training,15709,9243,12,0.0069860983639955,0.1964669227600097
EquiformerV2 AD with Hessian training,27956,9244,11,0.0097230458632111,0.173510193824768
EquiformerV2 AD with Hessian training,27360,9245,12,0.015805447474122,0.0420201160013675
EquiformerV2 AD with Hessian training,25867,9246,14,0.0108551327139139,0.102156177163124
EquiformerV2 AD with Hessian training,44585,9247,15,0.0068427645601332,0.0253907032310962
EquiformerV2 AD with Hessian training,3215,9248,13,0.0453773289918899,0.1270094364881515
EquiformerV2 AD with Hessian training,11670,9249,16,0.0163415446877479,0.0531372241675853
EquiformerV2 AD with Hessian training,36370,9250,15,0.0025921815540641,0.0191546417772769
EquiformerV2 AD with Hessian training,25650,9251,10,0.0201333183795213,0.1767473071813583
EquiformerV2 AD with Hessian training,16348,9252,13,0.0033099369611591,0.0209342073649168
EquiformerV2 AD with Hessian training,46347,9253,18,0.0063595166429877,0.0246120076626539
EquiformerV2 AD with Hessian training,27586,9254,16,0.0025634570047259,0.0114121260121464
EquiformerV2 AD with Hessian training,35979,9255,17,0.0134132662788033,0.0363261029124259
EquiformerV2 AD with Hessian training,39847,9256,10,0.0794417113065719,0.3517394959926605
EquiformerV2 AD with Hessian training,897,9257,10,0.0068466546945273,0.0619614757597446
EquiformerV2 AD with Hessian training,21117,9258,11,0.0127441883087158,0.0577788949012756
EquiformerV2 AD with Hessian training,27045,9259,14,0.0057579725980758,0.0351527370512485
EquiformerV2 AD with Hessian training,19054,9260,19,0.0136632770299911,0.0397620163857936
EquiformerV2 AD with Hessian training,4923,9261,16,0.0105503853410482,0.0533355474472045
EquiformerV2 AD with Hessian training,43103,9262,10,0.0800183936953544,0.2631559669971466
EquiformerV2 AD with Hessian training,13440,9263,12,0.0177619289606809,0.0637507364153862
EquiformerV2 AD with Hessian training,40410,9264,12,0.0047161979600787,0.0324017517268657
EquiformerV2 AD with Hessian training,35155,9265,13,0.0175221990793943,0.0737071633338928
EquiformerV2 AD with Hessian training,36433,9266,16,0.0184269715100526,0.0500026941299438
EquiformerV2 AD with Hessian training,2109,9267,17,0.0317299850285053,0.0533693172037601
EquiformerV2 AD with Hessian training,36009,9268,14,0.0075707365758717,0.0373163968324661
EquiformerV2 AD with Hessian training,38108,9269,14,0.0240898355841636,0.081625759601593
EquiformerV2 AD with Hessian training,13387,9270,14,0.0030467773322016,0.0182689409703016
EquiformerV2 AD with Hessian training,31974,9271,14,0.0914705619215965,0.1298718303442001
EquiformerV2 AD with Hessian training,49248,9272,15,0.0070145828649401,0.0382679216563701
EquiformerV2 AD with Hessian training,18827,9273,11,0.0040054540149867,0.02750856988132
EquiformerV2 AD with Hessian training,2043,9274,15,0.0033069916535168,0.0184798836708068
EquiformerV2 AD with Hessian training,45961,9275,14,0.0030720205977559,0.0176398158073425
EquiformerV2 AD with Hessian training,29881,9276,13,0.0027456677053123,0.0183327812701463
EquiformerV2 AD with Hessian training,13135,9277,16,0.0040383338928222,0.0130161615088582
EquiformerV2 AD with Hessian training,29079,9278,12,0.028350094333291,0.0960343778133392
EquiformerV2 AD with Hessian training,34258,9279,16,0.0099290683865547,0.0382648520171642
EquiformerV2 AD with Hessian training,48303,9280,16,0.0036431371700018,0.0246216524392366
EquiformerV2 AD with Hessian training,40697,9281,16,0.0470758602023124,0.095531977713108
EquiformerV2 AD with Hessian training,39681,9282,14,0.0065143564715981,0.0413921102881431
EquiformerV2 AD with Hessian training,29822,9283,11,0.0087851770222187,0.0647182539105415
EquiformerV2 AD with Hessian training,8402,9284,15,0.0276411958038806,0.0570089407265186
EquiformerV2 AD with Hessian training,24175,9285,12,0.0058362679556012,0.0338591933250427
EquiformerV2 AD with Hessian training,37384,9286,11,0.0076536554843187,0.0543286837637424
EquiformerV2 AD with Hessian training,30753,9287,12,0.0387187339365482,0.1151263192296028
EquiformerV2 AD with Hessian training,34296,9288,15,0.0216464344412088,0.0548382028937339
EquiformerV2 AD with Hessian training,29035,9289,15,0.0105057135224342,0.0350172221660614
EquiformerV2 AD with Hessian training,44694,9290,15,0.007349113933742,0.0290454924106597
EquiformerV2 AD with Hessian training,12410,9291,14,0.0127107249572873,0.0493163801729679
EquiformerV2 AD with Hessian training,49299,9292,15,0.0043037170544266,0.0234547350555658
EquiformerV2 AD with Hessian training,8036,9293,12,0.010591372847557,0.0495867319405078
EquiformerV2 AD with Hessian training,27267,9294,17,0.0338680557906627,0.0680940449237823
EquiformerV2 AD with Hessian training,819,9295,14,0.0405545867979526,0.0949305742979049
EquiformerV2 AD with Hessian training,35614,9296,13,0.0054803467355668,0.0326850228011608
EquiformerV2 AD with Hessian training,4236,9297,16,0.0101746656000614,0.0413614399731159
EquiformerV2 AD with Hessian training,23911,9298,13,0.0049720047973096,0.0396116040647029
EquiformerV2 AD with Hessian training,11438,9299,14,0.005733847618103,0.0311776977032423
EquiformerV2 AD with Hessian training,49019,9300,16,0.0064396997913718,0.0285873878747224
EquiformerV2 AD with Hessian training,9045,9301,5,0.0124156279489398,0.4632952213287353
EquiformerV2 AD with Hessian training,37034,9302,12,0.0294573474675416,0.1228878274559974
EquiformerV2 AD with Hessian training,381,9303,12,0.0098071927204728,0.1197317540645599
EquiformerV2 AD with Hessian training,14030,9304,11,0.0422179214656353,0.1536295413970947
EquiformerV2 AD with Hessian training,8343,9305,19,0.0078253941610455,0.0190277528017759
EquiformerV2 AD with Hessian training,2529,9306,15,0.0588277615606784,0.1398000121116638
EquiformerV2 AD with Hessian training,10182,9307,15,0.0050795567221939,0.01890136487782
EquiformerV2 AD with Hessian training,34311,9308,14,0.0113924564793705,0.0695886015892028
EquiformerV2 AD with Hessian training,12871,9309,11,0.0091503104194998,0.0705916285514831
EquiformerV2 AD with Hessian training,27192,9310,16,0.0514616891741752,0.1115641966462135
EquiformerV2 AD with Hessian training,12731,9311,10,0.010686139576137,0.2479855120182037
EquiformerV2 AD with Hessian training,24694,9312,12,0.0061721988022327,0.0281401146203279
EquiformerV2 AD with Hessian training,44157,9313,16,0.001825070939958,0.0121488468721508
EquiformerV2 AD with Hessian training,24720,9314,13,0.0078412108123302,0.0724222436547279
EquiformerV2 AD with Hessian training,34223,9315,17,0.0135145243257284,0.0348182134330272
EquiformerV2 AD with Hessian training,7847,9316,16,0.0088829547166824,0.03950921818614
EquiformerV2 AD with Hessian training,43214,9317,15,0.0109295388683676,0.0382348038256168
EquiformerV2 AD with Hessian training,15809,9318,18,0.0014905272983014,0.0091324234381318
EquiformerV2 AD with Hessian training,19922,9319,10,0.0110168568789958,0.0717180147767067
EquiformerV2 AD with Hessian training,17896,9320,13,0.0144359497353434,0.0604107715189456
EquiformerV2 AD with Hessian training,478,9321,15,0.0068285190500319,0.0254004839807748
EquiformerV2 AD with Hessian training,6174,9322,13,0.0165422670543193,0.0629410967230796
EquiformerV2 AD with Hessian training,49978,9323,8,0.0487592741847038,0.5896319150924683
EquiformerV2 AD with Hessian training,45070,9324,12,0.0355988927185535,0.1049455851316452
EquiformerV2 AD with Hessian training,11843,9325,18,0.0034766341559588,0.0160830374807119
EquiformerV2 AD with Hessian training,1302,9326,13,0.0407846942543983,0.1231429502367973
EquiformerV2 AD with Hessian training,19216,9327,15,0.0038503787945955,0.0208433791995048
EquiformerV2 AD with Hessian training,9427,9328,15,0.0074028838425874,0.0337651148438453
EquiformerV2 AD with Hessian training,25174,9329,10,0.0059397132135927,0.0777047052979469
EquiformerV2 AD with Hessian training,15621,9330,17,0.0058073834516108,0.0251236893236637
EquiformerV2 AD with Hessian training,29991,9331,13,0.0159409549087286,0.0826998800039291
EquiformerV2 AD with Hessian training,16457,9332,19,0.0231672003865242,0.0519776418805122
EquiformerV2 AD with Hessian training,25319,9333,14,0.0095762321725487,0.0543090142309665
EquiformerV2 AD with Hessian training,40301,9334,21,0.0069029140286147,0.0170297548174858
EquiformerV2 AD with Hessian training,10978,9335,19,0.0025391797535121,0.0125379459932446
EquiformerV2 AD with Hessian training,46202,9336,12,0.0142589081078767,0.0962785705924034
EquiformerV2 AD with Hessian training,15168,9337,15,0.0116071999073028,0.0493065118789672
EquiformerV2 AD with Hessian training,43578,9338,19,0.0020117277745157,0.0101976217702031
EquiformerV2 AD with Hessian training,12882,9339,14,0.0103686535730957,0.0771065801382064
EquiformerV2 AD with Hessian training,35546,9340,13,0.0052668121643364,0.0331861153244972
EquiformerV2 AD with Hessian training,24961,9341,5,0.0106741385534405,0.6591948866844177
EquiformerV2 AD with Hessian training,11796,9342,15,0.0121277729049324,0.0327337048947811
EquiformerV2 AD with Hessian training,17716,9343,19,0.0074777835980057,0.0259233172982931
EquiformerV2 AD with Hessian training,10163,9344,15,0.0044547212310135,0.0213723480701446
EquiformerV2 AD with Hessian training,27915,9345,12,0.0145070143043994,0.1177492886781692
EquiformerV2 AD with Hessian training,7232,9346,13,0.0165095720440149,0.0834427252411842
EquiformerV2 AD with Hessian training,21501,9347,15,0.0108507871627807,0.0522945374250412
EquiformerV2 AD with Hessian training,22501,9348,11,0.0112749896943569,0.1041455939412117
EquiformerV2 AD with Hessian training,46121,9349,16,0.0051597766578197,0.0266636852174997
EquiformerV2 AD with Hessian training,34001,9350,11,0.014339929446578,0.1059995293617248
EquiformerV2 AD with Hessian training,7930,9351,13,0.0230534747242927,0.077952392399311
EquiformerV2 AD with Hessian training,29234,9352,14,0.0086390748620033,0.05290088057518
EquiformerV2 AD with Hessian training,47123,9353,13,0.0128275100141763,0.0569861270487308
EquiformerV2 AD with Hessian training,7172,9354,11,0.0378878936171531,0.1545128524303436
EquiformerV2 AD with Hessian training,13826,9355,12,0.0113908015191555,0.048457346856594
EquiformerV2 AD with Hessian training,10570,9356,11,0.0086774248629808,0.0376906879246234
EquiformerV2 AD with Hessian training,29416,9357,15,0.003561828052625,0.0213355720043182
EquiformerV2 AD with Hessian training,16139,9358,12,0.0081263547763228,0.063768595457077
EquiformerV2 AD with Hessian training,5648,9359,11,0.0162288937717676,0.1338394731283188
EquiformerV2 AD with Hessian training,44179,9360,18,0.0047727436758577,0.0214373394846916
EquiformerV2 AD with Hessian training,36391,9361,11,0.048310786485672,0.3035910427570343
EquiformerV2 AD with Hessian training,27102,9362,18,0.007390659302473,0.0242267083376646
EquiformerV2 AD with Hessian training,1070,9363,11,0.0075522768311202,0.0560363456606864
EquiformerV2 AD with Hessian training,34954,9364,11,0.0092279333621263,0.0666888803243637
EquiformerV2 AD with Hessian training,7716,9365,13,0.0098172593861818,0.0531437657773494
EquiformerV2 AD with Hessian training,31776,9366,14,0.0099619915708899,0.0331267304718494
EquiformerV2 AD with Hessian training,29806,9367,12,0.0072817075997591,0.0328170768916606
EquiformerV2 AD with Hessian training,2176,9368,12,0.0080426149070262,0.1181107982993125
EquiformerV2 AD with Hessian training,46122,9369,11,0.0247543454170227,0.1267109513282776
EquiformerV2 AD with Hessian training,48109,9370,11,0.0171237904578447,0.0654116794466972
EquiformerV2 AD with Hessian training,23974,9371,16,0.0064880950376391,0.0440959371626377
EquiformerV2 AD with Hessian training,33339,9372,11,0.0200612694025039,0.1245625391602516
EquiformerV2 AD with Hessian training,44116,9373,14,0.0047257281839847,0.0199543833732604
EquiformerV2 AD with Hessian training,40997,9374,14,0.044170755892992,0.1117630004882812
EquiformerV2 AD with Hessian training,12900,9375,18,0.0026817966718226,0.0111213950440287
EquiformerV2 AD with Hessian training,3330,9376,8,0.0407511666417121,0.3640308082103729
EquiformerV2 AD with Hessian training,41416,9377,11,0.0088434312492609,0.042078211903572
EquiformerV2 AD with Hessian training,20336,9378,14,0.0574271753430366,0.1059799790382385
EquiformerV2 AD with Hessian training,21459,9379,18,0.0082603152841329,0.0288611203432083
EquiformerV2 AD with Hessian training,19777,9380,19,0.0069600688293576,0.0212550014257431
EquiformerV2 AD with Hessian training,30691,9381,16,0.0215251818299293,0.0814567804336547
EquiformerV2 AD with Hessian training,44769,9382,15,0.00420034956187,0.0203122366219759
EquiformerV2 AD with Hessian training,34354,9383,16,0.0227575730532407,0.0458802357316017
EquiformerV2 AD with Hessian training,29948,9384,12,0.0371287167072296,0.1153887063264846
EquiformerV2 AD with Hessian training,34997,9385,15,0.0072589516639709,0.0306125283241271
EquiformerV2 AD with Hessian training,22573,9386,13,0.0050131655298173,0.0389287211000919
EquiformerV2 AD with Hessian training,5722,9387,13,0.0120062408968806,0.0478251501917839
EquiformerV2 AD with Hessian training,18433,9388,16,0.0191339626908302,0.0437072701752185
EquiformerV2 AD with Hessian training,19738,9389,17,0.0595039501786232,0.0920821651816368
EquiformerV2 AD with Hessian training,6493,9390,15,0.0336569212377071,0.0796302184462547
EquiformerV2 AD with Hessian training,47207,9391,13,0.0204877275973558,0.1274148225784301
EquiformerV2 AD with Hessian training,31830,9392,10,0.0527126267552375,0.2497421950101852
EquiformerV2 AD with Hessian training,30057,9393,17,0.0095052486285567,0.027773231267929
EquiformerV2 AD with Hessian training,45318,9394,17,0.0705131217837333,0.085743747651577
EquiformerV2 AD with Hessian training,7370,9395,13,0.0031994739547371,0.0179024022072553
EquiformerV2 AD with Hessian training,29449,9396,14,0.0177156068384647,0.0817141383886337
EquiformerV2 AD with Hessian training,45447,9397,13,0.0109928790479898,0.0520070008933544
EquiformerV2 AD with Hessian training,24387,9398,9,0.0179140400141477,0.1512943655252456
EquiformerV2 AD with Hessian training,48234,9399,19,0.0031471736729145,0.0110785961151123
EquiformerV2 AD with Hessian training,27977,9400,14,0.0155067350715398,0.0510739870369434
EquiformerV2 AD with Hessian training,46321,9401,11,0.0031526433303952,0.0210670381784439
EquiformerV2 AD with Hessian training,22148,9402,17,0.0039800070226192,0.0206326860934495
EquiformerV2 AD with Hessian training,30606,9403,14,0.003530194517225,0.0241070557385683
EquiformerV2 AD with Hessian training,29641,9404,17,0.0055823968723416,0.0239196214824914
EquiformerV2 AD with Hessian training,13243,9405,16,0.0027980133891105,0.0121581936255097
EquiformerV2 AD with Hessian training,32397,9406,13,0.0049120602197945,0.0187829621136188
EquiformerV2 AD with Hessian training,20115,9407,16,0.0169210769236087,0.0430203266441822
EquiformerV2 AD with Hessian training,13912,9408,19,0.0024110318627208,0.0096640232950448
EquiformerV2 AD with Hessian training,41216,9409,19,0.0023171964567154,0.0112236067652702
EquiformerV2 AD with Hessian training,4335,9410,15,0.0128048751503229,0.0393766015768051
EquiformerV2 AD with Hessian training,23649,9411,14,0.003476956160739,0.0183018259704113
EquiformerV2 AD with Hessian training,14248,9412,12,0.0127637684345245,0.049842469394207
EquiformerV2 AD with Hessian training,24969,9413,19,0.0027348666917532,0.0126886293292045
EquiformerV2 AD with Hessian training,15506,9414,14,0.0022301862481981,0.0147436298429965
EquiformerV2 AD with Hessian training,9896,9415,14,0.0039966427721083,0.0187146365642547
EquiformerV2 AD with Hessian training,16319,9416,14,0.0204298887401819,0.0463471785187721
EquiformerV2 AD with Hessian training,25494,9417,14,0.0147798461839556,0.0801265984773635
EquiformerV2 AD with Hessian training,8592,9418,15,0.0055390433408319,0.0305302068591117
EquiformerV2 AD with Hessian training,37937,9419,10,0.0098202098160982,0.1772064715623855
EquiformerV2 AD with Hessian training,12348,9420,16,0.0049586482346057,0.0307894349098205
EquiformerV2 AD with Hessian training,27257,9421,12,0.0116105023771524,0.0619087107479572
EquiformerV2 AD with Hessian training,13734,9422,16,0.0016974546015262,0.0116604538634419
EquiformerV2 AD with Hessian training,42826,9423,12,0.012037911452353,0.0500842332839965
EquiformerV2 AD with Hessian training,31769,9424,13,0.0368819423019886,0.0601510852575302
EquiformerV2 AD with Hessian training,31631,9425,16,0.0163824222981929,0.0559475347399711
EquiformerV2 AD with Hessian training,43203,9426,15,0.0049474770203232,0.0264595337212085
EquiformerV2 AD with Hessian training,9615,9427,17,0.009414336644113,0.0238211583346128
EquiformerV2 AD with Hessian training,38296,9428,12,0.0065417937003076,0.0383948348462581
EquiformerV2 AD with Hessian training,30379,9429,13,0.007824420928955,0.0406243093311786
EquiformerV2 AD with Hessian training,18325,9430,16,0.014571888372302,0.0505930483341217
EquiformerV2 AD with Hessian training,40355,9431,13,0.0039832326583564,0.0245626289397478
EquiformerV2 AD with Hessian training,18165,9432,10,0.0193339083343744,0.2542414367198944
EquiformerV2 AD with Hessian training,44795,9433,11,0.0212055947631597,0.0962944328784942
EquiformerV2 AD with Hessian training,38570,9434,14,0.0064950231462717,0.0328445360064506
EquiformerV2 AD with Hessian training,38868,9435,15,0.0111255412921309,0.0317833386361599
EquiformerV2 AD with Hessian training,41120,9436,14,0.0164400562644004,0.0738815367221832
EquiformerV2 AD with Hessian training,30736,9437,12,0.0044683986343443,0.0256826430559158
EquiformerV2 AD with Hessian training,34507,9438,14,0.0111185349524021,0.058162048459053
EquiformerV2 AD with Hessian training,30492,9439,16,0.0035321991890668,0.0154233807697892
EquiformerV2 AD with Hessian training,37731,9440,10,0.0113333472982048,0.0784185081720352
EquiformerV2 AD with Hessian training,36470,9441,14,0.0082923108711838,0.0441217422485351
EquiformerV2 AD with Hessian training,45464,9442,15,0.0085480967536568,0.0550397224724292
EquiformerV2 AD with Hessian training,16724,9443,13,0.042540680617094,0.135000005364418
EquiformerV2 AD with Hessian training,39403,9444,12,0.0744912102818489,0.2113788723945617
EquiformerV2 AD with Hessian training,32612,9445,14,0.0048323054797947,0.0334040783345699
EquiformerV2 AD with Hessian training,45046,9446,13,0.0232955813407897,0.0766820460557937
EquiformerV2 AD with Hessian training,50608,9447,14,0.0186638720333576,0.0711831673979759
EquiformerV2 AD with Hessian training,43652,9448,19,0.0106398183852434,0.026508679613471
EquiformerV2 AD with Hessian training,8365,9449,15,0.0089699365198612,0.0469457022845745
EquiformerV2 AD with Hessian training,4986,9450,18,0.0169627256691455,0.0510509274899959
EquiformerV2 AD with Hessian training,14252,9451,15,0.0124269425868988,0.050480518490076
EquiformerV2 AD with Hessian training,30463,9452,12,0.0446094460785388,0.1195067390799522
EquiformerV2 AD with Hessian training,7070,9453,17,0.0052952184341847,0.0304020829498767
EquiformerV2 AD with Hessian training,45819,9454,10,0.0108259664848446,0.055256824940443
EquiformerV2 AD with Hessian training,24308,9455,8,0.0864136219024658,0.4390931725502014
EquiformerV2 AD with Hessian training,12669,9456,10,0.013410747051239,0.3303357362747192
EquiformerV2 AD with Hessian training,23757,9457,10,0.0046760980039834,0.1550852358341217
EquiformerV2 AD with Hessian training,30466,9458,19,0.0045077474787831,0.0141012296080589
EquiformerV2 AD with Hessian training,18404,9459,10,0.0381749495863914,0.2608464360237121
EquiformerV2 AD with Hessian training,39521,9460,12,0.0127905141562223,0.061913963407278
EquiformerV2 AD with Hessian training,24747,9461,18,0.0101638128980994,0.0360943004488945
EquiformerV2 AD with Hessian training,33523,9462,14,0.0059392694383859,0.0466567054390907
EquiformerV2 AD with Hessian training,8802,9463,10,0.0369549319148063,0.1356505155563354
EquiformerV2 AD with Hessian training,2466,9464,16,0.005067987833172,0.0311113502830266
EquiformerV2 AD with Hessian training,10325,9465,16,0.0083714742213487,0.0354952812194824
EquiformerV2 AD with Hessian training,3525,9466,13,0.0348734483122825,0.1201220974326133
EquiformerV2 AD with Hessian training,22744,9467,18,0.008756298571825,0.0298688467592
EquiformerV2 AD with Hessian training,11900,9468,15,0.0104130636900663,0.0626435950398445
EquiformerV2 AD with Hessian training,31862,9469,16,0.0117367412894964,0.0412957854568958
EquiformerV2 AD with Hessian training,42515,9470,12,0.0039252820424735,0.0299198012799024
EquiformerV2 AD with Hessian training,46612,9471,10,0.012558433227241,0.2653475999832153
EquiformerV2 AD with Hessian training,4853,9472,12,0.0080120237544178,0.0491261295974254
EquiformerV2 AD with Hessian training,33382,9473,16,0.011743820272386,0.0430623590946197
EquiformerV2 AD with Hessian training,16573,9474,12,0.0183640755712986,0.0734083950519561
EquiformerV2 AD with Hessian training,21882,9475,17,0.0040482748299837,0.0164317097514867
EquiformerV2 AD with Hessian training,34534,9476,12,0.019858868792653,0.0931093841791153
EquiformerV2 AD with Hessian training,28520,9477,12,0.0177191104739904,0.0607310235500335
EquiformerV2 AD with Hessian training,8487,9478,13,0.0038498679641634,0.0401448011398315
EquiformerV2 AD with Hessian training,46940,9479,7,0.0598921328783035,0.4162905514240265
EquiformerV2 AD with Hessian training,50427,9480,14,0.0525709800422191,0.113255999982357
EquiformerV2 AD with Hessian training,29387,9481,12,0.0039355740882456,0.0205134581774473
EquiformerV2 AD with Hessian training,47098,9482,15,0.0079020038247108,0.0349529348313808
EquiformerV2 AD with Hessian training,20297,9483,17,0.0052682617679238,0.0240253470838069
EquiformerV2 AD with Hessian training,2571,9484,13,0.0216842554509639,0.0862665325403213
EquiformerV2 AD with Hessian training,14330,9485,14,0.01694181188941,0.0530252195894718
EquiformerV2 AD with Hessian training,39897,9486,18,0.0058919312432408,0.0208353623747825
EquiformerV2 AD with Hessian training,47522,9487,14,0.0276212077587842,0.083996295928955
EquiformerV2 AD with Hessian training,36979,9488,12,0.0111969746649265,0.0556748956441879
EquiformerV2 AD with Hessian training,39442,9489,11,0.0237406380474567,0.1003618910908699
EquiformerV2 AD with Hessian training,40972,9490,10,0.0269969291985034,0.1427857726812362
EquiformerV2 AD with Hessian training,46610,9491,16,0.0087894899770617,0.0264781843870878
EquiformerV2 AD with Hessian training,15029,9492,11,0.0155344698578119,0.0727739557623863
EquiformerV2 AD with Hessian training,48339,9493,12,0.0083032986149191,0.0336492098867893
EquiformerV2 AD with Hessian training,30073,9494,16,0.0098423128947615,0.0398500636219978
EquiformerV2 AD with Hessian training,32323,9495,18,0.0054948246106505,0.0273472350090742
EquiformerV2 AD with Hessian training,43580,9496,13,0.0349992960691452,0.1082963347434997
EquiformerV2 AD with Hessian training,10627,9497,13,0.0150217404589056,0.0674684718251228
EquiformerV2 AD with Hessian training,27131,9498,15,0.0065682255662977,0.0346321538090705
EquiformerV2 AD with Hessian training,22993,9499,8,0.0566369667649269,0.2161683738231659
EquiformerV2 AD with Hessian training,39784,9500,15,0.0059949364513158,0.0308600291609764
EquiformerV2 AD with Hessian training,26106,9501,11,0.0332192219793796,0.1705231964588165
EquiformerV2 AD with Hessian training,36100,9502,15,0.0243932250887155,0.0620822720229625
EquiformerV2 AD with Hessian training,41623,9503,17,0.0060697318986058,0.0243449844419956
EquiformerV2 AD with Hessian training,19322,9504,12,0.0257412735372781,0.0651253461837768
EquiformerV2 AD with Hessian training,6609,9505,11,0.0098757445812225,0.0516195558011531
EquiformerV2 AD with Hessian training,28801,9506,17,0.0198568236082792,0.0408245511353015
EquiformerV2 AD with Hessian training,26067,9507,19,0.0035473757889121,0.0110945552587509
EquiformerV2 AD with Hessian training,29194,9508,17,0.015758479014039,0.0436469428241252
EquiformerV2 AD with Hessian training,36120,9509,14,0.0305369161069393,0.0655862092971801
EquiformerV2 AD with Hessian training,2525,9510,14,0.0091309333220124,0.0413496941328048
EquiformerV2 AD with Hessian training,33519,9511,10,0.0625004842877388,0.1599639654159546
EquiformerV2 AD with Hessian training,1702,9512,15,0.0324376262724399,0.0599811784923076
EquiformerV2 AD with Hessian training,29606,9513,16,0.0065545081160962,0.0457150302827358
EquiformerV2 AD with Hessian training,4164,9514,11,0.0397363379597663,0.2975341081619262
EquiformerV2 AD with Hessian training,29442,9515,14,0.0062243877910077,0.0286361239850521
EquiformerV2 AD with Hessian training,19317,9516,14,0.0102366143837571,0.0442002564668655
EquiformerV2 AD with Hessian training,42125,9517,13,0.0075277290306985,0.05054347589612
EquiformerV2 AD with Hessian training,15586,9518,18,0.0153396259993314,0.0404751785099506
EquiformerV2 AD with Hessian training,74,9519,14,0.0180131252855062,0.0708836689591407
EquiformerV2 AD with Hessian training,18919,9520,13,0.029862655326724,0.073741927742958
EquiformerV2 AD with Hessian training,49968,9521,15,0.0081896092742681,0.0349355675280094
EquiformerV2 AD with Hessian training,49851,9522,13,0.0109758283942937,0.0494947955012321
EquiformerV2 AD with Hessian training,40934,9523,16,0.0147716831415891,0.0569153912365436
EquiformerV2 AD with Hessian training,6121,9524,16,0.0048716980963945,0.0248597655445337
EquiformerV2 AD with Hessian training,1927,9525,14,0.0048891538754105,0.0518158450722694
EquiformerV2 AD with Hessian training,19615,9526,14,0.0235894173383712,0.0855946168303489
EquiformerV2 AD with Hessian training,14650,9527,11,0.052614290267229,0.2151217460632324
EquiformerV2 AD with Hessian training,24440,9528,12,0.0368676707148551,0.1064438894391059
EquiformerV2 AD with Hessian training,42405,9529,15,0.0125939566642045,0.0403614118695259
EquiformerV2 AD with Hessian training,32381,9530,10,0.0048486148007214,0.0674796476960182
EquiformerV2 AD with Hessian training,31336,9531,19,0.0021704158280044,0.0085381837561726
EquiformerV2 AD with Hessian training,28015,9532,12,0.0409627631306648,0.1045750305056572
EquiformerV2 AD with Hessian training,16641,9533,16,0.0035358471795916,0.0123089468106627
EquiformerV2 AD with Hessian training,16030,9534,18,0.0299575347453355,0.0464099533855915
EquiformerV2 AD with Hessian training,19651,9535,14,0.0475237481296062,0.0860344171524047
EquiformerV2 AD with Hessian training,29412,9536,15,0.016626738011837,0.0640904232859611
EquiformerV2 AD with Hessian training,21986,9537,12,0.0073550096713006,0.0363682396709919
EquiformerV2 AD with Hessian training,14045,9538,11,0.0118983592838048,0.1068853586912155
EquiformerV2 AD with Hessian training,31828,9539,14,0.0053684408776462,0.0263834279030561
EquiformerV2 AD with Hessian training,9299,9540,14,0.0152712296694517,0.0561030656099319
EquiformerV2 AD with Hessian training,24490,9541,13,0.0198631323873996,0.0783167034387588
EquiformerV2 AD with Hessian training,39075,9542,12,0.0110441306605935,0.0495061054825782
EquiformerV2 AD with Hessian training,35060,9543,11,0.0120961368083953,0.1075321063399314
EquiformerV2 AD with Hessian training,15222,9544,13,0.0050110034644603,0.0247700735926628
EquiformerV2 AD with Hessian training,13191,9545,14,0.0025406992062926,0.0170450191944837
EquiformerV2 AD with Hessian training,47322,9546,13,0.0025597661733627,0.017253553494811
EquiformerV2 AD with Hessian training,36068,9547,14,0.0050563989207148,0.0346219949424266
EquiformerV2 AD with Hessian training,45915,9548,13,0.0093057341873645,0.0412101931869983
EquiformerV2 AD with Hessian training,24692,9549,13,0.0057457108050584,0.0378040559589862
EquiformerV2 AD with Hessian training,22193,9550,11,0.0257863756269216,0.0903341919183731
EquiformerV2 AD with Hessian training,21333,9551,15,0.0114329336211085,0.0426746122539043
EquiformerV2 AD with Hessian training,17549,9552,14,0.0051574907265603,0.032418418675661
EquiformerV2 AD with Hessian training,24865,9553,14,0.0120222866535186,0.0522435307502746
EquiformerV2 AD with Hessian training,18196,9554,16,0.0047649787738919,0.0218069273978471
EquiformerV2 AD with Hessian training,9222,9555,13,0.010659740306437,0.0342911034822464
EquiformerV2 AD with Hessian training,2429,9556,15,0.024072078987956,0.0850868374109268
EquiformerV2 AD with Hessian training,46282,9557,14,0.0589184202253818,0.1322458535432815
EquiformerV2 AD with Hessian training,7114,9558,11,0.0296490788459777,0.0803731307387352
EquiformerV2 AD with Hessian training,2010,9559,8,0.1080980822443962,0.5235490798950195
EquiformerV2 AD with Hessian training,41458,9560,14,0.0060615171678364,0.0360958538949489
EquiformerV2 AD with Hessian training,33837,9561,15,0.0037377586122602,0.0194551944732666
EquiformerV2 AD with Hessian training,24212,9562,18,0.0045135654509067,0.0208778046071529
EquiformerV2 AD with Hessian training,18606,9563,17,0.0058548711240291,0.018301174044609
EquiformerV2 AD with Hessian training,10266,9564,10,0.0157033037394285,0.0787570551037788
EquiformerV2 AD with Hessian training,6371,9565,15,0.0167539045214653,0.0505310222506523
EquiformerV2 AD with Hessian training,12012,9566,17,0.0045224409550428,0.0203377958387136
EquiformerV2 AD with Hessian training,45539,9567,11,0.0088919950649142,0.1248160973191261
EquiformerV2 AD with Hessian training,48542,9568,16,0.0091710304841399,0.0356084965169429
EquiformerV2 AD with Hessian training,18091,9569,12,0.0083272289484739,0.0755827277898788
EquiformerV2 AD with Hessian training,39327,9570,13,0.0265925824642181,0.0782109200954437
EquiformerV2 AD with Hessian training,4411,9571,17,0.0089174583554267,0.0488358549773693
EquiformerV2 AD with Hessian training,8921,9572,12,0.0049639525823295,0.0454440638422966
EquiformerV2 AD with Hessian training,31540,9573,13,0.0110337892547249,0.0712987035512924
EquiformerV2 AD with Hessian training,27381,9574,12,0.0081966863945126,0.0518283732235431
EquiformerV2 AD with Hessian training,5682,9575,11,0.0111504653468728,0.0526489652693271
EquiformerV2 AD with Hessian training,7128,9576,15,0.0278371106833219,0.0474597699940204
EquiformerV2 AD with Hessian training,42730,9577,18,0.0088276406750082,0.0261355657130479
EquiformerV2 AD with Hessian training,4152,9578,16,0.0056279264390468,0.0215870980173349
EquiformerV2 AD with Hessian training,36028,9579,13,0.0090272072702646,0.03638506680727
EquiformerV2 AD with Hessian training,24461,9580,13,0.0141292382031679,0.0895237624645233
EquiformerV2 AD with Hessian training,24582,9581,14,0.0134418392553925,0.0707615837454795
EquiformerV2 AD with Hessian training,44170,9582,14,0.0093426425009965,0.0416728071868419
EquiformerV2 AD with Hessian training,10311,9583,16,0.0079069389030337,0.0262717306613922
EquiformerV2 AD with Hessian training,23395,9584,12,0.0221790596842765,0.0711492225527763
EquiformerV2 AD with Hessian training,41452,9585,13,0.0179189778864383,0.0752952247858047
EquiformerV2 AD with Hessian training,28654,9586,14,0.0154812224209308,0.0693456754088401
EquiformerV2 AD with Hessian training,36341,9587,12,0.082836776971817,0.1385265886783599
EquiformerV2 AD with Hessian training,20500,9588,14,0.0038800907786935,0.0190064404159784
EquiformerV2 AD with Hessian training,22933,9589,13,0.0139047736302018,0.0628943443298339
EquiformerV2 AD with Hessian training,12949,9590,12,0.0094313044100999,0.1468914896249771
EquiformerV2 AD with Hessian training,46108,9591,13,0.0039778230711817,0.015512341633439
EquiformerV2 AD with Hessian training,2119,9592,16,0.0306346006691455,0.0647199675440788
EquiformerV2 AD with Hessian training,21403,9593,10,0.0181961823254823,0.1639758050441742
EquiformerV2 AD with Hessian training,13561,9594,11,0.0200841315090656,0.1728897839784622
EquiformerV2 AD with Hessian training,848,9595,10,0.007211291231215,0.0974811986088752
EquiformerV2 AD with Hessian training,15665,9596,21,0.0026322782505303,0.0096377525478601
EquiformerV2 AD with Hessian training,46275,9597,15,0.0141757726669311,0.0479049086570739
EquiformerV2 AD with Hessian training,297,9598,18,0.0028164866380393,0.0139080761000514
EquiformerV2 AD with Hessian training,4140,9599,14,0.0085754096508026,0.0437661856412887
EquiformerV2 AD with Hessian training,41618,9600,19,0.0100432857871055,0.0285360217094421
EquiformerV2 AD with Hessian training,26139,9601,14,0.0168506987392902,0.0970185473561286
EquiformerV2 AD with Hessian training,1270,9602,13,0.0152718629688024,0.1157378405332565
EquiformerV2 AD with Hessian training,28,9603,12,0.0525145418941974,0.120482712984085
EquiformerV2 AD with Hessian training,15438,9604,16,0.0257991291582584,0.0863095447421073
EquiformerV2 AD with Hessian training,46690,9605,17,0.0027527345810085,0.0130266230553388
EquiformerV2 AD with Hessian training,11590,9606,16,0.004826461430639,0.025581270456314
EquiformerV2 AD with Hessian training,28904,9607,11,0.0112372385337948,0.1019729301333427
EquiformerV2 AD with Hessian training,8505,9608,11,0.0245097707957029,0.0825628787279129
EquiformerV2 AD with Hessian training,39097,9609,13,0.0070541487075388,0.0323066413402557
EquiformerV2 AD with Hessian training,17828,9610,11,0.0176231153309345,0.1085435822606086
EquiformerV2 AD with Hessian training,1653,9611,13,0.0127053214237093,0.0894397795200347
EquiformerV2 AD with Hessian training,50528,9612,13,0.0063158054836094,0.0267537869513034
EquiformerV2 AD with Hessian training,13757,9613,14,0.0042824698612093,0.032085333019495
EquiformerV2 AD with Hessian training,47682,9614,13,0.0363231413066387,0.0971647053956985
EquiformerV2 AD with Hessian training,2581,9615,13,0.0316916033625602,0.0934663340449333
EquiformerV2 AD with Hessian training,26998,9616,13,0.0158710703253746,0.062422078102827
EquiformerV2 AD with Hessian training,21144,9617,14,0.0120023097842931,0.0761107727885246
EquiformerV2 AD with Hessian training,4506,9618,14,0.0073797819204628,0.0306979250162839
EquiformerV2 AD with Hessian training,40329,9619,12,0.0037053907290101,0.0257294122129678
EquiformerV2 AD with Hessian training,36583,9620,17,0.0123842163011431,0.0370503589510917
EquiformerV2 AD with Hessian training,25945,9621,16,0.0544455051422119,0.0832597017288208
EquiformerV2 AD with Hessian training,21380,9622,12,0.0119609721004962,0.0915448665618896
EquiformerV2 AD with Hessian training,3420,9623,17,0.0040782201103866,0.0152618074789643
EquiformerV2 AD with Hessian training,8818,9624,13,0.0056880530901253,0.0387423411011695
EquiformerV2 AD with Hessian training,46461,9625,16,0.0030891126953065,0.0189666841179132
EquiformerV2 AD with Hessian training,9332,9626,14,0.0130104525014758,0.0496388673782348
EquiformerV2 AD with Hessian training,35181,9627,14,0.003357084468007,0.0181801468133926
EquiformerV2 AD with Hessian training,1367,9628,16,0.0040979189798235,0.0189327728003263
EquiformerV2 AD with Hessian training,28282,9629,18,0.0034609928261488,0.0148233035579323
EquiformerV2 AD with Hessian training,22775,9630,15,0.0885892733931541,0.1120287552475929
EquiformerV2 AD with Hessian training,46847,9631,16,0.0021769679151475,0.0130770402029156
EquiformerV2 AD with Hessian training,42446,9632,12,0.0367719642817974,0.1260752826929092
EquiformerV2 AD with Hessian training,42483,9633,14,0.0058797281235456,0.0355106107890605
EquiformerV2 AD with Hessian training,3711,9634,17,0.0272475834935903,0.0581401623785495
EquiformerV2 AD with Hessian training,6892,9635,15,0.0095669152215123,0.044080976396799
EquiformerV2 AD with Hessian training,14242,9636,11,0.0064818942919373,0.0415473915636539
EquiformerV2 AD with Hessian training,18966,9637,13,0.0558258928358554,0.1221630349755287
EquiformerV2 AD with Hessian training,50281,9638,16,0.0133791323751211,0.0335676856338977
EquiformerV2 AD with Hessian training,17453,9639,17,0.0026328307576477,0.0131552219390869
EquiformerV2 AD with Hessian training,9616,9640,10,0.0131755303591489,0.0579714402556419
EquiformerV2 AD with Hessian training,15974,9641,13,0.019264368340373,0.0764224529266357
EquiformerV2 AD with Hessian training,33348,9642,14,0.0181447714567184,0.0554653331637382
EquiformerV2 AD with Hessian training,42667,9643,8,0.0080416947603225,0.0476750023663044
EquiformerV2 AD with Hessian training,36729,9644,15,0.0054525821469724,0.0211031846702098
EquiformerV2 AD with Hessian training,18604,9645,17,0.0174994990229606,0.0444845110177993
EquiformerV2 AD with Hessian training,26249,9646,17,0.0101786041632294,0.0318526849150657
EquiformerV2 AD with Hessian training,41409,9647,11,0.0029573768842965,0.0277555435895919
EquiformerV2 AD with Hessian training,36449,9648,14,0.0050226924940943,0.0241580829024314
EquiformerV2 AD with Hessian training,37234,9649,15,0.0074852602556347,0.0249799601733684
EquiformerV2 AD with Hessian training,25206,9650,12,0.0278700124472379,0.0841659680008888
EquiformerV2 AD with Hessian training,37031,9651,9,0.0083900466561317,0.5053017735481262
EquiformerV2 AD with Hessian training,19254,9652,15,0.0142282331362366,0.0368569828569889
EquiformerV2 AD with Hessian training,9321,9653,19,0.0104676382616162,0.0350322462618351
EquiformerV2 AD with Hessian training,30783,9654,15,0.0080185569822788,0.0360008403658866
EquiformerV2 AD with Hessian training,42723,9655,11,0.0141039527952671,0.2964012920856476
EquiformerV2 AD with Hessian training,13148,9656,11,0.0196528900414705,0.1514613777399063
EquiformerV2 AD with Hessian training,50094,9657,16,0.0098105352371931,0.0302800927311182
EquiformerV2 AD with Hessian training,48556,9658,14,0.0100775081664323,0.0659153386950492
EquiformerV2 AD with Hessian training,38493,9659,15,0.0494864583015441,0.1266065686941146
EquiformerV2 AD with Hessian training,35137,9660,13,0.0081041371449828,0.0442766956984996
EquiformerV2 AD with Hessian training,17195,9661,15,0.0030854772776365,0.0178261138498783
EquiformerV2 AD with Hessian training,4170,9662,15,0.0078850099816918,0.0338488705456256
EquiformerV2 AD with Hessian training,29305,9663,12,0.0089959753677248,0.0396713688969612
EquiformerV2 AD with Hessian training,32751,9664,9,0.0186915583908557,0.1228438019752502
EquiformerV2 AD with Hessian training,37397,9665,14,0.0291237160563468,0.0722524970769882
EquiformerV2 AD with Hessian training,31777,9666,8,0.0968093499541282,0.4531625211238861
EquiformerV2 AD with Hessian training,17470,9667,17,0.0031087724491953,0.0138093093410134
EquiformerV2 AD with Hessian training,48984,9668,14,0.0145540609955787,0.0378985255956649
EquiformerV2 AD with Hessian training,19798,9669,15,0.0055798850953578,0.0304337367415428
EquiformerV2 AD with Hessian training,41461,9670,9,0.0186397321522235,0.3112019002437591
EquiformerV2 AD with Hessian training,22654,9671,13,0.0076839728280901,0.0460435226559639
EquiformerV2 AD with Hessian training,36405,9672,8,0.0260261856019496,0.2118575870990753
EquiformerV2 AD with Hessian training,31181,9673,13,0.007108827587217,0.0352916568517684
EquiformerV2 AD with Hessian training,17024,9674,17,0.0108520910143852,0.0271840635687112
EquiformerV2 AD with Hessian training,29667,9675,11,0.0084211826324462,0.0519786104559898
EquiformerV2 AD with Hessian training,27794,9676,15,0.0137749118730425,0.0537249222397804
EquiformerV2 AD with Hessian training,19506,9677,15,0.0075961546972393,0.0533083565533161
EquiformerV2 AD with Hessian training,49513,9678,13,0.0096250316128134,0.0467110872268676
EquiformerV2 AD with Hessian training,40780,9679,12,0.007007825654,0.0367768071591854
EquiformerV2 AD with Hessian training,30446,9680,12,0.0190138760954141,0.1207402050495147
EquiformerV2 AD with Hessian training,24919,9681,8,0.0248082168400287,0.2210229039192199
EquiformerV2 AD with Hessian training,46877,9682,15,0.0287904478609561,0.0745409801602363
EquiformerV2 AD with Hessian training,14270,9683,11,0.0147955939173698,0.0942997559905052
EquiformerV2 AD with Hessian training,36621,9684,16,0.0046263420954346,0.0248231384903192
EquiformerV2 AD with Hessian training,21912,9685,13,0.0236553233116865,0.0708606019616127
EquiformerV2 AD with Hessian training,35710,9686,18,0.0047476659528911,0.0174620859324932
EquiformerV2 AD with Hessian training,45972,9687,11,0.0173530634492635,0.1615890115499496
EquiformerV2 AD with Hessian training,10940,9688,12,0.0059484601952135,0.0461877919733524
EquiformerV2 AD with Hessian training,11763,9689,11,0.0052919280715286,0.0446685552597045
EquiformerV2 AD with Hessian training,15631,9690,14,0.0131707349792122,0.068715900182724
EquiformerV2 AD with Hessian training,49726,9691,10,0.0071593970060348,0.0688065439462661
EquiformerV2 AD with Hessian training,4809,9692,8,0.0388795509934425,0.506482720375061
EquiformerV2 AD with Hessian training,21810,9693,12,0.0109648630023002,0.08597132563591
EquiformerV2 AD with Hessian training,27516,9694,11,0.0059854867868125,0.0471985451877117
EquiformerV2 AD with Hessian training,50548,9695,12,0.0082584805786609,0.0483241565525531
EquiformerV2 AD with Hessian training,36558,9696,17,0.0066037098877131,0.0282809529453516
EquiformerV2 AD with Hessian training,35193,9697,13,0.0045304596424102,0.0269476994872093
EquiformerV2 AD with Hessian training,37410,9698,14,0.0733007714152336,0.1605522036552429
EquiformerV2 AD with Hessian training,48656,9699,12,0.0062717678956687,0.0459945499897003
EquiformerV2 AD with Hessian training,16698,9700,14,0.019963901489973,0.1062697768211364
EquiformerV2 AD with Hessian training,40205,9701,13,0.0265633277595043,0.0974822342395782
EquiformerV2 AD with Hessian training,1868,9702,16,0.0037010665982961,0.0190529618412256
EquiformerV2 AD with Hessian training,2804,9703,19,0.0040520783513784,0.0153659526258707
EquiformerV2 AD with Hessian training,5926,9704,15,0.0099101569503545,0.038083404302597
EquiformerV2 AD with Hessian training,27781,9705,19,0.0030084513127803,0.0114925522357225
EquiformerV2 AD with Hessian training,44357,9706,10,0.0188953559845685,0.0911934077739715
EquiformerV2 AD with Hessian training,9832,9707,15,0.0057360874488949,0.0305426884442567
EquiformerV2 AD with Hessian training,20378,9708,18,0.0540014021098613,0.0707401260733604
EquiformerV2 AD with Hessian training,32924,9709,17,0.0048516551032662,0.022065419703722
EquiformerV2 AD with Hessian training,16950,9710,18,0.0056175072677433,0.0206657201051712
EquiformerV2 AD with Hessian training,17116,9711,11,0.0071505918167531,0.0445504114031791
EquiformerV2 AD with Hessian training,25597,9712,10,0.0054000508971512,0.0452190153300762
EquiformerV2 AD with Hessian training,409,9713,12,0.0062980004586279,0.0410290174186229
EquiformerV2 AD with Hessian training,34226,9714,8,0.0435793474316597,0.3348082602024078
EquiformerV2 AD with Hessian training,11013,9715,14,0.0075517087243497,0.0406473912298679
EquiformerV2 AD with Hessian training,19650,9716,15,0.0067342440597712,0.025427047163248
EquiformerV2 AD with Hessian training,36431,9717,13,0.002066025044769,0.0165956448763608
EquiformerV2 AD with Hessian training,19836,9718,12,0.0098941093310713,0.0410038195550441
EquiformerV2 AD with Hessian training,996,9719,15,0.0090608997270464,0.0441669784486293
EquiformerV2 AD with Hessian training,829,9720,15,0.0030481438152492,0.017261641100049
EquiformerV2 AD with Hessian training,19917,9721,17,0.0063183438032865,0.0242001544684171
EquiformerV2 AD with Hessian training,17125,9722,17,0.0080051999539136,0.030273038893938
EquiformerV2 AD with Hessian training,38561,9723,8,0.013311019167304,0.0958847030997276
EquiformerV2 AD with Hessian training,45890,9724,11,0.0498852618038654,0.2068725824356079
EquiformerV2 AD with Hessian training,412,9725,14,0.0185126401484012,0.0756503939628601
EquiformerV2 AD with Hessian training,21234,9726,13,0.0107368901371955,0.0611071772873401
EquiformerV2 AD with Hessian training,39617,9727,15,0.005548486020416,0.0247654486447572
EquiformerV2 AD with Hessian training,3689,9728,17,0.0053697037510573,0.0171270407736301
EquiformerV2 AD with Hessian training,35212,9729,17,0.0077116666361689,0.0287145618349313
EquiformerV2 AD with Hessian training,33773,9730,14,0.0228662546724081,0.1008950620889663
EquiformerV2 AD with Hessian training,7893,9731,15,0.0806365683674812,0.1179348528385162
EquiformerV2 AD with Hessian training,45882,9732,16,0.0356916710734367,0.0713234767317771
EquiformerV2 AD with Hessian training,10092,9733,10,0.0122887156903743,0.1851156502962112
EquiformerV2 AD with Hessian training,2811,9734,16,0.0064666136167943,0.0298546496778726
EquiformerV2 AD with Hessian training,42751,9735,15,0.0029062745161354,0.0190191380679607
EquiformerV2 AD with Hessian training,47953,9736,16,0.0078532276675105,0.0234719160944223
EquiformerV2 AD with Hessian training,39750,9737,15,0.0100268451496958,0.0325786396861076
EquiformerV2 AD with Hessian training,8296,9738,14,0.0735094472765922,0.11182751506567
EquiformerV2 AD with Hessian training,33017,9739,14,0.0058235614560544,0.0285765845328569
EquiformerV2 AD with Hessian training,17161,9740,9,0.0558142066001892,0.2353778481483459
EquiformerV2 AD with Hessian training,24094,9741,16,0.0166383497416973,0.0482061244547367
EquiformerV2 AD with Hessian training,28808,9742,14,0.0253885425627231,0.0920228138566017
EquiformerV2 AD with Hessian training,5459,9743,14,0.0037567615509033,0.0199908781796693
EquiformerV2 AD with Hessian training,50797,9744,13,0.0214835200458765,0.0902784839272499
EquiformerV2 AD with Hessian training,50570,9745,14,0.0022874025162309,0.0171135757118463
EquiformerV2 AD with Hessian training,22620,9746,10,0.0057078213430941,0.0640214905142784
EquiformerV2 AD with Hessian training,6228,9747,15,0.0053564677946269,0.0308836419135332
EquiformerV2 AD with Hessian training,29261,9748,11,0.01226157695055,0.110656514763832
EquiformerV2 AD with Hessian training,39777,9749,15,0.0072265635244548,0.0389329753816127
EquiformerV2 AD with Hessian training,16449,9750,13,0.0138366678729653,0.0452096052467823
EquiformerV2 AD with Hessian training,49508,9751,12,0.0086344229057431,0.0601925551891326
EquiformerV2 AD with Hessian training,21347,9752,13,0.0050862561911344,0.0308413300663232
EquiformerV2 AD with Hessian training,16000,9753,17,0.0107299108058214,0.036577183753252
EquiformerV2 AD with Hessian training,23766,9754,13,0.0080568073317408,0.0360639058053493
EquiformerV2 AD with Hessian training,32876,9755,14,0.0446697361767292,0.1105494797229766
EquiformerV2 AD with Hessian training,37418,9756,16,0.0205907821655273,0.0438742712140083
EquiformerV2 AD with Hessian training,26599,9757,13,0.0189105942845344,0.0638928413391113
EquiformerV2 AD with Hessian training,27946,9758,14,0.0136679941788315,0.0606954209506511
EquiformerV2 AD with Hessian training,8845,9759,15,0.0115345614030957,0.0321414172649383
EquiformerV2 AD with Hessian training,32460,9760,9,0.0116950338706374,0.1768907010555267
EquiformerV2 AD with Hessian training,2188,9761,13,0.046388454735279,0.1045778393745422
EquiformerV2 AD with Hessian training,27479,9762,15,0.0024080811999738,0.0218299850821495
EquiformerV2 AD with Hessian training,3621,9763,16,0.0041415435262024,0.0188556089997291
EquiformerV2 AD with Hessian training,5948,9764,16,0.0036785383708775,0.0181305073201656
EquiformerV2 AD with Hessian training,22321,9765,19,0.0070179454050958,0.0315923318266868
EquiformerV2 AD with Hessian training,40047,9766,11,0.044869739562273,0.2811170518398285
EquiformerV2 AD with Hessian training,40675,9767,11,0.0031298552639782,0.0362403467297554
EquiformerV2 AD with Hessian training,28223,9768,14,0.0053089065477252,0.0289244055747985
EquiformerV2 AD with Hessian training,21596,9769,11,0.0164237022399902,0.146166056394577
EquiformerV2 AD with Hessian training,42682,9770,19,0.0047850781120359,0.0169627219438552
EquiformerV2 AD with Hessian training,21081,9771,16,0.0101055558770895,0.0487481541931629
EquiformerV2 AD with Hessian training,39546,9772,13,0.0160308871418237,0.0871055796742439
EquiformerV2 AD with Hessian training,9507,9773,12,0.0204788539558649,0.0911546796560287
EquiformerV2 AD with Hessian training,47484,9774,9,0.0627361461520195,0.2545383274555206
EquiformerV2 AD with Hessian training,50822,9775,13,0.0073269889689981,0.0474146269261837
EquiformerV2 AD with Hessian training,9953,9776,11,0.0046120341867208,0.0464325845241546
EquiformerV2 AD with Hessian training,11459,9777,16,0.0036335899494588,0.0145077835768461
EquiformerV2 AD with Hessian training,46454,9778,12,0.0100477766245603,0.0527353510260582
EquiformerV2 AD with Hessian training,15879,9779,17,0.005498906597495,0.0217563640326261
EquiformerV2 AD with Hessian training,37644,9780,12,0.0032339780591428,0.0265445057302713
EquiformerV2 AD with Hessian training,36078,9781,10,0.0204594228416681,0.2800846397876739
EquiformerV2 AD with Hessian training,23451,9782,18,0.0028653431218117,0.0152699528262019
EquiformerV2 AD with Hessian training,42391,9783,12,0.0119763892143964,0.0568485036492347
EquiformerV2 AD with Hessian training,41424,9784,15,0.0102457124739885,0.0355971120297908
EquiformerV2 AD with Hessian training,4673,9785,18,0.0056960470974445,0.0240601170808076
EquiformerV2 AD with Hessian training,44346,9786,16,0.0168539807200431,0.074076808989048
EquiformerV2 AD with Hessian training,30619,9787,15,0.0031991451978683,0.020025921985507
EquiformerV2 AD with Hessian training,44257,9788,17,0.0387497954070568,0.0815180912613868
EquiformerV2 AD with Hessian training,44768,9789,16,0.0040664314292371,0.0140205854550004
EquiformerV2 AD with Hessian training,2678,9790,10,0.011957655660808,0.0858914628624916
EquiformerV2 AD with Hessian training,19325,9791,8,0.0131718683987855,0.1080335974693298
EquiformerV2 AD with Hessian training,34551,9792,13,0.0045785745605826,0.0297096688300371
EquiformerV2 AD with Hessian training,25385,9793,13,0.005991315934807,0.0289498716592788
EquiformerV2 AD with Hessian training,37481,9794,13,0.0700806379318237,0.1369155645370483
EquiformerV2 AD with Hessian training,11631,9795,15,0.0025491071864962,0.0180982537567615
EquiformerV2 AD with Hessian training,7965,9796,19,0.0064722653478384,0.0238385070115327
EquiformerV2 AD with Hessian training,28077,9797,12,0.0133843617513775,0.0586839392781257
EquiformerV2 AD with Hessian training,48718,9798,16,0.0039043701253831,0.0154785914346575
EquiformerV2 AD with Hessian training,9747,9799,12,0.0121361780911684,0.064687356352806
EquiformerV2 AD with Hessian training,3582,9800,16,0.0159634724259376,0.0525028444826602
EquiformerV2 AD with Hessian training,38204,9801,8,0.0286426078528165,0.1615881472826004
EquiformerV2 AD with Hessian training,11964,9802,14,0.0106739597395062,0.0480030998587608
EquiformerV2 AD with Hessian training,1435,9803,8,0.0424398779869079,0.4222484529018402
EquiformerV2 AD with Hessian training,19689,9804,13,0.0134545378386974,0.0690291225910186
EquiformerV2 AD with Hessian training,34650,9805,11,0.0152964377775788,0.0512053556740284
EquiformerV2 AD with Hessian training,16792,9806,10,0.0145539585500955,0.0509565062820911
EquiformerV2 AD with Hessian training,43325,9807,15,0.0186725612729787,0.0639082714915275
EquiformerV2 AD with Hessian training,32080,9808,8,0.056848369538784,0.4436060488224029
EquiformerV2 AD with Hessian training,49413,9809,13,0.0033454054500907,0.0197562929242849
EquiformerV2 AD with Hessian training,23214,9810,11,0.0189520847052335,0.1613014042377472
EquiformerV2 AD with Hessian training,24643,9811,21,0.0029676032718271,0.0127499746158719
EquiformerV2 AD with Hessian training,15931,9812,17,0.0130654908716678,0.0288347993046045
EquiformerV2 AD with Hessian training,46949,9813,10,0.0407865792512893,0.187810331583023
EquiformerV2 AD with Hessian training,9071,9814,17,0.0061852033250033,0.0199478883296251
EquiformerV2 AD with Hessian training,19733,9815,14,0.0061243772506713,0.0269695669412612
EquiformerV2 AD with Hessian training,49390,9816,17,0.0064303562976419,0.0300514977425336
EquiformerV2 AD with Hessian training,38460,9817,9,0.0042422977276146,0.0429453290998935
EquiformerV2 AD with Hessian training,11792,9818,15,0.0079625602811574,0.0376894511282444
EquiformerV2 AD with Hessian training,12721,9819,14,0.017535263672471,0.0499059930443763
EquiformerV2 AD with Hessian training,35666,9820,15,0.0047157690860331,0.0231231413781642
EquiformerV2 AD with Hessian training,7103,9821,12,0.0120090087875723,0.065054066479206
EquiformerV2 AD with Hessian training,34713,9822,14,0.0035811283160001,0.0194842405617237
EquiformerV2 AD with Hessian training,3784,9823,8,0.0403944924473762,0.3562473654747009
EquiformerV2 AD with Hessian training,34772,9824,11,0.011716203764081,0.0588855296373367
EquiformerV2 AD with Hessian training,26600,9825,13,0.0159652810543775,0.0644936189055442
EquiformerV2 AD with Hessian training,21151,9826,19,0.0073842941783368,0.0253095421940088
EquiformerV2 AD with Hessian training,23347,9827,14,0.0410990379750728,0.1277553886175155
EquiformerV2 AD with Hessian training,35011,9828,10,0.0728819519281387,0.240139439702034
EquiformerV2 AD with Hessian training,22280,9829,15,0.0018363237613812,0.0153814554214477
EquiformerV2 AD with Hessian training,23110,9830,15,0.0104416627436876,0.0357782579958438
EquiformerV2 AD with Hessian training,34264,9831,13,0.0184501521289348,0.0722651332616806
EquiformerV2 AD with Hessian training,4443,9832,18,0.0397855341434478,0.0653180629014968
EquiformerV2 AD with Hessian training,42378,9833,18,0.0048262886703014,0.0212408881634473
EquiformerV2 AD with Hessian training,13250,9834,10,0.0347889736294746,0.119276262819767
EquiformerV2 AD with Hessian training,31876,9835,15,0.0087736081331968,0.0360032394528389
EquiformerV2 AD with Hessian training,10972,9836,5,0.0318283848464489,0.9366188645362854
EquiformerV2 AD with Hessian training,50603,9837,15,0.0705268159508705,0.1473364531993866
EquiformerV2 AD with Hessian training,24716,9838,13,0.0078896647319197,0.0481147728860378
EquiformerV2 AD with Hessian training,47221,9839,9,0.0063233752734959,0.0560051128268241
EquiformerV2 AD with Hessian training,45021,9840,10,0.018363369628787,0.3092126548290252
EquiformerV2 AD with Hessian training,16883,9841,15,0.0062313470989465,0.0271920319646596
EquiformerV2 AD with Hessian training,12881,9842,13,0.0137625001370906,0.056947749108076
EquiformerV2 AD with Hessian training,19694,9843,11,0.010712107643485,0.0738655403256416
EquiformerV2 AD with Hessian training,45907,9844,10,0.0237937495112419,0.1366352587938308
EquiformerV2 AD with Hessian training,16598,9845,14,0.0031757727265357,0.0282374620437622
EquiformerV2 AD with Hessian training,48324,9846,19,0.0063620680011808,0.0237608421593904
EquiformerV2 AD with Hessian training,43932,9847,11,0.0035814892034977,0.0173547361046075
EquiformerV2 AD with Hessian training,50384,9848,15,0.0041984552517533,0.0237825792282819
EquiformerV2 AD with Hessian training,41238,9849,10,0.0358522236347198,0.1916711777448654
EquiformerV2 AD with Hessian training,35296,9850,14,0.0070661380887031,0.0414926297962665
EquiformerV2 AD with Hessian training,2869,9851,15,0.004980131983757,0.0246058255434036
EquiformerV2 AD with Hessian training,985,9852,12,0.0062587684951722,0.0320268385112285
EquiformerV2 AD with Hessian training,42620,9853,12,0.0224631372839212,0.0868859961628913
EquiformerV2 AD with Hessian training,10064,9854,12,0.0451856441795825,0.1189757212996482
EquiformerV2 AD with Hessian training,39289,9855,18,0.0158294960856437,0.050902709364891
EquiformerV2 AD with Hessian training,43722,9856,13,0.0217044744640588,0.0625220015645027
EquiformerV2 AD with Hessian training,12066,9857,11,0.0136730186641216,0.0716573223471641
EquiformerV2 AD with Hessian training,42829,9858,13,0.0332881137728691,0.0902228578925132
EquiformerV2 AD with Hessian training,42218,9859,16,0.0023379777558147,0.0125711178407073
EquiformerV2 AD with Hessian training,30212,9860,17,0.0038551245816051,0.0164432171732187
EquiformerV2 AD with Hessian training,32033,9861,13,0.0056666997261345,0.0346048548817634
EquiformerV2 AD with Hessian training,48597,9862,12,0.0242052972316741,0.094158798456192
EquiformerV2 AD with Hessian training,31468,9863,14,0.0044978153891861,0.0235152598470449
EquiformerV2 AD with Hessian training,38339,9864,15,0.0045503759756684,0.0247211307287216
EquiformerV2 AD with Hessian training,11363,9865,15,0.0158925466239452,0.0529223382472991
EquiformerV2 AD with Hessian training,37257,9866,13,0.0079521657899022,0.0477571859955787
EquiformerV2 AD with Hessian training,2003,9867,10,0.0202945116907358,0.1895053833723068
EquiformerV2 AD with Hessian training,27008,9868,12,0.0121264411136507,0.0499985367059707
EquiformerV2 AD with Hessian training,2189,9869,15,0.0180407334119081,0.0505029521882534
EquiformerV2 AD with Hessian training,32903,9870,16,0.002871144330129,0.0236799679696559
EquiformerV2 AD with Hessian training,11256,9871,14,0.003105969633907,0.0171059109270572
EquiformerV2 AD with Hessian training,15469,9872,15,0.0252519659698009,0.0816154405474662
EquiformerV2 AD with Hessian training,8156,9873,19,0.0037963087670505,0.0121490247547626
EquiformerV2 AD with Hessian training,40394,9874,15,0.0047378181479871,0.0311110466718673
EquiformerV2 AD with Hessian training,44973,9875,12,0.022734148427844,0.0874645486474037
EquiformerV2 AD with Hessian training,9343,9876,14,0.0193542167544364,0.0738860145211219
EquiformerV2 AD with Hessian training,11707,9877,14,0.009976290166378,0.0596474632620811
EquiformerV2 AD with Hessian training,35964,9878,8,0.0352912917733192,0.1747314929962158
EquiformerV2 AD with Hessian training,38407,9879,11,0.0337270610034465,0.1208028644323349
EquiformerV2 AD with Hessian training,6013,9880,13,0.0065078814513981,0.0525628291070461
EquiformerV2 AD with Hessian training,44586,9881,18,0.033658929169178,0.0486599653959274
EquiformerV2 AD with Hessian training,47810,9882,12,0.0162793342024087,0.0584493204951286
EquiformerV2 AD with Hessian training,15523,9883,18,0.0042952932417392,0.0164052993059158
EquiformerV2 AD with Hessian training,39122,9884,14,0.0203295145183801,0.089090809226036
EquiformerV2 AD with Hessian training,48739,9885,14,0.0158731266856193,0.0530455447733402
EquiformerV2 AD with Hessian training,48534,9886,13,0.015689818188548,0.0763740241527557
EquiformerV2 AD with Hessian training,45258,9887,14,0.070870891213417,0.0925028547644615
EquiformerV2 AD with Hessian training,20667,9888,9,0.0166182238608598,0.0919170603156089
EquiformerV2 AD with Hessian training,22210,9889,17,0.0136485919356346,0.0270662549883127
EquiformerV2 AD with Hessian training,36606,9890,10,0.0227704923599958,0.2016373425722122
EquiformerV2 AD with Hessian training,29098,9891,12,0.0312674343585968,0.1829602271318435
EquiformerV2 AD with Hessian training,879,9892,14,0.0153151554986834,0.0502686500549316
EquiformerV2 AD with Hessian training,36243,9893,14,0.0080647496506571,0.0361924953758716
EquiformerV2 AD with Hessian training,20035,9894,13,0.0058658849447965,0.1086739152669906
EquiformerV2 AD with Hessian training,7946,9895,8,0.0401502549648284,0.5296419262886047
EquiformerV2 AD with Hessian training,22675,9896,14,0.0073852208442986,0.1590335369110107
EquiformerV2 AD with Hessian training,37623,9897,14,0.0186789520084857,0.0579298958182334
EquiformerV2 AD with Hessian training,15064,9898,10,0.025104958564043,0.1165062561631202
EquiformerV2 AD with Hessian training,8110,9899,14,0.0022527370601892,0.0163254905492067
EquiformerV2 AD with Hessian training,31721,9900,13,0.0067785009741783,0.0330910272896289
EquiformerV2 AD with Hessian training,19898,9901,16,0.0103811994194984,0.0361574701964855
EquiformerV2 AD with Hessian training,39664,9902,16,0.0043871207162737,0.0254638325423002
EquiformerV2 AD with Hessian training,32931,9903,18,0.0023825215175747,0.00954772811383
EquiformerV2 AD with Hessian training,24953,9904,15,0.020258916541934,0.0544871501624584
EquiformerV2 AD with Hessian training,38151,9905,15,0.004137166775763,0.0199296548962593
EquiformerV2 AD with Hessian training,3568,9906,13,0.0112708872184157,0.0952622964978218
EquiformerV2 AD with Hessian training,35711,9907,13,0.0131856249645352,0.0705137252807617
EquiformerV2 AD with Hessian training,24093,9908,9,0.0059934291057288,0.0468917228281497
EquiformerV2 AD with Hessian training,32081,9909,17,0.0251449346542358,0.0664628595113754
EquiformerV2 AD with Hessian training,24706,9910,14,0.0126201091334223,0.0433791801333427
EquiformerV2 AD with Hessian training,27054,9911,11,0.1624373793601989,0.3127512037754059
EquiformerV2 AD with Hessian training,47855,9912,12,0.0042112614028155,0.0300970673561096
EquiformerV2 AD with Hessian training,8332,9913,10,0.0223128926008939,0.3851721286773681
EquiformerV2 AD with Hessian training,31661,9914,13,0.0062006306834518,0.0442608930170536
EquiformerV2 AD with Hessian training,36462,9915,17,0.0117819532752037,0.0339761897921562
EquiformerV2 AD with Hessian training,43339,9916,12,0.0084731420502066,0.0517983436584472
EquiformerV2 AD with Hessian training,35395,9917,11,0.0112452721223235,0.0593126863241195
EquiformerV2 AD with Hessian training,5130,9918,17,0.0509364008903503,0.0948286727070808
EquiformerV2 AD with Hessian training,37896,9919,14,0.0036376162897795,0.043626133352518
EquiformerV2 AD with Hessian training,38786,9920,12,0.0165909901261329,0.0650622993707656
EquiformerV2 AD with Hessian training,16649,9921,16,0.0044248285703361,0.0483881309628486
EquiformerV2 AD with Hessian training,7943,9922,9,0.0061323042027652,0.0475110970437526
EquiformerV2 AD with Hessian training,19656,9923,11,0.018016705289483,0.2995629608631134
EquiformerV2 AD with Hessian training,9335,9924,10,0.010079494677484,0.0857138782739639
EquiformerV2 AD with Hessian training,22319,9925,19,0.0052352552302181,0.0146169839426875
EquiformerV2 AD with Hessian training,46185,9926,11,0.0142002245411276,0.2143598347902298
EquiformerV2 AD with Hessian training,19691,9927,12,0.0184747315943241,0.0959415808320045
EquiformerV2 AD with Hessian training,8461,9928,8,0.0312935560941696,0.23230841755867
EquiformerV2 AD with Hessian training,22096,9929,13,0.0044228956103324,0.0296914782375097
EquiformerV2 AD with Hessian training,10236,9930,15,0.0133261680603027,0.0516146719455719
EquiformerV2 AD with Hessian training,45001,9931,16,0.0492905378341674,0.0798143446445465
EquiformerV2 AD with Hessian training,4413,9932,15,0.0191231444478034,0.0585195831954479
EquiformerV2 AD with Hessian training,31815,9933,13,0.0035448805429041,0.0866763666272163
EquiformerV2 AD with Hessian training,48452,9934,15,0.0039322450757026,0.0225819926708936
EquiformerV2 AD with Hessian training,11352,9935,13,0.0055808029137551,0.0329835526645183
EquiformerV2 AD with Hessian training,2973,9936,15,0.015078947879374,0.0444084852933883
EquiformerV2 AD with Hessian training,48298,9937,15,0.0066105094738304,0.0327567793428897
EquiformerV2 AD with Hessian training,2225,9938,15,0.0066129136830568,0.0284803938120603
EquiformerV2 AD with Hessian training,13883,9939,13,0.007840315811336,0.0490788295865058
EquiformerV2 AD with Hessian training,13441,9940,12,0.0174242388457059,0.0614263862371444
EquiformerV2 AD with Hessian training,23327,9941,10,0.0229595880955457,0.1942973136901855
EquiformerV2 AD with Hessian training,48629,9942,11,0.0076453243382275,0.0456893742084503
EquiformerV2 AD with Hessian training,19895,9943,14,0.0185102727264165,0.0669871419668197
EquiformerV2 AD with Hessian training,17283,9944,12,0.0192126967012882,0.0691405534744262
EquiformerV2 AD with Hessian training,14734,9945,12,0.0043834038078784,0.0504782758653163
EquiformerV2 AD with Hessian training,50784,9946,15,0.0048483591526746,0.0192404855042696
EquiformerV2 AD with Hessian training,576,9947,17,0.0045334636233747,0.0171644985675811
EquiformerV2 AD with Hessian training,35443,9948,13,0.0058340509422123,0.0907104238867759
EquiformerV2 AD with Hessian training,4542,9949,16,0.0140502545982599,0.0419367291033268
EquiformerV2 AD with Hessian training,20811,9950,17,0.0025336486287415,0.016419818624854
EquiformerV2 AD with Hessian training,8474,9951,10,0.0075300359167158,0.0776093006134033
EquiformerV2 AD with Hessian training,17425,9952,12,0.0747452601790428,0.1331019848585128
EquiformerV2 AD with Hessian training,5737,9953,18,0.031209172680974,0.0570175722241401
EquiformerV2 AD with Hessian training,32335,9954,16,0.0150144090875983,0.0463298745453357
EquiformerV2 AD with Hessian training,9316,9955,14,0.0135072814300656,0.0426416918635368
EquiformerV2 AD with Hessian training,13983,9956,14,0.0031768407206982,0.0169862508773803
EquiformerV2 AD with Hessian training,31077,9957,16,0.0023487007711082,0.0171211659908294
EquiformerV2 AD with Hessian training,38207,9958,11,0.0417642444372177,0.1854896992444992
EquiformerV2 AD with Hessian training,14720,9959,12,0.025105046108365,0.0931757688522338
EquiformerV2 AD with Hessian training,15272,9960,13,0.0120662897825241,0.0596896298229694
EquiformerV2 AD with Hessian training,36384,9961,16,0.0039677275344729,0.0267927981913089
EquiformerV2 AD with Hessian training,14558,9962,12,0.042289026081562,0.1637065112590789
EquiformerV2 AD with Hessian training,29993,9963,12,0.0159914586693048,0.093213751912117
EquiformerV2 AD with Hessian training,21458,9964,13,0.0412212572991848,0.1142159327864646
EquiformerV2 AD with Hessian training,23658,9965,11,0.0116518959403038,0.0538919530808925
EquiformerV2 AD with Hessian training,120,9966,16,0.0043231956660747,0.0235379561781883
EquiformerV2 AD with Hessian training,27036,9967,10,0.0075604980811476,0.2456536591053009
EquiformerV2 AD with Hessian training,34151,9968,8,0.0408384129405021,0.5165461301803589
EquiformerV2 AD with Hessian training,30921,9969,16,0.0037014856934547,0.0127270054072141
EquiformerV2 AD with Hessian training,16173,9970,14,0.0374429561197757,0.0859797969460487
EquiformerV2 AD with Hessian training,4131,9971,12,0.0168945025652647,0.0802961587905883
EquiformerV2 AD with Hessian training,47790,9972,12,0.0221578553318977,0.075925625860691
EquiformerV2 AD with Hessian training,38831,9973,15,0.0266036596149206,0.0528628043830394
EquiformerV2 AD with Hessian training,31406,9974,19,0.0029826408717781,0.0111343981698155
EquiformerV2 AD with Hessian training,46167,9975,16,0.0058248317800462,0.0242738854140043
EquiformerV2 AD with Hessian training,42399,9976,17,0.0133908344432711,0.0354640781879425
EquiformerV2 AD with Hessian training,23730,9977,17,0.016520794481039,0.0493010468780994
EquiformerV2 AD with Hessian training,7457,9978,16,0.0067265359684824,0.0207420885562896
EquiformerV2 AD with Hessian training,34139,9979,16,0.0028518345206975,0.0225659608840942
EquiformerV2 AD with Hessian training,29183,9980,14,0.0153510775417089,0.0839494317770004
EquiformerV2 AD with Hessian training,14823,9981,18,0.002934515941888,0.0091869803145527
EquiformerV2 AD with Hessian training,38985,9982,16,0.0142748905345797,0.0408672839403152
EquiformerV2 AD with Hessian training,46383,9983,12,0.0325691886246204,0.090124174952507
EquiformerV2 AD with Hessian training,2290,9984,15,0.0076778824441134,0.0350388810038566
EquiformerV2 AD with Hessian training,29873,9985,10,0.0810455530881881,0.3473396301269531
EquiformerV2 AD with Hessian training,17634,9986,15,0.0122251948341727,0.0703354775905609
EquiformerV2 AD with Hessian training,47664,9987,21,0.0037365809548646,0.0127507159486413
EquiformerV2 AD with Hessian training,8462,9988,16,0.00723692541942,0.0238052550703287
EquiformerV2 AD with Hessian training,44883,9989,14,0.0051223705522716,0.0330387540161609
EquiformerV2 AD with Hessian training,13227,9990,15,0.0217341464012861,0.0487889051437377
EquiformerV2 AD with Hessian training,3514,9991,14,0.0075273704715073,0.0319422595202922
EquiformerV2 AD with Hessian training,14097,9992,21,0.0077402512542903,0.018799602985382
EquiformerV2 AD with Hessian training,15529,9993,18,0.0181238297373056,0.051334198564291
EquiformerV2 AD with Hessian training,25595,9994,21,0.0078122694976627,0.0183605961501598
EquiformerV2 AD with Hessian training,20113,9995,17,0.0041836453601717,0.0147571405395865
EquiformerV2 AD with Hessian training,35926,9996,12,0.0034602105151861,0.0461420491337776
EquiformerV2 AD with Hessian training,7997,9997,13,0.0053224815055727,0.0309670120477676
EquiformerV2 AD with Hessian training,32425,9998,12,0.0071581099182367,0.0611453428864479
EquiformerV2 AD with Hessian training,25394,9999,14,0.0058327852748334,0.02920463681221
